Date,Adj Close,Close,High,Low,Open,Volume
2021-08-02,60.28899383544922,75.3499984741211,75.7300033569336,74.83000183105469,75.0,2779700
2021-08-03,60.40901184082031,75.5,76.37000274658203,75.12999725341797,75.52999877929688,2697300
2021-08-04,60.385013580322266,75.47000122070312,75.5199966430664,74.44000244140625,75.0,2835300
2021-08-05,60.87308120727539,76.08000183105469,76.13999938964844,75.12999725341797,75.6500015258789,2519800
2021-08-06,60.80907440185547,76.0,76.37999725341797,75.61000061035156,76.0,2974700
2021-08-09,60.80907440185547,76.0,76.19999694824219,75.33000183105469,75.98999786376953,3031400
2021-08-10,61.1611213684082,76.44000244140625,76.87999725341797,75.70999908447266,76.05000305175781,3931900
2021-08-11,61.55317306518555,76.93000030517578,77.11000061035156,76.13999938964844,76.23999786376953,3919100
2021-08-12,61.897247314453125,77.36000061035156,77.51000213623047,76.76000213623047,76.81999969482422,2914700
2021-08-13,62.17728805541992,77.70999908447266,77.94999694824219,77.0999984741211,77.47000122070312,2552900
2021-08-16,62.77734375,78.45999908447266,78.83999633789062,77.69999694824219,77.93000030517578,3083100
2021-08-17,62.905372619628906,78.62000274658203,78.80999755859375,77.83999633789062,78.45999908447266,2245100
2021-08-18,62.393310546875,77.9800033569336,78.7300033569336,77.55999755859375,78.62000274658203,2903900
2021-08-19,63.25742721557617,79.05999755859375,79.30999755859375,77.87999725341797,78.25,4125700
2021-08-20,64.04956817626953,80.05000305175781,80.0999984741211,78.69000244140625,79.23999786376953,3742900
2021-08-23,63.19342041015625,78.9800033569336,79.91999816894531,78.9000015258789,79.88999938964844,4145300
2021-08-24,62.841373443603516,78.54000091552734,79.05000305175781,78.36000061035156,78.98999786376953,2860800
2021-08-25,62.85737991333008,78.55999755859375,78.70999908447266,78.01000213623047,78.3499984741211,2622100
2021-08-26,62.76935577392578,78.44999694824219,78.58999633789062,77.80000305175781,78.36000061035156,2170100
2021-08-27,62.561317443847656,78.19000244140625,78.72000122070312,78.0199966430664,78.55999755859375,3143600
2021-08-30,62.64933395385742,78.30000305175781,78.61000061035156,77.88999938964844,78.19000244140625,2147100
2021-08-31,62.281280517578125,77.83999633789062,78.4800033569336,77.44000244140625,77.87999725341797,4361300
2021-09-01,63.19342041015625,78.9800033569336,79.0999984741211,77.81999969482422,77.91000366210938,3128800
2021-09-02,63.62897491455078,78.88999938964844,79.01000213623047,78.4800033569336,78.4800033569336,2073300
2021-09-03,63.21760940551758,78.37999725341797,79.6500015258789,78.16999816894531,78.9000015258789,2134300
2021-09-07,61.717430114746094,76.5199966430664,78.12999725341797,76.45999908447266,78.0999984741211,3647500
2021-09-08,62.78207015991211,77.83999633789062,78.12000274658203,76.12000274658203,76.4000015258789,3233300
2021-09-09,63.28215789794922,78.45999908447266,78.91000366210938,77.38999938964844,77.58000183105469,4458400
2021-09-10,62.34654235839844,77.30000305175781,78.41000366210938,77.02999877929688,78.41000366210938,3323100
2021-09-13,61.73357391357422,76.54000091552734,77.80999755859375,76.3499984741211,77.80999755859375,3133300
2021-09-14,61.419010162353516,76.1500015258789,77.0199966430664,75.9000015258789,76.70999908447266,3191800
2021-09-15,60.93507385253906,75.55000305175781,76.44999694824219,75.51000213623047,75.95999908447266,3028600
2021-09-16,60.43501663208008,74.93000030517578,75.88999938964844,74.5999984741211,75.5,3522200
2021-09-17,59.781700134277344,74.12000274658203,75.22000122070312,74.08000183105469,74.75,7592800
2021-09-20,60.168846130371094,74.5999984741211,75.43000030517578,73.80999755859375,74.11000061035156,4545900
2021-09-21,60.09626007080078,74.51000213623047,75.33999633789062,74.16999816894531,74.61000061035156,3216700
2021-09-22,60.36241912841797,74.83999633789062,75.0999984741211,74.01000213623047,74.55000305175781,3363200
2021-09-23,59.89461135864258,74.26000213623047,75.37000274658203,74.11000061035156,75.0,4030700
2021-09-24,60.15271759033203,74.58000183105469,75.01000213623047,74.16999816894531,74.4000015258789,3087500
2021-09-27,59.53166961669922,73.80999755859375,75.41000366210938,73.70999908447266,74.7300033569336,2901900
2021-09-28,58.99127960205078,73.13999938964844,73.87000274658203,72.81999969482422,73.70999908447266,3233500
2021-09-29,59.96720886230469,74.3499984741211,74.81999969482422,73.05000305175781,73.19999694824219,2614800
2021-09-30,58.894508361816406,73.0199966430664,74.6500015258789,72.94000244140625,74.58999633789062,4305000
2021-10-01,58.30570983886719,72.29000091552734,73.58000183105469,72.16999816894531,73.56999969482422,3803300
2021-10-04,59.160675048828125,73.3499984741211,73.55999755859375,72.20999908447266,72.66000366210938,4042400
2021-10-05,58.7009162902832,72.77999877929688,74.20999908447266,72.75,73.27999877929688,4861300
2021-10-06,59.82203674316406,74.16999816894531,74.19000244140625,72.31999969482422,72.7300033569336,3602900
2021-10-07,59.563934326171875,73.8499984741211,75.05000305175781,73.80000305175781,74.11000061035156,3015500
2021-10-08,58.63639450073242,72.69999694824219,74.01000213623047,72.6500015258789,73.66000366210938,2960000
2021-10-11,58.168609619140625,72.12000274658203,72.7699966430664,71.8499984741211,72.5199966430664,2782000
2021-10-12,58.49122619628906,72.5199966430664,72.87000274658203,72.01000213623047,72.08999633789062,2200100
2021-10-13,59.176795959472656,73.37000274658203,73.43000030517578,72.18000030517578,72.5199966430664,3123000
2021-10-14,59.40263748168945,73.6500015258789,74.3499984741211,73.20999908447266,73.5,3112800
2021-10-15,58.95901107788086,73.0999984741211,73.8499984741211,72.9000015258789,73.83000183105469,2719200
2021-10-18,58.039554595947266,71.95999908447266,72.6500015258789,71.69000244140625,72.44000244140625,2981600
2021-10-19,60.668907165527344,75.22000122070312,75.44000244140625,73.2300033569336,73.55999755859375,5127800
2021-10-20,61.773895263671875,76.58999633789062,76.86000061035156,75.37999725341797,75.45999908447266,3394500
2021-10-21,62.338478088378906,77.29000091552734,77.80999755859375,76.66000366210938,76.7699966430664,3777500
2021-10-22,62.338478088378906,77.29000091552734,77.75,77.0,77.54000091552734,2150600
2021-10-25,61.701297760009766,76.5,77.26000213623047,76.44999694824219,77.0,2253300
2021-10-26,61.773895263671875,76.58999633789062,77.31999969482422,76.23999786376953,76.45999908447266,2477600
2021-10-27,61.28995895385742,75.98999786376953,77.02999877929688,75.95999908447266,76.7699966430664,2406900
2021-10-28,61.57223892211914,76.33999633789062,76.54000091552734,75.87999725341797,76.04000091552734,2453100
2021-10-29,61.24156188964844,75.93000030517578,76.73999786376953,75.66999816894531,76.2300033569336,3050400
2021-11-01,60.82216262817383,75.41000366210938,75.93000030517578,75.22000122070312,75.93000030517578,2390100
2021-11-02,60.88666915893555,75.48999786376953,77.0,74.80999755859375,75.61000061035156,2722700
2021-11-03,60.87861251831055,75.4800033569336,75.91999816894531,74.77999877929688,75.33000183105469,2326100
2021-11-04,60.84635543823242,75.44000244140625,75.83000183105469,74.58000183105469,75.37000274658203,3459300
2021-11-05,61.72551345825195,76.52999877929688,76.66999816894531,75.5,75.88999938964844,2588500
2021-11-08,60.15271759033203,74.58000183105469,76.43000030517578,73.37999725341797,76.38999938964844,4094100
2021-11-09,60.15271759033203,74.58000183105469,75.2699966430664,74.13999938964844,74.38999938964844,3425500
2021-11-10,61.03993225097656,75.68000030517578,75.72000122070312,74.8499984741211,74.93000030517578,2825400
2021-11-11,60.54792785644531,75.06999969482422,75.63999938964844,74.79000091552734,75.44999694824219,2780300
2021-11-12,60.28177261352539,74.73999786376953,75.37999725341797,74.70999908447266,75.23999786376953,3213700
2021-11-15,61.20124053955078,75.87999725341797,75.9000015258789,74.55000305175781,74.94999694824219,3156100
2021-11-16,60.82216262817383,75.41000366210938,76.31999969482422,75.30000305175781,75.94999694824219,3825000
2021-11-17,60.77376174926758,75.3499984741211,75.51000213623047,74.54000091552734,75.12000274658203,3046300
2021-11-18,60.64472198486328,75.19000244140625,75.69000244140625,74.91000366210938,75.38999938964844,3325500
2021-11-19,59.83816146850586,74.19000244140625,75.41000366210938,74.13999938964844,75.41000366210938,5532000
2021-11-22,59.717185974121094,74.04000091552734,74.41999816894531,73.44999694824219,73.9800033569336,4119100
2021-11-23,60.346290588378906,74.81999969482422,75.30000305175781,73.86000061035156,74.19000244140625,2482100
2021-11-24,60.41081237792969,74.9000015258789,75.06999969482422,74.30000305175781,74.86000061035156,2374700
2021-11-26,59.41875076293945,73.66999816894531,74.93000030517578,73.55000305175781,74.58999633789062,2021100
2021-11-29,60.02366638183594,74.41999816894531,74.70999908447266,73.55000305175781,74.2699966430664,4182700
2021-11-30,57.42656707763672,71.19999694824219,74.0,71.1500015258789,74.0,6593600
2021-12-01,57.14427947998047,70.8499984741211,72.83000183105469,70.81999969482422,71.56999969482422,4009800
2021-12-02,58.46261215209961,71.83999633789062,72.5,70.37000274658203,70.37000274658203,4081000
2021-12-03,59.43915939331055,73.04000091552734,73.0999984741211,71.26000213623047,72.18000030517578,3673200
2021-12-06,60.4564094543457,74.29000091552734,75.1500015258789,73.19999694824219,73.38999938964844,4774900
2021-12-07,61.40852737426758,75.45999908447266,75.56999969482422,74.18000030517578,74.4000015258789,5676400
2021-12-08,61.13996887207031,75.12999725341797,75.94000244140625,74.80999755859375,75.45999908447266,3491100
2021-12-09,62.002593994140625,76.19000244140625,76.73999786376953,74.8499984741211,75.27999877929688,5358500
2021-12-10,61.815406799316406,75.95999908447266,76.62999725341797,75.73999786376953,76.31999969482422,3111600
2021-12-13,62.45832443237305,76.75,77.22000122070312,75.54000091552734,75.86000061035156,2629500
2021-12-14,62.33625411987305,76.5999984741211,77.08000183105469,76.16000366210938,76.73999786376953,3261900
2021-12-15,63.638309478759766,78.19999694824219,78.2699966430664,76.54000091552734,76.91999816894531,3235400
2021-12-16,63.93941879272461,78.56999969482422,79.29000091552734,77.97000122070312,78.0,3252600
2021-12-17,62.36066818237305,76.62999725341797,79.16000366210938,76.52999877929688,78.51000213623047,6600600
2021-12-20,63.442989349365234,77.95999908447266,78.04000091552734,75.8499984741211,75.98999786376953,4520300
2021-12-21,62.77570343017578,77.13999938964844,78.58000183105469,76.80000305175781,78.29000091552734,2395300
2021-12-22,62.78383255004883,77.1500015258789,77.44000244140625,76.5,76.81999969482422,1717300
2021-12-23,62.93844985961914,77.33999633789062,77.76000213623047,77.01000213623047,77.25,1851000
2021-12-27,63.011714935302734,77.43000030517578,77.58999633789062,77.0199966430664,77.45999908447266,1430700
2021-12-28,63.4023323059082,77.91000366210938,78.0199966430664,77.43000030517578,77.43000030517578,1236100
2021-12-29,63.81733703613281,78.41999816894531,78.54000091552734,77.8499984741211,78.0,1517900
2021-12-30,63.8580322265625,78.47000122070312,78.68000030517578,77.9800033569336,78.56999969482422,1752300
2021-12-31,63.93128204345703,78.55999755859375,78.81999969482422,77.9800033569336,78.3499984741211,1975500
2022-01-03,63.760379791259766,78.3499984741211,78.66000366210938,77.3499984741211,78.66000366210938,2348700
2022-01-04,63.556941986083984,78.0999984741211,79.05000305175781,78.04000091552734,78.37999725341797,2872800
2022-01-05,64.46024322509766,79.20999908447266,80.16999816894531,78.41999816894531,78.98999786376953,3971500
2022-01-06,64.33818054199219,79.05999755859375,80.45999908447266,78.93000030517578,79.16999816894531,3460700
2022-01-07,65.27403259277344,80.20999908447266,80.58999633789062,78.30000305175781,78.76000213623047,2762500
2022-01-10,64.96479034423828,79.83000183105469,80.72000122070312,79.5,80.55000305175781,3073300
2022-01-11,64.39513397216797,79.12999725341797,80.18000030517578,78.55000305175781,80.0,2921200
2022-01-12,64.54975891113281,79.31999969482422,79.66000366210938,78.54000091552734,78.86000061035156,2344000
2022-01-13,64.8996810913086,79.75,79.7699966430664,78.43000030517578,78.54000091552734,3052900
2022-01-14,64.42767333984375,79.16999816894531,79.91000366210938,78.83000183105469,79.75,2580600
2022-01-18,63.849891662597656,78.45999908447266,78.80000305175781,77.6500015258789,78.69000244140625,2722700
2022-01-19,64.31377410888672,79.02999877929688,79.69000244140625,78.16000366210938,78.36000061035156,3681700
2022-01-20,64.36257934570312,79.08999633789062,80.3499984741211,78.91000366210938,78.91999816894531,2982200
2022-01-21,64.5416259765625,79.30999755859375,80.44000244140625,78.9800033569336,79.83999633789062,3831300
2022-01-24,63.86618423461914,78.4800033569336,79.5999984741211,76.83999633789062,79.0999984741211,4992600
2022-01-25,63.45928192138672,77.9800033569336,78.58999633789062,77.20999908447266,77.51000213623047,3195100
2022-01-26,63.03610610961914,77.45999908447266,78.72000122070312,76.87999725341797,77.75,3538100
2022-01-27,63.64643478393555,78.20999908447266,79.2699966430664,77.7300033569336,78.2300033569336,3137600
2022-01-28,64.66368865966797,79.45999908447266,79.5,77.4000015258789,78.08000183105469,2686000
2022-01-31,65.64025115966797,80.66000366210938,81.05999755859375,77.9000015258789,78.6500015258789,5568100
2022-02-01,65.12754821777344,80.02999877929688,80.87000274658203,79.37999725341797,80.47000122070312,3626300
2022-02-02,66.17733001708984,81.31999969482422,81.4800033569336,79.52999877929688,79.97000122070312,3496200
2022-02-03,65.92505645751953,81.01000213623047,81.66999816894531,80.69000244140625,81.25,2371100
2022-02-04,65.24961853027344,80.18000030517578,80.94999694824219,79.41000366210938,80.31999969482422,2404700
2022-02-07,65.2414779663086,80.16999816894531,80.5999984741211,79.5199966430664,80.12000274658203,2227700
2022-02-08,65.3716812133789,80.33000183105469,80.81999969482422,80.13999938964844,80.61000061035156,1971900
2022-02-09,65.36354064941406,80.31999969482422,80.94000244140625,79.94999694824219,80.77999877929688,2219300
2022-02-10,63.67900466918945,78.25,79.80000305175781,78.0,79.41000366210938,3727700
2022-02-11,64.35444641113281,79.08000183105469,79.5199966430664,78.19999694824219,78.58999633789062,3108900
2022-02-14,64.08589935302734,78.75,79.44999694824219,77.83999633789062,79.37999725341797,3595100
2022-02-15,63.6138916015625,78.16999816894531,79.58000183105469,77.80999755859375,79.23999786376953,2428800
2022-02-16,64.02079010009766,78.66999816894531,78.98999786376953,77.7300033569336,78.12999725341797,2518900
2022-02-17,64.40327453613281,79.13999938964844,79.38999938964844,77.83000183105469,78.69000244140625,2843300
2022-02-18,64.41142272949219,79.1500015258789,79.77999877929688,78.44000244140625,78.80999755859375,3557500
2022-02-22,64.59044647216797,79.37000274658203,80.25,78.66999816894531,79.63999938964844,3478400
2022-02-23,63.18258285522461,77.63999938964844,79.79000091552734,77.54000091552734,79.45999908447266,2623500
2022-02-24,62.791996002197266,77.16000366210938,77.83000183105469,75.79000091552734,77.5199966430664,4151300
2022-02-25,64.85086822509766,79.69000244140625,79.83999633789062,77.9800033569336,78.20999908447266,4573500
2022-02-28,64.72064971923828,79.52999877929688,79.86000061035156,78.73999786376953,79.12999725341797,4773200
2022-03-01,64.52533721923828,79.29000091552734,80.30999755859375,78.41000366210938,79.23999786376953,2857000
2022-03-02,65.23334503173828,80.16000366210938,80.63999938964844,79.30000305175781,79.4000015258789,2605600
2022-03-03,66.24107360839844,80.72000122070312,81.20999908447266,79.62999725341797,79.62999725341797,3608100
2022-03-04,67.86589813232422,82.69999694824219,82.73999786376953,80.01000213623047,80.41000366210938,3630200
2022-03-07,68.39933013916016,83.3499984741211,83.68000030517578,81.9800033569336,82.75,4188000
2022-03-08,66.9303970336914,81.55999755859375,84.12999725341797,81.55000305175781,83.5,2993200
2022-03-09,66.4708251953125,81.0,82.33999633789062,80.77999877929688,82.2300033569336,2768700
2022-03-10,67.46379852294922,82.20999908447266,82.33999633789062,80.30999755859375,80.86000061035156,2518800
2022-03-11,67.50482940673828,82.26000213623047,82.87000274658203,81.80000305175781,82.05000305175781,2462400
2022-03-14,66.73343658447266,81.31999969482422,83.2300033569336,80.72000122070312,82.66000366210938,3121100
2022-03-15,66.48725128173828,81.0199966430664,82.11000061035156,80.52999877929688,82.0,5470200
2022-03-16,66.27388763427734,80.76000213623047,81.25,78.58000183105469,80.91999816894531,4869000
2022-03-17,67.85770416259766,82.69000244140625,83.27999877929688,80.83999633789062,81.05000305175781,5911800
2022-03-18,66.6924057006836,81.2699966430664,83.19999694824219,80.98999786376953,82.68000030517578,7643200
2022-03-21,67.15196990966797,81.83000183105469,82.62999725341797,81.41000366210938,81.58999633789062,2681400
2022-03-22,67.01246643066406,81.66000366210938,82.5,81.02999877929688,82.13999938964844,2196900
2022-03-23,66.98783874511719,81.62999725341797,82.30999755859375,80.91999816894531,81.76000213623047,2449600
2022-03-24,67.53765869140625,82.30000305175781,82.7699966430664,81.41999816894531,81.70999908447266,2215100
2022-03-25,68.9081039428711,83.97000122070312,84.08999633789062,82.33999633789062,83.0,2730800
2022-03-28,69.12966918945312,84.23999786376953,84.36000061035156,83.27999877929688,83.9800033569336,1633900
2022-03-29,69.6630859375,84.88999938964844,84.9000015258789,83.62000274658203,84.30000305175781,2673100
2022-03-30,70.1062240600586,85.43000030517578,85.43000030517578,84.51000213623047,84.98999786376953,1942000
2022-03-31,69.7287368774414,84.97000122070312,85.69000244140625,84.69999694824219,85.19000244140625,3618600
2022-04-01,70.84479522705078,86.33000183105469,86.4000015258789,83.93000030517578,84.9000015258789,2736500
2022-04-04,70.04056549072266,85.3499984741211,85.83999633789062,84.4800033569336,85.77999877929688,1819000
2022-04-05,70.6478271484375,86.08999633789062,86.94000244140625,85.12999725341797,85.47000122070312,3303100
2022-04-06,72.08393096923828,87.83999633789062,88.05999755859375,85.63999938964844,86.45999908447266,4223600
2022-04-07,71.93621826171875,87.66000366210938,87.83999633789062,86.81999969482422,87.76000213623047,2472500
2022-04-08,72.5270767211914,88.37999725341797,88.48999786376953,87.31999969482422,88.12999725341797,2368800
2022-04-11,71.82133483886719,87.5199966430664,88.77999877929688,87.2699966430664,88.27999877929688,2921400
2022-04-12,71.71465301513672,87.38999938964844,88.13999938964844,86.61000061035156,87.05000305175781,2843000
2022-04-13,71.550537109375,87.19000244140625,87.87000274658203,86.55000305175781,87.62999725341797,2562900
2022-04-14,71.72286987304688,87.4000015258789,88.12999725341797,87.33999633789062,87.73999786376953,3310100
2022-04-18,71.255126953125,86.83000183105469,88.05000305175781,86.27999877929688,88.01000213623047,2758500
2022-04-19,71.36998748779297,86.97000122070312,87.37000274658203,86.30000305175781,87.22000122070312,2644900
2022-04-20,71.38641357421875,86.98999786376953,87.94000244140625,86.76000213623047,87.62000274658203,2893400
2022-04-21,71.02531433105469,86.55000305175781,87.6500015258789,86.44999694824219,86.95999908447266,3583700
2022-04-22,69.6630859375,84.88999938964844,86.61000061035156,84.80000305175781,86.55000305175781,2641100
2022-04-25,69.39227294921875,84.55999755859375,85.41999816894531,83.0999984741211,85.22000122070312,3843100
2022-04-26,68.5798568725586,83.56999969482422,85.0999984741211,83.52999877929688,84.19999694824219,2854800
2022-04-27,68.42394256591797,83.37999725341797,84.36000061035156,82.76000213623047,83.55999755859375,2763100
2022-04-28,68.82606506347656,83.87000274658203,84.23999786376953,83.08000183105469,83.63999938964844,2944500
2022-04-29,66.99604797363281,81.63999938964844,83.68000030517578,81.56999969482422,83.68000030517578,4137200
2022-05-02,66.51187896728516,81.05000305175781,82.56999969482422,80.23999786376953,81.9800033569336,3109000
2022-05-03,66.65961456298828,81.2300033569336,82.5,80.7300033569336,81.55000305175781,3123900
2022-05-04,67.70999908447266,82.51000213623047,82.75,80.80999755859375,81.1500015258789,3719100
2022-05-05,68.14493560791016,83.04000091552734,83.68000030517578,81.56999969482422,82.26000213623047,4926400
2022-05-06,68.94913482666016,84.0199966430664,84.23999786376953,82.0,82.4800033569336,4843700
2022-05-09,68.74398040771484,83.7699966430664,84.69000244140625,82.3499984741211,83.55000305175781,4319600
2022-05-10,67.25862884521484,81.95999908447266,85.05999755859375,81.05999755859375,83.93000030517578,5273200
2022-05-11,68.12849426269531,83.0199966430664,84.2699966430664,81.51000213623047,81.83000183105469,4543400
2022-05-12,68.03004455566406,82.9000015258789,83.72000122070312,81.68000030517578,83.0,4057500
2022-05-13,68.61268615722656,83.61000061035156,83.73999786376953,82.0999984741211,83.44999694824219,2626500
2022-05-16,68.67833709716797,83.69000244140625,84.12999725341797,82.97000122070312,83.5999984741211,2810400
2022-05-17,69.13787841796875,84.25,84.27999877929688,82.18000030517578,83.76000213623047,3492100
2022-05-18,67.83309173583984,82.66000366210938,84.37999725341797,82.4000015258789,84.25,3928000
2022-05-19,67.46379852294922,82.20999908447266,82.43000030517578,80.8499984741211,82.29000091552734,4932300
2022-05-20,67.73461151123047,82.54000091552734,82.69999694824219,81.2300033569336,82.19999694824219,3471200
2022-05-23,68.1695556640625,83.06999969482422,83.79000091552734,82.2300033569336,83.5,2821500
2022-05-24,69.68769073486328,84.91999816894531,85.04000091552734,82.44000244140625,83.2300033569336,4772300
2022-05-25,69.47432708740234,84.66000366210938,85.11000061035156,83.94000244140625,84.91999816894531,4603600
2022-05-26,69.40870666503906,84.58000183105469,85.12000274658203,84.41000366210938,85.04000091552734,3501900
2022-05-27,69.8846664428711,85.16000366210938,85.19000244140625,83.5999984741211,84.33000183105469,4116800
2022-05-31,69.1132583618164,84.22000122070312,85.06999969482422,83.5999984741211,84.83000183105469,7050700
2022-06-01,68.69474792480469,83.70999908447266,84.61000061035156,83.27999877929688,84.5,3969800
2022-06-02,69.05707550048828,83.4800033569336,83.69999694824219,81.5199966430664,83.51000213623047,2696600
2022-06-03,68.42009735107422,82.70999908447266,83.6500015258789,82.66999816894531,83.31999969482422,2108800
2022-06-06,68.43666076660156,82.7300033569336,83.44000244140625,82.62000274658203,82.98999786376953,3090000
2022-06-07,68.74271392822266,83.0999984741211,83.16999816894531,81.93000030517578,82.38999938964844,2860300
2022-06-08,67.16271209716797,81.19000244140625,82.55999755859375,81.08000183105469,82.55999755859375,2240300
2022-06-09,65.63233184814453,79.33999633789062,81.98999786376953,79.30999755859375,81.0199966430664,3075600
2022-06-10,65.60752868652344,79.30999755859375,79.97000122070312,78.29000091552734,78.66000366210938,2974100
2022-06-13,63.13412857055664,76.31999969482422,78.69999694824219,75.95999908447266,78.31999969482422,3461900
2022-06-14,61.711273193359375,74.5999984741211,76.9000015258789,73.25,76.9000015258789,4899300
2022-06-15,61.94289779663086,74.87999725341797,76.0,73.83999633789062,75.13999938964844,3870900
2022-06-16,61.529273986816406,74.37999725341797,74.87000274658203,73.37999725341797,73.9000015258789,5482500
2022-06-17,60.726890563964844,73.41000366210938,74.58000183105469,72.63999938964844,74.33000183105469,7815900
2022-06-21,61.69475173950195,74.58000183105469,74.83000183105469,73.33999633789062,73.70999908447266,3381300
2022-06-22,62.38962173461914,75.41999816894531,75.94999694824219,74.5,74.5,3872200
2022-06-23,63.82072067260742,77.1500015258789,77.23999786376953,75.73999786376953,75.75,3097800
2022-06-24,64.6396713256836,78.13999938964844,78.3499984741211,77.16000366210938,77.38999938964844,3332500
2022-06-27,65.0367431640625,78.62000274658203,78.87999725341797,77.44999694824219,77.7300033569336,2358000
2022-06-28,64.96228790283203,78.52999877929688,79.37999725341797,78.4000015258789,78.8499984741211,3420400
2022-06-29,65.36762237548828,79.0199966430664,79.22000122070312,78.5999984741211,78.77999877929688,3078800
2022-06-30,66.0211410522461,79.80999755859375,80.5999984741211,78.37999725341797,78.58000183105469,3498000
2022-07-01,67.20407104492188,81.23999786376953,81.29000091552734,79.44000244140625,80.04000091552734,3847400
2022-07-05,65.70679473876953,79.43000030517578,81.37999725341797,78.02999877929688,81.12999725341797,4957600
2022-07-06,66.203125,80.02999877929688,81.0,79.2300033569336,79.77999877929688,3357400
2022-07-07,66.02942657470703,79.81999969482422,80.61000061035156,79.7300033569336,80.1500015258789,2623900
2022-07-08,65.6654281616211,79.37999725341797,79.91999816894531,79.0999984741211,79.76000213623047,3174800
2022-07-11,65.996337890625,79.77999877929688,80.16000366210938,78.9000015258789,79.19000244140625,1636200
2022-07-12,65.55789947509766,79.25,80.26000213623047,78.55999755859375,79.33000183105469,2562500
2022-07-13,65.06982421875,78.66000366210938,79.63999938964844,78.41000366210938,78.69000244140625,2708900
2022-07-14,65.16082763671875,78.7699966430664,78.9000015258789,77.16999816894531,77.33000183105469,2111800
2022-07-15,65.51653289794922,79.19999694824219,79.4800033569336,78.02999877929688,79.43000030517578,2851400
2022-07-18,64.53214263916016,78.01000213623047,79.13999938964844,77.97000122070312,78.81999969482422,3132300
2022-07-19,64.34185791015625,77.77999877929688,78.69999694824219,77.72000122070312,78.3499984741211,2884300
2022-07-20,62.67913055419922,75.7699966430664,77.83999633789062,75.7300033569336,77.81999969482422,4937700
2022-07-21,62.8363037109375,75.95999908447266,76.1500015258789,75.2699966430664,75.73999786376953,3262000
2022-07-22,63.98616409301758,77.3499984741211,77.4000015258789,76.19000244140625,76.37000274658203,2065500
2022-07-25,65.02020263671875,78.5999984741211,78.61000061035156,77.05000305175781,77.19999694824219,2697100
2022-07-26,65.55789947509766,79.25,79.33000183105469,78.0,78.37999725341797,1799100
2022-07-27,65.51653289794922,79.19999694824219,79.33999633789062,78.5199966430664,78.86000061035156,2164200
2022-07-28,67.27024841308594,81.31999969482422,81.45999908447266,79.48999786376953,79.9000015258789,2849100
2022-07-29,67.81622314453125,81.9800033569336,82.27999877929688,80.87999725341797,81.12000274658203,3470000
2022-08-01,68.27947235107422,82.54000091552734,82.62999725341797,81.11000061035156,81.87000274658203,3156500
2022-08-02,67.96514129638672,82.16000366210938,83.41000366210938,82.11000061035156,82.79000091552734,2651700
2022-08-03,68.82544708251953,83.19999694824219,83.43000030517578,81.01000213623047,82.04000091552734,2664500
2022-08-04,68.56900787353516,82.88999938964844,83.8499984741211,82.79000091552734,83.4000015258789,2977000
2022-08-05,68.30430603027344,82.56999969482422,83.06999969482422,81.5199966430664,82.76000213623047,2529700
2022-08-08,67.32816314697266,81.38999938964844,83.47000122070312,81.26000213623047,82.98999786376953,3383400
2022-08-09,68.1471176147461,82.37999725341797,82.86000061035156,81.69000244140625,81.75,2407200
2022-08-10,67.94859313964844,82.13999938964844,82.77999877929688,81.2699966430664,82.75,2758900
2022-08-11,67.63423156738281,81.76000213623047,82.58999633789062,81.44000244140625,82.0,2695800
2022-08-12,68.51937103271484,82.83000183105469,82.86000061035156,82.13999938964844,82.18000030517578,1845300
2022-08-15,70.02491760253906,84.6500015258789,84.83000183105469,82.66999816894531,83.0,4459900
2022-08-16,70.68669891357422,85.44999694824219,85.79000091552734,84.47000122070312,84.72000122070312,3642400
2022-08-17,70.82733917236328,85.62000274658203,86.11000061035156,85.0,85.30000305175781,2124200
2022-08-18,70.85215759277344,85.6500015258789,86.06999969482422,85.22000122070312,85.7699966430664,1678400
2022-08-19,70.82733917236328,85.62000274658203,86.27999877929688,85.27999877929688,85.87999725341797,1904900
2022-08-22,69.95874786376953,84.56999969482422,85.62999725341797,84.22000122070312,85.3499984741211,2088700
2022-08-23,69.42932891845703,83.93000030517578,84.66000366210938,83.41999816894531,84.66000366210938,2002200
2022-08-24,69.74368286132812,84.30999755859375,84.52999877929688,83.68000030517578,84.02999877929688,2859000
2022-08-25,69.73540496826172,84.30000305175781,84.44999694824219,83.69000244140625,84.41000366210938,2571400
2022-08-26,68.72618865966797,83.08000183105469,84.55000305175781,83.08000183105469,84.37999725341797,2788000
2022-08-29,69.16461181640625,83.61000061035156,84.16000366210938,82.23999786376953,82.73999786376953,1865600
2022-08-30,68.114013671875,82.33999633789062,83.55999755859375,82.08999633789062,83.37000274658203,2783700
2022-08-31,67.6673355102539,81.80000305175781,83.0199966430664,81.7699966430664,82.36000061035156,3381800
2022-09-01,68.6915283203125,82.36000061035156,82.5199966430664,80.98999786376953,81.11000061035156,2038400
2022-09-02,68.24949645996094,81.83000183105469,83.22000122070312,81.61000061035156,82.44000244140625,2682700
2022-09-06,67.97425079345703,81.5,82.66000366210938,81.29000091552734,82.2300033569336,4410200
2022-09-07,69.55059051513672,83.38999938964844,83.55999755859375,81.9000015258789,82.0,3443700
2022-09-08,69.03348541259766,82.7699966430664,83.69999694824219,82.62000274658203,83.27999877929688,2871500
2022-09-09,69.35877227783203,83.16000366210938,83.87999725341797,82.55000305175781,83.0,2595600
2022-09-12,70.22615814208984,84.19999694824219,84.44999694824219,83.36000061035156,83.4800033569336,3700500
2022-09-13,68.59143829345703,82.23999786376953,83.9800033569336,81.93000030517578,83.4800033569336,3051800
2022-09-14,68.75825500488281,82.44000244140625,83.25,82.12999725341797,82.25,5389300
2022-09-15,67.4905014038086,80.91999816894531,82.48999786376953,80.77999877929688,82.48999786376953,4921000
2022-09-16,67.4071044921875,80.81999969482422,81.61000061035156,80.63999938964844,80.86000061035156,14132100
2022-09-19,67.70735931396484,81.18000030517578,81.27999877929688,80.08000183105469,80.55000305175781,2518500
2022-09-20,66.74821472167969,80.02999877929688,80.7300033569336,79.44000244140625,80.66000366210938,2819400
2022-09-21,65.83077239990234,78.93000030517578,81.30999755859375,78.9000015258789,80.4000015258789,3615600
2022-09-22,65.4220962524414,78.44000244140625,78.70999908447266,78.01000213623047,78.62999725341797,2964800
2022-09-23,64.84660339355469,77.75,77.83999633789062,76.75,77.69999694824219,3493500
2022-09-26,63.25358200073242,75.83999633789062,77.5199966430664,75.16999816894531,77.2699966430664,3212500
2022-09-27,61.74397277832031,74.02999877929688,76.2300033569336,73.97000122070312,76.20999908447266,3817700
2022-09-28,62.43622970581055,74.86000061035156,75.26000213623047,73.9000015258789,74.8499984741211,2956600
2022-09-29,59.266868591308594,71.05999755859375,74.66000366210938,70.94000244140625,74.56999969482422,5208300
2022-09-30,57.640499114990234,69.11000061035156,71.58999633789062,69.01000213623047,71.45999908447266,5927600
2022-10-03,59.29189682006836,71.08999633789062,71.91999816894531,69.86000061035156,70.62000274658203,6405300
2022-10-04,59.633853912353516,71.5,72.01000213623047,70.70999908447266,71.12000274658203,6024400
2022-10-05,57.55710220336914,69.01000213623047,70.63999938964844,68.43000030517578,70.62000274658203,4912500
2022-10-06,55.01327133178711,65.95999908447266,68.55999755859375,65.81999969482422,68.55999755859375,7388200
2022-10-07,53.70383834838867,64.38999938964844,66.16999816894531,64.04000091552734,65.83999633789062,4691600
2022-10-10,53.79557418823242,64.5,65.37000274658203,64.16000366210938,64.4000015258789,3888300
2022-10-11,54.07081604003906,64.83000183105469,65.5999984741211,63.88999938964844,64.1500015258789,4155900
2022-10-12,52.260948181152344,62.65999984741211,64.83000183105469,62.52000045776367,64.70999908447266,6378000
2022-10-13,54.24595642089844,65.04000091552734,65.41000366210938,61.70000076293945,61.97999954223633,6225700
2022-10-14,53.63711166381836,64.30999755859375,65.93000030517578,63.95000076293945,65.58000183105469,4577700
2022-10-17,54.44612121582031,65.27999877929688,66.11000061035156,64.70999908447266,65.16000366210938,4322000
2022-10-18,55.49701690673828,66.54000091552734,67.05999755859375,66.22000122070312,66.55000305175781,2904600
2022-10-19,54.7880859375,65.69000244140625,66.23999786376953,65.05999755859375,65.69999694824219,2415900
2022-10-20,53.720516204833984,64.41000366210938,65.61000061035156,64.11000061035156,65.02999877929688,3300000
2022-10-21,54.65463638305664,65.52999877929688,65.87999725341797,63.970001220703125,64.33000183105469,3607000
2022-10-24,55.05498123168945,66.01000213623047,66.68000030517578,65.36000061035156,66.0,5847200
2022-10-25,55.81395721435547,66.91999816894531,67.2300033569336,65.87000274658203,66.1500015258789,4108700
2022-10-26,55.98075485229492,67.12000274658203,67.73999786376953,66.5,67.41000366210938,4203600
2022-10-27,56.189266204833984,67.37000274658203,68.05999755859375,67.05999755859375,67.51000213623047,2762100
2022-10-28,57.890708923339844,69.41000366210938,69.54000091552734,67.23999786376953,67.66999816894531,3065500
2022-10-31,58.357784271240234,69.97000122070312,70.80000305175781,69.30000305175781,70.68000030517578,7312800
2022-11-01,58.1492805480957,69.72000122070312,70.33000183105469,69.45999908447266,70.0199966430664,3780400
2022-11-02,57.58212661743164,69.04000091552734,70.76000213623047,69.02999877929688,69.4800033569336,3134100
2022-11-03,57.74059295654297,69.2300033569336,69.79000091552734,68.26000213623047,68.43000030517578,3770400
2022-11-04,55.989097595214844,67.12999725341797,68.41999816894531,66.33999633789062,67.33000183105469,7620900
2022-11-07,52.494476318359375,62.939998626708984,65.23999786376953,59.66999816894531,65.05999755859375,20566200
2022-11-08,52.22758102416992,62.619998931884766,63.41999816894531,62.27000045776367,63.290000915527344,8069700
2022-11-09,50.39268493652344,60.41999816894531,61.5,59.900001525878906,60.81999969482422,11129900
2022-11-10,52.019065856933594,62.369998931884766,62.720001220703125,60.68000030517578,61.689998626708984,8582900
2022-11-11,51.426902770996094,61.65999984741211,62.29999923706055,60.970001220703125,62.29999923706055,5615100
2022-11-14,48.34095764160156,57.959999084472656,61.91999816894531,57.95000076293945,61.77000045776367,15961400
2022-11-15,49.10826873779297,58.880001068115234,59.59000015258789,58.31999969482422,58.7400016784668,5575900
2022-11-16,49.71712112426758,59.61000061035156,59.75,58.79999923706055,58.79999923706055,4158900
2022-11-17,48.68291091918945,58.369998931884766,59.279998779296875,58.16999816894531,58.70000076293945,3660600
2022-11-18,49.341796875,59.15999984741211,59.22999954223633,58.4900016784668,58.79999923706055,7368300
2022-11-21,49.658748626708984,59.540000915527344,59.97999954223633,59.029998779296875,59.04999923706055,5112200
2022-11-22,50.25090789794922,60.25,60.5,59.650001525878906,59.790000915527344,3578800
2022-11-23,50.90145492553711,61.029998779296875,61.13999938964844,60.029998779296875,60.06999969482422,3608800
2022-11-25,51.31847381591797,61.529998779296875,61.970001220703125,61.25,61.38999938964844,1702100
2022-11-28,50.55949783325195,60.619998931884766,61.689998626708984,60.439998626708984,61.099998474121094,6469000
2022-11-29,49.85056686401367,59.77000045776367,60.2599983215332,59.439998626708984,60.2599983215332,3895500
2022-11-30,50.968177795410156,61.11000061035156,61.2599983215332,59.150001525878906,59.59000015258789,9257300
2022-12-01,50.90746307373047,60.369998931884766,61.189998626708984,59.93000030517578,60.81999969482422,6435300
2022-12-02,50.99179458618164,60.470001220703125,60.7400016784668,59.7599983215332,59.91999816894531,4440700
2022-12-05,49.979888916015625,59.27000045776367,60.15999984741211,58.849998474121094,60.0,5548200
2022-12-06,49.1197624206543,58.25,59.56999969482422,57.400001525878906,59.25,9698900
2022-12-07,48.9089469909668,58.0,58.47999954223633,57.63999938964844,57.709999084472656,6346400
2022-12-08,49.15349197387695,58.290000915527344,58.5099983215332,57.439998626708984,58.04999923706055,5615000
2022-12-09,49.14506149291992,58.279998779296875,58.59000015258789,57.88999938964844,58.18000030517578,7960300
2022-12-12,50.57859420776367,59.97999954223633,60.02000045776367,57.22999954223633,58.45000076293945,7001200
2022-12-13,50.57859420776367,59.97999954223633,60.97999954223633,59.060001373291016,60.709999084472656,6679100
2022-12-14,49.979888916015625,59.27000045776367,63.060001373291016,58.75,60.18000030517578,7844400
2022-12-15,49.61728286743164,58.84000015258789,59.61000061035156,58.41999816894531,59.119998931884766,6976800
2022-12-16,49.431766510009766,58.619998931884766,58.91999816894531,57.18000030517578,58.70000076293945,16155700
2022-12-19,49.9630241394043,59.25,60.18000030517578,58.529998779296875,58.689998626708984,7089700
2022-12-20,50.24128723144531,59.58000183105469,59.91999816894531,58.939998626708984,59.08000183105469,5518300
2022-12-21,50.63762664794922,60.04999923706055,60.400001525878906,59.61000061035156,59.86000061035156,3962500
2022-12-22,51.00865936279297,60.4900016784668,60.5099983215332,59.279998779296875,59.900001525878906,4147400
2022-12-23,51.261634826660156,60.790000915527344,60.790000915527344,60.04999923706055,60.33000183105469,2855200
2022-12-27,52.096458435058594,61.779998779296875,61.91999816894531,60.529998779296875,60.790000915527344,2955900
2022-12-28,51.82661819458008,61.459999084472656,62.22999954223633,61.31999969482422,61.970001220703125,2869800
2022-12-29,51.97840881347656,61.63999938964844,62.119998931884766,61.40999984741211,61.779998779296875,3121000
2022-12-30,51.70856475830078,61.31999969482422,61.880001068115234,60.47999954223633,61.7400016784668,3553600
2023-01-03,53.099945068359375,62.970001220703125,63.099998474121094,61.150001525878906,61.31999969482422,6226200
2023-01-04,53.30232238769531,63.209999084472656,63.939998626708984,62.88999938964844,63.0,7016700
2023-01-05,51.82661819458008,61.459999084472656,63.0,61.34000015258789,62.720001220703125,5700700
2023-01-06,52.17235565185547,61.869998931884766,62.349998474121094,61.22999954223633,62.09000015258789,7520000
2023-01-09,51.93624496459961,61.59000015258789,62.4900016784668,61.45000076293945,61.540000915527344,6622000
2023-01-10,52.13862991333008,61.83000183105469,61.959999084472656,61.209999084472656,61.439998626708984,6264500
2023-01-11,52.6024169921875,62.380001068115234,62.529998779296875,61.709999084472656,61.93000030517578,5578900
2023-01-12,53.04934310913086,62.90999984741211,63.58000183105469,62.2400016784668,62.58000183105469,3715100
2023-01-13,53.05777359008789,62.91999816894531,63.06999969482422,62.119998931884766,62.56999969482422,3581600
2023-01-17,52.7204704284668,62.52000045776367,63.189998626708984,62.209999084472656,62.81999969482422,5112800
2023-01-18,52.121761322021484,61.810001373291016,62.83000183105469,61.599998474121094,62.54999923706055,4663700
2023-01-19,52.2904052734375,62.0099983215332,62.40999984741211,61.34000015258789,61.83000183105469,3748000
2023-01-20,52.63615417480469,62.41999816894531,62.439998626708984,61.5,61.959999084472656,4146700
2023-01-23,53.099945068359375,62.970001220703125,63.540000915527344,62.099998474121094,62.279998779296875,4109600
2023-01-24,52.686737060546875,62.47999954223633,63.59000015258789,62.2400016784668,63.11000061035156,4898200
2023-01-25,52.551815032958984,62.31999969482422,62.5,61.779998779296875,62.209999084472656,3118100
2023-01-26,52.77106475830078,62.58000183105469,62.77000045776367,62.029998779296875,62.18000030517578,2718000
2023-01-27,52.66144943237305,62.45000076293945,62.970001220703125,62.29999923706055,62.40999984741211,2375500
2023-01-30,52.863826751708984,62.689998626708984,63.189998626708984,62.209999084472656,62.290000915527344,3799700
2023-01-31,53.6649169921875,63.63999938964844,63.68000030517578,62.380001068115234,63.060001373291016,8194000
2023-02-01,53.20956039428711,63.099998474121094,63.529998779296875,62.2400016784668,63.150001525878906,5232900
2023-02-02,52.281982421875,62.0,63.540000915527344,61.939998626708984,63.310001373291016,6472600
2023-02-03,50.806278228759766,60.25,61.79999923706055,59.09000015258789,61.77000045776367,7882500
2023-02-06,52.06272888183594,61.7400016784668,61.84000015258789,60.0,60.16999816894531,4223500
2023-02-07,51.944671630859375,61.599998474121094,61.81999969482422,60.81999969482422,61.31999969482422,4446200
2023-02-08,50.23286819458008,59.56999969482422,60.58000183105469,58.310001373291016,59.83000183105469,9473600
2023-02-09,48.6812629699707,57.72999954223633,60.11000061035156,57.709999084472656,59.79999923706055,7762300
2023-02-10,50.20757293701172,59.540000915527344,59.77000045776367,57.810001373291016,58.06999969482422,5022800
2023-02-13,49.448631286621094,58.63999938964844,59.31999969482422,58.4900016784668,59.15999984741211,5977800
2023-02-14,48.95954132080078,58.060001373291016,58.470001220703125,57.52000045776367,58.349998474121094,5495200
2023-02-15,49.1197624206543,58.25,58.43000030517578,57.720001220703125,57.83000183105469,4260900
2023-02-16,48.9932746887207,58.099998474121094,58.2400016784668,56.959999084472656,57.849998474121094,5425200
2023-02-17,49.499237060546875,58.70000076293945,58.93000030517578,57.619998931884766,58.150001525878906,3907200
2023-02-21,48.9932746887207,58.099998474121094,58.70000076293945,57.84000015258789,58.43000030517578,3668300
2023-02-22,48.664405822753906,57.709999084472656,58.25,57.459999084472656,58.09000015258789,3605600
2023-02-23,48.31023406982422,57.290000915527344,57.900001525878906,57.060001373291016,57.66999816894531,4171400
2023-02-24,48.0656852722168,57.0,57.189998626708984,56.2400016784668,57.029998779296875,4915800
2023-02-27,47.500709533691406,56.33000183105469,57.349998474121094,56.130001068115234,57.0,6682500
2023-02-28,46.9019889831543,55.619998931884766,56.380001068115234,55.33000183105469,56.04999923706055,6158100
2023-03-01,46.15992736816406,54.7400016784668,56.0,54.369998931884766,55.34000015258789,7611300
2023-03-02,46.94359588623047,54.9900016784668,55.0099983215332,53.7400016784668,53.970001220703125,5276400
2023-03-03,47.75458526611328,55.939998626708984,55.959999084472656,54.7599983215332,55.119998931884766,5971100
2023-03-06,47.78020477294922,55.970001220703125,56.189998626708984,55.70000076293945,55.86000061035156,4681200
2023-03-07,46.66188430786133,54.65999984741211,56.08000183105469,54.38999938964844,55.91999816894531,4625900
2023-03-08,46.91798782348633,54.959999084472656,55.15999984741211,54.380001068115234,54.58000183105469,3424100
2023-03-09,46.328956604003906,54.27000045776367,55.470001220703125,54.18000030517578,54.939998626708984,4231100
2023-03-10,45.42405319213867,53.209999084472656,54.54999923706055,53.02000045776367,54.400001525878906,4088800
2023-03-13,46.26919937133789,54.20000076293945,55.47999954223633,52.91999816894531,53.02000045776367,5463400
2023-03-14,46.70457458496094,54.709999084472656,55.220001220703125,53.970001220703125,54.779998779296875,3980000
2023-03-15,47.72898483276367,55.90999984741211,56.20000076293945,54.20000076293945,54.709999084472656,5175400
2023-03-16,47.7033805847168,55.880001068115234,56.619998931884766,55.41999816894531,55.84000015258789,4467700
2023-03-17,47.29361343383789,55.400001525878906,55.939998626708984,54.95000076293945,55.81999969482422,9392100
2023-03-20,47.48141098022461,55.619998931884766,55.900001525878906,55.029998779296875,55.2400016784668,4195200
2023-03-21,46.17529296875,54.09000015258789,55.63999938964844,53.369998931884766,55.52000045776367,5097800
2023-03-22,45.42405319213867,53.209999084472656,54.459999084472656,53.209999084472656,53.880001068115234,3737500
2023-03-23,44.578922271728516,52.220001220703125,53.58000183105469,52.029998779296875,53.029998779296875,4159000
2023-03-24,45.95333480834961,53.83000183105469,53.84000015258789,52.189998626708984,52.310001373291016,3059300
2023-03-27,46.20943832397461,54.130001068115234,54.56999969482422,53.959999084472656,54.16999816894531,3958500
2023-03-28,46.713104248046875,54.720001220703125,55.06999969482422,53.77000045776367,53.959999084472656,2750900
2023-03-29,47.44727325439453,55.58000183105469,55.63999938964844,55.0,55.0,3121800
2023-03-30,47.54117965698242,55.689998626708984,56.09000015258789,55.459999084472656,55.90999984741211,2824400
2023-03-31,47.72898483276367,55.90999984741211,55.939998626708984,55.31999969482422,55.720001220703125,3466600
2023-04-03,47.43872833251953,55.56999969482422,56.099998474121094,55.04999923706055,56.0,2973300
2023-04-04,48.070457458496094,56.310001373291016,56.41999816894531,55.36000061035156,55.7599983215332,2980700
2023-04-05,49.00950241088867,57.40999984741211,57.79999923706055,56.45000076293945,56.650001525878906,3979000
2023-04-06,49.56438064575195,58.060001373291016,58.13999938964844,57.220001220703125,57.810001373291016,3198000
2023-04-10,49.47901916503906,57.959999084472656,58.06999969482422,57.119998931884766,57.5099983215332,2741400
2023-04-11,49.581459045410156,58.08000183105469,58.34000015258789,57.75,58.0,2299600
2023-04-12,49.41926193237305,57.88999938964844,58.560001373291016,57.630001068115234,58.20000076293945,2112100
2023-04-13,49.820491790771484,58.36000061035156,58.560001373291016,57.09000015258789,57.68000030517578,2897000
2023-04-14,49.453407287597656,57.93000030517578,58.150001525878906,57.61000061035156,58.119998931884766,2640700
2023-04-17,50.09366226196289,58.68000030517578,58.689998626708984,57.83000183105469,58.189998626708984,3825200
2023-04-18,48.96681213378906,57.36000061035156,58.63999938964844,57.25,58.63999938964844,4119300
2023-04-19,49.02656555175781,57.43000030517578,57.79999923706055,57.0,57.36000061035156,4554400
2023-04-20,48.83876037597656,57.209999084472656,57.619998931884766,56.279998779296875,57.47999954223633,6056300
2023-04-21,49.265602111816406,57.709999084472656,57.88999938964844,56.959999084472656,57.68000030517578,3224000
2023-04-24,49.10340118408203,57.52000045776367,57.880001068115234,56.93000030517578,57.79999923706055,4724700
2023-04-25,48.924129486083984,57.310001373291016,57.869998931884766,57.15999984741211,57.709999084472656,3014500
2023-04-26,47.90825271606445,56.119998931884766,57.18000030517578,56.06999969482422,56.900001525878906,3119200
2023-04-27,48.958274841308594,57.349998474121094,57.40999984741211,56.040000915527344,56.06999969482422,2832400
2023-04-28,48.77900314331055,57.13999938964844,57.900001525878906,56.84000015258789,57.369998931884766,3129000
2023-05-01,48.76192855834961,57.119998931884766,57.650001525878906,56.810001373291016,56.959999084472656,3699300
2023-05-02,47.404579162597656,55.529998779296875,57.220001220703125,55.13999938964844,57.099998474121094,4039900
2023-05-03,47.60093307495117,55.7599983215332,56.75,55.630001068115234,55.95000076293945,3482900
2023-05-04,48.292415618896484,56.56999969482422,56.81999969482422,55.5099983215332,56.08000183105469,3673700
2023-05-05,48.22411346435547,56.4900016784668,57.20000076293945,55.369998931884766,56.43000030517578,4139700
2023-05-08,48.2326545715332,56.5,57.27000045776367,56.13999938964844,56.529998779296875,3764600
2023-05-09,48.2326545715332,56.5,56.959999084472656,55.81999969482422,56.45000076293945,3449100
2023-05-10,48.1046028137207,56.349998474121094,57.02000045776367,55.869998931884766,56.93000030517578,3730100
2023-05-11,47.34482955932617,55.459999084472656,56.43000030517578,55.130001068115234,56.38999938964844,3379600
2023-05-12,47.11433792114258,55.189998626708984,56.060001373291016,54.90999984741211,55.81999969482422,2475200
2023-05-15,46.755794525146484,54.77000045776367,55.40999984741211,54.33000183105469,55.40999984741211,2941500
2023-05-16,45.10820388793945,52.84000015258789,54.7599983215332,52.83000183105469,54.7599983215332,3264900
2023-05-17,45.432594299316406,53.220001220703125,53.54999923706055,52.880001068115234,52.95000076293945,4057900
2023-05-18,44.97160720825195,52.68000030517578,52.900001525878906,52.0099983215332,52.849998474121094,4886800
2023-05-19,44.493553161621094,52.119998931884766,53.2599983215332,52.11000061035156,53.02000045776367,4237000
2023-05-22,44.5276985168457,52.15999984741211,52.459999084472656,51.689998626708984,52.279998779296875,3781500
2023-05-23,44.63867950439453,52.290000915527344,52.93000030517578,51.95000076293945,52.0,3087400
2023-05-24,43.80207824707031,51.310001373291016,52.63999938964844,51.29999923706055,52.290000915527344,3049700
2023-05-25,43.050838470458984,50.43000030517578,51.18000030517578,49.7599983215332,51.18000030517578,4344500
2023-05-26,42.564247131347656,49.86000061035156,50.400001525878906,49.560001373291016,50.290000915527344,3753500
2023-05-30,42.46181106567383,49.7400016784668,50.20000076293945,49.47999954223633,49.95000076293945,4130700
2023-05-31,42.922786712646484,50.279998779296875,50.529998779296875,49.38999938964844,49.779998779296875,4871900
2023-06-01,42.41061019897461,49.02000045776367,49.7599983215332,48.47999954223633,49.56999969482422,4421800
2023-06-02,43.137351989746094,49.86000061035156,49.959999084472656,48.66999816894531,48.869998931884766,4539400
2023-06-05,43.691062927246094,50.5,51.189998626708984,50.15999984741211,50.41999816894531,4071500
2023-06-06,44.66004943847656,51.619998931884766,51.68000030517578,50.540000915527344,50.83000183105469,5817300
2023-06-07,45.897239685058594,53.04999923706055,53.369998931884766,51.099998474121094,51.91999816894531,7075900
2023-06-08,46.104888916015625,53.290000915527344,53.369998931884766,52.16999816894531,52.959999084472656,5877300
2023-06-09,45.931846618652344,53.09000015258789,53.65999984741211,53.029998779296875,53.380001068115234,3968700
2023-06-12,45.42140197753906,52.5,53.13999938964844,52.279998779296875,53.11000061035156,3970300
2023-06-13,45.31758499145508,52.380001068115234,52.7400016784668,51.900001525878906,52.16999816894531,3428000
2023-06-14,45.47331237792969,52.560001373291016,53.36000061035156,52.38999938964844,52.689998626708984,3308600
2023-06-15,45.74150848388672,52.869998931884766,53.06999969482422,52.45000076293945,52.880001068115234,3833200
2023-06-16,46.139488220214844,53.33000183105469,54.04999923706055,53.060001373291016,53.18000030517578,9868200
2023-06-20,46.00106430053711,53.16999816894531,53.88999938964844,52.790000915527344,53.33000183105469,4952600
2023-06-21,46.104888916015625,53.290000915527344,53.459999084472656,52.189998626708984,53.0,3324500
2023-06-22,45.85398483276367,53.0,53.61000061035156,52.81999969482422,53.540000915527344,3627700
2023-06-23,44.83308410644531,51.81999969482422,53.25,51.65999984741211,53.25,6304600
2023-06-26,45.67229461669922,52.790000915527344,52.810001373291016,51.61000061035156,51.90999984741211,3592600
2023-06-27,45.430057525634766,52.5099983215332,53.0,52.40999984741211,52.84000015258789,3675600
2023-06-28,44.69465255737305,51.65999984741211,52.630001068115234,51.45000076293945,52.540000915527344,3966100
2023-06-29,44.83308410644531,51.81999969482422,52.06999969482422,50.959999084472656,51.209999084472656,2677300
2023-06-30,44.80712890625,51.790000915527344,52.209999084472656,51.06999969482422,51.18000030517578,6055700
2023-07-03,45.516563415527344,52.61000061035156,52.619998931884766,51.41999816894531,51.560001373291016,1703800
2023-07-05,45.931846618652344,53.09000015258789,53.54999923706055,52.04999923706055,52.2599983215332,4475600
2023-07-06,45.291622161865234,52.349998474121094,52.790000915527344,51.849998474121094,52.52000045776367,3410100
2023-07-07,45.196449279785156,52.2400016784668,52.79999923706055,51.790000915527344,51.88999938964844,3214400
2023-07-10,44.62544631958008,51.58000183105469,52.13999938964844,51.290000915527344,52.06999969482422,3321900
2023-07-11,44.98015594482422,51.9900016784668,52.02000045776367,50.880001068115234,51.63999938964844,3226700
2023-07-12,45.58578872680664,52.689998626708984,52.9900016784668,52.060001373291016,52.29999923706055,2660600
2023-07-13,45.88859176635742,53.040000915527344,53.15999984741211,52.59000015258789,52.70000076293945,3921500
2023-07-14,45.54252243041992,52.63999938964844,53.150001525878906,52.470001220703125,52.86000061035156,3443000
2023-07-17,44.391845703125,51.310001373291016,52.63999938964844,51.290000915527344,52.630001068115234,2772700
2023-07-18,44.166908264160156,51.04999923706055,51.95000076293945,50.439998626708984,51.36000061035156,3463900
2023-07-19,44.962860107421875,51.970001220703125,52.41999816894531,51.04999923706055,51.25,3028800
2023-07-20,45.949153900146484,53.11000061035156,53.16999816894531,51.599998474121094,52.150001525878906,2871800
2023-07-21,46.52881622314453,53.779998779296875,54.11000061035156,53.09000015258789,53.279998779296875,2940400
2023-07-24,46.62398147583008,53.88999938964844,54.25,53.65999984741211,53.900001525878906,2296500
2023-07-25,46.82297134399414,54.119998931884766,54.33000183105469,53.79999923706055,54.099998474121094,2464000
2023-07-26,47.10847854614258,54.45000076293945,54.7400016784668,53.75,54.02000045776367,2149900
2023-07-27,46.16543960571289,53.36000061035156,54.29999923706055,53.16999816894531,54.040000915527344,2946500
2023-07-28,46.28657531738281,53.5,54.130001068115234,53.25,53.93000030517578,2930400
2023-07-31,46.32982635498047,53.54999923706055,54.22999954223633,53.33000183105469,54.040000915527344,3620300
2023-08-01,45.24835968017578,52.29999923706055,53.66999816894531,52.279998779296875,53.47999954223633,3922800
2023-08-02,45.28297424316406,52.34000015258789,52.86000061035156,52.08000183105469,52.25,3649700
2023-08-03,43.89870071411133,50.7400016784668,52.2400016784668,50.630001068115234,52.099998474121094,4775400
2023-08-04,42.57499313354492,49.209999084472656,51.06999969482422,48.630001068115234,50.849998474121094,6668700
2023-08-07,42.51441955566406,49.13999938964844,49.70000076293945,48.970001220703125,49.290000915527344,4680400
2023-08-08,42.62690353393555,49.27000045776367,49.279998779296875,48.31999969482422,49.15999984741211,6304100
2023-08-09,42.99026870727539,49.689998626708984,50.20000076293945,49.040000915527344,49.16999816894531,4198300
2023-08-10,43.15465545654297,49.880001068115234,50.279998779296875,49.529998779296875,49.900001525878906,3672400
2023-08-11,42.90375518798828,49.59000015258789,50.310001373291016,49.4900016784668,50.0,5298300
2023-08-14,42.38465118408203,48.9900016784668,49.650001525878906,48.47999954223633,49.59000015258789,3670600
2023-08-15,41.355106353759766,47.79999923706055,48.540000915527344,47.7400016784668,48.529998779296875,4092300
2023-08-16,41.597347259521484,48.08000183105469,48.40999984741211,47.849998474121094,47.959999084472656,3269400
2023-08-17,41.60599899291992,48.09000015258789,48.84000015258789,47.84000015258789,47.939998626708984,2842200
2023-08-18,41.9001579284668,48.43000030517578,48.61000061035156,47.970001220703125,48.0,6942700
2023-08-21,41.631954193115234,48.119998931884766,48.2599983215332,47.5,48.16999816894531,3412200
2023-08-22,41.355106353759766,47.79999923706055,48.119998931884766,47.630001068115234,48.040000915527344,2560800
2023-08-23,41.355106353759766,47.79999923706055,48.09000015258789,47.40999984741211,47.900001525878906,2660700
2023-08-24,41.58869552612305,48.06999969482422,48.630001068115234,47.599998474121094,47.63999938964844,3680400
2023-08-25,41.97802734375,48.52000045776367,48.849998474121094,48.0099983215332,48.16999816894531,3342500
2023-08-28,42.33274459838867,48.93000030517578,49.0099983215332,48.369998931884766,48.709999084472656,4312700
2023-08-29,42.87779998779297,49.560001373291016,49.599998474121094,48.83000183105469,49.130001068115234,3571700
2023-08-30,42.82589340209961,49.5,49.689998626708984,49.04999923706055,49.5,3141600
2023-08-31,42.56980895996094,48.540000915527344,49.56999969482422,48.529998779296875,49.18000030517578,5234500
2023-09-01,41.99098587036133,47.880001068115234,49.13999938964844,47.5,48.810001373291016,4087500
2023-09-05,41.03504943847656,46.790000915527344,47.91999816894531,46.40999984741211,47.84000015258789,5914500
2023-09-06,40.298370361328125,45.95000076293945,46.7599983215332,45.84000015258789,46.630001068115234,10714900
2023-09-07,40.3685188293457,46.029998779296875,46.63999938964844,45.790000915527344,46.279998779296875,7001600
2023-09-08,41.324459075927734,47.119998931884766,47.150001525878906,45.77000045776367,46.08000183105469,6539800
2023-09-11,41.482322692871094,47.29999923706055,47.380001068115234,46.7400016784668,46.81999969482422,6339400
2023-09-12,41.719112396240234,47.56999969482422,47.709999084472656,46.9900016784668,47.470001220703125,3871800
2023-09-13,41.87697219848633,47.75,48.040000915527344,47.13999938964844,47.400001525878906,4611600
2023-09-14,42.54349136352539,48.5099983215332,48.529998779296875,47.939998626708984,48.25,5719800
2023-09-15,42.50841522216797,48.470001220703125,48.95000076293945,48.2400016784668,48.34000015258789,7657500
2023-09-18,42.64873504638672,48.630001068115234,48.900001525878906,48.099998474121094,48.56999969482422,4071900
2023-09-19,41.96466827392578,47.849998474121094,48.70000076293945,47.81999969482422,48.599998474121094,4185300
2023-09-20,42.06991195678711,47.970001220703125,48.939998626708984,47.7400016784668,48.150001525878906,4795300
2023-09-21,41.561256408691406,47.38999938964844,47.91999816894531,47.040000915527344,47.7599983215332,4219500
2023-09-22,41.87697219848633,47.75,47.810001373291016,47.25,47.25,5634800
2023-09-25,42.01729202270508,47.90999984741211,47.939998626708984,46.86000061035156,47.4900016784668,5519700
2023-09-26,40.394832611083984,46.060001373291016,48.0,46.02000045776367,47.880001068115234,6859200
2023-09-27,39.868629455566406,45.459999084472656,46.040000915527344,44.869998931884766,46.0,7536700
2023-09-28,38.71098709106445,44.13999938964844,45.869998931884766,44.08000183105469,45.77000045776367,5110500
2023-09-29,39.17579650878906,44.66999816894531,45.189998626708984,44.209999084472656,44.59000015258789,5903900
2023-10-02,37.1060676574707,42.310001373291016,44.54999923706055,41.880001068115234,44.5,8691900
2023-10-03,37.24638748168945,42.470001220703125,42.75,41.20000076293945,41.7400016784668,10466400
2023-10-04,36.807884216308594,41.970001220703125,42.88999938964844,41.7400016784668,42.5099983215332,6008400
2023-10-05,35.93964767456055,40.97999954223633,41.849998474121094,40.279998779296875,41.810001373291016,8615900
2023-10-06,36.57109451293945,41.70000076293945,41.880001068115234,39.2400016784668,40.52000045776367,7236600
2023-10-09,36.992061614990234,42.18000030517578,42.189998626708984,41.27000045776367,41.529998779296875,5562800
2023-10-10,37.35163116455078,42.59000015258789,42.849998474121094,41.970001220703125,42.310001373291016,6391700
2023-10-11,37.676116943359375,42.959999084472656,43.06999969482422,42.279998779296875,42.86000061035156,3227500
2023-10-12,36.43954086303711,41.54999923706055,42.81999969482422,41.349998474121094,42.68000030517578,4853700
2023-10-13,36.72895050048828,41.880001068115234,42.43000030517578,41.599998474121094,41.70000076293945,5534900
2023-10-16,37.027137756347656,42.220001220703125,42.36000061035156,40.97999954223633,41.970001220703125,6253400
2023-10-17,36.75526809692383,41.90999984741211,42.630001068115234,41.560001373291016,41.83000183105469,4615200
2023-10-18,35.746707916259766,40.7599983215332,41.97999954223633,40.65999984741211,41.779998779296875,7986600
2023-10-19,35.64147186279297,40.63999938964844,41.310001373291016,40.189998626708984,40.5,6496900
2023-10-20,35.09772491455078,40.02000045776367,41.029998779296875,40.0099983215332,40.599998474121094,5447500
2023-10-23,34.66799545288086,39.529998779296875,40.189998626708984,39.18000030517578,39.43000030517578,6403900
2023-10-24,35.38713073730469,40.349998474121094,40.5,39.70000076293945,40.0,7758800
2023-10-25,35.553768157958984,40.540000915527344,40.630001068115234,39.599998474121094,40.11000061035156,6750500
2023-10-26,35.93088150024414,40.970001220703125,41.36000061035156,40.459999084472656,40.459999084472656,6863800
2023-10-27,35.15034866333008,40.08000183105469,40.84000015258789,40.0,40.7599983215332,4602900
2023-10-30,35.08018112182617,40.0,40.66999816894531,39.70000076293945,40.22999954223633,5347000
2023-10-31,35.3608283996582,40.31999969482422,40.36000061035156,39.540000915527344,40.13999938964844,8996000
2023-11-01,35.27312469482422,40.220001220703125,40.529998779296875,39.439998626708984,40.310001373291016,5950400
2023-11-02,36.0273551940918,41.08000183105469,41.25,40.439998626708984,40.58000183105469,8291700
2023-11-03,38.246177673339844,43.61000061035156,44.040000915527344,41.15999984741211,42.59000015258789,14830600
2023-11-06,39.98264694213867,45.59000015258789,45.79999923706055,43.95000076293945,44.0099983215332,13464500
2023-11-07,39.973873138427734,45.58000183105469,46.0,45.279998779296875,45.56999969482422,9494700
2023-11-08,40.28959274291992,45.939998626708984,46.0099983215332,45.0,45.33000183105469,12275500
2023-11-09,39.351200103759766,44.869998931884766,46.279998779296875,44.599998474121094,45.939998626708984,6288900
2023-11-10,39.43013000488281,44.959999084472656,45.38999938964844,44.5099983215332,45.209999084472656,3994600
2023-11-13,39.053009033203125,44.529998779296875,44.9900016784668,44.25,44.95000076293945,4715000
2023-11-14,40.77194595336914,46.4900016784668,46.65999984741211,45.56999969482422,45.63999938964844,6285500
2023-11-15,41.420936584472656,47.22999954223633,47.689998626708984,46.150001525878906,46.43000030517578,7506600
2023-11-16,41.10520553588867,46.869998931884766,47.83000183105469,46.65999984741211,47.4900016784668,6723000
2023-11-17,41.00873947143555,46.7599983215332,47.349998474121094,46.400001525878906,47.310001373291016,5251100
2023-11-20,40.7017822265625,46.40999984741211,46.83000183105469,45.880001068115234,46.54999923706055,4472700
2023-11-21,40.710548400878906,46.41999816894531,46.70000076293945,46.099998474121094,46.52000045776367,4005400
2023-11-22,40.91226577758789,46.650001525878906,46.720001220703125,45.86000061035156,46.599998474121094,2685200
2023-11-24,41.184139251708984,46.959999084472656,47.130001068115234,46.349998474121094,46.650001525878906,1650300
2023-11-27,41.140289306640625,46.90999984741211,47.11000061035156,46.43000030517578,46.849998474121094,4418600
2023-11-28,41.21922302246094,47.0,47.40999984741211,46.630001068115234,46.83000183105469,3582200
2023-11-29,40.982425689697266,46.72999954223633,47.31999969482422,46.61000061035156,46.90999984741211,4859800
2023-11-30,40.340049743652344,45.34000015258789,46.25,45.209999084472656,46.08000183105469,8814200
2023-12-01,41.523380279541016,46.66999816894531,46.72999954223633,45.369998931884766,45.439998626708984,5664600
2023-12-04,41.04292678833008,46.130001068115234,46.65999984741211,45.70000076293945,46.09000015258789,6342800
2023-12-05,41.211971282958984,46.31999969482422,46.47999954223633,45.349998474121094,46.209999084472656,7371400
2023-12-06,42.04831314086914,47.2599983215332,47.59000015258789,46.5099983215332,46.599998474121094,7733600
2023-12-07,42.03052520751953,47.2400016784668,47.58000183105469,46.959999084472656,47.4900016784668,5641000
2023-12-08,42.252952575683594,47.4900016784668,47.599998474121094,47.18000030517578,47.369998931884766,6508800
2023-12-11,42.39530563354492,47.650001525878906,47.81999969482422,47.15999984741211,47.310001373291016,6805200
2023-12-12,42.39530563354492,47.650001525878906,47.68000030517578,47.060001373291016,47.68000030517578,6744700
2023-12-13,44.01460266113281,49.470001220703125,49.54999923706055,47.15999984741211,47.560001373291016,5543000
2023-12-14,43.73878860473633,49.15999984741211,50.70000076293945,48.97999954223633,50.040000915527344,6679600
2023-12-15,43.1337776184082,48.47999954223633,49.380001068115234,48.060001373291016,48.790000915527344,8031000
2023-12-18,42.866859436035156,48.18000030517578,48.970001220703125,48.09000015258789,48.720001220703125,7526300
2023-12-19,42.715606689453125,48.0099983215332,48.630001068115234,47.95000076293945,48.279998779296875,5148200
2023-12-20,41.97713851928711,47.18000030517578,48.27000045776367,47.15999984741211,48.13999938964844,7004900
2023-12-21,41.59455490112305,46.75,47.400001525878906,46.34000015258789,47.310001373291016,4829100
2023-12-22,41.63904571533203,46.79999923706055,47.77000045776367,46.7599983215332,47.06999969482422,4624300
2023-12-26,41.861473083496094,47.04999923706055,47.2599983215332,46.630001068115234,46.790000915527344,3369200
2023-12-27,41.38102340698242,46.5099983215332,47.029998779296875,46.29999923706055,46.95000076293945,4231300
2023-12-28,41.8703727722168,47.060001373291016,47.220001220703125,46.18000030517578,46.380001068115234,3463900
2023-12-29,41.816986083984375,47.0,47.099998474121094,46.630001068115234,46.7400016784668,3644300
2024-01-02,43.16046142578125,48.5099983215332,49.06999969482422,46.7599983215332,46.83000183105469,4915900
2024-01-03,43.08928680419922,48.43000030517578,48.619998931884766,47.630001068115234,48.29999923706055,4674300
2024-01-04,42.88465881347656,48.20000076293945,48.540000915527344,48.04999923706055,48.529998779296875,3524800
2024-01-05,43.632022857666016,49.040000915527344,49.08000183105469,47.75,48.06999969482422,3738600
2024-01-08,43.60533142089844,49.0099983215332,49.369998931884766,48.630001068115234,48.939998626708984,4093200
2024-01-09,42.95583724975586,48.279998779296875,48.81999969482422,48.16999816894531,48.540000915527344,4618700
2024-01-10,42.644432067871094,47.93000030517578,48.310001373291016,47.880001068115234,48.25,3223800
2024-01-11,41.914859771728516,47.11000061035156,47.90999984741211,46.75,47.79999923706055,4629300
2024-01-12,42.110599517822266,47.33000183105469,47.869998931884766,47.0,47.52000045776367,4734200
2024-01-16,41.60345458984375,46.7599983215332,47.31999969482422,46.5,47.099998474121094,6915300
2024-01-17,41.078514099121094,46.16999816894531,47.040000915527344,45.58000183105469,46.349998474121094,4891400
2024-01-18,40.46460723876953,45.47999954223633,46.04999923706055,44.93000030517578,45.90999984741211,5408300
2024-01-19,40.3222541809082,45.31999969482422,45.56999969482422,44.93000030517578,45.560001373291016,4233300
2024-01-22,40.09981918334961,45.06999969482422,45.849998474121094,45.02000045776367,45.40999984741211,4414000
2024-01-23,39.85959243774414,44.79999923706055,45.310001373291016,44.54999923706055,45.16999816894531,5496700
2024-01-24,39.281280517578125,44.150001525878906,45.27000045776367,44.040000915527344,45.119998931884766,5693400
2024-01-25,40.20658493041992,45.189998626708984,45.220001220703125,44.43000030517578,44.720001220703125,3985700
2024-01-26,40.535789489746094,45.560001373291016,45.75,45.2400016784668,45.29999923706055,4511800
2024-01-29,40.42012023925781,45.43000030517578,45.83000183105469,45.02000045776367,45.459999084472656,3338700
2024-01-30,40.69594192504883,45.7400016784668,46.04999923706055,45.099998474121094,45.41999816894531,4144700
2024-01-31,40.67814254760742,45.720001220703125,46.349998474121094,45.47999954223633,46.04999923706055,6600700
2024-02-01,41.53227233886719,46.68000030517578,46.720001220703125,45.400001525878906,45.59000015258789,4581900
2024-02-02,40.60696792602539,45.63999938964844,46.470001220703125,45.15999984741211,46.20000076293945,3650000
2024-02-05,39.76172637939453,44.689998626708984,45.27000045776367,44.63999938964844,45.060001373291016,3683700
2024-02-06,40.117610931396484,45.09000015258789,45.27000045776367,44.34000015258789,44.5099983215332,4070700
2024-02-07,39.58378219604492,44.4900016784668,45.43000030517578,44.34000015258789,45.43000030517578,4481000
2024-02-08,39.30796432495117,44.18000030517578,44.459999084472656,43.66999816894531,44.29999923706055,4033900
2024-02-09,39.77062225341797,44.70000076293945,44.720001220703125,43.90999984741211,44.02000045776367,3145000
2024-02-12,40.233272552490234,45.220001220703125,45.40999984741211,44.56999969482422,44.720001220703125,3600900
2024-02-13,39.468116760253906,44.36000061035156,45.150001525878906,43.529998779296875,44.900001525878906,4106700
2024-02-14,39.91297912597656,44.86000061035156,44.959999084472656,44.15999984741211,44.47999954223633,3570300
2024-02-15,40.4735107421875,45.4900016784668,45.86000061035156,44.91999816894531,45.040000915527344,4361900
2024-02-16,40.80270767211914,45.86000061035156,45.880001068115234,44.959999084472656,45.27000045776367,6185200
2024-02-20,40.34893798828125,45.349998474121094,46.369998931884766,45.310001373291016,45.84000015258789,4807900
2024-02-21,41.18528366088867,46.290000915527344,46.31999969482422,45.33000183105469,45.66999816894531,4778100
2024-02-22,40.57137680053711,45.599998474121094,46.959999084472656,44.869998931884766,45.619998931884766,7675500
2024-02-23,42.582149505615234,47.86000061035156,48.040000915527344,45.75,45.75,11570900
2024-02-26,41.425506591796875,46.560001373291016,47.5,46.15999984741211,47.45000076293945,7000100
2024-02-27,42.519866943359375,47.790000915527344,47.810001373291016,46.65999984741211,46.91999816894531,6555300
2024-02-28,43.01811218261719,48.349998474121094,48.400001525878906,47.619998931884766,47.75,7247500
2024-02-29,43.15163803100586,47.83000183105469,48.220001220703125,47.439998626708984,48.0,9703600
2024-03-01,40.40898513793945,44.790000915527344,47.0,44.16999816894531,46.849998474121094,13834300
2024-03-04,42.13216018676758,46.70000076293945,46.970001220703125,44.4900016784668,44.59000015258789,9867900
2024-03-05,41.590850830078125,46.099998474121094,47.810001373291016,45.9900016784668,46.9900016784668,7625000
2024-03-06,42.49303436279297,47.099998474121094,47.459999084472656,46.43000030517578,46.810001373291016,8225400
2024-03-07,43.29599380493164,47.9900016784668,49.209999084472656,47.849998474121094,47.86000061035156,9605600
2024-03-08,43.305015563964844,48.0,48.380001068115234,47.599998474121094,47.9900016784668,4393400
2024-03-11,42.980220794677734,47.63999938964844,48.16999816894531,47.470001220703125,47.790000915527344,4644000
2024-03-12,42.3847770690918,46.97999954223633,48.02000045776367,46.91999816894531,47.5,4942700
2024-03-13,43.3681640625,48.06999969482422,48.20000076293945,47.22999954223633,47.22999954223633,7598800
2024-03-14,42.95315933227539,47.61000061035156,48.08000183105469,47.22999954223633,47.93000030517578,7035300
2024-03-15,43.16065979003906,47.84000015258789,48.34000015258789,47.41999816894531,47.5,11847800
2024-03-18,43.76512145996094,48.5099983215332,48.79999923706055,47.70000076293945,47.95000076293945,8115600
2024-03-19,43.76512145996094,48.5099983215332,48.90999984741211,48.34000015258789,48.599998474121094,8266800
2024-03-20,43.44935989379883,48.15999984741211,48.58000183105469,47.77000045776367,48.45000076293945,4506500
2024-03-21,43.756099700927734,48.5,49.06999969482422,48.02000045776367,48.25,5090600
2024-03-22,43.593711853027344,48.31999969482422,48.7599983215332,48.15999984741211,48.7400016784668,3857300
2024-03-25,43.530555725097656,48.25,48.380001068115234,47.880001068115234,48.279998779296875,3960700
2024-03-26,42.11411666870117,46.68000030517578,48.27000045776367,46.560001373291016,48.099998474121094,8490500
2024-03-27,43.774147033691406,48.52000045776367,48.54999923706055,46.63999938964844,46.83000183105469,6547100
2024-03-28,44.37861251831055,49.189998626708984,49.349998474121094,48.439998626708984,48.650001525878906,5401400
2024-04-01,44.3515510559082,49.15999984741211,49.2400016784668,48.369998931884766,49.11000061035156,4255000
2024-04-02,43.95458984375,48.720001220703125,49.349998474121094,48.47999954223633,49.0,3771400
2024-04-03,43.873390197753906,48.630001068115234,49.16999816894531,48.40999984741211,48.810001373291016,3553900
2024-04-04,43.89143371582031,48.650001525878906,49.25,48.15999984741211,49.189998626708984,6326800
2024-04-05,43.81924819946289,48.56999969482422,48.790000915527344,47.959999084472656,48.459999084472656,3825900
2024-04-08,44.00870895385742,48.779998779296875,49.119998931884766,48.40999984741211,48.61000061035156,2656900
2024-04-09,44.70340347290039,49.54999923706055,49.59000015258789,48.72999954223633,48.97999954223633,4358700
2024-04-10,44.02676010131836,48.79999923706055,48.970001220703125,47.689998626708984,48.349998474121094,4737100
2024-04-11,44.22523880004883,49.02000045776367,49.20000076293945,48.38999938964844,49.13999938964844,3753100
2024-04-12,44.126007080078125,48.90999984741211,49.45000076293945,48.38999938964844,49.25,5523700
2024-04-15,43.23283386230469,47.91999816894531,49.540000915527344,47.90999984741211,49.099998474121094,4414100
2024-04-16,42.27651596069336,46.86000061035156,47.849998474121094,46.619998931884766,47.849998474121094,3467500
2024-04-17,43.593711853027344,48.31999969482422,48.43000030517578,47.150001525878906,47.33000183105469,3124800
2024-04-18,43.81924819946289,48.56999969482422,48.810001373291016,48.16999816894531,48.61000061035156,2822700
2024-04-19,44.965030670166016,49.84000015258789,49.97999954223633,48.68000030517578,48.810001373291016,4112400
2024-04-22,45.677764892578125,50.630001068115234,50.66999816894531,49.43000030517578,49.65999984741211,4257200
2024-04-23,45.71384811401367,50.66999816894531,51.11000061035156,50.2400016784668,50.36000061035156,4636500
2024-04-24,46.21907424926758,51.22999954223633,51.36000061035156,49.619998931884766,50.0099983215332,3538300
2024-04-25,45.9845085144043,50.970001220703125,51.220001220703125,50.349998474121094,51.02000045776367,4517600
2024-04-26,45.5153694152832,50.45000076293945,51.220001220703125,50.20000076293945,51.0,3477100
2024-04-29,46.13787841796875,51.13999938964844,51.38999938964844,50.689998626708984,50.77000045776367,2603800
2024-04-30,45.993526458740234,50.97999954223633,51.5,50.209999084472656,50.630001068115234,4741100
2024-05-01,46.14689636230469,51.150001525878906,52.09000015258789,49.93000030517578,50.93000030517578,7031600
2024-05-02,46.155921936035156,51.15999984741211,52.38999938964844,50.68000030517578,52.15999984741211,4651600
2024-05-03,46.37245178222656,51.400001525878906,51.849998474121094,50.65999984741211,51.66999816894531,3741800
2024-05-06,46.3814697265625,51.40999984741211,51.650001525878906,51.040000915527344,51.58000183105469,3001000
2024-05-07,47.02202606201172,52.119998931884766,52.2400016784668,51.58000183105469,51.810001373291016,3547600
2024-05-08,47.049095153808594,52.150001525878906,52.22999954223633,51.529998779296875,51.900001525878906,3172600
2024-05-09,47.671592712402344,52.84000015258789,53.099998474121094,51.93000030517578,52.2400016784668,3716000
2024-05-10,47.87910079956055,53.06999969482422,53.66999816894531,52.75,53.5,5043400
2024-05-13,47.85203552246094,53.040000915527344,53.36000061035156,52.47999954223633,53.0,5545600
2024-05-14,47.671592712402344,52.84000015258789,53.36000061035156,52.66999816894531,53.31999969482422,3459600
2024-05-15,48.014427185058594,53.220001220703125,53.470001220703125,53.029998779296875,53.369998931884766,4123200
2024-05-16,48.086605072021484,53.29999923706055,53.560001373291016,53.189998626708984,53.310001373291016,2709600
2024-05-17,48.26704406738281,53.5,53.59000015258789,53.06999969482422,53.38999938964844,2898100
2024-05-20,48.5196533203125,53.779998779296875,53.91999816894531,53.2400016784668,53.65999984741211,3654100
2024-05-21,48.663997650146484,53.939998626708984,54.22999954223633,53.5099983215332,53.869998931884766,3389600
2024-05-22,48.26704406738281,53.5,53.90999984741211,53.40999984741211,53.7599983215332,4214200
2024-05-23,47.400943756103516,52.540000915527344,53.349998474121094,52.40999984741211,53.099998474121094,3438200
2024-05-24,47.62649154663086,52.790000915527344,52.83000183105469,52.5,52.7599983215332,2134100
2024-05-28,47.716705322265625,52.88999938964844,53.310001373291016,52.58000183105469,52.70000076293945,4443100
2024-05-29,47.310726165771484,52.439998626708984,52.439998626708984,52.11000061035156,52.33000183105469,5227200
2024-05-30,48.26704406738281,53.5,53.560001373291016,52.459999084472656,52.650001525878906,5371700
2024-05-31,49.26103210449219,53.91999816894531,53.97999954223633,52.77000045776367,52.95000076293945,8083400
2024-06-03,49.032630920410156,53.66999816894531,54.06999969482422,53.33000183105469,53.810001373291016,5037000
2024-06-04,48.676326751708984,53.279998779296875,53.720001220703125,53.09000015258789,53.41999816894531,4399100
2024-06-05,47.98199462890625,52.52000045776367,53.13999938964844,52.439998626708984,52.9900016784668,3437300
2024-06-06,47.75360107421875,52.27000045776367,53.04999923706055,52.18000030517578,52.29999923706055,3399800
2024-06-07,46.99531555175781,51.439998626708984,52.0099983215332,51.36000061035156,51.70000076293945,4802600
2024-06-10,47.013587951660156,51.459999084472656,51.65999984741211,50.75,51.2599983215332,4894400
2024-06-11,47.077537536621094,51.529998779296875,51.849998474121094,50.959999084472656,51.099998474121094,4103000
2024-06-12,46.410621643066406,50.79999923706055,52.220001220703125,50.63999938964844,52.11000061035156,3497700
2024-06-13,46.310123443603516,50.689998626708984,51.130001068115234,50.400001525878906,50.810001373291016,2948200
2024-06-14,46.07258605957031,50.43000030517578,50.650001525878906,50.02000045776367,50.400001525878906,2163900
2024-06-17,45.17726135253906,49.45000076293945,50.040000915527344,49.209999084472656,50.0,6136000
2024-06-18,45.14985656738281,49.41999816894531,49.7599983215332,49.18000030517578,49.45000076293945,3827900
2024-06-20,45.506160736083984,49.810001373291016,50.380001068115234,49.5,49.70000076293945,3887700
2024-06-21,44.958003997802734,49.209999084472656,50.040000915527344,49.13999938964844,49.95000076293945,6341700
2024-06-24,45.588382720947266,49.900001525878906,49.95000076293945,49.11000061035156,49.25,4045800
2024-06-25,44.93973159790039,49.189998626708984,49.95000076293945,49.09000015258789,49.70000076293945,2629400
2024-06-26,44.99454879760742,49.25,49.38999938964844,48.65999984741211,49.0,2823500
2024-06-27,45.32344055175781,49.61000061035156,49.63999938964844,49.0099983215332,49.2400016784668,2823700
2024-06-28,44.766143798828125,49.0,49.61000061035156,48.470001220703125,49.5,6707000
2024-07-01,43.8616828918457,48.0099983215332,49.400001525878906,47.9900016784668,49.09000015258789,3525900
2024-07-02,44.34589385986328,48.540000915527344,48.630001068115234,48.029998779296875,48.150001525878906,3012100
2024-07-03,44.958003997802734,49.209999084472656,49.45000076293945,48.560001373291016,48.779998779296875,2091900
2024-07-05,44.866641998291016,49.11000061035156,49.27000045776367,48.75,49.209999084472656,2380900
2024-07-08,45.0676383972168,49.33000183105469,49.43000030517578,48.880001068115234,49.11000061035156,3086100
2024-07-09,45.20466995239258,49.47999954223633,49.93000030517578,49.029998779296875,49.209999084472656,2695700
2024-07-10,45.45134353637695,49.75,49.790000915527344,49.18000030517578,49.66999816894531,2046600
2024-07-11,47.16889953613281,51.630001068115234,51.72999954223633,49.95000076293945,50.13999938964844,3766900
2024-07-12,47.479522705078125,51.970001220703125,52.34000015258789,51.52000045776367,51.75,3423600
2024-07-15,46.6207389831543,51.029998779296875,51.81999969482422,50.70000076293945,51.81999969482422,2796500
2024-07-16,46.858280181884766,51.290000915527344,51.7400016784668,51.15999984741211,51.22999954223633,2592900
2024-07-17,47.54347610473633,52.040000915527344,52.560001373291016,51.290000915527344,51.54999923706055,4046300
2024-07-18,47.114078521728516,51.56999969482422,52.459999084472656,51.52000045776367,51.650001525878906,2896100
2024-07-19,46.96791458129883,51.40999984741211,51.81999969482422,50.959999084472656,51.81999969482422,2680000
2024-07-22,47.324214935302734,51.79999923706055,51.91999816894531,51.31999969482422,51.58000183105469,2509100
2024-07-23,46.33753204345703,50.720001220703125,51.7400016784668,50.68000030517578,51.63999938964844,4193500
2024-07-24,47.62569808959961,52.130001068115234,52.29999923706055,50.66999816894531,51.22999954223633,4168800
2024-07-25,47.781005859375,52.29999923706055,53.2400016784668,51.9900016784668,52.439998626708984,3806300
2024-07-26,48.146453857421875,52.70000076293945,52.970001220703125,52.29999923706055,52.52000045776367,2994100
2024-07-29,48.33830261230469,52.90999984741211,53.11000061035156,52.209999084472656,52.779998779296875,2063100
2024-07-30,48.61237716674805,53.209999084472656,53.31999969482422,52.650001525878906,52.86000061035156,2541100
2024-07-31,48.84077835083008,53.459999084472656,53.470001220703125,52.72999954223633,53.34000015258789,6131100
2024-08-01,50.649696350097656,55.439998626708984,55.65999984741211,52.869998931884766,53.59000015258789,5732900
2024-08-02,51.23440170288086,56.08000183105469,57.599998474121094,55.0099983215332,56.08000183105469,5501200
2024-08-05,49.37065887451172,54.040000915527344,56.84000015258789,53.790000915527344,56.27000045776367,5070700
2024-08-06,49.48942947387695,54.16999816894531,54.630001068115234,53.900001525878906,54.119998931884766,5067300
2024-08-07,50.32994079589844,55.09000015258789,55.56999969482422,53.900001525878906,54.349998474121094,4275500
2024-08-08,49.5077018737793,54.189998626708984,55.08000183105469,54.06999969482422,54.58000183105469,3428500
2024-08-09,49.763519287109375,54.470001220703125,54.63999938964844,53.369998931884766,54.27000045776367,2942200
2024-08-12,49.991905212402344,54.720001220703125,54.79999923706055,54.2400016784668,54.5,2673800
2024-08-13,50.320804595947266,55.08000183105469,55.189998626708984,54.59000015258789,54.88999938964844,3102100
2024-08-14,50.71364974975586,55.5099983215332,56.13999938964844,54.779998779296875,54.91999816894531,4207200
2024-08-15,50.51266098022461,55.290000915527344,55.5,54.84000015258789,55.099998474121094,3750600
2024-08-16,51.170440673828125,56.0099983215332,56.220001220703125,55.220001220703125,55.560001373291016,3470900
2024-08-19,51.42625045776367,56.290000915527344,56.56999969482422,55.79999923706055,56.0,2782600
2024-08-20,51.435386657714844,56.29999923706055,56.779998779296875,56.08000183105469,56.290000915527344,2816400
2024-08-21,51.53588104248047,56.40999984741211,56.619998931884766,56.15999984741211,56.29999923706055,1964600
2024-08-22,51.56329345703125,56.439998626708984,56.560001373291016,56.16999816894531,56.5099983215332,1853700
2024-08-23,51.5906982421875,56.470001220703125,56.83000183105469,56.29999923706055,56.619998931884766,2021600
2024-08-26,51.63637924194336,56.52000045776367,56.959999084472656,56.36000061035156,56.61000061035156,2575000
2024-08-27,51.188716888427734,56.029998779296875,56.709999084472656,55.900001525878906,56.470001220703125,2295700
2024-08-28,51.29835510253906,56.150001525878906,56.41999816894531,55.880001068115234,56.13999938964844,4821900
2024-08-29,51.27094268798828,56.119998931884766,56.209999084472656,55.40999984741211,56.189998626708984,3315500
2024-08-30,51.68516159057617,55.900001525878906,56.0099983215332,55.310001373291016,55.560001373291016,5450400
2024-09-03,52.45258331298828,56.72999954223633,57.150001525878906,55.650001525878906,55.689998626708984,4220500
2024-09-04,53.155277252197266,57.4900016784668,57.72999954223633,56.869998931884766,57.119998931884766,3273100
2024-09-05,53.0165901184082,57.34000015258789,58.130001068115234,57.060001373291016,57.970001220703125,2574300
2024-09-06,52.803932189941406,57.11000061035156,57.86000061035156,57.02000045776367,57.4900016784668,2582500
2024-09-09,53.04433059692383,57.369998931884766,57.63999938964844,56.81999969482422,57.18000030517578,4087500
2024-09-10,53.35869216918945,57.709999084472656,58.11000061035156,57.4900016784668,57.63999938964844,2789100
2024-09-11,52.91488265991211,57.22999954223633,57.58000183105469,56.560001373291016,57.45000076293945,4236200
2024-09-12,52.86865234375,57.18000030517578,57.54999923706055,56.849998474121094,57.20000076293945,3121800
2024-09-13,53.77476119995117,58.15999984741211,58.18000030517578,56.93000030517578,57.470001220703125,2986600
2024-09-16,54.11685562133789,58.529998779296875,58.939998626708984,58.08000183105469,58.41999816894531,3284000
2024-09-17,53.95043182373047,58.349998474121094,58.720001220703125,57.91999816894531,58.400001525878906,3504500
2024-09-18,53.0813102722168,57.40999984741211,58.349998474121094,57.02000045776367,58.290000915527344,2980600
2024-09-19,53.14603042602539,57.47999954223633,57.66999816894531,56.83000183105469,57.220001220703125,4107400
2024-09-20,53.562103271484375,57.93000030517578,57.9900016784668,57.18000030517578,57.7400016784668,9329900
2024-09-23,53.49738311767578,57.86000061035156,58.18000030517578,57.56999969482422,58.0,4276700
2024-09-24,52.72071838378906,57.02000045776367,58.060001373291016,56.959999084472656,57.459999084472656,5644400
2024-09-25,52.9056396484375,57.220001220703125,57.380001068115234,56.72999954223633,57.380001068115234,5105900
2024-09-26,52.82242202758789,57.130001068115234,57.900001525878906,56.95000076293945,57.13999938964844,4702800
2024-09-27,52.850162506103516,57.15999984741211,57.560001373291016,57.0099983215332,57.36000061035156,3656200
2024-09-30,53.43266296386719,57.790000915527344,57.79999923706055,57.06999969482422,57.470001220703125,3564600
2024-10-01,53.84872817993164,58.2400016784668,58.72999954223633,57.40999984741211,57.689998626708984,4088300
2024-10-02,53.959678649902344,58.36000061035156,58.45000076293945,57.900001525878906,58.0,2125100
2024-10-03,53.7007942199707,58.08000183105469,58.59000015258789,57.959999084472656,58.47999954223633,2216300
2024-10-04,53.839481353759766,58.22999954223633,58.310001373291016,57.22999954223633,57.439998626708984,2459600
2024-10-07,52.785438537597656,57.09000015258789,58.02000045776367,56.880001068115234,58.0,2467200
2024-10-08,52.52655029296875,56.810001373291016,57.439998626708984,56.810001373291016,57.41999816894531,3150500
2024-10-09,52.12897491455078,56.380001068115234,57.22999954223633,56.02000045776367,56.779998779296875,2736200
2024-10-10,51.30607604980469,55.4900016784668,56.86000061035156,55.470001220703125,56.58000183105469,5511200
2024-10-11,51.98103713989258,56.220001220703125,56.290000915527344,55.41999816894531,55.4900016784668,3479200
2024-10-14,52.63749694824219,56.93000030517578,56.9900016784668,56.02000045776367,56.189998626708984,3353800
2024-10-15,53.2662239074707,57.61000061035156,58.15999984741211,57.209999084472656,57.220001220703125,3086700
2024-10-16,55.984554290771484,60.54999923706055,60.720001220703125,57.7400016784668,58.75,8468400
2024-10-17,55.235626220703125,59.7400016784668,60.72999954223633,59.63999938964844,60.58000183105469,4926400
2024-10-18,55.40205001831055,59.91999816894531,60.0,59.13999938964844,59.77000045776367,4053100
2024-10-21,55.50376510620117,60.029998779296875,60.66999816894531,59.84000015258789,60.15999984741211,3522000
2024-10-22,55.47602462768555,60.0,60.20000076293945,58.790000915527344,59.45000076293945,4221600
2024-10-23,56.33590316772461,60.93000030517578,60.93000030517578,59.790000915527344,59.95000076293945,2643100
2024-10-24,56.18796920776367,60.77000045776367,61.2599983215332,60.529998779296875,60.939998626708984,2591500
2024-10-25,55.08769226074219,59.58000183105469,61.15999984741211,59.5,61.0,3200400
2024-10-28,55.58697509765625,60.119998931884766,60.38999938964844,59.7400016784668,59.91999816894531,2929300
2024-10-29,54.2000732421875,58.619998931884766,59.90999984741211,58.619998931884766,59.81999969482422,4938700
2024-10-30,54.04289245605469,58.45000076293945,59.060001373291016,58.06999969482422,58.810001373291016,4085900
2024-10-31,55.04146194458008,59.529998779296875,59.959999084472656,58.5099983215332,58.7599983215332,5970400
2024-11-01,54.54217529296875,58.9900016784668,61.970001220703125,58.939998626708984,59.93000030517578,8602600
2024-11-04,53.275474548339844,57.619998931884766,58.54999923706055,57.27000045776367,58.400001525878906,6337700
2024-11-05,54.17233657836914,58.59000015258789,58.65999984741211,57.18000030517578,57.439998626708984,3813100
2024-11-06,52.766944885253906,57.06999969482422,58.349998474121094,57.04999923706055,58.279998779296875,5772200
2024-11-07,52.36012268066406,56.630001068115234,57.58000183105469,56.599998474121094,57.41999816894531,5971900
2024-11-08,53.43266296386719,57.790000915527344,58.08000183105469,56.56999969482422,56.650001525878906,5554300
2024-11-11,53.76551055908203,58.150001525878906,58.66999816894531,57.650001525878906,57.810001373291016,2884000
2024-11-12,52.729957580566406,57.029998779296875,58.099998474121094,56.79999923706055,57.959999084472656,4992700
2024-11-13,52.31388473510742,56.58000183105469,57.650001525878906,55.81999969482422,57.5099983215332,6499800
2024-11-14,51.95329284667969,56.189998626708984,57.11000061035156,55.9900016784668,56.7400016784668,4822300
2024-11-15,53.28472137451172,57.630001068115234,57.65999984741211,56.0,56.20000076293945,5808200
2024-11-18,53.35869216918945,57.709999084472656,58.2400016784668,57.02000045776367,57.290000915527344,4293400
2024-11-19,53.247737884521484,57.59000015258789,57.68000030517578,56.95000076293945,57.47999954223633,4564400
2024-11-20,53.441898345947266,57.79999923706055,57.88999938964844,57.349998474121094,57.619998931884766,2632900
2024-11-21,53.96892166137695,58.369998931884766,58.43000030517578,57.529998779296875,58.0,3871700
2024-11-22,53.75627136230469,58.13999938964844,58.91999816894531,57.93000030517578,58.650001525878906,4785100
2024-11-25,54.11685562133789,58.529998779296875,58.970001220703125,58.2400016784668,58.5,5578700
2024-11-26,54.662376403808594,59.119998931884766,59.34000015258789,58.2599983215332,58.54999923706055,4577000
2024-11-27,55.19864273071289,59.70000076293945,60.27000045776367,59.43000030517578,59.58000183105469,5400800
2024-11-29,54.93495559692383,58.75,59.38999938964844,58.5099983215332,59.18000030517578,2553300
2024-12-02,53.616519927978516,57.34000015258789,58.7599983215332,57.279998779296875,58.7599983215332,5658700
2024-12-03,52.99002456665039,56.66999816894531,57.880001068115234,56.65999984741211,57.70000076293945,8405700
2024-12-04,52.700157165527344,56.36000061035156,56.91999816894531,55.95000076293945,56.470001220703125,4593500
2024-12-05,53.214439392089844,56.90999984741211,57.380001068115234,56.20000076293945,56.400001525878906,5964000
2024-12-06,52.410282135009766,56.04999923706055,57.11000061035156,55.81999969482422,57.0,3453500
2024-12-09,51.98015594482422,55.59000015258789,56.2599983215332,55.43000030517578,56.04999923706055,6352200
2024-12-10,51.43781661987305,55.0099983215332,55.40999984741211,54.220001220703125,55.369998931884766,5098900
2024-12-11,50.74586868286133,54.27000045776367,55.209999084472656,54.0,55.060001373291016,4155100
2024-12-12,50.33444595336914,53.83000183105469,54.5099983215332,53.540000915527344,54.45000076293945,6079800
2024-12-13,50.53080749511719,54.040000915527344,54.439998626708984,53.720001220703125,53.83000183105469,2985200
2024-12-16,50.053924560546875,53.529998779296875,54.290000915527344,53.5099983215332,54.08000183105469,3427100
2024-12-17,50.11003112792969,53.59000015258789,53.81999969482422,53.099998474121094,53.189998626708984,3513200
2024-12-18,49.212371826171875,52.630001068115234,53.900001525878906,52.599998474121094,53.5099983215332,5895900
2024-12-19,49.54899215698242,52.9900016784668,53.599998474121094,52.439998626708984,52.66999816894531,4215600
2024-12-20,50.17548751831055,53.65999984741211,53.81999969482422,52.95000076293945,53.0099983215332,8702800
2024-12-23,50.194183349609375,53.68000030517578,53.68000030517578,53.04999923706055,53.560001373291016,4063300
2024-12-24,50.27833938598633,53.77000045776367,53.81999969482422,53.2400016784668,53.31999969482422,1329400
2024-12-26,50.22223663330078,53.709999084472656,53.869998931884766,53.5,53.540000915527344,1835200
2024-12-27,50.42795181274414,53.93000030517578,54.099998474121094,53.33000183105469,53.36000061035156,2932200
2024-12-30,50.37185287475586,53.869998931884766,54.029998779296875,53.349998474121094,53.75,3202200
2024-12-31,50.36249542236328,53.86000061035156,54.2599983215332,53.349998474121094,54.0099983215332,2714900
2025-01-02,50.867431640625,54.400001525878906,54.61000061035156,53.93000030517578,54.279998779296875,3680700
2025-01-03,51.17599868774414,54.72999954223633,54.95000076293945,54.5,54.77000045776367,3366500
2025-01-06,50.17548751831055,53.65999984741211,55.119998931884766,53.2599983215332,55.119998931884766,3748700
2025-01-07,50.521453857421875,54.029998779296875,54.459999084472656,53.709999084472656,53.79999923706055,3865300
2025-01-08,51.054439544677734,54.599998474121094,54.650001525878906,53.470001220703125,53.900001525878906,4430400
2025-01-10,49.92301940917969,53.38999938964844,54.939998626708984,53.220001220703125,54.459999084472656,4196300
2025-01-13,49.98847198486328,53.459999084472656,53.54999923706055,52.95000076293945,53.439998626708984,3972500
2025-01-14,50.20354080200195,53.689998626708984,53.93000030517578,53.29999923706055,53.56999969482422,4735600
2025-01-15,50.1661376953125,53.650001525878906,54.560001373291016,53.47999954223633,54.439998626708984,4547400
2025-01-16,51.484580993652344,55.060001373291016,55.130001068115234,53.5,53.529998779296875,4578100
2025-01-17,51.690284729003906,55.279998779296875,55.709999084472656,54.650001525878906,54.900001525878906,4655500
2025-01-21,52.27937698364258,55.90999984741211,56.58000183105469,55.2400016784668,55.61000061035156,5751600
2025-01-22,49.492889404296875,52.93000030517578,55.72999954223633,52.849998474121094,55.72999954223633,5963400
2025-01-23,49.75470733642578,53.209999084472656,53.869998931884766,52.880001068115234,53.20000076293945,5134700
2025-01-24,50.007171630859375,53.47999954223633,53.720001220703125,52.900001525878906,53.0,4277100
2025-01-27,52.11106872558594,55.72999954223633,55.81999969482422,53.65999984741211,53.95000076293945,6517600
2025-01-28,51.71834182739258,55.310001373291016,56.130001068115234,54.97999954223633,55.560001373291016,4576000
2025-01-29,51.52197265625,55.099998474121094,56.130001068115234,55.08000183105469,55.310001373291016,3611500
2025-01-30,52.18587112426758,55.810001373291016,56.0,55.380001068115234,55.630001068115234,3170900
2025-01-31,51.98015594482422,55.59000015258789,55.90999984741211,55.2599983215332,55.68000030517578,4289200
2025-02-03,52.662750244140625,56.31999969482422,56.689998626708984,54.900001525878906,55.189998626708984,3921600
2025-02-04,50.45600128173828,53.959999084472656,55.72999954223633,52.93000030517578,55.72999954223633,9350800
2025-02-05,50.586910247802734,54.099998474121094,54.7599983215332,53.83000183105469,54.599998474121094,6157400
2025-02-06,50.848731994628906,54.380001068115234,54.45000076293945,53.90999984741211,54.25,3247800
2025-02-07,51.082496643066406,54.630001068115234,54.880001068115234,53.93000030517578,54.189998626708984,3067800
2025-02-10,51.71834182739258,55.310001373291016,55.34000015258789,54.400001525878906,54.5,4839200
2025-02-11,52.09236145019531,55.709999084472656,55.7599983215332,54.5,55.099998474121094,5604100
2025-02-12,52.29808044433594,55.93000030517578,56.369998931884766,54.560001373291016,55.290000915527344,5075900
2025-02-13,53.02742385864258,56.709999084472656,57.0,55.65999984741211,56.18000030517578,4995700
2025-02-14,51.98015594482422,55.59000015258789,56.9900016784668,55.45000076293945,56.91999816894531,3663700
2025-02-18,51.998863220214844,55.61000061035156,55.849998474121094,54.970001220703125,55.540000915527344,3512300
2025-02-19,52.054962158203125,55.66999816894531,55.86000061035156,55.34000015258789,55.709999084472656,4744600
2025-02-20,52.662750244140625,56.31999969482422,56.63999938964844,55.279998779296875,55.5,4128600
2025-02-21,53.70067596435547,57.43000030517578,57.540000915527344,56.0,56.25,5117600
2025-02-24,53.17703628540039,56.869998931884766,57.70000076293945,56.7599983215332,57.599998474121094,4323600
2025-02-25,53.70067596435547,57.43000030517578,57.63999938964844,56.959999084472656,57.45000076293945,3867400
2025-02-26,53.40145492553711,57.11000061035156,57.650001525878906,56.880001068115234,57.27000045776367,4422300
2025-02-27,52.81236267089844,56.47999954223633,57.790000915527344,56.470001220703125,56.90999984741211,5773100
2025-02-28,53.57693099975586,56.619998931884766,56.790000915527344,55.79999923706055,56.400001525878906,7862300
2025-03-03,53.813499450683594,56.869998931884766,57.209999084472656,56.33000183105469,56.540000915527344,6791700
2025-03-04,51.41001510620117,54.33000183105469,57.25,53.70000076293945,56.91999816894531,8397800
2025-03-05,51.1923713684082,54.099998474121094,54.529998779296875,53.779998779296875,54.029998779296875,4346700
2025-03-06,50.804412841796875,53.689998626708984,54.349998474121094,53.27000045776367,54.08000183105469,3470900
2025-03-07,52.25217819213867,55.220001220703125,55.540000915527344,53.529998779296875,53.72999954223633,6524600
2025-03-10,53.50123977661133,56.540000915527344,57.130001068115234,55.04999923706055,55.4900016784668,6307000
2025-03-11,52.17647171020508,55.13999938964844,56.970001220703125,55.0,56.689998626708984,4316600
2025-03-12,50.832801818847656,53.720001220703125,54.79999923706055,53.52000045776367,54.52000045776367,5081200
2025-03-13,51.18290710449219,54.09000015258789,54.400001525878906,53.619998931884766,53.91999816894531,3448700
2025-03-14,51.741207122802734,54.68000030517578,54.79999923706055,53.689998626708984,53.91999816894531,5187700
2025-03-17,51.76959228515625,54.709999084472656,55.33000183105469,54.29999923706055,54.790000915527344,4838700
2025-03-18,51.82636642456055,54.77000045776367,54.79999923706055,53.880001068115234,54.45000076293945,4937100
2025-03-19,51.958839416503906,54.90999984741211,55.16999816894531,54.5,54.72999954223633,4313500
2025-03-20,52.02507781982422,54.97999954223633,55.45000076293945,54.75,55.040000915527344,3984600
2025-03-21,51.61819076538086,54.54999923706055,55.279998779296875,54.209999084472656,54.79999923706055,7961400
2025-03-24,51.41001510620117,54.33000183105469,55.22999954223633,54.20000076293945,54.38999938964844,4144600
2025-03-25,50.00955581665039,52.849998474121094,54.2400016784668,52.650001525878906,54.099998474121094,5105000
2025-03-26,50.96527099609375,53.86000061035156,54.0099983215332,52.959999084472656,53.119998931884766,3618100
2025-03-27,51.54248809814453,54.470001220703125,54.58000183105469,53.70000076293945,53.95000076293945,5189900
2025-03-28,52.034542083740234,54.9900016784668,55.400001525878906,54.529998779296875,54.810001373291016,3830200
2025-03-31,53.05649185180664,56.06999969482422,56.290000915527344,55.06999969482422,55.45000076293945,7010900
2025-04-01,53.23627853393555,56.2599983215332,56.279998779296875,55.560001373291016,56.11000061035156,4612200
2025-04-02,53.2078971862793,56.22999954223633,56.560001373291016,55.869998931884766,56.5099983215332,3264000
2025-04-03,53.22682189941406,56.25,57.04999923706055,55.619998931884766,57.0,7118800
2025-04-04,49.8960075378418,52.72999954223633,56.9900016784668,52.709999084472656,56.97999954223633,8633400
2025-04-07,48.098121643066406,50.83000183105469,52.400001525878906,49.849998474121094,51.5099983215332,7889000
2025-04-08,46.99100112915039,49.65999984741211,51.33000183105469,49.04999923706055,51.130001068115234,9528800
2025-04-09,49.44180679321289,52.25,52.41999816894531,48.06999969482422,49.22999954223633,9854400
2025-04-10,49.138999938964844,51.93000030517578,52.58000183105469,50.779998779296875,52.20000076293945,5827600
2025-04-11,49.90546798706055,52.7400016784668,53.02000045776367,51.02000045776367,51.959999084472656,5152800
2025-04-14,51.1923713684082,54.099998474121094,54.2599983215332,52.59000015258789,53.0,4039800
2025-04-15,50.78547668457031,53.66999816894531,54.5,53.630001068115234,54.290000915527344,4359300
2025-04-16,50.20826721191406,53.060001373291016,54.099998474121094,52.86000061035156,54.099998474121094,6082300
2025-04-17,50.312355041503906,53.16999816894531,53.97999954223633,52.5,52.630001068115234,8734000
2025-04-21,49.26201248168945,52.060001373291016,53.15999984741211,51.41999816894531,52.91999816894531,3608600
2025-04-22,50.52999496459961,53.400001525878906,53.65999984741211,52.43000030517578,52.599998474121094,4703800
2025-04-23,50.46376037597656,53.33000183105469,54.5,52.790000915527344,53.20000076293945,5342000
2025-04-24,50.48268127441406,53.349998474121094,53.59000015258789,52.7599983215332,53.09000015258789,3980400
2025-04-25,50.104183197021484,52.95000076293945,53.45000076293945,52.91999816894531,53.2400016784668,5352200
2025-04-28,50.85171890258789,53.7400016784668,53.84000015258789,52.75,52.95000076293945,3889100
2025-04-29,51.39108657836914,54.310001373291016,54.47999954223633,53.369998931884766,53.470001220703125,5046600
2025-04-30,51.45732498168945,54.380001068115234,54.619998931884766,53.290000915527344,54.31999969482422,6157800
2025-05-01,51.88314437866211,54.83000183105469,57.02000045776367,54.709999084472656,56.63999938964844,7996200
2025-05-02,52.044002532958984,55.0,55.290000915527344,54.43000030517578,54.93000030517578,7472100
2025-05-05,51.49517059326172,54.41999816894531,54.93000030517578,53.939998626708984,54.880001068115234,4314900
2025-05-06,51.741207122802734,54.68000030517578,55.11000061035156,54.08000183105469,54.5,4100300
2025-05-07,52.18593978881836,55.150001525878906,55.689998626708984,54.29999923706055,54.5,4070100
2025-05-08,52.044002532958984,55.0,55.54999923706055,54.58000183105469,54.86000061035156,4673600
2025-05-09,52.12916564941406,55.09000015258789,55.290000915527344,54.66999816894531,55.06999969482422,3312200
2025-05-12,51.902061462402344,54.849998474121094,55.38999938964844,54.4900016784668,54.66999816894531,5756700
2025-05-13,50.91796112060547,53.810001373291016,54.97999954223633,53.7400016784668,54.88999938964844,5801700
2025-05-14,51.097747802734375,54.0,54.02000045776367,52.529998779296875,53.560001373291016,7964700
2025-05-15,52.081851959228516,55.040000915527344,55.08000183105469,53.97999954223633,54.0,5850900
2025-05-16,52.77261734008789,55.77000045776367,55.790000915527344,54.709999084472656,54.970001220703125,4679000
2025-05-19,53.17950439453125,56.20000076293945,56.209999084472656,55.0,55.41999816894531,6461000
2025-05-20,54.88276672363281,58.0,58.63999938964844,57.0,57.29999923706055,11479600
2025-05-21,53.49177551269531,56.529998779296875,57.93000030517578,56.41999816894531,57.66999816894531,7410200
2025-05-22,52.66852951049805,55.65999984741211,56.31999969482422,55.11000061035156,56.16999816894531,5419300
2025-05-23,53.264671325683594,56.290000915527344,56.470001220703125,55.02000045776367,56.0,5958200
2025-05-27,53.681026458740234,56.72999954223633,56.939998626708984,56.279998779296875,56.689998626708984,5276500
2025-05-28,52.876708984375,55.880001068115234,56.77000045776367,55.470001220703125,56.709999084472656,6772800
2025-05-29,53.65053176879883,56.02000045776367,56.11000061035156,55.02000045776367,55.20000076293945,4612200
2025-05-30,54.27303695678711,56.66999816894531,56.880001068115234,55.79999923706055,55.869998931884766,9415800
2025-06-02,54.368804931640625,56.77000045776367,57.18000030517578,56.0,56.36000061035156,4643800
2025-06-03,54.29219436645508,56.689998626708984,57.06999969482422,56.31999969482422,57.0,4737200
2025-06-04,53.7079963684082,56.08000183105469,56.790000915527344,56.060001373291016,56.75,5398000
2025-06-05,53.631378173828125,56.0,56.33000183105469,55.619998931884766,56.119998931884766,4821500
2025-06-06,53.411102294921875,55.77000045776367,56.380001068115234,55.470001220703125,56.380001068115234,4402700
2025-06-09,53.31533432006836,55.66999816894531,56.16999816894531,55.52000045776367,55.7599983215332,5535100
2025-06-10,53.257877349853516,55.61000061035156,55.93000030517578,55.279998779296875,55.650001525878906,5926500
2025-06-11,53.21956253051758,55.56999969482422,55.86000061035156,55.369998931884766,55.47999954223633,5298100
2025-06-12,53.54518127441406,55.90999984741211,55.97999954223633,55.34000015258789,55.58000183105469,4955000
2025-06-13,53.16210174560547,55.5099983215332,56.27000045776367,55.279998779296875,55.93000030517578,4289000
2025-06-16,52.41509246826172,54.72999954223633,56.16999816894531,54.59000015258789,55.72999954223633,4208200
2025-06-17,51.495697021484375,53.77000045776367,54.66999816894531,53.36000061035156,54.61000061035156,11059300
2025-06-18,51.88835525512695,54.18000030517578,54.5099983215332,53.59000015258789,54.02000045776367,10128600
2025-06-20,51.92667007446289,54.220001220703125,54.779998779296875,54.04999923706055,54.25,14473100
2025-06-23,53.516456604003906,55.880001068115234,56.0,54.25,54.45000076293945,9467300
2025-06-24,53.61221694946289,55.97999954223633,56.38999938964844,55.63999938964844,55.779998779296875,7600600
2025-06-25,52.86521530151367,55.20000076293945,55.84000015258789,54.88999938964844,55.79999923706055,4113100
2025-06-26,52.8460578918457,55.18000030517578,55.40999984741211,54.79999923706055,55.08000183105469,5695100
2025-06-27,53.506874084472656,55.869998931884766,56.22999954223633,55.13999938964844,55.619998931884766,6225500
2025-06-30,54.1293830871582,56.52000045776367,56.61000061035156,55.20000076293945,55.5099983215332,6009800
2025-07-01,55.21158981323242,57.650001525878906,57.709999084472656,56.16999816894531,56.66999816894531,5922600
2025-07-02,54.991310119628906,57.41999816894531,58.16999816894531,57.029998779296875,57.5,7517700
2025-07-03,54.45500183105469,56.86000061035156,57.61000061035156,56.65999984741211,57.25,3095600
2025-07-07,54.052764892578125,56.439998626708984,57.0,56.08000183105469,56.779998779296875,4271900
2025-07-08,53.937843322753906,56.31999969482422,56.5,55.36000061035156,56.06999969482422,4397600
2025-07-09,54.73273468017578,57.150001525878906,57.22999954223633,56.279998779296875,56.47999954223633,2890300
2025-07-10,55.700016021728516,58.15999984741211,58.31999969482422,56.52000045776367,56.66999816894531,3655100
2025-07-11,54.962581634521484,57.38999938964844,57.84000015258789,57.119998931884766,57.52000045776367,4726300
2025-07-14,54.78062057495117,57.20000076293945,57.650001525878906,56.790000915527344,57.310001373291016,3219200
2025-07-15,54.15810775756836,56.54999923706055,57.11000061035156,56.189998626708984,56.9900016784668,2985600
2025-07-16,54.751888275146484,57.16999816894531,57.36000061035156,56.40999984741211,56.58000183105469,4411100
2025-07-17,55.17327880859375,57.61000061035156,57.970001220703125,56.720001220703125,56.90999984741211,3787800
2025-07-18,55.63297653198242,58.09000015258789,58.68000030517578,57.61000061035156,57.7599983215332,5451500
2025-07-21,55.24989318847656,57.689998626708984,58.349998474121094,57.66999816894531,58.15999984741211,4380200
2025-07-22,56.03520965576172,58.5099983215332,58.630001068115234,57.439998626708984,57.81999969482422,4018000
2025-07-23,55.82451248168945,58.290000915527344,58.869998931884766,57.900001525878906,58.54999923706055,5192200
2025-07-24,56.26506042480469,58.75,59.13999938964844,58.16999816894531,58.36000061035156,3970500
2025-07-25,56.26506042480469,58.75,58.97999954223633,58.45000076293945,58.75,2908700
2025-07-28,55.546783447265625,58.0,58.689998626708984,57.81999969482422,58.599998474121094,2908100
2025-07-29,56.17886734008789,58.65999984741211,58.689998626708984,57.88999938964844,58.150001525878906,2976400
2025-07-30,55.78620910644531,58.25,59.0,58.0,58.650001525878906,4091900
2025-07-31,55.97774887084961,58.45000076293945,58.5099983215332,57.529998779296875,57.7400016784668,9138000
2025-08-01,57.85485076904297,60.40999984741211,60.779998779296875,59.04999923706055,59.08000183105469,7653300
2025-08-04,58.54439926147461,61.130001068115234,61.58000183105469,60.310001373291016,60.63999938964844,6820200
2025-08-05,58.49650955200195,61.08000183105469,61.66999816894531,60.619998931884766,61.31999969482422,10023100
2025-08-06,58.39116287231445,60.970001220703125,61.900001525878906,60.95000076293945,61.25,5408700
2025-08-07,59.12859344482422,61.7400016784668,61.97999954223633,60.61000061035156,60.84000015258789,5414600
2025-08-08,59.19563293457031,61.810001373291016,62.2599983215332,61.560001373291016,62.0,3894600
2025-08-11,58.8891716003418,61.4900016784668,62.16999816894531,61.47999954223633,62.0,4151700
2025-08-12,58.71678161621094,61.310001373291016,61.77000045776367,60.97999954223633,61.4900016784668,3460800
2025-08-13,59.47336196899414,62.099998474121094,62.150001525878906,61.33000183105469,61.58000183105469,4103200
2025-08-14,58.59227752685547,61.18000030517578,61.9900016784668,60.97999954223633,61.83000183105469,3875600
2025-08-15,58.55397033691406,61.13999938964844,61.31999969482422,60.7400016784668,61.310001373291016,6543700
2025-08-18,57.845272064208984,60.400001525878906,61.27000045776367,60.349998474121094,61.209999084472656,2865500
2025-08-19,58.70720291137695,61.29999923706055,61.33000183105469,60.5099983215332,60.529998779296875,2831800
2025-08-20,58.91790008544922,61.52000045776367,62.459999084472656,61.369998931884766,61.58000183105469,3051900
2025-08-21,58.65931701660156,61.25,61.56999969482422,60.959999084472656,61.25,2557800
2025-08-22,59.28182601928711,61.900001525878906,62.41999816894531,61.5,61.5,4595200
2025-08-25,57.64414978027344,60.189998626708984,61.689998626708984,59.689998626708984,61.20000076293945,9794200
2025-08-26,57.28980255126953,59.81999969482422,60.29999923706055,59.189998626708984,60.22999954223633,6067600
2025-08-27,57.78780746459961,60.34000015258789,60.5,59.95000076293945,59.97999954223633,3534000
2025-08-28,57.28022766113281,59.810001373291016,60.40999984741211,59.720001220703125,60.400001525878906,3771800
2025-08-29,57.36642074584961,59.900001525878906,60.189998626708984,59.65999984741211,59.790000915527344,4254000
2025-09-02,56.63856506347656,59.13999938964844,59.79999923706055,58.880001068115234,59.540000915527344,3838300
2025-09-03,56.4278678894043,58.91999816894531,59.220001220703125,58.54999923706055,58.88999938964844,4454500
2025-09-04,56.303367614746094,58.790000915527344,59.56999969482422,58.47999954223633,59.43000030517578,5589800
2025-09-05,56.369239807128906,58.189998626708984,58.599998474121094,57.779998779296875,58.290000915527344,4896000
2025-09-08,56.13675308227539,57.95000076293945,58.15999984741211,57.560001373291016,57.97999954223633,5238600
2025-09-09,57.00859069824219,58.849998474121094,58.959999084472656,57.810001373291016,57.88999938964844,5634300
2025-09-10,57.56075668334961,59.41999816894531,59.599998474121094,57.959999084472656,58.5,7993600
2025-09-11,58.132293701171875,60.0099983215332,60.11000061035156,59.08000183105469,59.130001068115234,4658000
2025-09-12,58.171043395996094,60.04999923706055,60.540000915527344,59.650001525878906,59.75,3979900
2025-09-15,58.6844596862793,60.58000183105469,60.75,60.0,60.04999923706055,6002400
2025-09-16,57.5413818359375,59.400001525878906,60.54999923706055,59.36000061035156,60.43000030517578,4550900
2025-09-17,57.73512268066406,59.599998474121094,59.97999954223633,59.45000076293945,59.630001068115234,3492100
2025-09-18,57.87074279785156,59.7400016784668,60.119998931884766,58.79999923706055,59.13999938964844,4527500
2025-09-19,57.977298736572266,59.849998474121094,60.189998626708984,59.29999923706055,60.040000915527344,9145900
2025-09-22,57.948238372802734,59.81999969482422,60.290000915527344,59.08000183105469,59.91999816894531,6387100
2025-09-23,59.20756149291992,61.119998931884766,61.209999084472656,59.650001525878906,59.75,4318500
2025-09-24,59.11069107055664,61.02000045776367,61.52000045776367,60.880001068115234,61.08000183105469,4464100
2025-09-25,57.80292892456055,59.66999816894531,61.119998931884766,59.56999969482422,61.08000183105469,4096700
2025-09-26,58.442283630371094,60.33000183105469,60.43000030517578,59.70000076293945,60.0099983215332,3114400
2025-09-29,59.01382064819336,60.91999816894531,61.06999969482422,60.349998474121094,60.56999969482422,3467200
2025-09-30,59.25599670410156,61.16999816894531,61.209999084472656,60.7400016784668,61.029998779296875,2829400
2025-10-01,58.994449615478516,60.900001525878906,61.75,60.88999938964844,61.310001373291016,3635200
2025-10-02,59.17850112915039,61.09000015258789,61.58000183105469,60.59000015258789,60.59000015258789,3583700
2025-10-03,59.604732513427734,61.529998779296875,62.04999923706055,61.15999984741211,61.15999984741211,4021900
2025-10-06,59.5756721496582,61.5,61.779998779296875,61.029998779296875,61.630001068115234,5905300
2025-10-07,58.96538162231445,60.869998931884766,62.369998931884766,60.790000915527344,62.0,9524000
2025-10-08,58.67477035522461,60.56999969482422,61.25,60.11000061035156,61.22999954223633,5312300
2025-10-09,58.374473571777344,60.2599983215332,61.22999954223633,60.02000045776367,60.849998474121094,4198000
2025-10-10,59.062259674072266,60.970001220703125,61.150001525878906,60.290000915527344,60.45000076293945,3937800
2025-10-13,59.42068099975586,61.34000015258789,61.38999938964844,60.630001068115234,60.7599983215332,2979500
2025-10-14,59.59504699707031,61.52000045776367,61.86000061035156,61.22999954223633,61.400001525878906,4398900
2025-10-15,59.759727478027344,61.689998626708984,61.970001220703125,61.31999969482422,61.709999084472656,4449800
2025-10-16,58.723209381103516,60.619998931884766,62.52000045776367,60.61000061035156,61.7599983215332,5117600
2025-10-17,58.6844596862793,60.58000183105469,60.7400016784668,60.09000015258789,60.619998931884766,4457100
2025-10-20,59.52723693847656,61.45000076293945,61.65999984741211,60.849998474121094,60.91999816894531,3726000
2025-10-21,58.96538162231445,60.869998931884766,61.75,60.45000076293945,61.630001068115234,3590000
2025-10-22,58.994449615478516,60.900001525878906,61.58000183105469,60.7400016784668,60.84000015258789,3928300
2025-10-23,58.78133010864258,60.68000030517578,61.400001525878906,60.369998931884766,61.380001068115234,3015600
2025-10-24,59.14944076538086,61.060001373291016,61.66999816894531,60.709999084472656,60.959999084472656,3669200
2025-10-27,58.89757537841797,60.79999923706055,61.349998474121094,60.29999923706055,60.849998474121094,4020200
2025-10-28,57.754493713378906,59.619998931884766,60.9900016784668,59.599998474121094,60.970001220703125,4476500
2025-10-29,57.14421081542969,58.9900016784668,59.75,58.790000915527344,59.52000045776367,4507800
2025-10-30,57.65762710571289,59.52000045776367,60.0099983215332,59.04999923706055,59.13999938964844,5005200
2025-10-31,56.85359573364258,58.689998626708984,60.7400016784668,58.2400016784668,59.7400016784668,7892500
2025-11-03,56.65985870361328,58.4900016784668,58.66999816894531,57.130001068115234,58.33000183105469,5929700
2025-11-04,57.46388244628906,59.31999969482422,59.54999923706055,58.70000076293945,58.70000076293945,6614800
2025-11-05,57.82230758666992,59.689998626708984,60.08000183105469,59.04999923706055,59.5099983215332,7846100
2025-11-06,58.606964111328125,60.5,60.720001220703125,59.70000076293945,59.70000076293945,5342400
2025-11-07,59.653175354003906,61.58000183105469,61.61000061035156,60.4900016784668,60.66999816894531,5018200
2025-11-10,58.96538162231445,60.869998931884766,61.5,60.5099983215332,61.22999954223633,4120400
2025-11-11,59.28506088256836,61.20000076293945,61.290000915527344,60.65999984741211,60.939998626708984,3509900
2025-11-12,59.449737548828125,61.369998931884766,61.5099983215332,60.95000076293945,61.130001068115234,2945500
2025-11-13,58.96538162231445,60.869998931884766,61.380001068115234,60.560001373291016,61.0099983215332,4875500
2025-11-14,58.66508865356445,60.560001373291016,61.09000015258789,60.41999816894531,60.900001525878906,4342600
2025-11-17,59.5756721496582,61.5,61.61000061035156,60.56999969482422,60.70000076293945,4432700
2025-11-18,59.52723693847656,61.45000076293945,62.18000030517578,61.27000045776367,61.689998626708984,7127400
2025-11-19,58.30665969848633,60.189998626708984,61.599998474121094,60.18000030517578,61.5,5721200
2025-11-20,58.92664337158203,60.83000183105469,61.11000061035156,60.20000076293945,60.5,4955100
2025-11-21,59.54661178588867,61.470001220703125,62.0099983215332,60.56999969482422,61.150001525878906,5538600
2025-11-24,59.672542572021484,61.599998474121094,62.040000915527344,60.61000061035156,61.400001525878906,8970700
2025-11-25,59.61442184448242,61.540000915527344,62.09000015258789,60.84000015258789,61.77000045776367,6362600
2025-11-26,60.5831298828125,62.540000915527344,62.630001068115234,61.650001525878906,61.849998474121094,3669800
2025-11-28,60.80593490600586,62.77000045776367,62.869998931884766,62.45000076293945,62.61000061035156,2034400
2025-12-01,58.89757537841797,60.79999923706055,62.709999084472656,60.68000030517578,62.70000076293945,7124500
2025-12-02,58.46165466308594,60.349998474121094,60.97999954223633,60.029998779296875,60.97999954223633,6108000
2025-12-03,58.151668548583984,60.029998779296875,60.90999984741211,59.84000015258789,60.5099983215332,7941900
2025-12-04,57.96761703491211,59.84000015258789,60.369998931884766,59.63999938964844,60.04999923706055,7389000
2025-12-05,57.29949951171875,58.4900016784668,59.13999938964844,58.459999084472656,58.9900016784668,7138000
2025-12-08,57.250511169433594,58.439998626708984,59.0,57.970001220703125,58.599998474121094,5467900
2025-12-09,57.27010726928711,58.459999084472656,59.15999984741211,58.220001220703125,58.75,4456500
2025-12-10,56.87824630737305,58.060001373291016,58.439998626708984,57.61000061035156,58.400001525878906,6792200
2025-12-11,56.98600769042969,58.16999816894531,58.72999954223633,57.900001525878906,58.0099983215332,6554400
2025-12-12,58.12240219116211,59.33000183105469,59.41999816894531,58.2400016784668,58.25,7601200
2025-12-15,58.62201690673828,59.84000015258789,59.939998626708984,58.95000076293945,59.43000030517578,6858700
2025-12-16,58.13219451904297,59.34000015258789,59.95000076293945,59.029998779296875,59.810001373291016,7027200
2025-12-17,58.88652420043945,60.11000061035156,60.40999984741211,58.95000076293945,59.41999816894531,9188200
2025-12-18,58.87672424316406,60.099998474121094,60.470001220703125,59.970001220703125,60.380001068115234,11093100
2025-12-19,58.220359802246094,59.43000030517578,60.47999954223633,59.31999969482422,60.290000915527344,10159800
2025-12-22,56.05534362792969,57.220001220703125,58.4900016784668,55.849998474121094,58.47999954223633,18834500
2025-12-23,56.95661926269531,58.13999938964844,58.310001373291016,56.880001068115234,56.9900016784668,8862900
2025-12-24,57.80891036987305,59.0099983215332,59.0099983215332,58.130001068115234,58.130001068115234,3079300
2025-12-26,57.99504470825195,59.20000076293945,59.27000045776367,58.79999923706055,58.84000015258789,4342400
2025-12-29,58.04402542114258,59.25,59.72999954223633,59.130001068115234,59.290000915527344,6530000
2025-12-30,57.85789489746094,59.060001373291016,59.369998931884766,58.91999816894531,59.150001525878906,4061400
2025-12-31,57.3974609375,58.59000015258789,59.09000015258789,58.56999969482422,59.0,3370800
2026-01-02,58.03423309326172,59.2400016784668,59.380001068115234,58.27000045776367,58.90999984741211,5675200
2026-01-05,57.49542236328125,58.689998626708984,59.2400016784668,57.5,58.970001220703125,5283800
2026-01-06,57.52481460571289,58.720001220703125,59.209999084472656,58.59000015258789,58.79999923706055,6171000
2026-01-07,55.91819381713867,57.08000183105469,58.97999954223633,56.90999984741211,58.900001525878906,7836500
2026-01-08,56.623538970947266,57.79999923706055,58.310001373291016,57.029998779296875,57.040000915527344,5570100
2026-01-09,56.79987716674805,57.97999954223633,58.52000045776367,57.900001525878906,57.900001525878906,4880700
2026-01-12,57.20153045654297,58.38999938964844,58.810001373291016,57.470001220703125,57.970001220703125,11453900
2026-01-13,57.81871032714844,59.02000045776367,59.29999923706055,57.86000061035156,58.400001525878906,7851500
2026-01-14,59.02367401123047,60.25,60.5,59.11000061035156,59.119998931884766,6151200
2026-01-15,59.111839294433594,60.34000015258789,60.720001220703125,59.900001525878906,60.43000030517578,5335200
2026-01-16,59.88576126098633,61.130001068115234,61.5,59.849998474121094,60.099998474121094,6710200
2026-01-20,59.84657669067383,61.09000015258789,61.150001525878906,60.27000045776367,61.09000015258789,6392900
2026-01-21,59.68003463745117,60.91999816894531,61.810001373291016,60.4900016784668,61.5,6995200
2026-01-22,58.71018600463867,59.93000030517578,61.15999984741211,59.900001525878906,61.029998779296875,4707300
2026-01-23,58.386898040771484,59.599998474121094,59.880001068115234,58.9900016784668,59.7599983215332,5245600
2026-01-26,59.013877868652344,60.2400016784668,60.709999084472656,59.849998474121094,59.849998474121094,4454200
2026-01-27,59.88576126098633,61.130001068115234,61.189998626708984,59.959999084472656,60.20000076293945,3876500
2026-01-28,59.474308013916016,60.709999084472656,61.560001373291016,60.45000076293945,61.040000915527344,3386200
2026-01-29,59.59186935424805,60.83000183105469,61.369998931884766,60.31999969482422,61.08000183105469,4288000
2026-01-30,58.9453010559082,60.16999816894531,60.95000076293945,59.619998931884766,60.86000061035156,8217000
2026-02-02,58.80815124511719,60.029998779296875,60.970001220703125,59.529998779296875,60.27000045776367,6022800
2026-02-03,60.179656982421875,61.43000030517578,61.72999954223633,60.16999816894531,60.16999816894531,7696100
2026-02-04,61.061336517333984,62.33000183105469,62.90999984741211,61.75,61.939998626708984,5492700
2026-02-05,61.24747085571289,62.52000045776367,62.81999969482422,62.08000183105469,62.560001373291016,3495500
2026-02-06,61.061336517333984,62.33000183105469,63.43000030517578,61.65999984741211,62.9900016784668,3658700
2026-02-09,61.09072494506836,62.36000061035156,62.41999816894531,61.619998931884766,62.27000045776367,3375600
2026-02-10,62.49161911010742,63.790000915527344,64.43000030517578,62.310001373291016,62.560001373291016,6345700
2026-02-11,63.33411407470703,64.6500015258789,64.83999633789062,63.4900016784668,63.880001068115234,4459200
2026-02-12,63.7945556640625,65.12000274658203,66.1500015258789,64.69999694824219,64.69999694824219,8873000
2026-02-13,65.15625762939453,66.51000213623047,66.79000091552734,65.0,65.0,4554200
2026-02-17,64.31375885009766,65.6500015258789,67.56999969482422,65.5,67.22000122070312,6672800
2026-02-18,63.402687072753906,64.72000122070312,66.0,64.56999969482422,65.73999786376953,6582700
2026-02-19,64.12763214111328,65.45999908447266,65.55000305175781,64.56999969482422,64.97000122070312,6897800
2026-02-20,64.6174545288086,65.95999908447266,66.16999816894531,65.2300033569336,66.0,9279300
2026-02-23,62.922664642333984,64.2300033569336,66.44000244140625,63.959999084472656,66.18000030517578,10616600
2026-02-24,62.4426383972168,63.7400016784668,64.33999633789062,63.04999923706055,64.16999816894531,6820800
2026-02-25,62.276100158691406,63.56999969482422,64.13999938964844,62.65999984741211,63.79999923706055,5696400
2026-02-26,62.06057357788086,63.349998474121094,64.06999969482422,63.20000076293945,63.790000915527344,5046800
2026-02-27,62.514034271240234,63.13999938964844,63.220001220703125,62.52000045776367,62.66999816894531,14187500
2026-03-02,62.4249267578125,63.04999923706055,63.40999984741211,62.83000183105469,63.0,6884400
2026-03-03,62.058597564697266,62.68000030517578,63.2400016784668,60.77000045776367,62.18000030517578,4503500
2026-03-04,61.949684143066406,62.56999969482422,62.939998626708984,61.790000915527344,62.66999816894531,4959700
2026-03-05,62.375423431396484,63.0,63.11000061035156,62.04999923706055,62.33000183105469,5714900
2026-03-06,62.61304473876953,63.2400016784668,63.400001525878906,62.040000915527344,62.66999816894531,4420700
2026-03-09,62.28631591796875,62.90999984741211,63.2400016784668,62.04999923706055,63.09000015258789,3381800
2026-03-10,62.10810089111328,62.72999954223633,63.34000015258789,62.27000045776367,62.43000030517578,3434200
2026-03-11,61.59325408935547,62.209999084472656,62.81999969482422,61.9900016784668,62.52000045776367,3261300
2026-03-12,62.217010498046875,62.84000015258789,63.7599983215332,61.95000076293945,62.04999923706055,4885800
2026-03-13,62.58333969116211,63.209999084472656,63.849998474121094,63.09000015258789,63.709999084472656,4294700
2026-03-16,62.791255950927734,63.41999816894531,63.849998474121094,63.189998626708984,63.81999969482422,3096300
2026-03-17,62.40512466430664,63.029998779296875,64.02999877929688,63.0099983215332,63.939998626708984,3777200
2026-03-18,61.58335494995117,62.20000076293945,62.91999816894531,62.189998626708984,62.84000015258789,3519100
2026-03-19,60.41505432128906,61.02000045776367,62.349998474121094,60.15999984741211,62.15999984741211,5069500
2026-03-20,58.79131317138672,59.380001068115234,61.2599983215332,59.09000015258789,61.099998474121094,7784800
2026-03-23,59.22694778442383,59.81999969482422,60.59000015258789,59.369998931884766,60.13999938964844,5266300
2026-03-24,59.672489166259766,60.27000045776367,60.900001525878906,59.31999969482422,59.45000076293945,3396000
2026-03-25,60.05862045288086,60.65999984741211,61.290000915527344,60.33000183105469,60.7400016784668,3864700
2026-03-26,60.29624557495117,60.900001525878906,61.40999984741211,60.2599983215332,60.59000015258789,3139700
2026-03-27,60.27643966674805,60.880001068115234,61.439998626708984,60.630001068115234,60.939998626708984,3699900
2026-03-30,61.226924896240234,61.84000015258789,62.52000045776367,61.25,61.779998779296875,3906000
2026-03-31,61.207122802734375,61.81999969482422,62.2599983215332,61.150001525878906,62.15999984741211,4552200
2026-04-01,61.43484115600586,62.04999923706055,62.45000076293945,61.61000061035156,61.61000061035156,3674900
2026-04-02,62.147705078125,62.77000045776367,62.959999084472656,62.0,62.099998474121094,3451800
2026-04-06,61.60315704345703,62.220001220703125,62.939998626708984,62.099998474121094,62.43000030517578,2373200
2026-04-07,62.06849670410156,62.689998626708984,63.150001525878906,62.16999816894531,62.16999816894531,2642100
2026-04-08,62.57344055175781,63.20000076293945,63.22999954223633,61.790000915527344,61.91999816894531,3515700
2026-04-09,63.47441864013672,64.11000061035156,64.58000183105469,62.56999969482422,62.56999969482422,4386500
2026-04-10,63.593231201171875,64.2300033569336,65.12999725341797,63.93000030517578,64.0999984741211,4707400
2026-04-13,62.34572219848633,62.970001220703125,64.1500015258789,62.58000183105469,64.08000183105469,3541000
2026-04-14,63.07838439941406,63.709999084472656,63.869998931884766,62.18000030517578,62.790000915527344,5177800
2026-04-15,61.76156997680664,62.380001068115234,63.400001525878906,62.18000030517578,63.2400016784668,5125400
2026-04-16,61.86057662963867,62.47999954223633,62.720001220703125,61.68000030517578,62.220001220703125,4534600
2026-04-17,61.801170349121094,62.41999816894531,62.66999816894531,61.560001373291016,62.119998931884766,5763200
2026-04-20,61.60315704345703,62.220001220703125,63.04999923706055,61.970001220703125,62.36000061035156,3029500
2026-04-21,60.48435974121094,61.09000015258789,62.34000015258789,61.0099983215332,62.27000045776367,4344100
2026-04-22,60.34574890136719,60.95000076293945,61.779998779296875,60.439998626708984,61.56999969482422,4908200
2026-04-23,61.90018081665039,62.52000045776367,62.599998474121094,61.310001373291016,61.54999923706055,4060200
2026-04-24,61.95958709716797,62.58000183105469,62.900001525878906,61.880001068115234,62.45000076293945,2931000
2026-04-27,61.88037872314453,62.5,63.099998474121094,62.369998931884766,62.41999816894531,3446800
2026-04-28,62.26651382446289,62.88999938964844,63.459999084472656,62.540000915527344,63.04999923706055,4394000
2026-04-29,61.88037872314453,62.5,63.290000915527344,62.40999984741211,62.54999923706055,7278700
2026-04-30,63.86055374145508,64.5,64.66999816894531,62.77000045776367,63.20000076293945,8054400
2026-05-01,63.30610275268555,63.939998626708984,65.61000061035156,63.75,64.5,6257900
2026-05-04,62.32592010498047,62.95000076293945,64.12999725341797,62.66999816894531,63.400001525878906,3883900
2026-05-05,62.36552429199219,62.9900016784668,63.7599983215332,62.689998626708984,63.209999084472656,3332600
2026-05-06,61.02890396118164,61.63999938964844,62.970001220703125,61.61000061035156,62.91999816894531,5139400
2026-05-07,60.999202728271484,61.61000061035156,61.70000076293945,61.16999816894531,61.52000045776367,3190800
2026-05-08,61.27642822265625,61.88999938964844,62.099998474121094,61.040000915527344,61.86000061035156,6031800
2026-05-11,61.93978500366211,62.560001373291016,62.630001068115234,61.75,62.349998474121094,5559500
2026-05-12,62.29621505737305,62.91999816894531,63.099998474121094,62.130001068115234,62.720001220703125,4791500
2026-05-13,62.098201751708984,62.720001220703125,63.18000030517578,61.83000183105469,62.09000015258789,6126600
2026-05-14,62.34572219848633,62.970001220703125,63.0099983215332,62.52000045776367,62.52000045776367,3167400
2026-05-15,61.118011474609375,61.72999954223633,63.119998931884766,61.709999084472656,62.86000061035156,4678300
2026-05-18,66.89021301269531,67.55999755859375,68.97000122070312,66.44999694824219,68.63999938964844,40094600
2026-05-19,67.45455932617188,68.12999725341797,68.45999908447266,66.30000305175781,67.19999694824219,18275300
2026-05-20,67.05853271484375,67.7300033569336,68.88999938964844,67.30999755859375,68.19999694824219,12506100
2026-05-21,67.61297607421875,68.29000091552734,68.48999786376953,67.58000183105469,67.5999984741211,9778500
2026-05-22,66.9991226196289,67.66999816894531,68.58000183105469,67.43000030517578,68.20999908447266,6459900
2026-05-26,66.61299133300781,67.27999877929688,68.12999725341797,67.19999694824219,67.69999694824219,8121200
2026-05-27,66.53378295898438,67.19999694824219,67.66999816894531,66.87000274658203,67.16999816894531,7337900
2026-05-28,66.71199798583984,67.37999725341797,68.37999725341797,67.37000274658203,67.83999633789062,15167100
2026-05-29,66.94000244140625,66.94000244140625,67.11000061035156,65.83000183105469,66.75,15741500
2026-06-01,64.61000061035156,64.61000061035156,66.43000030517578,64.55000305175781,66.25,6493700
2026-06-02,66.47000122070312,66.47000122070312,66.48999786376953,64.5999984741211,64.5999984741211,7134900
2026-06-03,65.45999908447266,65.45999908447266,67.0999984741211,65.45999908447266,66.4000015258789,8595200
2026-06-04,66.5,66.5,66.95999908447266,65.47000122070312,65.61000061035156,6168200
2026-06-05,66.9000015258789,66.9000015258789,67.5199966430664,66.19999694824219,66.19999694824219,5119200
2026-06-08,65.5199966430664,65.5199966430664,67.19999694824219,65.51000213623047,66.9800033569336,5624400
2026-06-09,66.25,66.25,66.4000015258789,65.47000122070312,65.7699966430664,11509000
2026-06-10,66.7699966430664,66.7699966430664,66.95999908447266,66.16000366210938,66.83000183105469,6185200
2026-06-11,66.69000244140625,66.69000244140625,67.45999908447266,66.61000061035156,67.0,6979700
2026-06-12,67.91000366210938,67.91000366210938,68.12999725341797,67.12000274658203,67.22000122070312,5831000
2026-06-15,68.1500015258789,68.1500015258789,68.62999725341797,67.33000183105469,67.54000091552734,7790000
2026-06-16,68.5,68.5,69.25,68.11000061035156,68.13999938964844,6131900
2026-06-17,68.0199966430664,68.0199966430664,68.75,67.87000274658203,67.97000122070312,7105700
2026-06-18,68.41000366210938,68.41000366210938,69.27999877929688,68.08000183105469,68.11000061035156,16090100
2026-06-22,68.04000091552734,68.04000091552734,69.19000244140625,67.87000274658203,68.80000305175781,9226100
2026-06-23,68.44999694824219,68.44999694824219,68.87000274658203,68.06999969482422,68.20999908447266,5393800
2026-06-24,69.26000213623047,69.26000213623047,69.43000030517578,68.41000366210938,68.5999984741211,4446200
2026-06-25,69.51000213623047,69.51000213623047,70.16999816894531,68.77999877929688,69.62999725341797,4209000
2026-06-26,69.38999938964844,69.38999938964844,69.8499984741211,68.88999938964844,69.58999633789062,7800000
2026-06-29,69.18000030517578,69.18000030517578,69.9000015258789,68.7699966430664,69.38999938964844,3999000
2026-06-30,68.29000091552734,68.29000091552734,69.30999755859375,68.23999786376953,68.91999816894531,5656700
2026-07-01,67.79000091552734,67.79000091552734,68.52999877929688,67.37999725341797,68.36000061035156,6183900
2026-07-02,69.75,69.75,69.81999969482422,68.04000091552734,68.1500015258789,4301400
2026-07-06,69.26000213623047,69.26000213623047,69.7300033569336,68.93000030517578,69.69000244140625,5046300
2026-07-07,69.83000183105469,69.83000183105469,70.58999633789062,69.66999816894531,69.66999816894531,13939100
2026-07-08,69.86000061035156,69.86000061035156,70.2300033569336,69.36000061035156,69.87000274658203,5728600
2026-07-09,69.44999694824219,69.44999694824219,70.20999908447266,69.30000305175781,70.0,5113300
2026-07-10,70.08000183105469,70.08000183105469,70.2699966430664,69.43000030517578,69.56999969482422,3956900
2026-07-13,70.80000305175781,70.80000305175781,70.98999786376953,70.1500015258789,70.26000213623047,3357100
2026-07-14,71.30000305175781,71.30000305175781,71.58000183105469,70.8499984741211,71.0,4544100
2026-07-15,70.97000122070312,70.97000122070312,71.51000213623047,70.44000244140625,71.11000061035156,4539600
2026-07-16,71.69000244140625,71.69000244140625,71.83999633789062,70.41999816894531,70.7699966430664,3690000
2026-07-17,71.04000091552734,71.04000091552734,72.98999786376953,70.93000030517578,72.4800033569336,4492300
2026-07-20,70.36000061035156,70.36000061035156,71.61000061035156,70.16999816894531,71.08999633789062,3009100
2026-07-21,69.8499984741211,69.8499984741211,70.61000061035156,69.77999877929688,70.3499984741211,2871800
2026-07-22,71.08999633789062,71.08999633789062,71.2300033569336,70.1500015258789,70.38999938964844,3272900
2026-07-23,71.45999908447266,71.45999908447266,71.80999755859375,70.56999969482422,70.62999725341797,4373800
2026-07-24,71.0999984741211,71.0999984741211,71.9000015258789,70.80000305175781,71.66999816894531,3480100
2026-07-27,70.2699966430664,70.2699966430664,71.41000366210938,70.08999633789062,70.81999969482422,2902600
