Date,Adj Close,Close,High,Low,Open,Volume
2021-08-02,56.55711364746094,71.62000274658203,74.38999938964844,71.37999725341797,72.83000183105469,5653200
2021-08-03,58.183868408203125,73.68000030517578,74.29000091552734,70.87999725341797,71.37999725341797,4718300
2021-08-04,55.862205505371094,70.73999786376953,73.04000091552734,70.5,71.83000183105469,4964400
2021-08-05,55.862205505371094,70.73999786376953,71.95999908447266,69.76000213623047,71.12999725341797,6534100
2021-08-06,56.01225280761719,70.93000030517578,72.16999816894531,70.61000061035156,71.83000183105469,4560900
2021-08-09,54.78822326660156,69.37999725341797,70.61000061035156,68.86000061035156,69.5999984741211,3909300
2021-08-10,54.274940490722656,68.7300033569336,70.31999969482422,67.9800033569336,69.63999938964844,16155800
2021-08-11,54.85140609741211,69.45999908447266,69.87999725341797,68.0199966430664,68.86000061035156,7844900
2021-08-12,55.11199188232422,69.79000091552734,70.0,68.69999694824219,69.54000091552734,3905000
2021-08-13,53.69847106933594,68.0,69.8499984741211,67.95999908447266,69.83000183105469,2509200
2021-08-16,52.055931091308594,65.91999816894531,67.4000015258789,65.83000183105469,66.9800033569336,3657800
2021-08-17,52.09540557861328,65.97000122070312,66.83999633789062,65.3499984741211,65.5,4609300
2021-08-18,51.61370849609375,65.36000061035156,67.55000305175781,65.2300033569336,65.94000244140625,5504100
2021-08-19,50.745059967041016,64.26000213623047,65.44000244140625,62.810001373291016,64.33000183105469,5467600
2021-08-20,50.91088104248047,64.47000122070312,65.0,63.25,63.459999084472656,3554000
2021-08-23,53.414188385009766,67.63999938964844,68.04000091552734,66.33999633789062,66.87000274658203,4195000
2021-08-24,54.0538215637207,68.44999694824219,68.81999969482422,67.47000122070312,68.16000366210938,3638900
2021-08-25,54.274940490722656,68.7300033569336,69.29000091552734,67.7699966430664,68.55000305175781,2362900
2021-08-26,53.248355865478516,67.43000030517578,68.3499984741211,67.0199966430664,68.0199966430664,3247400
2021-08-27,54.985652923583984,69.62999725341797,70.41000366210938,68.4000015258789,68.4000015258789,3440800
2021-08-30,53.21677017211914,67.38999938964844,69.36000061035156,67.36000061035156,68.8499984741211,4614000
2021-08-31,53.31943130493164,67.5199966430664,68.20999908447266,66.66999816894531,67.36000061035156,4744100
2021-09-01,52.40338134765625,66.36000061035156,68.0199966430664,66.05000305175781,67.72000122070312,3737900
2021-09-02,53.98275375366211,68.36000061035156,69.5199966430664,66.93000030517578,67.0,3541100
2021-09-03,53.69057846069336,67.98999786376953,68.55000305175781,67.20999908447266,68.01000213623047,2450200
2021-09-07,53.437870025634766,67.66999816894531,68.31999969482422,66.94999694824219,67.31999969482422,2274100
2021-09-08,53.05093002319336,67.18000030517578,68.55999755859375,66.8499984741211,68.27999877929688,2927300
2021-09-09,53.18517303466797,67.3499984741211,68.19999694824219,66.08000183105469,66.66999816894531,3286600
2021-09-10,53.019351959228516,67.13999938964844,68.91999816894531,66.97000122070312,68.48999786376953,2768900
2021-09-13,55.34890365600586,70.08999633789062,71.37999725341797,69.08000183105469,69.13999938964844,5099500
2021-09-14,54.89877700805664,69.5199966430664,70.94999694824219,69.16999816894531,70.7300033569336,4747900
2021-09-15,59.471038818359375,75.30999755859375,75.52999877929688,71.0199966430664,71.18000030517578,8412500
2021-09-16,58.41288375854492,73.97000122070312,75.44999694824219,73.4000015258789,74.80999755859375,4326800
2021-09-17,58.63397979736328,74.25,74.93000030517578,73.48999786376953,74.04000091552734,6397200
2021-09-20,56.48603439331055,71.52999877929688,72.91000366210938,70.41000366210938,71.87999725341797,5227600
2021-09-21,57.023040771484375,72.20999908447266,73.16000366210938,71.37999725341797,72.5,3871000
2021-09-22,58.910369873046875,74.5999984741211,75.33000183105469,72.76000213623047,72.76000213623047,4775400
2021-09-23,60.70295715332031,76.87000274658203,77.05000305175781,74.4800033569336,74.91999816894531,3893800
2021-09-24,61.67425537109375,78.0999984741211,78.87000274658203,76.0199966430664,76.29000091552734,5126200
2021-09-27,64.60398864746094,81.80999755859375,82.41000366210938,80.29000091552734,80.44999694824219,5002000
2021-09-28,64.54082489013672,81.7300033569336,83.4800033569336,81.33000183105469,82.95999908447266,5830500
2021-09-29,65.20417022705078,82.56999969482422,83.5999984741211,80.4800033569336,81.70999908447266,4809400
2021-09-30,63.38788986206055,80.2699966430664,82.38999938964844,79.91000366210938,82.33999633789062,6709300
2021-10-01,66.26234436035156,83.91000366210938,84.13999938964844,81.01000213623047,81.0999984741211,5179400
2021-10-04,68.2286376953125,86.4000015258789,87.79000091552734,84.62999725341797,85.0,6252600
2021-10-05,68.78144836425781,87.0999984741211,89.4800033569336,86.75,87.7699966430664,6931000
2021-10-06,68.36290740966797,86.56999969482422,87.05999755859375,84.06999969482422,85.80000305175781,5049100
2021-10-07,67.7469253540039,85.79000091552734,86.80000305175781,85.06999969482422,86.45999908447266,4286200
2021-10-08,71.49003601074219,90.52999877929688,90.91000366210938,86.80000305175781,86.80000305175781,4848700
2021-10-11,71.1978530883789,90.16000366210938,93.06999969482422,90.04000091552734,92.30000305175781,4611400
2021-10-12,71.16625213623047,90.12000274658203,91.94000244140625,89.37999725341797,89.81999969482422,4565100
2021-10-13,71.395263671875,90.41000366210938,91.58999633789062,88.02999877929688,88.98999786376953,4415900
2021-10-14,71.84983825683594,90.56999969482422,91.30000305175781,88.54000091552734,90.54000091552734,3583100
2021-10-15,71.0962142944336,89.62000274658203,91.88999938964844,89.54000091552734,91.83000183105469,3179500
2021-10-18,70.85027313232422,89.30999755859375,91.94000244140625,88.58999633789062,90.36000061035156,4664400
2021-10-19,71.52458953857422,90.16000366210938,90.8499984741211,88.0999984741211,89.41000366210938,2821100
2021-10-20,73.8569107055664,93.0999984741211,93.43000030517578,89.04000091552734,89.51000213623047,3799100
2021-10-21,72.11164093017578,90.9000015258789,92.7300033569336,89.88999938964844,91.97000122070312,3464400
2021-10-22,72.9842758178711,92.0,92.4000015258789,90.6500015258789,91.58000183105469,2202600
2021-10-25,74.60262298583984,94.04000091552734,94.73999786376953,92.83999633789062,93.5,3849100
2021-10-26,75.36419677734375,95.0,95.63999938964844,93.83999633789062,94.54000091552734,2617600
2021-10-27,73.80931091308594,93.04000091552734,94.6500015258789,92.33999633789062,93.5199966430664,3992200
2021-10-28,74.42015075683594,93.80999755859375,94.0199966430664,92.41999816894531,92.44999694824219,2284600
2021-10-29,73.34920501708984,92.45999908447266,94.5999984741211,91.83999633789062,93.5199966430664,2293900
2021-11-01,74.14250183105469,93.45999908447266,94.20999908447266,92.51000213623047,93.63999938964844,3190600
2021-11-02,73.63479614257812,92.81999969482422,94.19000244140625,92.20999908447266,92.7300033569336,2327300
2021-11-03,72.15129852294922,90.94999694824219,93.11000061035156,90.1500015258789,91.56999969482422,4917500
2021-11-04,72.11164093017578,90.9000015258789,93.62999725341797,90.12999725341797,92.58000183105469,5006500
2021-11-05,75.45939636230469,95.12000274658203,96.19000244140625,92.87999725341797,94.97000122070312,7202000
2021-11-08,76.94287872314453,96.98999786376953,98.19999694824219,95.80999755859375,96.22000122070312,3487300
2021-11-09,77.03807067871094,97.11000061035156,97.47000122070312,94.80999755859375,96.87000274658203,2439400
2021-11-10,74.80095672607422,94.29000091552734,96.41999816894531,93.02999877929688,96.2300033569336,4271500
2021-11-11,75.30072784423828,94.91999816894531,96.31999969482422,94.7300033569336,94.7300033569336,3068600
2021-11-12,75.23725128173828,94.83999633789062,96.02999877929688,94.29000091552734,94.48999786376953,3539500
2021-11-15,73.93623352050781,93.19999694824219,94.70999908447266,92.31999969482422,94.44999694824219,6183400
2021-11-16,72.90492248535156,91.9000015258789,93.80000305175781,91.83999633789062,93.61000061035156,4718800
2021-11-17,71.46112060546875,90.08000183105469,92.4800033569336,89.20999908447266,90.70999908447266,6058000
2021-11-18,71.0962142944336,89.62000274658203,91.0,88.56999969482422,89.91999816894531,4543000
2021-11-19,67.97056579589844,85.68000030517578,88.0,85.31999969482422,87.94000244140625,5732400
2021-11-22,68.78767395019531,86.70999908447266,88.2699966430664,85.5999984741211,85.5999984741211,6530400
2021-11-23,72.79387664794922,91.76000213623047,91.8499984741211,88.2300033569336,88.55000305175781,4901700
2021-11-24,73.8172378540039,93.05000305175781,93.43000030517578,90.91999816894531,90.91999816894531,3049700
2021-11-26,69.35092163085938,87.41999816894531,88.19999694824219,84.69999694824219,87.83000183105469,4738200
2021-11-29,70.12042236328125,88.38999938964844,91.5199966430664,88.18000030517578,90.44000244140625,4061700
2021-11-30,69.01775360107422,87.0,89.0999984741211,86.0,87.02999877929688,7858200
2021-12-01,67.70878601074219,85.3499984741211,89.94000244140625,85.2300033569336,89.43000030517578,5594600
2021-12-02,68.66866302490234,86.55999755859375,87.05000305175781,83.25,84.75,5674200
2021-12-03,68.21649169921875,85.98999786376953,89.0999984741211,85.1500015258789,88.63999938964844,5592900
2021-12-06,69.46992492675781,87.56999969482422,89.12000274658203,86.80999755859375,88.0,3091200
2021-12-07,71.84191131591797,90.55999755859375,91.91999816894531,88.93000030517578,89.0,4748700
2021-12-08,71.46112060546875,90.08000183105469,91.30000305175781,89.19000244140625,90.7300033569336,3109200
2021-12-09,70.50914001464844,88.87999725341797,89.91000366210938,88.2300033569336,89.76000213623047,3957600
2021-12-10,71.14378356933594,89.68000030517578,89.98999786376953,87.30999755859375,89.91000366210938,3615200
2021-12-13,69.83484649658203,88.02999877929688,89.5199966430664,86.81999969482422,88.80000305175781,3999100
2021-12-14,69.24227905273438,85.30000305175781,86.48999786376953,84.43000030517578,85.41000366210938,3412400
2021-12-15,68.84449768066406,84.80999755859375,85.69000244140625,82.06999969482422,85.62999725341797,3148500
2021-12-16,69.9647216796875,86.19000244140625,88.5199966430664,85.44999694824219,85.86000061035156,5108400
2021-12-17,68.1869888305664,84.0,85.83000183105469,83.47000122070312,85.81999969482422,9057600
2021-12-20,67.84605407714844,83.58000183105469,83.62999725341797,80.66999816894531,81.80000305175781,2937500
2021-12-21,70.0946044921875,86.3499984741211,86.63999938964844,84.31999969482422,84.4800033569336,3089500
2021-12-22,70.80081176757812,87.22000122070312,87.94999694824219,84.87999725341797,86.22000122070312,2713900
2021-12-23,70.76836395263672,87.18000030517578,88.2300033569336,86.87000274658203,87.25,2458300
2021-12-27,73.69063568115234,90.77999877929688,90.81999969482422,86.04000091552734,86.98999786376953,2714800
2021-12-28,73.23607635498047,90.22000122070312,91.63999938964844,89.08000183105469,91.4000015258789,2307900
2021-12-29,72.93572235107422,89.8499984741211,91.06999969482422,89.25,89.87999725341797,2053100
2021-12-30,72.39183044433594,89.18000030517578,90.75,89.08000183105469,89.9800033569336,2228300
2021-12-31,72.10773468017578,88.83000183105469,89.56999969482422,88.43000030517578,88.88999938964844,2062300
2022-01-03,73.9991226196289,91.16000366210938,91.22000122070312,88.29000091552734,88.33000183105469,2997400
2022-01-04,77.40034484863281,95.3499984741211,96.2699966430664,91.6500015258789,92.05000305175781,5716500
2022-01-05,75.97976684570312,93.5999984741211,97.33000183105469,93.55000305175781,97.0,6632100
2022-01-06,77.53834533691406,95.5199966430664,97.4000015258789,94.56999969482422,97.25,5254700
2022-01-07,79.68138122558594,98.16000366210938,98.2699966430664,94.88999938964844,96.01000213623047,6277800
2022-01-10,79.60018157958984,98.05999755859375,99.30999755859375,96.02999877929688,98.36000061035156,5381700
2022-01-11,82.96082305908203,102.19999694824219,102.44000244140625,97.43000030517578,99.3499984741211,4866400
2022-01-12,83.42353820800781,102.7699966430664,103.5,101.25,103.29000091552734,3953900
2022-01-13,83.4072036743164,102.0,103.3499984741211,100.62000274658203,101.5,3469200
2022-01-14,86.37548828125,105.62999725341797,106.0199966430664,102.12999725341797,102.12999725341797,4981800
2022-01-18,86.40819549560547,105.66999816894531,107.98999786376953,104.31999969482422,107.5999984741211,6205400
2022-01-19,85.96663665771484,105.12999725341797,107.16999816894531,103.05000305175781,106.77999877929688,4935500
2022-01-20,84.63375091552734,103.5,107.81999969482422,103.05000305175781,103.73999786376953,4863500
2022-01-21,82.28689575195312,100.62999725341797,102.54000091552734,99.44999694824219,102.38999938964844,3801600
2022-01-24,83.66067504882812,102.30999755859375,103.04000091552734,95.93000030517578,97.5199966430664,5916700
2022-01-25,87.44670104980469,106.94000244140625,107.69999694824219,99.36000061035156,102.25,4764900
2022-01-26,87.9291763305664,107.52999877929688,109.9000015258789,106.06999969482422,107.66999816894531,5122500
2022-01-27,89.74449157714844,109.75,111.27999877929688,107.75,109.66999816894531,6217600
2022-01-28,89.70360565185547,109.69999694824219,110.94999694824219,107.41999816894531,109.75,3832600
2022-01-31,91.1591567993164,111.4800033569336,113.19999694824219,107.68000030517578,110.52999877929688,5685000
2022-02-01,92.54927062988281,113.18000030517578,114.93000030517578,109.97000122070312,110.18000030517578,4590900
2022-02-02,92.33665466308594,112.91999816894531,113.26000213623047,109.26000213623047,112.54000091552734,4368300
2022-02-03,91.40445709228516,111.77999877929688,112.97000122070312,109.94999694824219,112.25,3569000
2022-02-04,92.97445678710938,113.69999694824219,116.52999877929688,112.93000030517578,113.30999755859375,3708300
2022-02-07,93.78402709960938,114.69000244140625,116.29000091552734,111.41000366210938,113.33999633789062,3282800
2022-02-08,91.20001220703125,111.52999877929688,113.61000061035156,109.56999969482422,113.4000015258789,5698400
2022-02-09,92.65557098388672,113.30999755859375,114.23999786376953,111.12000274658203,111.45999908447266,2969100
2022-02-10,92.12405395507812,112.66000366210938,115.45999908447266,111.8499984741211,112.4000015258789,3861900
2022-02-11,95.46852111816406,116.75,116.88999938964844,113.12999725341797,113.7300033569336,4732900
2022-02-14,92.73731994628906,113.41000366210938,116.44999694824219,112.4000015258789,116.01000213623047,3960500
2022-02-15,90.68487548828125,110.9000015258789,111.19000244140625,108.43000030517578,109.6500015258789,4001700
2022-02-16,91.39627075195312,111.7699966430664,114.30999755859375,110.87999725341797,112.08000183105469,4041100
2022-02-17,92.07500457763672,112.5999984741211,114.05999755859375,111.13999938964844,111.51000213623047,3049700
2022-02-18,91.27362823486328,111.62000274658203,112.76000213623047,110.44999694824219,110.56999969482422,3315500
2022-02-22,89.5645980834961,109.52999877929688,116.97000122070312,108.0,116.87000274658203,4658600
2022-02-23,90.2187728881836,110.33000183105469,111.55000305175781,108.87999725341797,110.36000061035156,4606600
2022-02-24,90.03068542480469,110.0999984741211,113.19000244140625,106.2699966430664,113.0,6777900
2022-02-25,87.72471618652344,107.27999877929688,112.25,105.8499984741211,111.23999786376953,10111300
2022-02-28,93.97209167480469,114.91999816894531,115.05000305175781,107.83999633789062,109.04000091552734,7794000
2022-03-01,95.19048309326172,116.41000366210938,117.44000244140625,114.37999725341797,116.0,6225200
2022-03-02,95.46033477783203,116.73999786376953,118.94999694824219,115.87999725341797,118.0,4287700
2022-03-03,95.09236145019531,116.29000091552734,117.87999725341797,114.5999984741211,115.61000061035156,4147300
2022-03-04,97.10395812988281,118.75,120.52999877929688,116.30999755859375,116.68000030517578,4902500
2022-03-07,98.2487564086914,120.1500015258789,121.77999877929688,116.54000091552734,120.0199966430664,5521300
2022-03-08,96.3353042602539,117.80999755859375,122.5,113.01000213623047,122.0,7619900
2022-03-09,93.03172302246094,113.7699966430664,116.3499984741211,111.52999877929688,114.3499984741211,5747700
2022-03-10,98.02796936035156,119.87999725341797,120.56999969482422,113.98999786376953,115.37000274658203,5386900
2022-03-11,95.41126251220703,116.68000030517578,119.30999755859375,115.30000305175781,117.81999969482422,3963600
2022-03-14,95.543212890625,115.83999633789062,118.70999908447266,111.83999633789062,118.11000061035156,6270500
2022-03-15,93.87716674804688,113.81999969482422,114.98999786376953,110.0,110.20999908447266,5415200
2022-03-16,93.20084381103516,113.0,113.77999877929688,111.37999725341797,113.29000091552734,4953600
2022-03-17,97.2175521850586,117.87000274658203,118.5,114.30000305175781,115.0,4230000
2022-03-18,95.51024627685547,115.80000305175781,120.3499984741211,113.76000213623047,118.68000030517578,25284700
2022-03-21,101.00330352783203,122.45999908447266,123.19000244140625,117.80999755859375,117.80999755859375,4776200
2022-03-22,99.65892791748047,120.83000183105469,122.54000091552734,118.94000244140625,122.12000274658203,3664300
2022-03-23,101.90232849121094,123.55000305175781,124.88999938964844,122.45999908447266,124.4000015258789,3344100
2022-03-24,99.8073959350586,121.01000213623047,123.72000122070312,120.4000015258789,123.3499984741211,2952500
2022-03-25,102.69414520263672,124.51000213623047,124.54000091552734,120.12000274658203,120.12000274658203,3124600
2022-03-28,99.68366241455078,120.86000061035156,122.55000305175781,119.70999908447266,121.83999633789062,2955600
2022-03-29,99.49394226074219,120.62999725341797,120.87999725341797,115.75,117.54000091552734,3106500
2022-03-30,99.87336730957031,121.08999633789062,123.31999969482422,120.43000030517578,121.69999694824219,2788700
2022-03-31,98.33927154541016,119.2300033569336,123.87999725341797,119.22000122070312,120.87999725341797,4036000
2022-04-01,99.24655151367188,120.33000183105469,121.47000122070312,118.75,119.27999877929688,2258000
2022-04-04,99.65892791748047,120.83000183105469,122.0,119.1500015258789,121.43000030517578,1807200
2022-04-05,97.18455505371094,117.83000183105469,122.43000030517578,117.66000366210938,120.94999694824219,2335100
2022-04-06,97.69591522216797,118.44999694824219,121.18000030517578,117.11000061035156,119.9000015258789,2847600
2022-04-07,99.4857177734375,120.62000274658203,121.0,116.91999816894531,120.0199966430664,3053800
2022-04-08,104.64888763427734,126.87999725341797,127.94999694824219,121.77999877929688,122.0,4534900
2022-04-11,100.07955932617188,121.33999633789062,125.5199966430664,120.91999816894531,125.5199966430664,3342800
2022-04-12,102.74363708496094,124.56999969482422,127.20999908447266,123.69999694824219,123.80000305175781,2993900
2022-04-13,102.52786254882812,123.55999755859375,125.68000030517578,121.5999984741211,124.87000274658203,4314900
2022-04-14,102.01342010498047,122.94000244140625,123.91999816894531,122.30999755859375,123.0,3332000
2022-04-18,102.3287353515625,123.31999969482422,125.22000122070312,122.62999725341797,124.23999786376953,4338100
2022-04-19,101.03427124023438,121.76000213623047,124.3499984741211,121.08000183105469,122.93000030517578,4861600
2022-04-20,101.80595397949219,122.69000244140625,123.37999725341797,121.70999908447266,123.0,3273900
2022-04-21,99.1506576538086,119.48999786376953,124.3499984741211,118.88999938964844,123.0199966430664,3403200
2022-04-22,96.35430908203125,116.12000274658203,120.62000274658203,115.97000122070312,118.87999725341797,3086400
2022-04-25,92.7447509765625,111.7699966430664,112.94999694824219,105.01000213623047,112.1500015258789,4813200
2022-04-26,92.59538269042969,111.58999633789062,114.9000015258789,111.19999694824219,113.20999908447266,2462000
2022-04-27,93.60771179199219,112.80999755859375,113.69999694824219,108.36000061035156,112.51000213623047,2839800
2022-04-28,97.72344207763672,117.7699966430664,119.19000244140625,110.33000183105469,113.7300033569336,3312500
2022-04-29,96.88536834716797,116.76000213623047,119.52999877929688,115.5999984741211,118.45999908447266,4734000
2022-05-02,96.51195526123047,116.30999755859375,117.04000091552734,112.0999984741211,114.93000030517578,3496000
2022-05-03,100.20449829101562,120.76000213623047,121.37999725341797,116.27999877929688,116.3499984741211,3326700
2022-05-04,103.53189849853516,124.7699966430664,124.9800033569336,120.26000213623047,123.16000366210938,3134600
2022-05-05,102.41169738769531,123.41999816894531,126.43000030517578,121.7699966430664,126.11000061035156,4289400
2022-05-06,109.71378326416016,132.22000122070312,132.35000610351562,125.05000305175781,125.9000015258789,7042600
2022-05-09,97.86451721191406,117.94000244140625,130.02000427246094,116.7699966430664,128.9499969482422,6977200
2022-05-10,99.20874786376953,119.55999755859375,125.05999755859375,117.68000030517578,120.43000030517578,5451400
2022-05-11,100.64427185058594,121.29000091552734,126.19000244140625,120.91999816894531,120.95999908447266,4167300
2022-05-12,99.99703216552734,120.51000213623047,121.69000244140625,117.54000091552734,121.63999938964844,4056100
2022-05-13,103.12533569335938,124.27999877929688,126.05999755859375,122.4000015258789,122.66999816894531,3881600
2022-05-16,104.85126495361328,126.36000061035156,128.49000549316406,124.58000183105469,124.58000183105469,3560100
2022-05-17,105.73082733154297,127.41999816894531,129.08999633789062,125.55999755859375,128.02999877929688,3496800
2022-05-18,101.7146987915039,122.58000183105469,128.88999938964844,120.7300033569336,128.2100067138672,4340700
2022-05-19,100.9844741821289,121.69999694824219,124.5999984741211,119.58000183105469,120.25,4586600
2022-05-20,101.27490234375,122.05000305175781,125.19999694824219,120.19000244140625,122.9000015258789,3559800
2022-05-23,106.27020263671875,128.07000732421875,128.27000427246094,122.41999816894531,124.27999877929688,3344300
2022-05-24,107.24932861328125,129.25,130.2100067138672,124.75,126.27999877929688,3127200
2022-05-25,110.41912078857422,133.07000732421875,133.4600067138672,129.52000427246094,130.50999450683594,3879700
2022-05-26,110.95845794677734,133.72000122070312,136.42999267578125,132.99000549316406,134.83999633789062,3384200
2022-05-27,113.5556640625,136.85000610351562,136.94000244140625,132.02000427246094,132.72999572753906,2941000
2022-05-31,113.64696502685547,136.9600067138672,141.99000549316406,136.22999572753906,139.97999572753906,7746300
2022-06-01,116.11138916015625,139.92999267578125,141.6300048828125,137.39999389648438,139.83999633789062,4390300
2022-06-02,115.70480346679688,139.44000244140625,141.0,136.66000366210938,137.8800048828125,2619700
2022-06-03,118.22734832763672,142.47999572753906,143.27000427246094,139.77999877929688,140.08999633789062,2665200
2022-06-06,117.0905532836914,141.11000061035156,143.72999572753906,139.55999755859375,143.0,3225000
2022-06-07,121.0901107788086,145.92999267578125,146.25999450683594,140.72000122070312,140.75,3354500
2022-06-08,120.93244171142578,145.74000549316406,147.99000549316406,144.9499969482422,147.0,3494800
2022-06-09,118.23564910888672,142.49000549316406,146.22999572753906,142.24000549316406,145.02000427246094,3006300
2022-06-10,119.4886474609375,144.0,145.8000030517578,140.7899932861328,141.8000030517578,5527700
2022-06-13,110.13697052001953,132.72999572753906,139.57000732421875,130.14999389648438,138.19000244140625,5685400
2022-06-14,110.4145736694336,131.25999450683594,136.11000061035156,129.05999755859375,134.5399932861328,4036500
2022-06-15,107.21803283691406,127.45999908447266,131.02000427246094,125.0,130.0500030517578,3821200
2022-06-16,100.5726318359375,119.55999755859375,125.05000305175781,118.55999755859375,123.98999786376953,5865600
2022-06-17,93.9356689453125,111.66999816894531,119.19999694824219,109.55999755859375,118.80000305175781,13623200
2022-06-21,98.96598815917969,117.6500015258789,118.37999725341797,114.51000213623047,114.55000305175781,4369000
2022-06-22,93.1785888671875,110.7699966430664,114.18000030517578,109.43000030517578,110.80999755859375,4686300
2022-06-23,90.15032196044922,107.16999816894531,112.4800033569336,104.95999908447266,111.94999694824219,6254000
2022-06-24,93.02718353271484,110.58999633789062,113.26000213623047,107.87000274658203,109.33999633789062,11648700
2022-06-27,95.69375610351562,113.76000213623047,115.19999694824219,112.0199966430664,112.6500015258789,4957800
2022-06-28,99.52117156982422,118.30999755859375,119.93000030517578,115.7300033569336,117.69999694824219,4811000
2022-06-29,95.23950958251953,113.22000122070312,121.3499984741211,112.95999908447266,120.38999938964844,4806400
2022-06-30,92.90099334716797,110.44000244140625,114.5,109.33000183105469,110.5999984741211,5585800
2022-07-01,93.89360809326172,111.62000274658203,112.75,107.75,111.87000274658203,2781600
2022-07-05,88.17352294921875,104.81999969482422,109.51000213623047,102.44999694824219,109.22000122070312,5660500
2022-07-06,84.88445281982422,100.91000366210938,104.62000274658203,97.66999816894531,102.45999908447266,6749800
2022-07-07,88.38382720947266,105.06999969482422,106.0,102.8499984741211,103.2699966430664,4605300
2022-07-08,88.7623519897461,105.5199966430664,106.94999694824219,103.1500015258789,106.47000122070312,2494000
2022-07-11,87.23138427734375,103.69999694824219,104.76000213623047,102.06999969482422,103.62000274658203,3406400
2022-07-12,83.68994140625,99.48999786376953,101.54000091552734,98.0199966430664,99.94999694824219,3873600
2022-07-13,83.60585021972656,99.38999938964844,102.26000213623047,97.72000122070312,98.19000244140625,3719700
2022-07-14,80.62235260009766,95.12000274658203,95.66000366210938,92.16000366210938,94.69000244140625,5584500
2022-07-15,82.45314025878906,97.27999877929688,97.69999694824219,95.33000183105469,97.62999725341797,3799200
2022-07-18,84.36019134521484,99.52999877929688,101.27999877929688,98.66999816894531,99.75,3301700
2022-07-19,87.82682800292969,103.62000274658203,103.69000244140625,99.22000122070312,99.25,3920900
2022-07-20,89.47962188720703,105.56999969482422,106.23999786376953,101.23999786376953,102.58999633789062,3088700
2022-07-21,87.77597045898438,103.55999755859375,103.5999984741211,101.30000305175781,102.16000366210938,4264100
2022-07-22,85.60616302490234,101.0,104.75,100.16000366210938,103.62999725341797,2274000
2022-07-25,89.40335083007812,105.4800033569336,105.97000122070312,101.31999969482422,102.56999969482422,3279500
2022-07-26,87.93701934814453,103.75,107.83000183105469,102.38999938964844,106.95999908447266,2865400
2022-07-27,91.7002944946289,108.19000244140625,108.72000122070312,104.1500015258789,104.61000061035156,3430800
2022-07-28,91.02220153808594,107.38999938964844,109.9800033569336,105.30999755859375,109.23999786376953,2766200
2022-07-29,94.26846313476562,111.22000122070312,111.56999969482422,108.19999694824219,109.7699966430664,6394800
2022-08-01,91.18327331542969,107.58000183105469,109.38999938964844,106.2699966430664,109.0,3623100
2022-08-02,90.85271453857422,107.19000244140625,108.4800033569336,106.22000122070312,107.91999816894531,3082700
2022-08-03,87.81834411621094,103.61000061035156,108.55999755859375,102.08000183105469,108.55999755859375,5654900
2022-08-04,84.60599517822266,99.81999969482422,103.20999908447266,99.58000183105469,102.68000030517578,5765900
2022-08-05,90.70013427734375,107.01000213623047,107.95999908447266,97.38999938964844,97.72000122070312,5736700
2022-08-08,90.85271453857422,107.19000244140625,108.79000091552734,106.63999938964844,107.06999969482422,3128500
2022-08-09,91.74266815185547,108.23999786376953,110.66999816894531,107.7699966430664,109.0,2565600
2022-08-10,92.37835693359375,108.98999786376953,109.66000366210938,105.52999877929688,108.16999816894531,2718500
2022-08-11,96.23487854003906,113.54000091552734,114.30000305175781,110.93000030517578,112.37999725341797,3264400
2022-08-12,97.04007720947266,114.48999786376953,114.75,111.88999938964844,112.6500015258789,2323800
2022-08-15,95.16692352294922,112.27999877929688,112.83999633789062,108.0199966430664,109.55000305175781,2975300
2022-08-16,95.277099609375,112.41000366210938,114.33000183105469,110.13999938964844,113.30000305175781,3105500
2022-08-17,96.36202239990234,113.69000244140625,114.5,111.7300033569336,112.45999908447266,2539400
2022-08-18,100.85421752929688,118.98999786376953,119.02999877929688,114.76000213623047,115.0199966430664,5001300
2022-08-19,100.65080261230469,118.75,119.22000122070312,117.3499984741211,118.72000122070312,3827600
2022-08-22,100.7779541015625,118.9000015258789,119.62999725341797,115.68000030517578,117.66999816894531,2943600
2022-08-23,103.2189712524414,121.77999877929688,123.94000244140625,121.31999969482422,121.58000183105469,3191600
2022-08-24,105.01586151123047,123.9000015258789,124.58000183105469,120.66000366210938,122.48999786376953,3551600
2022-08-25,106.13467407226562,125.22000122070312,125.86000061035156,123.22000122070312,125.12000274658203,2904900
2022-08-26,105.58375549316406,124.56999969482422,127.47000122070312,123.91999816894531,125.3499984741211,2532600
2022-08-29,107.2789077758789,126.56999969482422,129.08999633789062,123.83999633789062,124.5,2675600
2022-08-30,103.28679656982422,121.86000061035156,124.5999984741211,120.8499984741211,123.5199966430664,3297000
2022-08-31,102.81216430664062,121.30000305175781,123.69000244140625,117.56999969482422,118.33000183105469,3538100
2022-09-01,100.61689758300781,118.70999908447266,119.77999877929688,117.12999725341797,119.55000305175781,2685500
2022-09-02,102.99861145019531,121.5199966430664,123.25,120.62999725341797,122.33999633789062,2355800
2022-09-06,101.9730453491211,120.30999755859375,123.45999908447266,119.83000183105469,122.93000030517578,2395900
2022-09-07,99.3200912475586,117.18000030517578,118.86000061035156,115.55999755859375,117.0,3785500
2022-09-08,100.27787017822266,118.30999755859375,118.9000015258789,116.51000213623047,118.58999633789062,3505400
2022-09-09,104.55817413330078,123.36000061035156,124.0999984741211,120.80000305175781,120.87999725341797,2839400
2022-09-12,107.14331817626953,126.41000366210938,127.66999816894531,124.87000274658203,125.36000061035156,3460200
2022-09-13,104.1767578125,122.91000366210938,127.06999969482422,122.5199966430664,124.41000366210938,3020800
2022-09-14,108.74160766601562,126.7300033569336,128.1699981689453,122.9000015258789,123.11000061035156,3271800
2022-09-15,105.16351318359375,122.55999755859375,125.81999969482422,122.4000015258789,124.37000274658203,3534000
2022-09-16,104.2110824584961,121.44999694824219,122.9800033569336,118.6500015258789,122.81999969482422,5704200
2022-09-19,103.33585357666016,120.43000030517578,121.25,117.01000213623047,117.2300033569336,2339200
2022-09-20,102.64940643310547,119.62999725341797,120.48999786376953,117.41000366210938,120.02999877929688,2361600
2022-09-21,101.45671081542969,118.23999786376953,122.87999725341797,118.19999694824219,121.88999938964844,2540900
2022-09-22,101.55110931396484,118.3499984741211,121.2300033569336,118.18000030517578,120.44999694824219,3313400
2022-09-23,93.6312255859375,109.12000274658203,113.7300033569336,107.87999725341797,113.51000213623047,5139300
2022-09-26,90.25047302246094,105.18000030517578,109.87999725341797,105.08999633789062,108.16000366210938,4465400
2022-09-27,90.48217010498047,105.44999694824219,107.51000213623047,104.88999938964844,107.0,4404200
2022-09-28,95.87077331542969,111.7300033569336,112.37000274658203,105.77999877929688,106.0,4199100
2022-09-29,96.93475341796875,112.97000122070312,113.27999877929688,108.5,110.6500015258789,2966500
2022-09-30,95.87077331542969,111.7300033569336,113.62999725341797,109.91000366210938,111.37000274658203,3329300
2022-10-03,102.90685272216797,119.93000030517578,120.69000244140625,116.55999755859375,116.91999816894531,4243300
2022-10-04,107.4030532836914,125.16999816894531,125.37999725341797,121.47000122070312,123.04000091552734,3360400
2022-10-05,108.18387603759766,126.08000183105469,127.37000274658203,123.13999938964844,125.06999969482422,3967700
2022-10-06,109.42807006835938,127.52999877929688,128.5,124.66000366210938,124.80000305175781,5045700
2022-10-07,109.35942077636719,127.44999694824219,130.32000732421875,126.27999877929688,128.07000732421875,3655700
2022-10-10,106.14171600341797,123.69999694824219,129.24000549316406,123.3499984741211,127.44999694824219,2674300
2022-10-11,105.28365325927734,122.69999694824219,125.33000183105469,120.56999969482422,121.27999877929688,3017700
2022-10-12,105.93575286865234,123.45999908447266,124.76000213623047,120.19999694824219,121.69999694824219,2540600
2022-10-13,109.26502227783203,127.33999633789062,128.32000732421875,121.5199966430664,121.5199966430664,2803800
2022-10-14,104.06892395019531,120.56999969482422,127.29000091552734,120.5,124.93000030517578,3230200
2022-10-17,104.353759765625,120.9000015258789,123.93000030517578,120.6500015258789,122.66000366210938,3558100
2022-10-18,107.02085876464844,123.98999786376953,125.41999816894531,121.37999725341797,124.0199966430664,4018000
2022-10-19,112.26876068115234,130.07000732421875,130.92999267578125,124.30999755859375,125.0,4718800
2022-10-20,113.58074188232422,131.58999633789062,134.30999755859375,130.74000549316406,131.05999755859375,3902400
2022-10-21,116.52405548095703,135.0,135.8699951171875,131.6199951171875,132.5,4237200
2022-10-24,116.23059844970703,134.66000366210938,136.4499969482422,134.41000366210938,134.82000732421875,4000900
2022-10-25,113.93464660644531,132.0,134.27000427246094,131.83999633789062,133.86000061035156,4173200
2022-10-26,115.91986083984375,134.3000030517578,135.55999755859375,132.14999389648438,133.16000366210938,3848500
2022-10-27,115.98027801513672,134.3699951171875,137.0,134.07000732421875,136.0,3300500
2022-10-28,115.39336395263672,133.69000244140625,136.72999572753906,131.32000732421875,136.3300018310547,3016600
2022-10-31,117.83602905273438,136.52000427246094,138.9199981689453,132.36000061035156,132.5,4138000
2022-11-01,117.6547622680664,136.30999755859375,138.91000366210938,135.25,138.58999633789062,3887500
2022-11-02,117.0333023071289,135.58999633789062,138.7100067138672,134.36000061035156,135.41000366210938,5641000
2022-11-03,119.44146728515625,138.3800048828125,138.97999572753906,134.02000427246094,134.6199951171875,5368000
2022-11-04,122.76456451416016,142.22999572753906,150.8800048828125,139.97999572753906,143.22000122070312,8057500
2022-11-07,125.9668197631836,145.94000244140625,146.2899932861328,141.3300018310547,142.77999877929688,4494800
2022-11-08,127.96932220458984,148.25999450683594,149.22000122070312,144.50999450683594,145.0,3982500
2022-11-09,120.51176452636719,139.6199951171875,146.4199981689453,139.41000366210938,145.75999450683594,5018600
2022-11-10,122.8336410522461,142.30999755859375,143.36000061035156,139.05999755859375,143.36000061035156,2988100
2022-11-11,126.97672271728516,147.11000061035156,148.13999938964844,144.49000549316406,145.30999755859375,3072000
2022-11-14,126.17396545410156,146.17999267578125,150.0500030517578,146.0500030517578,146.72999572753906,2992200
2022-11-15,127.14070892333984,147.3000030517578,147.50999450683594,145.08999633789062,146.85000610351562,2786000
2022-11-16,123.81757354736328,143.4499969482422,146.85000610351562,142.92999267578125,145.66000366210938,2505300
2022-11-17,124.71524810791016,144.49000549316406,144.6300048828125,140.0500030517578,141.55999755859375,2745200
2022-11-18,121.72017669677734,141.02000427246094,141.24000549316406,138.41000366210938,140.86000061035156,3567300
2022-11-21,120.71891784667969,139.86000061035156,141.27000427246094,134.41000366210938,137.55999755859375,4734700
2022-11-22,124.56851959228516,144.32000732421875,144.60000610351562,140.5800018310547,142.0,3386300
2022-11-23,123.1270980834961,142.64999389648438,143.5,140.5,141.61000061035156,2342000
2022-11-25,123.11846160888672,142.63999938964844,144.91000366210938,142.44000244140625,142.9199981689453,1430800
2022-11-28,117.94824981689453,136.64999389648438,139.94000244140625,136.55999755859375,138.2100067138672,3581300
2022-11-29,121.95317840576172,141.2899932861328,141.6199951171875,138.24000549316406,139.02999877929688,3974900
2022-11-30,122.50559997558594,141.92999267578125,144.38999938964844,140.27999877929688,142.8800048828125,4615000
2022-12-01,121.30587005615234,140.5399932861328,144.82000732421875,140.27999877929688,143.50999450683594,2956900
2022-12-02,119.95069885253906,138.97000122070312,141.8800048828125,137.7100067138672,139.38999938964844,3932500
2022-12-05,115.78175354003906,134.13999938964844,142.49000549316406,132.39999389648438,141.9199981689453,3817500
2022-12-06,110.3008041381836,127.79000091552734,135.25,126.95999908447266,133.02999877929688,5031900
2022-12-07,108.8938980102539,126.16000366210938,129.72999572753906,125.19000244140625,128.1300048828125,4510300
2022-12-08,107.521484375,124.56999969482422,129.8800048828125,123.30999755859375,129.17999267578125,4767200
2022-12-09,105.01837921142578,121.66999816894531,126.36000061035156,121.41000366210938,125.11000061035156,4152400
2022-12-12,107.081298828125,124.05999755859375,125.22000122070312,122.2699966430664,122.76000213623047,4307700
2022-12-13,110.01597595214844,127.45999908447266,128.99000549316406,126.30999755859375,127.8499984741211,4376100
2022-12-14,109.98976135253906,125.93000030517578,129.2100067138672,124.7699966430664,127.5,3721800
2022-12-15,110.60116577148438,126.62999725341797,126.69999694824219,123.58999633789062,123.58999633789062,3565400
2022-12-16,109.85002136230469,125.7699966430664,126.61000061035156,122.41000366210938,125.0,13516600
2022-12-19,109.64039611816406,125.52999877929688,127.8499984741211,124.4800033569336,126.83999633789062,2410400
2022-12-20,110.4788818359375,126.48999786376953,128.1199951171875,125.0,125.30999755859375,2381100
2022-12-21,113.55332946777344,130.00999450683594,130.44000244140625,127.30999755859375,129.41000366210938,2687600
2022-12-22,110.31294250488281,126.30000305175781,130.6699981689453,123.30999755859375,130.13999938964844,3011700
2022-12-23,114.0773696899414,130.61000061035156,130.7100067138672,127.4800033569336,127.4800033569336,1678400
2022-12-27,115.36131286621094,132.0800018310547,132.33999633789062,130.3000030517578,131.4199981689453,2258000
2022-12-28,111.27369689941406,127.4000015258789,131.8300018310547,126.86000061035156,131.50999450683594,2490300
2022-12-29,112.34800720214844,128.6300048828125,129.1999969482422,126.5,126.72000122070312,1744700
2022-12-30,113.12535858154297,129.52000427246094,129.69000244140625,127.94999694824219,128.25,2179400
2023-01-03,108.69711303710938,124.44999694824219,129.27000427246094,122.88999938964844,128.0,2994900
2023-01-04,108.61851501464844,124.36000061035156,125.54000091552734,121.33999633789062,121.93000030517578,2469700
2023-01-05,108.63597106933594,124.37999725341797,125.73999786376953,123.83000183105469,124.1500015258789,3560200
2023-01-06,111.3348388671875,127.47000122070312,129.14999389648438,125.61000061035156,126.16999816894531,2595700
2023-01-09,111.57939147949219,127.75,130.1999969482422,127.05999755859375,129.6300048828125,3160300
2023-01-10,111.45712280273438,127.61000061035156,128.69000244140625,126.08999633789062,128.61000061035156,2575200
2023-01-11,110.79331970214844,126.8499984741211,129.6699981689453,125.68000030517578,129.1699981689453,2771100
2023-01-12,113.93761444091797,130.4499969482422,132.10000610351562,127.5999984741211,127.91000366210938,4005400
2023-01-13,113.79261779785156,129.4600067138672,130.1999969482422,127.93000030517578,129.8699951171875,2111400
2023-01-17,114.31997680664062,130.05999755859375,130.97000122070312,128.6699981689453,129.8300018310547,3127700
2023-01-18,113.20367431640625,128.7899932861328,133.82000732421875,128.3000030517578,131.41000366210938,3737400
2023-01-19,115.40110778808594,131.2899932861328,131.91000366210938,127.62999725341797,128.97000122070312,2449600
2023-01-20,116.6844253540039,132.75,133.4499969482422,130.67999267578125,131.35000610351562,2476900
2023-01-23,117.94137573242188,134.17999267578125,135.02999877929688,133.25999450683594,133.5,2695200
2023-01-24,116.69322967529297,132.75999450683594,134.86000061035156,132.3800048828125,134.0,2313100
2023-01-25,116.46467590332031,132.5,132.8000030517578,130.77999877929688,132.08999633789062,2576300
2023-01-26,119.4796142578125,135.92999267578125,136.0,132.67999267578125,134.39999389648438,2617800
2023-01-27,118.36328125,134.66000366210938,137.9499969482422,134.44000244140625,136.0,3035600
2023-01-30,116.11311340332031,132.10000610351562,133.52000427246094,131.4199981689453,133.17999267578125,2927000
2023-01-31,116.24494934082031,132.25,133.72999572753906,131.5500030517578,132.0,4043200
2023-02-01,111.8852310180664,127.29000091552734,131.74000549316406,125.38999938964844,131.22999572753906,4991700
2023-02-02,109.65260314941406,124.75,127.11000061035156,123.08999633789062,126.80000305175781,3928600
2023-02-03,109.5383529663086,124.62000274658203,127.81999969482422,124.37000274658203,125.0,4205800
2023-02-06,108.84395599365234,123.83000183105469,125.2699966430664,122.12999725341797,124.83000183105469,2486600
2023-02-07,112.31590270996094,127.77999877929688,127.97000122070312,123.19000244140625,124.51000213623047,2524800
2023-02-08,113.07183074951172,128.63999938964844,129.5399932861328,127.55999755859375,127.79000091552734,4107700
2023-02-09,111.77094268798828,127.16000366210938,129.00999450683594,126.77999877929688,128.69000244140625,2487200
2023-02-10,117.90624237060547,134.13999938964844,134.22000122070312,129.02000427246094,130.0,4041000
2023-02-13,117.15031433105469,133.27999877929688,134.72999572753906,131.24000549316406,133.16000366210938,2936800
2023-02-14,117.01847076416016,133.1300048828125,134.24000549316406,131.25,131.60000610351562,2190200
2023-02-15,112.97514343261719,128.52999877929688,131.72000122070312,126.51000213623047,131.27000427246094,4344500
2023-02-16,109.99540710449219,125.13999938964844,128.52000427246094,124.98999786376953,127.70999908447266,2877200
2023-02-17,104.08866882324219,118.41999816894531,122.62000274658203,117.38999938964844,122.19999694824219,6201900
2023-02-21,104.80065155029297,119.2300033569336,119.68000030517578,117.72000122070312,118.41999816894531,4582000
2023-02-22,103.34153747558594,117.56999969482422,120.8499984741211,116.79000091552734,118.88999938964844,3772400
2023-02-23,105.0643539428711,119.52999877929688,120.19999694824219,117.51000213623047,120.0199966430664,3846400
2023-02-24,100.43213653564453,114.26000213623047,115.91000366210938,111.77999877929688,114.80999755859375,8752100
2023-02-27,100.8628158569336,114.75,115.19999694824219,113.0999984741211,114.48999786376953,4772200
2023-02-28,99.3421859741211,113.0199966430664,115.93000030517578,112.66999816894531,115.81999969482422,4907100
2023-03-01,103.7282943725586,118.01000213623047,118.68000030517578,112.87000274658203,113.33000183105469,4942200
2023-03-02,106.1806411743164,120.80000305175781,121.72000122070312,117.5199966430664,117.54000091552734,5850900
2023-03-03,107.03324127197266,121.7699966430664,122.0,118.7300033569336,119.0199966430664,4824800
2023-03-06,106.27733612060547,120.91000366210938,121.5199966430664,118.91999816894531,121.0,3893100
2023-03-07,103.94804382324219,118.26000213623047,120.54000091552734,117.80999755859375,119.80000305175781,3020700
2023-03-08,103.57007598876953,117.83000183105469,119.58000183105469,116.69999694824219,117.5,2807500
2023-03-09,101.08255767822266,115.0,119.5199966430664,114.37000274658203,118.26000213623047,4649300
2023-03-10,98.6038589477539,112.18000030517578,115.88999938964844,111.5199966430664,113.95999908447266,4313000
2023-03-13,95.8965835571289,109.0999984741211,112.30999755859375,106.83000183105469,109.33000183105469,4301400
2023-03-14,95.98448944091797,109.19999694824219,111.97000122070312,106.70999908447266,109.44000244140625,4556500
2023-03-15,90.0231704711914,101.4800033569336,105.80000305175781,100.19000244140625,104.16999816894531,6558500
2023-03-16,92.6844711303711,104.4800033569336,104.77999877929688,98.5199966430664,99.36000061035156,6637900
2023-03-17,91.14976501464844,102.75,104.8499984741211,101.58999633789062,104.25,11147800
2023-03-20,93.54496765136719,105.44999694824219,106.41000366210938,102.91000366210938,102.91000366210938,3560600
2023-03-21,96.3570785522461,108.62000274658203,109.33999633789062,106.2699966430664,107.80000305175781,4177100
2023-03-22,93.79334259033203,105.7300033569336,109.2699966430664,105.62000274658203,108.87000274658203,3803800
2023-03-23,92.95059204101562,104.77999877929688,107.55999755859375,103.45999908447266,106.4000015258789,3868300
2023-03-24,93.5804443359375,105.48999786376953,106.12000274658203,101.55999755859375,101.91000366210938,4183200
2023-03-27,96.1441650390625,108.37999725341797,109.12999725341797,105.62000274658203,106.79000091552734,3745100
2023-03-28,97.94499969482422,110.41000366210938,110.8499984741211,108.05999755859375,108.05999755859375,3283000
2023-03-29,99.95870971679688,112.68000030517578,112.87000274658203,111.12999725341797,112.02999877929688,3949600
2023-03-30,100.72161865234375,113.54000091552734,113.79000091552734,112.5999984741211,113.75,4455600
2023-03-31,101.68855285644531,114.62999725341797,114.94000244140625,113.48999786376953,114.0,4940100
2023-04-03,107.70311737060547,121.41000366210938,122.25,119.5,120.66999816894531,5011800
2023-04-04,106.11520385742188,119.62000274658203,122.5199966430664,117.2699966430664,122.25,3631000
2023-04-05,106.78052520751953,120.37000274658203,120.61000061035156,117.80999755859375,120.0199966430664,3263400
2023-04-06,105.89342498779297,119.37000274658203,120.2699966430664,118.9000015258789,119.66000366210938,2843200
2023-04-10,106.78052520751953,120.37000274658203,122.73999786376953,120.04000091552734,120.66999816894531,2975900
2023-04-11,107.942626953125,121.68000030517578,122.61000061035156,120.56999969482422,121.94999694824219,2184200
2023-04-12,108.50150299072266,122.30999755859375,122.87999725341797,121.51000213623047,121.6500015258789,2805100
2023-04-13,108.32735443115234,121.29000091552734,122.5,120.9000015258789,121.7300033569336,2912800
2023-04-14,108.61315155029297,121.61000061035156,122.58000183105469,120.9000015258789,121.5,2442400
2023-04-17,107.8718490600586,120.77999877929688,121.97000122070312,120.62000274658203,121.48999786376953,3574400
2023-04-18,106.28207397460938,119.0,120.55000305175781,118.5999984741211,120.25,4416900
2023-04-19,106.10346221923828,118.80000305175781,118.97000122070312,116.7300033569336,117.56999969482422,3047400
2023-04-20,105.62118530273438,118.26000213623047,118.31999969482422,116.37000274658203,117.91999816894531,2690100
2023-04-21,104.77269744873047,117.30999755859375,118.55000305175781,116.52999877929688,118.55000305175781,3149500
2023-04-24,106.44287109375,119.18000030517578,119.69999694824219,117.18000030517578,117.4800033569336,1939500
2023-04-25,104.20109558105469,116.66999816894531,117.87999725341797,115.55999755859375,116.98999786376953,1988900
2023-04-26,103.2990493774414,115.66000366210938,117.33000183105469,114.5999984741211,115.87999725341797,2212800
2023-04-27,103.45980072021484,115.83999633789062,116.56999969482422,114.33000183105469,115.6500015258789,2827900
2023-04-28,106.70186614990234,119.47000122070312,119.73999786376953,115.0999984741211,115.5199966430664,2715900
2023-05-01,105.96055603027344,118.63999938964844,119.62999725341797,117.55999755859375,117.8499984741211,1800800
2023-05-02,99.68187713623047,111.61000061035156,117.3499984741211,111.1500015258789,116.80000305175781,5640500
2023-05-03,99.15493774414062,111.0199966430664,113.26000213623047,109.02999877929688,109.33000183105469,4982000
2023-05-04,99.4139404296875,111.30999755859375,113.2300033569336,110.41999816894531,111.48999786376953,4518100
2023-05-05,101.96829223632812,114.16999816894531,118.4000015258789,112.88999938964844,115.30000305175781,6165500
2023-05-08,102.13797760009766,114.36000061035156,117.16000366210938,114.27999877929688,116.44999694824219,2967700
2023-05-09,101.61104583740234,113.7699966430664,115.22000122070312,113.06999969482422,113.30999755859375,1782200
2023-05-10,100.17310333251953,112.16000366210938,114.81999969482422,111.66999816894531,114.29000091552734,2578600
2023-05-11,98.71730041503906,110.52999877929688,111.02999877929688,109.30999755859375,110.12999725341797,2320900
2023-05-12,98.61905670166016,110.41999816894531,111.9000015258789,109.37000274658203,111.4800033569336,1874100
2023-05-15,99.44072723388672,111.33999633789062,112.04000091552734,110.0,111.25,1640600
2023-05-16,96.12722778320312,107.62999725341797,111.41999816894531,107.47000122070312,110.62999725341797,2466900
2023-05-17,98.95844268798828,110.80000305175781,111.31999969482422,108.81999969482422,109.16000366210938,2587000
2023-05-18,100.04806518554688,112.0199966430664,112.0999984741211,108.76000213623047,110.0,2465100
2023-05-19,102.3434066772461,114.58999633789062,115.91999816894531,113.87999725341797,114.77999877929688,4657600
2023-05-22,101.41455078125,113.55000305175781,114.77999877929688,112.87000274658203,114.2699966430664,3451500
2023-05-23,101.33415985107422,113.45999908447266,115.54000091552734,112.62999725341797,114.2699966430664,2338600
2023-05-24,101.18231964111328,113.29000091552734,114.69000244140625,112.41999816894531,114.0999984741211,2431000
2023-05-25,98.6011962890625,110.4000015258789,111.33000183105469,109.38999938964844,111.33000183105469,2747200
2023-05-26,98.35111999511719,110.12000274658203,112.0199966430664,109.91999816894531,111.8499984741211,2942700
2023-05-30,97.1811294555664,108.80999755859375,108.98999786376953,107.01000213623047,107.70999908447266,4330100
2023-05-31,95.82357788085938,107.29000091552734,108.56999969482422,106.80999755859375,107.7300033569336,7749500
2023-06-01,96.59166717529297,108.1500015258789,110.04000091552734,106.31999969482422,107.69999694824219,5367600
2023-06-02,99.95875549316406,111.91999816894531,112.68000030517578,109.9800033569336,110.79000091552734,2902200
2023-06-05,99.71760559082031,111.6500015258789,114.16999816894531,110.16999816894531,114.16999816894531,2651400
2023-06-06,100.75363159179688,112.80999755859375,112.9000015258789,109.83000183105469,109.9800033569336,2708800
2023-06-07,103.82599639892578,116.25,116.41000366210938,113.5199966430664,113.58000183105469,3483600
2023-06-08,103.7366714477539,116.1500015258789,116.61000061035156,113.55999755859375,116.2300033569336,5198800
2023-06-09,103.82599639892578,116.25,116.41999816894531,114.9800033569336,116.12999725341797,3732800
2023-06-12,101.74501037597656,113.91999816894531,115.91000366210938,113.0999984741211,114.2300033569336,3946900
2023-06-13,100.67325592041016,112.72000122070312,115.94999694824219,112.55999755859375,113.70999908447266,3891700
2023-06-14,98.84235382080078,110.66999816894531,114.27999877929688,109.91000366210938,113.79000091552734,4011900
2023-06-15,99.76226043701172,111.69999694824219,113.47000122070312,110.7699966430664,111.5199966430664,2887700
2023-06-16,101.28952026367188,113.41000366210938,114.19999694824219,111.72000122070312,112.95999908447266,6113500
2023-06-20,98.5386734008789,110.33000183105469,112.37999725341797,109.05999755859375,112.2699966430664,3179200
2023-06-21,99.0209732055664,110.87000274658203,112.37999725341797,110.01000213623047,110.19999694824219,2730700
2023-06-22,96.68097686767578,108.25,109.48999786376953,107.41999816894531,109.16000366210938,2858700
2023-06-23,95.40380096435547,106.81999969482422,107.9000015258789,106.33999633789062,107.0,8357000
2023-06-26,98.24394989013672,110.0,110.55999755859375,106.7699966430664,106.79000091552734,3189300
2023-06-27,97.33295440673828,108.9800033569336,110.02999877929688,108.80000305175781,109.77999877929688,3594400
2023-06-28,99.3067626953125,111.19000244140625,111.25,107.98999786376953,109.43000030517578,3130600
2023-06-29,100.92333221435547,113.0,113.30999755859375,111.2699966430664,111.98999786376953,3650500
2023-06-30,102.20943450927734,114.44000244140625,115.36000061035156,112.83000183105469,113.87999725341797,4116200
2023-07-03,102.44163513183594,114.69999694824219,115.22000122070312,113.6500015258789,114.5999984741211,1287600
2023-07-05,102.07546997070312,114.29000091552734,115.43000030517578,113.77999877929688,115.2699966430664,3012300
2023-07-06,100.25347900390625,112.25,113.98999786376953,110.43000030517578,113.05999755859375,3762800
2023-07-07,103.78133392333984,116.19999694824219,117.66999816894531,111.61000061035156,111.86000061035156,4583000
2023-07-10,103.39727783203125,115.7699966430664,117.29000091552734,115.38999938964844,115.45999908447266,3095400
2023-07-11,106.81796264648438,119.5999984741211,119.88999938964844,116.37000274658203,116.48999786376953,2965100
2023-07-12,108.70246887207031,121.70999908447266,121.83000183105469,119.75,120.5,3658600
2023-07-13,109.47055053710938,122.56999969482422,124.33000183105469,121.23999786376953,122.01000213623047,2846700
2023-07-14,106.93936157226562,118.93000030517578,121.16000366210938,117.75,121.16000366210938,2736600
2023-07-17,106.71456909179688,118.68000030517578,119.66999816894531,118.19000244140625,118.20999908447266,2254900
2023-07-18,110.39220428466797,122.7699966430664,123.62999725341797,118.19999694824219,118.31999969482422,3133600
2023-07-19,110.0954818725586,122.44000244140625,124.68000030517578,121.88999938964844,122.80000305175781,2185000
2023-07-20,111.03961181640625,123.48999786376953,124.72000122070312,122.83000183105469,124.30000305175781,2629500
2023-07-21,112.04669189453125,124.61000061035156,124.68000030517578,123.23999786376953,124.0199966430664,2246800
2023-07-24,113.43144226074219,126.1500015258789,127.43000030517578,124.80999755859375,125.0,2598500
2023-07-25,115.54450988769531,128.5,128.69000244140625,125.62999725341797,126.18000030517578,2283900
2023-07-26,116.2818374633789,129.32000732421875,129.4199981689453,126.56999969482422,126.62999725341797,2879000
2023-07-27,115.77828979492188,128.75999450683594,130.4499969482422,128.02999877929688,130.0,3090800
2023-07-28,117.52268981933594,130.6999969482422,130.89999389648438,127.75,129.30999755859375,3131900
2023-07-31,119.16818237304688,132.52999877929688,132.97000122070312,131.1999969482422,131.57000732421875,2803900
2023-08-01,118.46684265136719,131.75,132.0500030517578,130.16000366210938,131.5399932861328,2587300
2023-08-02,116.92924499511719,130.0399932861328,131.82000732421875,128.67999267578125,130.75,3250400
2023-08-03,118.41289520263672,131.69000244140625,133.3000030517578,129.89999389648438,130.36000061035156,4302100
2023-08-04,116.71343994140625,129.8000030517578,135.9199981689453,129.16000366210938,135.0,5719600
2023-08-07,114.76222229003906,127.62999725341797,130.44000244140625,127.23999786376953,130.44000244140625,3865100
2023-08-08,115.45458221435547,128.39999389648438,128.63999938964844,124.76000213623047,125.52999877929688,2958900
2023-08-09,117.62161254882812,130.80999755859375,132.0800018310547,129.38999938964844,129.6199951171875,3389200
2023-08-10,117.83740234375,131.0500030517578,132.36000061035156,129.75999450683594,131.0,2342900
2023-08-11,118.98835754394531,132.3300018310547,132.8300018310547,130.72999572753906,130.8300018310547,1845500
2023-08-14,118.22407531738281,131.47999572753906,132.14999389648438,130.4600067138672,132.07000732421875,1438900
2023-08-15,116.11997985839844,129.13999938964844,130.91000366210938,128.52000427246094,130.75999450683594,1598200
2023-08-16,115.63441467285156,128.60000610351562,131.00999450683594,128.0800018310547,129.6300048828125,1820000
2023-08-17,116.65049743652344,129.72999572753906,131.39999389648438,129.47000122070312,130.75999450683594,1837500
2023-08-18,117.45975494384766,130.6300048828125,130.75999450683594,128.10000610351562,128.83999633789062,2046500
2023-08-21,117.22596740722656,130.3699951171875,132.38999938964844,129.6300048828125,131.5399932861328,1627400
2023-08-22,116.20989990234375,129.24000549316406,131.5399932861328,129.1699981689453,130.5,1892500
2023-08-23,115.89517974853516,128.88999938964844,128.92999267578125,126.72000122070312,127.95999908447266,1708200
2023-08-24,113.0088119506836,125.68000030517578,128.86000061035156,125.37000274658203,127.44999694824219,2811100
2023-08-25,114.26766967773438,127.08000183105469,127.62000274658203,124.94999694824219,126.41000366210938,2417400
2023-08-28,114.57337951660156,127.41999816894531,128.88999938964844,126.63999938964844,127.70999908447266,1836100
2023-08-29,114.96003723144531,127.8499984741211,127.94999694824219,125.94000244140625,127.52999877929688,2175000
2023-08-30,114.88810729980469,127.7699966430664,128.6699981689453,127.45999908447266,128.57000732421875,1642100
2023-08-31,115.65240478515625,128.6199951171875,128.97000122070312,126.79000091552734,128.22000122070312,2757400
2023-09-01,117.77446746826172,130.97999572753906,131.75999450683594,130.0,130.69000244140625,2462000
2023-09-05,119.94147491455078,133.38999938964844,135.41000366210938,131.6699981689453,131.9600067138672,3737700
2023-09-06,119.69869995117188,133.1199951171875,134.44000244140625,132.02999877929688,133.24000549316406,2015400
2023-09-07,118.28701782226562,131.5500030517578,133.82000732421875,131.38999938964844,133.17999267578125,1588700
2023-09-08,119.34803009033203,132.72999572753906,133.74000549316406,132.1199951171875,132.67999267578125,2398300
2023-09-11,117.046142578125,130.1699981689453,134.36000061035156,129.47999572753906,133.75999450683594,2831300
2023-09-12,120.57090759277344,134.08999633789062,134.22000122070312,131.4199981689453,131.47000122070312,2442200
2023-09-13,119.5098876953125,132.91000366210938,134.5500030517578,131.9199981689453,134.11000061035156,1963400
2023-09-14,121.08344268798828,134.66000366210938,136.0500030517578,133.77000427246094,134.4600067138672,2370000
2023-09-15,118.85350036621094,132.17999267578125,134.61000061035156,131.60000610351562,133.50999450683594,4880300
2023-09-18,118.58372497558594,131.8800048828125,133.83999633789062,131.14999389648438,133.72000122070312,1998900
2023-09-19,115.99408721923828,129.0,133.5500030517578,127.72000122070312,133.30999755859375,3671700
2023-09-20,112.84696960449219,125.5,129.50999450683594,125.2699966430664,128.0,3818600
2023-09-21,110.23035430908203,122.58999633789062,126.7699966430664,122.23999786376953,126.19999694824219,3614100
2023-09-22,110.25732421875,122.62000274658203,123.87000274658203,121.5199966430664,123.47000122070312,3222700
2023-09-25,112.9818344116211,125.6500015258789,125.83000183105469,122.93000030517578,122.93000030517578,2710600
2023-09-26,114.08783721923828,126.87999725341797,127.61000061035156,124.16999816894531,124.41999816894531,3382000
2023-09-27,116.7224349975586,129.80999755859375,131.02000427246094,128.41000366210938,129.47000122070312,2735000
2023-09-28,116.4167251586914,129.47000122070312,131.32000732421875,128.8699951171875,129.32000732421875,2274200
2023-09-29,113.97992706298828,126.76000213623047,129.6999969482422,126.54000091552734,129.55999755859375,3374700
2023-10-02,111.19249725341797,123.66000366210938,127.30000305175781,122.76000213623047,127.08999633789062,2625100
2023-10-03,111.71400451660156,124.23999786376953,124.29000091552734,122.79000091552734,123.55000305175781,1917900
2023-10-04,107.32600402832031,119.36000061035156,122.5199966430664,118.25,122.25,2814200
2023-10-05,106.51673889160156,118.45999908447266,120.0999984741211,117.86000061035156,118.25,2526400
2023-10-06,108.5129165649414,120.68000030517578,122.06999969482422,118.02999877929688,119.22000122070312,3477800
2023-10-09,114.41154479980469,127.23999786376953,127.87000274658203,123.80000305175781,124.22000122070312,3720000
2023-10-10,113.93497467041016,126.70999908447266,128.1199951171875,126.08999633789062,127.0199966430664,2833700
2023-10-11,114.5284423828125,127.37000274658203,127.5,124.80000305175781,125.51000213623047,2447400
2023-10-12,115.9581298828125,128.9600067138672,129.6300048828125,127.7300033569336,128.92999267578125,3039000
2023-10-13,120.34610748291016,133.83999633789062,134.6300048828125,131.25999450683594,131.60000610351562,3573300
2023-10-16,121.26445770263672,134.02999877929688,134.75999450683594,132.50999450683594,134.7100067138672,1993600
2023-10-17,121.50873565673828,134.3000030517578,135.22000122070312,133.17999267578125,133.47000122070312,2670000
2023-10-18,122.82965850830078,135.75999450683594,136.27999877929688,134.74000549316406,135.33999633789062,2307600
2023-10-19,123.25491333007812,136.22999572753906,136.67999267578125,133.92999267578125,135.0,2421300
2023-10-20,120.54061889648438,133.22999572753906,136.7899932861328,132.94000244140625,136.02000427246094,3425300
2023-10-23,119.10208129882812,131.63999938964844,133.1199951171875,130.67999267578125,131.94000244140625,2281300
2023-10-24,117.56401062011719,129.94000244140625,131.80999755859375,129.6199951171875,131.6199951171875,1813900
2023-10-25,117.3740005493164,129.72999572753906,130.52000427246094,128.6699981689453,129.6999969482422,2421900
2023-10-26,115.75448608398438,127.94000244140625,128.60000610351562,126.41999816894531,128.14999389648438,2367500
2023-10-27,113.9902114868164,125.98999786376953,128.07000732421875,124.95999908447266,127.93000030517578,2779000
2023-10-30,113.50166320800781,125.44999694824219,127.08999633789062,123.95999908447266,126.33999633789062,2614600
2023-10-31,114.2254638671875,126.25,126.63999938964844,124.25,125.31999969482422,2368400
2023-11-01,112.38878631591797,124.22000122070312,127.52999877929688,124.12000274658203,126.77999877929688,3394600
2023-11-02,116.39685821533203,128.64999389648438,128.6699981689453,123.22000122070312,123.80000305175781,4313600
2023-11-03,115.95354461669922,128.16000366210938,131.61000061035156,127.61000061035156,129.7899932861328,5531600
2023-11-06,114.37925720214844,126.41999816894531,129.52999877929688,125.0999984741211,129.27999877929688,4344500
2023-11-07,110.95927429199219,122.63999938964844,124.5,121.5999984741211,124.0,3582100
2023-11-08,109.66547393798828,121.20999908447266,122.69999694824219,120.8499984741211,121.70999908447266,3840500
2023-11-09,109.74691009521484,121.30000305175781,122.62999725341797,120.88999938964844,122.20999908447266,1827000
2023-11-10,111.01355743408203,122.69999694824219,123.29000091552734,121.6500015258789,122.4800033569336,1934300
2023-11-13,111.33927154541016,123.05999755859375,123.7300033569336,122.4000015258789,123.0,2413500
2023-11-14,113.20307159423828,125.12000274658203,125.33000183105469,123.13999938964844,123.9000015258789,2556100
2023-11-15,111.34833526611328,123.06999969482422,125.66000366210938,123.0199966430664,124.91000366210938,3861900
2023-11-16,109.20405578613281,120.69999694824219,121.7699966430664,117.36000061035156,120.91000366210938,4075100
2023-11-17,112.18975067138672,124.0,124.56999969482422,121.48999786376953,121.98999786376953,3667500
2023-11-20,113.3025894165039,125.2300033569336,125.72000122070312,124.13999938964844,124.75,3133700
2023-11-21,112.41594696044922,124.25,124.63999938964844,123.13999938964844,124.29000091552734,2281200
2023-11-22,111.43879699707031,123.16999816894531,123.45999908447266,119.0999984741211,120.5999984741211,3369300
2023-11-24,111.73736572265625,123.5,124.16999816894531,122.56999969482422,122.95999908447266,1318100
2023-11-27,111.28499603271484,123.0,123.2699966430664,121.75,122.66000366210938,2384200
2023-11-28,111.86402893066406,123.63999938964844,124.5199966430664,122.69000244140625,123.38999938964844,3380900
2023-11-29,111.50212860107422,123.23999786376953,124.38999938964844,122.69999694824219,124.2300033569336,3000100
2023-11-30,111.34833526611328,123.06999969482422,125.97000122070312,121.86000061035156,124.54000091552734,5597800
2023-12-01,111.82784271240234,123.5999984741211,125.62999725341797,122.44999694824219,122.69999694824219,2990900
2023-12-04,111.28499603271484,123.0,123.9000015258789,122.0,122.55000305175781,3000900
2023-12-05,110.33499145507812,121.94999694824219,123.55999755859375,121.45999908447266,123.18000030517578,3478300
2023-12-06,108.34453582763672,119.75,122.08999633789062,118.68000030517578,120.75,4613900
2023-12-07,107.07787322998047,118.3499984741211,121.08000183105469,117.95999908447266,120.31999969482422,3524500
2023-12-08,107.6297836303711,118.95999908447266,120.52999877929688,118.55999755859375,119.31999969482422,3858400
2023-12-11,107.846923828125,119.19999694824219,119.69000244140625,117.5,117.55999755859375,5004100
2023-12-12,106.46263885498047,117.66999816894531,118.58999633789062,116.77999877929688,117.7300033569336,3447800
2023-12-13,107.19549560546875,118.4800033569336,118.87000274658203,116.80000305175781,117.91999816894531,5765800
2023-12-14,110.51271057128906,120.5999984741211,121.26000213623047,117.79000091552734,117.87000274658203,4842400
2023-12-15,110.06369018554688,120.11000061035156,120.6500015258789,118.79000091552734,119.43000030517578,7429100
2023-12-18,111.44739532470703,121.62000274658203,123.0999984741211,121.25,122.75,2875500
2023-12-19,112.2812728881836,122.52999877929688,122.97000122070312,120.86000061035156,121.8499984741211,3498900
2023-12-20,111.2732925415039,121.43000030517578,123.9800033569336,121.2699966430664,122.86000061035156,3671100
2023-12-21,110.95256042480469,121.08000183105469,121.69999694824219,119.7699966430664,121.66000366210938,3841700
2023-12-22,112.04302215576172,122.2699966430664,123.01000213623047,121.4000015258789,122.20999908447266,1741900
2023-12-26,113.90322875976562,124.30000305175781,124.80999755859375,122.91999816894531,123.33999633789062,1852100
2023-12-27,113.87574768066406,124.2699966430664,125.2699966430664,123.47000122070312,124.0,2568300
2023-12-28,111.1816635131836,121.33000183105469,124.05999755859375,121.29000091552734,123.12000274658203,2137200
2023-12-29,110.83344268798828,120.94999694824219,122.08999633789062,120.58999633789062,121.94000244140625,1756600
2024-01-02,111.42906951904297,121.5999984741211,123.30000305175781,121.26000213623047,121.80999755859375,3023000
2024-01-03,114.52635955810547,124.9800033569336,125.44000244140625,121.2300033569336,121.62999725341797,2794000
2024-01-04,110.89759063720703,121.0199966430664,126.06999969482422,120.83999633789062,125.55999755859375,2847500
2024-01-05,110.31111145019531,120.37999725341797,122.05999755859375,119.52999877929688,121.8499984741211,2157100
2024-01-08,107.91942596435547,117.7699966430664,118.16999816894531,116.05999755859375,118.16999816894531,4244600
2024-01-09,106.36161041259766,116.06999969482422,118.37000274658203,114.79000091552734,118.0999984741211,3043300
2024-01-10,105.3719482421875,114.98999786376953,116.08000183105469,114.16999816894531,116.05000305175781,3128700
2024-01-11,105.36277770996094,114.9800033569336,115.94000244140625,114.47000122070312,115.30000305175781,2134000
2024-01-12,106.34327697753906,116.05000305175781,117.77999877929688,115.31999969482422,117.13999938964844,3010800
2024-01-16,103.57247924804688,112.13999938964844,115.16999816894531,111.83000183105469,115.16999816894531,3420200
2024-01-17,102.17784118652344,110.62999725341797,111.76000213623047,109.88999938964844,110.5,3282300
2024-01-18,101.67909240722656,110.08999633789062,110.80000305175781,109.12999725341797,110.4800033569336,3378700
2024-01-19,101.75299072265625,110.16999816894531,110.18000030517578,108.94000244140625,110.0,2838400
2024-01-22,102.18708038330078,110.63999938964844,110.94000244140625,109.04000091552734,109.5999984741211,2482900
2024-01-23,101.9377212524414,110.37000274658203,111.91000366210938,110.06999969482422,110.5199966430664,2367700
2024-01-24,103.52630615234375,112.08999633789062,112.66999816894531,110.5,111.0999984741211,3527900
2024-01-25,106.075439453125,114.8499984741211,114.86000061035156,112.0,112.48999786376953,2962500
2024-01-26,106.71273040771484,115.54000091552734,115.58000183105469,113.16999816894531,114.95999908447266,2683800
2024-01-29,106.17703247070312,114.95999908447266,115.41999816894531,113.76000213623047,115.37000274658203,2648500
2024-01-30,107.85797882080078,116.77999877929688,116.87999725341797,113.77999877929688,114.31999969482422,2947200
2024-01-31,105.096435546875,113.79000091552734,116.68000030517578,113.7300033569336,116.63999938964844,3281900
2024-02-01,103.9973373413086,112.5999984741211,115.0199966430664,111.75,114.19999694824219,2569600
2024-02-02,102.38105010986328,110.8499984741211,113.0,110.37999725341797,112.66000366210938,2927300
2024-02-05,101.27272033691406,109.6500015258789,110.61000061035156,108.94000244140625,110.16999816894531,2957200
2024-02-06,103.33234405517578,111.87999725341797,112.9800033569336,109.68000030517578,110.0,3506400
2024-02-07,103.92344665527344,112.5199966430664,113.2300033569336,111.12000274658203,111.91999816894531,2986400
2024-02-08,104.42220306396484,113.05999755859375,113.95999908447266,111.80000305175781,112.9000015258789,3159600
2024-02-09,102.56576538085938,111.05000305175781,113.75,110.66999816894531,113.05999755859375,2607400
2024-02-12,104.22824096679688,112.8499984741211,113.12999725341797,111.19000244140625,111.68000030517578,3786900
2024-02-13,102.54727935791016,111.02999877929688,113.38999938964844,109.87999725341797,113.0,3933600
2024-02-14,102.52882385253906,111.01000213623047,112.58000183105469,110.19999694824219,111.83000183105469,2568000
2024-02-15,105.52127075195312,114.25,114.87000274658203,110.72000122070312,110.94999694824219,3082400
2024-02-16,104.88400268554688,113.55999755859375,115.25,113.44000244140625,114.79000091552734,4150900
2024-02-20,104.48684692382812,113.12999725341797,114.29000091552734,112.77999877929688,113.86000061035156,3674600
2024-02-21,107.47007751464844,116.36000061035156,117.08999633789062,113.88999938964844,114.30000305175781,3111600
2024-02-22,107.50701904296875,116.4000015258789,117.06999969482422,115.26000213623047,115.68000030517578,4753400
2024-02-23,103.31387329101562,111.86000061035156,112.87999725341797,109.05999755859375,109.86000061035156,6200500
2024-02-26,103.4893569946289,112.05000305175781,113.19000244140625,111.12999725341797,111.52999877929688,4035300
2024-02-27,105.2349624633789,113.94000244140625,114.16999816894531,112.11000061035156,113.0,4337100
2024-02-28,105.4473876953125,114.16999816894531,115.29000091552734,112.86000061035156,113.98999786376953,3162400
2024-02-29,105.71522521972656,114.45999908447266,115.38999938964844,113.83000183105469,114.76000213623047,4341300
2024-03-01,107.22994232177734,116.0999984741211,116.7300033569336,115.29000091552734,115.69999694824219,2998400
2024-03-04,106.98058319091797,115.83000183105469,118.1500015258789,115.73999786376953,117.62999725341797,5192400
2024-03-05,107.3222885131836,116.19999694824219,117.87999725341797,115.4000015258789,115.70999908447266,4264900
2024-03-06,107.59014129638672,116.48999786376953,117.37999725341797,115.56999969482422,117.1500015258789,3762700
2024-03-07,108.84625244140625,117.8499984741211,118.77999877929688,116.73999786376953,116.79000091552734,3482100
2024-03-08,109.6497802734375,118.72000122070312,118.88999938964844,117.12000274658203,117.48999786376953,3141400
2024-03-11,111.58931732177734,120.81999969482422,121.13999938964844,118.45999908447266,119.22000122070312,3784200
2024-03-12,111.60779571533203,120.83999633789062,121.88999938964844,120.4800033569336,120.81999969482422,4069300
2024-03-13,113.20565032958984,122.56999969482422,123.55999755859375,121.93000030517578,122.44000244140625,2941800
2024-03-14,114.33242797851562,123.79000091552734,123.94000244140625,122.54000091552734,123.26000213623047,2970100
2024-03-15,113.40882873535156,122.79000091552734,124.91000366210938,122.73999786376953,123.29000091552734,16696600
2024-03-18,114.12923431396484,123.56999969482422,123.70999908447266,121.83999633789062,123.31999969482422,2269800
2024-03-19,115.11747741699219,124.63999938964844,125.16000366210938,123.22000122070312,123.5199966430664,3304100
2024-03-20,116.09648895263672,125.69999694824219,125.93000030517578,124.0,124.33000183105469,3139300
2024-03-21,116.44746398925781,126.08000183105469,126.27999877929688,125.08000183105469,125.9000015258789,2675100
2024-03-22,115.30220031738281,124.83999633789062,126.41999816894531,124.66000366210938,126.1500015258789,3152700
2024-03-25,117.528076171875,127.25,127.44000244140625,125.16999816894531,125.38999938964844,3245900
2024-03-26,116.17039489746094,125.77999877929688,127.7300033569336,125.22000122070312,127.5,2957000
2024-03-27,116.73377990722656,126.38999938964844,126.80000305175781,124.7699966430664,125.37000274658203,2197300
2024-03-28,118.07299041748047,127.83999633789062,128.47000122070312,126.9000015258789,127.8499984741211,3310500
2024-04-01,119.8463134765625,129.75999450683594,130.13999938964844,127.44000244140625,128.80999755859375,2800600
2024-04-02,122.13684844970703,132.24000549316406,132.25999450683594,129.77999877929688,131.0,3598800
2024-04-03,123.55917358398438,133.77999877929688,133.89999389648438,132.2899932861328,133.0,3485800
2024-04-04,123.79010009765625,134.02999877929688,134.52000427246094,133.25999450683594,133.92999267578125,3354300
2024-04-05,125.55415344238281,135.94000244140625,136.50999450683594,134.25999450683594,134.77000427246094,3458800
2024-04-08,125.10160827636719,135.4499969482422,136.67999267578125,134.9499969482422,136.05999755859375,3837600
2024-04-09,126.58859252929688,137.05999755859375,137.22000122070312,135.2899932861328,136.5800018310547,2807400
2024-04-10,127.41059875488281,137.9499969482422,138.41000366210938,136.1699981689453,136.44000244140625,3397400
2024-04-11,126.7825698852539,137.27000427246094,137.72000122070312,135.0399932861328,137.35000610351562,3430200
2024-04-12,124.95381164550781,135.2899932861328,139.6699981689453,134.67999267578125,138.5,2656100
2024-04-15,123.10340881347656,132.38999938964844,135.1699981689453,132.3000030517578,133.97000122070312,2979200
2024-04-16,123.63343811035156,132.9600067138672,133.02999877929688,130.6300048828125,132.38999938964844,3483700
2024-04-17,123.11270904541016,132.39999389648438,134.44000244140625,131.1999969482422,132.75,2642900
2024-04-18,122.51759338378906,131.75999450683594,133.1300048828125,130.99000549316406,133.02999877929688,2035800
2024-04-19,123.8287124633789,133.1699981689453,134.33999633789062,131.74000549316406,131.7899932861328,2489300
2024-04-22,124.50748443603516,133.89999389648438,135.11000061035156,131.6699981689453,132.88999938964844,2576800
2024-04-23,125.34436798095703,134.8000030517578,135.2899932861328,132.27999877929688,134.02000427246094,2055300
2024-04-24,126.0882339477539,135.60000610351562,135.69000244140625,133.25999450683594,134.25999450683594,1968200
2024-04-25,125.86508178710938,135.36000061035156,136.32000732421875,133.74000549316406,135.7100067138672,3444400
2024-04-26,126.18123626708984,135.6999969482422,136.38999938964844,134.36000061035156,135.1199951171875,1841100
2024-04-29,126.69264221191406,136.25,136.5,135.13999938964844,135.16000366210938,2786500
2024-04-30,122.86164855957031,132.1300048828125,135.99000549316406,132.0399932861328,135.69000244140625,3554500
2024-05-01,120.83456420898438,129.9499969482422,131.77999877929688,128.8699951171875,131.0399932861328,3408100
2024-05-02,122.55479431152344,131.8000030517578,132.32000732421875,130.32000732421875,131.3300018310547,4181400
2024-05-03,120.89967346191406,130.02000427246094,132.44000244140625,128.25,130.9199981689453,5660800
2024-05-06,121.32737731933594,130.47999572753906,132.13999938964844,130.24000549316406,130.67999267578125,3690900
2024-05-07,121.12281036376953,130.25999450683594,131.50999450683594,130.17999267578125,130.60000610351562,3263600
2024-05-08,120.72296905517578,129.8300018310547,131.16000366210938,128.92999267578125,129.27000427246094,2805300
2024-05-09,121.40177917480469,130.55999755859375,131.05999755859375,129.74000549316406,130.17999267578125,3663100
2024-05-10,120.97403717041016,130.10000610351562,131.57000732421875,129.7899932861328,130.80999755859375,2821100
2024-05-13,120.32313537597656,129.39999389648438,130.64999389648438,129.33999633789062,130.47000122070312,3006000
2024-05-14,120.35104370117188,129.42999267578125,130.17999267578125,128.6999969482422,129.42999267578125,2342300
2024-05-15,120.03488159179688,129.08999633789062,129.42999267578125,126.54000091552734,129.0,2561400
2024-05-16,118.94695281982422,127.91999816894531,129.6300048828125,127.88999938964844,128.77999877929688,2615400
2024-05-17,120.82526397705078,129.94000244140625,130.25999450683594,128.10000610351562,128.77999877929688,2340100
2024-05-20,120.75088500976562,129.86000061035156,130.5800018310547,129.14999389648438,130.22999572753906,1933600
2024-05-21,119.85822296142578,128.89999389648438,130.35000610351562,128.72999572753906,129.44000244140625,2211000
2024-05-22,117.2081298828125,126.05000305175781,128.4499969482422,125.62000274658203,128.4499969482422,3617600
2024-05-23,115.32981872558594,124.02999877929688,127.30000305175781,123.87999725341797,126.66000366210938,3373600
2024-05-24,114.62313079833984,123.2699966430664,125.58000183105469,122.9800033569336,124.62999725341797,3730900
2024-05-28,117.02215576171875,125.8499984741211,126.0999984741211,123.66000366210938,123.9000015258789,3800000
2024-05-29,113.36782836914062,121.91999816894531,126.0,121.18000030517578,125.97000122070312,5506300
2024-05-30,113.67469787597656,122.25,123.23999786376953,121.37999725341797,121.91999816894531,3004400
2024-05-31,115.81336212158203,124.55000305175781,124.73999786376953,122.54000091552734,122.54000091552734,4082400
2024-06-03,111.24775695800781,119.63999938964844,124.4000015258789,118.4000015258789,124.19999694824219,3239500
2024-06-04,111.39653778076172,119.80000305175781,120.04000091552734,117.4000015258789,118.44999694824219,4499200
2024-06-05,111.87076568603516,120.30999755859375,120.3499984741211,119.0,119.87999725341797,3406600
2024-06-06,112.70763397216797,121.20999908447266,121.29000091552734,119.5999984741211,120.30000305175781,3399700
2024-06-07,111.7591781616211,120.19000244140625,122.08999633789062,120.05000305175781,121.0,2494300
2024-06-10,113.06097412109375,121.58999633789062,122.2699966430664,119.75,120.5999984741211,1717500
2024-06-11,113.4701156616211,122.02999877929688,122.05000305175781,119.79000091552734,120.69000244140625,2063500
2024-06-12,112.44727325439453,120.93000030517578,123.2300033569336,120.1500015258789,123.0999984741211,2129600
2024-06-13,110.74563598632812,119.0999984741211,120.83000183105469,118.12999725341797,120.51000213623047,2253800
2024-06-14,109.94598388671875,118.23999786376953,119.70999908447266,117.16999816894531,119.70999908447266,2850300
2024-06-17,110.72705078125,119.08000183105469,119.58999633789062,117.23999786376953,118.23999786376953,2388700
2024-06-18,111.11759185791016,119.5,121.1500015258789,118.7699966430664,119.77999877929688,2032400
2024-06-20,113.43292236328125,121.98999786376953,122.08000183105469,119.26000213623047,119.76000213623047,2469000
2024-06-21,113.48870849609375,122.05000305175781,122.95999908447266,121.26000213623047,122.83999633789062,7884300
2024-06-24,116.51074981689453,125.30000305175781,125.93000030517578,122.5,122.62000274658203,2784300
2024-06-25,116.74321746826172,125.55000305175781,125.68000030517578,123.91999816894531,124.94000244140625,1947600
2024-06-26,115.84124755859375,124.58000183105469,126.1500015258789,123.87000274658203,126.0199966430664,2297400
2024-06-27,115.81336212158203,124.55000305175781,125.5,123.66999816894531,125.5,1726700
2024-06-28,117.040771484375,125.87000274658203,126.06999969482422,124.80000305175781,125.58999633789062,4029400
2024-07-01,117.66376495361328,126.54000091552734,127.88999938964844,125.47000122070312,127.69999694824219,2496100
2024-07-02,117.76605224609375,126.6500015258789,128.85000610351562,126.08000183105469,127.80000305175781,2274700
2024-07-03,117.87762451171875,126.7699966430664,127.38999938964844,126.1500015258789,126.5,1814100
2024-07-05,116.17598724365234,124.94000244140625,127.08999633789062,124.44999694824219,126.55000305175781,3354600
2024-07-08,116.81758880615234,125.62999725341797,125.66000366210938,123.91000366210938,124.04000091552734,2632000
2024-07-09,116.85477447509766,125.66999816894531,126.93000030517578,123.81999969482422,123.87999725341797,2859700
2024-07-10,117.3662109375,126.22000122070312,126.33999633789062,124.94000244140625,125.63999938964844,1835300
2024-07-11,119.1794204711914,128.1699981689453,128.52999877929688,125.5999984741211,125.9800033569336,2402800
2024-07-12,119.90470886230469,128.9499969482422,129.47000122070312,127.75,129.35000610351562,2032100
2024-07-15,123.34516143798828,132.64999389648438,134.32000732421875,129.64999389648438,130.25,3532200
2024-07-16,122.29442596435547,131.52000427246094,133.07000732421875,131.1999969482422,132.33999633789062,2925300
2024-07-17,123.95174407958984,132.3800048828125,133.11000061035156,130.7100067138672,130.72000122070312,2413500
2024-07-18,123.81129455566406,132.22999572753906,134.74000549316406,131.38999938964844,131.72999572753906,2155600
2024-07-19,121.0210189819336,129.25,132.42999267578125,128.60000610351562,132.39999389648438,3215700
2024-07-22,118.83936309814453,126.91999816894531,128.94000244140625,126.83999633789062,128.6300048828125,2088100
2024-07-23,116.94796752929688,124.9000015258789,126.18000030517578,124.12000274658203,125.88999938964844,3676600
2024-07-24,117.13523864746094,125.0999984741211,126.63999938964844,124.63999938964844,125.91000366210938,2209700
2024-07-25,118.95172882080078,127.04000091552734,128.05999755859375,125.30000305175781,125.45999908447266,2258400
2024-07-26,119.05472564697266,127.1500015258789,127.7699966430664,125.51000213623047,126.80000305175781,2214300
2024-07-29,117.21013641357422,125.18000030517578,127.9800033569336,123.87000274658203,127.5,2343600
2024-07-30,118.11840057373047,126.1500015258789,126.80999755859375,125.11000061035156,125.11000061035156,2306500
2024-07-31,118.72700500488281,126.80000305175781,128.57000732421875,126.45999908447266,128.14999389648438,3197300
2024-08-01,115.27193450927734,123.11000061035156,128.00999450683594,122.58999633789062,127.12000274658203,3083400
2024-08-02,115.09403228759766,122.91999816894531,126.04000091552734,120.0,124.68000030517578,6668900
2024-08-05,115.28130340576172,123.12000274658203,124.44999694824219,119.77999877929688,120.58999633789062,5001600
2024-08-06,114.48542022705078,122.2699966430664,124.27999877929688,122.16000366210938,122.47000122070312,3807700
2024-08-07,115.28130340576172,123.12000274658203,125.37999725341797,122.93000030517578,124.11000061035156,2726800
2024-08-08,118.71764373779297,126.79000091552734,126.94000244140625,123.44000244140625,123.44000244140625,2667200
2024-08-09,118.47418975830078,126.52999877929688,127.16000366210938,125.30000305175781,126.80000305175781,3070700
2024-08-12,120.57157897949219,128.77000427246094,128.8300018310547,126.93000030517578,127.19999694824219,2931800
2024-08-13,118.31501770019531,126.36000061035156,127.80000305175781,126.0,127.37999725341797,2975900
2024-08-14,118.48355865478516,126.54000091552734,127.0999984741211,125.87999725341797,126.61000061035156,2025700
2024-08-15,119.96295166015625,128.1199951171875,128.4199981689453,126.47000122070312,126.56999969482422,2037700
2024-08-16,119.90678405761719,128.05999755859375,128.42999267578125,127.30999755859375,127.61000061035156,2339800
2024-08-19,120.07532501220703,128.24000549316406,129.80999755859375,127.8499984741211,128.07000732421875,1985300
2024-08-20,117.27569580078125,125.25,128.55999755859375,124.6500015258789,128.2899932861328,2867300
2024-08-21,117.02289581298828,124.9800033569336,126.86000061035156,124.93000030517578,126.2300033569336,2668800
2024-08-22,117.24760437011719,125.22000122070312,126.43000030517578,124.94999694824219,125.0,2216200
2024-08-23,118.82063293457031,126.9000015258789,127.2699966430664,125.5,126.25,1995800
2024-08-26,121.77943420410156,130.05999755859375,131.17999267578125,128.83999633789062,129.5,2270000
2024-08-27,120.37495422363281,128.55999755859375,130.85000610351562,128.33999633789062,130.49000549316406,2150800
2024-08-28,120.52476501464844,128.72000122070312,129.25999450683594,127.16999816894531,127.58999633789062,1726100
2024-08-29,121.70455169677734,129.97999572753906,130.5399932861328,129.10000610351562,129.3699951171875,3152000
2024-08-30,120.618408203125,128.82000732421875,129.30999755859375,127.5999984741211,128.42999267578125,2820200
2024-09-03,115.75882720947266,123.62999725341797,127.2699966430664,123.56999969482422,127.02999877929688,3830700
2024-09-04,114.96294403076172,122.77999877929688,125.31999969482422,122.44999694824219,123.98999786376953,2732400
2024-09-05,113.8112564086914,121.55000305175781,123.80999755859375,121.02999877929688,123.66999816894531,3124900
2024-09-06,112.68766784667969,120.3499984741211,122.45999908447266,119.93000030517578,122.0,3144100
2024-09-09,112.82810974121094,120.5,121.56999969482422,120.4800033569336,120.86000061035156,4999300
2024-09-10,111.39551544189453,118.97000122070312,120.80999755859375,117.95999908447266,120.43000030517578,3928900
2024-09-11,110.39363861083984,117.9000015258789,118.94999694824219,115.77999877929688,118.58999633789062,3419100
2024-09-12,110.69326782226562,118.22000122070312,118.66000366210938,116.58000183105469,117.5,4709200
2024-09-13,111.77005004882812,119.37000274658203,120.05000305175781,118.5,118.61000061035156,4428300
2024-09-16,113.92361450195312,121.66999816894531,121.76000213623047,120.20999908447266,121.2300033569336,4484600
2024-09-17,115.34686279296875,123.19000244140625,123.33000183105469,121.41999816894531,121.58999633789062,4010200
2024-09-18,116.4610824584961,124.37999725341797,125.16000366210938,122.52999877929688,122.61000061035156,3965800
2024-09-19,117.2288589477539,125.19999694824219,126.81999969482422,124.76000213623047,126.66999816894531,4358100
2024-09-20,118.00603485107422,126.02999877929688,126.16000366210938,123.94999694824219,125.05000305175781,9400800
2024-09-23,119.5978012084961,127.7300033569336,128.4600067138672,125.25,125.70999908447266,3174900
2024-09-24,119.75697326660156,127.9000015258789,129.72999572753906,127.19000244140625,129.39999389648438,2110300
2024-09-25,116.6296157836914,124.55999755859375,127.9800033569336,124.45999908447266,127.47000122070312,3031700
2024-09-26,112.70639038085938,120.37000274658203,123.0,119.9000015258789,121.77999877929688,4907300
2024-09-27,114.64459228515625,122.44000244140625,122.66000366210938,120.76000213623047,121.19999694824219,3273000
2024-09-30,115.10338592529297,122.93000030517578,123.6500015258789,121.4800033569336,122.27999877929688,3566600
2024-10-01,118.87681579589844,126.95999908447266,127.25,120.55000305175781,120.80999755859375,3539900
2024-10-02,120.15960693359375,128.3300018310547,129.35000610351562,126.52999877929688,129.2100067138672,2636700
2024-10-03,122.46297454833984,130.7899932861328,131.0399932861328,127.56999969482422,128.66000366210938,2606300
2024-10-04,124.6446304321289,133.1199951171875,133.25999450683594,131.02999877929688,132.0,2720100
2024-10-07,125.69334411621094,134.24000549316406,135.5,133.1199951171875,133.25,2887700
2024-10-08,122.06971740722656,130.3699951171875,132.58999633789062,129.3300018310547,132.5,2566400
2024-10-09,122.62214660644531,130.9600067138672,131.35000610351562,129.42999267578125,130.3800048828125,2233900
2024-10-10,123.77383422851562,132.19000244140625,132.61000061035156,130.33999633789062,131.8699951171875,1637400
2024-10-11,124.01727294921875,132.4499969482422,133.57000732421875,131.55999755859375,131.67999267578125,1460800
2024-10-14,123.09967041015625,131.47000122070312,132.05999755859375,130.80999755859375,131.3699951171875,1702100
2024-10-15,119.17645263671875,127.27999877929688,128.85000610351562,126.77999877929688,127.93000030517578,2949200
2024-10-16,119.25135803222656,127.36000061035156,127.98999786376953,126.9800033569336,127.37000274658203,1939400
2024-10-17,119.80776977539062,127.04000091552734,127.58999633789062,126.19000244140625,126.83999633789062,2975600
2024-10-18,119.41168212890625,126.62000274658203,127.0,125.45999908447266,126.66999816894531,2990700
2024-10-21,118.5534896850586,125.70999908447266,128.11000061035156,125.56999969482422,127.8499984741211,2403000
2024-10-22,117.94991302490234,125.06999969482422,126.5199966430664,124.9800033569336,126.23999786376953,1709500
2024-10-23,117.62928009033203,124.7300033569336,125.16000366210938,123.7300033569336,124.9000015258789,1639700
2024-10-24,117.35578155517578,124.44000244140625,125.48999786376953,123.62999725341797,125.18000030517578,1927700
2024-10-25,116.15808868408203,123.16999816894531,125.73999786376953,122.58000183105469,125.27999877929688,3050800
2024-10-28,115.12069702148438,122.06999969482422,122.63999938964844,119.36000061035156,119.75,2390300
2024-10-29,113.63065338134766,120.48999786376953,122.08000183105469,120.30999755859375,122.06999969482422,2207100
2024-10-30,113.658935546875,120.5199966430664,121.47000122070312,120.3499984741211,121.47000122070312,2467000
2024-10-31,115.0169677734375,121.95999908447266,122.56999969482422,120.55999755859375,121.52999877929688,2999200
2024-11-01,113.9607162475586,120.83999633789062,122.97000122070312,120.33999633789062,122.83999633789062,2256100
2024-11-04,115.93173217773438,122.93000030517578,123.44999694824219,121.51000213623047,122.02999877929688,1702100
2024-11-05,115.1584243774414,122.11000061035156,123.54000091552734,121.51000213623047,123.2300033569336,3281900
2024-11-06,119.95865631103516,127.19999694824219,128.74000549316406,124.70999908447266,125.55999755859375,3516600
2024-11-07,119.26077270507812,126.45999908447266,127.5999984741211,124.87000274658203,127.19999694824219,2309300
2024-11-08,126.48470306396484,134.1199951171875,134.97999572753906,128.1999969482422,131.63999938964844,5335100
2024-11-11,125.52278137207031,133.10000610351562,135.08999633789062,132.38999938964844,133.47999572753906,2987600
2024-11-12,125.55108642578125,133.1300048828125,133.82000732421875,132.7100067138672,133.10000610351562,2757700
2024-11-13,126.70162200927734,134.35000610351562,134.75999450683594,132.05999755859375,134.0399932861328,3578900
2024-11-14,127.49380493164062,135.19000244140625,135.39999389648438,133.25999450683594,135.0,2545800
2024-11-15,126.89965057373047,134.55999755859375,136.85000610351562,134.0500030517578,135.00999450683594,2279700
2024-11-18,128.7669219970703,136.5399932861328,137.2100067138672,135.11000061035156,136.32000732421875,3060700
2024-11-19,127.48435974121094,135.17999267578125,136.75999450683594,134.83999633789062,135.3300018310547,2903400
2024-11-20,128.4745635986328,136.22999572753906,136.4600067138672,134.66000366210938,134.67999267578125,2063000
2024-11-21,127.78614044189453,135.5,137.72000122070312,135.19000244140625,136.9199981689453,2875400
2024-11-22,128.58778381347656,136.35000610351562,136.83999633789062,134.83999633789062,135.0,2545800
2024-11-25,124.46652221679688,131.97999572753906,137.1999969482422,131.6999969482422,136.38999938964844,5440300
2024-11-26,124.9946517944336,132.5399932861328,133.0800018310547,131.10000610351562,132.2899932861328,3129600
2024-11-27,125.51335144042969,133.08999633789062,134.61000061035156,132.74000549316406,132.75,2004100
2024-11-29,125.67366027832031,133.25999450683594,134.6699981689453,132.52999877929688,133.5,1837700
2024-12-02,123.76866912841797,131.24000549316406,133.72000122070312,130.24000549316406,133.5,2835100
2024-12-03,124.29679870605469,131.8000030517578,132.69000244140625,130.22000122070312,132.3800048828125,2362100
2024-12-04,122.156005859375,129.52999877929688,131.88999938964844,128.3800048828125,131.63999938964844,3222500
2024-12-05,122.61812591552734,130.02000427246094,131.85000610351562,129.63999938964844,129.8800048828125,2623900
2024-12-06,120.5339126586914,127.80999755859375,129.74000549316406,126.30999755859375,129.11000061035156,2927900
2024-12-09,120.57164764404297,127.8499984741211,129.5500030517578,127.62999725341797,129.2899932861328,3047000
2024-12-10,119.4022445678711,126.61000061035156,129.36000061035156,126.0,128.77999877929688,3440500
2024-12-11,120.29814910888672,127.55999755859375,128.11000061035156,126.08999633789062,126.6500015258789,5778600
2024-12-12,119.36453247070312,126.56999969482422,127.58000183105469,126.33000183105469,127.44999694824219,2169500
2024-12-13,119.55313110351562,126.7699966430664,127.20999908447266,125.31999969482422,126.58000183105469,1878800
2024-12-16,117.52552795410156,124.62000274658203,126.87999725341797,124.19000244140625,126.19999694824219,2898600
2024-12-17,116.13922119140625,123.1500015258789,124.8499984741211,121.7699966430664,123.94000244140625,3820100
2024-12-18,112.8196029663086,119.62999725341797,123.77999877929688,119.54000091552734,123.1500015258789,4506900
2024-12-19,111.48987579345703,118.22000122070312,121.08000183105469,118.12999725341797,120.69000244140625,3589700
2024-12-20,112.26319122314453,119.04000091552734,119.91999816894531,117.51000213623047,117.62000274658203,10044400
2024-12-23,113.0270767211914,119.8499984741211,120.23999786376953,118.08999633789062,118.66000366210938,2554600
2024-12-24,113.9512939453125,120.83000183105469,120.9800033569336,119.0999984741211,120.16000366210938,1325800
2024-12-26,113.55520629882812,120.41000366210938,120.9800033569336,120.19000244140625,120.9000015258789,2104000
2024-12-27,113.5457763671875,120.4000015258789,121.72000122070312,119.83999633789062,120.0999984741211,2048400
2024-12-30,113.71552276611328,120.58000183105469,121.31999969482422,119.4800033569336,120.70999908447266,3197100
2024-12-31,115.6016616821289,122.58000183105469,122.81999969482422,120.55000305175781,120.88999938964844,3302500
2025-01-02,117.61040496826172,124.70999908447266,125.61000061035156,123.55000305175781,124.0,2920200
2025-01-03,119.36453247070312,126.56999969482422,126.94000244140625,125.22000122070312,125.62000274658203,3012000
2025-01-06,119.19477081298828,126.38999938964844,128.50999450683594,126.08999633789062,127.0,2678500
2025-01-07,120.29814910888672,127.55999755859375,128.60000610351562,126.43000030517578,126.9800033569336,2766800
2025-01-08,121.14694213867188,128.4600067138672,128.88999938964844,126.91000366210938,127.73999786376953,3052800
2025-01-10,123.92899322509766,131.41000366210938,134.83999633789062,130.0500030517578,131.27999877929688,4882800
2025-01-13,126.8336410522461,134.49000549316406,135.9199981689453,131.6699981689453,131.91000366210938,5523500
2025-01-14,128.040771484375,135.77000427246094,135.97999572753906,133.6999969482422,133.72000122070312,3223800
2025-01-15,129.25732421875,137.05999755859375,137.22000122070312,135.07000732421875,135.9199981689453,2529900
2025-01-16,130.19097900390625,138.0500030517578,138.17999267578125,136.1999969482422,136.27999877929688,2730500
2025-01-17,129.72084045410156,136.5800018310547,137.86000061035156,136.10000610351562,136.85000610351562,2839000
2025-01-21,129.20794677734375,136.0399932861328,136.44000244140625,134.2100067138672,134.92999267578125,3706200
2025-01-22,127.2894287109375,134.02000427246094,136.1999969482422,133.83999633789062,135.80999755859375,3376500
2025-01-23,127.25141143798828,133.97999572753906,135.55999755859375,133.19000244140625,134.8300018310547,3003200
2025-01-24,125.19989776611328,131.82000732421875,134.83999633789062,131.47000122070312,134.52000427246094,3178800
2025-01-27,125.3328628540039,131.9600067138672,134.69000244140625,130.8699951171875,132.02999877929688,3187300
2025-01-28,123.70875549316406,130.25,133.1999969482422,129.55999755859375,132.4199981689453,2386500
2025-01-29,123.68972778320312,130.22999572753906,130.7899932861328,129.3800048828125,129.91000366210938,1852900
2025-01-30,123.26234436035156,129.77999877929688,131.27000427246094,129.10000610351562,130.85000610351562,2025200
2025-01-31,119.47271728515625,125.79000091552734,129.69000244140625,125.25,129.52999877929688,3427700
2025-02-03,120.05208587646484,126.4000015258789,127.01000213623047,124.45999908447266,126.30000305175781,2871700
2025-02-04,121.68569946289062,128.1199951171875,129.32000732421875,124.62999725341797,125.0,2161900
2025-02-05,121.28679656982422,127.69999694824219,128.75999450683594,126.9000015258789,127.80000305175781,1913400
2025-02-06,120.31802368164062,126.68000030517578,128.74000549316406,125.2699966430664,128.3300018310547,2772200
2025-02-07,120.1470718383789,126.5,127.75,126.33999633789062,126.87000274658203,2006100
2025-02-10,124.003173828125,130.55999755859375,130.82000732421875,126.61000061035156,127.44000244140625,2723200
2025-02-11,125.64627838134766,132.2899932861328,133.63999938964844,130.9199981689453,131.27000427246094,2381300
2025-02-12,122.36953735351562,128.83999633789062,133.77999877929688,128.64999389648438,132.0800018310547,3133000
2025-02-13,122.54051971435547,129.02000427246094,129.1300048828125,127.51000213623047,128.6999969482422,1950100
2025-02-14,122.81594848632812,129.30999755859375,131.94000244140625,129.22999572753906,129.4199981689453,2220600
2025-02-18,124.36408996582031,130.94000244140625,132.0500030517578,128.25999450683594,130.42999267578125,2393100
2025-02-19,127.77378845214844,134.52999877929688,134.8800048828125,131.77999877929688,132.0,2306000
2025-02-20,128.85655212402344,135.6699981689453,135.8699951171875,133.91000366210938,134.52999877929688,2837300
2025-02-21,126.3966064453125,133.0800018310547,135.13999938964844,132.5399932861328,134.7100067138672,3456800
2025-02-24,126.91898345947266,133.6300048828125,133.91000366210938,132.32000732421875,133.14999389648438,2233300
2025-02-25,124.72501373291016,131.32000732421875,134.49000549316406,130.89999389648438,133.32000732421875,2367100
2025-02-26,123.31932067871094,129.83999633789062,131.7100067138672,128.60000610351562,131.05999755859375,2523900
2025-02-27,124.0506591796875,130.61000061035156,132.08999633789062,129.75999450683594,131.02000427246094,2704800
2025-02-28,120.5649642944336,126.94000244140625,128.82000732421875,124.36000061035156,128.10000610351562,6868700
2025-03-03,114.48638153076172,120.54000091552734,126.97000122070312,119.37000274658203,126.93000030517578,7432300
2025-03-04,115.9775390625,122.11000061035156,123.87000274658203,117.7300033569336,119.13999938964844,6657600
2025-03-05,115.7305908203125,121.8499984741211,122.26000213623047,118.87999725341797,120.0,5336500
2025-03-06,116.05352783203125,122.19000244140625,123.5,120.62999725341797,122.20999908447266,3956800
2025-03-07,118.9693374633789,125.26000213623047,125.68000030517578,122.68000030517578,122.98999786376953,4767200
2025-03-10,119.56768798828125,125.88999938964844,128.80999755859375,124.95999908447266,126.77999877929688,3172800
2025-03-11,118.23799896240234,124.48999786376953,127.43000030517578,124.27999877929688,126.94000244140625,4408900
2025-03-12,118.02906036376953,124.2699966430664,126.0,123.13999938964844,124.05000305175781,3428400
2025-03-13,115.00875854492188,121.08999633789062,124.58000183105469,120.08000183105469,123.12999725341797,3549600
2025-03-14,117.69664001464844,123.91999816894531,124.16999816894531,120.25,121.0,3266800
2025-03-17,117.37371826171875,123.58000183105469,124.70999908447266,123.30999755859375,123.80000305175781,3695800
2025-03-18,116.41444396972656,122.56999969482422,124.75,122.0,124.70999908447266,3028500
2025-03-19,118.66541290283203,124.94000244140625,125.51000213623047,122.73999786376953,122.73999786376953,3479300
2025-03-20,118.05755615234375,124.30000305175781,125.48999786376953,123.0,123.94999694824219,4074900
2025-03-21,118.88385772705078,125.16999816894531,125.16999816894531,122.98999786376953,123.54000091552734,9750400
2025-03-24,121.82817077636719,128.27000427246094,129.19000244140625,124.95999908447266,125.25,3236200
2025-03-25,120.98287200927734,127.37999725341797,129.55999755859375,127.06999969482422,128.39999389648438,3337200
2025-03-26,122.69246673583984,129.17999267578125,130.52000427246094,128.3000030517578,128.75,2716700
2025-03-27,120.36551666259766,126.7300033569336,129.05999755859375,126.43000030517578,128.9199981689453,2367000
2025-03-28,120.23253631591797,126.58999633789062,126.94999694824219,125.0,126.54000091552734,2354300
2025-03-31,121.7996826171875,128.24000549316406,129.63999938964844,126.4800033569336,126.61000061035156,3149100
2025-04-01,122.80645751953125,129.3000030517578,129.5,127.30999755859375,127.76000213623047,1926700
2025-04-02,123.44280242919922,129.97000122070312,130.41000366210938,128.27999877929688,128.27999877929688,1827400
2025-04-03,113.86903381347656,119.88999938964844,125.29000091552734,119.47000122070312,122.73999786376953,5530300
2025-04-04,104.99809265136719,110.55000305175781,116.61000061035156,109.19999694824219,115.58000183105469,8834600
2025-04-07,103.5544204711914,109.02999877929688,113.56999969482422,105.2699966430664,107.27999877929688,8269500
2025-04-08,99.68882751464844,104.95999908447266,112.01000213623047,103.45999908447266,110.76000213623047,5531800
2025-04-09,108.32231140136719,114.05000305175781,115.68000030517578,102.54000091552734,102.54000091552734,9991600
2025-04-10,99.35640716552734,104.61000061035156,111.83999633789062,102.5199966430664,110.0,8314500
2025-04-11,103.08903503417969,108.54000091552734,109.62000274658203,103.5199966430664,105.83999633789062,4992100
2025-04-14,102.2342300415039,107.63999938964844,111.5,106.12000274658203,111.16000366210938,4030300
2025-04-15,102.08226776123047,107.4800033569336,109.0999984741211,107.16999816894531,107.73999786376953,3192300
2025-04-16,103.7452163696289,108.23999786376953,110.16000366210938,106.62999725341797,107.1500015258789,4270700
2025-04-17,105.91136932373047,110.5,112.68000030517578,108.80999755859375,109.68000030517578,5905400
2025-04-21,104.5791015625,109.11000061035156,109.31999969482422,107.41000366210938,108.58000183105469,3001800
2025-04-22,106.69732666015625,111.31999969482422,112.45999908447266,110.20999908447266,110.8499984741211,2947600
2025-04-23,106.93692779541016,111.56999969482422,113.66999816894531,110.02999877929688,112.5,3037900
2025-04-24,108.74845123291016,113.45999908447266,113.79000091552734,111.63999938964844,112.83000183105469,2075400
2025-04-25,108.37464141845703,113.06999969482422,113.52999877929688,111.80000305175781,112.29000091552734,2093400
2025-04-28,109.40021514892578,114.13999938964844,114.55000305175781,112.69999694824219,112.87999725341797,1908400
2025-04-29,108.24046325683594,112.93000030517578,114.04000091552734,112.0,113.19000244140625,2323700
2025-04-30,105.7484359741211,110.33000183105469,112.0,108.54000091552734,112.0,5383300
2025-05-01,107.04237365722656,111.68000030517578,113.30000305175781,109.2699966430664,109.54000091552734,4603700
2025-05-02,106.25642395019531,110.86000061035156,112.13999938964844,108.01000213623047,111.12000274658203,6415000
2025-05-05,104.01358795166016,108.5199966430664,109.25,107.0199966430664,108.86000061035156,5226300
2025-05-06,104.20529174804688,108.72000122070312,110.2300033569336,107.88999938964844,109.48999786376953,4505000
2025-05-07,103.48644256591797,107.97000122070312,109.33999633789062,107.05999755859375,109.33999633789062,4013500
2025-05-08,105.1541748046875,109.70999908447266,112.12000274658203,108.61000061035156,109.04000091552734,6135400
2025-05-09,106.50562286376953,111.12000274658203,111.1500015258789,109.5199966430664,110.4800033569336,4079900
2025-05-12,109.32353210449219,114.05999755859375,117.16999816894531,113.95999908447266,116.05000305175781,3983600
2025-05-13,111.80599212646484,116.6500015258789,117.7699966430664,113.97000122070312,114.62999725341797,4112800
2025-05-14,110.78999328613281,115.58999633789062,116.19999694824219,114.5999984741211,115.27999877929688,3878500
2025-05-15,111.04878997802734,115.86000061035156,115.9800033569336,113.12000274658203,113.91000366210938,3243800
2025-05-16,110.7037353515625,115.5,116.70999908447266,114.87000274658203,116.51000213623047,3406000
2025-05-19,109.21810150146484,113.94999694824219,114.62999725341797,112.69000244140625,114.25,2864000
2025-05-20,107.90499877929688,112.58000183105469,114.31999969482422,112.43000030517578,114.06999969482422,2336500
2025-05-21,106.75482940673828,111.37999725341797,113.18000030517578,111.1500015258789,112.86000061035156,3198500
2025-05-22,106.1893310546875,110.79000091552734,111.44000244140625,108.6500015258789,110.41000366210938,3050900
2025-05-23,105.60465240478516,110.18000030517578,110.5999984741211,109.30999755859375,109.30999755859375,1993300
2025-05-27,106.6110610961914,111.2300033569336,111.48999786376953,109.43000030517578,110.61000061035156,2475100
2025-05-28,105.86344146728516,110.44999694824219,112.69999694824219,110.06999969482422,112.69999694824219,2260600
2025-05-29,105.31710815429688,109.87999725341797,111.02999877929688,109.37000274658203,110.45999908447266,3421100
2025-05-30,104.06151580810547,108.56999969482422,109.51000213623047,107.45999908447266,108.5,5536300
2025-06-02,106.71649169921875,111.33999633789062,111.80999755859375,109.69999694824219,111.11000061035156,4151400
2025-06-03,108.1350326538086,112.81999969482422,113.88999938964844,110.16999816894531,111.36000061035156,3279200
2025-06-04,106.17015838623047,110.7699966430664,114.52999877929688,110.7699966430664,112.95999908447266,3333900
2025-06-05,106.41935729980469,111.02999877929688,112.08000183105469,110.43000030517578,111.91999816894531,2697500
2025-06-06,109.31395721435547,114.05000305175781,114.69999694824219,112.69000244140625,112.69000244140625,3055900
2025-06-09,109.58232879638672,114.33000183105469,115.27999877929688,113.18000030517578,114.19999694824219,3647600
2025-06-10,112.98490142822266,117.87999725341797,119.5199966430664,116.0,116.33999633789062,4952200
2025-06-11,114.94019317626953,119.91999816894531,120.58000183105469,117.16999816894531,118.94999694824219,3893000
2025-06-12,115.58236694335938,120.58999633789062,120.76000213623047,118.45999908447266,119.26000213623047,3318600
2025-06-13,120.07762145996094,125.27999877929688,125.87999725341797,122.5,125.23999786376953,7915200
2025-06-16,118.0648193359375,123.18000030517578,124.87000274658203,121.66000366210938,123.38999938964844,5142500
2025-06-17,119.46419525146484,124.63999938964844,125.95999908447266,123.63999938964844,124.58999633789062,4563500
2025-06-18,118.639892578125,123.77999877929688,126.7300033569336,123.13999938964844,125.0,4553000
2025-06-20,120.11595916748047,125.31999969482422,125.95999908447266,123.80000305175781,123.98999786376953,11229400
2025-06-23,116.92424011230469,121.98999786376953,127.80999755859375,121.5199966430664,126.86000061035156,5080000
2025-06-24,115.66863250732422,120.68000030517578,122.2699966430664,119.80000305175781,120.87999725341797,3980900
2025-06-25,114.84434509277344,119.81999969482422,121.18000030517578,119.2699966430664,120.23999786376953,2799000
2025-06-26,116.0999526977539,121.12999725341797,121.16000366210938,119.45999908447266,120.0,2705300
2025-06-27,115.78365325927734,120.80000305175781,121.13999938964844,119.88999938964844,121.0,4187900
2025-06-30,114.64307403564453,119.61000061035156,120.4000015258789,118.8499984741211,120.0,3491200
2025-07-01,116.15745544433594,121.19000244140625,121.63999938964844,118.08000183105469,119.97000122070312,3680300
2025-07-02,117.77727508544922,122.87999725341797,123.26000213623047,120.66999816894531,123.19999694824219,3460500
2025-07-03,118.03606414794922,123.1500015258789,123.70999908447266,122.0,122.87000274658203,1437200
2025-07-07,114.64307403564453,119.61000061035156,122.68000030517578,118.06999969482422,122.18000030517578,3692400
2025-07-08,118.80284881591797,123.94999694824219,125.08000183105469,119.22000122070312,119.72000122070312,3753400
2025-07-09,116.82838439941406,121.88999938964844,123.94000244140625,121.5199966430664,122.9800033569336,2245700
2025-07-10,116.67504119873047,121.7300033569336,122.27999877929688,119.81999969482422,121.12999725341797,2703500
2025-07-11,117.93063354492188,123.04000091552734,123.56999969482422,121.11000061035156,121.86000061035156,2215900
2025-07-14,117.50889587402344,122.5999984741211,123.0,121.16999816894531,122.61000061035156,3074500
2025-07-15,114.7389144897461,119.70999908447266,122.81999969482422,119.66999816894531,122.58999633789062,2993300
2025-07-16,113.86670684814453,118.80000305175781,120.08999633789062,117.69999694824219,119.70999908447266,3682400
2025-07-17,114.45137786865234,118.43000030517578,118.62000274658203,117.19000244140625,117.22000122070312,2795600
2025-07-18,113.72657775878906,117.68000030517578,119.68000030517578,117.43000030517578,118.98999786376953,5901900
2025-07-21,112.57655334472656,116.48999786376953,118.13999938964844,116.48999786376953,118.0199966430664,3248000
2025-07-22,113.96817779541016,117.93000030517578,118.41000366210938,116.33999633789062,116.70999908447266,2200000
2025-07-23,114.88626098632812,118.87999725341797,119.05000305175781,117.27999877929688,118.31999969482422,2798100
2025-07-24,115.0505599975586,119.05000305175781,119.69999694824219,118.08000183105469,118.77999877929688,2452100
2025-07-25,114.4127197265625,118.38999938964844,119.33000183105469,117.86000061035156,119.05999755859375,1785300
2025-07-28,117.5632095336914,121.6500015258789,121.72000122070312,119.44999694824219,119.73999786376953,2795000
2025-07-29,119.0128173828125,123.1500015258789,123.22000122070312,120.86000061035156,122.0,2916200
2025-07-30,117.16697692871094,121.23999786376953,122.86000061035156,120.6500015258789,122.2300033569336,2691400
2025-07-31,115.98796081542969,120.0199966430664,122.63999938964844,119.76000213623047,120.29000091552734,2657200
2025-08-01,112.68285369873047,116.5999984741211,119.9000015258789,115.93000030517578,119.45999908447266,2689000
2025-08-04,113.07908630371094,117.01000213623047,117.56999969482422,115.8499984741211,115.93000030517578,2300500
2025-08-05,113.8232192993164,117.77999877929688,118.06999969482422,116.30000305175781,117.22000122070312,3035000
2025-08-06,112.67318725585938,116.58999633789062,119.94000244140625,116.08000183105469,118.95999908447266,3050400
2025-08-07,112.07402801513672,115.97000122070312,119.20999908447266,115.73999786376953,117.16000366210938,4400400
2025-08-08,112.37361145019531,116.27999877929688,117.63999938964844,113.36000061035156,116.29000091552734,3969100
2025-08-11,112.914794921875,116.83999633789062,117.86000061035156,115.05000305175781,116.9000015258789,3043100
2025-08-12,114.04549407958984,118.01000213623047,119.93000030517578,116.66999816894531,117.06999969482422,2902100
2025-08-13,115.4564437866211,119.47000122070312,119.47000122070312,117.4800033569336,118.0,2951200
2025-08-14,115.76568603515625,119.79000091552734,120.02999877929688,118.23999786376953,118.77999877929688,2246700
2025-08-15,114.99256896972656,118.98999786376953,120.7699966430664,118.94000244140625,119.81999969482422,2944400
2025-08-18,113.77490234375,117.7300033569336,118.52999877929688,117.23999786376953,118.36000061035156,2743200
2025-08-19,113.37866973876953,117.31999969482422,118.55000305175781,116.56999969482422,117.04000091552734,2425700
2025-08-20,114.38373565673828,118.36000061035156,118.80999755859375,117.02999877929688,117.73999786376953,2527500
2025-08-21,114.52870178222656,118.51000213623047,118.81999969482422,117.3499984741211,118.12999725341797,1853000
2025-08-22,117.04134368896484,121.11000061035156,121.41000366210938,118.80000305175781,119.04000091552734,2245900
2025-08-25,117.35060119628906,121.43000030517578,121.62999725341797,119.69999694824219,120.5999984741211,2092800
2025-08-26,117.22496795654297,121.30000305175781,121.73999786376953,120.2699966430664,120.58999633789062,3191300
2025-08-27,118.75187683105469,122.87999725341797,123.4800033569336,120.88999938964844,120.88999938964844,2195000
2025-08-28,120.16282653808594,124.33999633789062,124.55000305175781,122.04000091552734,122.97000122070312,1937900
2025-08-29,120.62671661376953,124.81999969482422,125.63999938964844,124.05000305175781,124.2699966430664,1738000
2025-09-02,121.86370849609375,126.0999984741211,126.12000274658203,123.54000091552734,124.4800033569336,2224900
2025-09-03,116.5291519165039,120.58000183105469,125.77999877929688,119.93000030517578,124.91000366210938,2658300
2025-09-04,117.51488494873047,121.5999984741211,122.26000213623047,119.80000305175781,120.37999725341797,1689700
2025-09-05,113.96817779541016,117.93000030517578,120.56999969482422,117.04000091552734,119.91000366210938,3711200
2025-09-08,113.69758605957031,117.6500015258789,118.41999816894531,116.05999755859375,117.8499984741211,2550500
2025-09-09,113.36900329589844,117.30999755859375,119.75,117.26000213623047,118.37999725341797,2359000
2025-09-10,116.21990203857422,120.26000213623047,120.29000091552734,117.37999725341797,117.75,2128100
2025-09-11,115.96863555908203,120.0,120.4000015258789,118.54000091552734,119.08000183105469,2283100
2025-09-12,114.19044494628906,118.16000366210938,121.0199966430664,117.97000122070312,120.7699966430664,1967200
2025-09-15,113.59127807617188,117.54000091552734,118.27999877929688,116.81999969482422,118.0,2179700
2025-09-16,116.78040313720703,120.83999633789062,121.37999725341797,118.33999633789062,118.93000030517578,2717700
2025-09-17,115.81401062011719,119.83999633789062,121.20999908447266,118.73999786376953,119.94000244140625,2851200
2025-09-18,114.3450698852539,118.31999969482422,120.13999938964844,117.73999786376953,120.0,2911400
2025-09-19,112.10301971435547,116.0,118.41999816894531,115.5,118.41999816894531,6830300
2025-09-22,111.5328369140625,115.41000366210938,116.2300033569336,114.98999786376953,115.66999816894531,2930000
2025-09-23,111.78410339355469,115.66999816894531,119.11000061035156,115.5,116.1500015258789,3838100
2025-09-24,112.77949523925781,116.69999694824219,118.62999725341797,116.02999877929688,116.66000366210938,3793300
2025-09-25,113.35934448242188,117.30000305175781,118.11000061035156,116.12000274658203,116.61000061035156,3810000
2025-09-26,113.36900329589844,117.30999755859375,119.19999694824219,116.68000030517578,116.68000030517578,4251700
2025-09-29,109.54203796386719,113.3499984741211,116.55999755859375,113.18000030517578,116.16000366210938,5446800
2025-09-30,108.35336303710938,112.12000274658203,112.61000061035156,111.0199966430664,112.05000305175781,7130000
2025-10-01,107.53191375732422,111.2699966430664,111.94000244140625,110.44999694824219,111.55000305175781,4107800
2025-10-02,106.69114685058594,110.4000015258789,113.31999969482422,110.29000091552734,111.0999984741211,4427500
2025-10-03,107.10669708251953,110.83000183105469,111.4000015258789,110.18000030517578,110.38999938964844,4788700
2025-10-06,106.73945617675781,110.44999694824219,111.51000213623047,110.38999938964844,110.63999938964844,3362100
2025-10-07,106.73945617675781,110.44999694824219,110.58000183105469,108.87000274658203,110.3499984741211,3571700
2025-10-08,106.78778839111328,110.5,110.70999908447266,109.33999633789062,110.37000274658203,4190000
2025-10-09,108.16007995605469,111.91999816894531,112.41999816894531,110.08000183105469,111.4000015258789,4612100
2025-10-10,104.43941497802734,108.06999969482422,111.70999908447266,108.04000091552734,110.88999938964844,4434200
2025-10-13,106.03398895263672,109.72000122070312,109.9800033569336,108.12000274658203,109.66999816894531,4453700
2025-10-14,105.45414733886719,109.12000274658203,110.44999694824219,107.52999877929688,107.58999633789062,3101500
2025-10-15,104.98060607910156,108.62999725341797,110.11000061035156,107.94000244140625,109.4800033569336,2764600
2025-10-16,103.64697265625,107.25,109.38999938964844,105.19999694824219,108.83000183105469,4392000
2025-10-17,103.63721466064453,106.22000122070312,107.0,104.95999908447266,106.55000305175781,6667700
2025-10-20,103.81283569335938,106.4000015258789,107.0199966430664,105.77999877929688,106.4800033569336,3635300
2025-10-21,103.46159362792969,106.04000091552734,107.2300033569336,106.01000213623047,106.80000305175781,4254000
2025-10-22,103.6274642944336,106.20999908447266,107.08000183105469,105.6500015258789,107.01000213623047,5151000
2025-10-23,105.45198822021484,108.08000183105469,109.0,107.23999786376953,108.5,4603500
2025-10-24,103.79331970214844,106.37999725341797,108.31999969482422,106.31999969482422,108.0,3133200
2025-10-27,104.18360137939453,106.77999877929688,107.69999694824219,106.37000274658203,107.08000183105469,3795500
2025-10-28,103.32498931884766,105.9000015258789,106.79000091552734,105.62999725341797,106.76000213623047,3064900
2025-10-29,103.42256927490234,106.0,107.0,105.69000244140625,105.69000244140625,3740600
2025-10-30,102.89569091796875,105.45999908447266,106.41000366210938,104.94000244140625,105.56999969482422,3698700
2025-10-31,103.2664566040039,105.83999633789062,106.66999816894531,105.20999908447266,105.55000305175781,3965100
2025-11-03,103.0713119506836,105.63999938964844,105.98999786376953,103.9000015258789,105.91000366210938,3749700
2025-11-04,102.7005615234375,105.26000213623047,105.48999786376953,103.97000122070312,104.0,4758700
2025-11-05,102.63226318359375,105.19000244140625,106.5,104.75,105.05999755859375,3636000
2025-11-06,102.44688415527344,105.0,106.5999984741211,104.81999969482422,105.56999969482422,6018300
2025-11-07,102.84691619873047,105.41000366210938,106.62999725341797,103.5,106.2300033569336,7053600
2025-11-10,103.97870635986328,106.56999969482422,107.02999877929688,104.4000015258789,105.91000366210938,4811000
2025-11-11,106.68135070800781,109.33999633789062,110.66999816894531,107.2699966430664,107.29000091552734,5666800
2025-11-12,106.09593963623047,108.73999786376953,109.62000274658203,108.29000091552734,108.58999633789062,3397000
2025-11-13,106.58377838134766,109.23999786376953,110.5199966430664,108.76000213623047,109.37000274658203,3077600
2025-11-14,107.71558380126953,110.4000015258789,110.61000061035156,108.44999694824219,109.44999694824219,3721200
2025-11-17,106.81795501708984,109.4800033569336,111.12000274658203,108.62999725341797,110.52999877929688,3410800
2025-11-18,106.90576171875,109.56999969482422,109.76000213623047,107.87000274658203,108.6500015258789,2720900
2025-11-19,104.4860610961914,107.08999633789062,107.44999694824219,106.06999969482422,107.29000091552734,3337700
2025-11-20,103.49085998535156,106.06999969482422,109.5999984741211,105.7699966430664,107.55000305175781,3833500
2025-11-21,104.36898040771484,106.97000122070312,107.8499984741211,105.23999786376953,105.80000305175781,3794200
2025-11-24,103.99821472167969,106.58999633789062,107.05000305175781,104.45999908447266,106.3499984741211,4095200
2025-11-25,102.90544891357422,105.47000122070312,106.04000091552734,104.61000061035156,105.55999755859375,3170700
2025-11-26,103.61770629882812,106.19999694824219,106.93000030517578,105.47000122070312,105.5999984741211,2650300
2025-11-28,105.22757720947266,107.8499984741211,108.44999694824219,105.93000030517578,106.11000061035156,1530700
2025-12-01,107.04235076904297,109.70999908447266,110.11000061035156,107.9000015258789,108.18000030517578,4119500
2025-12-02,106.40815734863281,109.05999755859375,109.6500015258789,108.05999755859375,109.48999786376953,3638300
2025-12-03,108.798583984375,111.51000213623047,111.87000274658203,109.69999694824219,110.02999877929688,3922100
2025-12-04,109.43278503417969,112.16000366210938,112.69999694824219,111.27999877929688,111.72000122070312,3533600
2025-12-05,109.44253540039062,112.16999816894531,114.25,111.80999755859375,111.80999755859375,3128800
2025-12-08,107.93022918701172,110.62000274658203,112.31999969482422,110.06999969482422,111.02999877929688,4161900
2025-12-09,106.73013305664062,109.38999938964844,111.22000122070312,109.27999877929688,110.0,3083300
2025-12-10,108.72053527832031,111.43000030517578,111.58000183105469,107.5999984741211,109.31999969482422,4705800
2025-12-11,106.84722900390625,109.51000213623047,111.7300033569336,109.19999694824219,110.83999633789062,3403800
2025-12-12,105.3836898803711,108.01000213623047,110.4800033569336,107.72000122070312,110.36000061035156,3438600
2025-12-15,103.35426330566406,105.93000030517578,108.37999725341797,104.80000305175781,108.19000244140625,5005900
2025-12-16,99.30516815185547,101.77999877929688,105.45999908447266,101.69000244140625,105.16000366210938,4435000
2025-12-17,102.19319915771484,104.73999786376953,105.0199966430664,101.87999725341797,102.01000213623047,5374600
2025-12-18,100.114990234375,102.61000061035156,104.20999908447266,102.12000274658203,104.20999908447266,3928100
2025-12-19,99.45153045654297,101.93000030517578,103.1500015258789,101.58999633789062,102.38999938964844,9611500
2025-12-22,100.9052963256836,103.41999816894531,104.22000122070312,102.80999755859375,103.12999725341797,2969000
2025-12-23,101.46144104003906,103.98999786376953,104.08000183105469,103.25,103.69999694824219,2334800
2025-12-24,101.34435272216797,103.87000274658203,104.87999725341797,103.5,103.88999938964844,1647600
2025-12-26,100.98335266113281,103.5,104.30000305175781,103.05999755859375,103.70999908447266,2224900
2025-12-29,102.09563446044922,104.63999938964844,105.08000183105469,104.02999877929688,104.30999755859375,3053000
2025-12-30,103.09083557128906,105.66000366210938,105.9000015258789,105.2300033569336,105.33000183105469,2819700
2025-12-31,102.4566421508789,105.01000213623047,105.87000274658203,104.61000061035156,105.68000030517578,2377400
2026-01-02,104.66167449951172,107.2699966430664,107.87000274658203,104.33000183105469,105.0,3799600
2026-01-05,103.61770629882812,106.19999694824219,107.4800033569336,102.27999877929688,106.31999969482422,5158500
2026-01-06,102.44688415527344,105.0,107.12000274658203,104.29000091552734,106.54000091552734,3766500
2026-01-07,100.05644989013672,102.55000305175781,105.5,102.41999816894531,104.63999938964844,3104300
2026-01-08,103.00302124023438,105.56999969482422,106.81999969482422,102.5,102.5,4383000
2026-01-09,102.36882781982422,104.91999816894531,106.44999694824219,104.70999908447266,105.93000030517578,2502200
2026-01-12,102.87617492675781,105.44000244140625,106.54000091552734,104.3499984741211,105.47000122070312,3249500
2026-01-13,105.4129638671875,108.04000091552734,109.43000030517578,106.12000274658203,106.12999725341797,4088800
2026-01-14,108.04730987548828,110.73999786376953,112.44999694824219,108.58000183105469,108.62999725341797,4405000
2026-01-15,105.39344024658203,108.0199966430664,110.16000366210938,107.41999816894531,108.75,4638200
2026-01-16,103.7386703491211,105.31999969482422,107.26000213623047,104.2699966430664,106.37999725341797,5649400
2026-01-20,104.61531066894531,106.20999908447266,107.30999755859375,104.98999786376953,106.7699966430664,4914900
2026-01-21,106.42768096923828,108.05000305175781,111.0199966430664,106.62000274658203,108.44000244140625,5964700
2026-01-22,104.7236557006836,106.31999969482422,107.80999755859375,105.2699966430664,107.45999908447266,4561900
2026-01-23,106.70348358154297,108.33000183105469,108.62000274658203,106.81999969482422,107.94000244140625,5302000
2026-01-26,105.98443603515625,107.5999984741211,110.45999908447266,106.45999908447266,109.68000030517578,4806400
2026-01-27,106.9595718383789,108.58999633789062,109.30000305175781,106.77999877929688,108.38999938964844,3149200
2026-01-28,109.35308837890625,111.0199966430664,111.11000061035156,109.0199966430664,109.5,4990500
2026-01-29,110.39717864990234,112.08000183105469,115.44999694824219,111.98999786376953,113.83000183105469,8827700
2026-01-30,110.44641876220703,112.12999725341797,112.47000122070312,109.83000183105469,111.5,6757700
2026-02-02,106.78227996826172,108.41000366210938,110.05000305175781,107.5199966430664,108.75,8259500
2026-02-03,108.77194213867188,110.43000030517578,110.87000274658203,107.0,108.02999877929688,4563700
2026-02-04,112.94828033447266,114.66999816894531,114.97000122070312,110.98999786376953,111.2300033569336,4824500
2026-02-05,110.80101776123047,112.48999786376953,114.47000122070312,111.2699966430664,113.61000061035156,4253900
2026-02-06,111.99285125732422,113.69999694824219,114.77999877929688,112.0,112.77999877929688,2533200
2026-02-09,112.1603012084961,113.87000274658203,114.63999938964844,113.26000213623047,113.37999725341797,3372200
2026-02-10,111.00785827636719,112.69999694824219,114.04000091552734,112.19000244140625,114.04000091552734,5404100
2026-02-11,116.44498443603516,118.22000122070312,118.30000305175781,113.87000274658203,114.66000366210938,5338700
2026-02-12,116.0805435180664,117.8499984741211,118.66999816894531,114.93000030517578,118.66999816894531,8306900
2026-02-13,118.91730499267578,120.7300033569336,121.11000061035156,117.94000244140625,117.94000244140625,4863900
2026-02-17,117.95201110839844,119.75,122.38999938964844,117.79000091552734,121.79000091552734,5219100
2026-02-18,120.43417358398438,122.2699966430664,122.62999725341797,120.25,121.63999938964844,5583200
2026-02-19,122.0101547241211,123.87000274658203,126.19999694824219,122.9800033569336,123.5,5672300
2026-02-20,121.23201751708984,123.08000183105469,124.0,122.01000213623047,123.5999984741211,6052400
2026-02-23,120.47357177734375,122.30999755859375,124.73999786376953,121.44000244140625,123.55000305175781,3854100
2026-02-24,121.84270477294922,123.69999694824219,124.16000366210938,121.16000366210938,122.94999694824219,6264000
2026-02-25,120.66072082519531,122.5,125.23999786376953,120.69999694824219,125.23999786376953,7378300
2026-02-26,119.31129455566406,121.12999725341797,123.69000244140625,119.30999755859375,121.0199966430664,5120000
2026-02-27,122.21700286865234,124.08000183105469,124.31999969482422,120.4800033569336,122.51000213623047,6899700
2026-03-02,126.71837615966797,128.64999389648438,128.8300018310547,124.16999816894531,126.58000183105469,9087200
2026-03-03,126.08798217773438,128.00999450683594,131.32000732421875,126.88999938964844,130.0,8149200
2026-03-04,125.90084838867188,127.81999969482422,128.05999755859375,124.19999694824219,126.02999877929688,5114700
2026-03-05,129.06263732910156,131.02999877929688,131.89999389648438,128.97999572753906,129.25,6537700
2026-03-06,129.43695068359375,131.41000366210938,134.0,130.77999877929688,132.80999755859375,6926000
2026-03-09,129.6930389404297,131.6699981689453,134.36000061035156,130.19000244140625,133.49000549316406,7598100
2026-03-10,125.96978759765625,127.88999938964844,130.86000061035156,126.94000244140625,130.19000244140625,6669600
2026-03-11,130.5204315185547,132.50999450683594,132.63999938964844,128.50999450683594,129.07000732421875,5435200
2026-03-12,131.04246520996094,133.0399932861328,136.13999938964844,133.00999450683594,133.3699951171875,5809600
2026-03-13,131.59405517578125,133.60000610351562,134.08999633789062,132.77000427246094,133.36000061035156,4135000
2026-03-16,132.49038696289062,134.50999450683594,135.5,132.39999389648438,133.7899932861328,3926000
2026-03-17,133.68223571777344,135.72000122070312,136.86000061035156,133.75999450683594,134.80999755859375,4224000
2026-03-18,135.45521545410156,137.52000427246094,137.80999755859375,136.3000030517578,137.0,4690000
2026-03-19,136.73568725585938,138.82000732421875,140.3699951171875,137.61000061035156,138.9499969482422,5381300
2026-03-20,136.64703369140625,138.72999572753906,140.9199981689453,138.25,139.35000610351562,15690100
2026-03-23,137.582763671875,139.67999267578125,141.13999938964844,135.3000030517578,135.85000610351562,5327200
2026-03-24,140.38998413085938,142.52999877929688,143.72999572753906,139.8000030517578,139.8000030517578,4123900
2026-03-25,141.05978393554688,143.2100067138672,143.5500030517578,141.0,141.9199981689453,3538000
2026-03-26,145.2755126953125,147.49000549316406,148.6999969482422,144.17999267578125,144.32000732421875,4087700
2026-03-27,147.31442260742188,149.55999755859375,150.10000610351562,146.91000366210938,147.61000061035156,4103000
2026-03-30,147.6394805908203,149.88999938964844,151.8699951171875,149.38999938964844,151.02999877929688,4966000
2026-03-31,142.39935302734375,144.57000732421875,151.2899932861328,141.75,149.0,6302500
2026-04-01,138.31166076660156,140.4199981689453,142.5800018310547,138.4600067138672,140.9199981689453,5707200
2026-04-02,140.4983367919922,142.63999938964844,147.0,140.89999389648438,144.74000549316406,2879100
2026-04-06,140.9021759033203,143.0500030517578,143.7100067138672,141.8300018310547,142.52000427246094,2664600
2026-04-07,142.064453125,144.22999572753906,146.8300018310547,143.64999389648438,143.8000030517578,4427000
2026-04-08,136.9622344970703,139.0500030517578,139.3699951171875,133.0,135.44000244140625,5852200
2026-04-09,134.52932739257812,136.5800018310547,141.42999267578125,135.22000122070312,139.75999450683594,5203900
2026-04-10,134.14517211914062,136.19000244140625,137.0399932861328,134.3000030517578,135.00999450683594,3092100
2026-04-13,134.9036102294922,136.9600067138672,139.3699951171875,135.60000610351562,138.77000427246094,3755000
2026-04-14,131.58419799804688,133.58999633789062,135.05999755859375,132.72000122070312,134.8800048828125,2897800
2026-04-15,130.40223693847656,132.38999938964844,134.10000610351562,131.8699951171875,132.83999633789062,3019900
2026-04-16,133.08233642578125,134.07000732421875,134.75,131.14999389648438,131.60000610351562,5795200
2026-04-17,127.48387908935547,128.42999267578125,129.0,124.30999755859375,126.30999755859375,7249300
2026-04-20,128.20851135253906,129.16000366210938,130.1199951171875,128.02000427246094,128.72000122070312,4408800
2026-04-21,131.45440673828125,132.42999267578125,132.91000366210938,129.1999969482422,129.88999938964844,3480400
2026-04-22,132.03013610839844,133.00999450683594,134.19000244140625,131.69000244140625,133.41000366210938,4856300
2026-04-23,132.88380432128906,133.8699951171875,135.10000610351562,132.88999938964844,133.88999938964844,4624100
2026-04-24,132.14926147460938,133.1300048828125,133.69000244140625,131.9499969482422,133.3300018310547,2985900
2026-04-27,132.2386016845703,133.22000122070312,135.25,132.89999389648438,133.77000427246094,2388700
2026-04-28,134.7797393798828,135.77999877929688,136.2100067138672,134.05999755859375,135.6999969482422,3589700
2026-04-29,138.09512329101562,139.1199951171875,139.1999969482422,136.52999877929688,137.5399932861328,3099500
2026-04-30,139.53445434570312,140.57000732421875,140.97000122070312,136.0,136.72999572753906,3809500
2026-05-01,137.92637634277344,138.9499969482422,140.11000061035156,136.47000122070312,139.88999938964844,2618700
2026-05-04,140.56678771972656,141.61000061035156,142.5,138.58999633789062,139.85000610351562,3331600
2026-05-05,139.78262329101562,140.82000732421875,142.85000610351562,140.00999450683594,140.67999267578125,3985900
2026-05-06,133.69776916503906,134.69000244140625,137.67999267578125,133.38999938964844,136.0,5781900
2026-05-07,129.92576599121094,130.88999938964844,131.4499969482422,128.8300018310547,130.9199981689453,5807900
2026-05-08,129.0720977783203,130.02999877929688,131.55999755859375,129.1999969482422,130.52999877929688,3593600
2026-05-11,132.3279266357422,133.30999755859375,133.49000549316406,130.9199981689453,131.61000061035156,3366600
2026-05-12,133.14190673828125,134.1300048828125,134.6199951171875,132.3000030517578,134.1199951171875,3675100
2026-05-13,133.9359893798828,134.92999267578125,135.19000244140625,132.64999389648438,134.14999389648438,2594800
2026-05-14,134.9882049560547,135.99000549316406,136.9499969482422,134.0,134.5,2771100
2026-05-15,139.2267303466797,140.25999450683594,140.38999938964844,137.61000061035156,138.49000549316406,2996000
2026-05-18,141.93663024902344,142.99000549316406,144.0,138.1999969482422,138.94000244140625,3156300
2026-05-19,143.2369842529297,144.3000030517578,144.64999389648438,142.6300048828125,144.35000610351562,3109700
2026-05-20,140.58665466308594,141.6300048828125,145.6999969482422,140.22000122070312,143.8699951171875,3499700
2026-05-21,138.94879150390625,139.97999572753906,143.64999389648438,139.08999633789062,143.2899932861328,2494500
2026-05-22,140.17967224121094,141.22000122070312,141.85000610351562,139.27000427246094,140.16000366210938,2515100
2026-05-26,135.19664001464844,136.1999969482422,141.1199951171875,136.11000061035156,139.88999938964844,3134100
2026-05-27,133.31063842773438,134.3000030517578,136.42999267578125,132.82000732421875,133.9199981689453,2768000
2026-05-28,133.5885772705078,134.5800018310547,136.61000061035156,133.91000366210938,136.25999450683594,3212800
2026-05-29,132.39743041992188,133.3800048828125,134.41000366210938,132.14999389648438,132.74000549316406,7668400
2026-06-01,135.61354064941406,136.6199951171875,138.11000061035156,134.9199981689453,135.0,3025100
2026-06-02,137.55911254882812,138.5800018310547,139.24000549316406,136.22000122070312,136.42999267578125,2963600
2026-06-03,140.4575958251953,141.5,142.9199981689453,138.88999938964844,139.6199951171875,3046500
2026-06-04,139.84217834472656,140.8800048828125,141.32000732421875,139.25999450683594,140.25999450683594,2107100
2026-06-05,136.76499938964844,137.77999877929688,141.69000244140625,137.6300048828125,140.97000122070312,2750300
2026-06-08,139.11753845214844,140.14999389648438,142.3800048828125,138.74000549316406,139.19000244140625,2387900
2026-06-09,136.31832885742188,137.3300018310547,139.61000061035156,135.5500030517578,139.36000061035156,3740400
2026-06-10,139.24658203125,140.27999877929688,142.44000244140625,138.64999389648438,138.77999877929688,3266000
2026-06-11,135.5242156982422,136.52999877929688,141.99000549316406,136.42999267578125,141.9600067138672,3142000
2026-06-12,135.64332580566406,136.64999389648438,138.82000732421875,134.4499969482422,135.55999755859375,3652900
2026-06-15,131.0077362060547,131.97999572753906,133.86000061035156,129.72000122070312,130.9600067138672,4867700
2026-06-16,131.0772247314453,132.0500030517578,132.10000610351562,129.27000427246094,129.61000061035156,3571900
2026-06-17,132.26837158203125,133.25,133.9600067138672,131.0,131.58999633789062,6250200
2026-06-18,129.0224609375,129.97999572753906,132.4199981689453,129.05999755859375,132.05999755859375,12213400
2026-06-22,131.85147094726562,132.8300018310547,132.8699951171875,129.92999267578125,131.0399932861328,3972300
2026-06-23,133.90621948242188,134.89999389648438,135.22000122070312,131.6199951171875,132.0800018310547,4738300
2026-06-24,133.45953369140625,134.4499969482422,134.94000244140625,130.61000061035156,132.1199951171875,5064700
2026-06-25,132.60586547851562,133.58999633789062,134.5399932861328,132.1999969482422,132.88999938964844,4436500
2026-06-26,131.6231689453125,132.60000610351562,134.47999572753906,131.89999389648438,133.42999267578125,5518100
2026-06-29,130.95809936523438,131.92999267578125,134.55999755859375,131.6199951171875,132.69000244140625,3057600
2026-06-30,128.77430725097656,129.72999572753906,132.80999755859375,129.5500030517578,131.19000244140625,4245100
2026-07-01,127.6427001953125,128.58999633789062,130.77000427246094,127.30000305175781,129.0,2976600
2026-07-02,129.8165740966797,130.77999877929688,131.02999877929688,129.47999572753906,129.47999572753906,2881600
2026-07-06,128.4368133544922,129.38999938964844,130.58999633789062,129.0800018310547,129.77999877929688,2346200
2026-07-07,133.5488739013672,134.5399932861328,134.9199981689453,130.17999267578125,130.17999267578125,2673000
2026-07-08,136.57640075683594,137.58999633789062,139.22000122070312,134.9199981689453,136.6199951171875,4347400
2026-07-09,132.5562286376953,133.5399932861328,136.66000366210938,133.08999633789062,136.0399932861328,3414400
2026-07-10,133.11212158203125,134.10000610351562,135.02000427246094,132.5500030517578,134.5399932861328,1864500
2026-07-13,138.58152770996094,139.61000061035156,140.38999938964844,136.3000030517578,136.3000030517578,3810500
2026-07-14,136.99330139160156,138.00999450683594,140.47999572753906,136.5800018310547,139.58999633789062,2896000
2026-07-15,136.45729064941406,137.47000122070312,138.47999572753906,135.2100067138672,137.8699951171875,3209400
2026-07-16,137.44000244140625,138.4600067138672,139.89999389648438,137.9600067138672,138.3000030517578,2501300
2026-07-17,139.88999938964844,139.88999938964844,141.11000061035156,138.6999969482422,139.27000427246094,4240100
2026-07-20,141.08999633789062,141.08999633789062,141.75,138.49000549316406,138.83999633789062,3405500
2026-07-21,143.44000244140625,143.44000244140625,143.49000549316406,141.33999633789062,142.13999938964844,2674300
2026-07-22,144.0,144.0,145.97999572753906,143.92999267578125,145.24000549316406,2826500
2026-07-23,145.49000549316406,145.49000549316406,147.4499969482422,145.27999877929688,147.02000427246094,3138500
2026-07-24,146.38999938964844,146.38999938964844,148.22000122070312,144.0,144.0,1980900
2026-07-27,140.30999755859375,140.30999755859375,144.4600067138672,140.0,143.0,2519900
