Date,Adj Close,Close,High,Low,Open,Volume
2021-08-02,280.5497131347656,300.2200012207031,310.19000244140625,300.1199951171875,308.7300109863281,1927600
2021-08-03,283.07275390625,302.9200134277344,303.2099914550781,300.04998779296875,300.69000244140625,1133000
2021-08-04,285.5958251953125,305.6199951171875,307.7200012207031,304.4800109863281,304.4800109863281,1476700
2021-08-05,284.85760498046875,304.8299865722656,308.989990234375,304.4200134277344,307.3999938964844,1586500
2021-08-06,285.8294982910156,305.8699951171875,306.8800048828125,303.92999267578125,304.9700012207031,858900
2021-08-09,283.3904724121094,303.260009765625,306.17999267578125,301.739990234375,306.1099853515625,910300
2021-08-10,282.00750732421875,301.7799987792969,304.70001220703125,300.95001220703125,301.9599914550781,1448400
2021-08-11,286.23126220703125,306.29998779296875,307.8999938964844,303.6700134277344,307.3500061035156,1803100
2021-08-12,286.56768798828125,306.6600036621094,308.67999267578125,304.7799987792969,308.0,784500
2021-08-13,289.128173828125,309.3999938964844,309.4200134277344,307.30999755859375,308.1400146484375,816500
2021-08-16,290.9504089355469,311.3500061035156,311.7099914550781,308.32000732421875,309.8699951171875,1262500
2021-08-17,291.10919189453125,311.5199890136719,312.30999755859375,307.7799987792969,311.5799865722656,1408500
2021-08-18,289.6048278808594,309.9100036621094,314.3699951171875,309.70001220703125,312.4200134277344,1278800
2021-08-19,290.7822570800781,311.1700134277344,311.94000244140625,307.75,308.25,1402500
2021-08-20,293.2865905761719,313.8500061035156,314.1199951171875,310.7200012207031,310.8699951171875,1165200
2021-08-23,292.3334655761719,312.8299865722656,314.3599853515625,312.82000732421875,312.8800048828125,988600
2021-08-24,292.00640869140625,312.4800109863281,314.30999755859375,311.8999938964844,313.739990234375,689100
2021-08-25,292.3521728515625,312.8500061035156,313.55999755859375,309.9800109863281,310.5400085449219,801400
2021-08-26,290.92236328125,311.32000732421875,313.9200134277344,311.2200012207031,313.5400085449219,880100
2021-08-27,293.9314270019531,314.5400085449219,314.989990234375,312.3399963378906,313.2900085449219,1268900
2021-08-30,294.8752746582031,315.54998779296875,316.2900085449219,314.5899963378906,315.5799865722656,747500
2021-08-31,293.9781188964844,314.5899963378906,315.4700012207031,313.4700012207031,315.1300048828125,1492900
2021-09-01,293.314697265625,313.8800048828125,315.489990234375,312.1300048828125,313.489990234375,1050700
2021-09-02,295.89312744140625,315.57000732421875,315.6700134277344,313.79998779296875,314.42999267578125,893000
2021-09-03,293.8865966796875,313.42999267578125,316.17999267578125,313.3399963378906,314.4200134277344,1150800
2021-09-07,295.9588623046875,315.6400146484375,317.0299987792969,312.7900085449219,316.2799987792969,1382700
2021-09-08,292.1612854003906,311.5899963378906,315.82000732421875,310.3500061035156,314.04998779296875,1521800
2021-09-09,293.2021484375,312.70001220703125,315.510009765625,312.17999267578125,312.92999267578125,1211200
2021-09-10,291.0830383300781,310.44000244140625,314.19000244140625,310.1099853515625,313.1499938964844,971100
2021-09-13,293.9522399902344,313.5,315.57000732421875,311.17999267578125,314.55999755859375,1354000
2021-09-14,292.4895324707031,311.94000244140625,315.7799987792969,310.989990234375,315.6199951171875,1128600
2021-09-15,294.9180908203125,314.5299987792969,315.04998779296875,311.55999755859375,313.4800109863281,1419000
2021-09-16,293.5584411621094,313.0799865722656,314.8800048828125,309.9200134277344,314.0899963378906,1232300
2021-09-17,290.03289794921875,309.32000732421875,311.2699890136719,305.9800109863281,309.3500061035156,6512400
2021-09-20,283.36627197265625,302.2099914550781,304.55999755859375,299.57000732421875,301.79998779296875,1885200
2021-09-21,285.9447326660156,304.9599914550781,306.1000061035156,303.04998779296875,305.510009765625,1216200
2021-09-22,286.9761657714844,306.05999755859375,309.2900085449219,305.69000244140625,306.07000732421875,1334000
2021-09-23,291.0174560546875,310.3699951171875,311.8500061035156,308.54998779296875,308.8699951171875,1066900
2021-09-24,290.9142761230469,310.260009765625,311.1199951171875,307.80999755859375,308.2200012207031,926200
2021-09-27,289.9297180175781,309.2099914550781,312.2900085449219,308.4700012207031,310.489990234375,1021600
2021-09-28,281.2283935546875,299.92999267578125,305.6700134277344,298.2300109863281,305.5400085449219,2278000
2021-09-29,280.4876403808594,299.1400146484375,300.510009765625,298.32000732421875,299.6700134277344,1197700
2021-09-30,275.0868835449219,293.3800048828125,300.4599914550781,293.29998779296875,299.2900085449219,2084800
2021-10-01,279.278076171875,297.8500061035156,298.5400085449219,292.55999755859375,295.5400085449219,1597400
2021-10-04,276.2775573730469,294.6499938964844,297.9700012207031,292.0,296.4800109863281,1495200
2021-10-05,279.25933837890625,297.8299865722656,299.6600036621094,294.25,294.8299865722656,1359900
2021-10-06,277.5903625488281,296.04998779296875,296.239990234375,290.2699890136719,293.8399963378906,2050200
2021-10-07,280.50640869140625,299.1600036621094,302.3800048828125,297.45001220703125,297.5199890136719,1375800
2021-10-08,277.7215576171875,296.19000244140625,300.30999755859375,295.69000244140625,299.6499938964844,909400
2021-10-11,276.4557189941406,294.8399963378906,298.17999267578125,294.70001220703125,295.55999755859375,748800
2021-10-12,277.36529541015625,295.80999755859375,297.0899963378906,294.2099914550781,295.7200012207031,1063900
2021-10-13,282.22235107421875,300.989990234375,302.1300048828125,297.8699951171875,298.7699890136719,1430000
2021-10-14,289.5172119140625,308.7699890136719,309.1400146484375,303.6400146484375,304.3500061035156,1126400
2021-10-15,289.0202331542969,308.239990234375,309.5400085449219,306.5799865722656,308.510009765625,1230500
2021-10-18,288.76708984375,307.9700012207031,308.5299987792969,305.7699890136719,307.2799987792969,1010600
2021-10-19,291.3081359863281,310.67999267578125,310.989990234375,306.9700012207031,308.0400085449219,984800
2021-10-20,291.8144226074219,311.2200012207031,312.0,310.2099914550781,311.1499938964844,745300
2021-10-21,291.8988342285156,311.30999755859375,311.6000061035156,308.4100036621094,311.1700134277344,856900
2021-10-22,294.561767578125,314.1499938964844,314.989990234375,312.8500061035156,313.0400085449219,1214800
2021-10-25,296.9339904785156,316.67999267578125,317.7799987792969,313.9599914550781,315.07000732421875,1225400
2021-10-26,297.01837158203125,316.7699890136719,319.1099853515625,316.67999267578125,317.8399963378906,1069800
2021-10-27,299.0811462402344,318.9700012207031,321.4200134277344,316.760009765625,319.5,1536000
2021-10-28,298.1341552734375,317.9599914550781,318.45001220703125,315.6199951171875,316.45001220703125,1565000
2021-10-29,299.296875,319.20001220703125,322.7200012207031,316.8500061035156,317.6400146484375,1890800
2021-11-01,302.83184814453125,322.9700012207031,324.32000732421875,320.4800109863281,321.4200134277344,1367700
2021-11-02,307.1449279785156,327.57000732421875,328.739990234375,326.0199890136719,327.1300048828125,2012300
2021-11-03,307.93255615234375,328.4100036621094,330.1600036621094,325.29998779296875,329.8900146484375,1856300
2021-11-04,310.8299255371094,331.5,331.6300048828125,328.3399963378906,329.3999938964844,1628200
2021-11-05,311.2892761230469,331.989990234375,332.6099853515625,330.6600036621094,331.4800109863281,1693200
2021-11-08,316.48394775390625,337.5299987792969,337.8999938964844,335.05999755859375,335.3299865722656,1448700
2021-11-09,317.5058898925781,338.6199951171875,340.1600036621094,337.5299987792969,339.9800109863281,1813000
2021-11-10,315.630615234375,336.6199951171875,338.6400146484375,335.510009765625,337.6700134277344,1540100
2021-11-11,314.73046875,335.6600036621094,337.7799987792969,335.6400146484375,337.5799865722656,924900
2021-11-12,316.00567626953125,337.0199890136719,337.7799987792969,335.55999755859375,337.7799987792969,1044100
2021-11-15,313.1833190917969,334.010009765625,336.7300109863281,332.760009765625,336.7300109863281,1274900
2021-11-16,312.208251953125,332.9700012207031,335.32000732421875,332.8699951171875,333.95001220703125,1604300
2021-11-17,310.8111572265625,331.4800109863281,334.42999267578125,331.07000732421875,334.3399963378906,1304600
2021-11-18,310.36114501953125,331.0,331.760009765625,329.1700134277344,331.4599914550781,1762900
2021-11-19,311.4768981933594,332.19000244140625,333.239990234375,330.4700012207031,331.82000732421875,2067000
2021-11-22,309.1796569824219,329.739990234375,334.3699951171875,329.739990234375,332.7699890136719,955500
2021-11-23,309.6579284667969,330.25,331.4599914550781,328.5400085449219,328.9800109863281,986800
2021-11-24,306.8448486328125,327.25,328.29998779296875,324.8399963378906,325.32000732421875,1327400
2021-11-26,300.5814208984375,320.57000732421875,324.4700012207031,319.1400146484375,323.17999267578125,1319000
2021-11-29,300.7408447265625,320.739990234375,322.6499938964844,318.6199951171875,321.5,1857200
2021-11-30,298.302978515625,318.1400146484375,320.7799987792969,315.79998779296875,320.3599853515625,3243900
2021-12-01,298.44354248046875,318.2900085449219,325.80999755859375,318.239990234375,321.70001220703125,2459500
2021-12-02,304.8126220703125,324.0,324.69000244140625,319.3999938964844,320.0,2183900
2021-12-03,301.7080993652344,320.70001220703125,327.0,318.260009765625,325.17999267578125,2566700
2021-12-06,305.78167724609375,325.0299987792969,326.42999267578125,323.4599914550781,325.1600036621094,1672900
2021-12-07,311.06884765625,330.6499938964844,332.5199890136719,329.989990234375,330.6600036621094,1797500
2021-12-08,313.4584655761719,333.19000244140625,334.0299987792969,330.8399963378906,333.8999938964844,1370100
2021-12-09,312.4518127441406,332.1199951171875,334.0,330.5,331.04998779296875,1086500
2021-12-10,314.22039794921875,334.0,334.8399963378906,332.7900085449219,332.9700012207031,1116600
2021-12-13,314.3992004394531,334.19000244140625,335.5,331.4200134277344,333.67999267578125,1016800
2021-12-14,314.6908264160156,334.5,336.05999755859375,333.0199890136719,335.19000244140625,1631400
2021-12-15,321.1446228027344,341.3599853515625,341.4100036621094,334.6199951171875,336.19000244140625,1445100
2021-12-16,319.8745422363281,340.010009765625,343.30999755859375,338.5799865722656,340.8999938964844,1449500
2021-12-17,314.060546875,333.8299865722656,338.989990234375,333.1199951171875,338.1300048828125,2791400
2021-12-20,310.7584228515625,330.32000732421875,330.6700134277344,327.010009765625,330.3599853515625,1621800
2021-12-21,313.17626953125,332.8900146484375,334.010009765625,329.5799865722656,330.3999938964844,1051900
2021-12-22,315.49053955078125,335.3500061035156,335.5400085449219,331.44000244140625,332.1400146484375,923400
2021-12-23,319.0843811035156,339.1700134277344,340.6400146484375,335.2200012207031,335.3500061035156,1151900
2021-12-27,323.0825500488281,343.4200134277344,343.8699951171875,340.6700134277344,341.8299865722656,1094400
2021-12-28,323.4306945800781,343.7900085449219,344.95001220703125,342.8900146484375,343.3800048828125,926400
2021-12-29,324.9453430175781,345.3999938964844,346.5,343.95001220703125,344.1700134277344,802100
2021-12-30,323.9386901855469,344.3299865722656,346.2200012207031,343.760009765625,345.260009765625,925300
2021-12-31,325.9143981933594,346.42999267578125,346.9700012207031,343.6300048828125,343.7200012207031,817800
2022-01-03,318.5856018066406,338.6400146484375,346.5899963378906,338.3599853515625,346.4200134277344,1514700
2022-01-04,324.3902893066406,344.80999755859375,345.6300048828125,338.2699890136719,338.9599914550781,1919900
2022-01-05,325.8955993652344,346.4100036621094,352.17999267578125,346.32000732421875,347.69000244140625,1654900
2022-01-06,317.9930114746094,338.010009765625,345.5,337.70001220703125,344.67999267578125,1649400
2022-01-07,316.365478515625,336.2799987792969,338.19000244140625,333.29998779296875,338.0199890136719,1441000
2022-01-10,315.5657653808594,335.42999267578125,335.54998779296875,330.6499938964844,333.4200134277344,1415600
2022-01-11,316.5065612792969,336.42999267578125,336.4700012207031,331.0,334.19000244140625,1571700
2022-01-12,321.0787048339844,341.2900085449219,341.9200134277344,337.17999267578125,338.30999755859375,1274400
2022-01-13,313.6654052734375,333.4100036621094,339.94000244140625,332.7900085449219,338.2799987792969,1446200
2022-01-14,309.1684265136719,328.6300048828125,330.739990234375,325.1700134277344,329.1499938964844,1850700
2022-01-18,302.140869140625,321.1600036621094,323.79998779296875,318.4599914550781,322.8299865722656,2207400
2022-01-19,303.10980224609375,322.19000244140625,326.82000732421875,321.8599853515625,325.3599853515625,1442400
2022-01-20,302.6300354003906,321.67999267578125,327.6000061035156,321.25,323.82000732421875,1611700
2022-01-21,297.3993225097656,316.1199951171875,322.0199890136719,315.5,320.70001220703125,1921800
2022-01-24,297.43695068359375,316.1600036621094,316.7799987792969,304.1300048828125,313.79998779296875,2877700
2022-01-25,295.01910400390625,313.5899963378906,316.2200012207031,306.29998779296875,310.3699951171875,1941600
2022-01-26,290.6351013183594,308.92999267578125,317.739990234375,305.760009765625,317.1000061035156,2092900
2022-01-27,292.91180419921875,311.3500061035156,314.05999755859375,307.29998779296875,310.7300109863281,2151600
2022-01-28,296.2891845703125,314.94000244140625,314.9700012207031,305.4200134277344,307.3599853515625,1898400
2022-01-31,299.8077087402344,318.67999267578125,318.8999938964844,309.54998779296875,310.05999755859375,2381400
2022-02-01,302.3761291503906,321.4100036621094,322.0799865722656,315.92999267578125,320.44000244140625,1875800
2022-02-02,303.2038879394531,322.2900085449219,324.510009765625,320.0,320.3299865722656,1730400
2022-02-03,293.335205078125,311.79998779296875,319.5199890136719,310.9800109863281,319.07000732421875,1556300
2022-02-04,280.3335266113281,297.9800109863281,304.4100036621094,297.510009765625,301.4100036621094,3291600
2022-02-07,278.9129943847656,296.4700012207031,299.6400146484375,295.510009765625,296.7099914550781,2533400
2022-02-08,281.0203552246094,298.7099914550781,299.6400146484375,294.9200134277344,296.5199890136719,1993000
2022-02-09,286.13824462890625,304.1499938964844,304.9700012207031,301.75,302.7699890136719,1880800
2022-02-10,290.5599060058594,308.8500061035156,316.8500061035156,307.2900085449219,309.69000244140625,2497900
2022-02-11,277.2760009765625,294.7300109863281,309.1000061035156,293.510009765625,306.9800109863281,2209700
2022-02-14,276.1282958984375,293.510009765625,295.8500061035156,290.32000732421875,294.2200012207031,1774400
2022-02-15,284.0214538574219,301.8999938964844,302.6199951171875,298.9200134277344,300.57000732421875,1697600
2022-02-16,285.83709716796875,303.8299865722656,305.2699890136719,299.1099853515625,301.30999755859375,1805400
2022-02-17,281.2650146484375,298.9700012207031,302.6499938964844,298.0,301.9700012207031,2055900
2022-02-18,284.9245910644531,302.8599853515625,305.260009765625,298.6300048828125,299.80999755859375,2871400
2022-02-22,276.2034912109375,293.5899963378906,295.07000732421875,289.739990234375,291.20001220703125,3590700
2022-02-23,273.85162353515625,291.0899963378906,297.1199951171875,290.6499938964844,295.8500061035156,3391600
2022-02-24,268.3574523925781,285.25,285.8999938964844,276.75,276.75,4444500
2022-02-25,279.87249755859375,297.489990234375,297.6499938964844,287.6000061035156,287.67999267578125,2888900
2022-02-28,275.874267578125,293.239990234375,294.7200012207031,287.9599914550781,287.9599914550781,3233300
2022-03-01,265.8268127441406,282.55999755859375,293.1300048828125,280.54998779296875,292.0,3439200
2022-03-02,273.0143127441406,290.20001220703125,292.0299987792969,282.44000244140625,284.1199951171875,2964500
2022-03-03,270.38946533203125,287.4100036621094,291.8500061035156,285.6700134277344,290.5799865722656,3092200
2022-03-04,264.7637023925781,281.42999267578125,281.5400085449219,276.3699951171875,278.3599853515625,3849600
2022-03-07,254.9419403076172,270.989990234375,281.2200012207031,269.8699951171875,280.8399963378906,3732000
2022-03-08,255.36532592773438,271.44000244140625,278.5799865722656,267.510009765625,273.5,3117300
2022-03-09,275.4320983886719,292.7699890136719,296.29998779296875,281.94000244140625,284.32000732421875,4117600
2022-03-10,267.7623291015625,283.4800109863281,288.17999267578125,280.1600036621094,280.5400085449219,2525900
2022-03-11,265.193115234375,280.760009765625,289.5,280.3299865722656,288.3500061035156,2007300
2022-03-14,269.5380554199219,285.3599853515625,292.6400146484375,284.6000061035156,288.6600036621094,2541100
2022-03-15,277.7934875488281,294.1000061035156,294.5799865722656,287.3399963378906,290.1700134277344,3413500
2022-03-16,287.6452331542969,304.5299987792969,308.30999755859375,298.5799865722656,303.0799865722656,3535700
2022-03-17,292.2167663574219,309.3699951171875,310.0899963378906,302.1400146484375,302.8900146484375,2265300
2022-03-18,294.3798828125,311.6600036621094,312.57000732421875,304.7099914550781,304.7099914550781,3242700
2022-03-21,293.4731140136719,310.70001220703125,312.4599914550781,308.32000732421875,311.5299987792969,1556300
2022-03-22,294.8237609863281,312.1300048828125,313.3999938964844,309.6099853515625,311.8999938964844,1721900
2022-03-23,290.2615966796875,307.29998779296875,310.7200012207031,306.95001220703125,307.739990234375,1854000
2022-03-24,300.4061279296875,318.0400085449219,318.1300048828125,309.70001220703125,309.70001220703125,2115900
2022-03-25,301.06732177734375,318.739990234375,320.94000244140625,315.75,320.6400146484375,1813500
2022-03-28,304.7511291503906,322.6400146484375,322.70001220703125,319.0400085449219,319.3699951171875,1722500
2022-03-29,308.2459411621094,326.3399963378906,329.0,320.739990234375,327.7300109863281,2514200
2022-03-30,307.56591796875,325.6199951171875,326.5400085449219,322.4599914550781,324.6000061035156,1526700
2022-03-31,301.71905517578125,319.42999267578125,324.8800048828125,319.2200012207031,323.5299987792969,2311300
2022-04-01,304.8361511230469,322.7300109863281,322.8999938964844,320.3699951171875,320.8900146484375,1477700
2022-04-04,303.61761474609375,321.44000244140625,321.9800109863281,319.17999267578125,320.3699951171875,1301800
2022-04-05,303.92926025390625,321.7699890136719,325.0400085449219,320.6700134277344,320.8299865722656,1376900
2022-04-06,297.5818786621094,315.04998779296875,316.9200134277344,312.1300048828125,316.0199890136719,2257600
2022-04-07,300.4155578613281,318.04998779296875,319.5,314.3599853515625,316.7799987792969,1471400
2022-04-08,300.19830322265625,317.82000732421875,321.4599914550781,317.1300048828125,317.5,1357200
2022-04-11,299.5654602050781,317.1499938964844,319.4200134277344,316.760009765625,317.8500061035156,1235700
2022-04-12,296.5901184082031,314.0,317.6099853515625,312.8900146484375,314.9100036621094,1827900
2022-04-13,301.5490417480469,319.25,319.42999267578125,313.5299987792969,314.0,1208900
2022-04-14,300.8595275878906,318.5199890136719,320.70001220703125,316.6199951171875,318.9599914550781,1785300
2022-04-18,299.9338684082031,317.5400085449219,319.8999938964844,315.69000244140625,318.489990234375,915800
2022-04-19,300.5100402832031,318.1499938964844,319.1600036621094,314.55999755859375,315.0899963378906,1944600
2022-04-20,308.27435302734375,326.3699951171875,327.8699951171875,319.9200134277344,319.9200134277344,1957100
2022-04-21,306.3852233886719,324.3699951171875,332.30999755859375,323.5799865722656,331.19000244140625,1475000
2022-04-22,292.5474853515625,309.7200012207031,322.6600036621094,309.0299987792969,322.6600036621094,2339100
2022-04-25,296.58062744140625,313.989990234375,314.1700134277344,306.5199890136719,311.29998779296875,2293300
2022-04-26,286.7006530761719,303.5299987792969,313.54998779296875,303.5299987792969,311.6400146484375,2500300
2022-04-27,290.01605224609375,307.0400085449219,310.05999755859375,303.4700012207031,304.3699951171875,2610900
2022-04-28,297.71417236328125,315.19000244140625,316.5199890136719,303.0199890136719,305.5,3304900
2022-04-29,294.6632385253906,311.9599914550781,318.8999938964844,310.9700012207031,313.5299987792969,2534900
2022-05-02,295.9195251464844,313.2900085449219,315.6499938964844,306.8999938964844,314.55999755859375,2195400
2022-05-03,296.5995788574219,314.010009765625,316.69000244140625,311.9200134277344,314.1199951171875,1771900
2022-05-04,304.3733215332031,322.239990234375,322.8999938964844,312.1400146484375,314.80999755859375,1730100
2022-05-05,295.2771911621094,312.6099853515625,319.67999267578125,309.42999267578125,318.8800048828125,1769500
2022-05-06,291.5462646484375,308.6600036621094,309.82000732421875,303.7900085449219,305.4800109863281,2273000
2022-05-09,283.6213684082031,300.2699890136719,305.6000061035156,299.82000732421875,303.7200012207031,2027000
2022-05-10,282.78076171875,299.3800048828125,306.6499938964844,298.0899963378906,306.20001220703125,2524900
2022-05-11,283.79144287109375,300.45001220703125,306.7300109863281,297.3999938964844,298.0799865722656,1759200
2022-05-12,284.6321105957031,301.3399963378906,302.3299865722656,296.32000732421875,296.510009765625,2455200
2022-05-13,291.65008544921875,308.7699890136719,311.17999267578125,302.5899963378906,303.2900085449219,1845400
2022-05-16,292.2829895019531,309.44000244140625,311.6300048828125,304.92999267578125,307.3500061035156,1598800
2022-05-17,301.09564208984375,318.7699890136719,318.8999938964844,314.92999267578125,316.9200134277344,1396600
2022-05-18,292.8780212402344,310.07000732421875,316.2900085449219,308.9100036621094,314.6199951171875,1737200
2022-05-19,293.4731140136719,310.70001220703125,314.1000061035156,307.95001220703125,308.4700012207031,1957800
2022-05-20,297.70465087890625,315.17999267578125,316.75,307.3299865722656,315.510009765625,2372000
2022-05-23,302.65423583984375,320.4200134277344,323.5299987792969,318.7300109863281,319.9200134277344,1981100
2022-05-24,302.72027587890625,320.489990234375,321.6400146484375,315.69000244140625,321.0,1707700
2022-05-25,298.33758544921875,315.8500061035156,320.0400085449219,313.2900085449219,318.760009765625,2260100
2022-05-26,302.5691833496094,320.3299865722656,321.75,317.17999267578125,317.54998779296875,2651600
2022-05-27,311.3535461425781,329.6300048828125,329.80999755859375,323.3599853515625,323.9100036621094,1879000
2022-05-31,306.6780090332031,324.67999267578125,327.8500061035156,322.8999938964844,324.45001220703125,2510400
2022-06-01,301.8891296386719,319.6099853515625,325.1300048828125,317.79998779296875,323.5299987792969,1853800
2022-06-02,315.8630065917969,333.17999267578125,333.3999938964844,322.92999267578125,323.5400085449219,2282400
2022-06-03,314.6495361328125,331.8999938964844,333.55999755859375,329.82000732421875,330.2900085449219,1332800
2022-06-06,318.07183837890625,335.510009765625,337.989990234375,333.3599853515625,336.3800048828125,1728400
2022-06-07,318.3089294433594,335.760009765625,336.1300048828125,331.20001220703125,331.5400085449219,1726100
2022-06-08,311.52105712890625,328.6000061035156,333.75,327.2900085449219,330.92999267578125,1917000
2022-06-09,302.1260681152344,318.69000244140625,326.6000061035156,318.5899963378906,324.25,1666100
2022-06-10,294.73150634765625,310.8900146484375,313.2900085449219,307.8599853515625,312.45001220703125,2007900
2022-06-13,285.6683349609375,301.3299865722656,304.5,299.75,302.6300048828125,2039600
2022-06-14,280.2551574707031,295.6199951171875,300.1099853515625,293.2200012207031,299.260009765625,2420300
2022-06-15,284.3979797363281,299.989990234375,302.8399963378906,294.05999755859375,299.6000061035156,1979500
2022-06-16,274.66180419921875,289.7200012207031,291.6099853515625,287.8299865722656,289.8399963378906,2986900
2022-06-17,275.5719299316406,290.67999267578125,292.510009765625,283.6700134277344,285.0400085449219,5565600
2022-06-21,283.2508850097656,298.7799987792969,300.6099853515625,292.8399963378906,293.3900146484375,3779400
2022-06-22,282.8905944824219,298.3999938964844,300.8999938964844,293.3399963378906,293.5899963378906,2768900
2022-06-23,281.4022521972656,296.8299865722656,299.7900085449219,293.0,296.9599914550781,2812400
2022-06-24,287.46966552734375,303.2300109863281,304.6199951171875,297.4599914550781,297.510009765625,23958800
2022-06-27,280.8619689941406,296.260009765625,300.79998779296875,295.489990234375,299.6199951171875,2714300
2022-06-28,278.1504821777344,293.3999938964844,299.0,292.19000244140625,296.25,2535500
2022-06-29,276.2640686035156,291.4100036621094,292.3399963378906,288.6400146484375,291.1300048828125,1951200
2022-06-30,272.5856628417969,287.5299987792969,289.5899963378906,282.5,284.1199951171875,2926900
2022-07-01,270.6042785644531,285.44000244140625,286.1300048828125,280.92999267578125,283.5199890136719,3307600
2022-07-05,256.5640563964844,270.6300048828125,273.4700012207031,266.8299865722656,272.17999267578125,4332700
2022-07-06,260.0338134765625,274.2900085449219,275.4800109863281,269.54998779296875,269.6099853515625,3484100
2022-07-07,259.6451110839844,273.8800048828125,276.260009765625,273.5899963378906,274.82000732421875,2338000
2022-07-08,259.4555358886719,273.67999267578125,276.3800048828125,271.9700012207031,274.760009765625,1711900
2022-07-11,262.3848876953125,276.7699890136719,278.1700134277344,270.75,270.94000244140625,2251700
2022-07-12,259.32275390625,273.5400085449219,277.6499938964844,273.1099853515625,274.9599914550781,2146600
2022-07-13,260.4509582519531,274.7300109863281,275.8699951171875,269.29998779296875,270.1400146484375,2423300
2022-07-14,255.02825927734375,269.010009765625,269.1199951171875,265.1199951171875,267.82000732421875,2473800
2022-07-15,262.58392333984375,276.9800109863281,276.9800109863281,273.260009765625,275.260009765625,2370100
2022-07-18,262.7261657714844,277.1300048828125,280.5899963378906,276.2699890136719,279.760009765625,2244100
2022-07-19,270.89813232421875,285.75,286.4200134277344,280.29998779296875,280.82000732421875,2097500
2022-07-20,268.423828125,283.1400146484375,285.79998779296875,281.92999267578125,284.3999938964844,1997000
2022-07-21,272.1116943359375,287.0299987792969,287.239990234375,282.0899963378906,282.5,1544800
2022-07-22,270.6990051269531,285.5400085449219,288.70001220703125,284.54998779296875,287.17999267578125,1203700
2022-07-25,273.1165466308594,288.0899963378906,288.260009765625,284.57000732421875,286.9200134277344,1460700
2022-07-26,271.7229919433594,286.6199951171875,287.6499938964844,284.3500061035156,284.5299987792969,1448500
2022-07-27,275.3538513183594,290.45001220703125,290.7300109863281,285.1099853515625,286.19000244140625,3179200
2022-07-28,281.4970397949219,296.92999267578125,297.32000732421875,286.44000244140625,286.44000244140625,1941300
2022-07-29,286.3035583496094,302.0,303.1499938964844,298.75,299.1300048828125,1711400
2022-08-01,284.4739074707031,300.07000732421875,302.2900085449219,298.489990234375,300.42999267578125,1247900
2022-08-02,282.170166015625,297.6400146484375,300.6199951171875,295.82000732421875,298.42999267578125,1428100
2022-08-03,284.46441650390625,300.05999755859375,301.3299865722656,295.7900085449219,299.8800048828125,1297100
2022-08-04,286.53106689453125,302.239990234375,304.1199951171875,301.4200134277344,301.4200134277344,1451100
2022-08-05,286.275146484375,301.9700012207031,302.07000732421875,299.3999938964844,300.1099853515625,1113100
2022-08-08,285.3365783691406,300.9800109863281,305.8599853515625,300.69000244140625,305.6600036621094,1081700
2022-08-09,285.04266357421875,300.6700134277344,302.739990234375,299.7699890136719,300.6499938964844,884200
2022-08-10,293.31890869140625,309.3999938964844,311.2799987792969,306.42999267578125,308.0199890136719,1246500
2022-08-11,289.972412109375,305.8699951171875,310.04998779296875,305.6099853515625,309.239990234375,1165400
2022-08-12,295.3572082519531,311.54998779296875,311.57000732421875,305.57000732421875,305.9800109863281,1149000
2022-08-15,295.98291015625,312.2099914550781,312.42999267578125,308.20001220703125,309.8399963378906,1263500
2022-08-16,296.05877685546875,312.2900085449219,313.4800109863281,309.25,309.2900085449219,938400
2022-08-17,293.3758239746094,309.4599914550781,310.1600036621094,307.0,308.4599914550781,912200
2022-08-18,294.0489807128906,310.1700134277344,311.1000061035156,308.1199951171875,309.5299987792969,1113600
2022-08-19,287.962646484375,303.75,308.5299987792969,303.2300109863281,308.5,1154000
2022-08-22,280.4162902832031,295.7900085449219,297.5299987792969,294.45001220703125,296.4100036621094,1966500
2022-08-23,278.8900146484375,294.17999267578125,296.5400085449219,292.2099914550781,293.45001220703125,1461600
2022-08-24,277.89459228515625,293.1300048828125,294.9700012207031,292.0,294.2099914550781,1439300
2022-08-25,281.6771545410156,297.1199951171875,297.5400085449219,292.9200134277344,294.3599853515625,1332400
2022-08-26,271.3721618652344,286.25,297.2200012207031,286.0299987792969,296.9700012207031,1782500
2022-08-29,272.5666809082031,287.510009765625,288.8299865722656,285.7099914550781,286.3500061035156,1456100
2022-08-30,269.85528564453125,284.6499938964844,290.0299987792969,282.6499938964844,289.5,1674300
2022-08-31,268.1583557128906,282.8599853515625,285.75,282.30999755859375,284.92999267578125,2947800
2022-09-01,265.7308044433594,279.1400146484375,279.6000061035156,273.29998779296875,277.8299865722656,3096300
2022-09-02,264.36956787109375,277.7099914550781,285.80999755859375,276.5,283.05999755859375,2400600
2022-09-06,263.6365966796875,276.94000244140625,279.1700134277344,273.7799987792969,276.3599853515625,2738500
2022-09-07,272.0994873046875,285.8299865722656,286.1099853515625,277.3500061035156,277.6099853515625,1313700
2022-09-08,270.2717590332031,283.9100036621094,284.1099853515625,279.510009765625,279.6600036621094,1510300
2022-09-09,273.24188232421875,287.0299987792969,288.05999755859375,285.0799865722656,286.3599853515625,1679400
2022-09-12,280.362548828125,294.510009765625,295.17999267578125,290.75,292.9100036621094,1752700
2022-09-13,271.86151123046875,285.5799865722656,291.5799865722656,284.94000244140625,288.6300048828125,1752500
2022-09-14,272.803955078125,286.57000732421875,287.4599914550781,283.260009765625,285.6099853515625,1325300
2022-09-15,269.31024169921875,282.8999938964844,287.6700134277344,282.6499938964844,284.95001220703125,1382600
2022-09-16,269.7481689453125,283.3599853515625,283.9100036621094,278.5199890136719,280.3399963378906,3278300
2022-09-19,271.4426574707031,285.1400146484375,285.30999755859375,280.1199951171875,280.5199890136719,1144000
2022-09-20,268.0059814453125,281.5299987792969,282.739990234375,279.0400085449219,280.54998779296875,1589700
2022-09-21,263.2461853027344,276.5299987792969,283.70001220703125,276.3699951171875,281.8900146484375,1428600
2022-09-22,260.9043884277344,274.07000732421875,277.4599914550781,273.29998779296875,276.6000061035156,1537400
2022-09-23,256.2207336425781,269.1499938964844,270.5799865722656,265.8699951171875,269.82000732421875,1947200
2022-09-26,251.55615234375,264.25,269.57000732421875,262.9700012207031,266.239990234375,2174000
2022-09-27,252.4605255126953,265.20001220703125,269.1600036621094,262.4700012207031,268.0299987792969,1947400
2022-09-28,258.4102478027344,271.45001220703125,272.8900146484375,264.95001220703125,266.44000244140625,1880200
2022-09-29,256.65863037109375,269.6099853515625,270.489990234375,265.2200012207031,268.3900146484375,1463900
2022-09-30,256.63958740234375,269.5899963378906,274.1400146484375,269.3599853515625,270.1300048828125,2625100
2022-10-03,262.57037353515625,275.82000732421875,277.3299865722656,271.2799987792969,272.5299987792969,3081000
2022-10-04,272.69921875,286.4599914550781,287.1700134277344,282.8599853515625,283.6099853515625,2425100
2022-10-05,270.1575012207031,283.7900085449219,286.32000732421875,281.32000732421875,283.4200134277344,1861400
2022-10-06,265.4263000488281,278.82000732421875,282.25,277.3299865722656,280.3999938964844,2182300
2022-10-07,260.07623291015625,273.20001220703125,277.0,271.8699951171875,276.4800109863281,1587900
2022-10-10,258.77197265625,271.8299865722656,274.79998779296875,270.1700134277344,273.8999938964844,1207900
2022-10-11,257.9818115234375,271.0,275.04998779296875,268.94000244140625,270.29998779296875,1092900
2022-10-12,258.54351806640625,271.5899963378906,273.82000732421875,269.9800109863281,271.0799865722656,1437300
2022-10-13,268.891357421875,282.4599914550781,283.0199890136719,266.2200012207031,266.9800109863281,2124500
2022-10-14,262.1134033203125,275.3399963378906,287.5899963378906,274.9700012207031,285.69000244140625,1640000
2022-10-17,267.42535400390625,280.9200134277344,283.70001220703125,280.5799865722656,281.25,1508200
2022-10-18,270.98565673828125,284.6600036621094,288.8299865722656,282.7799987792969,288.1700134277344,1692800
2022-10-19,270.2717590332031,283.9100036621094,286.1000061035156,281.82000732421875,284.0,1186500
2022-10-20,268.67242431640625,282.2300109863281,288.2099914550781,281.5,284.4100036621094,1345100
2022-10-21,274.4698791503906,288.32000732421875,288.7300109863281,279.5400085449219,280.4599914550781,1610500
2022-10-24,264.75982666015625,278.1199951171875,294.8800048828125,276.6400146484375,293.3299865722656,4454300
2022-10-25,274.3365478515625,288.17999267578125,288.239990234375,278.1000061035156,278.3399963378906,2999600
2022-10-26,280.6766357421875,294.8399963378906,296.6000061035156,290.2300109863281,291.7099914550781,2597200
2022-10-27,279.172607421875,293.260009765625,296.7099914550781,292.19000244140625,294.0,2338500
2022-10-28,287.3023681640625,301.79998779296875,303.0,294.6700134277344,296.04998779296875,2249300
2022-10-31,283.0660400390625,297.3500061035156,302.760009765625,297.1199951171875,300.67999267578125,2016100
2022-11-01,283.8466796875,298.1700134277344,304.0199890136719,296.4599914550781,304.0199890136719,1891500
2022-11-02,280.2007141113281,294.3399963378906,302.3399963378906,293.8800048828125,302.3399963378906,2587800
2022-11-03,283.3041076660156,297.6000061035156,298.2200012207031,289.94000244140625,289.989990234375,2396100
2022-11-04,294.08978271484375,308.92999267578125,310.0400085449219,303.0299987792969,306.1400146484375,2948000
2022-11-07,298.4307556152344,313.489990234375,313.95001220703125,309.4200134277344,311.0899963378906,1575900
2022-11-08,299.5921936035156,314.7099914550781,318.510009765625,313.69000244140625,314.70001220703125,1520000
2022-11-09,299.3351135253906,314.44000244140625,318.8699951171875,313.3299865722656,315.70001220703125,1165500
2022-11-10,312.5960693359375,328.3699951171875,330.1300048828125,324.5400085449219,330.0,2683400
2022-11-11,314.35711669921875,330.2200012207031,334.260009765625,329.489990234375,333.1700134277344,2133700
2022-11-14,316.1278076171875,332.0799865722656,338.0299987792969,331.94000244140625,333.0,1908500
2022-11-15,316.584716796875,332.55999755859375,339.25,329.95001220703125,339.0199890136719,1865500
2022-11-16,317.69854736328125,333.7300109863281,336.1499938964844,333.30999755859375,335.8399963378906,1418500
2022-11-17,314.47137451171875,330.3399963378906,331.3500061035156,328.0,329.7099914550781,1520600
2022-11-18,318.8218078613281,334.9100036621094,335.70001220703125,330.989990234375,334.1600036621094,1257400
2022-11-21,318.3077392578125,334.3699951171875,335.9200134277344,332.6400146484375,332.6400146484375,1065700
2022-11-22,323.4388122558594,339.760009765625,340.2699890136719,334.25,336.1499938964844,1010400
2022-11-23,326.389892578125,342.8599853515625,343.5,340.3500061035156,340.739990234375,954500
2022-11-25,327.8749694824219,344.4200134277344,344.5799865722656,342.5,343.260009765625,458500
2022-11-28,321.477783203125,337.70001220703125,344.92999267578125,336.79998779296875,344.7099914550781,2881100
2022-11-29,316.0230407714844,331.9700012207031,335.5,331.010009765625,334.760009765625,1888300
2022-11-30,320.3164367675781,336.4800109863281,337.0799865722656,328.3999938964844,332.1199951171875,3115200
2022-12-01,322.17926025390625,337.260009765625,338.1300048828125,332.9100036621094,337.2900085449219,1420000
2022-12-02,322.26519775390625,337.3500061035156,338.9700012207031,333.6199951171875,334.3399963378906,1200800
2022-12-05,319.3133544921875,334.260009765625,336.29998779296875,332.5799865722656,335.1700134277344,2145000
2022-12-06,316.6767578125,331.5,335.6499938964844,329.489990234375,334.9200134277344,1242100
2022-12-07,316.5812683105469,331.3999938964844,333.92999267578125,329.5799865722656,332.07000732421875,1849300
2022-12-08,319.66680908203125,334.6300048828125,335.19000244140625,330.9100036621094,331.2900085449219,966900
2022-12-09,317.3550109863281,332.2099914550781,335.8399963378906,332.17999267578125,334.7200012207031,1262900
2022-12-12,321.0233154296875,336.04998779296875,336.80999755859375,333.6199951171875,336.0199890136719,1246900
2022-12-13,327.13714599609375,342.45001220703125,347.6000061035156,340.4599914550781,346.04998779296875,1969400
2022-12-14,326.716796875,342.010009765625,345.4599914550781,340.0,343.04998779296875,1824800
2022-12-15,316.00799560546875,330.79998779296875,336.79998779296875,328.6000061035156,336.3999938964844,1882800
2022-12-16,314.890380859375,329.6300048828125,329.94000244140625,324.0199890136719,327.55999755859375,3857600
2022-12-19,312.4257507324219,327.04998779296875,330.5,326.20001220703125,329.0,1254700
2022-12-20,314.2216796875,328.92999267578125,330.9200134277344,326.3399963378906,328.0299987792969,1312900
2022-12-21,313.97332763671875,328.6700134277344,330.32000732421875,326.05999755859375,326.05999755859375,1723800
2022-12-22,313.0084533691406,327.6600036621094,327.8399963378906,323.04998779296875,326.3299865722656,1202200
2022-12-23,314.6037902832031,329.3299865722656,329.6099853515625,325.5799865722656,326.17999267578125,636600
2022-12-27,314.2408142089844,328.95001220703125,332.0899963378906,328.2900085449219,330.6600036621094,682800
2022-12-28,311.33685302734375,325.9100036621094,330.4599914550781,325.5799865722656,328.8399963378906,908900
2022-12-29,315.0050354003906,329.75,330.8999938964844,328.3900146484375,329.3800048828125,872300
2022-12-30,311.5946350097656,326.17999267578125,326.95001220703125,323.2099914550781,326.1600036621094,1238000
2023-01-03,304.11480712890625,318.3500061035156,322.0,314.45001220703125,317.6700134277344,2374200
2023-01-04,302.60540771484375,316.7699890136719,320.25,315.07000732421875,318.7200012207031,2088900
2023-01-05,291.8298034667969,305.489990234375,307.9599914550781,302.1700134277344,305.2699890136719,3133700
2023-01-06,302.022705078125,316.1600036621094,317.1400146484375,307.57000732421875,307.82000732421875,2538900
2023-01-09,307.52520751953125,321.9200134277344,325.07000732421875,320.1199951171875,322.2699890136719,2471300
2023-01-10,307.63018798828125,322.0299987792969,323.239990234375,319.3699951171875,322.3900146484375,1613400
2023-01-11,314.8808288574219,329.6199951171875,329.7099914550781,324.9599914550781,326.0799865722656,1928000
2023-01-12,314.2026062011719,328.9100036621094,329.6199951171875,325.8299865722656,328.2099914550781,1277500
2023-01-13,319.1700744628906,334.1099853515625,334.7200012207031,330.0,330.0,1882800
2023-01-17,315.2438049316406,330.0,336.30999755859375,329.82000732421875,335.489990234375,1714700
2023-01-18,309.8369445800781,324.3399963378906,333.95001220703125,324.17999267578125,333.5,2945700
2023-01-19,310.0279541015625,324.5400085449219,325.510009765625,321.4599914550781,324.0,2703600
2023-01-20,313.9255065917969,328.6199951171875,328.8299865722656,322.80999755859375,324.5199890136719,1792700
2023-01-23,311.89080810546875,326.489990234375,328.57000732421875,324.2699890136719,325.8500061035156,1931100
2023-01-24,313.93511962890625,328.6300048828125,328.8500061035156,323.739990234375,325.55999755859375,1625900
2023-01-25,311.7666320800781,326.3599853515625,327.260009765625,323.989990234375,324.7300109863281,1887200
2023-01-26,314.7757568359375,329.510009765625,329.5299987792969,324.7200012207031,326.3999938964844,1587100
2023-01-27,310.18084716796875,324.70001220703125,327.6000061035156,324.0899963378906,324.260009765625,1819800
2023-01-30,310.4960632324219,325.0299987792969,328.5400085449219,324.17999267578125,324.3999938964844,2163800
2023-01-31,316.1418151855469,330.94000244140625,331.260009765625,326.45001220703125,326.760009765625,2330300
2023-02-01,316.2754821777344,331.0799865722656,333.75,326.0,330.7300109863281,1879500
2023-02-02,317.2021789550781,332.04998779296875,334.510009765625,327.1099853515625,331.7300109863281,2524000
2023-02-03,309.1300354003906,323.6000061035156,328.8900146484375,323.44000244140625,325.1700134277344,2663000
2023-02-06,308.4230651855469,322.8599853515625,323.7099914550781,319.8399963378906,322.3800048828125,2322900
2023-02-07,322.04547119140625,337.1199951171875,337.4200134277344,318.8800048828125,318.8999938964844,5990100
2023-02-08,319.30377197265625,334.25,346.6700134277344,333.45001220703125,340.6000061035156,3429500
2023-02-09,317.698974609375,332.57000732421875,337.989990234375,331.1199951171875,336.2200012207031,2655700
2023-02-10,317.192626953125,332.0400085449219,332.6300048828125,328.19000244140625,331.17999267578125,2515900
2023-02-13,319.1223449707031,334.05999755859375,335.95001220703125,332.1300048828125,333.05999755859375,1782700
2023-02-14,319.06494140625,334.0,335.2799987792969,330.3800048828125,333.3900146484375,2175000
2023-02-15,317.6606750488281,332.5299987792969,332.7099914550781,329.17999267578125,332.0,2493000
2023-02-16,309.03448486328125,323.5,327.760009765625,323.3699951171875,325.6700134277344,3209100
2023-02-17,307.1430358886719,321.5199890136719,323.3800048828125,319.2300109863281,320.8800048828125,3231600
2023-02-21,310.04705810546875,324.55999755859375,328.3699951171875,322.1300048828125,322.94000244140625,3245700
2023-02-22,315.2724609375,330.0299987792969,331.8699951171875,325.04998779296875,327.8599853515625,3595100
2023-02-23,317.0493469238281,331.8900146484375,334.3399963378906,326.4100036621094,331.7300109863281,3836400
2023-02-24,332.1141662597656,347.6600036621094,348.2099914550781,322.6099853515625,323.0899963378906,14737800
2023-02-27,329.0763244628906,344.4800109863281,348.32000732421875,344.20001220703125,346.25,3708600
2023-02-28,332.7923583984375,348.3699951171875,351.1499938964844,344.20001220703125,344.4700012207031,3274400
2023-03-01,334.39727783203125,350.04998779296875,356.17999267578125,349.04998779296875,350.1000061035156,3474000
2023-03-02,336.0212707519531,351.75,354.3800048828125,349.54998779296875,350.3900146484375,2266600
2023-03-03,346.1759338378906,362.3800048828125,362.739990234375,353.3299865722656,355.0199890136719,2940200
2023-03-06,342.03948974609375,358.04998779296875,360.67999267578125,356.3800048828125,360.0,3846400
2023-03-07,338.30438232421875,354.1400146484375,357.1199951171875,350.4599914550781,356.0,2218100
2023-03-08,339.0303649902344,354.8999938964844,355.7200012207031,350.3999938964844,353.0,2222800
2023-03-09,330.45196533203125,345.9200134277344,353.29998779296875,344.2099914550781,352.0899963378906,2489100
2023-03-10,326.26776123046875,341.5400085449219,347.3900146484375,340.1099853515625,346.19000244140625,1534100
2023-03-13,321.056396484375,334.8299865722656,340.6300048828125,334.0899963378906,338.739990234375,2228900
2023-03-14,328.3533020019531,342.44000244140625,346.3900146484375,339.260009765625,340.94000244140625,2580100
2023-03-15,317.3168029785156,330.92999267578125,332.69000244140625,324.1099853515625,329.1000061035156,3395300
2023-03-16,324.3740234375,338.2900085449219,339.6000061035156,328.1199951171875,328.57000732421875,1750100
2023-03-17,316.8949279785156,330.489990234375,336.9100036621094,329.9100036621094,335.79998779296875,5702300
2023-03-20,324.8726501464844,338.80999755859375,339.5400085449219,331.95001220703125,332.42999267578125,2305000
2023-03-21,327.2602233886719,341.29998779296875,344.1499938964844,339.0199890136719,343.2799987792969,1792600
2023-03-22,325.1986083984375,339.1499938964844,344.6199951171875,338.69000244140625,341.0400085449219,1434200
2023-03-23,327.2889709472656,341.3299865722656,346.1199951171875,339.54998779296875,340.04998779296875,2082100
2023-03-24,330.5683288574219,344.75,345.45001220703125,337.95001220703125,339.510009765625,1793800
2023-03-27,332.8216247558594,347.1000061035156,349.989990234375,345.07000732421875,347.8299865722656,1475900
2023-03-28,333.0805358886719,347.3699951171875,348.0199890136719,344.55999755859375,346.8699951171875,1396600
2023-03-29,335.343505859375,349.7300109863281,352.8500061035156,348.3800048828125,351.6099853515625,1132600
2023-03-30,337.0790710449219,351.5400085449219,351.70001220703125,348.4200134277344,350.45001220703125,1120700
2023-03-31,340.8185729980469,355.44000244140625,355.6300048828125,350.04998779296875,350.3699951171875,1513500
2023-04-03,343.369140625,358.1000061035156,358.989990234375,353.45001220703125,353.45001220703125,1878500
2023-04-04,343.0814514160156,357.79998779296875,361.42999267578125,356.510009765625,357.260009765625,2299100
2023-04-05,340.9815979003906,355.6099853515625,356.5299987792969,353.2900085449219,354.760009765625,2199800
2023-04-06,341.9116516113281,356.5799865722656,357.2099914550781,352.010009765625,352.25,1627700
2023-04-10,343.81024169921875,358.55999755859375,358.739990234375,354.6700134277344,355.1400146484375,1311500
2023-04-11,343.5129699707031,358.25,360.8599853515625,357.0400085449219,359.2200012207031,975100
2023-04-12,344.5677185058594,359.3500061035156,362.8500061035156,357.95001220703125,360.69000244140625,1613700
2023-04-13,347.0703430175781,361.9599914550781,364.1400146484375,357.2200012207031,358.25,1667600
2023-04-14,344.87457275390625,359.6700134277344,362.69000244140625,357.6700134277344,360.9700012207031,1078300
2023-04-17,347.4443054199219,362.3500061035156,362.3999938964844,359.510009765625,359.82000732421875,1421500
2023-04-18,349.8606262207031,364.8699951171875,365.8399963378906,361.7799987792969,364.05999755859375,1085000
2023-04-19,350.2825622558594,365.30999755859375,365.5,361.5899963378906,362.5199890136719,1163200
2023-04-20,352.23858642578125,367.3500061035156,367.510009765625,362.7699890136719,363.0299987792969,1095500
2023-04-21,351.1454772949219,366.2099914550781,367.1499938964844,364.3699951171875,364.8800048828125,1677800
2023-04-24,352.8714904785156,368.010009765625,369.07000732421875,366.1499938964844,367.3699951171875,1237600
2023-04-25,351.9605712890625,367.05999755859375,369.6499938964844,365.010009765625,366.7799987792969,1735800
2023-04-26,349.9852600097656,365.0,366.1300048828125,362.2799987792969,364.9700012207031,2055500
2023-04-27,350.5990295410156,365.6400146484375,367.8999938964844,359.8299865722656,365.5899963378906,1898600
2023-04-28,354.2522888183594,369.45001220703125,370.5400085449219,364.8999938964844,365.6300048828125,1878900
2023-05-01,356.9945983886719,372.30999755859375,373.5799865722656,370.07000732421875,370.79998779296875,1018000
2023-05-02,354.81805419921875,370.0400085449219,371.7200012207031,367.3399963378906,370.44000244140625,1124600
2023-05-03,348.5470275878906,363.5,371.260009765625,363.3599853515625,369.510009765625,1418900
2023-05-04,345.9580993652344,360.79998779296875,365.2099914550781,357.4599914550781,362.6400146484375,1545800
2023-05-05,351.29888916015625,366.3699951171875,367.4599914550781,363.5799865722656,364.2200012207031,1113600
2023-05-08,350.6278076171875,365.6700134277344,368.6700134277344,365.04998779296875,368.0,1261700
2023-05-09,349.6976318359375,364.70001220703125,367.5,362.7300109863281,365.0,1015500
2023-05-10,353.72491455078125,368.8999938964844,370.17999267578125,364.0,369.8399963378906,1304300
2023-05-11,351.9413757324219,367.0400085449219,369.6600036621094,365.0199890136719,368.42999267578125,1336700
2023-05-12,355.0960998535156,370.3299865722656,370.760009765625,366.45001220703125,366.8699951171875,1189400
2023-05-15,353.6289978027344,368.79998779296875,371.32000732421875,365.4599914550781,371.0899963378906,1378800
2023-05-16,350.8482971191406,365.8999938964844,368.04998779296875,364.55999755859375,367.2900085449219,1065300
2023-05-17,349.994873046875,365.010009765625,367.1300048828125,364.010009765625,367.1300048828125,1296300
2023-05-18,353.0440979003906,368.19000244140625,368.7200012207031,362.2200012207031,363.7699890136719,1116100
2023-05-19,356.2083435058594,371.489990234375,372.3999938964844,368.94000244140625,369.57000732421875,1140900
2023-05-22,351.3181457519531,366.3900146484375,373.07000732421875,366.32000732421875,372.5,1207900
2023-05-23,339.3802490234375,353.94000244140625,364.010009765625,353.70001220703125,364.0,2157000
2023-05-24,340.262451171875,354.8599853515625,356.5299987792969,351.04998779296875,351.32000732421875,1801200
2023-05-25,341.9212341308594,356.5899963378906,359.1199951171875,354.94000244140625,356.1499938964844,1994800
2023-05-26,341.5569152832031,356.2099914550781,360.6300048828125,354.79998779296875,357.1199951171875,1805800
2023-05-30,340.31036376953125,354.9100036621094,356.760009765625,350.6000061035156,356.20001220703125,1801900
2023-05-31,339.11175537109375,353.6600036621094,357.4100036621094,352.44000244140625,354.1099853515625,2958100
2023-06-01,342.099853515625,355.489990234375,357.3299865722656,353.2300109863281,355.2799987792969,1239500
2023-06-02,346.89227294921875,360.4700012207031,361.6400146484375,357.1099853515625,357.6000061035156,1337700
2023-06-05,349.1441345214844,362.80999755859375,367.2200012207031,360.2300109863281,361.760009765625,1724500
2023-06-06,346.18975830078125,359.739990234375,364.75,357.7900085449219,362.30999755859375,1638000
2023-06-07,348.6437072753906,362.2900085449219,363.6000061035156,358.44000244140625,358.6199951171875,1441000
2023-06-08,348.5666809082031,362.2099914550781,362.69000244140625,359.3599853515625,362.1000061035156,1056300
2023-06-09,347.17138671875,360.760009765625,362.489990234375,358.75,362.489990234375,1121600
2023-06-12,348.3742980957031,362.010009765625,362.4700012207031,358.5899963378906,362.4700012207031,1021400
2023-06-13,359.20050048828125,373.260009765625,373.3299865722656,363.2300109863281,364.2300109863281,2065900
2023-06-14,360.21099853515625,374.30999755859375,376.45001220703125,371.92999267578125,375.239990234375,1553200
2023-06-15,362.2607421875,376.44000244140625,378.5,372.989990234375,375.3699951171875,1228600
2023-06-16,361.154052734375,375.2900085449219,377.0,373.30999755859375,376.75,4372200
2023-06-20,354.7929992675781,368.67999267578125,374.8800048828125,367.8399963378906,374.3999938964844,1721700
2023-06-21,356.6888122558594,370.6499938964844,372.05999755859375,365.510009765625,367.1600036621094,1542700
2023-06-22,358.6038818359375,372.6400146484375,373.3299865722656,365.5899963378906,368.2799987792969,1197500
2023-06-23,356.631103515625,370.5899963378906,371.1400146484375,367.19000244140625,369.6199951171875,2070500
2023-06-26,356.7466125488281,370.7099914550781,372.0,369.4599914550781,369.9800109863281,1089700
2023-06-27,361.5967102050781,375.75,376.4100036621094,371.4599914550781,371.6199951171875,1320000
2023-06-28,360.84613037109375,374.9700012207031,375.8500061035156,372.3500061035156,374.2099914550781,1094000
2023-06-29,364.90716552734375,379.19000244140625,380.6199951171875,373.4200134277344,373.489990234375,1350600
2023-06-30,366.7259826660156,381.0799865722656,383.5799865722656,380.0199890136719,380.4200134277344,1642800
2023-07-03,363.9159240722656,378.1600036621094,382.3500061035156,378.1600036621094,382.010009765625,1118700
2023-07-05,353.4072570800781,367.239990234375,374.0400085449219,365.69000244140625,371.1199951171875,2926700
2023-07-06,350.7993469238281,364.5299987792969,364.9200134277344,358.3699951171875,362.3800048828125,2129900
2023-07-07,350.7800598144531,364.510009765625,369.8900146484375,362.0,363.0299987792969,1336800
2023-07-10,353.7055969238281,367.54998779296875,368.739990234375,363.8999938964844,363.8999938964844,1292100
2023-07-11,353.0223083496094,366.8399963378906,371.7099914550781,363.2699890136719,369.80999755859375,1162000
2023-07-12,360.49005126953125,374.6000061035156,374.92999267578125,365.989990234375,370.3699951171875,1557000
2023-07-13,362.93438720703125,377.1400146484375,378.1000061035156,373.6400146484375,376.1000061035156,1281100
2023-07-14,364.3201599121094,378.5799865722656,379.489990234375,376.5,377.1400146484375,886400
2023-07-17,367.7171936035156,382.1099853515625,383.55999755859375,378.5,378.510009765625,1152100
2023-07-18,369.7957458496094,384.2699890136719,384.54998779296875,376.8900146484375,376.8900146484375,1099400
2023-07-19,360.59588623046875,374.7099914550781,383.8699951171875,374.30999755859375,382.3900146484375,1607100
2023-07-20,367.2264404296875,381.6000061035156,381.7099914550781,374.75,376.1099853515625,1085100
2023-07-21,370.05560302734375,384.5400085449219,385.4100036621094,378.82000732421875,380.3800048828125,1195700
2023-07-24,370.1999816894531,384.69000244140625,386.0,381.7200012207031,385.0,1467500
2023-07-25,376.310791015625,391.0400085449219,391.6099853515625,384.8900146484375,385.54998779296875,1328400
2023-07-26,373.58740234375,388.2099914550781,388.4800109863281,379.5899963378906,387.20001220703125,1825500
2023-07-27,370.14227294921875,384.6300048828125,388.7300109863281,383.2099914550781,388.2099914550781,2336400
2023-07-28,374.0685729980469,388.7099914550781,389.1499938964844,385.2099914550781,386.6499938964844,1445400
2023-07-31,375.9547424316406,390.6700134277344,390.9700012207031,385.95001220703125,388.5199890136719,1615200
2023-08-01,374.0012512207031,388.6400146484375,393.6700134277344,388.510009765625,389.8399963378906,1468600
2023-08-02,369.32427978515625,383.7799987792969,387.1300048828125,383.3599853515625,385.6199951171875,1538900
2023-08-03,366.408447265625,380.75,384.5299987792969,379.1099853515625,381.9100036621094,1926000
2023-08-04,363.5887451171875,377.82000732421875,384.3999938964844,377.5299987792969,384.32000732421875,1648900
2023-08-07,370.4694519042969,384.9700012207031,385.9700012207031,380.6600036621094,381.0,1112000
2023-08-08,367.3996276855469,381.7799987792969,384.3399963378906,378.92999267578125,383.8999938964844,946800
2023-08-09,365.26318359375,379.55999755859375,383.8699951171875,379.2900085449219,383.2099914550781,853400
2023-08-10,367.91925048828125,382.32000732421875,386.5799865722656,380.739990234375,381.29998779296875,825000
2023-08-11,367.4381103515625,381.82000732421875,383.25,380.5400085449219,382.3299865722656,692600
2023-08-14,367.7749328613281,382.1700134277344,383.3399963378906,379.0199890136719,381.1099853515625,1060700
2023-08-15,365.09002685546875,379.3800048828125,380.760009765625,377.739990234375,379.0,709700
2023-08-16,363.5694580078125,377.79998779296875,381.5899963378906,377.3699951171875,378.760009765625,1143800
2023-08-17,362.1837463378906,376.3599853515625,381.20001220703125,375.3900146484375,379.44000244140625,1229800
2023-08-18,360.9712219238281,375.1000061035156,377.8699951171875,373.79998779296875,374.55999755859375,1254700
2023-08-21,363.2711486816406,377.489990234375,378.5199890136719,373.4700012207031,376.2200012207031,947100
2023-08-22,363.3674621582031,377.5899963378906,380.3699951171875,377.3699951171875,378.6000061035156,913200
2023-08-23,364.0988464355469,378.3500061035156,379.7300109863281,375.7300109863281,377.5899963378906,929200
2023-08-24,363.70428466796875,377.94000244140625,380.75,377.1199951171875,377.3999938964844,820300
2023-08-25,367.2167663574219,381.5899963378906,383.2699890136719,377.9100036621094,379.4200134277344,1022100
2023-08-28,367.6787414550781,382.07000732421875,383.9599914550781,380.739990234375,382.3999938964844,772000
2023-08-29,372.27862548828125,386.8500061035156,386.989990234375,379.3500061035156,381.07000732421875,1060100
2023-08-30,372.5095520019531,387.0899963378906,388.20001220703125,385.29998779296875,386.8999938964844,780100
2023-08-31,372.46142578125,387.0400085449219,389.1700134277344,386.0,387.6600036621094,1193100
2023-09-01,375.4980163574219,388.9100036621094,391.010009765625,387.5799865722656,389.1499938964844,970000
2023-09-05,368.4400939941406,381.6000061035156,389.9700012207031,381.45001220703125,389.9700012207031,1092500
2023-09-06,370.07183837890625,383.2900085449219,383.8299865722656,379.510009765625,380.3500061035156,775400
2023-09-07,373.2870178222656,386.6199951171875,387.44000244140625,382.1099853515625,384.07000732421875,986400
2023-09-08,373.470458984375,386.80999755859375,389.489990234375,385.1099853515625,386.4800109863281,1064000
2023-09-11,375.9228210449219,389.3500061035156,391.5,387.4800109863281,388.6000061035156,862000
2023-09-12,374.5421447753906,387.9200134277344,389.5899963378906,386.989990234375,387.3900146484375,1047900
2023-09-13,371.86767578125,385.1499938964844,388.67999267578125,384.3900146484375,386.9599914550781,1207500
2023-09-14,376.3572998046875,389.79998779296875,390.92999267578125,385.6400146484375,387.2799987792969,1231500
2023-09-15,374.6097106933594,387.989990234375,393.4200134277344,386.010009765625,389.70001220703125,2820400
2023-09-18,374.16558837890625,387.5299987792969,389.3800048828125,385.1000061035156,387.6700134277344,652000
2023-09-19,376.3380126953125,389.7799987792969,390.3900146484375,385.54998779296875,388.04998779296875,1458800
2023-09-20,365.7559509277344,378.82000732421875,388.7099914550781,378.6400146484375,388.6499938964844,1747300
2023-09-21,359.5959777832031,372.44000244140625,377.489990234375,372.32000732421875,377.1400146484375,1362200
2023-09-22,360.0884094238281,372.95001220703125,375.9700012207031,370.6700134277344,370.8599853515625,1017300
2023-09-25,363.5835876464844,376.57000732421875,376.8999938964844,369.0,371.17999267578125,1558100
2023-09-26,358.39874267578125,371.20001220703125,375.2699890136719,368.9700012207031,373.7099914550781,1769500
2023-09-27,359.18084716796875,372.010009765625,373.9200134277344,370.010009765625,371.42999267578125,1254900
2023-09-28,360.6097717285156,373.489990234375,376.6700134277344,371.3999938964844,372.69000244140625,1065500
2023-09-29,359.50909423828125,372.3500061035156,376.8699951171875,371.95001220703125,375.8500061035156,1474100
2023-10-02,357.44281005859375,370.2099914550781,371.44000244140625,366.5,370.94000244140625,1298400
2023-10-03,359.9725646972656,372.8299865722656,377.1300048828125,367.7699890136719,368.6000061035156,1747600
2023-10-04,365.5531921386719,378.6099853515625,379.8800048828125,372.760009765625,374.1300048828125,1897900
2023-10-05,357.1049499511719,369.8599853515625,381.0,367.1099853515625,378.260009765625,1821900
2023-10-06,360.6580505371094,373.5400085449219,375.04998779296875,367.0299987792969,369.239990234375,1571300
2023-10-09,360.84149169921875,373.7300109863281,374.4700012207031,369.239990234375,370.3900146484375,846100
2023-10-10,365.89117431640625,378.9599914550781,381.6700134277344,375.0899963378906,376.3599853515625,1335500
2023-10-11,365.6111755371094,378.6700134277344,381.5899963378906,377.3299865722656,380.3399963378906,931400
2023-10-12,364.68426513671875,377.7099914550781,381.3999938964844,375.3399963378906,380.7099914550781,888400
2023-10-13,364.8580627441406,377.8900146484375,382.4599914550781,376.1400146484375,379.70001220703125,1214200
2023-10-16,366.16143798828125,379.239990234375,384.32000732421875,378.010009765625,378.4800109863281,1182400
2023-10-17,367.9477233886719,381.0899963378906,382.3299865722656,376.4800109863281,377.6300048828125,920300
2023-10-18,358.5918884277344,371.3999938964844,379.6499938964844,370.9200134277344,379.1300048828125,1486600
2023-10-19,357.37530517578125,370.1400146484375,373.5899963378906,368.8500061035156,370.44000244140625,1249200
2023-10-20,353.7257080078125,366.3599853515625,371.7799987792969,365.94000244140625,370.0,1334100
2023-10-23,352.8277587890625,365.42999267578125,368.6300048828125,361.0199890136719,365.0,1648700
2023-10-24,354.59466552734375,367.260009765625,369.4200134277344,365.0400085449219,366.5299987792969,1590000
2023-10-25,351.81396484375,364.3800048828125,369.5,362.3299865722656,367.8299865722656,1492900
2023-10-26,357.54913330078125,370.32000732421875,374.2900085449219,366.1199951171875,370.8900146484375,2168400
2023-10-27,357.7518310546875,370.5299987792969,376.55999755859375,367.8599853515625,367.8599853515625,1945300
2023-10-30,365.8042297363281,378.8699951171875,379.4200134277344,373.69000244140625,376.07000732421875,1478000
2023-10-31,368.98077392578125,382.1600036621094,384.07000732421875,376.70001220703125,378.2099914550781,2020700
2023-11-01,373.75042724609375,387.1000061035156,387.5299987792969,381.05999755859375,382.2699890136719,1564900
2023-11-02,376.2221374511719,389.6600036621094,391.7099914550781,387.44000244140625,387.4700012207031,1586700
2023-11-03,378.973876953125,392.510009765625,395.17999267578125,388.6300048828125,390.1000061035156,1339300
2023-11-06,379.44696044921875,393.0,393.5299987792969,390.239990234375,392.54998779296875,1464000
2023-11-07,375.87451171875,389.29998779296875,390.9599914550781,385.1199951171875,389.9599914550781,2647400
2023-11-08,378.73248291015625,392.260009765625,394.1300048828125,389.1400146484375,391.4100036621094,1631400
2023-11-09,377.49664306640625,390.9800109863281,394.3900146484375,390.3800048828125,394.3299865722656,1305400
2023-11-10,386.0511169433594,399.8399963378906,400.3699951171875,391.510009765625,391.510009765625,1378100
2023-11-13,385.9642028808594,399.75,401.95001220703125,395.0,396.3599853515625,1420000
2023-11-14,389.8359375,403.760009765625,406.7799987792969,399.57000732421875,399.57000732421875,1350500
2023-11-15,388.8607482910156,402.75,406.1300048828125,402.1000061035156,403.9700012207031,1139900
2023-11-16,394.3062438964844,408.3900146484375,408.9599914550781,402.32000732421875,403.17999267578125,1228100
2023-11-17,393.8138122558594,407.8800048828125,411.0799865722656,406.5,411.0799865722656,1542500
2023-11-20,394.1903381347656,408.2699890136719,410.1199951171875,406.20001220703125,407.54998779296875,1678500
2023-11-21,397.704833984375,411.9100036621094,414.9700012207031,409.4100036621094,411.0400085449219,1225300
2023-11-22,397.42486572265625,411.6199951171875,412.510009765625,408.1099853515625,410.739990234375,1111000
2023-11-24,399.9351501464844,414.2200012207031,416.19000244140625,411.8699951171875,412.6700134277344,711300
2023-11-27,398.5640869140625,412.79998779296875,414.0,410.0,413.8299865722656,1301200
2023-11-28,396.5655517578125,410.7300109863281,413.82000732421875,410.0199890136719,412.010009765625,1134300
2023-11-29,397.2027893066406,411.3900146484375,415.2900085449219,410.95001220703125,412.57000732421875,1405900
2023-11-30,399.50067138671875,413.7699890136719,416.0,409.7900085449219,410.4599914550781,4023900
2023-12-01,398.7307434082031,411.70001220703125,415.04998779296875,409.9700012207031,412.45001220703125,2107300
2023-12-04,393.8301696777344,406.6400146484375,411.239990234375,406.0199890136719,409.0,2092400
2023-12-05,391.2442626953125,403.9700012207031,406.6099853515625,402.1499938964844,406.0,2207000
2023-12-06,387.6995544433594,400.30999755859375,404.1700134277344,398.44000244140625,403.9700012207031,2263700
2023-12-07,386.091796875,398.6499938964844,401.4100036621094,397.3800048828125,399.4100036621094,1914100
2023-12-08,388.6292419433594,401.2699890136719,401.6000061035156,397.4599914550781,398.0,1483700
2023-12-11,395.37969970703125,408.239990234375,408.2900085449219,399.8699951171875,400.0,1653400
2023-12-12,413.2776184082031,426.7200012207031,434.2099914550781,420.29998779296875,425.69000244140625,6829000
2023-12-13,395.86395263671875,408.739990234375,414.1700134277344,404.6700134277344,405.94000244140625,3359600
2023-12-14,396.8130798339844,409.7200012207031,411.1199951171875,405.8299865722656,406.7799987792969,2220500
2023-12-15,394.5468444824219,407.3800048828125,410.8999938964844,404.8999938964844,407.4100036621094,4241100
2023-12-18,396.2126159667969,409.1000061035156,412.989990234375,407.7699890136719,411.8999938964844,1717600
2023-12-19,399.1084289550781,412.0899963378906,414.25,410.1099853515625,412.0,1344600
2023-12-20,393.5589294433594,406.3599853515625,411.7900085449219,405.94000244140625,410.739990234375,1578500
2023-12-21,396.24169921875,409.1300048828125,409.3999938964844,406.6099853515625,408.0199890136719,1534000
2023-12-22,397.80096435546875,410.739990234375,412.2799987792969,408.760009765625,410.5899963378906,838900
2023-12-26,397.0164794921875,409.92999267578125,411.7300109863281,409.6300048828125,410.6099853515625,619300
2023-12-27,398.2562255859375,411.2099914550781,411.3500061035156,408.0,408.0,850900
2023-12-28,396.861572265625,409.7699890136719,410.8999938964844,409.2099914550781,410.5299987792969,814400
2023-12-29,397.77191162109375,410.7099914550781,412.1199951171875,407.9599914550781,408.7200012207031,975900
2024-01-02,396.6774597167969,409.5799865722656,411.7300109863281,406.70001220703125,409.7799987792969,1571900
2024-01-03,395.8349609375,408.7099914550781,409.8599853515625,405.2900085449219,405.8999938964844,1536300
2024-01-04,395.7187194824219,408.5899963378906,411.6499938964844,407.5799865722656,407.6400146484375,1517800
2024-01-05,396.2319641113281,409.1199951171875,410.489990234375,406.25,409.04998779296875,1400100
2024-01-08,395.42816162109375,408.2900085449219,409.989990234375,404.3599853515625,407.8599853515625,1142300
2024-01-09,393.8785400390625,406.69000244140625,407.7799987792969,404.42999267578125,407.4800109863281,1256200
2024-01-10,393.0940856933594,405.8800048828125,406.0899963378906,404.010009765625,404.42999267578125,1170600
2024-01-11,393.1715087890625,405.9599914550781,407.0,401.6400146484375,406.7799987792969,1110500
2024-01-12,396.0383605957031,408.9200134277344,409.55999755859375,405.5,408.739990234375,849100
2024-01-16,393.83984375,406.6499938964844,410.6099853515625,406.0,407.4800109863281,1464700
2024-01-17,393.9366149902344,406.75,407.3299865722656,403.9200134277344,404.4700012207031,1369100
2024-01-18,395.0020446777344,407.8500061035156,408.3800048828125,403.739990234375,407.05999755859375,1232200
2024-01-19,394.5468444824219,407.3800048828125,408.0,404.260009765625,407.1199951171875,2265900
2024-01-22,393.66552734375,406.4700012207031,407.32000732421875,401.4100036621094,401.8800048828125,2105400
2024-01-23,395.0407409667969,407.8900146484375,408.17999267578125,402.1700134277344,405.2900085449219,1293900
2024-01-24,388.6389465332031,401.2799987792969,408.3900146484375,401.0,407.07000732421875,1594800
2024-01-25,390.75994873046875,403.4700012207031,403.6000061035156,400.3999938964844,400.7200012207031,1550900
2024-01-26,391.31207275390625,404.0400085449219,405.32000732421875,401.6700134277344,404.4100036621094,1146600
2024-01-29,392.8325500488281,405.6099853515625,405.8699951171875,402.260009765625,404.7799987792969,1400400
2024-01-30,395.0020446777344,407.8500061035156,410.5400085449219,405.3999938964844,406.04998779296875,1647600
2024-01-31,392.0771484375,404.8299865722656,410.6099853515625,403.3299865722656,409.4599914550781,1782000
2024-02-01,395.77679443359375,408.6499938964844,410.0,405.30999755859375,408.2699890136719,1893600
2024-02-02,394.26593017578125,407.0899963378906,408.92999267578125,404.239990234375,407.0199890136719,2218600
2024-02-05,388.00946044921875,400.6300048828125,401.9800109863281,396.07000732421875,396.8399963378906,3487800
2024-02-06,402.4691162109375,415.55999755859375,421.0,411.3599853515625,414.8900146484375,3227000
2024-02-07,403.6991271972656,416.8299865722656,423.9700012207031,415.29998779296875,419.07000732421875,1985600
2024-02-08,400.958251953125,414.0,419.29998779296875,413.3599853515625,419.29998779296875,1488900
2024-02-09,406.20758056640625,419.4200134277344,419.8399963378906,412.2900085449219,413.80999755859375,1351500
2024-02-12,406.39154052734375,419.6099853515625,420.989990234375,418.1199951171875,420.3599853515625,1272100
2024-02-13,403.1374206542969,416.25,419.7099914550781,414.2200012207031,418.9200134277344,1313300
2024-02-14,405.21966552734375,418.3999938964844,420.8500061035156,416.6199951171875,418.8699951171875,1345200
2024-02-15,415.185546875,428.69000244140625,429.239990234375,419.69000244140625,420.25,1721600
2024-02-16,418.03289794921875,431.6300048828125,434.7699890136719,430.6499938964844,432.2699890136719,1460800
2024-02-20,422.2264709472656,435.9599914550781,439.3999938964844,434.19000244140625,435.5899963378906,1869200
2024-02-21,425.6162414550781,439.4599914550781,439.75,434.6300048828125,437.760009765625,1230900
2024-02-22,432.9477233886719,447.0299987792969,447.8299865722656,438.7300109863281,441.7699890136719,1386900
2024-02-23,433.4610900878906,447.55999755859375,448.5400085449219,445.30999755859375,448.29998779296875,1164900
2024-02-26,430.92364501953125,444.94000244140625,448.04998779296875,444.510009765625,447.55999755859375,1286000
2024-02-27,430.7880554199219,444.79998779296875,444.95001220703125,441.8599853515625,443.55999755859375,1086300
2024-02-28,436.98638916015625,451.20001220703125,451.7300109863281,443.5199890136719,444.1099853515625,1562400
2024-02-29,434.681396484375,448.82000732421875,453.1099853515625,445.1000061035156,452.6499938964844,3684200
2024-03-01,435.0591125488281,449.2099914550781,450.9700012207031,447.0,448.0,1656100
2024-03-04,441.2478332519531,455.6000061035156,456.6600036621094,448.7300109863281,449.2099914550781,2291800
2024-03-05,446.4389953613281,460.9599914550781,463.0400085449219,456.3699951171875,456.3699951171875,4102900
2024-03-06,449.0054626464844,463.6099853515625,465.1099853515625,458.9800109863281,458.9800109863281,2599800
2024-03-07,450.63250732421875,465.2900085449219,467.7699890136719,461.6300048828125,465.0,2514000
2024-03-08,447.9788818359375,462.54998779296875,466.2900085449219,461.9800109863281,466.2900085449219,2469200
2024-03-11,454.6905517578125,469.4800109863281,473.9800109863281,466.75,473.9800109863281,4251500
2024-03-12,456.61785888671875,471.4700012207031,473.2099914550781,466.8900146484375,467.3900146484375,3259400
2024-03-13,461.2901306152344,474.8900146484375,477.7099914550781,469.9599914550781,469.9599914550781,3240000
2024-03-14,460.3673095703125,473.94000244140625,477.0,473.0899963378906,475.92999267578125,3551300
2024-03-15,454.8208923339844,468.2300109863281,473.8399963378906,466.3800048828125,472.6099853515625,33347400
2024-03-18,452.76153564453125,466.1099853515625,475.9800109863281,465.55999755859375,468.6400146484375,3026400
2024-03-19,453.36376953125,466.7300109863281,468.2300109863281,464.8599853515625,467.0,1883100
2024-03-20,453.422119140625,466.7900085449219,468.2799987792969,464.1300048828125,466.2900085449219,2146400
2024-03-21,452.94610595703125,466.29998779296875,468.6199951171875,463.3399963378906,464.6499938964844,2723800
2024-03-22,454.83056640625,468.239990234375,469.2099914550781,462.489990234375,464.3599853515625,1687400
2024-03-25,453.5289611816406,466.8999938964844,468.2699890136719,464.45001220703125,467.2099914550781,1391000
2024-03-26,454.1602783203125,467.54998779296875,468.3399963378906,464.94000244140625,464.94000244140625,1265300
2024-03-27,452.87811279296875,466.2300109863281,467.2300109863281,460.95001220703125,462.9700012207031,1590600
2024-03-28,451.0227966308594,464.32000732421875,465.9100036621094,462.6099853515625,463.6300048828125,1784900
2024-04-01,450.1291809082031,463.3999938964844,466.54998779296875,461.80999755859375,465.94000244140625,1027300
2024-04-02,448.1282043457031,461.3399963378906,464.2200012207031,460.8399963378906,462.3699951171875,1451100
2024-04-03,449.2257385253906,462.4700012207031,464.3399963378906,460.17999267578125,460.82000732421875,1449200
2024-04-04,444.1650390625,457.260009765625,466.94000244140625,455.9700012207031,463.32000732421875,2258500
2024-04-05,451.3919372558594,464.70001220703125,465.7900085449219,456.57000732421875,457.5199890136719,1575900
2024-04-08,448.44873046875,461.6700134277344,463.0899963378906,459.489990234375,462.8699951171875,1744300
2024-04-09,444.8255310058594,457.94000244140625,461.82000732421875,453.6499938964844,460.6700134277344,1472300
2024-04-10,437.5888977050781,450.489990234375,453.8299865722656,449.3399963378906,453.42999267578125,1838200
2024-04-11,440.0270080566406,453.0,455.9700012207031,448.2799987792969,451.5799865722656,1681800
2024-04-12,434.5970764160156,447.4100036621094,451.6300048828125,444.1600036621094,450.2099914550781,1976700
2024-04-15,432.01324462890625,444.75,453.9100036621094,443.8299865722656,449.9200134277344,1712000
2024-04-16,433.0137634277344,445.7799987792969,446.8599853515625,442.8599853515625,446.739990234375,1577300
2024-04-17,433.9949035644531,446.7900085449219,449.1099853515625,443.9800109863281,445.5799865722656,1216800
2024-04-18,433.6451721191406,446.42999267578125,451.19000244140625,445.5199890136719,450.9700012207031,1070300
2024-04-19,433.5189208984375,446.29998779296875,451.9700012207031,444.0899963378906,451.9700012207031,1831200
2024-04-22,434.169677734375,446.9700012207031,448.9800109863281,441.7300109863281,443.3800048828125,1345900
2024-04-23,432.3143615722656,445.05999755859375,448.1000061035156,444.0899963378906,446.57000732421875,1509900
2024-04-24,431.5955810546875,444.32000732421875,444.6099853515625,433.3800048828125,437.2099914550781,1969100
2024-04-25,431.1195983886719,443.8299865722656,445.25,439.1000061035156,442.5199890136719,1442700
2024-04-26,430.4882507324219,443.17999267578125,445.69000244140625,439.4599914550781,439.4599914550781,1583800
2024-04-29,432.3240966796875,445.07000732421875,448.1300048828125,442.2799987792969,445.7699890136719,1260300
2024-04-30,428.3318176269531,440.9599914550781,444.7099914550781,440.25,443.6499938964844,2172700
2024-05-01,429.94427490234375,442.6199951171875,449.3999938964844,441.9800109863281,442.7900085449219,1824100
2024-05-02,407.6029052734375,419.6199951171875,425.82000732421875,413.6099853515625,425.82000732421875,5267300
2024-05-03,411.4689636230469,423.6000061035156,425.7699890136719,418.0799865722656,418.0799865722656,2657400
2024-05-06,414.40252685546875,426.6199951171875,428.5799865722656,423.45001220703125,426.9800109863281,1533500
2024-05-07,417.6856689453125,430.0,437.94000244140625,427.45001220703125,429.7099914550781,1556400
2024-05-08,415.46124267578125,427.7099914550781,430.8699951171875,426.92999267578125,430.010009765625,1344800
2024-05-09,417.5497131347656,429.8599853515625,430.94000244140625,428.2799987792969,429.7900085449219,1740100
2024-05-10,421.9499816894531,434.3900146484375,434.8299865722656,430.4700012207031,430.5,1234500
2024-05-13,422.3287658691406,434.7799987792969,437.1600036621094,433.7099914550781,435.07000732421875,1269800
2024-05-14,419.7351989746094,432.1099853515625,435.4200134277344,430.1300048828125,434.5,1288100
2024-05-15,418.4822082519531,430.82000732421875,435.3599853515625,429.5299987792969,434.2799987792969,1745200
2024-05-16,417.38458251953125,429.69000244140625,432.6300048828125,427.8500061035156,431.7300109863281,1839700
2024-05-17,420.133544921875,432.5199890136719,433.4700012207031,429.79998779296875,430.30999755859375,1150700
2024-05-20,420.220947265625,432.6099853515625,432.9800109863281,431.0299987792969,432.7300109863281,1499200
2024-05-21,422.58135986328125,435.0400085449219,437.1700134277344,431.4800109863281,431.4800109863281,1228300
2024-05-22,422.3385009765625,434.7900085449219,436.7900085449219,432.29998779296875,435.19000244140625,1655000
2024-05-23,419.9197998046875,432.29998779296875,436.9599914550781,431.67999267578125,435.94000244140625,1674800
2024-05-24,423.09613037109375,435.57000732421875,437.5199890136719,432.9700012207031,433.2799987792969,1157400
2024-05-28,417.6080017089844,429.9200134277344,433.30999755859375,427.1400146484375,430.989990234375,1696500
2024-05-29,413.9750671386719,426.17999267578125,428.3599853515625,423.8500061035156,425.5799865722656,1465600
2024-05-30,417.7925109863281,430.1099853515625,430.5299987792969,425.25,425.8500061035156,1375900
2024-05-31,423.04754638671875,435.5199890136719,435.989990234375,427.5299987792969,430.1099853515625,3621600
2024-06-03,421.89166259765625,434.3299865722656,436.5799865722656,430.05999755859375,434.1400146484375,1809000
2024-06-04,420.1376037597656,431.1400146484375,434.1000061035156,428.6300048828125,431.30999755859375,2157400
2024-06-05,423.97705078125,435.0799865722656,435.55999755859375,429.3299865722656,431.739990234375,2116800
2024-06-06,422.7784729003906,433.8500061035156,436.0199890136719,431.9599914550781,436.0199890136719,1282600
2024-06-07,422.63232421875,433.70001220703125,438.19000244140625,431.5899963378906,434.010009765625,1492000
2024-06-10,420.9756774902344,432.0,434.1000061035156,431.20001220703125,432.7300109863281,1406100
2024-06-11,424.36688232421875,435.4800109863281,435.7799987792969,426.6000061035156,427.8399963378906,1582400
2024-06-12,423.09033203125,434.1700134277344,440.5199890136719,433.9100036621094,437.6000061035156,1914800
2024-06-13,428.57659912109375,439.79998779296875,440.8500061035156,430.3699951171875,431.0,1650000
2024-06-14,425.79937744140625,436.95001220703125,438.1600036621094,434.1099853515625,437.42999267578125,1396100
2024-06-17,429.3854675292969,440.6300048828125,443.2799987792969,435.010009765625,436.3599853515625,1939000
2024-06-18,428.791015625,440.0199890136719,440.75,435.2300109863281,439.6099853515625,1384500
2024-06-20,431.3344421386719,442.6300048828125,445.2200012207031,438.4800109863281,439.0799865722656,1626100
2024-06-21,431.4513854980469,442.75,443.9800109863281,440.0,443.3999938964844,4042800
2024-06-24,431.8313903808594,443.1400146484375,446.4800109863281,442.1400146484375,444.739990234375,1440900
2024-06-25,429.91168212890625,441.1700134277344,445.07000732421875,440.3299865722656,443.9800109863281,1385500
2024-06-26,427.2319030761719,438.4200134277344,440.6700134277344,436.3500061035156,439.7799987792969,1634400
2024-06-27,428.98590087890625,440.2200012207031,441.5299987792969,437.54998779296875,440.6700134277344,1236500
2024-06-28,427.6118469238281,438.80999755859375,442.260009765625,438.1199951171875,440.1199951171875,2470200
2024-07-01,417.9937438964844,428.94000244140625,440.7799987792969,425.3999938964844,439.1499938964844,2462900
2024-07-02,419.11444091796875,430.0899963378906,430.5,424.6300048828125,428.0,1886400
2024-07-03,421.8916931152344,432.94000244140625,433.6700134277344,429.5,429.6199951171875,865100
2024-07-05,424.6007385253906,435.7200012207031,435.95001220703125,429.20001220703125,432.4100036621094,1499400
2024-07-08,424.6202392578125,435.739990234375,437.92999267578125,434.32000732421875,436.6300048828125,1502200
2024-07-09,420.1961364746094,431.20001220703125,435.6000061035156,430.75,434.20001220703125,1052100
2024-07-10,423.8504333496094,434.95001220703125,436.04998779296875,430.30999755859375,433.1099853515625,1554000
2024-07-11,423.79193115234375,434.8900146484375,438.1199951171875,433.6000061035156,435.1000061035156,1368400
2024-07-12,429.4537048339844,440.70001220703125,444.42999267578125,436.6499938964844,437.5899963378906,1843900
2024-07-15,426.9979553222656,438.17999267578125,441.1400146484375,437.5299987792969,440.70001220703125,1271500
2024-07-16,434.3553161621094,445.7300109863281,448.0,438.05999755859375,438.05999755859375,1173300
2024-07-17,437.824462890625,449.2900085449219,451.760009765625,446.7300109863281,447.1000061035156,1896500
2024-07-18,434.65740966796875,446.0400085449219,451.3599853515625,445.5400085449219,445.5400085449219,1458700
2024-07-19,433.40032958984375,444.75,445.6000061035156,441.9200134277344,445.3699951171875,1503800
2024-07-22,434.71588134765625,446.1000061035156,448.7099914550781,444.45001220703125,447.8800048828125,1096700
2024-07-23,435.992431640625,447.4100036621094,448.6199951171875,445.010009765625,447.8900146484375,1060700
2024-07-24,432.4355773925781,443.760009765625,449.57000732421875,442.6300048828125,448.4700012207031,1700700
2024-07-25,431.72418212890625,443.0299987792969,448.3999938964844,441.9800109863281,444.9800109863281,1777300
2024-07-26,439.87091064453125,451.3900146484375,452.75,443.4599914550781,444.1199951171875,1307400
2024-07-29,438.4773864746094,449.9599914550781,453.2200012207031,449.05999755859375,451.4700012207031,1015200
2024-07-30,439.34466552734375,450.8500061035156,456.7300109863281,450.6400146484375,452.57000732421875,1755600
2024-07-31,441.9270324707031,453.5,458.17999267578125,452.5199890136719,453.57000732421875,1874000
2024-08-01,441.77105712890625,453.3399963378906,459.4700012207031,449.9100036621094,456.07000732421875,2244000
2024-08-02,442.41424560546875,454.0,457.7900085449219,443.7099914550781,449.6099853515625,2714600
2024-08-05,432.1822204589844,443.5,455.6700134277344,441.2300109863281,453.989990234375,2281700
2024-08-06,434.287109375,445.6600036621094,451.2200012207031,443.6000061035156,444.07000732421875,1598200
2024-08-07,430.58404541015625,441.8599853515625,451.0,441.32000732421875,449.32000732421875,1619300
2024-08-08,436.119140625,447.5400085449219,447.8399963378906,440.92999267578125,442.2300109863281,1491300
2024-08-09,435.6123962402344,447.0199890136719,448.1600036621094,442.1600036621094,446.9800109863281,1108500
2024-08-12,435.3784484863281,446.7799987792969,448.3999938964844,445.1000061035156,447.0199890136719,853000
2024-08-13,438.2239990234375,449.70001220703125,450.2699890136719,445.75,448.510009765625,1174800
2024-08-14,439.66619873046875,451.17999267578125,451.989990234375,449.1499938964844,451.6600036621094,906700
2024-08-15,444.4996643066406,456.1400146484375,456.7799987792969,451.3900146484375,452.04998779296875,1105000
2024-08-16,445.16229248046875,456.82000732421875,457.3999938964844,452.30999755859375,456.1400146484375,1115400
2024-08-19,446.8773498535156,458.5799865722656,458.75,456.1600036621094,457.2099914550781,1013700
2024-08-20,446.3804626464844,458.07000732421875,460.9700012207031,456.5899963378906,458.6199951171875,1115600
2024-08-21,449.9664611816406,461.75,462.1300048828125,458.3900146484375,459.95001220703125,853700
2024-08-22,449.927490234375,461.7099914550781,464.6600036621094,459.9100036621094,461.8399963378906,1179100
2024-08-23,453.85467529296875,465.739990234375,466.44000244140625,461.5400085449219,464.5,1308000
2024-08-26,456.5052490234375,468.4599914550781,469.760009765625,465.07000732421875,465.6400146484375,1216200
2024-08-27,460.2862243652344,472.3399963378906,472.7900085449219,468.6199951171875,472.7099914550781,1293400
2024-08-28,460.7734375,472.8399963378906,475.6400146484375,470.8699951171875,472.8399963378906,1327200
2024-08-29,460.66632080078125,472.7300109863281,476.5799865722656,470.32000732421875,473.7300109863281,944700
2024-08-30,466.0453796386719,478.25,479.7900085449219,471.4700012207031,475.0400085449219,1385600
2024-09-03,461.95257568359375,474.04998779296875,478.6199951171875,472.8800048828125,473.94000244140625,2104000
2024-09-04,461.4346008300781,472.1300048828125,477.5799865722656,471.57000732421875,476.2099914550781,1310300
2024-09-05,454.9743347167969,465.5199890136719,471.4700012207031,463.0899963378906,470.3399963378906,1882200
2024-09-06,446.50079345703125,456.8500061035156,467.6700134277344,456.1700134277344,464.3500061035156,2012100
2024-09-09,452.5896301269531,463.0799865722656,465.5299987792969,459.5199890136719,460.07000732421875,2076200
2024-09-10,453.2151184082031,463.7200012207031,465.6300048828125,460.8399963378906,461.9700012207031,1247100
2024-09-11,454.5736083984375,465.1099853515625,465.8500061035156,453.5,463.8800048828125,1585400
2024-09-12,456.7531433105469,467.3399963378906,467.44000244140625,462.4100036621094,466.42999267578125,1916900
2024-09-13,458.1898193359375,468.80999755859375,471.7799987792969,465.0,465.510009765625,1162700
2024-09-16,464.151611328125,474.9100036621094,475.489990234375,470.3900146484375,474.42999267578125,1307200
2024-09-17,460.9752502441406,471.6600036621094,476.9800109863281,470.510009765625,475.5199890136719,1357100
2024-09-18,456.4501037597656,467.0299987792969,471.6600036621094,464.7300109863281,471.6600036621094,1149900
2024-09-19,458.5416564941406,469.1700134277344,473.1499938964844,468.6099853515625,472.79998779296875,1897200
2024-09-20,461.2196044921875,471.9100036621094,472.1099853515625,466.75,469.5,3672700
2024-09-23,466.546142578125,477.3599853515625,479.19000244140625,472.1000061035156,474.70001220703125,1148400
2024-09-24,468.49102783203125,479.3500061035156,480.760009765625,475.489990234375,478.95001220703125,1588600
2024-09-25,466.20404052734375,477.010009765625,481.6000061035156,475.70001220703125,481.0,1283800
2024-09-26,470.7682800292969,481.67999267578125,482.1099853515625,476.5,479.0,1092800
2024-09-27,468.6474304199219,479.510009765625,483.3599853515625,479.2799987792969,479.70001220703125,1252500
2024-09-30,466.0574035644531,476.8599853515625,479.5899963378906,474.1499938964844,479.30999755859375,1532600
2024-10-01,464.2591247558594,475.0199890136719,477.8599853515625,473.8900146484375,476.9599914550781,1342100
2024-10-02,465.060546875,475.8399963378906,477.44000244140625,472.6600036621094,474.05999755859375,1024600
2024-10-03,459.10845947265625,469.75,472.75,468.1499938964844,471.9599914550781,1072300
2024-10-04,457.5740966796875,468.17999267578125,470.8299865722656,464.8800048828125,470.1600036621094,2131000
2024-10-07,452.7459716796875,463.239990234375,466.3399963378906,460.7699890136719,464.45001220703125,2019600
2024-10-08,458.8055419921875,469.44000244140625,470.05999755859375,465.1099853515625,465.510009765625,1272300
2024-10-09,458.9326477050781,469.57000732421875,470.6400146484375,467.0299987792969,467.5,1245500
2024-10-10,458.7859802246094,469.4200134277344,472.6300048828125,467.739990234375,471.9100036621094,1249500
2024-10-11,463.3013610839844,474.0400085449219,474.6099853515625,470.8399963378906,472.1000061035156,1105300
2024-10-14,466.7611389160156,477.5799865722656,478.1499938964844,473.4200134277344,474.3800048828125,1076800
2024-10-15,469.82025146484375,480.7099914550781,483.3500061035156,477.20001220703125,477.5799865722656,1477100
2024-10-16,473.0161437988281,483.9800109863281,485.32000732421875,478.32000732421875,478.5199890136719,1210100
2024-10-17,475.049072265625,486.05999755859375,487.489990234375,484.3800048828125,486.9200134277344,1051700
2024-10-18,475.4302673339844,486.45001220703125,487.2799987792969,481.510009765625,483.1400146484375,1255200
2024-10-21,472.4101867675781,483.3599853515625,485.489990234375,481.05999755859375,484.95001220703125,1065700
2024-10-22,471.03216552734375,481.95001220703125,482.4800109863281,478.0,481.7799987792969,1429700
2024-10-23,466.6145324707031,477.42999267578125,482.239990234375,476.8599853515625,479.1700134277344,1541400
2024-10-24,463.7117919921875,474.4599914550781,478.42999267578125,471.6199951171875,478.3500061035156,994300
2024-10-25,463.0277099609375,473.760009765625,478.6499938964844,472.92999267578125,475.1199951171875,2458400
2024-10-28,465.2169189453125,476.0,478.0,473.7099914550781,475.80999755859375,1440400
2024-10-29,463.90728759765625,474.6600036621094,476.32000732421875,472.75,474.6499938964844,2056600
2024-10-30,462.67584228515625,473.3999938964844,475.0,472.3399963378906,473.2699890136719,1794300
2024-10-31,445.816650390625,456.1499938964844,463.0,454.4700012207031,454.95001220703125,3615600
2024-11-01,446.9502868652344,457.30999755859375,459.3299865722656,453.5,456.510009765625,2347400
2024-11-04,447.93743896484375,458.32000732421875,461.79998779296875,456.2900085449219,457.9800109863281,1616100
2024-11-05,444.58514404296875,454.8900146484375,460.8599853515625,454.1700134277344,458.32000732421875,1749000
2024-11-06,452.14984130859375,462.6300048828125,465.69000244140625,458.32000732421875,463.82000732421875,2626900
2024-11-07,454.92547607421875,465.4700012207031,467.9800109863281,463.5899963378906,465.0,1925500
2024-11-08,449.0711669921875,459.4800109863281,465.6199951171875,459.2099914550781,465.3299865722656,1496700
2024-11-11,446.1000061035156,456.44000244140625,462.3900146484375,455.3500061035156,459.4800109863281,1981200
2024-11-12,445.269287109375,455.5899963378906,460.2900085449219,453.5799865722656,458.2699890136719,1749000
2024-11-13,445.9045104980469,456.239990234375,457.5400085449219,450.8599853515625,453.8399963378906,1538400
2024-11-14,443.2168884277344,453.489990234375,457.8699951171875,453.1000061035156,455.6499938964844,1666700
2024-11-15,438.92633056640625,449.1000061035156,451.69000244140625,446.8999938964844,451.07000732421875,2414000
2024-11-18,438.4083251953125,448.57000732421875,449.260009765625,445.2900085449219,446.5299987792969,1750700
2024-11-19,434.00048828125,444.05999755859375,444.6700134277344,439.760009765625,443.79998779296875,2084600
2024-11-20,439.9427795410156,450.1400146484375,450.8999938964844,441.5299987792969,443.739990234375,1928700
2024-11-21,444.7611083984375,455.07000732421875,455.1400146484375,449.6099853515625,451.8500061035156,2072800
2024-11-22,444.4776306152344,454.7799987792969,457.20001220703125,453.54998779296875,453.8399963378906,1864800
2024-11-25,445.3670349121094,455.69000244140625,457.0,453.0199890136719,454.5799865722656,3835600
2024-11-26,446.2564392089844,456.6000061035156,456.6600036621094,451.2799987792969,453.4700012207031,2600000
2024-11-27,446.7646789550781,457.1199951171875,459.6000061035156,456.67999267578125,456.67999267578125,2069100
2024-11-29,450.5469055175781,460.989990234375,461.6600036621094,456.0899963378906,456.989990234375,1351500
2024-12-02,449.2763977050781,459.69000244140625,461.0400085449219,456.45001220703125,460.989990234375,1801800
2024-12-03,449.0999450683594,458.1199951171875,461.8999938964844,456.5799865722656,461.8999938964844,1868300
2024-12-04,450.40380859375,459.45001220703125,461.4100036621094,455.30999755859375,456.2799987792969,2188300
2024-12-05,439.7477722167969,448.5799865722656,457.6499938964844,448.010009765625,457.260009765625,2303200
2024-12-06,440.59088134765625,449.44000244140625,450.8599853515625,446.95001220703125,448.04998779296875,2191300
2024-12-09,433.86590576171875,442.5799865722656,450.79998779296875,441.92999267578125,447.8999938964844,2833900
2024-12-10,436.0520324707031,444.80999755859375,446.3800048828125,437.25,444.80999755859375,2326100
2024-12-11,431.8563232421875,440.5299987792969,445.6499938964844,440.1600036621094,443.2900085449219,1612500
2024-12-12,429.86627197265625,438.5,442.3800048828125,437.8999938964844,439.94000244140625,1719300
2024-12-13,426.7292785644531,435.29998779296875,437.79998779296875,432.760009765625,437.6099853515625,2254200
2024-12-16,419.8670959472656,428.29998779296875,435.7300109863281,427.4100036621094,435.7200012207031,3691400
2024-12-17,421.729736328125,430.20001220703125,433.19000244140625,425.94000244140625,428.239990234375,3320200
2024-12-18,413.955810546875,422.2699890136719,431.29998779296875,422.04998779296875,428.9200134277344,3271900
2024-12-19,411.32861328125,419.5899963378906,425.57000732421875,419.0299987792969,422.1000061035156,3292000
2024-12-20,415.9556579589844,424.30999755859375,425.3399963378906,418.2699890136719,419.2300109863281,6680900
2024-12-23,414.0146179199219,422.3299865722656,425.6600036621094,417.67999267578125,422.42999267578125,2084300
2024-12-24,417.38690185546875,425.7699890136719,426.05999755859375,420.5799865722656,422.17999267578125,824200
2024-12-26,415.9654846191406,424.32000732421875,426.6000061035156,422.9100036621094,424.1199951171875,991500
2024-12-27,414.65185546875,422.9800109863281,425.9599914550781,421.5400085449219,423.2099914550781,1444900
2024-12-30,409.4366149902344,417.6600036621094,420.260009765625,415.4100036621094,419.17999267578125,1608000
2024-12-31,410.4267272949219,418.6700134277344,420.1099853515625,415.75,418.6099853515625,1386700
2025-01-02,406.0152893066406,414.1700134277344,422.7200012207031,413.7699890136719,420.75,2110900
2025-01-03,405.3584899902344,413.5,417.989990234375,413.1000061035156,416.1499938964844,1995900
2025-01-06,404.7801208496094,412.9100036621094,418.3800048828125,412.1199951171875,415.42999267578125,2630600
2025-01-07,406.7799377441406,414.95001220703125,419.0,410.69000244140625,412.0299987792969,3209100
2025-01-08,411.7403259277344,420.010009765625,420.4200134277344,414.20001220703125,416.739990234375,2252300
2025-01-10,405.99566650390625,414.1499938964844,417.8900146484375,411.7200012207031,415.6099853515625,2642600
2025-01-13,413.13238525390625,421.42999267578125,422.67999267578125,413.70001220703125,415.7900085449219,2824500
2025-01-14,418.8769836425781,427.2900085449219,427.80999755859375,420.7200012207031,422.2799987792969,2344300
2025-01-15,419.5534362792969,427.9800109863281,433.9200134277344,426.4100036621094,433.2200012207031,2202300
2025-01-16,423.974609375,432.489990234375,432.75,427.6499938964844,427.9200134277344,1511600
2025-01-17,427.4154968261719,436.0,440.0,433.5299987792969,440.0,2412200
2025-01-21,433.748291015625,442.4599914550781,444.07000732421875,439.44000244140625,439.6700134277344,2281900
2025-01-22,433.8855285644531,442.6000061035156,448.69000244140625,442.4700012207031,445.6700134277344,2643900
2025-01-23,432.150390625,440.8299865722656,443.1400146484375,440.42999267578125,442.7200012207031,1811300
2025-01-24,430.60150146484375,439.25,443.3699951171875,439.0400085449219,442.8699951171875,1547800
2025-01-27,430.83673095703125,439.489990234375,441.3999938964844,434.989990234375,438.3399963378906,2833400
2025-01-28,426.9351501464844,435.510009765625,440.4100036621094,435.239990234375,440.0,2158400
2025-01-29,429.6898193359375,438.32000732421875,439.0199890136719,434.489990234375,435.2200012207031,2631100
2025-01-30,437.5911560058594,446.3800048828125,449.6700134277344,439.0,439.0,2545900
2025-01-31,437.33624267578125,446.1199951171875,448.1700134277344,438.6400146484375,444.4200134277344,2816500
2025-02-03,445.26690673828125,454.2099914550781,454.80999755859375,440.4599914550781,445.0299987792969,2701200
2025-02-04,445.8453369140625,454.79998779296875,458.8299865722656,452.8299865722656,455.94000244140625,2503800
2025-02-05,444.7669982910156,453.70001220703125,455.07000732421875,450.9100036621094,453.3999938964844,2696500
2025-02-06,451.60955810546875,460.67999267578125,461.510009765625,450.0,450.0299987792969,2423300
2025-02-07,446.09039306640625,455.04998779296875,458.1600036621094,452.5,456.5400085449219,1668100
2025-02-10,451.7860412597656,460.8599853515625,461.1199951171875,453.3999938964844,454.82000732421875,1876700
2025-02-11,451.6683654785156,460.739990234375,462.5400085449219,459.32000732421875,460.25,1587700
2025-02-12,449.5312805175781,458.55999755859375,460.1400146484375,454.54998779296875,457.32000732421875,1695200
2025-02-13,451.9722595214844,461.04998779296875,462.6000061035156,457.3800048828125,457.55999755859375,2265300
2025-02-14,448.0019836425781,457.0,464.1000061035156,456.70001220703125,461.04998779296875,1705500
2025-02-18,456.6581726074219,465.8299865722656,466.0299987792969,450.04998779296875,454.8699951171875,2808500
2025-02-19,452.97222900390625,462.07000732421875,465.6400146484375,460.1199951171875,460.82000732421875,1883800
2025-02-20,452.8055419921875,461.8999938964844,462.1300048828125,458.3999938964844,459.70001220703125,1335400
2025-02-21,448.9823303222656,458.0,465.1700134277344,457.5199890136719,463.5799865722656,1939600
2025-02-24,449.50189208984375,458.5299987792969,464.20001220703125,456.0199890136719,459.010009765625,2108300
2025-02-25,458.28546142578125,467.489990234375,468.989990234375,459.2900085449219,459.2900085449219,2342100
2025-02-26,452.46240234375,461.54998779296875,467.510009765625,461.2699890136719,466.3599853515625,1576100
2025-02-27,451.2174377441406,460.2799987792969,468.2300109863281,459.8800048828125,463.5400085449219,2071000
2025-02-28,457.8541564941406,467.04998779296875,468.3399963378906,460.6300048828125,465.07000732421875,2332900
2025-03-03,453.1486511230469,462.25,472.2300109863281,460.9800109863281,469.1000061035156,3072900
2025-03-04,452.2663879394531,461.3500061035156,469.2799987792969,459.8800048828125,468.6000061035156,5027000
2025-03-05,459.0305480957031,468.25,470.4200134277344,460.54998779296875,461.92999267578125,2385700
2025-03-06,456.981689453125,466.1600036621094,470.1499938964844,463.3500061035156,466.69000244140625,3712100
2025-03-07,459.5402526855469,468.7699890136719,470.0,463.4200134277344,466.1700134277344,1824000
2025-03-10,452.96240234375,462.05999755859375,471.17999267578125,458.0199890136719,465.989990234375,3129200
2025-03-11,445.12969970703125,454.07000732421875,461.8999938964844,451.1199951171875,461.6499938964844,2845700
2025-03-12,442.2867736816406,451.1700134277344,454.95001220703125,448.82000732421875,453.30999755859375,2652600
2025-03-13,445.81787109375,453.260009765625,455.3500061035156,447.5,449.44000244140625,2213400
2025-03-14,448.0210876464844,455.5,458.0,452.8500061035156,454.55999755859375,1911900
2025-03-17,452.7520751953125,460.30999755859375,462.2799987792969,452.3399963378906,452.3399963378906,1890200
2025-03-18,453.1455383300781,460.7099914550781,464.79998779296875,457.7300109863281,464.1099853515625,2023000
2025-03-19,452.2013244628906,459.75,461.57000732421875,454.8999938964844,459.0,4051400
2025-03-20,450.2341613769531,457.75,460.010009765625,455.2300109863281,456.1099853515625,2298100
2025-03-21,450.8045959472656,458.3299865722656,458.6300048828125,449.3800048828125,453.739990234375,4969900
2025-03-24,451.5520935058594,459.0899963378906,461.8999938964844,455.0199890136719,457.1199951171875,2049500
2025-03-25,449.9390869140625,457.45001220703125,458.989990234375,454.9800109863281,458.94000244140625,2002500
2025-03-26,453.8537292480469,461.42999267578125,463.1000061035156,456.9800109863281,457.45001220703125,1597900
2025-03-27,457.09954833984375,464.7300109863281,466.6499938964844,459.42999267578125,461.989990234375,1493300
2025-03-28,451.57177734375,459.1099853515625,466.6000061035156,458.7900085449219,466.5299987792969,1334700
2025-03-31,457.9945983886719,465.6400146484375,468.0400085449219,458.4100036621094,458.8699951171875,2373300
2025-04-01,459.4207763671875,467.0899963378906,467.510009765625,460.7799987792969,462.0,1544600
2025-04-02,462.0272521972656,469.739990234375,470.30999755859375,462.3999938964844,462.8999938964844,1527700
2025-04-03,459.5486145019531,467.2200012207031,472.010009765625,464.989990234375,466.55999755859375,2445200
2025-04-04,430.76910400390625,437.9599914550781,470.0,437.1199951171875,464.3599853515625,4430700
2025-04-07,418.86773681640625,425.8599853515625,441.55999755859375,417.8299865722656,429.0899963378906,4159300
2025-04-08,406.54345703125,413.3299865722656,433.05999755859375,408.6499938964844,430.760009765625,3780800
2025-04-09,438.6475830078125,445.9700012207031,448.3299865722656,412.9700012207031,414.1600036621094,4103300
2025-04-10,424.7889099121094,431.8800048828125,444.5299987792969,427.1000061035156,440.3699951171875,4239000
2025-04-11,434.5755310058594,441.8299865722656,449.6300048828125,432.7099914550781,437.32000732421875,3343000
2025-04-14,438.70660400390625,446.0299987792969,448.1300048828125,441.75,443.0899963378906,1897800
2025-04-15,443.5654602050781,450.9700012207031,454.510009765625,447.94000244140625,449.3699951171875,2321000
2025-04-16,440.6343688964844,447.989990234375,454.8299865722656,445.25,450.510009765625,1828900
2025-04-17,444.69659423828125,452.1199951171875,455.1600036621094,449.69000244140625,451.3599853515625,1730200
2025-04-21,436.5623779296875,443.8500061035156,452.4700012207031,440.2699890136719,450.5400085449219,1303400
2025-04-22,447.14569091796875,454.6099853515625,455.260009765625,447.3500061035156,448.2900085449219,1458600
2025-04-23,440.85076904296875,448.2099914550781,457.80999755859375,445.5,454.3900146484375,1973400
2025-04-24,442.14910888671875,449.5299987792969,451.1300048828125,442.07000732421875,447.0799865722656,2114500
2025-04-25,441.03765869140625,448.3999938964844,449.3500061035156,443.1000061035156,447.9200134277344,1866600
2025-04-28,440.64422607421875,448.0,450.8900146484375,444.1700134277344,448.6499938964844,1644900
2025-04-29,443.1818542480469,450.5799865722656,452.3500061035156,446.7699890136719,448.8399963378906,1214000
2025-04-30,445.7883605957031,453.2300109863281,455.2699890136719,444.9200134277344,449.3699951171875,2670400
2025-05-01,440.69342041015625,448.04998779296875,450.6099853515625,433.1499938964844,437.44000244140625,2540400
2025-05-02,447.4801330566406,454.95001220703125,457.1400146484375,452.1099853515625,453.70001220703125,1548600
2025-05-05,445.0605163574219,452.489990234375,455.489990234375,450.1400146484375,453.0,1462100
2025-05-06,439.7098388671875,447.04998779296875,453.5299987792969,446.239990234375,452.8599853515625,1441300
2025-05-07,442.2769775390625,449.6600036621094,454.2200012207031,444.8999938964844,447.9700012207031,1573900
2025-05-08,445.7883605957031,453.2300109863281,458.0,449.5299987792969,449.92999267578125,1626400
2025-05-09,445.2276916503906,452.6600036621094,455.0299987792969,450.55999755859375,455.0299987792969,1058900
2025-05-12,446.95880126953125,454.4200134277344,458.0,452.3699951171875,456.4700012207031,1944900
2025-05-13,443.2704162597656,450.6700134277344,455.9599914550781,450.0899963378906,454.29998779296875,1666300
2025-05-14,438.6475830078125,445.9700012207031,448.6700134277344,439.57000732421875,447.2300109863281,1941300
2025-05-15,446.7620849609375,454.2200012207031,455.0,445.9700012207031,445.9700012207031,2279500
2025-05-16,450.2538146972656,457.7699890136719,458.3599853515625,451.9599914550781,455.760009765625,1850500
2025-05-19,452.7717590332031,460.3299865722656,461.6499938964844,455.29998779296875,457.7699890136719,1640500
2025-05-20,452.2996826171875,459.8500061035156,461.7099914550781,457.8599853515625,461.3599853515625,1329700
2025-05-21,448.0210876464844,455.5,459.0899963378906,453.7900085449219,456.7200012207031,1867600
2025-05-22,451.4635925292969,459.0,459.1099853515625,453.6300048828125,456.0799865722656,1654400
2025-05-23,451.3652648925781,458.8999938964844,460.4700012207031,453.57000732421875,453.57000732421875,1627000
2025-05-27,460.26666259765625,467.95001220703125,468.1300048828125,462.510009765625,463.260009765625,3330800
2025-05-28,454.916015625,462.510009765625,467.04998779296875,462.1000061035156,466.1099853515625,2692900
2025-05-29,456.4601745605469,464.0799865722656,464.9599914550781,461.1400146484375,463.95001220703125,1306800
2025-05-30,459.9027099609375,467.5799865722656,469.1000061035156,460.6199951171875,466.54998779296875,4344700
2025-06-02,456.9421691894531,464.57000732421875,466.3500061035156,461.32000732421875,465.1700134277344,1865400
2025-06-03,464.0731506347656,471.82000732421875,472.2799987792969,462.0,462.30999755859375,2606600
2025-06-04,467.4772644042969,473.7699890136719,475.4800109863281,468.9700012207031,471.1400146484375,2092600
2025-06-05,464.0139465332031,470.260009765625,474.8800048828125,469.3299865722656,474.0,1679000
2025-06-06,466.431396484375,472.7099914550781,475.2300109863281,471.25,473.3999938964844,1352700
2025-06-09,465.8985900878906,472.1700134277344,475.94000244140625,468.1000061035156,472.1700134277344,1616000
2025-06-10,469.2434997558594,475.55999755859375,476.0,471.739990234375,472.3900146484375,1859600
2025-06-11,462.3167724609375,468.5400085449219,474.5400085449219,467.3900146484375,473.75,2734200
2025-06-12,464.2803039550781,470.5299987792969,472.1499938964844,466.4599914550781,468.4200134277344,1572800
2025-06-13,459.7908020019531,465.9800109863281,472.8900146484375,465.1300048828125,470.6400146484375,1415800
2025-06-16,460.4025573730469,466.6000061035156,469.55999755859375,464.8800048828125,466.80999755859375,1586500
2025-06-17,454.77825927734375,460.8999938964844,465.57000732421875,460.20001220703125,465.07000732421875,1272700
2025-06-18,452.60748291015625,458.70001220703125,462.42999267578125,458.2699890136719,460.8999938964844,1223200
2025-06-20,449.8052062988281,455.8599853515625,463.239990234375,455.3800048828125,462.489990234375,4365000
2025-06-23,453.6435546875,459.75,460.05999755859375,452.95001220703125,457.30999755859375,1611000
2025-06-24,457.00823974609375,463.1600036621094,463.92999267578125,458.8900146484375,460.8699951171875,1470600
2025-06-25,454.0875549316406,460.20001220703125,463.82000732421875,459.7300109863281,461.7300109863281,1608900
2025-06-26,458.29095458984375,464.4599914550781,466.44000244140625,458.510009765625,460.82000732421875,1983000
2025-06-27,457.6298828125,463.7900085449219,467.3699951171875,461.8500061035156,464.5400085449219,2643200
2025-06-30,462.9482727050781,469.17999267578125,470.0400085449219,463.54998779296875,466.20001220703125,1856200
2025-07-01,470.4176940917969,476.75,477.8399963378906,468.9700012207031,469.7900085449219,1856300
2025-07-02,470.8321533203125,477.1700134277344,478.7200012207031,474.44000244140625,476.0299987792969,1423100
2025-07-03,469.26324462890625,475.5799865722656,477.2099914550781,474.0,476.6199951171875,952700
2025-07-07,463.3528137207031,469.5899963378906,473.70001220703125,467.7900085449219,472.3699951171875,2099500
2025-07-08,463.70806884765625,469.95001220703125,471.7900085449219,467.5299987792969,468.3800048828125,1627200
2025-07-09,465.010498046875,471.2699890136719,476.4599914550781,467.55999755859375,472.4100036621094,1522500
2025-07-10,464.0928649902344,470.3399963378906,472.2200012207031,469.04998779296875,472.0400085449219,2238500
2025-07-11,462.58319091796875,468.80999755859375,469.6199951171875,464.4800109863281,469.010009765625,1326400
2025-07-14,462.5535888671875,468.7799987792969,470.0,466.29998779296875,468.42999267578125,1133000
2025-07-15,454.4427490234375,460.55999755859375,469.260009765625,460.07000732421875,468.1700134277344,1263700
2025-07-16,453.5645751953125,459.6700134277344,462.5400085449219,456.0,460.5,1438000
2025-07-17,455.1630554199219,461.2900085449219,462.1199951171875,457.07000732421875,458.8500061035156,1515000
2025-07-18,458.8336486816406,465.010009765625,465.4700012207031,461.0299987792969,463.8900146484375,2267600
2025-07-21,464.181640625,470.42999267578125,476.2300109863281,464.2200012207031,465.010009765625,1797700
2025-07-22,465.75054931640625,472.0199890136719,476.3800048828125,468.9100036621094,470.42999267578125,1405300
2025-07-23,463.74749755859375,469.989990234375,474.20001220703125,469.70001220703125,473.4700012207031,1193900
2025-07-24,465.2275695800781,471.489990234375,472.1600036621094,462.44000244140625,466.6400146484375,1383200
2025-07-25,466.6090087890625,472.8900146484375,473.6600036621094,468.57000732421875,472.44000244140625,1212100
2025-07-28,461.2510986328125,467.4599914550781,471.3500061035156,466.010009765625,468.75,1283700
2025-07-29,465.247314453125,471.510009765625,471.6700134277344,467.25,469.8999938964844,1386100
2025-07-30,460.0374450683594,466.2300109863281,472.3399963378906,465.260009765625,471.3999938964844,1301600
2025-07-31,454.1467590332031,460.260009765625,467.6000061035156,458.4100036621094,458.4100036621094,2228600
2025-08-01,453.30804443359375,459.4100036621094,462.510009765625,449.32000732421875,458.3299865722656,2219300
2025-08-04,461.1919250488281,467.3999938964844,468.489990234375,459.8599853515625,459.8599853515625,1684900
2025-08-05,463.5994873046875,469.8399963378906,471.0400085449219,465.9700012207031,467.94000244140625,1691000
2025-08-06,465.2177429199219,471.4800109863281,473.3800048828125,467.95001220703125,471.7699890136719,1275900
2025-08-07,463.1949157714844,469.42999267578125,475.7900085449219,467.489990234375,473.3299865722656,1090400
2025-08-08,466.1452331542969,472.4200134277344,473.3900146484375,468.69000244140625,469.0,939300
2025-08-11,464.1323547363281,470.3800048828125,473.42999267578125,466.1300048828125,471.1000061035156,1069200
2025-08-12,466.9444885253906,473.2300109863281,474.4800109863281,469.94000244140625,470.5,1347700
2025-08-13,469.3126220703125,475.6300048828125,476.1499938964844,468.5,474.57000732421875,1797800
2025-08-14,471.28607177734375,477.6300048828125,478.6000061035156,472.6199951171875,475.7099914550781,1545400
2025-08-15,473.7034912109375,480.0799865722656,482.6700134277344,478.5799865722656,480.8800048828125,1951300
2025-08-18,472.15435791015625,478.510009765625,481.04998779296875,477.1600036621094,480.42999267578125,1218100
2025-08-19,473.5456237792969,479.9200134277344,482.82000732421875,476.54998779296875,478.4700012207031,1512400
2025-08-20,475.95318603515625,482.3599853515625,486.3800048828125,480.5,482.7900085449219,1160900
2025-08-21,474.32513427734375,480.7099914550781,482.9100036621094,480.04998779296875,481.3999938964844,1263500
2025-08-22,475.27239990234375,481.6700134277344,485.7300109863281,479.69000244140625,484.05999755859375,1782500
2025-08-25,471.50311279296875,477.8500061035156,484.0,476.67999267578125,481.9200134277344,1151800
2025-08-26,475.5190734863281,481.9200134277344,482.0899963378906,475.010009765625,476.2900085449219,1699500
2025-08-27,476.298583984375,482.7099914550781,483.82000732421875,479.3800048828125,480.1600036621094,2259600
2025-08-28,475.7460021972656,482.1499938964844,483.010009765625,479.1300048828125,482.55999755859375,2579200
2025-08-29,471.9372863769531,478.2900085449219,483.32000732421875,477.0,482.17999267578125,2058200
2025-09-02,467.8423767089844,474.1400146484375,477.1700134277344,472.5,477.1700134277344,1262500
2025-09-03,465.5137023925781,471.7799987792969,474.2300109863281,470.0,471.80999755859375,1617900
2025-09-04,467.6023254394531,472.3900146484375,472.92999267578125,468.6099853515625,470.760009765625,1660600
2025-09-05,464.76141357421875,469.5199890136719,475.04998779296875,466.5899963378906,471.1499938964844,1066200
2025-09-08,469.8196716308594,474.6300048828125,475.07000732421875,466.6000061035156,469.6600036621094,1677200
2025-09-09,468.6417236328125,473.44000244140625,474.5199890136719,470.3800048828125,473.1199951171875,2966100
2025-09-10,467.9092102050781,472.70001220703125,474.92999267578125,469.489990234375,472.92999267578125,1551500
2025-09-11,478.6888427734375,483.5899963378906,484.44000244140625,472.4800109863281,472.9100036621094,1907400
2025-09-12,477.154541015625,482.0400085449219,483.9200134277344,479.1400146484375,479.1600036621094,2069700
2025-09-15,471.89837646484375,476.7300109863281,483.29998779296875,475.5199890136719,481.3800048828125,1130700
2025-09-16,466.691650390625,471.4700012207031,478.44000244140625,470.8999938964844,476.44000244140625,1470500
2025-09-17,474.99664306640625,479.8599853515625,481.3800048828125,472.010009765625,473.8999938964844,1698800
2025-09-18,471.17578125,476.0,479.94000244140625,471.29998779296875,478.8900146484375,1650900
2025-09-19,474.1552734375,479.010009765625,480.8800048828125,474.0,477.510009765625,3742100
2025-09-22,472.9179382324219,477.760009765625,478.67999267578125,474.2900085449219,476.9800109863281,1562700
2025-09-23,475.0758361816406,479.94000244140625,482.9700012207031,474.6499938964844,478.4200134277344,1462900
2025-09-24,469.32470703125,474.1300048828125,481.739990234375,473.32000732421875,479.6000061035156,1579400
2025-09-25,468.9782409667969,473.7799987792969,476.3500061035156,469.9100036621094,474.1300048828125,1536700
2025-09-26,469.6018981933594,474.4100036621094,475.1600036621094,470.7200012207031,472.7300109863281,1476400
2025-09-29,471.6607666015625,476.489990234375,476.7099914550781,471.3999938964844,474.739990234375,1859600
2025-09-30,470.1858825683594,475.0,478.7799987792969,473.2300109863281,473.70001220703125,2171200
2025-10-01,462.07891845703125,466.80999755859375,475.0799865722656,460.79998779296875,472.7799987792969,2286100
2025-10-02,464.72186279296875,469.4800109863281,470.2900085449219,462.95001220703125,463.42999267578125,1677500
2025-10-03,461.99969482421875,466.7300109863281,469.42999267578125,463.0,467.0199890136719,1250700
2025-10-06,463.8012390136719,468.54998779296875,470.57000732421875,465.1000061035156,466.7300109863281,1539000
2025-10-07,465.6028137207031,470.3699951171875,470.57000732421875,465.8900146484375,468.1000061035156,1283300
2025-10-08,463.0885314941406,467.8299865722656,471.69000244140625,467.5299987792969,470.30999755859375,1208500
2025-10-09,453.5165710449219,458.1600036621094,470.0,457.510009765625,467.8500061035156,1499900
2025-10-10,449.2205810546875,453.82000732421875,463.0400085449219,452.9200134277344,458.07000732421875,2038900
2025-10-13,452.0119934082031,456.6400146484375,459.79998779296875,455.0,456.55999755859375,1287400
2025-10-14,454.59552001953125,459.25,462.07000732421875,453.07000732421875,453.25,1664800
2025-10-15,446.8448791503906,451.4200134277344,461.5299987792969,450.7900085449219,459.0299987792969,1838000
2025-10-16,439.7376403808594,444.239990234375,452.4700012207031,440.95001220703125,452.0400085449219,3033700
2025-10-17,446.3202819824219,450.8900146484375,451.3299865722656,442.8900146484375,444.20001220703125,2365300
2025-10-20,446.98345947265625,451.55999755859375,455.239990234375,449.7099914550781,452.3599853515625,1895900
2025-10-21,445.5184326171875,450.0799865722656,452.45001220703125,448.3800048828125,450.54998779296875,1766100
2025-10-22,445.3600769042969,449.9200134277344,455.0799865722656,447.75,450.3299865722656,1856800
2025-10-23,445.5184326171875,450.0799865722656,452.6700134277344,448.6600036621094,452.5799865722656,1527000
2025-10-24,441.47979736328125,446.0,450.3999938964844,445.5899963378906,449.5400085449219,1593300
2025-10-27,440.311767578125,444.82000732421875,450.1499938964844,444.260009765625,447.6499938964844,2337600
2025-10-28,438.2330627441406,442.7200012207031,447.2200012207031,441.989990234375,445.4700012207031,2110300
2025-10-29,427.631591796875,432.010009765625,439.44000244140625,431.2200012207031,438.7900085449219,4087200
2025-10-30,425.5528869628906,429.9100036621094,435.19000244140625,428.6099853515625,432.45001220703125,3635300
2025-10-31,414.060546875,418.29998779296875,426.4100036621094,414.4700012207031,425.0,4072800
2025-11-03,408.0025939941406,412.17999267578125,422.25,409.0,422.25,4908100
2025-11-04,413.7042236328125,417.94000244140625,421.32000732421875,414.0,416.1700134277344,3483500
2025-11-05,413.99127197265625,418.2300109863281,419.7900085449219,415.0,416.2900085449219,3076400
2025-11-06,411.1107482910156,415.32000732421875,419.489990234375,413.5899963378906,416.3500061035156,3443900
2025-11-07,416.2481689453125,420.510009765625,422.82000732421875,414.0,417.0,2563300
2025-11-10,416.40655517578125,420.6700134277344,422.1700134277344,415.9200134277344,420.5199890136719,2624200
2025-11-11,422.3258972167969,426.6499938964844,428.3999938964844,421.94000244140625,425.739990234375,2477700
2025-11-12,424.61248779296875,428.9599914550781,431.55999755859375,424.8999938964844,428.0,2592700
2025-11-13,424.2958068847656,428.6400146484375,429.0,420.9200134277344,427.20001220703125,2873300
2025-11-14,419.0989990234375,423.3900146484375,430.1000061035156,423.07000732421875,428.6400146484375,2469700
2025-11-17,413.6150817871094,417.8500061035156,423.3800048828125,417.55999755859375,421.6099853515625,2249300
2025-11-18,410.5168151855469,414.7200012207031,419.3800048828125,413.6499938964844,418.7300109863281,2586700
2025-11-19,409.0122375488281,413.20001220703125,416.07000732421875,410.7300109863281,414.7300109863281,2635300
2025-11-20,404.3697814941406,408.510009765625,415.95001220703125,408.2099914550781,414.6000061035156,2723600
2025-11-21,408.556884765625,412.739990234375,416.4200134277344,406.4200134277344,407.3800048828125,3100100
2025-11-24,403.538330078125,407.6700134277344,412.4599914550781,406.7099914550781,410.239990234375,4038300
2025-11-25,403.7164611816406,407.8500061035156,412.8699951171875,406.0899963378906,411.6700134277344,3580000
2025-11-26,403.7659606933594,407.8999938964844,410.489990234375,407.0299987792969,407.5,2591500
2025-11-28,406.16143798828125,410.32000732421875,411.5799865722656,406.4700012207031,407.82000732421875,1160800
2025-12-01,403.013671875,407.1400146484375,411.57000732421875,406.7200012207031,410.0199890136719,2074800
2025-12-02,404.6469421386719,408.7900085449219,411.32000732421875,404.2699890136719,408.0,2139800
2025-12-03,406.494873046875,409.1499938964844,411.0199890136719,406.0,408.3399963378906,1957500
2025-12-04,401.1100769042969,403.7300109863281,408.7300109863281,401.92999267578125,407.6099853515625,2859800
2025-12-05,396.9770202636719,399.57000732421875,404.6099853515625,398.92999267578125,403.9599914550781,3183600
2025-12-08,386.8531799316406,389.3800048828125,399.4200134277344,387.7799987792969,398.760009765625,4569900
2025-12-09,387.8466491699219,390.3800048828125,396.8299865722656,390.1000061035156,391.2099914550781,3574700
2025-12-10,390.1317443847656,392.67999267578125,394.3500061035156,389.0,389.6199951171875,5121700
2025-12-11,400.6828308105469,403.29998779296875,404.2900085449219,394.8699951171875,395.239990234375,3272500
2025-12-12,413.5388488769531,416.239990234375,418.0199890136719,406.75,406.75,4726400
2025-12-15,414.28399658203125,416.989990234375,421.510009765625,410.0,417.42999267578125,4798100
2025-12-16,420.7616882324219,423.510009765625,424.45001220703125,414.8999938964844,418.5299987792969,3960500
2025-12-17,419.5992736816406,422.3399963378906,424.4100036621094,420.7799987792969,423.0,4766000
2025-12-18,416.27099609375,418.989990234375,424.4800109863281,418.4700012207031,421.5299987792969,3370800
2025-12-19,418.6951599121094,421.42999267578125,423.3900146484375,417.19000244140625,418.0299987792969,6048500
2025-12-22,420.7616882324219,423.510009765625,425.2900085449219,420.5299987792969,421.55999755859375,2354200
2025-12-23,422.34136962890625,425.1000061035156,425.3299865722656,423.0,423.6000061035156,1656600
2025-12-24,422.1426696777344,424.8999938964844,426.6300048828125,424.1400146484375,424.6099853515625,830100
2025-12-26,422.01348876953125,424.7699890136719,426.0,423.4100036621094,425.3999938964844,1328200
2025-12-29,423.7720031738281,426.5400085449219,427.29998779296875,423.75,423.8500061035156,2240300
2025-12-30,425.5801696777344,428.3599853515625,429.4599914550781,423.3999938964844,424.0,1501800
2025-12-31,423.6230163574219,426.3900146484375,429.0,426.2799987792969,427.1099853515625,1569200
2026-01-02,426.3253173828125,429.1099853515625,430.80999755859375,422.0799865722656,426.2799987792969,2202400
2026-01-05,430.2894592285156,433.1000061035156,433.989990234375,424.07000732421875,425.6099853515625,2617800
2026-01-06,434.3230895996094,437.1600036621094,439.0,433.4599914550781,434.07000732421875,2359400
2026-01-07,431.32269287109375,434.1400146484375,439.0199890136719,432.8900146484375,436.9100036621094,2322200
2026-01-08,436.836669921875,439.69000244140625,442.42999267578125,432.4100036621094,433.44000244140625,2801600
2026-01-09,441.19818115234375,444.0799865722656,445.04998779296875,437.1700134277344,437.82000732421875,1787900
2026-01-12,440.7510986328125,443.6300048828125,445.9800109863281,439.3900146484375,442.3800048828125,2284900
2026-01-13,440.0258483886719,442.8999938964844,444.6700134277344,440.0899963378906,443.9700012207031,1790300
2026-01-14,437.12481689453125,439.9800109863281,444.3599853515625,437.8999938964844,441.8299865722656,2542000
2026-01-15,437.1844177246094,440.0400085449219,444.0,437.739990234375,441.7799987792969,2336600
2026-01-16,436.1114196777344,438.9599914550781,440.5299987792969,435.6600036621094,439.4599914550781,3297000
2026-01-20,430.339111328125,433.1499938964844,434.9100036621094,429.1700134277344,434.32000732421875,2958400
2026-01-21,436.4988708496094,439.3500061035156,440.95001220703125,433.0299987792969,433.4700012207031,2633300
2026-01-22,442.74810791015625,445.6400146484375,447.2900085449219,439.8500061035156,439.8500061035156,2214000
2026-01-23,448.63958740234375,451.57000732421875,451.9800109863281,443.07000732421875,443.239990234375,1639000
2026-01-26,452.0771484375,455.0299987792969,455.5799865722656,452.1499938964844,452.6300048828125,1945500
2026-01-27,450.0901184082031,453.0299987792969,457.0,452.44000244140625,455.0299987792969,1929100
2026-01-28,448.5700378417969,451.5,453.489990234375,449.0,452.67999267578125,2281300
2026-01-29,452.0473327636719,455.0,456.0400085449219,448.1600036621094,452.9100036621094,2717200
2026-01-30,454.0045471191406,456.9700012207031,457.3699951171875,451.5899963378906,452.6300048828125,2816700
2026-02-02,457.1738586425781,460.1600036621094,462.3699951171875,458.0,459.3500061035156,2191500
2026-02-03,460.56170654296875,463.57000732421875,466.80999755859375,458.2799987792969,458.3900146484375,2912200
2026-02-04,470.25836181640625,473.3299865722656,477.3299865722656,465.6300048828125,466.2099914550781,3420300
2026-02-05,456.7068786621094,459.69000244140625,474.3800048828125,459.260009765625,471.07000732421875,3453400
2026-02-06,445.3311767578125,448.239990234375,457.989990234375,445.0,455.8999938964844,3132800
2026-02-09,453.3786315917969,456.3399963378906,457.5,444.0199890136719,448.1700134277344,3610600
2026-02-10,457.5216064453125,460.510009765625,464.1600036621094,454.17999267578125,454.32000732421875,2567800
2026-02-11,464.4761657714844,467.510009765625,467.6600036621094,455.2799987792969,458.42999267578125,2392600
2026-02-12,469.7914123535156,472.8599853515625,477.54998779296875,469.4800109863281,469.9200134277344,3757600
2026-02-13,477.87860107421875,481.0,488.5400085449219,473.3500061035156,474.1700134277344,4412900
2026-02-17,479.0906982421875,482.2200012207031,483.7699890136719,478.010009765625,479.1300048828125,2249500
2026-02-18,482.1308288574219,485.2799987792969,488.2699890136719,482.6000061035156,482.8299865722656,2451000
2026-02-19,486.9294738769531,490.1099853515625,490.54998779296875,482.20001220703125,484.8999938964844,3072600
2026-02-20,493.2879638671875,496.510009765625,498.3500061035156,488.0,488.239990234375,3202400
2026-02-23,494.95703125,498.19000244140625,500.57000732421875,492.7699890136719,493.54998779296875,2159200
2026-02-24,500.7293395996094,504.0,504.489990234375,494.57000732421875,497.8599853515625,2761700
2026-02-25,504.97161865234375,508.2699890136719,509.6199951171875,500.3900146484375,506.8500061035156,3483400
2026-02-26,495.27496337890625,498.510009765625,510.6499938964844,497.45001220703125,506.8900146484375,1945600
2026-02-27,504.7828674316406,508.0799865722656,509.5299987792969,498.2699890136719,498.2699890136719,3239500
2026-03-02,506.0346984863281,509.3399963378906,510.04998779296875,499.5199890136719,508.0,3071800
2026-03-03,498.4244079589844,501.67999267578125,503.6499938964844,491.5899963378906,500.0,3815300
2026-03-04,495.9505615234375,499.19000244140625,503.989990234375,497.3399963378906,502.2099914550781,2907000
2026-03-05,486.8797912597656,490.05999755859375,497.260009765625,488.54998779296875,495.5899963378906,3784900
2026-03-06,481.5943298339844,484.739990234375,488.29998779296875,479.69000244140625,488.0,2195600
2026-03-09,480.4815673828125,483.6199951171875,486.5400085449219,478.8299865722656,482.6600036621094,2279400
2026-03-10,474.8384704589844,477.94000244140625,483.0400085449219,474.6300048828125,480.7900085449219,2505600
2026-03-11,480.0320129394531,481.54998779296875,482.0299987792969,471.1400146484375,477.1600036621094,2007400
2026-03-12,488.8641052246094,490.4100036621094,492.80999755859375,477.5299987792969,480.3900146484375,2908500
2026-03-13,492.3630676269531,493.9200134277344,500.010009765625,492.6199951171875,498.0,2648800
2026-03-16,495.842041015625,497.4100036621094,498.4800109863281,490.8900146484375,494.2900085449219,2217600
2026-03-17,492.49261474609375,494.04998779296875,500.3399963378906,493.2300109863281,497.4100036621094,2471000
2026-03-18,487.0299072265625,488.57000732421875,494.4700012207031,488.3800048828125,491.44000244140625,2200800
2026-03-19,488.2560119628906,489.79998779296875,491.7799987792969,483.4599914550781,488.67999267578125,2744500
2026-03-20,486.6112365722656,488.1499938964844,495.80999755859375,484.3399963378906,492.8999938964844,6334100
2026-03-23,476.5430603027344,478.04998779296875,490.260009765625,477.3299865722656,488.8599853515625,2794300
2026-03-24,478.3274230957031,479.8399963378906,486.8399963378906,473.44000244140625,473.92999267578125,3181800
2026-03-25,490.78802490234375,492.3399963378906,492.4100036621094,481.95001220703125,483.1499938964844,2086000
2026-03-26,493.9280700683594,495.489990234375,500.30999755859375,491.1499938964844,491.25,3051700
2026-03-27,489.5718688964844,491.1199951171875,498.260009765625,486.42999267578125,497.6099853515625,2154100
2026-03-30,497.68621826171875,499.260009765625,503.6300048828125,494.8500061035156,495.8500061035156,2458600
2026-03-31,494.1972351074219,495.760009765625,500.2799987792969,491.9100036621094,496.1400146484375,2761300
2026-04-01,492.2733154296875,493.8299865722656,494.44000244140625,488.489990234375,492.82000732421875,2472400
2026-04-02,501.01568603515625,502.6000061035156,502.70001220703125,494.3699951171875,500.0,2127700
2026-04-06,497.8955383300781,499.4700012207031,503.6600036621094,497.2699890136719,503.6600036621094,1488700
2026-04-07,493.0309143066406,494.5899963378906,500.489990234375,490.19000244140625,499.7900085449219,1703800
2026-04-08,498.9023742675781,500.4800109863281,500.8699951171875,482.7699890136719,488.0,2544000
2026-04-09,501.7134704589844,503.29998779296875,507.17999267578125,497.5299987792969,499.4599914550781,1919000
2026-04-10,501.5639343261719,503.1499938964844,506.3299865722656,499.7300109863281,505.95001220703125,1153000
2026-04-13,507.2658996582031,508.8699951171875,509.2300109863281,502.7900085449219,503.6099853515625,2247600
2026-04-14,498.0749816894531,499.6499938964844,503.3800048828125,494.6600036621094,502.5,1956500
2026-04-15,496.370361328125,497.94000244140625,499.6400146484375,490.8900146484375,496.4700012207031,1553000
2026-04-16,497.6463317871094,499.2200012207031,500.7099914550781,495.04998779296875,496.79998779296875,1630800
2026-04-17,490.6783752441406,492.2300109863281,497.9599914550781,488.0,496.55999755859375,3012400
2026-04-20,496.5797119140625,498.1499938964844,501.3599853515625,492.5199890136719,494.6499938964844,1717500
2026-04-21,493.2801513671875,494.8399963378906,498.0,492.32000732421875,495.57000732421875,1544400
2026-04-22,493.0608215332031,494.6199951171875,501.2300109863281,493.94000244140625,496.4599914550781,1554600
2026-04-23,506.4584655761719,508.05999755859375,508.260009765625,498.1000061035156,499.04998779296875,1716400
2026-04-24,508.69140625,510.29998779296875,510.6499938964844,501.760009765625,507.2200012207031,1486800
2026-04-27,509.1399841308594,510.75,512.9600219726562,506.5199890136719,510.2799987792969,1773700
2026-04-28,508.68145751953125,510.2900085449219,515.6300048828125,509.0,513.0,2743200
2026-04-29,503.1190185546875,504.7099914550781,509.0,503.4599914550781,508.20001220703125,1440000
2026-04-30,499.560302734375,501.1400146484375,507.6499938964844,499.6600036621094,501.9800109863281,3036800
2026-05-01,506.31890869140625,507.9200134277344,521.280029296875,502.0,503.3599853515625,2578300
2026-05-04,491.99420166015625,493.54998779296875,506.29998779296875,492.510009765625,503.5799865722656,2406600
2026-05-05,498.7129821777344,500.2900085449219,503.2099914550781,490.3999938964844,494.5899963378906,1902800
2026-05-06,500.2879638671875,501.8699951171875,505.1700134277344,497.07000732421875,497.5299987792969,2289300
2026-05-07,492.29327392578125,493.8500061035156,503.739990234375,493.510009765625,500.92999267578125,1937600
2026-05-08,491.6054382324219,493.1600036621094,497.5799865722656,492.260009765625,494.0,1686200
2026-05-11,502.80999755859375,504.3999938964844,506.2099914550781,493.8500061035156,493.9100036621094,1769200
2026-05-12,502.28167724609375,503.8699951171875,505.7799987792969,496.739990234375,504.19000244140625,1430400
2026-05-13,511.64208984375,513.260009765625,515.75,503.67999267578125,504.2099914550781,2359000
2026-05-14,510.0371398925781,511.6499938964844,514.7899780273438,508.2900085449219,514.0499877929688,1969000
2026-05-15,504.51458740234375,506.1099853515625,517.010009765625,504.1300048828125,516.77001953125,2157300
2026-05-18,509.2496337890625,510.8599853515625,514.1300048828125,504.6499938964844,506.4200134277344,1881300
2026-05-19,504.4747619628906,506.07000732421875,510.3699951171875,504.79998779296875,508.7099914550781,2104800
2026-05-20,505.0329895019531,506.6300048828125,512.3900146484375,499.9700012207031,500.29998779296875,2049700
2026-05-21,512.8881225585938,514.510009765625,516.530029296875,505.75,509.4599914550781,1655700
2026-05-22,515.948486328125,517.5800170898438,521.22998046875,514.97998046875,517.02001953125,1454000
2026-05-26,513.3466796875,514.969970703125,519.0800170898438,512.6900024414062,517.8499755859375,2099100
2026-05-27,506.2690734863281,507.8699951171875,515.8400268554688,507.69000244140625,512.97998046875,1594800
2026-05-28,500.39764404296875,501.9800109863281,508.25,498.5799865722656,507.8399963378906,2266400
2026-05-29,496.12115478515625,497.69000244140625,502.5299987792969,495.3299865722656,500.0,4481400
2026-06-01,495.842041015625,497.4100036621094,498.3399963378906,488.8800048828125,496.1499938964844,2507300
2026-06-02,494.3467712402344,495.9100036621094,499.7900085449219,490.44000244140625,493.4700012207031,3010900
2026-06-03,505.97003173828125,507.57000732421875,512.2100219726562,496.1400146484375,498.1499938964844,2283600
2026-06-04,507.45001220703125,507.45001220703125,512.1599731445312,504.510009765625,508.6099853515625,2995800
2026-06-05,507.8999938964844,507.8999938964844,517.6199951171875,507.0199890136719,512.2899780273438,2886200
2026-06-08,501.9200134277344,501.9200134277344,510.2699890136719,499.95001220703125,507.1300048828125,1890500
2026-06-09,515.5900268554688,515.5900268554688,517.0800170898438,506.3599853515625,507.95001220703125,2956600
2026-06-10,509.1600036621094,509.1600036621094,522.8900146484375,504.9700012207031,522.25,2572100
2026-06-11,515.4400024414062,515.4400024414062,518.5900268554688,512.0,514.02001953125,2259500
2026-06-12,523.5700073242188,523.5700073242188,525.8200073242188,517.1900024414062,518.4000244140625,2191200
2026-06-15,521.47998046875,521.47998046875,525.8699951171875,517.77001953125,519.0700073242188,2860700
2026-06-16,518.1699829101562,518.1699829101562,523.6400146484375,513.5700073242188,520.5599975585938,2490600
2026-06-17,515.8499755859375,515.8499755859375,519.5999755859375,511.4100036621094,514.030029296875,2090800
2026-06-18,512.1500244140625,512.1500244140625,518.8400268554688,511.1600036621094,516.0499877929688,5193700
2026-06-22,516.7100219726562,516.7100219726562,517.989990234375,507.1199951171875,507.9700012207031,1926100
2026-06-23,512.260009765625,512.260009765625,523.8800048828125,508.7300109863281,523.8800048828125,2215800
2026-06-24,515.72998046875,515.72998046875,522.6900024414062,514.4000244140625,514.760009765625,2564900
2026-06-25,522.280029296875,522.280029296875,527.9400024414062,513.7999877929688,515.2899780273438,2281900
2026-06-26,519.6199951171875,519.6199951171875,525.0,518.3599853515625,521.0,3318300
2026-06-29,511.05999755859375,511.05999755859375,519.6799926757812,506.7799987792969,519.1199951171875,2314400
2026-06-30,518.9400024414062,518.9400024414062,522.5900268554688,511.57000732421875,512.3599853515625,2581100
2026-07-01,533.5499877929688,533.5499877929688,538.9500122070312,517.0,525.3099975585938,3087500
2026-07-02,546.6400146484375,546.6400146484375,547.219970703125,532.9600219726562,535.4500122070312,2275600
2026-07-06,540.52001953125,540.52001953125,544.1099853515625,531.2000122070312,543.719970703125,2296700
2026-07-07,538.22998046875,538.22998046875,548.2000122070312,535.3599853515625,546.989990234375,2098200
2026-07-08,527.6699829101562,527.6699829101562,537.0499877929688,526.2000122070312,536.1199951171875,1619200
2026-07-09,525.5599975585938,525.5599975585938,527.8400268554688,519.010009765625,526.0,1870500
2026-07-10,529.7899780273438,529.7899780273438,532.7100219726562,523.47998046875,525.0700073242188,1858100
2026-07-13,524.0599975585938,524.0599975585938,532.4500122070312,521.47998046875,530.9199829101562,1628800
2026-07-14,522.5399780273438,522.5399780273438,531.6199951171875,521.0,524.4000244140625,2153600
2026-07-15,514.1500244140625,514.1500244140625,521.1099853515625,513.4000244140625,518.6400146484375,1529700
2026-07-16,520.739990234375,520.739990234375,522.1599731445312,510.6700134277344,513.239990234375,2046100
2026-07-17,513.219970703125,513.219970703125,527.4600219726562,511.70001220703125,522.1799926757812,2780800
2026-07-20,512.0499877929688,512.0499877929688,516.5,510.94000244140625,513.5800170898438,1583600
2026-07-21,505.0299987792969,505.0299987792969,512.8300170898438,502.8599853515625,511.8999938964844,1777100
2026-07-22,508.6700134277344,508.6700134277344,510.9599914550781,505.1000061035156,506.8500061035156,1636600
2026-07-23,506.32000732421875,506.32000732421875,510.9200134277344,502.1000061035156,503.8699951171875,1808400
2026-07-24,512.280029296875,512.280029296875,512.9199829101562,504.8900146484375,505.45001220703125,1327200
2026-07-27,507.0199890136719,507.0199890136719,515.0,506.4700012207031,513.3300170898438,1656100
