Date,Adj Close,Close,High,Low,Open,Volume
2021-08-02,55.58314514160156,63.459999084472656,63.86000061035156,63.310001373291016,63.369998931884766,5021600
2021-08-03,55.5130729675293,63.380001068115234,63.59000015258789,63.220001220703125,63.38999938964844,3766900
2021-08-04,54.059112548828125,61.720001220703125,63.619998931884766,61.54999923706055,63.619998931884766,8212200
2021-08-05,54.18174743652344,61.86000061035156,62.08000183105469,61.619998931884766,61.970001220703125,5693000
2021-08-06,54.102909088134766,61.77000045776367,62.11000061035156,61.599998474121094,61.959999084472656,6275200
2021-08-09,54.321876525878906,62.02000045776367,62.2599983215332,61.900001525878906,62.02000045776367,4784200
2021-08-10,54.33940505981445,62.040000915527344,62.33000183105469,61.810001373291016,61.97999954223633,5599400
2021-08-11,54.716026306152344,62.470001220703125,62.779998779296875,62.0,62.119998931884766,8304200
2021-08-12,54.645957946777344,62.38999938964844,62.689998626708984,62.220001220703125,62.689998626708984,5403500
2021-08-13,55.49555587768555,63.36000061035156,63.40999984741211,62.5,62.61000061035156,6595400
2021-08-16,55.78459167480469,63.689998626708984,63.959999084472656,63.33000183105469,63.5,6865400
2021-08-17,56.10867691040039,64.05999755859375,64.12000274658203,63.45000076293945,63.72999954223633,5525600
2021-08-18,55.15396499633789,62.970001220703125,64.05999755859375,62.90999984741211,63.84000015258789,4412300
2021-08-19,55.77583694458008,63.68000030517578,63.75,62.790000915527344,62.90999984741211,5700100
2021-08-20,55.60942077636719,63.4900016784668,63.83000183105469,63.27000045776367,63.689998626708984,4215500
2021-08-23,55.2678337097168,63.099998474121094,63.540000915527344,62.970001220703125,63.43000030517578,4777800
2021-08-24,54.523338317871094,62.25,63.11000061035156,62.099998474121094,63.11000061035156,5829800
2021-08-25,54.19049835205078,61.869998931884766,62.2599983215332,61.720001220703125,62.2599983215332,5669400
2021-08-26,53.813873291015625,61.439998626708984,61.880001068115234,61.290000915527344,61.779998779296875,4632800
2021-08-27,54.20801544189453,61.88999938964844,62.119998931884766,61.31999969482422,61.439998626708984,5779300
2021-08-30,54.44450378417969,62.15999984741211,62.2400016784668,61.650001525878906,61.77000045776367,4185500
2021-08-31,54.36567687988281,62.06999969482422,62.369998931884766,61.7599983215332,62.279998779296875,7390000
2021-09-01,54.593414306640625,62.33000183105469,62.54999923706055,62.040000915527344,62.33000183105469,4335900
2021-09-02,54.234291076660156,61.91999816894531,62.5,61.68000030517578,62.5,4346200
2021-09-03,54.059112548828125,61.720001220703125,61.90999984741211,61.04999923706055,61.7599983215332,5360700
2021-09-07,52.587646484375,60.040000915527344,61.560001373291016,59.939998626708984,61.380001068115234,7789700
2021-09-08,53.305870056152344,60.86000061035156,60.95000076293945,59.90999984741211,60.18000030517578,7162800
2021-09-09,53.08689880371094,60.61000061035156,60.90999984741211,60.529998779296875,60.90999984741211,4909300
2021-09-10,52.75406265258789,60.22999954223633,60.599998474121094,60.099998474121094,60.41999816894531,5596600
2021-09-13,53.2270393371582,60.77000045776367,61.439998626708984,60.529998779296875,60.59000015258789,7723100
2021-09-14,52.85915756225586,60.349998474121094,60.97999954223633,60.189998626708984,60.7599983215332,3858500
2021-09-15,52.999305725097656,60.5099983215332,60.66999816894531,60.060001373291016,60.29999923706055,5385200
2021-09-16,53.17448806762695,60.709999084472656,60.93000030517578,60.08000183105469,60.619998931884766,7513200
2021-09-17,53.37593078613281,60.939998626708984,61.220001220703125,60.150001525878906,60.47999954223633,16980400
2021-09-20,52.92923355102539,60.43000030517578,61.060001373291016,59.9900016784668,60.77000045776367,11213100
2021-09-21,52.74530792236328,60.220001220703125,61.13999938964844,60.119998931884766,60.689998626708984,7156700
2021-09-22,53.04309844970703,60.560001373291016,60.970001220703125,60.36000061035156,60.599998474121094,4999000
2021-09-23,53.19198989868164,60.72999954223633,61.119998931884766,60.459999084472656,60.5,6197500
2021-09-24,52.86792755126953,60.36000061035156,60.709999084472656,60.209999084472656,60.38999938964844,6647100
2021-09-27,52.08839797973633,59.470001220703125,60.54999923706055,59.38999938964844,60.15999984741211,6614000
2021-09-28,51.41398239135742,58.70000076293945,59.29999923706055,58.209999084472656,59.189998626708984,9139500
2021-09-29,52.030765533447266,59.04999923706055,59.4900016784668,58.029998779296875,58.2400016784668,7399100
2021-09-30,51.264183044433594,58.18000030517578,59.29999923706055,58.119998931884766,59.119998931884766,6778300
2021-10-01,51.29060363769531,58.209999084472656,58.540000915527344,57.68000030517578,58.349998474121094,6266400
2021-10-04,51.16724395751953,58.06999969482422,58.779998779296875,57.630001068115234,58.209999084472656,8281800
2021-10-05,51.83692169189453,58.83000183105469,59.11000061035156,57.900001525878906,58.0,8160900
2021-10-06,53.0440673828125,60.20000076293945,60.25,58.349998474121094,58.88999938964844,11222800
2021-10-07,52.77091598510742,59.88999938964844,60.34000015258789,59.790000915527344,60.060001373291016,7540700
2021-10-08,52.46251678466797,59.540000915527344,60.0,59.40999984741211,59.959999084472656,5787700
2021-10-11,52.356773376464844,59.41999816894531,59.849998474121094,59.34000015258789,59.849998474121094,5266400
2021-10-12,52.577064514160156,59.66999816894531,59.90999984741211,59.41999816894531,59.630001068115234,6343100
2021-10-13,52.83259963989258,59.959999084472656,60.400001525878906,59.369998931884766,59.95000076293945,5639000
2021-10-14,53.42294692993164,60.630001068115234,60.7400016784668,60.16999816894531,60.29999923706055,4941500
2021-10-15,53.0000114440918,60.150001525878906,60.66999816894531,59.7599983215332,60.630001068115234,10518900
2021-10-18,52.64755630493164,59.75,60.099998474121094,59.33000183105469,59.88999938964844,4434200
2021-10-19,52.68280029296875,59.790000915527344,59.900001525878906,59.33000183105469,59.900001525878906,6978000
2021-10-20,53.12336730957031,60.290000915527344,60.529998779296875,59.86000061035156,59.9900016784668,4228900
2021-10-21,53.00881576538086,60.15999984741211,60.29999923706055,59.75,60.16999816894531,5713400
2021-10-22,53.32602310180664,60.52000045776367,60.59000015258789,60.099998474121094,60.119998931884766,3822600
2021-10-25,53.167423248291016,60.34000015258789,60.900001525878906,60.119998931884766,60.70000076293945,4979500
2021-10-26,53.599178314208984,60.83000183105469,61.08000183105469,60.16999816894531,60.31999969482422,3938700
2021-10-27,53.21147537231445,60.38999938964844,60.959999084472656,60.130001068115234,60.959999084472656,5127600
2021-10-28,53.70491409301758,60.95000076293945,60.97999954223633,60.220001220703125,60.41999816894531,5106100
2021-10-29,53.51987838745117,60.7400016784668,61.15999984741211,60.63999938964844,60.91999816894531,5074300
2021-11-01,53.66965866088867,60.90999984741211,61.349998474121094,60.54999923706055,60.70000076293945,5322600
2021-11-02,54.06618118286133,61.36000061035156,61.380001068115234,60.369998931884766,60.900001525878906,5385800
2021-11-03,54.92967987060547,62.34000015258789,63.40999984741211,61.90999984741211,63.04999923706055,7451100
2021-11-04,54.70939636230469,62.09000015258789,62.41999816894531,61.68000030517578,61.77000045776367,5914100
2021-11-05,54.85919189453125,62.2599983215332,62.720001220703125,62.13999938964844,62.5,4609300
2021-11-08,54.52436447143555,61.880001068115234,62.400001525878906,61.52000045776367,62.290000915527344,4321100
2021-11-09,54.84157180786133,62.2400016784668,62.36000061035156,61.66999816894531,61.880001068115234,4258400
2021-11-10,55.27333068847656,62.72999954223633,62.970001220703125,62.33000183105469,62.52000045776367,7044000
2021-11-11,55.04423522949219,62.470001220703125,62.75,62.099998474121094,62.68000030517578,3661500
2021-11-12,55.3173828125,62.779998779296875,63.18000030517578,62.29999923706055,62.59000015258789,5176500
2021-11-15,55.379058837890625,62.849998474121094,62.95000076293945,62.5099983215332,62.75,3503300
2021-11-16,55.04423522949219,62.470001220703125,63.349998474121094,62.43000030517578,62.91999816894531,6405000
2021-11-17,54.77989196777344,62.16999816894531,62.439998626708984,61.970001220703125,62.18000030517578,10948900
2021-11-18,54.92967987060547,62.34000015258789,62.59000015258789,61.86000061035156,62.02000045776367,7297800
2021-11-19,53.32602310180664,60.52000045776367,62.619998931884766,60.41999816894531,62.599998474121094,10543300
2021-11-22,53.7225341796875,60.970001220703125,61.36000061035156,59.939998626708984,60.400001525878906,7272400
2021-11-23,54.1102294921875,61.40999984741211,61.599998474121094,60.880001068115234,61.0,6544200
2021-11-24,54.03092956542969,61.31999969482422,61.79999923706055,60.95000076293945,61.400001525878906,5120400
2021-11-26,53.08812713623047,60.25,61.40999984741211,60.09000015258789,61.029998779296875,4999800
2021-11-29,53.4317626953125,60.63999938964844,60.779998779296875,59.88999938964844,60.41999816894531,6253700
2021-11-30,51.93384552001953,58.939998626708984,60.43000030517578,58.599998474121094,60.41999816894531,10679700
2021-12-01,51.59901809692383,58.560001373291016,59.7599983215332,58.5099983215332,59.369998931884766,5762300
2021-12-02,52.392032623291016,59.459999084472656,59.869998931884766,58.68000030517578,58.810001373291016,7525700
2021-12-03,53.096927642822266,60.2599983215332,60.56999969482422,59.689998626708984,59.79999923706055,7735400
2021-12-06,54.119049072265625,61.41999816894531,61.720001220703125,60.68000030517578,60.68000030517578,5921100
2021-12-07,54.1102294921875,61.40999984741211,61.939998626708984,61.220001220703125,61.41999816894531,7717900
2021-12-08,53.64323806762695,60.880001068115234,61.369998931884766,60.029998779296875,61.33000183105469,6678500
2021-12-09,53.74015808105469,60.9900016784668,61.06999969482422,60.52000045776367,60.86000061035156,3518600
2021-12-10,54.85919189453125,62.2599983215332,62.400001525878906,61.099998474121094,61.5099983215332,6999100
2021-12-13,55.66101837158203,63.16999816894531,63.5099983215332,61.900001525878906,62.29999923706055,9512200
2021-12-14,55.85486602783203,63.38999938964844,63.43000030517578,62.970001220703125,63.130001068115234,10391100
2021-12-15,57.08845901489258,64.79000091552734,64.97000122070312,63.470001220703125,63.58000183105469,11735100
2021-12-16,57.88147735595703,65.69000244140625,66.04000091552734,64.33000183105469,64.66999816894531,10808500
2021-12-17,57.23824691772461,64.95999908447266,66.05999755859375,64.93000030517578,65.61000061035156,12439900
2021-12-20,57.07964324951172,64.77999877929688,64.94999694824219,64.38999938964844,64.7699966430664,8996200
2021-12-21,56.674320220947266,64.31999969482422,64.86000061035156,64.08999633789062,64.66999816894531,6771200
2021-12-22,57.12369918823242,64.83000183105469,64.94999694824219,64.11000061035156,64.12000274658203,5122900
2021-12-23,57.22062301635742,64.94000244140625,65.25,64.79000091552734,64.94999694824219,3943300
2021-12-27,57.7316780090332,65.5199966430664,65.55999755859375,64.77999877929688,64.94999694824219,3813200
2021-12-28,58.16344451904297,66.01000213623047,66.08000183105469,65.51000213623047,65.61000061035156,3254900
2021-12-29,58.48065185546875,66.37000274658203,66.54000091552734,65.9000015258789,66.08999633789062,4753900
2021-12-30,58.241477966308594,65.75,66.33999633789062,65.69000244140625,66.20999908447266,5563000
2021-12-31,58.73751449584961,66.30999755859375,66.4000015258789,65.69000244140625,65.77999877929688,5076700
2022-01-03,58.436344146728516,65.97000122070312,66.05999755859375,65.08000183105469,65.75,8978100
2022-01-04,58.86152648925781,66.44999694824219,67.1500015258789,65.87000274658203,65.98999786376953,7519400
2022-01-05,59.71190643310547,67.41000366210938,67.95999908447266,66.68000030517578,66.80000305175781,10723200
2022-01-06,59.685333251953125,67.37999725341797,67.93000030517578,66.97000122070312,67.55000305175781,9204600
2022-01-07,59.83591079711914,67.55000305175781,67.76000213623047,66.9800033569336,67.2699966430664,6454800
2022-01-10,59.37529373168945,67.02999877929688,67.83000183105469,66.86000061035156,67.69000244140625,6823800
2022-01-11,59.57904052734375,67.26000213623047,67.45999908447266,66.25,67.33000183105469,5295500
2022-01-12,59.67647171020508,67.37000274658203,67.52999877929688,66.83000183105469,67.18000030517578,5798100
2022-01-13,59.91564178466797,67.63999938964844,67.7699966430664,67.08000183105469,67.25,6692100
2022-01-14,60.3231201171875,68.0999984741211,68.16000366210938,67.08000183105469,67.45999908447266,6337600
2022-01-18,59.67647171020508,67.37000274658203,67.41999816894531,66.6500015258789,67.26000213623047,6739500
2022-01-19,59.88019943237305,67.5999984741211,68.16999816894531,67.44999694824219,67.55999755859375,7244900
2022-01-20,60.021942138671875,67.76000213623047,68.18000030517578,67.45999908447266,67.58000183105469,10461100
2022-01-21,60.553409576416016,68.36000061035156,69.47000122070312,68.19999694824219,68.2300033569336,18880800
2022-01-24,59.88906478881836,67.61000061035156,68.91000366210938,66.05999755859375,68.61000061035156,13793300
2022-01-25,59.33100891113281,66.9800033569336,67.30999755859375,66.20999908447266,67.27999877929688,12863000
2022-01-26,59.012123107910156,66.62000274658203,67.48999786376953,66.12000274658203,66.47000122070312,10027600
2022-01-27,59.76504135131836,67.47000122070312,68.63999938964844,66.94000244140625,67.20999908447266,12175700
2022-01-28,58.83495330810547,66.41999816894531,66.54000091552734,63.900001525878906,65.12999725341797,15471000
2022-01-31,59.37529373168945,67.02999877929688,67.36000061035156,65.70999908447266,66.26000213623047,9657600
2022-02-01,59.065250396728516,66.68000030517578,67.31999969482422,66.05999755859375,66.98999786376953,6609500
2022-02-02,60.14593505859375,67.9000015258789,68.05000305175781,66.51000213623047,66.80999755859375,6882100
2022-02-03,60.1813850402832,67.94000244140625,68.45999908447266,67.45999908447266,67.72000122070312,7276500
2022-02-04,59.36643981933594,67.0199966430664,68.13999938964844,66.8499984741211,67.61000061035156,7909600
2022-02-07,59.77391052246094,67.4800033569336,67.76000213623047,66.79000091552734,67.29000091552734,6760900
2022-02-08,60.27880859375,68.05000305175781,68.29000091552734,67.41000366210938,67.72000122070312,6590200
2022-02-09,60.19910430908203,67.95999908447266,68.58999633789062,67.79000091552734,68.4800033569336,5557700
2022-02-10,59.14497375488281,66.7699966430664,67.88999938964844,66.55999755859375,67.23999786376953,7609200
2022-02-11,59.082984924316406,66.69999694824219,67.37999725341797,66.55000305175781,67.08000183105469,8130100
2022-02-14,58.58692932128906,66.13999938964844,67.0199966430664,65.3499984741211,66.94000244140625,7225500
2022-02-15,58.3477668762207,65.87000274658203,66.73999786376953,65.56999969482422,66.30000305175781,6779000
2022-02-16,58.2060432434082,65.70999908447266,66.5199966430664,65.19999694824219,66.02999877929688,6103200
2022-02-17,58.51607131958008,66.05999755859375,66.31999969482422,65.12999725341797,65.58000183105469,7492700
2022-02-18,58.46292495727539,66.0,66.52999877929688,65.62000274658203,66.02999877929688,6050500
2022-02-22,58.87925338745117,66.47000122070312,66.66999816894531,65.75,66.55000305175781,8937100
2022-02-23,58.7109489440918,66.27999877929688,66.9800033569336,66.19000244140625,66.6500015258789,7177300
2022-02-24,57.2671012878418,64.6500015258789,65.87000274658203,63.220001220703125,65.30999755859375,10323900
2022-02-25,59.136138916015625,66.76000213623047,66.79000091552734,64.9000015258789,65.0199966430664,7561800
2022-02-28,58.00230407714844,65.4800033569336,65.94000244140625,64.66999816894531,65.56999969482422,7916600
2022-03-01,56.992496490478516,64.33999633789062,65.44999694824219,64.12999725341797,64.98999786376953,8740800
2022-03-02,57.311378479003906,64.69999694824219,65.06999969482422,63.97999954223633,64.2300033569336,7452400
2022-03-03,57.49740219116211,64.91000366210938,65.48999786376953,64.6500015258789,65.0999984741211,6539700
2022-03-04,56.540733337402344,63.83000183105469,64.26000213623047,63.209999084472656,64.04000091552734,10949600
2022-03-07,55.38918685913086,62.529998779296875,63.7599983215332,62.18000030517578,63.7599983215332,13768300
2022-03-08,53.85676193237305,60.79999923706055,62.79999923706055,60.709999084472656,62.470001220703125,13037600
2022-03-09,54.29079818725586,61.290000915527344,62.08000183105469,61.09000015258789,61.599998474121094,8709400
2022-03-10,53.28984069824219,60.15999984741211,60.709999084472656,59.68000030517578,60.619998931884766,7342000
2022-03-11,52.36859893798828,59.119998931884766,61.06999969482422,59.02000045776367,60.5,9385100
2022-03-14,52.56348419189453,59.34000015258789,60.43000030517578,59.209999084472656,59.47999954223633,9806700
2022-03-15,54.18450164794922,61.16999816894531,61.279998779296875,59.59000015258789,59.84000015258789,9677200
2022-03-16,54.875423431396484,61.95000076293945,62.16999816894531,61.02000045776367,61.459999084472656,12071100
2022-03-17,55.15888214111328,62.27000045776367,62.779998779296875,61.34000015258789,61.959999084472656,7243600
2022-03-18,54.48567581176758,61.5099983215332,61.880001068115234,60.95000076293945,61.54999923706055,12832900
2022-03-21,54.361663818359375,61.369998931884766,61.88999938964844,61.09000015258789,61.540000915527344,8934000
2022-03-22,54.538822174072266,61.56999969482422,61.83000183105469,60.869998931884766,61.68000030517578,7529800
2022-03-23,53.83903503417969,60.779998779296875,62.060001373291016,60.72999954223633,61.66999816894531,7435600
2022-03-24,53.901039123535156,60.849998474121094,61.16999816894531,60.29999923706055,61.119998931884766,10921000
2022-03-25,54.494537353515625,61.52000045776367,61.790000915527344,60.959999084472656,61.0,6223100
2022-03-28,54.538822174072266,61.56999969482422,61.810001373291016,61.150001525878906,61.650001525878906,8029500
2022-03-29,55.85866928100586,63.060001373291016,63.06999969482422,62.060001373291016,62.060001373291016,9902500
2022-03-30,55.89430236816406,62.75,62.86000061035156,62.15999984741211,62.650001525878906,6171600
2022-03-31,55.921024322509766,62.779998779296875,63.130001068115234,62.599998474121094,62.79999923706055,8379600
2022-04-01,56.58907699584961,63.529998779296875,63.63999938964844,62.20000076293945,63.0,6898700
2022-04-04,56.15260696411133,63.040000915527344,63.52000045776367,62.470001220703125,63.36000061035156,6155500
2022-04-05,56.12588882446289,63.0099983215332,63.77000045776367,62.779998779296875,62.779998779296875,5364800
2022-04-06,56.30403518676758,63.209999084472656,63.59000015258789,62.720001220703125,63.04999923706055,5389600
2022-04-07,56.01900863647461,62.88999938964844,63.18000030517578,61.95000076293945,63.13999938964844,7458000
2022-04-08,56.47328186035156,63.400001525878906,63.59000015258789,62.779998779296875,63.09000015258789,7833600
2022-04-11,56.4821891784668,63.40999984741211,64.1500015258789,63.29999923706055,63.959999084472656,9693800
2022-04-12,56.71377944946289,63.66999816894531,64.33000183105469,63.290000915527344,64.08000183105469,7379200
2022-04-13,56.87411880493164,63.849998474121094,64.08000183105469,63.41999816894531,63.689998626708984,5873500
2022-04-14,56.75831985473633,63.720001220703125,64.22000122070312,63.68000030517578,64.1500015258789,6651300
2022-04-18,56.62471389770508,63.56999969482422,64.0199966430664,63.25,63.619998931884766,5777600
2022-04-19,58.085540771484375,65.20999908447266,65.5,63.599998474121094,63.7400016784668,7233700
2022-04-20,58.5487174987793,65.7300033569336,65.97000122070312,65.23999786376953,65.23999786376953,8234600
2022-04-21,58.64670181274414,65.83999633789062,66.3499984741211,65.73999786376953,65.8499984741211,6418800
2022-04-22,57.95191192626953,65.05999755859375,66.18000030517578,65.04000091552734,65.9800033569336,7740700
2022-04-25,58.59324645996094,65.77999877929688,65.97000122070312,64.5199966430664,65.61000061035156,8913900
2022-04-26,57.04335403442383,64.04000091552734,66.02999877929688,64.04000091552734,65.86000061035156,9883800
2022-04-27,57.05226516723633,64.05000305175781,65.66000366210938,63.93000030517578,65.54000091552734,9892400
2022-04-28,58.985191345214844,66.22000122070312,66.33000183105469,64.11000061035156,64.19999694824219,9786400
2022-04-29,57.43528747558594,64.4800033569336,66.04000091552734,64.36000061035156,65.95999908447266,10385400
2022-05-02,56.82067108154297,63.790000915527344,65.4800033569336,62.9900016784668,65.30999755859375,10049400
2022-05-03,57.622352600097656,64.69000244140625,64.88999938964844,63.63999938964844,64.11000061035156,9538700
2022-05-04,58.95846176147461,66.19000244140625,66.30000305175781,64.43000030517578,64.5199966430664,8348000
2022-05-05,58.10335159301758,65.2300033569336,66.06999969482422,64.80999755859375,65.72000122070312,8843800
2022-05-06,58.5487174987793,65.7300033569336,65.94000244140625,64.75,65.05000305175781,9037800
2022-05-09,59.03862380981445,66.27999877929688,66.70999908447266,65.2300033569336,65.4000015258789,11709000
2022-05-10,58.71795654296875,65.91999816894531,67.93000030517578,65.70999908447266,66.88999938964844,10974900
2022-05-11,58.39729309082031,65.55999755859375,66.41000366210938,65.43000030517578,65.61000061035156,9728200
2022-05-12,58.50417709350586,65.68000030517578,65.9000015258789,64.83999633789062,65.63999938964844,8676400
2022-05-13,59.127708435058594,66.37999725341797,66.45999908447266,65.36000061035156,65.83000183105469,7884200
2022-05-16,58.90501403808594,66.12999725341797,66.44999694824219,65.80000305175781,66.4000015258789,7955000
2022-05-17,58.53982162475586,65.72000122070312,66.25,64.54000091552734,66.13999938964844,10053400
2022-05-18,54.28205108642578,60.939998626708984,65.44999694824219,60.709999084472656,65.4000015258789,12698500
2022-05-19,54.433467864990234,61.11000061035156,61.560001373291016,59.650001525878906,60.33000183105469,10834400
2022-05-20,54.504730224609375,61.189998626708984,61.459999084472656,60.40999984741211,61.220001220703125,14293200
2022-05-23,55.26186752319336,62.040000915527344,62.41999816894531,61.5099983215332,62.060001373291016,7476200
2022-05-24,56.116973876953125,63.0,63.040000915527344,61.7599983215332,61.970001220703125,6505400
2022-05-25,55.55580520629883,62.369998931884766,62.97999954223633,61.779998779296875,62.810001373291016,8517400
2022-05-26,55.67161178588867,62.5,63.22999954223633,62.27000045776367,62.29999923706055,5930800
2022-05-27,56.79395294189453,63.7599983215332,63.7599983215332,62.5,62.790000915527344,8631200
2022-05-31,56.615806579589844,63.560001373291016,63.939998626708984,62.61000061035156,63.619998931884766,8767500
2022-06-01,56.036808013916016,62.90999984741211,63.7400016784668,62.08000183105469,63.45000076293945,7621800
2022-06-02,56.15260696411133,63.040000915527344,63.060001373291016,61.470001220703125,62.849998474121094,7719200
2022-06-03,55.59143829345703,62.40999984741211,63.040000915527344,62.08000183105469,62.84000015258789,6221300
2022-06-06,55.627079010009766,62.45000076293945,63.13999938964844,62.220001220703125,62.709999084472656,4556100
2022-06-07,56.33076477050781,63.2400016784668,63.34000015258789,61.880001068115234,61.959999084472656,5929700
2022-06-08,55.77849578857422,62.619998931884766,63.15999984741211,62.5099983215332,63.0,3861200
2022-06-09,54.540367126464844,61.22999954223633,63.02000045776367,61.20000076293945,62.439998626708984,7124600
2022-06-10,54.1573486328125,60.79999923706055,61.310001373291016,60.040000915527344,60.5099983215332,8265400
2022-06-13,52.732154846191406,59.20000076293945,60.29999923706055,58.970001220703125,60.20000076293945,8704100
2022-06-14,52.081905364990234,58.470001220703125,59.599998474121094,57.81999969482422,59.52000045776367,7096500
2022-06-15,52.58962631225586,59.040000915527344,59.880001068115234,58.290000915527344,58.939998626708984,9212300
2022-06-16,52.206607818603516,58.61000061035156,59.18000030517578,57.9900016784668,58.400001525878906,7999200
2022-06-17,52.375850677490234,58.79999923706055,59.20000076293945,58.099998474121094,58.720001220703125,11416100
2022-06-21,53.28440856933594,59.81999969482422,60.08000183105469,58.290000915527344,59.279998779296875,10582700
2022-06-22,53.694156646728516,60.279998779296875,60.7400016784668,59.630001068115234,59.84000015258789,10349500
2022-06-23,54.371124267578125,61.040000915527344,61.400001525878906,60.52000045776367,60.540000915527344,6459900
2022-06-24,55.80522537231445,62.650001525878906,62.709999084472656,61.31999969482422,61.59000015258789,6571600
2022-06-27,55.78740310668945,62.630001068115234,62.810001373291016,62.08000183105469,62.150001525878906,5213300
2022-06-28,54.976829528808594,61.720001220703125,63.18000030517578,61.560001373291016,62.869998931884766,6735200
2022-06-29,55.58598709106445,62.04999923706055,62.36000061035156,61.4900016784668,61.5,5056600
2022-06-30,55.621829986572266,62.09000015258789,62.5099983215332,61.5099983215332,61.58000183105469,7291000
2022-07-01,56.74160385131836,63.34000015258789,63.630001068115234,61.54999923706055,61.54999923706055,9481200
2022-07-05,55.97119903564453,62.47999954223633,63.20000076293945,61.130001068115234,63.130001068115234,9230900
2022-07-06,55.908485412597656,62.40999984741211,62.91999816894531,62.13999938964844,62.529998779296875,8540500
2022-07-07,55.872657775878906,62.369998931884766,62.630001068115234,61.779998779296875,62.31999969482422,9442400
2022-07-08,55.935359954833984,62.439998626708984,62.83000183105469,62.15999984741211,62.369998931884766,4951700
2022-07-11,55.792030334472656,62.279998779296875,62.81999969482422,62.02000045776367,62.54999923706055,5223500
2022-07-12,56.042869567871094,62.560001373291016,63.5,62.279998779296875,62.720001220703125,5921500
2022-07-13,55.51432418823242,61.970001220703125,62.650001525878906,61.459999084472656,62.040000915527344,5062800
2022-07-14,54.53786849975586,60.880001068115234,61.189998626708984,60.2599983215332,61.040000915527344,7261400
2022-07-15,54.41246032714844,60.7400016784668,61.630001068115234,60.38999938964844,61.630001068115234,6310300
2022-07-18,53.80329895019531,60.060001373291016,61.0099983215332,59.97999954223633,60.56999969482422,6884800
2022-07-19,55.0216178894043,61.41999816894531,61.599998474121094,60.599998474121094,60.869998931884766,8699600
2022-07-20,55.048500061035156,61.45000076293945,61.9900016784668,61.02000045776367,61.79999923706055,6356100
2022-07-21,54.95890808105469,61.349998474121094,61.70000076293945,60.95000076293945,61.40999984741211,4398700
2022-07-22,55.53224563598633,61.9900016784668,62.029998779296875,61.540000915527344,61.72999954223633,4779700
2022-07-25,56.22202682495117,62.7599983215332,63.119998931884766,61.900001525878906,62.060001373291016,6353400
2022-07-26,56.38327407836914,62.939998626708984,63.099998474121094,61.970001220703125,62.45000076293945,7701100
2022-07-27,57.001399993896484,63.630001068115234,63.81999969482422,62.290000915527344,62.97999954223633,8297500
2022-07-28,57.51201629638672,64.19999694824219,64.4000015258789,63.150001525878906,63.56999969482422,5228500
2022-07-29,57.36867904663086,64.04000091552734,64.44999694824219,63.400001525878906,63.43000030517578,6196400
2022-08-01,58.1301383972168,64.88999938964844,65.16999816894531,63.90999984741211,63.91999816894531,6121600
2022-08-02,58.01367950439453,64.76000213623047,65.16000366210938,64.54000091552734,65.16000366210938,5186400
2022-08-03,58.345130920410156,65.12999725341797,65.31999969482422,64.47000122070312,64.68000030517578,5314000
2022-08-04,57.55681228637695,64.25,65.18000030517578,64.08000183105469,64.97000122070312,5672800
2022-08-05,57.12681198120117,63.77000045776367,64.1500015258789,63.130001068115234,64.1500015258789,5679900
2022-08-08,57.27910614013672,63.939998626708984,64.58999633789062,63.709999084472656,64.0199966430664,4928700
2022-08-09,57.2701416015625,63.93000030517578,64.31999969482422,63.81999969482422,64.16000366210938,3475500
2022-08-10,57.75389099121094,64.47000122070312,64.66000366210938,64.18000030517578,64.31999969482422,3597400
2022-08-11,57.592647552490234,64.29000091552734,65.0999984741211,64.12999725341797,64.80999755859375,3636300
2022-08-12,57.51201629638672,64.19999694824219,64.66999816894531,63.790000915527344,64.48999786376953,4838300
2022-08-15,58.38992691040039,65.18000030517578,65.37999725341797,64.08000183105469,64.38999938964844,4763700
2022-08-16,59.08866882324219,65.95999908447266,66.30999755859375,65.05999755859375,65.18000030517578,5257200
2022-08-17,58.685543060302734,65.51000213623047,65.83999633789062,65.22000122070312,65.77999877929688,4194600
2022-08-18,58.72139358520508,65.55000305175781,65.73999786376953,65.0999984741211,65.47000122070312,3596400
2022-08-19,58.55118179321289,65.36000061035156,65.66000366210938,64.95999908447266,65.22000122070312,5057100
2022-08-22,57.789730072021484,64.51000213623047,65.4800033569336,64.30000305175781,65.25,5429800
2022-08-23,57.082027435302734,63.720001220703125,64.38999938964844,63.650001525878906,64.2300033569336,5409800
2022-08-24,57.87034606933594,64.5999984741211,64.68000030517578,63.59000015258789,63.779998779296875,5911400
2022-08-25,57.744930267333984,64.45999908447266,64.97000122070312,64.06999969482422,64.5999984741211,4375200
2022-08-26,56.19514846801758,62.72999954223633,64.68000030517578,62.56999969482422,64.55999755859375,7071900
2022-08-29,55.97119903564453,62.47999954223633,62.849998474121094,61.790000915527344,62.22999954223633,5480900
2022-08-30,55.406822204589844,61.849998474121094,62.54999923706055,61.63999938964844,62.45000076293945,4850300
2022-08-31,55.4157829284668,61.86000061035156,62.900001525878906,61.81999969482422,61.959999084472656,9945100
2022-09-01,55.51432418823242,61.970001220703125,62.02000045776367,60.970001220703125,61.540000915527344,7562500
2022-09-02,54.40350341796875,60.72999954223633,62.45000076293945,60.380001068115234,62.040000915527344,6262700
2022-09-06,53.74954605102539,60.0,60.86000061035156,59.7599983215332,60.86000061035156,8906800
2022-09-07,55.0216178894043,61.41999816894531,61.5099983215332,59.81999969482422,60.04999923706055,8278100
2022-09-08,54.600582122802734,60.95000076293945,61.25,60.099998474121094,61.0099983215332,5605500
2022-09-09,54.94099426269531,61.33000183105469,61.75,60.93000030517578,61.33000183105469,6341300
2022-09-12,55.451622009277344,61.900001525878906,62.439998626708984,61.45000076293945,61.619998931884766,5887200
2022-09-13,53.642051696777344,59.880001068115234,61.27000045776367,59.619998931884766,61.029998779296875,8652900
2022-09-14,53.964542388916016,60.2400016784668,60.470001220703125,59.93000030517578,60.119998931884766,6543400
2022-09-15,53.364349365234375,59.56999969482422,60.2400016784668,59.310001373291016,60.09000015258789,6629600
2022-09-16,54.0182991027832,60.29999923706055,60.38999938964844,59.380001068115234,59.47999954223633,11923900
2022-09-19,54.089962005615234,60.380001068115234,60.459999084472656,59.849998474121094,60.29999923706055,7782700
2022-09-20,53.52558898925781,59.75,60.22999954223633,59.2599983215332,60.040000915527344,6295200
2022-09-21,53.52558898925781,59.75,61.04999923706055,59.7400016784668,59.939998626708984,8873000
2022-09-22,53.57038116455078,59.79999923706055,60.34000015258789,59.5,59.869998931884766,7005900
2022-09-23,52.80893325805664,58.95000076293945,59.75,58.2599983215332,59.540000915527344,6145400
2022-09-26,52.27143096923828,58.349998474121094,59.119998931884766,58.099998474121094,58.790000915527344,7200000
2022-09-27,51.5816535949707,57.58000183105469,59.130001068115234,57.310001373291016,58.689998626708984,7415400
2022-09-28,52.08331298828125,58.13999938964844,58.459999084472656,57.2599983215332,57.9900016784668,6262700
2022-09-29,51.104862213134766,56.66999816894531,57.70000076293945,56.290000915527344,57.619998931884766,7336400
2022-09-30,49.445552825927734,54.83000183105469,56.70000076293945,54.720001220703125,56.4900016784668,14651500
2022-10-03,50.8162841796875,56.349998474121094,56.560001373291016,54.849998474121094,55.2400016784668,11676200
2022-10-04,51.880409240722656,57.529998779296875,57.93000030517578,56.7400016784668,56.84000015258789,11281900
2022-10-05,51.618896484375,57.2400016784668,57.650001525878906,56.5099983215332,57.20000076293945,4901100
2022-10-06,50.509681701660156,56.0099983215332,57.33000183105469,55.79999923706055,57.0099983215332,6069700
2022-10-07,49.83332824707031,55.2599983215332,55.95000076293945,54.95000076293945,55.849998474121094,6753300
2022-10-10,50.15797424316406,55.619998931884766,55.86000061035156,54.970001220703125,55.540000915527344,6944600
2022-10-11,50.75315475463867,56.279998779296875,56.7599983215332,55.369998931884766,55.529998779296875,7976200
2022-10-12,51.249149322509766,56.83000183105469,57.540000915527344,56.61000061035156,56.939998626708984,8280200
2022-10-13,52.01567459106445,57.68000030517578,58.029998779296875,55.869998931884766,56.099998474121094,10000100
2022-10-14,51.34834289550781,56.939998626708984,58.31999969482422,56.84000015258789,58.209999084472656,7916400
2022-10-17,51.79924392700195,57.439998626708984,57.970001220703125,57.34000015258789,57.61000061035156,7340600
2022-10-18,52.619876861572266,58.349998474121094,58.70000076293945,57.790000915527344,58.119998931884766,6349100
2022-10-19,52.033714294433594,57.70000076293945,58.59000015258789,57.369998931884766,58.20000076293945,4619000
2022-10-20,51.32129669189453,56.90999984741211,57.869998931884766,56.790000915527344,57.75,5723200
2022-10-21,51.71807861328125,57.349998474121094,57.43000030517578,56.380001068115234,56.58000183105469,9719900
2022-10-24,52.971580505371094,58.7400016784668,58.779998779296875,57.79999923706055,58.16999816894531,6487800
2022-10-25,53.48561096191406,59.310001373291016,59.38999938964844,58.52000045776367,58.83000183105469,7080600
2022-10-26,54.017669677734375,59.900001525878906,60.540000915527344,59.29999923706055,59.84000015258789,6620200
2022-10-27,54.38740158081055,60.310001373291016,60.689998626708984,59.7400016784668,60.0,7547500
2022-10-28,55.640907287597656,61.70000076293945,61.810001373291016,60.41999816894531,60.65999984741211,6263700
2022-10-31,55.442508697509766,61.47999954223633,61.9900016784668,60.63999938964844,61.22999954223633,6840600
2022-11-01,55.794212341308594,61.869998931884766,62.279998779296875,61.540000915527344,61.560001373291016,8507500
2022-11-02,56.43448257446289,62.58000183105469,64.95999908447266,62.0,64.94999694824219,11491100
2022-11-03,55.91144561767578,62.0,62.650001525878906,61.84000015258789,62.09000015258789,8159800
2022-11-04,57.011634826660156,63.220001220703125,63.279998779296875,62.119998931884766,62.310001373291016,7507300
2022-11-07,58.06673049926758,64.38999938964844,64.51000213623047,63.369998931884766,63.400001525878906,6480100
2022-11-08,57.642887115478516,63.91999816894531,64.69999694824219,62.970001220703125,64.19999694824219,6772100
2022-11-09,57.16494369506836,63.38999938964844,64.30999755859375,63.29999923706055,63.849998474121094,5584400
2022-11-10,58.598812103271484,64.9800033569336,65.16999816894531,63.470001220703125,64.76000213623047,8601500
2022-11-11,58.43647766113281,64.80000305175781,65.19000244140625,63.959999084472656,65.05000305175781,6384600
2022-11-14,57.805213928222656,64.0999984741211,65.33000183105469,64.05999755859375,65.0,5870400
2022-11-15,58.301204681396484,64.6500015258789,64.98999786376953,64.16999816894531,64.79000091552734,5930900
2022-11-16,58.61684036254883,65.0,65.55000305175781,64.68000030517578,64.98999786376953,4711100
2022-11-17,58.12084197998047,64.44999694824219,64.62999725341797,64.01000213623047,64.30999755859375,5152200
2022-11-18,58.60781478881836,64.98999786376953,65.08999633789062,64.30999755859375,64.66000366210938,4973200
2022-11-21,59.383358001708984,65.8499984741211,65.95999908447266,65.05000305175781,65.30000305175781,5824700
2022-11-22,59.798187255859375,66.30999755859375,66.38999938964844,65.80999755859375,66.25,4077900
2022-11-23,60.122833251953125,66.66999816894531,66.69999694824219,66.13999938964844,66.30999755859375,3235800
2022-11-25,60.140872955322266,66.69000244140625,66.81999969482422,66.48999786376953,66.66999816894531,2212200
2022-11-28,59.65390396118164,66.1500015258789,66.98999786376953,66.06999969482422,66.68000030517578,3755200
2022-11-29,59.56373596191406,66.05000305175781,66.12999725341797,65.58999633789062,65.80999755859375,3673500
2022-11-30,60.970516204833984,67.61000061035156,67.75,65.58999633789062,65.79000091552734,8415200
2022-12-01,61.40339279174805,68.08999633789062,68.52999877929688,67.69000244140625,67.76000213623047,5846500
2022-12-02,61.6017951965332,68.30999755859375,68.36000061035156,67.20999908447266,67.41000366210938,3798400
2022-12-05,60.80820083618164,67.43000030517578,67.6500015258789,67.05000305175781,67.55000305175781,4190000
2022-12-06,60.681941986083984,67.29000091552734,67.97000122070312,66.91000366210938,67.68000030517578,4819600
2022-12-07,61.349273681640625,68.02999877929688,68.80999755859375,67.4800033569336,67.62000274658203,7222700
2022-12-08,60.95248031616211,67.58999633789062,68.08000183105469,67.19999694824219,67.33999633789062,5929800
2022-12-09,60.47452926635742,67.05999755859375,67.62000274658203,66.94000244140625,67.55999755859375,4819200
2022-12-12,60.76309585571289,67.37999725341797,67.43000030517578,66.9000015258789,67.33999633789062,6225000
2022-12-13,60.961509704589844,67.5999984741211,68.5,67.06999969482422,68.25,6992100
2022-12-14,60.654903411865234,67.26000213623047,68.05999755859375,66.79000091552734,67.73999786376953,7986500
2022-12-15,59.87032699584961,66.38999938964844,67.22000122070312,65.81999969482422,66.94000244140625,7717300
2022-12-16,59.66292190551758,66.16000366210938,66.38999938964844,65.27999877929688,65.91999816894531,17584900
2022-12-19,59.24809646606445,65.69999694824219,66.29000091552734,65.47000122070312,66.05999755859375,7117200
2022-12-20,59.383358001708984,65.8499984741211,66.20999908447266,65.37999725341797,65.77999877929688,5718300
2022-12-21,60.321231842041016,66.88999938964844,67.29000091552734,66.0999984741211,66.25,5608500
2022-12-22,60.176944732666016,66.7300033569336,66.83000183105469,65.97000122070312,66.69000244140625,4856700
2022-12-23,60.5106086730957,67.0999984741211,67.23999786376953,66.54000091552734,66.79000091552734,3365200
2022-12-27,60.8623161315918,67.48999786376953,67.5999984741211,67.13999938964844,67.38999938964844,3139400
2022-12-28,60.26711654663086,66.83000183105469,67.83000183105469,66.80000305175781,67.81999969482422,3499200
2022-12-29,60.74331283569336,66.97000122070312,67.12999725341797,66.5,66.54000091552734,3277700
2022-12-30,60.453067779541016,66.6500015258789,66.98999786376953,66.11000061035156,66.88999938964844,4335300
2023-01-03,60.090248107910156,66.25,66.69999694824219,65.37000274658203,66.5,6545300
2023-01-04,60.52562713623047,66.7300033569336,67.38999938964844,66.26000213623047,66.36000061035156,6086900
2023-01-05,60.035831451416016,66.19000244140625,67.12999725341797,66.02999877929688,66.98999786376953,5353400
2023-01-06,61.6956787109375,68.0199966430664,68.26000213623047,66.88999938964844,67.1500015258789,5845500
2023-01-09,60.98820877075195,67.23999786376953,68.33000183105469,67.22000122070312,67.66999816894531,4132700
2023-01-10,61.05169677734375,67.30999755859375,67.47000122070312,67.0,67.0199966430664,3560600
2023-01-11,61.287540435791016,67.56999969482422,67.81999969482422,66.94000244140625,67.56999969482422,4928700
2023-01-12,60.55284118652344,66.76000213623047,67.52999877929688,66.55999755859375,67.41000366210938,4945800
2023-01-13,60.82493591308594,67.05999755859375,67.11000061035156,66.22000122070312,66.58999633789062,4712700
2023-01-17,60.78866195678711,67.0199966430664,67.5,66.93000030517578,67.18000030517578,6245300
2023-01-18,58.56645584106445,64.56999969482422,66.83999633789062,64.43000030517578,66.7300033569336,6751700
2023-01-19,57.90433120727539,63.84000015258789,64.80999755859375,63.75,64.41000366210938,5933700
2023-01-20,58.085731506347656,64.04000091552734,64.04000091552734,63.2599983215332,63.7599983215332,7524300
2023-01-23,58.375980377197266,64.36000061035156,64.77999877929688,63.91999816894531,64.12999725341797,6108900
2023-01-24,58.81134796142578,64.83999633789062,65.01000213623047,63.7599983215332,64.4000015258789,5025000
2023-01-25,58.95648956298828,65.0,65.0199966430664,64.08000183105469,64.94000244140625,4505600
2023-01-26,58.52110290527344,64.5199966430664,64.8499984741211,64.27999877929688,64.8499984741211,5051500
2023-01-27,58.702510833740234,64.72000122070312,64.94999694824219,64.05999755859375,64.44999694824219,7141800
2023-01-30,58.81134796142578,64.83999633789062,65.44000244140625,64.41000366210938,64.79000091552734,7920700
2023-01-31,59.355567932128906,65.44000244140625,65.4800033569336,64.72000122070312,64.9800033569336,5938700
2023-02-01,60.52562713623047,66.7300033569336,67.12999725341797,65.44000244140625,65.66000366210938,8004500
2023-02-02,60.46213912963867,66.66000366210938,66.79000091552734,65.80000305175781,66.25,6776200
2023-02-03,59.7818717956543,65.91000366210938,66.87000274658203,65.5199966430664,66.81999969482422,6271300
2023-02-06,60.01769256591797,66.16999816894531,66.29000091552734,65.6500015258789,65.91000366210938,4852700
2023-02-07,59.029048919677734,65.08000183105469,65.68000030517578,64.12000274658203,65.68000030517578,8080500
2023-02-08,58.765995025634766,64.79000091552734,64.98999786376953,64.43000030517578,64.75,4792500
2023-02-09,58.3125,64.29000091552734,65.37000274658203,64.22000122070312,65.18000030517578,4150000
2023-02-10,59.40998077392578,65.5,65.58000183105469,64.11000061035156,64.29000091552734,5509500
2023-02-13,60.108394622802734,66.2699966430664,66.73999786376953,65.7699966430664,65.7699966430664,5588200
2023-02-14,59.555118560791016,65.66000366210938,66.41000366210938,65.27999877929688,66.38999938964844,5053000
2023-02-15,59.582332611083984,65.69000244140625,65.69999694824219,65.16999816894531,65.62000274658203,3746400
2023-02-16,59.57325744628906,65.68000030517578,65.76000213623047,64.43000030517578,64.98999786376953,6419600
2023-02-17,60.634464263916016,66.8499984741211,67.02999877929688,65.62000274658203,65.7699966430664,7339800
2023-02-21,60.40771484375,66.5999984741211,66.94000244140625,65.75,66.69999694824219,6742100
2023-02-22,60.07212448120117,66.2300033569336,67.44000244140625,66.06999969482422,66.66999816894531,5358300
2023-02-23,59.927001953125,66.06999969482422,66.55000305175781,65.6500015258789,66.41000366210938,4637300
2023-02-24,59.45534896850586,65.55000305175781,65.77999877929688,65.0199966430664,65.7300033569336,5240300
2023-02-27,59.53697967529297,65.63999938964844,66.29000091552734,65.5199966430664,66.01000213623047,3328900
2023-02-28,59.119747161865234,65.18000030517578,65.62999725341797,65.0,65.44000244140625,5597000
2023-03-01,58.22179412841797,64.19000244140625,64.9800033569336,63.81999969482422,64.9800033569336,5115900
2023-03-02,59.28300857543945,65.36000061035156,65.52999877929688,64.06999969482422,64.29000091552734,6635100
2023-03-03,59.600467681884766,65.70999908447266,65.94999694824219,64.62999725341797,65.2699966430664,5641200
2023-03-06,59.57325744628906,65.68000030517578,66.08000183105469,65.55000305175781,65.66000366210938,3878900
2023-03-07,58.78413772583008,64.80999755859375,65.79000091552734,64.38999938964844,65.79000091552734,4850700
2023-03-08,59.038108825683594,65.08999633789062,65.23999786376953,64.5999984741211,64.69999694824219,3015400
2023-03-09,58.738792419433594,64.76000213623047,65.69999694824219,64.47000122070312,65.44000244140625,4065900
2023-03-10,58.86577606201172,64.9000015258789,65.51000213623047,64.73999786376953,65.01000213623047,5744800
2023-03-13,59.44627380371094,65.54000091552734,66.94000244140625,65.0199966430664,65.0199966430664,11336500
2023-03-14,60.12654495239258,66.29000091552734,66.38999938964844,65.27999877929688,65.58000183105469,7653600
2023-03-15,60.2263069152832,66.4000015258789,66.5999984741211,65.06999969482422,65.63999938964844,8512800
2023-03-16,60.71610641479492,66.94000244140625,67.04000091552734,65.73999786376953,66.37999725341797,7079900
2023-03-17,60.2263069152832,66.4000015258789,66.91000366210938,65.83000183105469,66.77999877929688,13634200
2023-03-20,61.43264389038086,67.7300033569336,67.73999786376953,66.5999984741211,66.6500015258789,8081300
2023-03-21,61.523353576660156,67.83000183105469,67.93000030517578,67.12000274658203,67.80999755859375,8566100
2023-03-22,61.09705352783203,67.36000061035156,68.43000030517578,67.33000183105469,68.0,6989600
2023-03-23,60.951934814453125,67.19999694824219,67.7699966430664,67.0,67.20999908447266,6043900
2023-03-24,62.62085723876953,69.04000091552734,69.0999984741211,67.4800033569336,67.4800033569336,7200600
2023-03-27,62.729698181152344,69.16000366210938,69.75,69.12999725341797,69.19999694824219,6253800
2023-03-28,63.119720458984375,69.58999633789062,70.05999755859375,69.16000366210938,69.20999908447266,5725900
2023-03-29,63.827186584472656,70.37000274658203,70.38999938964844,70.02999877929688,70.02999877929688,4833500
2023-03-30,63.457828521728516,69.58000183105469,70.22000122070312,69.41999816894531,70.0199966430664,7116000
2023-03-31,63.58550262451172,69.72000122070312,70.0199966430664,69.45999908447266,69.94000244140625,7037300
2023-04-03,64.04150390625,70.22000122070312,70.61000061035156,68.95999908447266,69.45999908447266,5755700
2023-04-04,64.31510925292969,70.5199966430664,70.6500015258789,70.02999877929688,70.12000274658203,4397700
2023-04-05,65.11768341064453,71.4000015258789,71.5999984741211,70.8499984741211,70.94000244140625,5789300
2023-04-06,64.79847717285156,71.05000305175781,71.8499984741211,70.86000061035156,71.66000366210938,5024100
2023-04-10,64.32422637939453,70.52999877929688,70.80999755859375,69.75,70.72000122070312,4965500
2023-04-11,64.12358856201172,70.30999755859375,70.73999786376953,70.22000122070312,70.45999908447266,5060100
2023-04-12,64.03238677978516,70.20999908447266,70.69000244140625,70.01000213623047,70.36000061035156,6794200
2023-04-13,64.24215698242188,70.44000244140625,70.54000091552734,69.72000122070312,70.30000305175781,5410000
2023-04-14,63.66759490966797,69.80999755859375,70.36000061035156,69.68000030517578,70.12999725341797,4423600
2023-04-17,64.07799530029297,70.26000213623047,70.3499984741211,69.70999908447266,70.04000091552734,5178500
2023-04-18,64.296875,70.5,70.62000274658203,69.93000030517578,70.22000122070312,3782300
2023-04-19,64.169189453125,70.36000061035156,70.7300033569336,70.23999786376953,70.6500015258789,4785100
2023-04-20,64.78024291992188,71.02999877929688,71.26000213623047,70.27999877929688,70.27999877929688,4808000
2023-04-21,65.04472351074219,71.31999969482422,71.52999877929688,70.81999969482422,71.23999786376953,4546000
2023-04-24,65.49159240722656,71.80999755859375,71.88999938964844,71.30000305175781,71.3499984741211,4203400
2023-04-25,66.12090301513672,72.5,72.62999725341797,71.7699966430664,71.80999755859375,5980400
2023-04-26,65.96585845947266,72.33000183105469,72.47000122070312,71.58999633789062,71.70999908447266,5877200
2023-04-27,67.32475280761719,73.81999969482422,73.88999938964844,72.18000030517578,72.38999938964844,7665100
2023-04-28,69.96961212158203,76.72000122070312,78.58999633789062,75.69000244140625,75.87999725341797,14861600
2023-05-01,70.42560577392578,77.22000122070312,77.72000122070312,76.19000244140625,76.5199966430664,6670400
2023-05-02,70.77215576171875,77.5999984741211,77.7699966430664,76.5199966430664,77.31999969482422,7971900
2023-05-03,70.2431869506836,77.0199966430664,78.01000213623047,76.66000366210938,77.88999938964844,5957400
2023-05-04,70.48943328857422,77.29000091552734,77.5,76.76000213623047,77.41999816894531,5725400
2023-05-05,70.73570251464844,77.55999755859375,77.62999725341797,76.7699966430664,77.05999755859375,5461000
2023-05-08,71.23729705810547,78.11000061035156,78.20999908447266,76.95999908447266,77.25,5676500
2023-05-09,71.03663635253906,77.88999938964844,78.06999969482422,77.31999969482422,77.9000015258789,3825700
2023-05-10,71.03663635253906,77.88999938964844,78.37999725341797,77.51000213623047,77.88999938964844,5160400
2023-05-11,71.46530151367188,78.36000061035156,78.44000244140625,77.3499984741211,77.91999816894531,3679500
2023-05-12,71.02753448486328,77.87999725341797,78.54000091552734,77.73999786376953,78.4000015258789,5085400
2023-05-15,70.89073181152344,77.7300033569336,78.26000213623047,77.31999969482422,78.12000274658203,3189500
2023-05-16,70.95458221435547,77.80000305175781,78.01000213623047,76.93000030517578,77.5999984741211,4389300
2023-05-17,70.43472290039062,77.2300033569336,77.91999816894531,76.55999755859375,77.80000305175781,4907800
2023-05-18,70.47119903564453,77.2699966430664,77.30999755859375,76.62000274658203,76.80999755859375,5040200
2023-05-19,70.27967071533203,77.05999755859375,77.56999969482422,76.73999786376953,77.36000061035156,5806800
2023-05-22,69.19438934326172,75.87000274658203,77.20999908447266,75.63999938964844,77.08000183105469,5655800
2023-05-23,68.99374389648438,75.6500015258789,76.0,75.13999938964844,75.97000122070312,4807400
2023-05-24,68.82957458496094,75.47000122070312,75.86000061035156,75.1500015258789,75.62999725341797,4553800
2023-05-25,68.56507873535156,75.18000030517578,75.44000244140625,74.38999938964844,74.94999694824219,5125600
2023-05-26,68.51949310302734,75.12999725341797,75.29000091552734,74.44000244140625,75.01000213623047,7429000
2023-05-30,66.00235748291016,72.37000274658203,74.52999877929688,72.25,74.41000366210938,10882400
2023-05-31,66.95084381103516,73.41000366210938,73.73999786376953,72.27999877929688,72.47000122070312,13628600
2023-06-01,67.13323974609375,73.61000061035156,73.7300033569336,72.97000122070312,73.62000274658203,5445200
2023-06-02,67.73515319824219,74.2699966430664,74.36000061035156,73.5,73.7699966430664,5672300
2023-06-05,67.75340270996094,74.29000091552734,74.7300033569336,73.94000244140625,74.25,6670000
2023-06-06,66.832275390625,73.27999877929688,74.55999755859375,72.86000061035156,74.30999755859375,4865100
2023-06-07,65.83818817138672,72.19000244140625,73.1500015258789,72.02999877929688,72.29000091552734,7789300
2023-06-08,66.65899658203125,73.08999633789062,73.19999694824219,71.86000061035156,72.01000213623047,4835500
2023-06-09,66.54955291748047,72.97000122070312,73.22000122070312,72.45999908447266,72.45999908447266,4406800
2023-06-12,66.40364074707031,72.80999755859375,73.16999816894531,72.20999908447266,72.97000122070312,4934300
2023-06-13,66.32156372070312,72.72000122070312,73.05999755859375,72.44000244140625,72.56999969482422,3796600
2023-06-14,66.69548034667969,73.12999725341797,73.43000030517578,72.62999725341797,73.02999877929688,5203900
2023-06-15,66.99642944335938,73.45999908447266,73.79000091552734,73.19000244140625,73.4800033569336,4908900
2023-06-16,67.09676361083984,73.56999969482422,74.41000366210938,73.44000244140625,74.13999938964844,10884800
2023-06-20,66.81403350830078,73.26000213623047,74.25,73.25,73.87999725341797,6284000
2023-06-21,66.70458984375,73.13999938964844,73.5,72.62999725341797,73.25,6778600
2023-06-22,67.25179290771484,73.73999786376953,73.94999694824219,73.26000213623047,73.26000213623047,6226400
2023-06-23,66.66809844970703,73.0999984741211,74.11000061035156,72.94000244140625,74.08999633789062,7619000
2023-06-26,66.78667449951172,73.2300033569336,73.27999877929688,72.36000061035156,73.08999633789062,4951000
2023-06-27,67.42507934570312,73.93000030517578,73.97000122070312,72.95999908447266,73.48999786376953,6508000
2023-06-28,66.77755737304688,73.22000122070312,73.70999908447266,72.75,73.38999938964844,6290100
2023-06-29,66.2686996459961,72.27999877929688,72.55999755859375,71.9000015258789,72.19000244140625,6453900
2023-06-30,66.87380981445312,72.94000244140625,73.08999633789062,72.45999908447266,72.58000183105469,8377700
2023-07-03,67.39641571044922,73.51000213623047,73.5999984741211,72.48999786376953,72.7699966430664,3931700
2023-07-05,67.13053894042969,73.22000122070312,73.41000366210938,72.62999725341797,72.97000122070312,7448800
2023-07-06,66.8188247680664,72.87999725341797,73.06999969482422,72.13999938964844,72.66999816894531,6781100
2023-07-07,66.01199340820312,72.0,72.7699966430664,71.94999694824219,72.76000213623047,6720300
2023-07-10,66.10366821289062,72.0999984741211,73.01000213623047,72.01000213623047,72.38999938964844,5702900
2023-07-11,64.99430847167969,70.88999938964844,72.06999969482422,70.4800033569336,72.0,8284000
2023-07-12,65.4618911743164,71.4000015258789,71.81999969482422,70.94999694824219,71.27999877929688,8454700
2023-07-13,65.85614776611328,71.83000183105469,71.93000030517578,71.19999694824219,71.3499984741211,5582900
2023-07-14,66.2686996459961,72.27999877929688,72.33000183105469,71.5999984741211,71.97000122070312,4556800
2023-07-17,65.95697784423828,71.94000244140625,72.62000274658203,71.88999938964844,72.05000305175781,5824400
2023-07-18,66.10366821289062,72.0999984741211,72.41000366210938,71.41000366210938,71.69999694824219,5777600
2023-07-19,67.12136840820312,73.20999908447266,73.29000091552734,72.01000213623047,72.18000030517578,6206000
2023-07-20,67.73564147949219,73.87999725341797,74.05000305175781,73.4800033569336,73.5,7003100
2023-07-21,67.82733154296875,73.9800033569336,74.45999908447266,73.63999938964844,73.86000061035156,22069200
2023-07-24,68.13905334472656,74.31999969482422,74.44000244140625,74.06999969482422,74.11000061035156,6224000
2023-07-25,68.21240234375,74.4000015258789,74.41999816894531,73.9800033569336,74.33000183105469,6928500
2023-07-26,67.54310607910156,73.66999816894531,74.37000274658203,73.44000244140625,74.0999984741211,5676000
2023-07-27,66.34205627441406,72.36000061035156,74.0,72.22000122070312,73.62999725341797,6446700
2023-07-28,68.7991714477539,75.04000091552734,76.7699966430664,74.66000366210938,75.87999725341797,10226400
2023-07-31,67.96484375,74.12999725341797,75.05000305175781,73.70999908447266,74.91000366210938,6476100
2023-08-01,68.16654205322266,74.3499984741211,74.66999816894531,73.91999816894531,74.25,5080300
2023-08-02,69.08338165283203,75.3499984741211,75.61000061035156,74.0999984741211,74.11000061035156,7211600
2023-08-03,69.02838134765625,75.29000091552734,75.69000244140625,75.08000183105469,75.0999984741211,7102500
2023-08-04,67.7723159790039,73.91999816894531,75.61000061035156,73.81999969482422,75.26000213623047,5070800
2023-08-07,68.08404541015625,74.26000213623047,74.51000213623047,73.9800033569336,74.13999938964844,2892100
2023-08-08,67.29556274414062,73.4000015258789,74.31999969482422,73.26000213623047,74.20999908447266,4870500
2023-08-09,67.66229248046875,73.80000305175781,74.12000274658203,73.22000122070312,73.31999969482422,5487300
2023-08-10,67.58895111083984,73.72000122070312,74.69999694824219,73.62999725341797,74.01000213623047,4137800
2023-08-11,67.81816101074219,73.97000122070312,74.29000091552734,73.69000244140625,73.9000015258789,3611500
2023-08-14,67.12136840820312,73.20999908447266,74.18000030517578,73.08999633789062,74.0999984741211,6063900
2023-08-15,66.2686996459961,72.27999877929688,72.97000122070312,72.22000122070312,72.9000015258789,4874800
2023-08-16,65.97532653808594,71.95999908447266,72.72000122070312,71.86000061035156,72.2699966430664,4065500
2023-08-17,65.2785415649414,71.19999694824219,72.18000030517578,71.16000366210938,71.98999786376953,4446400
2023-08-18,65.21434020996094,71.12999725341797,71.4000015258789,70.97000122070312,71.16999816894531,5330500
2023-08-21,64.8476333618164,70.7300033569336,71.23999786376953,70.58000183105469,71.08999633789062,4787200
2023-08-22,64.37085723876953,70.20999908447266,70.8499984741211,70.11000061035156,70.6500015258789,4685400
2023-08-23,65.53524780273438,71.4800033569336,71.55000305175781,70.41999816894531,70.5,5603900
2023-08-24,64.9576416015625,70.8499984741211,72.16999816894531,70.80999755859375,71.55999755859375,4736900
2023-08-25,65.55358123779297,71.5,71.81999969482422,70.91999816894531,71.05999755859375,3890200
2023-08-28,65.59941864013672,71.55000305175781,71.94000244140625,71.16000366210938,71.91999816894531,3577000
2023-08-29,65.53524780273438,71.4800033569336,71.81999969482422,70.87999725341797,71.80000305175781,6201300
2023-08-30,65.61775207519531,71.56999969482422,72.0,71.45999908447266,71.62999725341797,3883800
2023-08-31,65.33353424072266,71.26000213623047,71.62000274658203,70.91000366210938,71.44000244140625,7116600
2023-09-01,63.89412307739258,69.69000244140625,71.73999786376953,69.44000244140625,71.73999786376953,7284400
2023-09-05,63.77490997314453,69.55999755859375,69.7300033569336,69.0199966430664,69.58999633789062,6517300
2023-09-06,63.89412307739258,69.69000244140625,69.76000213623047,69.25,69.54000091552734,4784100
2023-09-07,64.17833709716797,70.0,70.41999816894531,69.66000366210938,69.97000122070312,6177900
2023-09-08,64.01331329345703,69.81999969482422,70.0,69.23999786376953,69.98999786376953,6838500
2023-09-11,65.43439483642578,71.37000274658203,71.56999969482422,69.87999725341797,70.12999725341797,6503900
2023-09-12,65.1501693725586,71.05999755859375,71.44000244140625,70.94000244140625,71.37000274658203,4834500
2023-09-13,65.36104583740234,71.29000091552734,71.38999938964844,70.80000305175781,70.91000366210938,4026600
2023-09-14,66.36040496826172,72.37999725341797,72.55000305175781,71.37000274658203,71.5,5183200
2023-09-15,65.95697784423828,71.94000244140625,72.69999694824219,71.83999633789062,72.30000305175781,9339800
2023-09-18,65.88362884521484,71.86000061035156,72.37999725341797,71.44000244140625,72.37999725341797,3915000
2023-09-19,65.56275177001953,71.51000213623047,71.7300033569336,71.16000366210938,71.7300033569336,4048700
2023-09-20,65.68193817138672,71.63999938964844,72.08000183105469,71.19999694824219,71.73999786376953,3845800
2023-09-21,64.82927703857422,70.70999908447266,71.80000305175781,70.66000366210938,71.41999816894531,4773400
2023-09-22,64.57256317138672,70.43000030517578,71.05999755859375,70.3499984741211,70.70999908447266,5976200
2023-09-25,63.912452697753906,69.70999908447266,70.38999938964844,69.30000305175781,70.31999969482422,4516700
2023-09-26,64.70093536376953,70.56999969482422,70.94000244140625,69.45999908447266,69.52999877929688,9672000
2023-09-27,64.16915130615234,69.98999786376953,70.95999908447266,69.63999938964844,70.79000091552734,10621700
2023-09-28,64.00772857666016,69.38999938964844,70.05000305175781,69.33000183105469,69.80999755859375,6688800
2023-09-29,64.01696014404297,69.4000015258789,69.9800033569336,69.0999984741211,69.58999633789062,5562800
2023-10-02,63.17754364013672,68.48999786376953,69.29000091552734,68.04000091552734,69.19999694824219,4929100
2023-10-03,62.3565788269043,67.5999984741211,68.26000213623047,67.37000274658203,68.23999786376953,7959500
2023-10-04,63.352806091308594,68.68000030517578,68.80000305175781,67.37999725341797,67.79000091552734,5757700
2023-10-05,60.022823333740234,65.06999969482422,68.36000061035156,65.0199966430664,68.33999633789062,7626600
2023-10-06,58.44545364379883,63.36000061035156,64.41000366210938,61.189998626708984,64.37999725341797,19041700
2023-10-09,58.82365036010742,63.77000045776367,64.38999938964844,62.709999084472656,63.79999923706055,8349300
2023-10-10,58.69451141357422,63.630001068115234,64.5,63.29999923706055,64.4000015258789,9107700
2023-10-11,58.021141052246094,62.900001525878906,63.959999084472656,62.72999954223633,63.689998626708984,5996400
2023-10-12,56.30540466308594,61.040000915527344,62.84000015258789,60.75,62.77000045776367,8044800
2023-10-13,56.75740051269531,61.529998779296875,61.95000076293945,60.869998931884766,61.06999969482422,7316600
2023-10-16,57.76285171508789,62.619998931884766,62.95000076293945,61.83000183105469,61.869998931884766,7588900
2023-10-17,58.611488342285156,63.540000915527344,63.59000015258789,62.41999816894531,62.459999084472656,7935800
2023-10-18,59.17417907714844,64.1500015258789,64.61000061035156,63.70000076293945,63.709999084472656,7677000
2023-10-19,59.229522705078125,64.20999908447266,64.97000122070312,63.810001373291016,64.08000183105469,8736200
2023-10-20,59.128055572509766,64.0999984741211,65.02999877929688,64.08000183105469,64.33999633789062,9887000
2023-10-23,59.02659225463867,63.9900016784668,64.66000366210938,63.65999984741211,63.91999816894531,5162100
2023-10-24,60.46559143066406,65.55000305175781,65.72000122070312,64.16000366210938,64.19999694824219,7711000
2023-10-25,60.594730377197266,65.69000244140625,66.08000183105469,65.05000305175781,65.37999725341797,6916700
2023-10-26,60.55783462524414,65.6500015258789,66.37999725341797,65.38999938964844,65.88999938964844,6808900
2023-10-27,59.96747970581055,65.01000213623047,66.05000305175781,64.86000061035156,65.30000305175781,6251600
2023-10-30,60.86223602294922,65.9800033569336,66.16999816894531,65.2699966430664,65.41999816894531,6471700
2023-10-31,61.07439041137695,66.20999908447266,66.33000183105469,65.33000183105469,66.01000213623047,5575200
2023-11-01,61.637081146240234,66.81999969482422,67.26000213623047,66.23999786376953,66.44999694824219,7991300
2023-11-02,62.697879791259766,67.97000122070312,68.81999969482422,67.16999816894531,68.5,10467800
2023-11-03,63.4819450378418,68.81999969482422,69.08999633789062,68.33999633789062,68.6500015258789,9269400
2023-11-06,62.946937561035156,68.23999786376953,69.22000122070312,68.18000030517578,68.73999786376953,5600600
2023-11-07,63.17754364013672,68.48999786376953,68.83000183105469,68.08000183105469,68.6500015258789,8028600
2023-11-08,63.66643524169922,69.0199966430664,69.36000061035156,68.76000213623047,68.76000213623047,6608800
2023-11-09,63.59264373779297,68.94000244140625,69.36000061035156,68.80999755859375,69.06999969482422,7639100
2023-11-10,63.75868225097656,69.12000274658203,69.30999755859375,68.37000274658203,69.16000366210938,7076700
2023-11-13,63.924720764160156,69.30000305175781,69.76000213623047,68.95999908447266,69.02999877929688,6178700
2023-11-14,64.66266632080078,70.0999984741211,70.23999786376953,69.62000274658203,69.83999633789062,7502900
2023-11-15,64.56118774414062,69.98999786376953,70.69000244140625,69.73999786376953,69.73999786376953,7262100
2023-11-16,65.142333984375,70.62000274658203,70.97000122070312,70.30999755859375,70.48999786376953,6440200
2023-11-17,65.15155792236328,70.62999725341797,71.0,70.20999908447266,71.0,5427800
2023-11-20,65.40983581542969,70.91000366210938,71.12999725341797,70.06999969482422,70.19999694824219,5778200
2023-11-21,65.4651870727539,70.97000122070312,71.44000244140625,70.91000366210938,71.0,6057500
2023-11-22,65.9448471069336,71.48999786376953,71.75,71.16999816894531,71.31999969482422,3647100
2023-11-24,66.06477355957031,71.62000274658203,71.87999725341797,71.44000244140625,71.63999938964844,2067700
2023-11-27,65.93563079833984,71.4800033569336,72.11000061035156,71.22000122070312,72.0,7100000
2023-11-28,65.88951110839844,71.43000030517578,71.80999755859375,71.23999786376953,71.55000305175781,5967700
2023-11-29,64.9762954711914,70.44000244140625,71.41000366210938,70.27999877929688,71.25,5163600
2023-11-30,65.5481948852539,71.05999755859375,71.08999633789062,69.94000244140625,70.27999877929688,9089900
2023-12-01,65.32679748535156,70.81999969482422,71.05999755859375,70.23999786376953,70.87000274658203,5266200
2023-12-04,65.69579315185547,71.22000122070312,71.41999816894531,70.3499984741211,70.37999725341797,6118900
2023-12-05,65.19767761230469,70.68000030517578,71.25,70.3499984741211,71.05999755859375,3992400
2023-12-06,65.76036071777344,71.29000091552734,71.37999725341797,70.5999984741211,71.0,6123300
2023-12-07,66.05554962158203,71.61000061035156,71.97000122070312,70.8499984741211,71.37000274658203,6082700
2023-12-08,65.57588195800781,71.08999633789062,71.79000091552734,71.05000305175781,71.5,5321900
2023-12-11,66.18467712402344,71.75,73.02999877929688,71.61000061035156,71.8499984741211,6648300
2023-12-12,66.66434478759766,72.2699966430664,72.37999725341797,71.56999969482422,72.36000061035156,5850100
2023-12-13,67.43920135498047,73.11000061035156,73.25,72.23999786376953,72.30000305175781,5504100
2023-12-14,65.21614074707031,70.69999694824219,73.02999877929688,70.56999969482422,73.02999877929688,8149600
2023-12-15,65.21614074707031,70.69999694824219,71.06999969482422,70.04000091552734,70.41000366210938,15088700
2023-12-18,65.5481948852539,71.05999755859375,71.5,70.5999984741211,71.26000213623047,5243900
2023-12-19,65.53897857666016,71.05000305175781,71.37999725341797,70.76000213623047,70.8499984741211,5096700
2023-12-20,63.95238494873047,69.33000183105469,70.70999908447266,69.23999786376953,70.37000274658203,9276100
2023-12-21,64.99474334716797,70.45999908447266,70.4800033569336,69.5,69.62000274658203,5538100
2023-12-22,65.68656158447266,71.20999908447266,71.56999969482422,70.75,70.83000183105469,4109000
2023-12-26,66.14776611328125,71.70999908447266,71.9000015258789,71.0,71.19999694824219,4002900
2023-12-27,66.60899353027344,72.20999908447266,72.26000213623047,71.54000091552734,71.7699966430664,4061500
2023-12-28,67.04975891113281,72.26000213623047,72.3499984741211,71.69000244140625,71.77999877929688,4095300
2023-12-29,67.20750427246094,72.43000030517578,72.6500015258789,72.11000061035156,72.13999938964844,4658600
2024-01-02,68.51582336425781,73.83999633789062,73.95999908447266,72.37000274658203,72.37000274658203,6321800
2024-01-03,67.99620056152344,73.27999877929688,74.43000030517578,73.19999694824219,74.36000061035156,5610000
2024-01-04,67.99620056152344,73.27999877929688,73.86000061035156,73.04000091552734,73.08999633789062,5218700
2024-01-05,67.81990051269531,73.08999633789062,73.44000244140625,72.5999984741211,73.05999755859375,3733200
2024-01-08,68.39519500732422,73.70999908447266,73.83000183105469,73.0999984741211,73.0999984741211,5596700
2024-01-09,68.42302703857422,73.73999786376953,73.7699966430664,72.63999938964844,73.08999633789062,5078800
2024-01-10,67.81063079833984,73.08000183105469,73.7699966430664,72.81999969482422,73.69999694824219,4675800
2024-01-11,67.53225708007812,72.77999877929688,73.05999755859375,72.27999877929688,72.8499984741211,5221500
2024-01-12,67.84774017333984,73.12000274658203,73.37999725341797,72.72000122070312,73.19999694824219,4494000
2024-01-16,67.59719848632812,72.8499984741211,73.23999786376953,72.55000305175781,73.0,6040900
2024-01-17,68.01477813720703,73.30000305175781,73.38999938964844,72.55000305175781,72.69999694824219,4650700
2024-01-18,67.65288543701172,72.91000366210938,73.36000061035156,72.6500015258789,73.36000061035156,5121600
2024-01-19,67.59719848632812,72.8499984741211,73.12999725341797,72.41999816894531,72.95999908447266,6427700
2024-01-22,67.84774017333984,73.12000274658203,73.47000122070312,72.6500015258789,72.79000091552734,5210200
2024-01-23,69.04473114013672,74.41000366210938,74.61000061035156,73.19000244140625,73.25,6295100
2024-01-24,68.61788940429688,73.94999694824219,74.4000015258789,73.81999969482422,74.18000030517578,6612800
2024-01-25,69.12823486328125,74.5,74.62000274658203,73.88999938964844,74.29000091552734,5003800
2024-01-26,69.72210693359375,75.13999938964844,75.4000015258789,74.27999877929688,74.5999984741211,9517300
2024-01-29,70.26026916503906,75.72000122070312,75.81999969482422,75.0,75.2699966430664,9821900
2024-01-30,70.83556365966797,76.33999633789062,76.51000213623047,75.3499984741211,75.62000274658203,10329200
2024-01-31,69.84271240234375,75.2699966430664,76.0199966430664,73.58000183105469,73.77999877929688,19236200
2024-02-01,71.02114868164062,76.54000091552734,76.58999633789062,74.05999755859375,74.80000305175781,9887200
2024-02-02,71.32734680175781,76.87000274658203,77.19999694824219,76.06999969482422,76.9000015258789,8314800
2024-02-05,69.89838409423828,75.33000183105469,76.69000244140625,75.22000122070312,76.45999908447266,8487700
2024-02-06,69.82417297363281,75.25,75.4800033569336,74.56999969482422,75.30999755859375,6191700
2024-02-07,69.23959350585938,74.62000274658203,75.77999877929688,74.55999755859375,75.55999755859375,6067800
2024-02-08,69.3694839477539,74.76000213623047,75.18000030517578,74.44000244140625,74.58999633789062,4848800
2024-02-09,67.89413452148438,73.16999816894531,74.4800033569336,72.83000183105469,74.44999694824219,7424900
2024-02-12,68.2003402709961,73.5,73.6500015258789,72.8499984741211,73.06999969482422,5776400
2024-02-13,66.7899398803711,71.9800033569336,73.87000274658203,71.58000183105469,73.62000274658203,8809200
2024-02-14,66.26103973388672,71.41000366210938,72.2300033569336,70.97000122070312,71.73999786376953,7769400
2024-02-15,66.4466323852539,71.61000061035156,71.9800033569336,71.44000244140625,71.5,5890400
2024-02-16,66.7899398803711,71.9800033569336,72.08000183105469,71.05999755859375,71.55999755859375,7077700
2024-02-20,67.91270446777344,73.19000244140625,73.37999725341797,72.25,72.51000213623047,7733400
2024-02-21,68.47870635986328,73.80000305175781,73.91999816894531,73.41999816894531,73.62000274658203,7316400
2024-02-22,68.784912109375,74.12999725341797,74.3499984741211,73.0,73.12999725341797,7953300
2024-02-23,68.64573669433594,73.9800033569336,75.04000091552734,73.9800033569336,74.04000091552734,6732600
2024-02-26,68.00548553466797,73.29000091552734,74.04000091552734,73.13999938964844,73.9000015258789,7264100
2024-02-27,67.85702514648438,73.12999725341797,73.72000122070312,73.01000213623047,73.2699966430664,8864100
2024-02-28,67.91270446777344,73.19000244140625,73.55000305175781,72.93000030517578,73.25,4628000
2024-02-29,67.80134582519531,73.06999969482422,73.8499984741211,72.66999816894531,73.62000274658203,9569500
2024-03-01,67.15182495117188,72.37000274658203,72.97000122070312,72.16000366210938,72.86000061035156,5652800
2024-03-04,66.35383605957031,71.51000213623047,72.30000305175781,71.30000305175781,72.0,7258200
2024-03-05,65.73213958740234,70.83999633789062,71.80999755859375,70.66999816894531,71.2300033569336,8569500
2024-03-06,66.45590209960938,71.62000274658203,71.8499984741211,70.93000030517578,70.93000030517578,5228900
2024-03-07,65.88059997558594,71.0,71.98999786376953,70.93000030517578,71.80999755859375,8339400
2024-03-08,66.66931915283203,71.8499984741211,72.23999786376953,70.37000274658203,70.72000122070312,7227600
2024-03-11,67.17965698242188,72.4000015258789,72.58999633789062,71.88999938964844,71.9000015258789,5065300
2024-03-12,66.56724548339844,71.73999786376953,72.37999725341797,71.5999984741211,72.20999908447266,5862300
2024-03-13,66.33526611328125,71.48999786376953,72.23999786376953,71.41000366210938,72.05999755859375,6781100
2024-03-14,65.84349060058594,70.95999908447266,71.51000213623047,70.48999786376953,71.4000015258789,7898500
2024-03-15,65.64862823486328,70.75,71.05999755859375,70.13999938964844,71.0,16858300
2024-03-18,66.16824340820312,71.30999755859375,71.5999984741211,70.81999969482422,71.0,8754500
2024-03-19,67.04048919677734,72.25,72.44000244140625,71.55999755859375,71.66000366210938,9590900
2024-03-20,66.68785858154297,71.87000274658203,72.56999969482422,71.29000091552734,72.30000305175781,6713900
2024-03-21,67.00334930419922,72.20999908447266,72.36000061035156,71.51000213623047,72.0,5859200
2024-03-22,67.17965698242188,72.4000015258789,72.69999694824219,71.94999694824219,72.26000213623047,6006000
2024-03-25,65.74142456054688,70.8499984741211,72.66000366210938,70.83999633789062,72.63999938964844,6786800
2024-03-26,64.98982238769531,70.04000091552734,70.81999969482422,69.69000244140625,70.69000244140625,11413100
2024-03-27,65.4426040649414,70.0999984741211,70.3499984741211,69.83000183105469,70.05000305175781,7119600
2024-03-28,65.3492431640625,70.0,70.58000183105469,69.83000183105469,70.47000122070312,9931100
2024-04-01,65.12519073486328,69.76000213623047,70.1500015258789,69.11000061035156,70.1500015258789,8426000
2024-04-02,64.65840148925781,69.26000213623047,70.02999877929688,69.11000061035156,69.80000305175781,6886100
2024-04-03,63.45411682128906,67.97000122070312,69.08999633789062,67.88999938964844,68.9800033569336,8755200
2024-04-04,63.67817687988281,68.20999908447266,68.66999816894531,67.91999816894531,68.55000305175781,13595000
2024-04-05,63.4727783203125,67.98999786376953,68.43000030517578,67.63999938964844,67.95999908447266,10258400
2024-04-08,63.108699798583984,67.5999984741211,68.31999969482422,67.52999877929688,68.0,8835200
2024-04-09,63.35142517089844,67.86000061035156,67.97000122070312,67.33999633789062,67.93000030517578,8120000
2024-04-10,62.24981689453125,66.68000030517578,67.5199966430664,66.31999969482422,67.30999755859375,6858500
2024-04-11,62.34318161010742,66.77999877929688,67.25,66.20999908447266,66.8499984741211,11259600
2024-04-12,62.25916290283203,66.69000244140625,66.7300033569336,66.01000213623047,66.36000061035156,7433500
2024-04-15,61.4936408996582,65.87000274658203,67.37999725341797,65.22000122070312,67.2699966430664,10783500
2024-04-16,61.59633255004883,65.9800033569336,66.1500015258789,65.5,66.04000091552734,8581200
2024-04-17,62.09111022949219,66.51000213623047,66.66000366210938,66.0,66.2300033569336,6755500
2024-04-18,62.7072639465332,67.16999816894531,67.33000183105469,66.55000305175781,66.66000366210938,8695700
2024-04-19,63.58481979370117,68.11000061035156,68.16000366210938,67.08999633789062,67.41999816894531,11020800
2024-04-22,64.79845428466797,69.41000366210938,69.43000030517578,68.2300033569336,68.26000213623047,10426900
2024-04-23,66.04942321777344,70.75,70.77999877929688,69.2300033569336,69.25,15893900
2024-04-24,66.57221984863281,71.30999755859375,71.54000091552734,69.86000061035156,69.91000366210938,16596900
2024-04-25,66.09609985351562,70.80000305175781,71.5,70.58000183105469,71.29000091552734,10654100
2024-04-26,65.9187240600586,70.61000061035156,71.13999938964844,70.23999786376953,70.30999755859375,7145100
2024-04-29,67.05767059326172,71.83000183105469,71.8499984741211,70.73999786376953,70.75,8544800
2024-04-30,67.16036224365234,71.94000244140625,72.63999938964844,71.81999969482422,72.02999877929688,11058400
2024-05-01,65.99340057373047,70.69000244140625,71.8499984741211,69.4800033569336,71.76000213623047,11297500
2024-05-02,65.8160400390625,70.5,71.26000213623047,70.44999694824219,70.86000061035156,7423100
2024-05-03,65.24655151367188,69.88999938964844,70.73999786376953,69.33000183105469,70.68000030517578,8093500
2024-05-06,65.28389739990234,69.93000030517578,70.12999725341797,69.2699966430664,70.06999969482422,5653400
2024-05-07,66.18010711669922,70.88999938964844,70.94000244140625,70.04000091552734,70.33999633789062,4316400
2024-05-08,65.75066375732422,70.43000030517578,71.05999755859375,70.13999938964844,70.88999938964844,6514900
2024-05-09,65.53595733642578,70.19999694824219,70.63999938964844,69.91999816894531,70.63999938964844,5201700
2024-05-10,66.46952819824219,71.19999694824219,71.29000091552734,69.95999908447266,70.05000305175781,5363900
2024-05-13,66.99231719970703,71.76000213623047,71.94000244140625,71.20999908447266,71.4800033569336,5541500
2024-05-14,67.15100860595703,71.93000030517578,72.05999755859375,71.27999877929688,72.0,4924700
2024-05-15,66.59087371826172,71.33000183105469,72.11000061035156,71.27999877929688,71.95999908447266,5926100
2024-05-16,67.14167785644531,71.91999816894531,72.02999877929688,71.30999755859375,71.33000183105469,5330100
2024-05-17,66.49752044677734,71.2300033569336,71.97000122070312,71.16000366210938,71.88999938964844,5827800
2024-05-20,65.60131072998047,70.2699966430664,71.37000274658203,70.22000122070312,71.2699966430664,4955200
2024-05-21,65.96538543701172,70.66000366210938,70.88999938964844,70.01000213623047,70.61000061035156,4251900
2024-05-22,65.55464172363281,70.22000122070312,70.37999725341797,69.36000061035156,70.05999755859375,5372100
2024-05-23,64.27564239501953,68.8499984741211,70.0,68.80000305175781,69.7300033569336,4526800
2024-05-24,63.7621955871582,68.30000305175781,69.27999877929688,68.23999786376953,68.70999908447266,3723600
2024-05-28,63.08069610595703,67.56999969482422,68.37000274658203,67.12000274658203,67.93000030517578,6177700
2024-05-29,62.483211517333984,66.93000030517578,67.27999877929688,66.63999938964844,66.98999786376953,5173300
2024-05-30,63.379432678222656,67.88999938964844,67.94000244140625,67.02999877929688,67.18000030517578,5823300
2024-05-31,63.97690963745117,68.52999877929688,68.55000305175781,67.33000183105469,67.56999969482422,7977100
2024-06-03,62.875308990478516,67.3499984741211,68.41999816894531,67.20999908447266,68.2699966430664,6077900
2024-06-04,63.56614685058594,68.08999633789062,68.44000244140625,66.94000244140625,67.43000030517578,5178600
2024-06-05,63.46346664428711,67.9800033569336,68.25,67.12999725341797,67.86000061035156,5103000
2024-06-06,63.65951156616211,68.19000244140625,68.77999877929688,67.5999984741211,67.80999755859375,4769400
2024-06-07,63.30475616455078,67.80999755859375,68.38999938964844,67.6500015258789,67.86000061035156,4189100
2024-06-10,62.82863235473633,67.30000305175781,67.8499984741211,66.45999908447266,67.41999816894531,6263400
2024-06-11,63.090030670166016,67.58000183105469,67.6500015258789,66.80000305175781,67.04000091552734,3807700
2024-06-12,61.70835494995117,66.0999984741211,67.68000030517578,66.0,67.58000183105469,6274300
2024-06-13,61.70835494995117,66.0999984741211,66.37999725341797,65.52999877929688,65.9000015258789,7197000
2024-06-14,61.47496795654297,65.8499984741211,66.1500015258789,65.51000213623047,66.0999984741211,5029100
2024-06-17,61.6896858215332,66.08000183105469,66.43000030517578,65.37000274658203,65.73999786376953,5837600
2024-06-18,61.77370834350586,66.16999816894531,66.38999938964844,65.70999908447266,65.80000305175781,3795100
2024-06-20,61.671016693115234,66.05999755859375,66.55000305175781,65.91999816894531,66.0,5817500
2024-06-21,62.09111022949219,66.51000213623047,67.22000122070312,66.22000122070312,66.47000122070312,11563900
2024-06-24,63.87422561645508,68.41999816894531,68.5199966430664,66.76000213623047,66.87000274658203,10297100
2024-06-25,63.34209060668945,67.8499984741211,68.94000244140625,67.52999877929688,68.41999816894531,6501600
2024-06-26,62.21248245239258,66.63999938964844,67.37999725341797,66.58000183105469,67.23999786376953,5372400
2024-06-27,62.17513656616211,66.5999984741211,67.06999969482422,66.41999816894531,67.0199966430664,4751600
2024-06-28,61.48456573486328,65.44000244140625,66.26000213623047,65.01000213623047,66.1500015258789,10899600
2024-07-01,61.296653747558594,65.23999786376953,66.68000030517578,65.22000122070312,65.86000061035156,6769800
2024-07-02,62.03889846801758,66.02999877929688,66.06999969482422,65.0999984741211,65.19000244140625,9997100
2024-07-03,62.33016586303711,66.33999633789062,66.38999938964844,65.69000244140625,65.86000061035156,3462500
2024-07-05,62.931488037109375,66.9800033569336,67.05999755859375,65.97000122070312,66.30999755859375,6198200
2024-07-08,62.16104507446289,66.16000366210938,66.8499984741211,65.93000030517578,66.44999694824219,7929800
2024-07-09,61.296653747558594,65.23999786376953,66.04000091552734,65.22000122070312,65.87999725341797,5389900
2024-07-10,61.944942474365234,65.93000030517578,65.97000122070312,65.22000122070312,65.31999969482422,6904200
2024-07-11,61.37181854248047,65.31999969482422,65.80000305175781,64.91000366210938,65.69999694824219,7454000
2024-07-12,61.409400939941406,65.36000061035156,65.95999908447266,65.27999877929688,65.54000091552734,8426600
2024-07-15,60.460453033447266,64.3499984741211,65.30000305175781,64.26000213623047,65.30000305175781,7712200
2024-07-16,61.85099792480469,65.83000183105469,65.87999725341797,64.18000030517578,64.22000122070312,7576700
2024-07-17,63.063026428222656,67.12000274658203,67.47000122070312,66.11000061035156,66.11000061035156,7404200
2024-07-18,62.87510681152344,66.91999816894531,68.37999725341797,66.5,66.69000244140625,5688200
2024-07-19,62.43351364135742,66.44999694824219,67.25,66.13999938964844,67.0199966430664,5012600
2024-07-22,62.51807403564453,66.54000091552734,67.26000213623047,66.08999633789062,67.16000366210938,4325800
2024-07-23,62.02012252807617,66.01000213623047,66.63999938964844,65.83999633789062,66.37000274658203,3431100
2024-07-24,62.386539459228516,66.4000015258789,66.6500015258789,65.37000274658203,66.06999969482422,5401400
2024-07-25,62.377140045166016,66.38999938964844,67.7300033569336,66.29000091552734,66.73999786376953,6593700
2024-07-26,62.40532684326172,66.41999816894531,66.80000305175781,65.91000366210938,66.0,5778500
2024-07-29,63.044227600097656,67.0999984741211,67.5,66.08000183105469,66.20999908447266,6616800
2024-07-30,62.997257232666016,67.05000305175781,67.27999877929688,66.29000091552734,66.80000305175781,7697900
2024-07-31,64.21867370605469,68.3499984741211,69.62999725341797,67.9000015258789,68.5,11087900
2024-08-01,64.18109130859375,68.30999755859375,68.68000030517578,67.4000015258789,67.6500015258789,8359500
2024-08-02,66.40784454345703,70.68000030517578,70.86000061035156,68.69000244140625,69.91000366210938,10308900
2024-08-05,64.83878326416016,69.01000213623047,73.41000366210938,68.97000122070312,72.79000091552734,10618800
2024-08-06,64.32202911376953,68.45999908447266,69.77999877929688,68.41999816894531,68.77999877929688,7453100
2024-08-07,65.2239990234375,69.41999816894531,69.77999877929688,68.5999984741211,68.80000305175781,6031100
2024-08-08,66.03202056884766,70.27999877929688,70.5,69.04000091552734,69.04000091552734,6236900
2024-08-09,65.50587463378906,69.72000122070312,70.44999694824219,68.72000122070312,70.13999938964844,5609400
2024-08-12,65.09246826171875,69.27999877929688,70.0199966430664,69.13999938964844,69.80000305175781,5429500
2024-08-13,66.08839416503906,70.33999633789062,70.47000122070312,69.41999816894531,69.55999755859375,4958800
2024-08-14,66.89642333984375,71.19999694824219,71.91999816894531,70.45999908447266,70.66999816894531,7575400
2024-08-15,66.03202056884766,70.27999877929688,71.33000183105469,70.05999755859375,71.11000061035156,5534700
2024-08-16,65.8816909790039,70.12000274658203,70.44000244140625,69.7300033569336,70.38999938964844,5130900
2024-08-19,66.60514068603516,70.88999938964844,71.0,70.08000183105469,70.44999694824219,3934900
2024-08-20,66.689697265625,70.9800033569336,71.30999755859375,70.45999908447266,70.62000274658203,3817000
2024-08-21,66.80244445800781,71.0999984741211,71.83999633789062,70.91999816894531,71.2300033569336,3845800
2024-08-22,66.54878234863281,70.83000183105469,71.30000305175781,70.61000061035156,71.25,3630300
2024-08-23,66.92459869384766,71.2300033569336,71.30000305175781,70.72000122070312,71.19000244140625,4586600
2024-08-26,67.0749282836914,71.38999938964844,72.13999938964844,71.29000091552734,71.5,3516800
2024-08-27,66.94339752197266,71.25,71.86000061035156,71.16000366210938,71.70999908447266,4236000
2024-08-28,66.94339752197266,71.25,71.5999984741211,71.06999969482422,71.25,3363500
2024-08-29,66.45482635498047,70.7300033569336,71.38999938964844,70.4800033569336,71.38999938964844,5462600
2024-08-30,67.46953582763672,71.80999755859375,71.9800033569336,70.63999938964844,70.91999816894531,6158200
2024-09-03,67.88294219970703,72.25,72.41999816894531,71.44000244140625,71.94000244140625,7366700
2024-09-04,70.72039794921875,75.2699966430664,75.68000030517578,72.47000122070312,72.4800033569336,9422000
2024-09-05,70.5324935913086,75.06999969482422,75.7300033569336,74.5199966430664,75.2699966430664,7607800
2024-09-06,70.75798034667969,75.30999755859375,75.94000244140625,75.05999755859375,75.22000122070312,8019900
2024-09-09,71.13380432128906,75.70999908447266,76.04000091552734,74.87000274658203,75.0999984741211,8018300
2024-09-10,70.5888671875,75.12999725341797,76.05999755859375,74.91999816894531,75.83999633789062,4770100
2024-09-11,69.85601043701172,74.3499984741211,75.19999694824219,73.73999786376953,75.19999694824219,5327500
2024-09-12,69.88419342041016,74.37999725341797,74.54000091552734,73.47000122070312,74.05000305175781,5807700
2024-09-13,70.71101379394531,75.26000213623047,75.4000015258789,74.23999786376953,74.41999816894531,3603100
2024-09-16,70.96469116210938,75.52999877929688,75.9800033569336,74.9800033569336,75.73999786376953,4731100
2024-09-17,70.56068420410156,75.0999984741211,75.94000244140625,75.08999633789062,75.68000030517578,3533600
2024-09-18,70.51371002197266,75.05000305175781,75.5,74.51000213623047,75.08000183105469,4622200
2024-09-19,70.26001739501953,74.77999877929688,75.2300033569336,74.55000305175781,75.08000183105469,5091100
2024-09-20,69.79024505615234,74.27999877929688,75.48999786376953,74.19000244140625,74.7699966430664,11330200
2024-09-23,70.0627212524414,74.56999969482422,75.02999877929688,73.72000122070312,74.55000305175781,5274000
2024-09-24,69.67749786376953,74.16000366210938,74.79000091552734,74.04000091552734,74.41000366210938,8149600
2024-09-25,69.58354187011719,74.05999755859375,74.62000274658203,73.87999725341797,74.47000122070312,4949700
2024-09-26,69.82782745361328,74.31999969482422,74.6500015258789,74.02999877929688,74.05999755859375,3961500
2024-09-27,69.7150650024414,74.19999694824219,75.11000061035156,74.11000061035156,74.72000122070312,4697000
2024-09-30,69.65833282470703,73.66999816894531,74.36000061035156,73.19000244140625,74.04000091552734,5792600
2024-10-01,69.015380859375,72.98999786376953,73.9000015258789,72.91000366210938,73.66000366210938,5307600
2024-10-02,68.34403228759766,72.27999877929688,72.97000122070312,72.0199966430664,72.86000061035156,5047600
2024-10-03,67.2850341796875,71.16000366210938,72.19999694824219,71.06999969482422,72.19999694824219,4997100
2024-10-04,67.61598205566406,71.51000213623047,71.5999984741211,70.80000305175781,70.94999694824219,4378600
2024-10-07,67.13373565673828,71.0,71.58999633789062,70.80000305175781,71.5,4354600
2024-10-08,66.99191284179688,70.8499984741211,71.16999816894531,70.3499984741211,71.0,4186300
2024-10-09,67.18102264404297,71.05000305175781,71.19999694824219,70.3499984741211,70.80000305175781,4317100
2024-10-10,67.26611328125,71.13999938964844,71.43000030517578,70.75,71.38999938964844,4572300
2024-10-11,66.81224822998047,70.66000366210938,71.41000366210938,70.58000183105469,71.41000366210938,4338500
2024-10-14,66.6893310546875,70.52999877929688,70.7300033569336,69.93000030517578,70.52999877929688,5143600
2024-10-15,67.89018249511719,71.80000305175781,72.69999694824219,70.7300033569336,70.80000305175781,5888600
2024-10-16,67.99419403076172,71.91000366210938,72.05999755859375,71.33000183105469,71.86000061035156,4231300
2024-10-17,67.24720764160156,71.12000274658203,72.3499984741211,71.0199966430664,72.1500015258789,5208500
2024-10-18,67.68215942382812,71.58000183105469,71.77999877929688,70.91999816894531,71.0999984741211,7374000
2024-10-21,66.59477233886719,70.43000030517578,71.81999969482422,70.4000015258789,71.5,4811700
2024-10-22,67.46467590332031,71.3499984741211,71.38999938964844,70.05000305175781,70.25,5687600
2024-10-23,66.71768951416016,70.55999755859375,71.33000183105469,70.5199966430664,70.87999725341797,6588700
2024-10-24,66.14092254638672,69.94999694824219,70.80000305175781,69.91999816894531,70.30000305175781,4756800
2024-10-25,65.46012878417969,69.2300033569336,70.30999755859375,69.16999816894531,70.05000305175781,6176400
2024-10-28,65.75324249267578,69.54000091552734,70.05000305175781,69.0199966430664,69.41000366210938,4821900
2024-10-29,65.38448333740234,69.1500015258789,69.70999908447266,69.06999969482422,69.25,8407600
2024-10-30,65.98963165283203,69.79000091552734,70.16000366210938,67.80000305175781,68.30999755859375,10475200
2024-10-31,64.75096893310547,68.4800033569336,69.8499984741211,68.45999908447266,69.6500015258789,7207800
2024-11-01,64.77932739257812,68.51000213623047,68.97000122070312,68.22000122070312,68.76000213623047,6470400
2024-11-04,64.63750457763672,68.36000061035156,68.80999755859375,67.75,68.80000305175781,5704400
2024-11-05,65.2899398803711,69.05000305175781,69.19000244140625,68.01000213623047,68.37000274658203,5383800
2024-11-06,62.755863189697266,66.37000274658203,69.19000244140625,66.12000274658203,69.0199966430664,9758600
2024-11-07,62.141265869140625,65.72000122070312,66.58000183105469,65.58999633789062,66.41999816894531,6511600
2024-11-08,62.59511184692383,66.19999694824219,66.26000213623047,65.55999755859375,65.72000122070312,4864500
2024-11-11,62.50056457519531,66.0999984741211,66.56999969482422,65.6500015258789,65.69999694824219,7972400
2024-11-12,62.89769744873047,66.5199966430664,66.73999786376953,65.80000305175781,66.33000183105469,6304000
2024-11-13,62.40601348876953,66.0,66.19000244140625,65.37000274658203,66.05000305175781,5389200
2024-11-14,61.98997497558594,65.55999755859375,66.41000366210938,65.47000122070312,66.18000030517578,6837300
2024-11-15,60.97823715209961,64.48999786376953,65.33999633789062,63.90999984741211,65.31999969482422,7203200
2024-11-18,60.36363220214844,63.84000015258789,64.68000030517578,63.720001220703125,64.66999816894531,6983600
2024-11-19,60.391998291015625,63.869998931884766,63.970001220703125,63.400001525878906,63.70000076293945,5621700
2024-11-20,60.91204833984375,64.41999816894531,64.51000213623047,63.63999938964844,63.86000061035156,5232700
2024-11-21,61.261898040771484,64.79000091552734,64.91000366210938,63.95000076293945,64.43000030517578,6971800
2024-11-22,60.89314270019531,64.4000015258789,65.0999984741211,64.02999877929688,64.55999755859375,7125100
2024-11-25,61.40373229980469,64.94000244140625,65.0999984741211,64.41999816894531,64.54000091552734,10733800
2024-11-26,61.34700012207031,64.87999725341797,65.27999877929688,64.45999908447266,64.97000122070312,8706000
2024-11-27,61.51719665527344,65.05999755859375,65.37999725341797,64.95999908447266,65.08999633789062,5044800
2024-11-29,61.413185119628906,64.94999694824219,65.27999877929688,64.86000061035156,65.05999755859375,5096000
2024-12-02,61.677947998046875,65.2300033569336,65.2699966430664,64.38999938964844,65.05999755859375,9985400
2024-12-03,61.28081130981445,64.80999755859375,65.2699966430664,64.69000244140625,65.2699966430664,6626700
2024-12-04,59.824676513671875,63.27000045776367,64.44000244140625,63.0099983215332,64.19999694824219,8301800
2024-12-05,59.796302795410156,63.2400016784668,63.29999923706055,62.43000030517578,63.02000045776367,10781000
2024-12-06,59.43699264526367,62.86000061035156,63.869998931884766,62.77000045776367,63.29999923706055,6789300
2024-12-09,58.094322204589844,61.439998626708984,63.130001068115234,60.33000183105469,62.790000915527344,19609200
2024-12-10,58.38744354248047,61.75,62.150001525878906,60.47999954223633,61.400001525878906,9728100
2024-12-11,59.68284225463867,63.119998931884766,64.30000305175781,63.0,64.0999984741211,12901700
2024-12-12,59.21952438354492,62.630001068115234,63.36000061035156,62.470001220703125,62.7599983215332,8041500
2024-12-13,58.557647705078125,61.93000030517578,62.72999954223633,61.810001373291016,62.290000915527344,7120400
2024-12-16,58.141605377197266,61.4900016784668,62.59000015258789,61.45000076293945,61.95000076293945,9072600
2024-12-17,57.99977111816406,61.34000015258789,62.380001068115234,61.2400016784668,61.45000076293945,10314300
2024-12-18,56.75164794921875,60.02000045776367,61.310001373291016,59.959999084472656,60.900001525878906,14385800
2024-12-19,56.0424919128418,59.27000045776367,60.20000076293945,59.2400016784668,59.779998779296875,13497300
2024-12-20,56.15595245361328,59.38999938964844,60.25,59.099998474121094,59.13999938964844,34652200
2024-12-23,56.051944732666016,59.279998779296875,59.75,58.900001525878906,59.369998931884766,8443400
2024-12-24,56.73273849487305,60.0,60.029998779296875,59.02000045776367,59.119998931884766,5885500
2024-12-26,56.59090805053711,59.849998474121094,60.27000045776367,59.709999084472656,59.75,6103500
2024-12-27,56.931304931640625,60.209999084472656,60.310001373291016,59.650001525878906,59.709999084472656,7608200
2024-12-30,56.31669998168945,59.560001373291016,60.33000183105469,59.34000015258789,60.130001068115234,7580200
2024-12-31,56.92666244506836,59.72999954223633,59.93000030517578,59.130001068115234,59.380001068115234,6904400
2025-01-02,56.70745086669922,59.5,60.2400016784668,59.279998779296875,60.0,6158900
2025-01-03,57.05056381225586,59.86000061035156,60.130001068115234,59.52000045776367,59.880001068115234,7035800
2025-01-06,55.48752975463867,58.220001220703125,59.689998626708984,58.119998931884766,59.59000015258789,9337400
2025-01-07,55.55424499511719,58.290000915527344,59.11000061035156,57.810001373291016,57.810001373291016,11236800
2025-01-08,55.55424499511719,58.290000915527344,58.380001068115234,57.66999816894531,58.20000076293945,8332500
2025-01-10,53.6099853515625,56.25,58.220001220703125,56.209999084472656,57.52000045776367,11668000
2025-01-13,53.53373718261719,56.16999816894531,56.68000030517578,55.970001220703125,56.29999923706055,17172000
2025-01-14,54.42009735107422,57.099998474121094,57.11000061035156,55.97999954223633,56.11000061035156,10313600
2025-01-15,53.98168182373047,56.63999938964844,57.810001373291016,56.560001373291016,57.33000183105469,8839500
2025-01-16,55.27785873413086,58.0,58.08000183105469,56.0099983215332,56.290000915527344,10572800
2025-01-17,55.14442825317383,57.86000061035156,58.75,57.81999969482422,58.41999816894531,12663200
2025-01-21,54.89662551879883,57.599998474121094,58.189998626708984,57.25,57.459999084472656,11346900
2025-01-22,53.667171478271484,56.310001373291016,57.7599983215332,56.130001068115234,57.13999938964844,14606200
2025-01-23,54.28666305541992,56.959999084472656,57.0,56.11000061035156,56.540000915527344,8942300
2025-01-24,54.725074768066406,57.41999816894531,57.619998931884766,56.810001373291016,56.86000061035156,7383400
2025-01-27,55.592369079589844,58.33000183105469,59.279998779296875,57.720001220703125,58.43000030517578,11645300
2025-01-28,54.239009857177734,56.90999984741211,58.59000015258789,56.61000061035156,58.2599983215332,10769000
2025-01-29,54.44868850708008,57.130001068115234,57.59000015258789,56.88999938964844,56.88999938964844,9170600
2025-01-30,55.668609619140625,58.40999984741211,58.459999084472656,57.2400016784668,57.5,9024200
2025-01-31,55.26832580566406,57.9900016784668,58.459999084472656,57.08000183105469,57.08000183105469,10121600
2025-02-03,54.71554183959961,57.40999984741211,57.9900016784668,56.849998474121094,57.9900016784668,8130400
2025-02-04,53.486087799072266,56.119998931884766,57.029998779296875,55.880001068115234,56.68000030517578,12538200
2025-02-05,54.73461151123047,57.43000030517578,57.560001373291016,53.95000076293945,54.25,25658800
2025-02-06,55.1158332824707,57.83000183105469,58.599998474121094,57.220001220703125,58.060001373291016,14019100
2025-02-07,55.70673751831055,58.45000076293945,58.810001373291016,57.68000030517578,58.04999923706055,15972800
2025-02-10,55.782981872558594,58.529998779296875,58.630001068115234,57.5099983215332,58.59000015258789,9511900
2025-02-11,57.61286544799805,60.45000076293945,60.5,58.189998626708984,58.41999816894531,12175900
2025-02-12,57.75582504272461,60.599998474121094,60.66999816894531,59.54999923706055,59.90999984741211,10929200
2025-02-13,58.28954315185547,61.15999984741211,61.20000076293945,60.38999938964844,60.560001373291016,9058900
2025-02-14,57.96549987792969,60.81999969482422,62.189998626708984,60.63999938964844,61.220001220703125,10040900
2025-02-18,58.30860900878906,61.18000030517578,61.439998626708984,59.81999969482422,60.529998779296875,10760300
2025-02-19,59.02341079711914,61.93000030517578,61.970001220703125,61.04999923706055,61.209999084472656,7674400
2025-02-20,59.252140045166016,62.16999816894531,62.61000061035156,61.619998931884766,61.720001220703125,9533500
2025-02-21,61.63480758666992,64.66999816894531,64.86000061035156,61.7599983215332,62.16999816894531,16291500
2025-02-24,62.292423248291016,65.36000061035156,65.7699966430664,64.06999969482422,64.51000213623047,16269900
2025-02-25,62.788021087646484,65.87999725341797,66.2699966430664,65.0,65.22000122070312,12045100
2025-02-26,60.47207260131836,63.45000076293945,65.5,63.279998779296875,65.4000015258789,9542900
2025-02-27,60.97719192504883,63.97999954223633,64.20999908447266,63.09000015258789,63.18000030517578,6944600
2025-02-28,61.21546173095703,64.2300033569336,64.70999908447266,63.650001525878906,64.70999908447266,8634600
2025-03-03,62.692718505859375,65.77999877929688,66.01000213623047,64.04000091552734,64.04000091552734,8668900
2025-03-04,62.225711822509766,65.29000091552734,67.41999816894531,65.16999816894531,66.30999755859375,13041600
2025-03-05,63.18831253051758,66.30000305175781,66.44999694824219,65.18000030517578,65.25,9321500
2025-03-06,63.626712799072266,66.76000213623047,67.23999786376953,65.69000244140625,66.12999725341797,10713500
2025-03-07,64.56072235107422,67.73999786376953,69.68000030517578,66.62999725341797,66.66999816894531,13950500
2025-03-10,64.95148468017578,68.1500015258789,70.5999984741211,67.86000061035156,68.27999877929688,14133200
2025-03-11,64.66555786132812,67.8499984741211,68.48999786376953,67.30999755859375,68.33000183105469,10840600
2025-03-12,61.93026351928711,64.9800033569336,66.9000015258789,64.86000061035156,66.72000122070312,8773100
2025-03-13,61.65386962890625,64.69000244140625,65.51000213623047,64.66000366210938,64.7300033569336,8727900
2025-03-14,61.29169845581055,64.30999755859375,64.83999633789062,64.06999969482422,64.26000213623047,6784700
2025-03-17,62.035091400146484,65.08999633789062,65.26000213623047,63.900001525878906,64.1500015258789,7012100
2025-03-18,61.61574935913086,64.6500015258789,65.51000213623047,64.48999786376953,65.19999694824219,6062000
2025-03-19,60.996253967285156,64.0,64.43000030517578,63.47999954223633,63.970001220703125,8181800
2025-03-20,60.94860076904297,63.95000076293945,64.33000183105469,63.56999969482422,64.12000274658203,6013600
2025-03-21,61.482322692871094,64.51000213623047,64.69999694824219,63.70000076293945,63.900001525878906,25429800
2025-03-24,61.90166091918945,64.94999694824219,65.06999969482422,64.25,64.55000305175781,7514400
2025-03-25,61.65386962890625,64.69000244140625,64.87999725341797,64.13999938964844,64.76000213623047,7459100
2025-03-26,63.21689987182617,66.33000183105469,66.54000091552734,64.68000030517578,64.68000030517578,9110100
2025-03-27,64.33197784423828,67.5,67.62000274658203,66.48999786376953,66.9000015258789,9020800
2025-03-28,64.54165649414062,67.72000122070312,68.37999725341797,67.0199966430664,67.93000030517578,11578500
2025-03-31,65.11749267578125,67.8499984741211,68.04000091552734,67.22000122070312,67.8499984741211,12950700
2025-04-01,64.92554473876953,67.6500015258789,68.27999877929688,67.25,68.19999694824219,8847000
2025-04-02,63.46676254272461,66.12999725341797,67.70999908447266,65.66999816894531,67.6500015258789,11356900
2025-04-03,65.16548919677734,67.9000015258789,69.0,67.20999908447266,67.69000244140625,13777300
2025-04-04,63.63951110839844,66.30999755859375,69.12000274658203,65.95999908447266,68.41000366210938,13787000
2025-04-07,62.6030158996582,65.2300033569336,66.69000244140625,64.62999725341797,65.18000030517578,15963400
2025-04-08,61.48012924194336,64.05999755859375,66.41999816894531,63.689998626708984,65.31999969482422,12421600
2025-04-09,63.52435302734375,66.19000244140625,66.6500015258789,63.13999938964844,63.4900016784668,13380300
2025-04-10,63.322811126708984,65.9800033569336,66.95999908447266,64.70999908447266,66.44999694824219,10703600
2025-04-11,64.34972381591797,67.05000305175781,67.69000244140625,66.04000091552734,66.58999633789062,8840600
2025-04-14,65.54937744140625,68.30000305175781,68.5999984741211,66.5199966430664,66.69999694824219,6728400
2025-04-15,64.33052062988281,67.02999877929688,68.61000061035156,66.87999725341797,68.5,5782500
2025-04-16,63.80266571044922,66.4800033569336,67.76000213623047,66.12999725341797,67.25,6266300
2025-04-17,64.60884094238281,67.31999969482422,67.8499984741211,66.37000274658203,66.4800033569336,10777600
2025-04-21,65.03112030029297,67.76000213623047,67.86000061035156,66.91000366210938,67.30000305175781,7637100
2025-04-22,65.5397720336914,68.29000091552734,69.08999633789062,67.80000305175781,67.9800033569336,6720500
2025-04-23,64.66642761230469,67.37999725341797,68.54000091552734,66.87999725341797,67.7300033569336,6369500
2025-04-24,62.88133239746094,65.5199966430664,66.94000244140625,65.4800033569336,66.94000244140625,8277000
2025-04-25,62.94851303100586,65.58999633789062,65.9000015258789,64.61000061035156,65.88999938964844,6454700
2025-04-28,62.478248596191406,65.0999984741211,65.73999786376953,64.7699966430664,65.58999633789062,6660800
2025-04-29,63.006103515625,65.6500015258789,65.72000122070312,64.29000091552734,65.06999969482422,8194000
2025-04-30,65.38622283935547,68.12999725341797,68.86000061035156,67.4000015258789,68.06999969482422,15854800
2025-05-01,65.13668823242188,67.87000274658203,68.20999908447266,66.9000015258789,67.20999908447266,9414200
2025-05-02,65.02152252197266,67.75,68.58000183105469,67.11000061035156,68.4000015258789,7395000
2025-05-05,65.06951904296875,67.80000305175781,67.93000030517578,67.0,67.76000213623047,6310600
2025-05-06,64.79119110107422,67.51000213623047,67.94000244140625,67.16000366210938,67.75,5436100
2025-05-07,64.47447967529297,67.18000030517578,67.68000030517578,66.91000366210938,67.58000183105469,6841600
2025-05-08,64.51287078857422,67.22000122070312,67.5999984741211,66.72000122070312,67.0199966430664,7143600
2025-05-09,63.69710159301758,66.37000274658203,67.11000061035156,66.30999755859375,66.86000061035156,5136200
2025-05-12,63.17884826660156,65.83000183105469,66.66000366210938,65.36000061035156,66.19999694824219,7069800
2025-05-13,61.55691146850586,64.13999938964844,65.44000244140625,63.459999084472656,65.37999725341797,10361300
2025-05-14,60.98107147216797,63.540000915527344,64.06999969482422,63.43000030517578,63.88999938964844,7455300
2025-05-15,62.516639709472656,65.13999938964844,65.18000030517578,63.79999923706055,63.959999084472656,7310000
2025-05-16,62.689388275146484,65.31999969482422,65.38999938964844,64.33000183105469,65.33999633789062,8015200
2025-05-19,63.07328414916992,65.72000122070312,65.81999969482422,65.0,65.23999786376953,6356200
2025-05-20,63.21723937988281,65.87000274658203,66.30000305175781,65.66000366210938,65.80999755859375,6235700
2025-05-21,62.631805419921875,65.26000213623047,65.97000122070312,65.0199966430664,65.97000122070312,6250400
2025-05-22,62.8525390625,65.48999786376953,65.80000305175781,64.94000244140625,65.0,6956600
2025-05-23,63.476356506347656,66.13999938964844,66.43000030517578,65.12000274658203,65.58000183105469,6737500
2025-05-27,64.20576477050781,66.9000015258789,66.98999786376953,66.02999877929688,66.25,6600500
2025-05-28,63.937034606933594,66.62000274658203,67.16000366210938,66.4800033569336,67.01000213623047,4550200
2025-05-29,64.7528076171875,67.47000122070312,67.62000274658203,66.45999908447266,66.5999984741211,6967400
2025-05-30,64.7719955444336,67.48999786376953,68.0,67.30999755859375,67.69999694824219,12140800
2025-06-02,64.79119110107422,67.51000213623047,67.56999969482422,66.66000366210938,67.16999816894531,5004500
2025-06-03,64.34012603759766,67.04000091552734,67.29000091552734,66.83000183105469,67.19000244140625,5156100
2025-06-04,63.94662857055664,66.62999725341797,67.27999877929688,66.19000244140625,67.13999938964844,5978000
2025-06-05,63.69710159301758,66.37000274658203,66.80999755859375,65.7699966430664,66.70999908447266,6266000
2025-06-06,63.485965728759766,66.1500015258789,66.80000305175781,65.8499984741211,66.62000274658203,6279500
2025-06-09,64.01380920410156,66.69999694824219,66.8499984741211,65.66000366210938,65.9800033569336,4182000
2025-06-10,64.53206634521484,67.23999786376953,67.5,66.44999694824219,66.69999694824219,4827900
2025-06-11,64.25373840332031,66.94999694824219,67.22000122070312,66.81999969482422,66.86000061035156,6854400
2025-06-12,65.37662506103516,68.12000274658203,68.13999938964844,66.5,67.01000213623047,6146800
2025-06-13,64.23455047607422,66.93000030517578,68.43000030517578,66.83999633789062,67.97000122070312,6528800
2025-06-16,64.50328063964844,67.20999908447266,67.58000183105469,66.62000274658203,67.05000305175781,5516000
2025-06-17,63.677913665771484,66.3499984741211,67.19000244140625,65.9000015258789,66.98999786376953,7817700
2025-06-18,63.677913665771484,66.3499984741211,66.95999908447266,65.98999786376953,66.38999938964844,7003100
2025-06-20,65.55896759033203,68.30999755859375,68.70999908447266,66.79000091552734,67.26000213623047,12997700
2025-06-23,65.7413330078125,68.5,68.80000305175781,67.80000305175781,68.41999816894531,4783400
2025-06-24,65.67414093017578,68.43000030517578,68.61000061035156,67.93000030517578,68.5,6374600
2025-06-25,64.5704574584961,67.27999877929688,68.43000030517578,67.12000274658203,68.0199966430664,5384700
2025-06-26,65.02152252197266,67.75,68.31999969482422,67.3499984741211,67.69000244140625,6805800
2025-06-27,65.0503158569336,67.77999877929688,67.8499984741211,67.20999908447266,67.62999725341797,9119500
2025-06-30,65.17596435546875,67.44000244140625,67.69999694824219,66.77999877929688,67.4000015258789,9028300
2025-07-01,66.64492797851562,68.95999908447266,69.41999816894531,67.48999786376953,67.55000305175781,12038700
2025-07-02,67.22478485107422,69.55999755859375,69.80999755859375,68.58999633789062,68.9800033569336,8959600
2025-07-03,66.67391967773438,68.98999786376953,69.5199966430664,68.80000305175781,69.47000122070312,3342900
2025-07-07,66.50962829589844,68.81999969482422,69.02999877929688,68.02999877929688,68.95999908447266,7336000
2025-07-08,65.9007797241211,68.19000244140625,68.55000305175781,67.8499984741211,68.48999786376953,6727800
2025-07-09,64.60576629638672,66.8499984741211,68.3499984741211,66.1500015258789,68.30000305175781,11457400
2025-07-10,64.89569091796875,67.1500015258789,67.38999938964844,65.9000015258789,66.55000305175781,7360000
2025-07-11,64.92467498779297,67.18000030517578,67.36000061035156,66.01000213623047,66.75,6171100
2025-07-14,65.3692398071289,67.63999938964844,67.66000366210938,67.0199966430664,67.18000030517578,5324800
2025-07-15,64.49945068359375,66.73999786376953,67.52999877929688,66.69999694824219,67.4000015258789,5092700
2025-07-16,65.2049560546875,67.47000122070312,67.5199966430664,66.48999786376953,66.80000305175781,5336200
2025-07-17,67.45673370361328,69.80000305175781,69.8499984741211,68.26000213623047,68.30000305175781,9140000
2025-07-18,67.46638488769531,69.80999755859375,70.5,69.37999725341797,69.88999938964844,10412200
2025-07-21,67.08948516845703,69.41999816894531,70.5,69.20999908447266,69.8499984741211,6118100
2025-07-22,68.37483978271484,70.75,71.0,69.23999786376953,69.44999694824219,6728700
2025-07-23,67.81429290771484,70.16999816894531,71.1500015258789,69.7699966430664,70.75,5627400
2025-07-24,67.823974609375,70.18000030517578,70.54000091552734,69.9000015258789,70.06999969482422,6015200
2025-07-25,68.21054077148438,70.58000183105469,70.61000061035156,69.86000061035156,70.25,4520800
2025-07-28,67.2441177368164,69.58000183105469,70.2300033569336,69.19000244140625,70.20999908447266,7984000
2025-07-29,67.3697509765625,69.70999908447266,70.33000183105469,69.27999877929688,69.58000183105469,7926100
2025-07-30,62.91450500488281,65.0999984741211,67.94999694824219,65.02999877929688,67.51000213623047,22047700
2025-07-31,62.518280029296875,64.69000244140625,65.6500015258789,64.16999816894531,64.73999786376953,12174500
2025-08-01,61.78379440307617,63.93000030517578,66.29000091552734,63.91999816894531,65.37000274658203,10650300
2025-08-04,61.397220611572266,63.529998779296875,64.27999877929688,63.33000183105469,63.970001220703125,8291500
2025-08-05,60.2085075378418,62.29999923706055,63.689998626708984,62.16999816894531,63.56999969482422,9069800
2025-08-06,59.98623275756836,62.06999969482422,62.79999923706055,61.9900016784668,62.70000076293945,7727900
2025-08-07,60.305152893066406,62.400001525878906,62.63999938964844,61.83000183105469,62.08000183105469,6067300
2025-08-08,59.75429153442383,61.83000183105469,62.58000183105469,61.4900016784668,62.38999938964844,6419700
2025-08-11,59.493350982666016,61.560001373291016,62.279998779296875,60.2599983215332,62.08000183105469,13278900
2025-08-12,59.32905960083008,61.38999938964844,61.810001373291016,61.150001525878906,61.54999923706055,7373300
2025-08-13,60.102203369140625,62.189998626708984,62.29999923706055,61.189998626708984,61.439998626708984,7656700
2025-08-14,59.39670944213867,61.459999084472656,62.20000076293945,61.36000061035156,62.060001373291016,5695700
2025-08-15,59.99589538574219,62.08000183105469,62.349998474121094,61.31999969482422,61.68000030517578,5849700
2025-08-18,59.76395034790039,61.84000015258789,62.349998474121094,61.63999938964844,62.029998779296875,5063900
2025-08-19,60.556427001953125,62.65999984741211,62.709999084472656,61.77000045776367,61.91999816894531,5990300
2025-08-20,61.0493049621582,63.16999816894531,64.08999633789062,62.70000076293945,63.22999954223633,6805400
2025-08-21,60.8270263671875,62.939998626708984,63.0099983215332,62.310001373291016,62.91999816894531,5687300
2025-08-22,61.281246185302734,63.40999984741211,63.91999816894531,62.90999984741211,63.349998474121094,6390600
2025-08-25,59.879920959472656,61.959999084472656,63.22999954223633,61.880001068115234,63.189998626708984,5851900
2025-08-26,59.96690368652344,62.04999923706055,62.11000061035156,61.459999084472656,61.81999969482422,8456900
2025-08-27,59.68663787841797,61.7599983215332,61.849998474121094,61.310001373291016,61.689998626708984,6463800
2025-08-28,59.222747802734375,61.279998779296875,61.970001220703125,61.02000045776367,61.7599983215332,7242500
2025-08-29,59.377376556396484,61.439998626708984,61.650001525878906,61.0099983215332,61.279998779296875,5866800
2025-09-02,59.715633392333984,61.790000915527344,62.060001373291016,61.20000076293945,61.58000183105469,7815300
2025-09-03,59.24208068847656,61.29999923706055,61.77000045776367,59.369998931884766,61.36000061035156,10566600
2025-09-04,58.85551452636719,60.900001525878906,61.54999923706055,60.88999938964844,61.400001525878906,4612500
2025-09-05,59.66731262207031,61.7400016784668,62.5099983215332,60.95000076293945,61.029998779296875,6149600
2025-09-08,59.860595703125,61.939998626708984,61.970001220703125,61.0,61.59000015258789,6540800
2025-09-09,60.469451904296875,62.56999969482422,62.86000061035156,61.720001220703125,61.84000015258789,5785000
2025-09-10,60.17951965332031,62.27000045776367,62.470001220703125,61.369998931884766,62.290000915527344,6678900
2025-09-11,59.96690368652344,62.04999923706055,63.20000076293945,62.0,62.33000183105469,6423900
2025-09-12,59.899253845214844,61.97999954223633,62.470001220703125,61.689998626708984,61.97999954223633,4853600
2025-09-15,59.532005310058594,61.599998474121094,62.68000030517578,61.56999969482422,62.0,6760500
2025-09-16,60.5950813293457,62.70000076293945,62.95000076293945,61.459999084472656,61.619998931884766,8403200
2025-09-17,60.72071838378906,62.83000183105469,63.599998474121094,62.619998931884766,62.689998626708984,7039900
2025-09-18,61.12662124633789,63.25,63.36000061035156,62.11000061035156,62.27000045776367,6596000
2025-09-19,61.57117462158203,63.709999084472656,64.02999877929688,62.97999954223633,63.599998474121094,17133800
2025-09-22,61.36822509765625,63.5,63.65999984741211,62.97999954223633,63.310001373291016,7358100
2025-09-23,61.67748260498047,63.81999969482422,63.869998931884766,63.22999954223633,63.38999938964844,6698200
2025-09-24,62.22834777832031,64.38999938964844,64.69999694824219,63.779998779296875,63.81999969482422,6188700
2025-09-25,60.459781646728516,62.560001373291016,64.94999694824219,62.540000915527344,64.68000030517578,8679400
2025-09-26,61.23292541503906,63.36000061035156,63.459999084472656,62.27000045776367,62.560001373291016,5295200
2025-09-29,60.527435302734375,62.630001068115234,63.56999969482422,61.220001220703125,63.43000030517578,10956700
2025-09-30,60.85866165161133,62.470001220703125,62.869998931884766,62.150001525878906,62.45000076293945,6603800
2025-10-01,61.54060363769531,63.16999816894531,63.33000183105469,62.119998931884766,62.54999923706055,6259200
2025-10-02,60.186458587646484,61.779998779296875,62.70000076293945,61.619998931884766,62.13999938964844,5529500
2025-10-03,61.05350112915039,62.66999816894531,63.380001068115234,61.52000045776367,61.65999984741211,6205900
2025-10-06,60.186458587646484,61.779998779296875,62.54999923706055,61.439998626708984,62.54999923706055,7883300
2025-10-07,60.98530960083008,62.599998474121094,63.2400016784668,61.61000061035156,61.709999084472656,6638300
2025-10-08,60.06955337524414,61.65999984741211,62.41999816894531,61.41999816894531,62.13999938964844,6881500
2025-10-09,59.42657470703125,61.0,61.810001373291016,60.880001068115234,61.63999938964844,6642600
2025-10-10,59.86497116088867,61.45000076293945,62.34000015258789,60.869998931884766,61.20000076293945,7697800
2025-10-13,59.592193603515625,61.16999816894531,61.290000915527344,60.40999984741211,60.790000915527344,6417600
2025-10-14,60.527435302734375,62.130001068115234,62.189998626708984,60.84000015258789,61.310001373291016,5632000
2025-10-15,60.06955337524414,61.65999984741211,62.369998931884766,61.27000045776367,61.63999938964844,5711800
2025-10-16,60.01110076904297,61.599998474121094,62.7400016784668,61.310001373291016,62.20000076293945,7346400
2025-10-17,60.84891891479492,62.459999084472656,62.70000076293945,61.560001373291016,61.970001220703125,5991800
2025-10-20,61.18989562988281,62.810001373291016,62.959999084472656,62.5,62.81999969482422,4069100
2025-10-21,60.15723419189453,61.75,63.2400016784668,61.540000915527344,62.880001068115234,9149800
2025-10-22,60.37156295776367,61.970001220703125,62.540000915527344,60.939998626708984,61.84000015258789,7148600
2025-10-23,59.43632125854492,61.0099983215332,61.900001525878906,60.97999954223633,61.83000183105469,5212500
2025-10-24,59.202510833740234,60.77000045776367,61.369998931884766,60.54999923706055,61.25,5401300
2025-10-27,60.06955337524414,61.65999984741211,61.720001220703125,60.439998626708984,60.65999984741211,7063700
2025-10-28,58.65695571899414,60.209999084472656,62.43000030517578,60.209999084472656,61.599998474121094,15035000
2025-10-29,56.357826232910156,57.849998474121094,59.27000045776367,56.9900016784668,58.470001220703125,20841600
2025-10-30,56.289634704589844,57.779998779296875,59.2599983215332,57.630001068115234,58.2400016784668,12884300
2025-10-31,55.97789001464844,57.459999084472656,57.939998626708984,56.630001068115234,56.970001220703125,13262800
2025-11-03,55.188785552978516,56.650001525878906,57.84000015258789,56.540000915527344,57.439998626708984,8849900
2025-11-04,54.63348388671875,56.08000183105469,56.970001220703125,55.470001220703125,56.88999938964844,12649100
2025-11-05,54.57503128051758,56.02000045776367,56.2599983215332,55.439998626708984,56.13999938964844,12718900
2025-11-06,54.74065017700195,56.189998626708984,56.849998474121094,55.5099983215332,55.5099983215332,8879700
2025-11-07,55.70511245727539,57.18000030517578,57.81999969482422,56.20000076293945,56.540000915527344,8717300
2025-11-10,54.79909896850586,56.25,57.060001373291016,56.20000076293945,57.0,9205200
2025-11-11,55.64665603637695,57.119998931884766,57.5,56.220001220703125,56.599998474121094,10048300
2025-11-12,55.53949737548828,57.0099983215332,57.54999923706055,56.83000183105469,57.11000061035156,7818800
2025-11-13,55.50053405761719,56.970001220703125,57.720001220703125,56.75,57.02000045776367,8720100
2025-11-14,55.39336395263672,56.86000061035156,57.65999984741211,56.52000045776367,57.2400016784668,6854200
2025-11-17,54.13663864135742,55.56999969482422,56.869998931884766,55.529998779296875,56.779998779296875,6549200
2025-11-18,54.34122085571289,55.779998779296875,55.88999938964844,55.22999954223633,55.83000183105469,9659700
2025-11-19,54.63348388671875,56.08000183105469,56.209999084472656,55.029998779296875,55.72999954223633,10779200
2025-11-20,54.31199645996094,55.75,56.560001373291016,55.189998626708984,55.97999954223633,9746800
2025-11-21,55.529754638671875,57.0,57.09000015258789,55.45000076293945,55.72999954223633,11209100
2025-11-24,54.74065017700195,56.189998626708984,57.09000015258789,55.88999938964844,57.0,10860000
2025-11-25,55.071876525878906,56.529998779296875,56.72999954223633,55.70000076293945,55.7400016784668,9100900
2025-11-26,55.734336853027344,57.209999084472656,57.41999816894531,56.369998931884766,56.58000183105469,6893300
2025-11-28,56.085052490234375,57.56999969482422,57.630001068115234,56.86000061035156,57.060001373291016,3645200
2025-12-01,54.94523239135742,56.400001525878906,57.349998474121094,56.060001373291016,57.20000076293945,12849800
2025-12-02,54.54581069946289,55.9900016784668,56.45000076293945,55.38999938964844,56.400001525878906,8644000
2025-12-03,54.584774017333984,56.029998779296875,56.689998626708984,55.650001525878906,55.97999954223633,10060400
2025-12-04,54.3607063293457,55.79999923706055,56.310001373291016,55.33000183105469,56.16999816894531,9805500
2025-12-05,53.4936637878418,54.90999984741211,56.33000183105469,54.75,55.709999084472656,10435600
2025-12-08,53.347530364990234,54.7599983215332,55.29999923706055,54.5,54.619998931884766,9884300
2025-12-09,52.714298248291016,54.11000061035156,55.119998931884766,54.040000915527344,54.83000183105469,10114000
2025-12-10,52.499969482421875,53.88999938964844,54.209999084472656,53.130001068115234,54.16999816894531,17184600
2025-12-11,52.40255355834961,53.790000915527344,54.40999984741211,53.40999984741211,54.099998474121094,16302500
2025-12-12,52.6461067199707,54.040000915527344,54.650001525878906,53.880001068115234,53.970001220703125,9288900
2025-12-15,52.86042785644531,54.2599983215332,54.91999816894531,54.0,54.5,17381400
2025-12-16,52.577911376953125,53.970001220703125,54.95000076293945,53.88999938964844,54.720001220703125,12565000
2025-12-17,52.43178176879883,53.81999969482422,54.33000183105469,53.439998626708984,54.20000076293945,17839300
2025-12-18,53.36701583862305,54.779998779296875,54.84000015258789,53.68000030517578,53.75,19270400
2025-12-19,53.09423828125,54.5,55.2599983215332,54.31999969482422,54.52000045776367,29240200
2025-12-22,52.909141540527344,54.310001373291016,54.90999984741211,54.08000183105469,54.150001525878906,8781400
2025-12-23,52.75326919555664,54.150001525878906,54.41999816894531,53.5099983215332,54.310001373291016,8644500
2025-12-24,53.21113967895508,54.619998931884766,54.650001525878906,54.130001068115234,54.209999084472656,3833500
2025-12-26,53.23062515258789,54.63999938964844,54.720001220703125,54.31999969482422,54.599998474121094,4689200
2025-12-29,53.62030792236328,55.040000915527344,55.06999969482422,54.56999969482422,54.72999954223633,7405700
2025-12-30,53.396244049072266,54.810001373291016,55.25,54.75,54.959999084472656,6088500
2025-12-31,52.924320220947266,53.83000183105469,54.5,53.790000915527344,54.5,6660400
2026-01-02,52.74734878540039,53.650001525878906,54.279998779296875,53.40999984741211,53.939998626708984,10842000
2026-01-05,52.835838317871094,53.7400016784668,53.869998931884766,52.790000915527344,53.36000061035156,15822000
2026-01-06,51.84282684326172,52.72999954223633,53.650001525878906,52.70000076293945,53.47999954223633,11217500
2026-01-07,50.643348693847656,51.5099983215332,53.08000183105469,51.439998626708984,52.849998474121094,13171600
2026-01-08,53.081626892089844,53.9900016784668,54.09000015258789,51.20000076293945,51.400001525878906,15509500
2026-01-09,54.16312026977539,55.09000015258789,55.2400016784668,53.54999923706055,53.9900016784668,9908600
2026-01-12,53.995975494384766,54.91999816894531,55.400001525878906,54.72999954223633,55.119998931884766,11636500
2026-01-13,54.998817443847656,55.939998626708984,56.04999923706055,54.810001373291016,55.20000076293945,9870400
2026-01-14,56.26711654663086,57.22999954223633,57.31999969482422,55.709999084472656,55.790000915527344,12569400
2026-01-15,56.3359375,57.29999923706055,57.56999969482422,56.869998931884766,57.13999938964844,8080600
2026-01-16,56.276947021484375,57.2400016784668,57.560001373291016,56.61000061035156,57.220001220703125,12019100
2026-01-20,57.01432800292969,57.9900016784668,58.33000183105469,56.83000183105469,57.130001068115234,13063700
2026-01-21,56.38509750366211,57.349998474121094,58.0,56.68000030517578,57.66999816894531,12515300
2026-01-22,56.611228942871094,57.58000183105469,58.209999084472656,57.209999084472656,57.2599983215332,11525500
2026-01-23,57.41743087768555,58.400001525878906,58.43000030517578,57.439998626708984,57.4900016784668,10550600
2026-01-26,57.54523849487305,58.529998779296875,58.90999984741211,57.9900016784668,58.290000915527344,9762400
2026-01-27,58.027000427246094,59.02000045776367,60.20000076293945,58.25,58.29999923706055,10450600
2026-01-28,56.75870132446289,57.72999954223633,59.59000015258789,57.36000061035156,58.97999954223633,9809400
2026-01-29,56.34577178955078,57.310001373291016,58.459999084472656,57.130001068115234,57.91999816894531,11868700
2026-01-30,57.48625183105469,58.470001220703125,58.529998779296875,56.9900016784668,57.11000061035156,11539900
2026-02-02,57.70254898071289,58.689998626708984,59.41999816894531,58.2400016784668,58.83000183105469,16530500
2026-02-03,58.46942901611328,59.470001220703125,59.939998626708984,58.0,58.060001373291016,15322700
2026-02-04,58.40060806274414,59.400001525878906,60.029998779296875,58.650001525878906,60.0,20600400
2026-02-05,59.29529571533203,60.310001373291016,60.849998474121094,59.2400016784668,60.130001068115234,13028400
2026-02-06,59.01017379760742,60.02000045776367,60.61000061035156,59.83000183105469,59.970001220703125,10807100
2026-02-09,59.708229064941406,60.72999954223633,60.79999923706055,58.91999816894531,59.97999954223633,12254600
2026-02-10,59.629573822021484,60.650001525878906,61.380001068115234,60.34000015258789,60.77000045776367,12195800
2026-02-11,60.4357795715332,61.470001220703125,61.72999954223633,59.880001068115234,60.36000061035156,8570900
2026-02-12,60.8192138671875,61.86000061035156,62.560001373291016,61.34000015258789,62.0,11966500
2026-02-13,61.53693389892578,62.59000015258789,62.79999923706055,61.41999816894531,61.900001525878906,11915000
2026-02-17,58.852867126464844,59.86000061035156,62.790000915527344,59.25,62.560001373291016,8970700
2026-02-18,59.06916809082031,60.08000183105469,60.31999969482422,59.349998474121094,59.900001525878906,7887000
2026-02-19,57.65339279174805,58.63999938964844,60.31999969482422,58.02000045776367,60.150001525878906,10733100
2026-02-20,57.810699462890625,58.79999923706055,59.18000030517578,58.34000015258789,58.63999938964844,9491500
2026-02-23,59.36412048339844,60.380001068115234,60.70000076293945,58.5,58.599998474121094,9489000
2026-02-24,60.101497650146484,61.130001068115234,61.279998779296875,60.29999923706055,60.29999923706055,7349600
2026-02-25,59.108489990234375,60.119998931884766,61.290000915527344,59.65999984741211,61.130001068115234,6866100
2026-02-26,58.9315185546875,59.939998626708984,60.380001068115234,59.630001068115234,60.380001068115234,10716600
2026-02-27,60.54392623901367,61.58000183105469,61.7599983215332,59.90999984741211,60.08000183105469,12554900
2026-03-02,59.4231071472168,60.439998626708984,61.34000015258789,60.279998779296875,61.15999984741211,6523100
2026-03-03,57.78120422363281,58.77000045776367,60.099998474121094,58.70000076293945,59.959999084472656,9949200
2026-03-04,57.70254898071289,58.689998626708984,59.16999816894531,58.18000030517578,59.0,11608700
2026-03-05,57.20112991333008,58.18000030517578,58.599998474121094,57.65999984741211,58.4900016784668,13089200
2026-03-06,57.41743087768555,58.400001525878906,58.59000015258789,57.349998474121094,58.029998779296875,9532600
2026-03-09,57.1912956237793,58.16999816894531,58.650001525878906,57.43000030517578,58.189998626708984,10735800
2026-03-10,55.6280517578125,56.58000183105469,58.310001373291016,56.54999923706055,58.130001068115234,7716800
2026-03-11,54.4285774230957,55.36000061035156,56.310001373291016,54.68000030517578,56.25,10296500
2026-03-12,53.435569763183594,54.349998474121094,55.970001220703125,54.310001373291016,55.54999923706055,10232100
2026-03-13,53.96648406982422,54.88999938964844,55.02000045776367,54.470001220703125,54.83000183105469,9740600
2026-03-16,56.19829177856445,57.15999984741211,57.36000061035156,55.29999923706055,55.58000183105469,11950800
2026-03-17,56.96516799926758,57.939998626708984,58.81999969482422,57.5,57.58000183105469,13495300
2026-03-18,55.51990509033203,56.470001220703125,57.540000915527344,56.27000045776367,57.369998931884766,9252900
2026-03-19,55.53956604003906,56.4900016784668,56.959999084472656,55.83000183105469,56.529998779296875,8864400
2026-03-20,55.26427459716797,56.209999084472656,57.02000045776367,56.0099983215332,56.47999954223633,22557300
2026-03-23,55.90333938598633,56.86000061035156,57.2400016784668,55.91999816894531,56.7400016784668,12617300
2026-03-24,56.21795654296875,57.18000030517578,57.97999954223633,56.290000915527344,56.540000915527344,9066000
2026-03-25,56.46375274658203,57.43000030517578,57.529998779296875,56.2400016784668,56.97999954223633,9431900
2026-03-26,56.611228942871094,57.58000183105469,58.68000030517578,57.52000045776367,57.54999923706055,8416900
2026-03-27,57.289615631103516,58.27000045776367,58.779998779296875,57.279998779296875,57.58000183105469,14112900
2026-03-30,57.26995086669922,58.25,59.380001068115234,58.209999084472656,58.630001068115234,10310000
2026-03-31,57.160865783691406,57.63999938964844,58.25,56.77000045776367,57.900001525878906,11205800
2026-04-01,56.595603942871094,57.06999969482422,57.650001525878906,56.5099983215332,57.619998931884766,9978400
2026-04-02,57.06169891357422,57.540000915527344,57.58000183105469,56.72999954223633,56.970001220703125,5631700
2026-04-06,57.89471435546875,58.380001068115234,58.63999938964844,57.349998474121094,57.540000915527344,5896500
2026-04-07,57.031944274902344,57.5099983215332,58.599998474121094,57.45000076293945,58.290000915527344,9049900
2026-04-08,58.34097671508789,58.83000183105469,58.84000015258789,57.220001220703125,57.470001220703125,8101700
2026-04-09,58.598812103271484,59.09000015258789,59.22999954223633,58.08000183105469,58.18000030517578,7349400
2026-04-10,58.509559631347656,59.0,59.31999969482422,58.599998474121094,59.09000015258789,6807400
2026-04-13,57.20053482055664,57.68000030517578,58.83000183105469,57.41999816894531,58.720001220703125,9286300
2026-04-14,57.35920333862305,57.84000015258789,58.400001525878906,56.97999954223633,57.619998931884766,6585400
2026-04-15,56.10968017578125,56.58000183105469,57.68000030517578,56.34000015258789,57.68000030517578,8049800
2026-04-16,56.595603942871094,57.06999969482422,57.16999816894531,56.06999969482422,56.400001525878906,6754700
2026-04-17,56.77410888671875,57.25,57.4900016784668,56.849998474121094,57.34000015258789,8240800
2026-04-20,56.83361053466797,57.310001373291016,57.619998931884766,56.81999969482422,57.279998779296875,5552100
2026-04-21,55.66341781616211,56.130001068115234,57.18000030517578,56.0,57.09000015258789,7301900
2026-04-22,55.59400177001953,56.060001373291016,56.540000915527344,55.790000915527344,56.18000030517578,5639800
2026-04-23,57.230281829833984,57.709999084472656,57.9900016784668,56.18000030517578,56.31999969482422,7642700
2026-04-24,57.1311149597168,57.61000061035156,58.06999969482422,57.06999969482422,57.29999923706055,10095600
2026-04-27,56.942691802978516,57.41999816894531,58.2400016784668,57.29999923706055,57.29999923706055,6593200
2026-04-28,58.05338668823242,58.540000915527344,58.61000061035156,57.599998474121094,58.11000061035156,11613700
2026-04-29,60.5326042175293,61.040000915527344,61.9900016784668,59.77000045776367,60.0,14591800
2026-04-30,60.92927551269531,61.439998626708984,61.810001373291016,60.79999923706055,61.04999923706055,10111200
2026-05-01,60.859859466552734,61.369998931884766,62.189998626708984,60.810001373291016,61.90999984741211,6479700
2026-05-04,60.86977767944336,61.380001068115234,61.84000015258789,60.93000030517578,61.349998474121094,6280700
2026-05-05,60.849945068359375,61.36000061035156,61.810001373291016,60.2599983215332,61.220001220703125,8347500
2026-05-06,61.3557014465332,61.869998931884766,62.189998626708984,61.33000183105469,61.45000076293945,6020000
2026-05-07,60.80036163330078,61.310001373291016,61.90999984741211,60.779998779296875,61.34000015258789,5462600
2026-05-08,61.03836441040039,61.54999923706055,62.060001373291016,61.25,61.25,6472000
2026-05-11,60.89952850341797,61.40999984741211,61.72999954223633,60.880001068115234,61.540000915527344,7087400
2026-05-12,61.18711853027344,61.70000076293945,62.20000076293945,61.060001373291016,61.779998779296875,6609400
2026-05-13,61.00861358642578,61.52000045776367,61.91999816894531,60.779998779296875,61.27000045776367,10031900
2026-05-14,60.46318817138672,60.970001220703125,61.9900016784668,60.83000183105469,61.77000045776367,5913400
2026-05-15,59.937591552734375,60.439998626708984,61.58000183105469,60.29999923706055,61.560001373291016,8000800
2026-05-18,61.12761688232422,61.63999938964844,61.849998474121094,60.45000076293945,60.5099983215332,6207100
2026-05-19,60.78052520751953,61.290000915527344,62.59000015258789,61.040000915527344,61.5,6716900
2026-05-20,61.32595443725586,61.84000015258789,62.13999938964844,60.779998779296875,61.290000915527344,7100800
2026-05-21,60.9887809753418,61.5,61.88999938964844,60.900001525878906,61.7400016784668,5378000
2026-05-22,61.24661636352539,61.7599983215332,62.189998626708984,61.41999816894531,61.58000183105469,7049600
2026-05-26,60.73094177246094,61.2400016784668,62.52000045776367,61.220001220703125,61.939998626708984,7829300
2026-05-27,61.7325439453125,62.25,62.560001373291016,61.439998626708984,61.439998626708984,9301600
2026-05-28,61.87137985229492,62.38999938964844,62.54999923706055,61.790000915527344,62.220001220703125,6751300
2026-05-29,60.661521911621094,61.16999816894531,62.150001525878906,61.09000015258789,62.099998474121094,8924800
2026-06-01,60.542518615722656,61.04999923706055,61.150001525878906,59.95000076293945,60.619998931884766,8749300
2026-06-02,60.562355041503906,61.06999969482422,61.75,60.83000183105469,61.029998779296875,7236600
2026-06-03,60.80036163330078,61.310001373291016,62.2599983215332,61.11000061035156,61.27000045776367,6666700
2026-06-04,60.4830207824707,60.9900016784668,62.40999984741211,60.70000076293945,61.95000076293945,5876700
2026-06-05,61.5242919921875,62.040000915527344,63.13999938964844,61.130001068115234,61.150001525878906,8567100
2026-06-08,61.087947845458984,61.599998474121094,62.310001373291016,61.540000915527344,62.189998626708984,7007400
2026-06-09,62.40689468383789,62.93000030517578,63.290000915527344,61.56999969482422,61.91999816894531,8333400
2026-06-10,63.64650344848633,64.18000030517578,64.3499984741211,62.95000076293945,63.459999084472656,7761500
2026-06-11,62.83332061767578,63.36000061035156,64.3499984741211,63.290000915527344,64.29000091552734,7688800
2026-06-12,62.46639633178711,62.9900016784668,63.529998779296875,62.2400016784668,63.31999969482422,8009400
2026-06-15,60.9887809753418,61.5,62.9900016784668,61.400001525878906,62.9900016784668,10084600
2026-06-16,61.63337707519531,62.150001525878906,62.209999084472656,60.869998931884766,61.560001373291016,9967400
2026-06-17,60.35409927368164,60.86000061035156,62.20000076293945,60.02000045776367,61.72999954223633,8727200
2026-06-18,59.6202507019043,60.119998931884766,61.02000045776367,59.77000045776367,60.93000030517578,25599300
2026-06-22,59.01531982421875,59.5099983215332,60.470001220703125,59.45000076293945,59.7599983215332,9308600
2026-06-23,60.55243682861328,61.060001373291016,61.27000045776367,60.380001068115234,60.900001525878906,10836900
2026-06-24,61.22678756713867,61.7400016784668,62.380001068115234,61.38999938964844,61.529998779296875,10529000
2026-06-25,60.6912727355957,61.20000076293945,63.0,61.11000061035156,61.619998931884766,9317200
2026-06-26,60.28468322753906,60.790000915527344,61.97999954223633,60.43000030517578,61.86000061035156,15231000
2026-06-29,59.650001525878906,60.150001525878906,61.2400016784668,59.369998931884766,60.75,11090300
2026-06-30,57.84000015258789,57.84000015258789,59.599998474121094,57.779998779296875,59.31999969482422,11671400
2026-07-01,59.349998474121094,59.349998474121094,59.560001373291016,58.150001525878906,58.25,12148000
2026-07-02,60.90999984741211,60.90999984741211,61.060001373291016,59.56999969482422,59.7599983215332,8917700
2026-07-06,59.16999816894531,59.16999816894531,61.08000183105469,58.880001068115234,60.95000076293945,8108500
2026-07-07,60.220001220703125,60.220001220703125,61.20000076293945,59.72999954223633,60.36000061035156,8435000
2026-07-08,59.47999954223633,59.47999954223633,60.43000030517578,59.15999984741211,60.25,8908600
2026-07-09,58.29999923706055,58.29999923706055,59.099998474121094,58.25,58.93000030517578,6919200
2026-07-10,58.83000183105469,58.83000183105469,58.90999984741211,57.81999969482422,58.099998474121094,6428300
2026-07-13,59.86000061035156,59.86000061035156,60.779998779296875,59.41999816894531,59.5,6541400
2026-07-14,58.79999923706055,58.79999923706055,59.709999084472656,58.66999816894531,59.5099983215332,8906300
2026-07-15,58.720001220703125,58.720001220703125,59.27000045776367,57.869998931884766,58.33000183105469,8501300
2026-07-16,61.41999816894531,61.41999816894531,61.47999954223633,59.22999954223633,59.369998931884766,13166900
2026-07-17,61.0,61.0,63.040000915527344,60.650001525878906,62.18000030517578,10296200
2026-07-20,60.27000045776367,60.27000045776367,60.900001525878906,59.689998626708984,60.66999816894531,7888400
2026-07-21,59.86000061035156,59.86000061035156,60.13999938964844,59.099998474121094,59.75,7796200
2026-07-22,60.86000061035156,60.86000061035156,60.97999954223633,60.0099983215332,60.63999938964844,6175500
2026-07-23,60.04999923706055,60.04999923706055,60.5,59.56999969482422,60.15999984741211,10221200
2026-07-24,60.52000045776367,60.52000045776367,60.68000030517578,59.849998474121094,60.040000915527344,8493600
2026-07-27,60.66999816894531,60.66999816894531,61.18000030517578,60.06999969482422,60.54999923706055,10077700
