Date,Adj Close,Close,High,Low,Open,Volume
2021-08-02,278.770263671875,291.57000732421875,293.19000244140625,290.6199951171875,292.3900146484375,879600
2021-08-03,282.9866027832031,295.9800109863281,296.0899963378906,291.010009765625,291.42999267578125,863000
2021-08-04,283.22564697265625,296.2300109863281,297.7099914550781,294.55999755859375,295.2799987792969,920900
2021-08-05,282.6806335449219,295.6600036621094,298.989990234375,294.55999755859375,297.2900085449219,956700
2021-08-06,283.9140319824219,296.95001220703125,298.2699890136719,295.54998779296875,295.54998779296875,709500
2021-08-09,284.3538818359375,297.4100036621094,297.8500061035156,295.70001220703125,297.1400146484375,862000
2021-08-10,283.0727844238281,296.07000732421875,298.1000061035156,295.7900085449219,297.7099914550781,622900
2021-08-11,289.0578308105469,302.3299865722656,303.0299987792969,297.0799865722656,297.3299865722656,1151500
2021-08-12,290.37725830078125,303.7099914550781,304.3399963378906,299.54998779296875,301.55999755859375,1325300
2021-08-13,292.24169921875,305.6600036621094,307.3299865722656,303.7099914550781,303.7099914550781,911100
2021-08-16,294.2494812011719,307.760009765625,308.82000732421875,303.6099853515625,305.3399963378906,853700
2021-08-17,291.5341796875,304.9200134277344,306.4599914550781,302.5,306.0299987792969,869900
2021-08-18,287.8913879394531,301.1099853515625,305.6099853515625,300.8800048828125,304.9200134277344,850300
2021-08-19,289.8838195800781,302.6400146484375,303.57000732421875,297.94000244140625,298.7200012207031,707500
2021-08-20,294.11749267578125,307.05999755859375,308.55999755859375,303.17999267578125,303.55999755859375,860200
2021-08-23,291.8761291503906,304.7200012207031,309.9800109863281,304.5799865722656,307.4599914550781,686800
2021-08-24,290.3340148925781,303.1099853515625,305.0400085449219,302.6000061035156,305.0299987792969,555900
2021-08-25,289.9700622558594,302.7300109863281,303.6000061035156,299.57000732421875,300.9599914550781,920900
2021-08-26,289.52935791015625,302.2699890136719,303.3900146484375,299.3999938964844,303.3900146484375,673000
2021-08-27,290.10406494140625,302.8699951171875,304.8599853515625,302.5199890136719,303.45001220703125,682200
2021-08-30,292.4412536621094,305.30999755859375,307.5,303.8599853515625,304.5799865722656,615100
2021-08-31,290.8703308105469,303.6700134277344,305.30999755859375,302.6099853515625,305.0,963100
2021-09-01,293.0158996582031,305.9100036621094,306.7699890136719,302.0199890136719,302.6199951171875,681900
2021-09-02,295.6883544921875,308.70001220703125,308.7900085449219,305.55999755859375,306.6400146484375,824600
2021-09-03,294.4718933105469,307.42999267578125,310.42999267578125,305.7699890136719,307.010009765625,786800
2021-09-07,290.07537841796875,302.8399963378906,305.05999755859375,300.1000061035156,302.3500061035156,938600
2021-09-08,284.1845397949219,296.69000244140625,299.3800048828125,294.1000061035156,298.67999267578125,1688300
2021-09-09,284.768798828125,297.29998779296875,299.32000732421875,293.3500061035156,294.19000244140625,1708800
2021-09-10,287.968017578125,300.6400146484375,304.0799865722656,296.010009765625,297.260009765625,1200200
2021-09-13,289.3377990722656,302.07000732421875,304.8500061035156,300.70001220703125,303.57000732421875,1190200
2021-09-14,286.2630615234375,298.8599853515625,302.510009765625,297.8699951171875,302.05999755859375,1067200
2021-09-15,286.7898864746094,299.4100036621094,300.6199951171875,296.760009765625,300.44000244140625,606500
2021-09-16,285.4585266113281,298.0199890136719,299.25,296.3299865722656,298.9100036621094,643400
2021-09-17,281.35888671875,293.739990234375,297.0400085449219,293.0199890136719,296.4100036621094,1862100
2021-09-20,279.4718933105469,291.7699890136719,293.3399963378906,288.1400146484375,289.0199890136719,1101600
2021-09-21,278.1213684082031,290.3599853515625,293.75,289.6600036621094,293.4800109863281,802700
2021-09-22,279.68267822265625,291.989990234375,294.29998779296875,290.4800109863281,291.8599853515625,812600
2021-09-23,281.847412109375,294.25,295.6300048828125,292.3299865722656,293.3399963378906,854100
2021-09-24,279.5006408691406,291.79998779296875,293.8399963378906,291.07000732421875,292.9700012207031,746700
2021-09-27,275.4872741699219,287.6099853515625,291.3599853515625,287.45001220703125,289.9700012207031,783700
2021-09-28,267.8340759277344,279.6199951171875,286.4599914550781,278.70001220703125,285.7300109863281,1619700
2021-09-29,270.36279296875,282.260009765625,285.4599914550781,272.010009765625,273.4599914550781,2580900
2021-09-30,267.93939208984375,279.7300109863281,284.20001220703125,278.7699890136719,283.29998779296875,1670800
2021-10-01,273.02557373046875,285.0400085449219,289.70001220703125,280.239990234375,280.7799987792969,1797800
2021-10-04,273.2650451660156,285.2900085449219,289.0,283.7099914550781,284.9800109863281,1483500
2021-10-05,279.0600280761719,291.3399963378906,292.8900146484375,285.0400085449219,286.1300048828125,1571300
2021-10-06,281.47381591796875,293.8599853515625,294.010009765625,287.9599914550781,289.7200012207031,1409100
2021-10-07,281.36846923828125,293.75,299.7900085449219,292.9800109863281,296.30999755859375,1426300
2021-10-08,277.7669677734375,289.989990234375,294.8599853515625,288.0400085449219,293.75,1171400
2021-10-11,276.13861083984375,288.2900085449219,292.4800109863281,288.2699890136719,289.0,855200
2021-10-12,279.55810546875,291.8599853515625,293.3299865722656,288.2799987792969,289.20001220703125,1237700
2021-10-13,277.7191162109375,289.94000244140625,293.5,286.5899963378906,293.5,838100
2021-10-14,279.9029541015625,292.2200012207031,292.3599853515625,285.0299987792969,288.75,1079300
2021-10-15,283.8972473144531,296.3900146484375,297.239990234375,291.8999938964844,294.0400085449219,1058700
2021-10-18,284.8167724609375,297.3500061035156,297.3900146484375,294.260009765625,294.80999755859375,757200
2021-10-19,285.70751953125,298.2799987792969,298.8599853515625,296.0299987792969,298.8599853515625,656900
2021-10-20,289.15582275390625,301.8800048828125,301.92999267578125,297.3500061035156,299.32000732421875,847100
2021-10-21,293.8493347167969,306.7799987792969,306.94000244140625,300.57000732421875,301.8900146484375,970600
2021-10-22,293.696044921875,306.6199951171875,308.45001220703125,306.239990234375,306.7799987792969,653600
2021-10-25,296.66534423828125,309.7200012207031,310.75,306.739990234375,308.0,1052900
2021-10-26,302.6997985839844,316.0199890136719,318.8500061035156,302.0199890136719,309.7099914550781,1931600
2021-10-27,304.0025634765625,317.3800048828125,321.6700134277344,316.30999755859375,317.6000061035156,1365400
2021-10-28,307.8721923828125,321.4200134277344,323.82000732421875,314.5,316.67999267578125,1152000
2021-10-29,303.2649230957031,316.6099853515625,323.5,314.6000061035156,321.30999755859375,1524700
2021-11-01,297.01971435546875,310.0899963378906,318.0299987792969,310.04998779296875,316.6199951171875,1284000
2021-11-02,299.6059265136719,312.7900085449219,314.19000244140625,310.9200134277344,311.3299865722656,994800
2021-11-03,301.01397705078125,314.260009765625,314.92999267578125,310.2699890136719,314.2200012207031,1281600
2021-11-04,305.1614685058594,318.5899963378906,318.9100036621094,312.95001220703125,313.0,1040900
2021-11-05,305.58294677734375,319.0299987792969,322.3299865722656,317.30999755859375,318.9200134277344,1098500
2021-11-08,307.2783203125,320.79998779296875,322.4800109863281,319.4200134277344,320.32000732421875,765200
2021-11-09,310.3913269042969,324.04998779296875,324.6400146484375,319.3599853515625,320.6199951171875,781000
2021-11-10,310.9277648925781,324.6099853515625,325.67999267578125,323.30999755859375,323.30999755859375,973200
2021-11-11,312.2591552734375,326.0,326.1099853515625,323.0,323.95001220703125,620600
2021-11-12,317.4315185546875,331.3999938964844,331.5,326.0,327.04998779296875,1212700
2021-11-15,318.8204040527344,332.8500061035156,333.0,327.8599853515625,330.2799987792969,852200
2021-11-16,324.3663330078125,338.6400146484375,340.07000732421875,332.8800048828125,333.3800048828125,1334500
2021-11-17,319.1173095703125,333.1600036621094,340.45001220703125,332.9599914550781,338.0299987792969,1131600
2021-11-18,317.3232116699219,330.739990234375,335.489990234375,330.3800048828125,333.3800048828125,1126100
2021-11-19,318.77197265625,332.25,334.7699890136719,329.32000732421875,331.9200134277344,1355800
2021-11-22,316.43084716796875,329.80999755859375,335.510009765625,329.7699890136719,332.69000244140625,971800
2021-11-23,314.20501708984375,327.489990234375,331.25,326.0899963378906,329.0,1024700
2021-11-24,314.7135009765625,328.0199890136719,328.55999755859375,326.239990234375,327.0,907200
2021-11-26,310.18499755859375,323.29998779296875,328.7300109863281,323.0,323.9200134277344,1030600
2021-11-29,320.7196960449219,334.2799987792969,335.260009765625,323.6099853515625,325.3399963378906,1629500
2021-11-30,317.8029479980469,331.239990234375,337.5299987792969,329.3999938964844,332.94000244140625,2644800
2021-12-01,317.52471923828125,330.95001220703125,339.6700134277344,330.8299865722656,333.3999938964844,1813400
2021-12-02,325.89093017578125,339.6700134277344,342.9200134277344,330.760009765625,331.7300109863281,1482400
2021-12-03,328.5102233886719,342.3999938964844,347.0400085449219,336.8900146484375,340.1600036621094,1794700
2021-12-06,327.291748046875,341.1300048828125,345.3900146484375,339.8399963378906,345.29998779296875,1123600
2021-12-07,327.90582275390625,341.7699890136719,345.82000732421875,341.0899963378906,344.6199951171875,1261500
2021-12-08,328.3374938964844,342.2200012207031,344.0799865722656,339.0799865722656,342.5,841200
2021-12-09,329.9206237792969,343.8699951171875,347.30999755859375,343.1199951171875,343.8900146484375,668300
2021-12-10,332.40557861328125,346.4599914550781,348.1199951171875,343.7900085449219,346.4100036621094,659700
2021-12-13,331.96417236328125,346.0,348.54998779296875,343.19000244140625,346.7699890136719,1007900
2021-12-14,328.8556213378906,342.760009765625,346.3500061035156,340.05999755859375,346.3500061035156,918800
2021-12-15,331.61883544921875,345.6400146484375,345.70001220703125,338.1000061035156,338.7900085449219,1413500
2021-12-16,334.1229248046875,348.25,349.7200012207031,345.5400085449219,347.4599914550781,944500
2021-12-17,326.6296691894531,340.44000244140625,346.6600036621094,338.67999267578125,346.6600036621094,2325600
2021-12-20,322.0723876953125,335.69000244140625,338.0,329.0,337.6099853515625,1153600
2021-12-21,320.9210510253906,334.489990234375,339.29998779296875,332.5400085449219,336.7799987792969,1045100
2021-12-22,324.9794921875,338.7200012207031,339.2099914550781,333.6700134277344,334.0,454100
2021-12-23,324.6532897949219,338.3800048828125,342.1300048828125,337.760009765625,338.5199890136719,785600
2021-12-27,331.5323791503906,345.54998779296875,346.5299987792969,339.260009765625,339.260009765625,842000
2021-12-28,334.2668151855469,348.3999938964844,349.6700134277344,346.0799865722656,347.70001220703125,601200
2021-12-29,337.106689453125,351.3599853515625,352.3699951171875,347.75,347.7699890136719,484700
2021-12-30,336.14727783203125,350.3599853515625,354.1499938964844,349.7699890136719,352.04998779296875,410700
2021-12-31,337.874267578125,352.1600036621094,353.2699890136719,349.239990234375,349.57000732421875,852100
2022-01-03,325.36322021484375,339.1199951171875,350.3900146484375,335.3599853515625,348.4800109863281,1484100
2022-01-04,322.1011962890625,335.7200012207031,337.67999267578125,332.3999938964844,334.32000732421875,1707700
2022-01-05,322.70562744140625,336.3500061035156,342.57000732421875,333.989990234375,336.5299987792969,1182500
2022-01-06,320.0288391113281,333.55999755859375,337.4700012207031,332.8500061035156,335.8599853515625,947100
2022-01-07,310.10821533203125,323.2200012207031,333.17999267578125,322.69000244140625,333.0,1325500
2022-01-10,310.18499755859375,323.29998779296875,323.4599914550781,317.07000732421875,322.29998779296875,1603700
2022-01-11,311.3363342285156,324.5,324.6700134277344,318.07000732421875,323.4200134277344,1063600
2022-01-12,308.5444030761719,321.5899963378906,326.010009765625,319.29998779296875,325.3500061035156,1191400
2022-01-13,304.5148010253906,317.3900146484375,324.5,316.6400146484375,322.239990234375,1064300
2022-01-14,295.94696044921875,308.4599914550781,313.45001220703125,304.0,310.239990234375,2622700
2022-01-18,293.7978820800781,306.2200012207031,306.95001220703125,297.7799987792969,300.7099914550781,2738200
2022-01-19,291.46649169921875,303.7900085449219,309.20001220703125,303.57000732421875,306.6600036621094,1859800
2022-01-20,285.58514404296875,297.6600036621094,307.57000732421875,296.75,305.32000732421875,1501300
2022-01-21,280.97021484375,292.8500061035156,301.8500061035156,292.760009765625,297.6600036621094,2124900
2022-01-24,286.4102783203125,298.5199890136719,299.6400146484375,284.8999938964844,287.25,2987300
2022-01-25,282.3230285644531,294.260009765625,298.95001220703125,290.5199890136719,294.510009765625,2908000
2022-01-26,280.87432861328125,292.75,299.989990234375,291.7200012207031,295.0,3524100
2022-01-27,271.6829833984375,283.1700134277344,294.94000244140625,279.80999755859375,290.2799987792969,3374500
2022-01-28,276.0292053222656,287.70001220703125,287.8500061035156,273.7799987792969,282.3800048828125,2316800
2022-01-31,274.8874206542969,286.510009765625,288.8999938964844,283.20001220703125,287.0,2498700
2022-02-01,281.2005310058594,293.0899963378906,294.29998779296875,284.69000244140625,288.7300109863281,2221000
2022-02-02,282.380615234375,294.32000732421875,295.75,290.1700134277344,293.70001220703125,1190100
2022-02-03,276.1538391113281,287.8299865722656,294.0799865722656,287.3999938964844,291.510009765625,998800
2022-02-04,270.30133056640625,281.7300109863281,286.1000061035156,280.6099853515625,286.0199890136719,1459700
2022-02-07,267.8931884765625,279.2200012207031,282.67999267578125,279.2200012207031,282.1499938964844,1474900
2022-02-08,268.3249206542969,279.6700134277344,281.0,277.9800109863281,280.1000061035156,1125900
2022-02-09,274.9930114746094,286.6199951171875,288.5,282.9599914550781,283.0,1086400
2022-02-10,268.57440185546875,279.92999267578125,285.4200134277344,278.510009765625,283.17999267578125,1215200
2022-02-11,262.02142333984375,273.1000061035156,279.92999267578125,272.20001220703125,278.94000244140625,1265100
2022-02-14,259.5077209472656,270.4800109863281,274.6499938964844,269.17999267578125,273.5400085449219,1074700
2022-02-15,260.5534973144531,271.57000732421875,275.04998779296875,270.239990234375,274.739990234375,1166900
2022-02-16,261.5705261230469,272.6300048828125,273.04998779296875,266.8800048828125,271.8599853515625,924000
2022-02-17,256.37994384765625,267.2200012207031,273.05999755859375,266.4599914550781,271.25,946100
2022-02-18,257.19549560546875,268.07000732421875,271.489990234375,266.3599853515625,267.69000244140625,1317400
2022-02-22,250.9686737060547,261.5799865722656,266.7200012207031,259.1300048828125,265.8599853515625,2088600
2022-02-23,248.87721252441406,259.3999938964844,264.1000061035156,259.1499938964844,262.8999938964844,2101400
2022-02-24,248.4358367919922,258.94000244140625,259.5799865722656,251.42999267578125,253.52000427246094,2010200
2022-02-25,257.0234680175781,267.2699890136719,267.3900146484375,259.1600036621094,259.54998779296875,1423800
2022-02-28,253.042236328125,263.1300048828125,266.79998779296875,260.8299865722656,264.7300109863281,2315000
2022-03-01,245.73355102539062,255.52999877929688,263.4599914550781,253.9499969482422,261.5199890136719,2311200
2022-03-02,250.24378967285156,260.2200012207031,261.17999267578125,255.5800018310547,256.04998779296875,1449300
2022-03-03,248.14735412597656,258.0400085449219,263.92999267578125,256.2200012207031,262.82000732421875,997900
2022-03-04,248.5800323486328,258.489990234375,258.75,253.52000427246094,255.4600067138672,1643700
2022-03-07,233.63584899902344,242.9499969482422,258.5,242.89999389648438,257.45001220703125,2197700
2022-03-08,230.65467834472656,239.85000610351562,248.0800018310547,236.1999969482422,242.4499969482422,2049100
2022-03-09,232.44338989257812,241.7100067138672,244.5399932861328,238.00999450683594,241.97999572753906,1887100
2022-03-10,228.44288635253906,237.5500030517578,239.44000244140625,235.85000610351562,238.3800048828125,1672300
2022-03-11,224.63470458984375,233.58999633789062,239.1300048828125,233.32000732421875,238.00999450683594,1269900
2022-03-14,228.51983642578125,237.6300048828125,239.6699981689453,233.41000366210938,234.86000061035156,1340700
2022-03-15,233.1454315185547,242.44000244140625,244.47999572753906,239.27000427246094,239.72999572753906,1757500
2022-03-16,235.01107788085938,244.3800048828125,249.60000610351562,239.66000366210938,244.97999572753906,1651100
2022-03-17,238.03070068359375,247.52000427246094,247.52999877929688,241.49000549316406,242.50999450683594,1409000
2022-03-18,241.88690185546875,251.52999877929688,252.6300048828125,244.8800048828125,248.1300048828125,2068300
2022-03-21,236.39584350585938,245.82000732421875,251.8800048828125,244.13999938964844,251.1999969482422,1135900
2022-03-22,240.57907104492188,250.1699981689453,252.14999389648438,248.5500030517578,251.49000549316406,1400300
2022-03-23,238.14602661132812,247.63999938964844,249.75999450683594,246.8000030517578,248.4199981689453,1276500
2022-03-24,240.34825134277344,249.92999267578125,250.00999450683594,246.60000610351562,248.4600067138672,1369800
2022-03-25,235.80921936035156,245.2100067138672,250.7899932861328,244.4600067138672,249.2899932861328,1143300
2022-03-28,240.97337341308594,250.5800018310547,250.6199951171875,244.11000061035156,245.5399932861328,1282100
2022-03-29,249.40713500976562,259.3500061035156,264.42999267578125,256.32000732421875,259.04998779296875,1904000
2022-03-30,243.31016540527344,253.00999450683594,258.1099853515625,252.19000244140625,257.0,1157500
2022-03-31,240.0501708984375,249.6199951171875,255.5,249.6199951171875,253.4499969482422,1816700
2022-04-01,245.42584228515625,255.2100067138672,255.3699951171875,249.63999938964844,251.36000061035156,1378300
2022-04-04,249.10903930664062,259.0400085449219,259.0799865722656,252.32000732421875,253.82000732421875,1587500
2022-04-05,248.0800323486328,257.9700012207031,262.30999755859375,256.75,258.2799987792969,1603300
2022-04-06,252.56141662597656,262.6300048828125,263.6499938964844,254.3000030517578,255.91000366210938,1671300
2022-04-07,253.71533203125,263.8299865722656,264.2099914550781,258.3299865722656,261.260009765625,1559400
2022-04-08,253.64801025390625,263.760009765625,266.7699890136719,262.3999938964844,265.0,1131300
2022-04-11,251.0900115966797,261.1000061035156,264.4599914550781,260.7300109863281,262.0799865722656,995900
2022-04-12,247.09910583496094,256.95001220703125,265.20001220703125,255.83999633789062,262.989990234375,857600
2022-04-13,248.4935760498047,258.3999938964844,259.7200012207031,254.22999572753906,255.74000549316406,1282300
2022-04-14,243.20437622070312,252.89999389648438,261.260009765625,252.75,259.8399963378906,1246800
2022-04-18,236.73239135742188,246.1699981689453,252.5800018310547,245.3800048828125,249.75999450683594,1389300
2022-04-19,242.57931518554688,252.25,253.85000610351562,246.64999389648438,246.64999389648438,1275500
2022-04-20,243.3871307373047,253.08999633789062,258.6700134277344,251.02000427246094,255.02999877929688,1705500
2022-04-21,241.96385192871094,251.61000061035156,258.42999267578125,251.3300018310547,256.3900146484375,1408400
2022-04-22,235.5303192138672,244.9199981689453,251.14999389648438,244.63999938964844,251.14999389648438,1426500
2022-04-25,238.51148986816406,248.02000427246094,248.35000610351562,240.6999969482422,245.1300048828125,1738500
2022-04-26,260.96636962890625,271.3699951171875,275.94000244140625,266.32000732421875,268.7799987792969,5011900
2022-04-27,268.6691589355469,279.3800048828125,283.989990234375,272.45001220703125,272.739990234375,3950200
2022-04-28,270.5252685546875,281.30999755859375,284.70001220703125,276.260009765625,283.0,2367100
2022-04-29,264.4186706542969,274.9599914550781,285.0,273.8999938964844,280.0299987792969,3099500
2022-05-02,258.4756164550781,268.7799987792969,278.20001220703125,265.9100036621094,273.79998779296875,2870700
2022-05-03,259.04302978515625,269.3699951171875,271.0799865722656,265.9200134277344,268.489990234375,2007000
2022-05-04,271.69842529296875,282.5299987792969,283.1499938964844,270.2099914550781,270.44000244140625,2059100
2022-05-05,266.33233642578125,276.95001220703125,282.1600036621094,273.6099853515625,280.1099853515625,2130000
2022-05-06,262.8992614746094,273.3800048828125,275.7699890136719,268.1400146484375,275.7699890136719,1758600
2022-05-09,266.3516540527344,276.9700012207031,280.8399963378906,269.5199890136719,269.989990234375,2280300
2022-05-10,256.15802001953125,266.3699951171875,280.0,265.17999267578125,278.6700134277344,2208700
2022-05-11,254.52322387695312,264.6700134277344,271.4700012207031,263.7799987792969,265.3599853515625,1376500
2022-05-12,264.01483154296875,274.5400085449219,275.1099853515625,261.0,262.4200134277344,2637500
2022-05-13,262.8511962890625,273.3299865722656,277.9100036621094,270.489990234375,275.6600036621094,1501600
2022-05-16,260.96636962890625,271.3699951171875,274.7099914550781,265.32000732421875,270.6199951171875,1278700
2022-05-17,258.9371643066406,269.260009765625,276.45001220703125,266.6600036621094,275.29998779296875,1603800
2022-05-18,249.70523071289062,259.6600036621094,267.9800109863281,258.05999755859375,266.3999938964844,1526900
2022-05-19,250.00401306152344,259.3699951171875,263.32000732421875,255.16000366210938,257.739990234375,1690300
2022-05-20,248.63534545898438,257.95001220703125,262.30999755859375,250.17999267578125,260.510009765625,2576100
2022-05-23,249.90765380859375,259.2699890136719,261.79998779296875,257.3699951171875,260.6099853515625,1290300
2022-05-24,248.3461151123047,257.6499938964844,260.0199890136719,254.1999969482422,259.3900146484375,1450700
2022-05-25,255.54637145996094,265.1199951171875,265.4599914550781,255.75999450683594,257.2099914550781,1420800
2022-05-26,262.1490478515625,271.9700012207031,274.2699890136719,266.3999938964844,270.2699890136719,1363900
2022-05-27,266.3708190917969,276.3500061035156,276.3800048828125,272.510009765625,274.1000061035156,1180100
2022-05-31,258.3609924316406,268.0400085449219,272.7099914550781,265.0,272.7099914550781,4118300
2022-06-01,255.68130493164062,265.260009765625,270.1199951171875,263.42999267578125,270.1199951171875,1202100
2022-06-02,259.758544921875,269.489990234375,269.7699890136719,265.07000732421875,266.54998779296875,2271600
2022-06-03,259.170654296875,268.8800048828125,273.42999267578125,266.4100036621094,266.79998779296875,1395800
2022-06-06,265.0986022949219,275.0299987792969,275.8900146484375,268.17999267578125,268.989990234375,1220000
2022-06-07,267.2191162109375,277.2300109863281,278.30999755859375,271.45001220703125,272.1300048828125,1293200
2022-06-08,258.3995666503906,268.0799865722656,275.7699890136719,266.92999267578125,275.0199890136719,1154600
2022-06-09,252.52940368652344,261.989990234375,273.8500061035156,261.8699951171875,267.29998779296875,1593100
2022-06-10,238.48558044433594,247.4199981689453,258.29998779296875,247.22000122070312,258.1300048828125,1513800
2022-06-13,229.27078247070312,237.86000061035156,245.25,236.6300048828125,241.4499969482422,1635600
2022-06-14,221.19337463378906,229.47999572753906,239.1999969482422,226.94000244140625,236.9199981689453,1539000
2022-06-15,220.7211151123047,228.99000549316406,233.50999450683594,224.39999389648438,231.72000122070312,1580200
2022-06-16,211.04360961914062,218.9499969482422,223.82000732421875,216.1199951171875,223.2899932861328,1553000
2022-06-17,214.7449493408203,222.7899932861328,226.27999877929688,214.22000122070312,218.55999755859375,2627900
2022-06-21,212.2002716064453,220.14999389648438,224.16000366210938,217.22999572753906,221.6999969482422,2509400
2022-06-22,213.21237182617188,221.1999969482422,223.5500030517578,215.00999450683594,215.1300048828125,2370500
2022-06-23,216.76913452148438,224.88999938964844,225.32000732421875,220.49000549316406,222.05999755859375,2481900
2022-06-24,222.89944458007812,231.25,231.66000366210938,226.0,227.0,2744300
2022-06-27,218.9571533203125,227.16000366210938,231.2100067138672,226.17999267578125,230.36000061035156,1633400
2022-06-28,215.24618530273438,223.30999755859375,231.3699951171875,222.80999755859375,229.08999633789062,1143300
2022-06-29,217.27032470703125,225.41000366210938,226.32000732421875,221.08999633789062,222.32000732421875,1266800
2022-06-30,215.82452392578125,223.91000366210938,225.60000610351562,218.61000061035156,224.0,1548400
2022-07-01,226.73577880859375,235.22999572753906,235.49000549316406,224.3800048828125,225.0,2295800
2022-07-05,233.4829864501953,242.22999572753906,242.66000366210938,230.97000122070312,233.0,2331100
2022-07-06,233.9745330810547,242.74000549316406,247.0399932861328,240.3699951171875,242.83999633789062,1817700
2022-07-07,230.84190368652344,239.49000549316406,245.75999450683594,239.2100067138672,240.7899932861328,1528300
2022-07-08,229.6852569580078,238.2899932861328,239.66000366210938,236.16000366210938,238.5,923500
2022-07-11,233.22274780273438,241.9600067138672,243.6699981689453,236.00999450683594,236.24000549316406,1214200
2022-07-12,237.6566162109375,246.55999755859375,252.17999267578125,243.61000061035156,245.0800018310547,1691000
2022-07-13,236.84695434570312,245.72000122070312,246.57000732421875,237.8699951171875,240.0,1308500
2022-07-14,235.6131591796875,244.44000244140625,245.16000366210938,240.5800018310547,242.27000427246094,1098300
2022-07-15,236.7023468017578,245.57000732421875,249.05999755859375,243.80999755859375,248.6199951171875,1109600
2022-07-18,234.46612548828125,243.25,247.08999633789062,242.07000732421875,246.11000061035156,1269600
2022-07-19,238.5434112548828,247.47999572753906,248.00999450683594,243.0500030517578,246.2100067138672,1034900
2022-07-20,240.51939392089844,249.52999877929688,250.52000427246094,246.17999267578125,248.25,1062800
2022-07-21,247.3244171142578,256.5899963378906,257.0899963378906,249.72000122070312,250.4600067138672,1087000
2022-07-22,249.65708923339844,259.010009765625,263.239990234375,256.8599853515625,258.6499938964844,1496900
2022-07-25,249.65708923339844,259.010009765625,259.8399963378906,255.77000427246094,257.80999755859375,1194600
2022-07-26,245.1074981689453,254.2899932861328,257.2799987792969,252.5399932861328,257.0,1366300
2022-07-27,223.59344482421875,231.97000122070312,233.27999877929688,220.74000549316406,226.19000244140625,7253600
2022-07-28,234.2637176513672,243.0399932861328,245.61000061035156,230.50999450683594,230.8300018310547,2498400
2022-07-29,233.20346069335938,241.94000244140625,246.0399932861328,241.47999572753906,243.0,1974000
2022-08-01,234.31190490722656,243.08999633789062,243.74000549316406,238.8300018310547,240.3800048828125,2162200
2022-08-02,234.8131561279297,243.61000061035156,245.3699951171875,239.4499969482422,244.08999633789062,1980000
2022-08-03,230.6780548095703,239.32000732421875,243.22999572753906,237.82000732421875,242.7899932861328,1887400
2022-08-04,234.31190490722656,243.08999633789062,244.75999450683594,239.57000732421875,239.57000732421875,1016700
2022-08-05,228.5189666748047,237.0800018310547,240.82000732421875,235.72999572753906,240.00999450683594,1955100
2022-08-08,231.8058319091797,240.49000549316406,242.91000366210938,238.72000122070312,239.8000030517578,1518600
2022-08-09,223.96937561035156,232.36000061035156,240.1999969482422,232.17999267578125,239.47000122070312,2056700
2022-08-10,234.93844604492188,243.74000549316406,247.22000122070312,237.1699981689453,237.8800048828125,2464800
2022-08-11,235.17941284179688,243.99000549316406,247.33999633789062,242.11000061035156,246.24000549316406,1624800
2022-08-12,242.5242462158203,251.61000061035156,251.82000732421875,244.66000366210938,245.11000061035156,1479100
2022-08-15,248.04734802246094,257.3399963378906,258.2699890136719,251.33999633789062,252.14999389648438,1333600
2022-08-16,247.01597595214844,256.2699890136719,258.9200134277344,255.1199951171875,255.35000610351562,1369200
2022-08-17,242.38931274414062,251.47000122070312,254.13999938964844,250.0500030517578,252.36000061035156,1419500
2022-08-18,240.5535888671875,248.97000122070312,251.9600067138672,247.44000244140625,250.80999755859375,1262600
2022-08-19,236.3119659423828,244.5800018310547,248.8699951171875,244.13999938964844,247.99000549316406,939900
2022-08-22,233.27809143066406,241.44000244140625,244.52999877929688,240.42999267578125,241.49000549316406,1065400
2022-08-23,230.03167724609375,238.0800018310547,240.85000610351562,236.9499969482422,239.36000061035156,1241300
2022-08-24,231.4326629638672,239.52999877929688,242.69000244140625,237.1199951171875,238.25999450683594,1464200
2022-08-25,236.26365661621094,244.52999877929688,244.6300048828125,240.05999755859375,241.32000732421875,825300
2022-08-26,227.7321319580078,235.6999969482422,245.0,235.52999877929688,245.0,1184000
2022-08-29,226.0992431640625,234.00999450683594,236.3699951171875,231.63999938964844,233.8300018310547,1255700
2022-08-30,227.05580139160156,235.0,238.1699981689453,234.41000366210938,235.94000244140625,1343600
2022-08-31,224.25384521484375,232.10000610351562,237.99000549316406,232.05999755859375,237.9199981689453,1742500
2022-09-01,224.47605895996094,232.3300018310547,233.41000366210938,230.0800018310547,231.08999633789062,1575000
2022-09-02,223.97361755371094,231.80999755859375,236.25999450683594,230.85000610351562,235.25,1199100
2022-09-06,220.6595916748047,228.3800048828125,232.75,227.8699951171875,232.5,1303000
2022-09-07,230.58242797851562,238.64999389648438,238.7100067138672,228.24000549316406,229.60000610351562,1434500
2022-09-08,232.64041137695312,240.77999877929688,241.1300048828125,235.49000549316406,236.75,1179700
2022-09-09,232.22494506835938,240.35000610351562,242.36000061035156,239.50999450683594,241.1999969482422,1318300
2022-09-12,234.75636291503906,242.97000122070312,244.82000732421875,241.0,241.92999267578125,1477800
2022-09-13,223.05572509765625,230.86000061035156,236.74000549316406,230.25999450683594,236.1300048828125,1084200
2022-09-14,218.2151336669922,225.85000610351562,230.41000366210938,223.8699951171875,230.05999755859375,1360900
2022-09-15,216.3020477294922,223.8699951171875,229.86000061035156,223.52999877929688,225.99000549316406,1100000
2022-09-16,214.0701446533203,221.55999755859375,223.1699981689453,219.6999969482422,219.6999969482422,2410700
2022-09-19,215.63534545898438,223.17999267578125,223.50999450683594,220.57000732421875,220.86000061035156,1159800
2022-09-20,211.43243408203125,218.8300018310547,220.52000427246094,217.07000732421875,220.0,1188000
2022-09-21,206.61111450195312,213.83999633789062,221.14999389648438,213.66000366210938,220.08999633789062,1197100
2022-09-22,201.01686096191406,208.0500030517578,212.5,207.67999267578125,211.72000122070312,2213900
2022-09-23,204.07969665527344,211.22000122070312,212.94000244140625,206.39999389648438,206.47000122070312,1610600
2022-09-26,201.9347381591797,209.0,212.32000732421875,206.83999633789062,211.0500030517578,1783300
2022-09-27,201.50962829589844,208.55999755859375,212.7100067138672,206.0399932861328,211.41000366210938,1538200
2022-09-28,205.86715698242188,213.07000732421875,214.19000244140625,208.17999267578125,211.67999267578125,1579500
2022-09-29,200.81393432617188,207.83999633789062,211.64999389648438,206.32000732421875,211.24000549316406,1100800
2022-09-30,197.82839965820312,204.75,210.75,204.57000732421875,208.41000366210938,1512200
2022-10-03,207.13284301757812,214.3800048828125,216.05999755859375,206.64999389648438,206.83999633789062,1606400
2022-10-04,212.0894317626953,219.50999450683594,221.39999389648438,216.67999267578125,217.25999450683594,1704400
2022-10-05,210.0217742919922,217.3699951171875,219.7100067138672,216.58999633789062,216.58999633789062,1363200
2022-10-06,209.44204711914062,216.77000427246094,220.49000549316406,215.85000610351562,217.3000030517578,1178100
2022-10-07,198.64967346191406,205.60000610351562,214.8000030517578,204.0500030517578,213.7100067138672,1198900
2022-10-10,198.84291076660156,205.8000030517578,207.47999572753906,200.24000549316406,205.14999389648438,1621700
2022-10-11,197.59649658203125,204.50999450683594,208.5500030517578,202.3699951171875,204.19000244140625,1228300
2022-10-12,194.69789123535156,201.50999450683594,206.36000061035156,201.0800018310547,206.0500030517578,1399100
2022-10-13,198.72695922851562,205.67999267578125,207.08999633789062,195.24000549316406,198.1300048828125,1797200
2022-10-14,194.88150024414062,201.6999969482422,209.24000549316406,201.4600067138672,206.72999572753906,1181000
2022-10-17,202.05064392089844,209.1199951171875,210.16000366210938,205.6199951171875,205.6199951171875,1304500
2022-10-18,205.44203186035156,212.6300048828125,218.83999633789062,211.32000732421875,215.02999877929688,1270700
2022-10-19,200.2342529296875,207.24000549316406,211.3000030517578,205.32000732421875,210.02000427246094,1046500
2022-10-20,194.41773986816406,201.22000122070312,208.8000030517578,199.7899932861328,206.3300018310547,1704800
2022-10-21,200.79461669921875,207.82000732421875,207.92999267578125,199.00999450683594,199.50999450683594,2082600
2022-10-24,205.3454132080078,212.52999877929688,214.9499969482422,207.5,209.0800018310547,2003700
2022-10-25,212.75613403320312,220.1999969482422,228.57000732421875,219.13999938964844,224.89999389648438,2812500
2022-10-26,213.41314697265625,220.8800048828125,222.4600067138672,215.3800048828125,219.4499969482422,2100300
2022-10-27,214.350341796875,221.85000610351562,224.52000427246094,221.3000030517578,222.1999969482422,1755000
2022-10-28,218.58224487304688,226.22999572753906,227.61000061035156,221.61000061035156,221.8300018310547,1469300
2022-10-31,217.4228515625,225.02999877929688,228.30999755859375,224.19000244140625,225.1999969482422,1666000
2022-11-01,217.1812744140625,224.77999877929688,227.58999633789062,221.42999267578125,227.0399932861328,2148900
2022-11-02,208.43724060058594,215.72999572753906,225.4199981689453,215.42999267578125,225.0,1777100
2022-11-03,209.84786987304688,217.19000244140625,219.9499969482422,211.8699951171875,212.39999389648438,1767600
2022-11-04,208.92031860351562,216.22999572753906,221.07000732421875,213.00999450683594,220.52999877929688,1774000
2022-11-07,213.8865509033203,221.3699951171875,222.0399932861328,215.7100067138672,217.58999633789062,1343100
2022-11-08,217.79965209960938,225.4199981689453,228.27999877929688,221.75,223.52999877929688,1273800
2022-11-09,214.4952850341797,222.0,225.99000549316406,221.44000244140625,224.25,988200
2022-11-10,230.92059326171875,239.0,244.86000061035156,231.74000549316406,234.1199951171875,2699300
2022-11-11,229.2200927734375,237.24000549316406,242.3800048828125,236.1300048828125,237.52000427246094,1913100
2022-11-14,226.1669158935547,234.0800018310547,237.6199951171875,233.16000366210938,236.74000549316406,2775900
2022-11-15,232.4568328857422,240.58999633789062,243.55999755859375,237.8699951171875,239.0,1799200
2022-11-16,232.66940307617188,240.80999755859375,243.1699981689453,239.11000061035156,239.99000549316406,1539900
2022-11-17,229.66671752929688,237.11000061035156,238.67999267578125,231.6699981689453,238.1300048828125,1521100
2022-11-18,232.50473022460938,240.0399932861328,244.88999938964844,237.60000610351562,240.0,1394800
2022-11-21,231.74923706054688,239.25999450683594,243.97000122070312,238.74000549316406,240.5,1583000
2022-11-22,235.80772399902344,243.4499969482422,243.5800018310547,235.6199951171875,240.0399932861328,2046800
2022-11-23,242.15206909179688,250.0,250.05999755859375,241.63999938964844,243.58999633789062,1380500
2022-11-25,241.68714904785156,249.52000427246094,249.8699951171875,246.94000244140625,248.0,403900
2022-11-28,237.85147094726562,245.55999755859375,249.8000030517578,245.11000061035156,247.3699951171875,817000
2022-11-29,233.9866943359375,241.57000732421875,246.9499969482422,239.61000061035156,245.0,1239100
2022-11-30,241.35780334472656,249.17999267578125,249.58999633789062,236.6300048828125,237.50999450683594,2873600
2022-12-01,243.7115478515625,251.61000061035156,253.30999755859375,248.88999938964844,253.30999755859375,1061000
2022-12-02,249.6587677001953,257.75,259.69000244140625,246.67999267578125,248.3800048828125,1769300
2022-12-05,245.62936401367188,253.58999633789062,256.5,252.9199981689453,253.75,1431600
2022-12-06,245.50343322753906,253.4600067138672,255.5500030517578,249.3800048828125,254.41000366210938,1150600
2022-12-07,243.23690795898438,251.1199951171875,255.4600067138672,249.99000549316406,253.36000061035156,1285700
2022-12-08,246.4623565673828,254.4499969482422,254.5800018310547,249.8800048828125,251.52000427246094,1153900
2022-12-09,244.94163513183594,252.8800048828125,255.22000122070312,251.9499969482422,254.19000244140625,972700
2022-12-12,245.9102783203125,253.8800048828125,254.67999267578125,249.02999877929688,254.67999267578125,1402700
2022-12-13,250.73391723632812,258.8599853515625,265.6400146484375,255.02999877929688,261.8800048828125,1312700
2022-12-14,240.87350463867188,248.67999267578125,258.92999267578125,248.63999938964844,254.0,1742900
2022-12-15,236.52447509765625,244.19000244140625,246.00999450683594,241.22999572753906,246.00999450683594,1324600
2022-12-16,232.9212188720703,240.47000122070312,243.5399932861328,238.50999450683594,242.00999450683594,2295300
2022-12-19,230.6353302001953,238.11000061035156,241.61000061035156,237.14999389648438,239.6699981689453,1026100
2022-12-20,231.09060668945312,238.5800018310547,240.49000549316406,236.4199981689453,237.08999633789062,952800
2022-12-21,234.60662841796875,242.2100067138672,242.30999755859375,238.52000427246094,239.47999572753906,1046500
2022-12-22,233.72518920898438,241.3000030517578,241.52999877929688,237.72000122070312,239.17999267578125,934200
2022-12-23,235.05218505859375,242.6699981689453,244.22999572753906,238.83999633789062,240.69000244140625,605000
2022-12-27,231.90420532226562,239.4199981689453,242.69000244140625,239.0800018310547,241.8300018310547,653300
2022-12-28,230.0251007080078,237.47999572753906,242.27000427246094,237.19000244140625,240.0,861100
2022-12-29,233.7445526123047,241.32000732421875,242.10000610351562,239.0,239.30999755859375,605200
2022-12-30,229.87979125976562,237.3300018310547,240.86000061035156,235.11000061035156,239.6199951171875,877700
2023-01-03,231.8557586669922,239.3699951171875,241.08999633789062,236.91000366210938,240.5800018310547,1006100
2023-01-04,236.51475524902344,244.17999267578125,245.10000610351562,240.67999267578125,242.41000366210938,790100
2023-01-05,220.60055541992188,227.75,241.13999938964844,226.5,239.8000030517578,1601800
2023-01-06,228.3978271484375,235.8000030517578,237.2100067138672,228.11000061035156,229.4600067138672,1400000
2023-01-09,228.6012420654297,236.00999450683594,241.27000427246094,234.07000732421875,237.10000610351562,1047400
2023-01-10,226.75120544433594,234.10000610351562,235.8699951171875,232.6199951171875,233.94000244140625,865800
2023-01-11,236.10792541503906,243.75999450683594,243.9600067138672,236.74000549316406,237.16000366210938,1459100
2023-01-12,236.08860778808594,243.74000549316406,246.57000732421875,238.5500030517578,244.16000366210938,1077600
2023-01-13,238.1614227294922,245.8800048828125,246.4499969482422,241.02999877929688,241.02999877929688,827100
2023-01-17,240.02113342285156,247.8000030517578,248.4499969482422,244.8000030517578,246.49000549316406,1379100
2023-01-18,236.6019287109375,244.27000427246094,249.9199981689453,244.08999633789062,249.5,1382100
2023-01-19,226.98367309570312,234.33999633789062,243.7100067138672,233.8699951171875,241.80999755859375,1435400
2023-01-20,237.6092987060547,245.30999755859375,246.30999755859375,234.66000366210938,236.02000427246094,1648400
2023-01-23,238.31637573242188,246.0399932861328,247.72000122070312,242.17999267578125,244.27999877929688,1110900
2023-01-24,241.53216552734375,249.36000061035156,249.74000549316406,243.39999389648438,246.52999877929688,1133300
2023-01-25,239.3334197998047,247.08999633789062,249.3699951171875,244.6999969482422,245.52999877929688,1608800
2023-01-26,217.9949951171875,225.05999755859375,230.27999877929688,219.07000732421875,220.8000030517578,7703000
2023-01-27,221.36570739746094,228.5399932861328,230.64999389648438,225.10000610351562,225.10000610351562,2871700
2023-01-30,223.63230895996094,230.8800048828125,232.86000061035156,229.77999877929688,230.47000122070312,2315700
2023-01-31,229.16299438476562,236.58999633789062,237.0800018310547,231.33999633789062,231.83999633789062,2244400
2023-02-01,235.58493041992188,243.22000122070312,244.47000122070312,235.02000427246094,236.14999389648438,1818100
2023-02-02,237.6480712890625,245.35000610351562,247.75,242.3800048828125,243.9499969482422,1678000
2023-02-03,234.1416778564453,241.72999572753906,242.99000549316406,240.08999633789062,241.77999877929688,1691900
2023-02-06,235.40089416503906,243.02999877929688,244.1999969482422,239.42999267578125,240.8800048828125,1342400
2023-02-07,230.9549560546875,238.44000244140625,242.38999938964844,234.47999572753906,241.02999877929688,2156600
2023-02-08,228.116943359375,235.50999450683594,237.6199951171875,231.38999938964844,232.2899932861328,1268400
2023-02-09,224.2424774169922,231.50999450683594,238.75999450683594,230.8300018310547,236.61000061035156,1228200
2023-02-10,223.25454711914062,230.49000549316406,232.25999450683594,228.89999389648438,230.1699981689453,1451800
2023-02-13,225.76321411132812,233.0800018310547,235.6999969482422,230.8800048828125,231.55999755859375,1575700
2023-02-14,224.66868591308594,231.9499969482422,233.94000244140625,230.02000427246094,231.9499969482422,1246200
2023-02-15,225.3467254638672,232.64999389648438,234.14999389648438,229.27000427246094,231.66000366210938,1906700
2023-02-16,219.99996948242188,227.1300048828125,230.6999969482422,226.88999938964844,228.0,1712400
2023-02-17,220.8233184814453,227.97999572753906,228.2100067138672,224.25,226.14999389648438,1594900
2023-02-21,216.21273803710938,223.22000122070312,227.33999633789062,221.61000061035156,226.4499969482422,2326000
2023-02-22,215.64126586914062,222.6300048828125,224.89999389648438,222.02000427246094,224.77999877929688,2339200
2023-02-23,216.048095703125,223.0500030517578,224.17999267578125,219.41000366210938,223.00999450683594,1718500
2023-02-24,214.72230529785156,221.0800018310547,221.61000061035156,216.66000366210938,219.0,1423100
2023-02-27,215.5576171875,221.94000244140625,224.6699981689453,220.8699951171875,223.8000030517578,1173900
2023-02-28,214.9845733642578,221.35000610351562,223.75,220.52999877929688,221.27000427246094,1675400
2023-03-01,212.7118377685547,219.00999450683594,220.9199981689453,217.6300048828125,219.0,1515300
2023-03-02,217.5778045654297,224.02000427246094,225.17999267578125,216.25,216.75,1350100
2023-03-03,221.7735595703125,228.33999633789062,228.82000732421875,224.2100067138672,226.3300018310547,1297500
2023-03-06,218.01483154296875,224.47000122070312,230.5500030517578,224.47000122070312,228.97999572753906,1861500
2023-03-07,214.15902709960938,220.5,225.07000732421875,219.3699951171875,224.0500030517578,1310100
2023-03-08,213.70249938964844,220.02999877929688,222.3699951171875,218.49000549316406,220.42999267578125,1035000
2023-03-09,210.94418334960938,217.19000244140625,223.13999938964844,216.74000549316406,221.82000732421875,1502500
2023-03-10,207.9430694580078,214.10000610351562,219.92999267578125,213.41000366210938,218.72999572753906,1678600
2023-03-13,207.45745849609375,213.60000610351562,217.88999938964844,211.88999938964844,211.89999389648438,1727300
2023-03-14,210.74993896484375,216.99000549316406,218.72999572753906,214.02000427246094,215.99000549316406,1472000
2023-03-15,210.32260131835938,216.5500030517578,218.74000549316406,213.74000549316406,214.9600067138672,1425700
2023-03-16,214.0133056640625,220.35000610351562,221.13999938964844,214.94000244140625,215.92999267578125,1390400
2023-03-17,211.07044982910156,217.32000732421875,220.13999938964844,216.16000366210938,219.63999938964844,1756500
2023-03-20,213.23635864257812,219.5500030517578,220.3300018310547,217.14999389648438,217.4600067138672,1035100
2023-03-21,214.4503631591797,220.8000030517578,222.66000366210938,217.58999633789062,221.0,1110000
2023-03-22,205.2624053955078,211.33999633789062,219.0,211.16000366210938,218.97999572753906,2572700
2023-03-23,203.04798889160156,209.05999755859375,213.27999877929688,205.42999267578125,211.8300018310547,1873400
2023-03-24,205.2041473388672,211.27999877929688,212.74000549316406,205.80999755859375,208.61000061035156,2237100
2023-03-27,207.77796936035156,213.92999267578125,214.75,211.10000610351562,213.8000030517578,1021700
2023-03-28,205.63150024414062,211.72000122070312,214.3699951171875,210.9199981689453,214.3699951171875,958900
2023-03-29,209.12799072265625,215.32000732421875,215.39999389648438,211.91000366210938,214.22999572753906,1005200
2023-03-30,210.77906799316406,217.02000427246094,217.2899932861328,215.14999389648438,216.60000610351562,1063800
2023-03-31,218.30621337890625,224.77000427246094,225.27999877929688,217.07000732421875,217.9199981689453,1484500
2023-04-03,220.1224365234375,226.63999938964844,228.52999877929688,225.19000244140625,226.97999572753906,1864700
2023-04-04,216.82022094726562,223.24000549316406,228.27000427246094,222.88999938964844,226.16000366210938,1747600
2023-04-05,216.42201232910156,222.8300018310547,224.67999267578125,220.4600067138672,222.39999389648438,1361200
2023-04-06,217.5389404296875,223.97999572753906,224.02999877929688,220.22000122070312,220.22000122070312,1366200
2023-04-10,217.92742919921875,224.3800048828125,224.55999755859375,221.89999389648438,222.1300048828125,1085200
2023-04-11,219.77279663085938,226.27999877929688,227.1699981689453,224.6300048828125,225.32000732421875,1096000
2023-04-12,219.28717041015625,225.77999877929688,228.97000122070312,225.50999450683594,228.4600067138672,1206000
2023-04-13,220.9091339111328,227.4499969482422,228.13999938964844,225.35000610351562,226.5399932861328,1318900
2023-04-14,219.16085815429688,225.64999389648438,228.5800018310547,224.89999389648438,227.24000549316406,1012100
2023-04-17,224.06565856933594,230.6999969482422,230.9499969482422,226.1699981689453,226.67999267578125,1269200
2023-04-18,223.4537811279297,230.07000732421875,232.8300018310547,228.72000122070312,232.05999755859375,887000
2023-04-19,226.87255859375,233.58999633789062,233.9499969482422,229.02999877929688,230.0,1140200
2023-04-20,227.04739379882812,233.77000427246094,235.14999389648438,231.17999267578125,233.02999877929688,1213800
2023-04-21,226.92112731933594,233.63999938964844,234.6199951171875,231.47999572753906,233.77999877929688,1132600
2023-04-24,229.7571563720703,236.55999755859375,237.0800018310547,233.30999755859375,234.52000427246094,2008400
2023-04-25,228.0380859375,234.7899932861328,239.14999389648438,232.41000366210938,238.0800018310547,2550100
2023-04-26,222.31744384765625,228.89999389648438,235.97999572753906,228.57000732421875,235.5500030517578,1538200
2023-04-27,225.9984588623047,232.69000244140625,232.6999969482422,227.42999267578125,229.52000427246094,1664400
2023-04-28,230.70895385742188,237.5399932861328,238.6300048828125,232.9499969482422,233.24000549316406,1911100
2023-05-01,225.27000427246094,231.94000244140625,237.99000549316406,231.89999389648438,237.1699981689453,1666200
2023-05-02,225.21176147460938,231.8800048828125,232.7899932861328,229.25,231.05999755859375,1230700
2023-05-03,224.86209106445312,231.52000427246094,235.0,231.1199951171875,233.4199981689453,1486700
2023-05-04,220.8022918701172,227.33999633789062,232.07000732421875,226.1300048828125,229.8800048828125,1363400
2023-05-05,224.20164489746094,230.83999633789062,231.67999267578125,228.66000366210938,229.17999267578125,1008000
2023-05-08,224.28904724121094,230.92999267578125,233.0500030517578,230.63999938964844,230.85000610351562,1085700
2023-05-09,222.7545166015625,229.35000610351562,231.44000244140625,228.41000366210938,229.10000610351562,875400
2023-05-10,223.3857879638672,230.0,233.9600067138672,228.08999633789062,231.8699951171875,958600
2023-05-11,223.56063842773438,230.17999267578125,230.47000122070312,228.66000366210938,230.0,1503700
2023-05-12,220.88967895507812,227.42999267578125,232.47000122070312,225.89999389648438,231.4600067138672,2209600
2023-05-15,220.0835723876953,226.60000610351562,229.7899932861328,225.39999389648438,228.17999267578125,1233600
2023-05-16,215.8295440673828,222.22000122070312,225.3300018310547,221.75999450683594,225.00999450683594,1477300
2023-05-17,221.08399963378906,227.6300048828125,229.24000549316406,221.83999633789062,222.22000122070312,1792200
2023-05-18,226.77601623535156,232.8699951171875,233.0,225.91000366210938,227.0,1224100
2023-05-19,226.6786651611328,232.77000427246094,234.82000732421875,230.38999938964844,234.38999938964844,1046900
2023-05-22,224.6043701171875,230.63999938964844,234.13999938964844,230.6199951171875,233.16000366210938,1332300
2023-05-23,221.1083221435547,227.0500030517578,231.25,226.08999633789062,229.27000427246094,1445900
2023-05-24,222.7930450439453,228.77999877929688,230.74000549316406,226.22000122070312,230.60000610351562,1200700
2023-05-25,220.5824737548828,226.50999450683594,229.39999389648438,223.27999877929688,229.0,1947800
2023-05-26,223.14361572265625,229.13999938964844,230.3699951171875,226.9499969482422,226.99000549316406,1118000
2023-05-30,222.46194458007812,228.44000244140625,230.80999755859375,225.97999572753906,228.82000732421875,1229700
2023-05-31,221.81922912597656,227.77999877929688,228.75,224.39999389648438,228.5500030517578,1976200
2023-06-01,228.7431640625,234.88999938964844,235.1999969482422,227.1999969482422,227.77999877929688,1722500
2023-06-02,234.5276641845703,240.8300018310547,242.83999633789062,236.94000244140625,237.0399932861328,1693700
2023-06-05,233.4564666748047,239.72999572753906,243.2100067138672,239.6300048828125,240.55999755859375,1253000
2023-06-06,234.0115509033203,240.3000030517578,242.83999633789062,238.25,239.47999572753906,944000
2023-06-07,234.45953369140625,240.75999450683594,242.61000061035156,239.44000244140625,239.7899932861328,1345500
2023-06-08,236.8843536376953,243.25,245.77000427246094,240.24000549316406,241.1199951171875,1623700
2023-06-09,234.45953369140625,240.75999450683594,242.0,239.02999877929688,242.0,1021900
2023-06-12,238.50094604492188,244.91000366210938,244.97000122070312,240.0500030517578,241.6699981689453,1026600
2023-06-13,240.72125244140625,247.19000244140625,247.52000427246094,244.64999389648438,244.99000549316406,805900
2023-06-14,239.41632080078125,245.85000610351562,249.7899932861328,244.6999969482422,249.77000427246094,1168900
2023-06-15,242.94158935546875,249.47000122070312,251.00999450683594,244.80999755859375,246.41000366210938,1045000
2023-06-16,241.4029541015625,247.88999938964844,250.72000122070312,247.57000732421875,250.72000122070312,2244800
2023-06-20,241.87039184570312,248.3699951171875,249.16000366210938,244.99000549316406,245.3300018310547,1210400
2023-06-21,240.8089141845703,247.27999877929688,249.4600067138672,245.77000427246094,247.97999572753906,970500
2023-06-22,239.83506774902344,246.27999877929688,249.1699981689453,245.4600067138672,248.8800048828125,820500
2023-06-23,240.57518005371094,247.0399932861328,248.0500030517578,242.44000244140625,243.64999389648438,1608500
2023-06-26,245.1229705810547,251.7100067138672,251.97000122070312,248.02999877929688,250.05999755859375,1109500
2023-06-27,249.97264099121094,256.69000244140625,258.69000244140625,251.4499969482422,251.97999572753906,1795300
2023-06-28,249.3201904296875,256.0199890136719,260.5899963378906,254.5500030517578,257.5799865722656,1837500
2023-06-29,254.4523162841797,261.2900085449219,262.3699951171875,255.1199951171875,255.35000610351562,1410700
2023-06-30,258.57159423828125,265.5199890136719,266.510009765625,261.7200012207031,262.5,1769000
2023-07-03,257.21795654296875,264.1300048828125,264.5400085449219,262.1099853515625,262.94000244140625,753100
2023-07-05,252.00796508789062,258.7799987792969,263.1199951171875,257.9599914550781,262.6099853515625,2068700
2023-07-06,250.6348419189453,257.3699951171875,257.7099914550781,252.80999755859375,255.25999450683594,1300800
2023-07-07,248.73587036132812,255.4199981689453,258.44000244140625,255.16000366210938,256.6000061035156,1018900
2023-07-10,250.20635986328125,256.92999267578125,259.7799987792969,255.2100067138672,255.38999938964844,1047300
2023-07-11,254.5399169921875,261.3800048828125,261.54998779296875,257.7200012207031,258.20001220703125,770500
2023-07-12,256.322021484375,263.2099914550781,265.44000244140625,261.260009765625,265.0,917900
2023-07-13,259.3311767578125,266.29998779296875,266.45001220703125,262.0799865722656,263.3999938964844,1154100
2023-07-14,260.05181884765625,267.0400085449219,267.69000244140625,264.29998779296875,266.3399963378906,1137100
2023-07-17,260.8211975097656,267.8299865722656,268.260009765625,265.5799865722656,267.1400146484375,945600
2023-07-18,260.684814453125,267.69000244140625,271.17999267578125,265.8299865722656,268.1700134277344,1623600
2023-07-19,260.9964294433594,268.010009765625,270.29998779296875,266.9100036621094,268.17999267578125,1385800
2023-07-20,259.3603820800781,266.3299865722656,268.6700134277344,265.5400085449219,267.0799865722656,1256000
2023-07-21,261.69757080078125,268.7300109863281,269.739990234375,261.7099914550781,265.44000244140625,2298600
2023-07-24,261.0061950683594,268.0199890136719,268.79998779296875,265.6300048828125,268.42999267578125,2275500
2023-07-25,268.7383728027344,275.9599914550781,282.9800109863281,274.8800048828125,275.1099853515625,4040500
2023-07-26,273.549072265625,280.8999938964844,281.45001220703125,277.3299865722656,279.4599914550781,2289000
2023-07-27,269.8096008300781,277.05999755859375,283.79998779296875,275.6300048828125,281.67999267578125,1889700
2023-07-28,272.7895202636719,280.1199951171875,282.1099853515625,278.67999267578125,279.8699951171875,1202000
2023-07-31,269.2642517089844,276.5,281.989990234375,272.6700134277344,281.4800109863281,1780000
2023-08-01,272.867431640625,280.20001220703125,281.6099853515625,275.2799987792969,276.2099914550781,2013400
2023-08-02,270.41339111328125,277.67999267578125,279.4800109863281,275.6600036621094,277.4100036621094,1239800
2023-08-03,266.079833984375,273.2300109863281,277.9200134277344,272.67999267578125,277.0299987792969,1580600
2023-08-04,266.4012145996094,273.55999755859375,277.0,272.5,276.05999755859375,1218400
2023-08-07,267.14129638671875,274.32000732421875,276.57000732421875,272.7300109863281,275.0,1096700
2023-08-08,265.6708068847656,272.80999755859375,272.9800109863281,269.32000732421875,272.0,964300
2023-08-09,264.4048767089844,271.510009765625,274.3599853515625,271.3800048828125,272.5799865722656,1339800
2023-08-10,265.71954345703125,272.8599853515625,276.0799865722656,272.0299987792969,272.260009765625,1112400
2023-08-11,266.5569763183594,273.7200012207031,274.44000244140625,271.5,273.30999755859375,1240600
2023-08-14,269.3908996582031,276.6300048828125,276.7200012207031,272.4800109863281,273.3500061035156,1359200
2023-08-15,268.0567321777344,275.260009765625,277.9599914550781,275.0400085449219,275.2900085449219,1026800
2023-08-16,265.92401123046875,273.07000732421875,276.7200012207031,272.6499938964844,275.9800109863281,1662000
2023-08-17,261.595458984375,268.0299987792969,274.0199890136719,267.57000732421875,272.92999267578125,1189100
2023-08-18,263.66461181640625,270.1499938964844,270.9800109863281,265.0899963378906,266.32000732421875,1440600
2023-08-21,263.88909912109375,270.3800048828125,272.1199951171875,267.7900085449219,270.3399963378906,964300
2023-08-22,263.91839599609375,270.4100036621094,273.1499938964844,268.3800048828125,272.1400146484375,1016000
2023-08-23,265.5189208984375,272.04998779296875,273.6199951171875,270.5899963378906,271.3800048828125,1784700
2023-08-24,262.7666931152344,269.2300109863281,273.3999938964844,268.8699951171875,271.42999267578125,929200
2023-08-25,258.277099609375,264.6300048828125,270.04998779296875,264.3299865722656,269.6499938964844,1478100
2023-08-28,259.965576171875,266.3599853515625,268.5899963378906,264.3699951171875,264.57000732421875,1731300
2023-08-29,263.96710205078125,270.4599914550781,270.55999755859375,264.6199951171875,266.2900085449219,1461800
2023-08-30,263.63531494140625,270.1199951171875,272.0400085449219,269.70001220703125,270.9100036621094,944100
2023-08-31,265.1968688964844,271.7200012207031,273.0400085449219,269.8500061035156,270.739990234375,1490100
2023-09-01,268.2225036621094,274.82000732421875,275.17999267578125,272.4700012207031,273.2099914550781,1575700
2023-09-05,263.1180114746094,269.5899963378906,274.17999267578125,267.7099914550781,273.7300109863281,1463900
2023-09-06,262.6105041503906,269.07000732421875,270.2200012207031,267.32000732421875,270.2200012207031,1083600
2023-09-07,264.6503601074219,271.1600036621094,272.1600036621094,267.7200012207031,268.5299987792969,1038400
2023-09-08,264.9333801269531,271.45001220703125,273.82000732421875,270.4100036621094,270.54998779296875,1088400
2023-09-11,267.0805969238281,273.6499938964844,274.6400146484375,271.760009765625,271.9800109863281,1035800
2023-09-12,262.2786865234375,268.7300109863281,272.239990234375,267.6099853515625,272.05999755859375,1358100
2023-09-13,262.01513671875,268.4599914550781,269.2300109863281,265.4599914550781,268.0400085449219,910000
2023-09-14,261.6345520019531,268.07000732421875,270.1000061035156,266.510009765625,269.4599914550781,1035500
2023-09-15,255.34913635253906,261.6300048828125,267.8999938964844,260.739990234375,267.8999938964844,2620100
2023-09-18,253.70950317382812,259.95001220703125,261.5400085449219,259.19000244140625,261.17999267578125,1471400
2023-09-19,255.14413452148438,261.4200134277344,261.6000061035156,257.5,259.0199890136719,1264400
2023-09-20,253.57281494140625,259.80999755859375,264.30999755859375,259.57000732421875,263.0799865722656,864500
2023-09-21,248.273193359375,254.3800048828125,258.1300048828125,254.24000549316406,257.9599914550781,1207700
2023-09-22,248.55621337890625,254.6699981689453,255.97000122070312,253.69000244140625,255.19000244140625,1091800
2023-09-25,250.0592498779297,256.2099914550781,257.0400085449219,252.35000610351562,253.72000122070312,978300
2023-09-26,247.775390625,253.8699951171875,256.9100036621094,252.75999450683594,254.97999572753906,1030900
2023-09-27,244.60345458984375,250.6199951171875,255.35000610351562,248.94000244140625,254.86000061035156,1243200
2023-09-28,250.0592498779297,256.2099914550781,256.8599853515625,250.7100067138672,251.36000061035156,1371500
2023-09-29,248.92710876464844,255.0500030517578,258.9700012207031,254.0500030517578,258.239990234375,1450900
2023-10-02,246.58470153808594,252.64999389648438,255.1199951171875,250.67999267578125,254.16000366210938,1217700
2023-10-03,242.79786682128906,248.77000427246094,254.60000610351562,248.52999877929688,251.5,1787600
2023-10-04,250.30322265625,256.4599914550781,256.8500061035156,251.5,253.2100067138672,1872100
2023-10-05,247.6290283203125,253.72000122070312,257.7699890136719,252.4199981689453,256.4100036621094,1220800
2023-10-06,248.73191833496094,254.85000610351562,257.3800048828125,251.1999969482422,252.17999267578125,1196800
2023-10-09,245.774658203125,251.82000732421875,253.02999877929688,247.94000244140625,251.86000061035156,1140100
2023-10-10,247.12152099609375,253.1999969482422,256.44000244140625,251.0,251.1999969482422,1277300
2023-10-11,249.40533447265625,255.5399932861328,257.55999755859375,251.2100067138672,254.4600067138672,1470700
2023-10-12,243.0906524658203,249.07000732421875,255.36000061035156,247.35000610351562,255.36000061035156,931900
2023-10-13,241.0117950439453,246.94000244140625,251.47999572753906,245.66000366210938,249.05999755859375,939600
2023-10-16,246.3114471435547,252.3699951171875,252.7100067138672,248.94000244140625,250.02000427246094,1132900
2023-10-17,246.77015686035156,252.83999633789062,254.55999755859375,249.4199981689453,250.0399932861328,934100
2023-10-18,236.473388671875,242.2899932861328,248.0,241.8800048828125,247.86000061035156,1540600
2023-10-19,233.155029296875,238.88999938964844,243.32000732421875,237.0800018310547,241.0,2148400
2023-10-20,231.9936065673828,237.6999969482422,240.63999938964844,237.6300048828125,239.22000122070312,1663600
2023-10-23,232.91104125976562,238.63999938964844,240.74000549316406,236.33999633789062,236.33999633789062,3265800
2023-10-24,229.3389129638672,234.97999572753906,247.77000427246094,232.10000610351562,245.0,3721400
2023-10-25,232.8817596435547,238.61000061035156,241.22000122070312,234.38999938964844,235.1999969482422,2266700
2023-10-26,232.00338745117188,237.7100067138672,241.25999450683594,237.47000122070312,239.9600067138672,1536400
2023-10-27,230.36370849609375,236.02999877929688,239.89999389648438,235.02000427246094,237.32000732421875,1426800
2023-10-30,229.76834106445312,235.4199981689453,239.08999633789062,232.05999755859375,237.86000061035156,1920000
2023-10-31,232.4913787841797,238.2100067138672,239.24000549316406,235.83999633789062,235.91000366210938,1249000
2023-11-01,233.17454528808594,238.91000366210938,239.2100067138672,235.91000366210938,237.6999969482422,1327600
2023-11-02,239.43067932128906,245.32000732421875,246.9600067138672,240.0,241.49000549316406,1495500
2023-11-03,244.886474609375,250.91000366210938,252.61000061035156,247.0399932861328,247.0399932861328,1444600
2023-11-06,244.48629760742188,250.5,251.99000549316406,249.92999267578125,250.38999938964844,1048200
2023-11-07,245.9405517578125,251.99000549316406,252.83999633789062,249.49000549316406,251.0,1017200
2023-11-08,249.94212341308594,256.0899963378906,256.7099914550781,252.22999572753906,252.6300048828125,1173800
2023-11-09,246.34071350097656,252.39999389648438,256.57000732421875,252.1999969482422,256.3900146484375,1116300
2023-11-10,249.6102752685547,255.75,256.3800048828125,251.69000244140625,253.24000549316406,1518300
2023-11-13,247.79493713378906,253.88999938964844,255.6300048828125,252.75,254.91000366210938,1079300
2023-11-14,259.946044921875,266.3399963378906,268.70001220703125,258.5199890136719,259.04998779296875,1664000
2023-11-15,258.4332275390625,264.7900085449219,269.1199951171875,264.70001220703125,266.3399963378906,1201300
2023-11-16,263.4368591308594,269.29998779296875,269.8599853515625,264.5400085449219,264.5400085449219,1327700
2023-11-17,264.3955993652344,270.2799987792969,271.3999938964844,268.2900085449219,270.3800048828125,1104400
2023-11-20,267.09552001953125,273.0400085449219,274.4200134277344,269.2799987792969,270.2799987792969,1987900
2023-11-21,267.5845947265625,273.5400085449219,274.6300048828125,270.95001220703125,273.25,1838300
2023-11-22,268.67041015625,274.6499938964844,277.79998779296875,273.57000732421875,276.7900085449219,764700
2023-11-24,269.82476806640625,275.8299865722656,276.80999755859375,274.8500061035156,275.1099853515625,364900
2023-11-27,269.3845520019531,275.3800048828125,276.510009765625,274.0199890136719,274.8800048828125,1378500
2023-11-28,267.4965515136719,273.45001220703125,275.19000244140625,272.75,274.5899963378906,1249600
2023-11-29,267.7607116699219,273.7200012207031,276.1000061035156,273.2099914550781,274.6000061035156,1037400
2023-11-30,272.7301025390625,278.79998779296875,279.1199951171875,272.3399963378906,273.4100036621094,1648000
2023-12-01,276.1831970214844,282.3299865722656,282.5899963378906,276.1300048828125,278.17999267578125,1537100
2023-12-04,275.3321533203125,281.4599914550781,285.54998779296875,280.010009765625,281.1199951171875,1608800
2023-12-05,276.8386535644531,283.0,283.260009765625,278.45001220703125,280.8399963378906,1786800
2023-12-06,280.4678649902344,286.7099914550781,289.3999938964844,285.95001220703125,286.0899963378906,3189700
2023-12-07,285.2318420410156,291.5799865722656,292.8399963378906,286.4700012207031,287.5199890136719,1923800
2023-12-08,283.5101318359375,289.82000732421875,292.44000244140625,288.2699890136719,290.9200134277344,1265600
2023-12-11,285.28076171875,291.6300048828125,293.3500061035156,290.04998779296875,293.0,1360800
2023-12-12,288.40130615234375,294.82000732421875,295.3599853515625,290.8900146484375,292.6499938964844,1890000
2023-12-13,296.78472900390625,303.3900146484375,304.0899963378906,294.8900146484375,295.6600036621094,1864600
2023-12-14,300.0910949707031,306.7699890136719,310.19000244140625,305.0,306.260009765625,2130800
2023-12-15,303.02581787109375,309.7699890136719,311.8699951171875,305.5899963378906,305.5899963378906,2849100
2023-12-18,301.65631103515625,308.3699951171875,309.0,306.5400085449219,308.9800109863281,1255400
2023-12-19,300.52154541015625,307.2099914550781,310.4599914550781,306.94000244140625,309.0,1789300
2023-12-20,297.5867919921875,304.2099914550781,307.7099914550781,303.44000244140625,307.0,1567000
2023-12-21,300.2475891113281,306.92999267578125,307.8500061035156,305.1499938964844,307.1700134277344,921800
2023-12-22,304.49310302734375,311.2699890136719,311.32000732421875,306.1700134277344,307.7099914550781,1347900
2023-12-26,305.8627014160156,312.6700134277344,314.0299987792969,310.3699951171875,311.45001220703125,548500
2023-12-27,306.4496154785156,313.2699890136719,313.4100036621094,311.80999755859375,311.94000244140625,694100
2023-12-28,306.02899169921875,312.8399963378906,314.0,311.9700012207031,313.1400146484375,664200
2023-12-29,305.10943603515625,311.8999938964844,314.1400146484375,311.510009765625,312.8999938964844,682000
2024-01-02,298.2716369628906,304.9100036621094,306.42999267578125,300.8900146484375,304.6000061035156,1968500
2024-01-03,290.3088073730469,296.7699890136719,301.2300109863281,296.17999267578125,301.0,2153200
2024-01-04,289.33056640625,295.7699890136719,297.95001220703125,293.1700134277344,295.2300109863281,1711200
2024-01-05,290.2208251953125,296.67999267578125,299.2699890136719,294.9599914550781,294.9599914550781,1343000
2024-01-08,292.9501037597656,299.4700012207031,300.3500061035156,294.57000732421875,296.8800048828125,1334500
2024-01-09,291.03277587890625,297.510009765625,298.7200012207031,295.0799865722656,297.4700012207031,1730400
2024-01-10,291.9033203125,298.3999938964844,298.80999755859375,296.5,297.4700012207031,1824100
2024-01-11,290.9447021484375,297.4200134277344,299.3500061035156,296.32000732421875,299.0,1341200
2024-01-12,295.923828125,302.510009765625,302.5799865722656,296.3900146484375,298.8699951171875,1515300
2024-01-16,293.5467834472656,300.0799865722656,302.8399963378906,298.69000244140625,302.0,1177800
2024-01-17,294.329345703125,300.8800048828125,302.7799987792969,297.5,297.760009765625,1562600
2024-01-18,299.6997985839844,306.3699951171875,306.79998779296875,300.6000061035156,301.8900146484375,1215500
2024-01-19,297.4010009765625,304.0199890136719,307.6600036621094,302.92999267578125,307.4200134277344,1673700
2024-01-22,300.7857360839844,307.4800109863281,308.45001220703125,304.95001220703125,305.0199890136719,1169100
2024-01-23,298.80963134765625,305.4599914550781,309.1700134277344,305.0400085449219,308.70001220703125,1409500
2024-01-24,294.50543212890625,301.05999755859375,307.8299865722656,300.8599853515625,306.489990234375,1847000
2024-01-25,297.2934265136719,303.9100036621094,305.9800109863281,292.0,295.0,3830800
2024-01-26,295.2782287597656,301.8500061035156,306.260009765625,300.6400146484375,304.2799987792969,1721500
2024-01-29,301.3824157714844,308.0899963378906,308.3999938964844,301.7699890136719,301.8500061035156,1564200
2024-01-30,300.9324035644531,307.6300048828125,310.0,306.6700134277344,307.5400085449219,1367700
2024-01-31,297.7531433105469,304.3800048828125,308.7300109863281,304.0,307.5,1910600
2024-02-01,302.350830078125,309.0799865722656,309.5299987792969,302.3699951171875,304.8900146484375,1503100
2024-02-02,303.2409973144531,309.989990234375,311.57000732421875,304.45001220703125,306.32000732421875,1526400
2024-02-05,297.86077880859375,304.489990234375,308.0400085449219,302.8699951171875,307.1000061035156,2267500
2024-02-06,301.1769714355469,307.8800048828125,308.05999755859375,303.8900146484375,304.5,1517400
2024-02-07,303.11383056640625,309.8599853515625,312.9800109863281,309.489990234375,310.1099853515625,1828500
2024-02-08,305.3539733886719,312.1499938964844,312.4200134277344,307.4700012207031,311.1099853515625,1260000
2024-02-09,304.9528503417969,311.739990234375,312.989990234375,309.3900146484375,312.2200012207031,912500
2024-02-12,303.66168212890625,310.4200134277344,313.260009765625,310.2200012207031,311.9599914550781,991600
2024-02-13,300.52154541015625,307.2099914550781,308.25,301.9800109863281,305.6499938964844,975000
2024-02-14,304.2583312988281,311.0299987792969,311.8500061035156,307.42999267578125,308.9700012207031,945700
2024-02-15,305.70611572265625,312.510009765625,314.3800048828125,311.57000732421875,313.0,977400
2024-02-16,302.350830078125,309.0799865722656,312.8900146484375,308.7900085449219,311.8299865722656,1699200
2024-02-20,304.4834289550781,311.260009765625,312.010009765625,306.3800048828125,307.9800109863281,998200
2024-02-21,307.4474182128906,314.2900085449219,314.7699890136719,310.6400146484375,311.7699890136719,1097000
2024-02-22,313.6395568847656,320.6199951171875,321.2300109863281,314.54998779296875,315.0,1020700
2024-02-23,315.72296142578125,322.0299987792969,322.8599853515625,319.79998779296875,320.75,1387800
2024-02-26,316.19354248046875,322.510009765625,324.5,321.5199890136719,322.0299987792969,1532200
2024-02-27,321.301513671875,327.7200012207031,328.0899963378906,323.3800048828125,325.0,1434000
2024-02-28,323.22314453125,329.67999267578125,330.7300109863281,325.79998779296875,327.3599853515625,1340300
2024-02-29,325.5270690917969,332.0299987792969,332.8299865722656,329.7300109863281,330.8599853515625,1852500
2024-03-01,328.6643981933594,335.2300109863281,335.94000244140625,328.95001220703125,330.29998779296875,1596200
2024-03-04,330.4977722167969,337.1000061035156,337.489990234375,334.1400146484375,334.30999755859375,1146100
2024-03-05,326.7525939941406,333.2799987792969,339.5,332.25,335.6600036621094,1277800
2024-03-06,329.8997802734375,336.489990234375,337.44000244140625,334.2099914550781,336.2799987792969,1097600
2024-03-07,337.9097595214844,344.6600036621094,346.1400146484375,340.0,344.0,1581400
2024-03-08,334.01751708984375,340.69000244140625,347.7099914550781,340.07000732421875,346.05999755859375,1297500
2024-03-11,333.723388671875,340.3900146484375,340.6400146484375,335.92999267578125,340.2900085449219,992700
2024-03-12,335.9881591796875,342.70001220703125,343.2900085449219,339.1499938964844,340.6199951171875,1305100
2024-03-13,330.2135009765625,336.80999755859375,342.0,333.5899963378906,341.7099914550781,1835200
2024-03-14,328.3604736328125,334.9200134277344,338.7300109863281,332.3900146484375,336.5299987792969,1417100
2024-03-15,328.1055603027344,334.6600036621094,337.95001220703125,330.82000732421875,331.42999267578125,1623800
2024-03-18,328.70361328125,335.2699890136719,338.3399963378906,334.70001220703125,337.79998779296875,1083200
2024-03-19,329.98797607421875,336.5799865722656,337.3699951171875,334.8299865722656,336.3500061035156,855800
2024-03-20,334.3704528808594,341.04998779296875,342.8500061035156,336.1300048828125,337.7799987792969,1222700
2024-03-21,340.4294738769531,347.2300109863281,347.6199951171875,340.010009765625,343.0199890136719,1332200
2024-03-22,336.1548156738281,342.8699951171875,347.0,342.6600036621094,347.0,889300
2024-03-25,335.3018493652344,342.0,342.5199890136719,340.1300048828125,341.2799987792969,1168800
2024-03-26,335.3018493652344,342.0,344.4700012207031,341.7900085449219,342.2300109863281,1127200
2024-03-27,340.0960998535156,346.8900146484375,347.0400085449219,344.07000732421875,345.0,958500
2024-03-28,340.5274353027344,347.3299865722656,348.3699951171875,344.6300048828125,346.5799865722656,995100
2024-04-01,331.5370788574219,338.1600036621094,346.4700012207031,337.80999755859375,346.44000244140625,992200
2024-04-02,327.4192810058594,333.9599914550781,335.0,331.6000061035156,334.8299865722656,1608100
2024-04-03,327.7427978515625,334.2900085449219,335.5,332.1700134277344,333.5,1095100
2024-04-04,323.39959716796875,329.8599853515625,340.0,328.6600036621094,337.6400146484375,1316700
2024-04-05,325.35064697265625,331.8500061035156,332.5199890136719,329.3699951171875,331.07000732421875,870300
2024-04-08,325.7917785644531,332.29998779296875,333.5400085449219,330.94000244140625,332.4800109863281,1097700
2024-04-09,327.9977722167969,334.54998779296875,336.8800048828125,327.32000732421875,336.6499938964844,789900
2024-04-10,314.8700256347656,321.1600036621094,329.0299987792969,321.010009765625,327.3999938964844,1563100
2024-04-11,313.6543273925781,319.9200134277344,322.489990234375,319.2900085449219,322.489990234375,1323300
2024-04-12,312.0169982910156,318.25,319.25,315.04998779296875,317.6000061035156,1280100
2024-04-15,307.8208312988281,313.9700012207031,322.04998779296875,313.4200134277344,322.04998779296875,1745200
2024-04-16,302.3403015136719,308.3800048828125,311.9100036621094,306.92999267578125,310.5799865722656,1440700
2024-04-17,304.08544921875,310.1600036621094,311.3999938964844,307.8399963378906,310.7900085449219,1523900
2024-04-18,303.3207092285156,309.3800048828125,313.239990234375,307.6600036621094,311.4800109863281,1127500
2024-04-19,299.9676513671875,305.9599914550781,311.1499938964844,305.3699951171875,310.8399963378906,1563300
2024-04-22,303.2030334472656,309.260009765625,311.989990234375,304.9200134277344,306.1300048828125,1638000
2024-04-23,296.43817138671875,302.3599853515625,304.6700134277344,294.54998779296875,297.8299865722656,4426500
2024-04-24,297.7813720703125,303.7300109863281,304.19000244140625,300.3599853515625,301.80999755859375,2287900
2024-04-25,298.8402404785156,304.80999755859375,307.5400085449219,299.82000732421875,303.2699890136719,2004800
2024-04-26,300.4481201171875,306.45001220703125,309.9100036621094,305.8999938964844,306.19000244140625,1820300
2024-04-29,300.09515380859375,306.0899963378906,309.7699890136719,304.9100036621094,307.510009765625,1645300
2024-04-30,293.74200439453125,299.6099853515625,305.32000732421875,299.1099853515625,305.32000732421875,1779400
2024-05-01,297.39898681640625,303.3399963378906,307.739990234375,298.3699951171875,301.19000244140625,1954600
2024-05-02,298.4970703125,304.4599914550781,306.25,300.6400146484375,304.6499938964844,1521000
2024-05-03,305.2030944824219,311.29998779296875,315.57000732421875,310.95001220703125,315.45001220703125,2027800
2024-05-06,308.8208312988281,314.989990234375,315.489990234375,311.6600036621094,313.6400146484375,1533900
2024-05-07,312.5071716308594,318.75,319.8299865722656,314.5799865722656,315.3299865722656,1820400
2024-05-08,312.7523193359375,319.0,319.95001220703125,317.4700012207031,318.010009765625,933600
2024-05-09,314.1739196777344,320.45001220703125,320.8699951171875,317.3500061035156,319.010009765625,1287500
2024-05-10,314.57586669921875,320.8599853515625,322.2699890136719,319.7099914550781,322.0,1075700
2024-05-13,309.6836242675781,315.8699951171875,322.989990234375,315.6400146484375,321.5,1153700
2024-05-14,307.8992614746094,314.04998779296875,316.1099853515625,311.92999267578125,315.510009765625,2196100
2024-05-15,310.1737976074219,316.3699951171875,319.8399963378906,315.6000061035156,316.3500061035156,1509100
2024-05-16,308.56719970703125,314.0199890136719,316.3500061035156,313.1400146484375,315.9599914550781,1139600
2024-05-17,306.975341796875,312.3999938964844,315.8900146484375,311.239990234375,315.8900146484375,968600
2024-05-20,304.0470886230469,309.4200134277344,312.3999938964844,308.8800048828125,311.75,1424400
2024-05-21,304.57769775390625,309.9599914550781,311.3800048828125,308.6700134277344,310.010009765625,1529700
2024-05-22,301.8852844238281,307.2200012207031,310.6600036621094,306.0799865722656,309.1000061035156,1876300
2024-05-23,297.8269958496094,303.0899963378906,307.760009765625,302.8599853515625,307.5400085449219,1569900
2024-05-24,299.546630859375,304.8399963378906,307.3900146484375,303.45001220703125,303.7799987792969,1011200
2024-05-28,296.4906311035156,301.7300109863281,305.44000244140625,301.0400085449219,304.2799987792969,1735100
2024-05-29,292.2652587890625,297.42999267578125,300.2900085449219,295.7799987792969,299.3399963378906,1711700
2024-05-30,296.8050231933594,302.04998779296875,302.55999755859375,296.3500061035156,297.9800109863281,1149100
2024-05-31,298.524658203125,303.79998779296875,304.6199951171875,300.82000732421875,302.1099853515625,6144800
2024-06-03,296.7854309082031,302.0299987792969,305.6600036621094,298.2099914550781,304.9800109863281,1971300
2024-06-04,300.5292053222656,305.8399963378906,306.95001220703125,300.0400085449219,302.0199890136719,3117700
2024-06-05,302.87774658203125,308.2300109863281,308.3900146484375,301.9599914550781,306.1700134277344,1607500
2024-06-06,298.7801208496094,304.05999755859375,308.5199890136719,303.010009765625,307.9200134277344,1727100
2024-06-07,286.8804626464844,291.95001220703125,295.2200012207031,282.0899963378906,293.69000244140625,3302700
2024-06-10,288.02032470703125,293.1099853515625,294.8999938964844,290.17999267578125,290.8500061035156,2137400
2024-06-11,290.860107421875,296.0,297.010009765625,291.7699890136719,293.17999267578125,1082400
2024-06-12,294.093017578125,299.2900085449219,306.2900085449219,298.3900146484375,303.57000732421875,1639800
2024-06-13,295.2328186035156,300.45001220703125,300.7099914550781,296.0,298.92999267578125,1333100
2024-06-14,291.8329162597656,296.989990234375,299.95001220703125,294.3999938964844,298.3599853515625,927900
2024-06-17,297.5911560058594,302.8500061035156,303.1600036621094,295.92999267578125,296.20001220703125,1535400
2024-06-18,294.97735595703125,300.19000244140625,302.489990234375,298.739990234375,302.489990234375,1973200
2024-06-20,296.1172180175781,301.3500061035156,303.7799987792969,298.04998779296875,299.2300109863281,1786400
2024-06-21,296.02880859375,301.260009765625,306.8999938964844,299.6700134277344,302.6600036621094,2312700
2024-06-24,295.33111572265625,300.54998779296875,304.57000732421875,300.5299987792969,302.0,1602300
2024-06-25,289.5630187988281,294.67999267578125,301.8800048828125,292.2699890136719,300.239990234375,2654500
2024-06-26,291.7052001953125,296.8599853515625,297.4200134277344,293.0400085449219,293.82000732421875,1617500
2024-06-27,291.8427429199219,297.0,297.92999267578125,295.57000732421875,297.0199890136719,1133200
2024-06-28,293.2479248046875,298.42999267578125,299.6300048828125,295.8699951171875,297.0,2175800
2024-07-01,290.65374755859375,295.7900085449219,299.1199951171875,294.67999267578125,298.5799865722656,1818500
2024-07-02,289.5335388183594,294.6499938964844,296.4200134277344,292.3299865722656,295.510009765625,2354000
2024-07-03,292.05889892578125,297.2200012207031,297.69000244140625,293.55999755859375,294.6499938964844,1007000
2024-07-05,290.5653381347656,295.70001220703125,296.760009765625,294.32000732421875,296.760009765625,1097900
2024-07-08,295.0363464355469,300.25,300.4599914550781,296.3999938964844,296.4200134277344,1660500
2024-07-09,293.7196044921875,298.9100036621094,300.0799865722656,297.8599853515625,300.0799865722656,1229200
2024-07-10,300.0673828125,305.3699951171875,305.8999938964844,298.82000732421875,300.0,1241800
2024-07-11,308.5180969238281,313.9700012207031,314.79998779296875,306.6300048828125,308.45001220703125,1603100
2024-07-12,312.8417053222656,318.3699951171875,320.07000732421875,313.0299987792969,314.4599914550781,1494700
2024-07-15,312.93994140625,318.4700012207031,320.8399963378906,316.760009765625,317.5,1961900
2024-07-16,320.73223876953125,326.3999938964844,326.5299987792969,319.8900146484375,320.2300109863281,2239900
2024-07-17,320.1426696777344,325.79998779296875,327.6099853515625,322.3500061035156,324.57000732421875,1824100
2024-07-18,319.8085632324219,325.4599914550781,329.8399963378906,324.4599914550781,324.92999267578125,2013900
2024-07-19,316.2612609863281,321.8500061035156,325.05999755859375,320.8999938964844,324.79998779296875,1537700
2024-07-22,316.7525939941406,322.3500061035156,323.3299865722656,318.010009765625,322.3399963378906,2350500
2024-07-23,338.5179443359375,344.5,345.54998779296875,331.739990234375,339.0,4163100
2024-07-24,326.254638671875,332.0199890136719,344.6000061035156,331.69000244140625,344.1600036621094,1919900
2024-07-25,336.7884826660156,342.739990234375,348.1499938964844,335.3999938964844,335.3999938964844,2536100
2024-07-26,343.1559753417969,349.2200012207031,351.989990234375,343.0,344.2099914550781,1928900
2024-07-29,346.42816162109375,352.54998779296875,353.7799987792969,348.7900085449219,349.4800109863281,1322900
2024-07-30,345.73052978515625,351.8399963378906,356.69000244140625,349.6199951171875,352.92999267578125,1358200
2024-07-31,344.7085266113281,350.79998779296875,355.70001220703125,348.05999755859375,354.489990234375,1785300
2024-08-01,344.29583740234375,350.3800048828125,353.5799865722656,346.8599853515625,351.3800048828125,1351600
2024-08-02,341.22015380859375,347.25,349.3399963378906,342.57000732421875,348.4200134277344,1446500
2024-08-05,333.2018737792969,339.0899963378906,345.0799865722656,336.1199951171875,341.0799865722656,2539100
2024-08-06,338.1445007324219,344.1199951171875,346.510009765625,337.8699951171875,339.6300048828125,2579200
2024-08-07,333.81109619140625,339.7099914550781,347.5299987792969,338.8599853515625,346.6600036621094,1909700
2024-08-08,336.7590026855469,342.7099914550781,344.5799865722656,340.0400085449219,341.6000061035156,1774100
2024-08-09,339.63812255859375,345.6400146484375,346.67999267578125,341.75,341.75,1763100
2024-08-12,337.2797546386719,343.239990234375,345.8999938964844,342.04998779296875,345.3900146484375,1790000
2024-08-13,343.01837158203125,349.0799865722656,350.5,343.010009765625,343.239990234375,2487700
2024-08-14,346.03509521484375,352.1499938964844,352.3599853515625,348.3299865722656,349.3999938964844,1230800
2024-08-15,350.28009033203125,356.4700012207031,357.6400146484375,353.8399963378906,355.04998779296875,1277800
2024-08-16,348.9459228515625,354.3999938964844,356.54998779296875,351.7300109863281,355.9100036621094,1023700
2024-08-19,350.5213317871094,356.0,356.5,353.55999755859375,354.82000732421875,1457500
2024-08-20,349.8714599609375,355.3399963378906,358.5,354.3800048828125,355.4800109863281,1739800
2024-08-21,352.4609375,357.9700012207031,358.8800048828125,354.42999267578125,355.3399963378906,1238400
2024-08-22,352.40191650390625,357.9100036621094,360.30999755859375,356.67999267578125,359.0799865722656,1077700
2024-08-23,353.2093200683594,358.7300109863281,360.70001220703125,357.2699890136719,359.3699951171875,1358600
2024-08-26,355.1391296386719,360.69000244140625,363.1300048828125,359.3299865722656,359.8800048828125,1359200
2024-08-27,354.4400939941406,359.9800109863281,362.9100036621094,359.05999755859375,360.69000244140625,1380200
2024-08-28,356.1335754394531,361.70001220703125,362.9200134277344,359.5199890136719,360.7900085449219,1156500
2024-08-29,355.06036376953125,360.6099853515625,363.1499938964844,359.3599853515625,362.8399963378906,847500
2024-08-30,363.6855163574219,369.3699951171875,370.2699890136719,361.1499938964844,362.7300109863281,1882200
2024-09-03,358.152099609375,363.75,371.19000244140625,362.4200134277344,368.3599853515625,1446200
2024-09-04,357.11822509765625,362.70001220703125,365.6400146484375,361.4599914550781,363.54998779296875,990300
2024-09-05,354.53851318359375,360.0799865722656,363.44000244140625,358.010009765625,363.1199951171875,874300
2024-09-06,355.2769470214844,360.8299865722656,364.30999755859375,357.9100036621094,360.55999755859375,1171200
2024-09-09,358.2997131347656,363.8999938964844,364.7200012207031,360.8500061035156,362.8500061035156,1169700
2024-09-10,366.12738037109375,371.8500061035156,372.3399963378906,364.1700134277344,365.6099853515625,1480900
2024-09-11,365.8812561035156,371.6000061035156,372.0299987792969,360.2300109863281,369.8299865722656,1743800
2024-09-12,368.21478271484375,373.9700012207031,374.260009765625,367.8299865722656,371.1499938964844,902600
2024-09-13,369.6227111816406,375.3999938964844,378.8599853515625,374.55999755859375,375.0,1006400
2024-09-16,373.2264404296875,379.05999755859375,380.1300048828125,375.9100036621094,377.0199890136719,1154300
2024-09-17,372.1827392578125,378.0,382.8299865722656,377.1000061035156,380.260009765625,830400
2024-09-18,369.5341796875,375.30999755859375,379.6400146484375,374.3900146484375,378.5899963378906,1172500
2024-09-19,373.9057922363281,379.75,380.989990234375,376.2900085449219,380.0,1069300
2024-09-20,372.6947326660156,378.5199890136719,379.5199890136719,375.7099914550781,378.67999267578125,2543500
2024-09-23,375.9931640625,381.8699951171875,382.3999938964844,377.5,379.1400146484375,1213700
2024-09-24,375.6879577636719,381.55999755859375,383.7099914550781,379.739990234375,380.25,1079200
2024-09-25,375.3138122558594,381.17999267578125,383.42999267578125,379.0299987792969,383.42999267578125,759400
2024-09-26,378.0214538574219,383.92999267578125,385.2300109863281,379.95001220703125,380.32000732421875,981700
2024-09-27,376.8399658203125,382.7300109863281,385.25,380.6099853515625,383.489990234375,1325900
2024-09-30,375.7962646484375,381.6700134277344,383.489990234375,376.6099853515625,382.42999267578125,1706700
2024-10-01,374.7229919433594,380.5799865722656,383.82000732421875,377.7200012207031,383.05999755859375,1255500
2024-10-02,372.34033203125,378.1600036621094,380.5400085449219,376.29998779296875,377.45001220703125,794300
2024-10-03,367.358154296875,373.1000061035156,377.2699890136719,372.32000732421875,377.2699890136719,713800
2024-10-04,365.5858459472656,371.29998779296875,374.5199890136719,368.25,374.5199890136719,883700
2024-10-07,362.1200256347656,367.7799987792969,369.0299987792969,363.8500061035156,366.0,805300
2024-10-08,367.6534729003906,373.3999938964844,375.3399963378906,369.0799865722656,370.0,1013400
2024-10-09,373.1279296875,378.9599914550781,379.1700134277344,374.1300048828125,375.32000732421875,834000
2024-10-10,370.6566162109375,376.45001220703125,378.7099914550781,374.3599853515625,376.32000732421875,975500
2024-10-11,373.1575012207031,378.989990234375,379.07000732421875,375.82000732421875,377.30999755859375,945400
2024-10-14,378.2479553222656,384.1600036621094,385.010009765625,377.3500061035156,378.8999938964844,849500
2024-10-15,382.5703430175781,388.54998779296875,392.57000732421875,384.55999755859375,386.6499938964844,1037100
2024-10-16,383.3974304199219,389.3900146484375,391.20001220703125,388.2300109863281,388.2300109863281,777200
2024-10-17,383.09222412109375,389.0799865722656,392.29998779296875,387.510009765625,390.3800048828125,1080700
2024-10-18,382.3832702636719,388.3599853515625,391.0,387.260009765625,391.0,1280300
2024-10-21,375.8750305175781,381.75,388.0199890136719,380.92999267578125,386.45001220703125,1351000
2024-10-22,355.8184814453125,361.3800048828125,389.0,361.0,378.8900146484375,4720200
2024-10-23,357.1378479003906,362.7200012207031,366.0799865722656,357.7699890136719,358.1199951171875,1847800
2024-10-24,356.0252685546875,361.5899963378906,363.1499938964844,359.9599914550781,360.1400146484375,1386200
2024-10-25,353.51458740234375,359.0400085449219,365.0400085449219,358.6300048828125,361.6199951171875,1122000
2024-10-28,357.67938232421875,363.2699890136719,366.1000061035156,360.57000732421875,363.19000244140625,1002200
2024-10-29,356.0548400878906,361.6199951171875,363.75,358.8699951171875,358.8699951171875,1044300
2024-10-30,356.32073974609375,361.8900146484375,365.760009765625,361.6300048828125,362.32000732421875,1334000
2024-10-31,353.2486572265625,358.7699890136719,362.1600036621094,358.6199951171875,359.760009765625,949900
2024-11-01,352.4609375,357.9700012207031,363.989990234375,357.5899963378906,361.3399963378906,1093800
2024-11-04,368.6381530761719,374.3999938964844,383.70001220703125,369.1700134277344,382.20001220703125,5565700
2024-11-05,372.3895263671875,378.2099914550781,379.7300109863281,373.760009765625,373.8299865722656,2582500
2024-11-06,374.8706970214844,380.7300109863281,383.42999267578125,375.2799987792969,379.8699951171875,4691300
2024-11-07,378.0903625488281,384.0,389.19000244140625,382.1700134277344,384.5,16521800
2024-11-08,380.7193298339844,386.6700134277344,389.739990234375,381.32000732421875,384.9800109863281,2209500
2024-11-11,383.25958251953125,389.25,391.510009765625,386.760009765625,386.760009765625,1172600
2024-11-12,377.7655029296875,383.6700134277344,391.989990234375,383.3299865722656,391.989990234375,1146300
2024-11-13,381.32977294921875,387.2900085449219,389.6099853515625,383.5199890136719,385.04998779296875,1172700
2024-11-14,382.4817810058594,388.4599914550781,388.7900085449219,385.3399963378906,386.30999755859375,1276600
2024-11-15,373.8456115722656,378.989990234375,388.6499938964844,378.7799987792969,385.70001220703125,1722800
2024-11-18,370.25506591796875,375.3500061035156,382.8699951171875,373.04998779296875,379.010009765625,1511900
2024-11-19,368.4301452636719,373.5,375.1300048828125,367.3699951171875,372.3999938964844,1671700
2024-11-20,366.6151123046875,371.6600036621094,374.0,367.3500061035156,374.0,1440800
2024-11-21,378.1168212890625,383.32000732421875,383.4200134277344,369.489990234375,373.0899963378906,2588500
2024-11-22,383.0292053222656,388.29998779296875,388.45001220703125,382.9599914550781,385.0,1619900
2024-11-25,394.28436279296875,399.7099914550781,400.30999755859375,389.7099914550781,392.0,3291900
2024-11-26,390.7628479003906,396.1400146484375,400.0299987792969,395.1499938964844,399.760009765625,1889300
2024-11-27,388.6123962402344,393.9599914550781,400.4200134277344,393.8999938964844,397.7300109863281,2249100
2024-11-29,392.0057373046875,397.3999938964844,398.7699890136719,393.6400146484375,397.5199890136719,1373200
2024-12-02,390.2104187011719,395.5799865722656,398.5,392.6600036621094,396.04998779296875,1538700
2024-12-03,389.9539489746094,395.32000732421875,398.0,390.3699951171875,395.739990234375,1016900
2024-12-04,386.748046875,392.07000732421875,394.8900146484375,390.7699890136719,394.80999755859375,1213900
2024-12-05,380.0107421875,385.239990234375,391.5299987792969,384.4800109863281,390.4200134277344,1388300
2024-12-06,379.73455810546875,384.9599914550781,389.67999267578125,384.4599914550781,387.760009765625,1910000
2024-12-09,371.340087890625,376.45001220703125,385.8999938964844,375.4700012207031,385.3999938964844,2337500
2024-12-10,366.5559387207031,371.6000061035156,375.8299865722656,370.6099853515625,375.3599853515625,1808600
2024-12-11,366.89129638671875,371.94000244140625,374.6300048828125,370.510009765625,373.94000244140625,1302400
2024-12-12,361.87042236328125,366.8500061035156,370.9599914550781,366.3299865722656,370.7099914550781,1219300
2024-12-13,359.55230712890625,364.5,367.2300109863281,362.45001220703125,367.17999267578125,1118800
2024-12-16,360.0751037597656,365.0299987792969,368.2699890136719,363.9599914550781,366.20001220703125,1486600
2024-12-17,357.8655090332031,362.7900085449219,368.5799865722656,362.5400085449219,363.4700012207031,1292400
2024-12-18,343.9272766113281,348.6600036621094,364.55999755859375,348.3500061035156,361.5799865722656,2306800
2024-12-19,337.7325744628906,342.3800048828125,349.9100036621094,342.17999267578125,348.989990234375,2055800
2024-12-20,340.7806091308594,345.4700012207031,349.3500061035156,339.29998779296875,339.739990234375,3294800
2024-12-23,340.1591491699219,344.8399963378906,345.80999755859375,340.760009765625,344.3500061035156,1083300
2024-12-24,341.81634521484375,346.5199890136719,346.5199890136719,342.0299987792969,343.79998779296875,445900
2024-12-26,340.820068359375,345.510009765625,346.6400146484375,342.8500061035156,342.8500061035156,750500
2024-12-27,338.6302185058594,343.2900085449219,346.44000244140625,341.3800048828125,344.0899963378906,881700
2024-12-30,334.1518249511719,338.75,342.5799865722656,337.1000061035156,342.57000732421875,1217400
2024-12-31,335.3158264160156,339.92999267578125,341.07000732421875,337.57000732421875,338.8800048828125,1053100
2025-01-02,328.6376647949219,333.1600036621094,342.0199890136719,331.0,340.20001220703125,2263600
2025-01-03,331.9718017578125,336.5400085449219,338.20001220703125,333.0400085449219,334.6300048828125,1636100
2025-01-06,333.2344665527344,337.82000732421875,341.75,337.0199890136719,337.67999267578125,1841100
2025-01-07,329.8608703613281,334.3999938964844,342.7699890136719,331.4700012207031,336.0199890136719,1625900
2025-01-08,332.958251953125,337.5400085449219,337.6099853515625,332.20001220703125,335.1700134277344,1413700
2025-01-10,325.6783752441406,330.1600036621094,333.3500061035156,328.0,330.010009765625,1685200
2025-01-13,331.5574951171875,336.1199951171875,336.4200134277344,327.44000244140625,329.7200012207031,1442700
2025-01-14,337.0025939941406,341.6400146484375,343.010009765625,336.3999938964844,336.5400085449219,1501400
2025-01-15,342.22076416015625,346.92999267578125,354.0299987792969,344.2300109863281,352.1600036621094,1741200
2025-01-16,349.362548828125,354.1700134277344,355.260009765625,344.5199890136719,346.44000244140625,1469700
2025-01-17,349.17510986328125,353.9800109863281,366.9599914550781,353.0400085449219,360.1000061035156,2392500
2025-01-21,356.61273193359375,361.5199890136719,361.82000732421875,356.9100036621094,359.010009765625,1808200
2025-01-22,352.884033203125,357.739990234375,362.8500061035156,356.5799865722656,361.8399963378906,1181500
2025-01-23,356.20831298828125,361.1099853515625,361.6400146484375,355.989990234375,358.6000061035156,800000
2025-01-24,355.2613220214844,360.1499938964844,366.2799987792969,358.69000244140625,363.010009765625,1335400
2025-01-27,359.2267761230469,364.1700134277344,364.70001220703125,357.1600036621094,360.0199890136719,1270500
2025-01-28,359.2267761230469,364.1700134277344,365.2699890136719,359.3800048828125,363.4800109863281,1338800
2025-01-29,355.517822265625,360.4100036621094,365.4200134277344,359.0,362.6000061035156,1616300
2025-01-30,360.5880432128906,365.54998779296875,370.0,355.55999755859375,362.3299865722656,3418600
2025-01-31,353.29833984375,358.1600036621094,366.67999267578125,356.54998779296875,365.7300109863281,1870800
2025-02-03,352.7854309082031,357.6400146484375,362.75,349.5,352.42999267578125,1641800
2025-02-04,352.7360534667969,357.5899963378906,358.2699890136719,353.1300048828125,356.1600036621094,1783200
2025-02-05,359.5325622558594,364.4800109863281,365.4200134277344,356.67999267578125,360.30999755859375,1619500
2025-02-06,360.26251220703125,365.2200012207031,368.17999267578125,362.79998779296875,367.7200012207031,970300
2025-02-07,355.6756286621094,360.57000732421875,364.6099853515625,357.32000732421875,363.94000244140625,951100
2025-02-10,354.2848205566406,359.1600036621094,362.9700012207031,355.94000244140625,362.9700012207031,1263200
2025-02-11,356.4647521972656,361.3699951171875,364.7099914550781,359.0899963378906,360.1000061035156,1111200
2025-02-12,350.6744384765625,355.5,357.7200012207031,348.4599914550781,353.0,1095000
2025-02-13,356.22802734375,361.1300048828125,361.8800048828125,354.54998779296875,359.0,1907300
2025-02-14,352.0159912109375,356.8599853515625,366.45001220703125,356.32000732421875,362.17999267578125,1872000
2025-02-18,348.1985168457031,352.989990234375,357.7099914550781,350.7900085449219,357.70001220703125,1498600
2025-02-19,347.0740051269531,351.8500061035156,352.2099914550781,347.3900146484375,347.75,2042700
2025-02-20,345.268798828125,350.0199890136719,351.25,348.44000244140625,350.8699951171875,2041800
2025-02-21,339.892822265625,344.57000732421875,353.1600036621094,342.32000732421875,352.7300109863281,2871800
2025-02-24,339.2023010253906,343.8699951171875,347.3500061035156,343.0199890136719,346.760009765625,2442500
2025-02-25,348.23797607421875,353.0299987792969,355.57000732421875,345.1000061035156,346.0899963378906,2063300
2025-02-26,354.7088928222656,359.5899963378906,364.94000244140625,355.0,356.44000244140625,2438200
2025-02-27,350.684326171875,355.510009765625,362.20001220703125,355.20001220703125,358.6499938964844,2468400
2025-02-28,357.3525695800781,362.2699890136719,362.8699951171875,357.0899963378906,359.2099914550781,2799200
2025-03-03,352.6568298339844,356.7300109863281,364.2699890136719,354.7200012207031,364.2699890136719,2607300
2025-03-04,351.22332763671875,355.2799987792969,360.5400085449219,353.1300048828125,355.55999755859375,2564400
2025-03-05,358.1829833984375,362.32000732421875,363.1700134277344,355.2799987792969,356.55999755859375,2000200
2025-03-06,355.9685363769531,360.0799865722656,364.989990234375,356.9700012207031,358.19000244140625,2094000
2025-03-07,359.4681396484375,363.6199951171875,365.1099853515625,355.4599914550781,361.9800109863281,2024500
2025-03-10,353.6947937011719,357.7799987792969,364.2300109863281,354.8900146484375,355.8999938964844,2445600
2025-03-11,348.9891357421875,353.0199890136719,359.75,351.1199951171875,358.0,2002600
2025-03-12,345.8355712890625,349.8299865722656,357.25,348.67999267578125,357.19000244140625,1418800
2025-03-13,338.19384765625,342.1000061035156,354.6199951171875,341.5299987792969,350.6099853515625,1959500
2025-03-14,337.87750244140625,341.7799987792969,345.29998779296875,339.19000244140625,343.95001220703125,1860100
2025-03-17,338.3421325683594,342.25,344.2300109863281,337.6199951171875,339.6000061035156,1760100
2025-03-18,331.6988830566406,335.5299987792969,341.5,334.8900146484375,339.2200012207031,1645300
2025-03-19,331.0958557128906,334.9200134277344,336.92999267578125,330.1499938964844,334.6199951171875,2112100
2025-03-20,332.19317626953125,336.0299987792969,341.9800109863281,332.7300109863281,332.7300109863281,2158600
2025-03-21,330.59161376953125,334.4100036621094,336.2699890136719,327.8599853515625,332.92999267578125,3478300
2025-03-24,338.796875,342.7099914550781,343.3500061035156,336.1099853515625,339.7200012207031,1847700
2025-03-25,337.2645568847656,341.1600036621094,343.7200012207031,338.989990234375,341.8599853515625,1180500
2025-03-26,340.48736572265625,344.4200134277344,345.7799987792969,340.04998779296875,342.0,1499200
2025-03-27,341.70330810546875,345.6499938964844,347.3399963378906,342.8900146484375,346.0,2058100
2025-03-28,335.87066650390625,339.75,348.1099853515625,339.1099853515625,347.2300109863281,1305200
2025-03-31,345.2029113769531,349.19000244140625,351.1499938964844,338.57000732421875,339.1000061035156,1964500
2025-04-01,346.567138671875,350.57000732421875,351.8399963378906,345.55999755859375,349.2300109863281,1258000
2025-04-02,349.621826171875,353.6600036621094,353.94000244140625,346.05999755859375,347.82000732421875,1583100
2025-04-03,336.7604064941406,340.6499938964844,347.2200012207031,339.19000244140625,345.1199951171875,2143700
2025-04-04,328.26849365234375,332.05999755859375,348.75,330.9800109863281,339.6199951171875,4338800
2025-04-07,319.1241149902344,322.80999755859375,336.69000244140625,316.760009765625,324.8399963378906,3240400
2025-04-08,309.9303283691406,313.510009765625,331.989990234375,308.8399963378906,327.4599914550781,3115400
2025-04-09,332.41064453125,336.25,339.1099853515625,309.7200012207031,312.2300109863281,3253100
2025-04-10,326.14300537109375,329.9100036621094,334.3999938964844,318.3299865722656,332.95001220703125,2470900
2025-04-11,332.9246826171875,336.7699890136719,337.760009765625,320.4200134277344,320.4200134277344,2032700
2025-04-14,337.1261901855469,341.0199890136719,342.7300109863281,336.0,339.0199890136719,1632000
2025-04-15,333.0334777832031,336.8800048828125,341.9200134277344,336.32000732421875,339.29998779296875,1247900
2025-04-16,327.4974060058594,331.2799987792969,337.69000244140625,329.2900085449219,334.55999755859375,1386000
2025-04-17,329.57342529296875,333.3800048828125,338.1400146484375,330.6099853515625,338.1400146484375,2238300
2025-04-21,318.6199035644531,322.29998779296875,331.8699951171875,319.4100036621094,331.8699951171875,1511200
2025-04-22,328.16961669921875,331.9599914550781,332.6499938964844,325.1700134277344,326.19000244140625,1331500
2025-04-23,327.4677429199219,331.25,340.3399963378906,330.19000244140625,337.44000244140625,1338600
2025-04-24,330.6213073730469,334.44000244140625,335.3399963378906,328.79998779296875,332.29998779296875,1081400
2025-04-25,327.8335266113281,331.6199951171875,334.489990234375,328.69000244140625,334.1600036621094,1552900
2025-04-28,328.4068908691406,332.20001220703125,335.6199951171875,328.8800048828125,332.6099853515625,1799800
2025-04-29,344.1549987792969,348.1300048828125,352.5,339.4200134277344,345.29998779296875,2461600
2025-04-30,348.89031982421875,352.9200134277344,354.760009765625,346.010009765625,346.489990234375,2307200
2025-05-01,349.60211181640625,353.6400146484375,357.0,351.7099914550781,353.3900146484375,1447100
2025-05-02,355.5335693359375,359.6400146484375,361.45001220703125,357.1499938964844,357.1499938964844,1398600
2025-05-05,355.7115173339844,359.82000732421875,365.57000732421875,358.17999267578125,358.739990234375,1583500
2025-05-06,348.494873046875,352.5199890136719,358.6199951171875,352.2900085449219,356.3800048828125,1159000
2025-05-07,347.56561279296875,351.5799865722656,353.989990234375,349.9599914550781,352.5199890136719,1025900
2025-05-08,349.53289794921875,353.57000732421875,357.1000061035156,350.80999755859375,353.2099914550781,1259400
2025-05-09,347.8423767089844,351.8599853515625,353.7799987792969,350.2200012207031,352.4800109863281,1470700
2025-05-12,353.0719909667969,357.1499938964844,363.42999267578125,356.05999755859375,359.0,1390600
2025-05-13,351.9747314453125,356.0400085449219,358.7799987792969,355.3299865722656,358.29998779296875,1390500
2025-05-14,347.3580322265625,351.3699951171875,356.57000732421875,350.80999755859375,356.57000732421875,1159700
2025-05-15,357.3229064941406,361.45001220703125,362.1700134277344,352.2699890136719,352.69000244140625,1650600
2025-05-16,360.14654541015625,363.510009765625,363.54998779296875,359.0899963378906,360.5199890136719,892900
2025-05-19,358.6505126953125,362.0,362.30999755859375,358.05999755859375,359.20001220703125,1662500
2025-05-20,355.7773132324219,359.1000061035156,362.92999267578125,357.5299987792969,362.92999267578125,1949600
2025-05-21,350.66510009765625,353.94000244140625,357.8699951171875,352.20001220703125,355.8900146484375,1449800
2025-05-22,349.6743469238281,352.94000244140625,355.1099853515625,351.3900146484375,353.0899963378906,1349600
2025-05-23,349.2483215332031,352.510009765625,353.5799865722656,348.0899963378906,350.79998779296875,1018300
2025-05-27,355.9953308105469,359.32000732421875,360.0799865722656,354.1400146484375,357.4200134277344,1260200
2025-05-28,351.4477844238281,354.7300109863281,359.2099914550781,354.6300048828125,358.79998779296875,792200
2025-05-29,352.45831298828125,355.75,357.6000061035156,352.8999938964844,356.6199951171875,726400
2025-05-30,355.4900207519531,358.80999755859375,359.1199951171875,352.4599914550781,354.9100036621094,2509200
2025-06-02,352.1512145996094,355.44000244140625,355.79998779296875,351.19000244140625,355.79998779296875,1990600
2025-06-03,354.4497375488281,357.760009765625,357.94000244140625,351.6400146484375,356.989990234375,1792800
2025-06-04,358.8684997558594,362.2200012207031,363.8999938964844,355.8699951171875,358.739990234375,1557000
2025-06-05,354.5686340332031,357.8800048828125,363.3800048828125,356.1600036621094,363.3800048828125,1438700
2025-06-06,354.17236328125,357.4800109863281,363.3599853515625,357.239990234375,361.1300048828125,1495300
2025-06-09,354.63800048828125,357.95001220703125,359.7900085449219,354.8999938964844,358.0299987792969,849200
2025-06-10,357.39227294921875,360.7300109863281,360.9800109863281,356.7699890136719,360.4200134277344,769400
2025-06-11,353.8255615234375,357.1300048828125,362.6700134277344,356.5,361.4700012207031,1115300
2025-06-12,352.9042053222656,356.20001220703125,357.6600036621094,354.2900085449219,357.6600036621094,888500
2025-06-13,332.7721862792969,335.8800048828125,350.2900085449219,335.1199951171875,350.2900085449219,2797900
2025-06-16,332.6532897949219,335.760009765625,340.239990234375,334.29998779296875,337.489990234375,1706400
2025-06-17,327.967041015625,331.0299987792969,335.1600036621094,329.1400146484375,333.92999267578125,1593300
2025-06-18,328.4029846191406,331.4700012207031,333.95001220703125,329.8999938964844,331.6400146484375,1451800
2025-06-20,330.4141845703125,333.5,337.17999267578125,330.2200012207031,334.0,2707400
2025-06-23,340.58917236328125,343.7699890136719,344.55999755859375,331.7099914550781,333.4200134277344,1600800
2025-06-24,342.4914245605469,345.69000244140625,349.45001220703125,340.7699890136719,347.8599853515625,1585100
2025-06-25,340.4405822753906,343.6199951171875,346.17999267578125,341.5400085449219,344.6700134277344,1614600
2025-06-26,338.7067565917969,341.8699951171875,345.0299987792969,339.3800048828125,345.0299987792969,1724300
2025-06-27,342.52117919921875,345.7200012207031,348.7799987792969,342.5400085449219,342.82000732421875,1366900
2025-06-30,340.1829528808594,343.3599853515625,345.739990234375,341.0,345.2099914550781,1809800
2025-07-01,352.0124816894531,355.29998779296875,359.3800048828125,341.6000061035156,342.32000732421875,2310200
2025-07-02,349.2483215332031,352.510009765625,356.29998779296875,351.4200134277344,354.5799865722656,1340800
2025-07-03,350.72454833984375,354.0,355.75,351.7900085449219,353.6199951171875,1088700
2025-07-07,343.08587646484375,346.2900085449219,352.9599914550781,343.9800109863281,352.9599914550781,2209200
2025-07-08,342.7985534667969,346.0,348.1300048828125,344.1000061035156,345.8399963378906,1319800
2025-07-09,348.28729248046875,351.5400085449219,352.70001220703125,345.67999267578125,347.4200134277344,2120100
2025-07-10,348.5745849609375,351.8299865722656,356.2699890136719,350.9700012207031,351.0,1216400
2025-07-11,342.72918701171875,345.92999267578125,348.239990234375,344.6300048828125,347.20001220703125,1038500
2025-07-14,341.31243896484375,344.5,346.739990234375,343.2099914550781,344.2799987792969,999800
2025-07-15,335.912841796875,339.04998779296875,346.760009765625,338.80999755859375,346.0,1322100
2025-07-16,336.71533203125,339.8599853515625,340.82000732421875,335.3399963378906,338.8999938964844,1273300
2025-07-17,336.7550048828125,339.8999938964844,341.260009765625,337.4800109863281,339.6000061035156,1331500
2025-07-18,336.92340087890625,340.07000732421875,340.3500061035156,335.9700012207031,339.8900146484375,2202500
2025-07-21,338.14202880859375,341.29998779296875,346.1400146484375,340.1000061035156,343.42999267578125,2350600
2025-07-22,336.92340087890625,340.07000732421875,341.17999267578125,328.1000061035156,331.42999267578125,3896900
2025-07-23,339.7668762207031,342.94000244140625,345.57000732421875,341.1199951171875,343.5299987792969,2234100
2025-07-24,337.0621032714844,340.2099914550781,347.1000061035156,338.79998779296875,340.0799865722656,2132400
2025-07-25,336.9531555175781,340.1000061035156,341.8800048828125,338.1700134277344,341.8800048828125,1868400
2025-07-28,333.0495910644531,336.1600036621094,340.6000061035156,334.32000732421875,338.0299987792969,1919500
2025-07-29,333.8520812988281,336.9700012207031,337.75,333.7200012207031,336.32000732421875,1518200
2025-07-30,328.90826416015625,331.9800109863281,336.9700012207031,330.8299865722656,335.19000244140625,1539700
2025-07-31,327.8184509277344,330.8800048828125,334.0400085449219,329.4800109863281,329.4800109863281,1752600
2025-08-01,340.2325134277344,343.4100036621094,345.0,327.5400085449219,329.7699890136719,4073900
2025-08-04,344.6314392089844,347.8500061035156,348.0400085449219,342.55999755859375,343.4800109863281,2145700
2025-08-05,348.83221435546875,352.0899963378906,352.1199951171875,347.6000061035156,348.45001220703125,1565400
2025-08-06,347.48480224609375,350.7300109863281,353.1400146484375,347.4700012207031,351.9599914550781,2134200
2025-08-07,346.6921691894531,349.92999267578125,354.9700012207031,347.92999267578125,354.9700012207031,1410300
2025-08-08,348.9015808105469,352.1600036621094,352.8399963378906,348.8299865722656,349.94000244140625,1628300
2025-08-11,351.2991638183594,354.5799865722656,356.9800109863281,350.5,353.1600036621094,2626000
2025-08-12,354.77667236328125,358.0899963378906,361.17999267578125,354.04998779296875,355.5299987792969,2567500
2025-08-13,365.41729736328125,368.8299865722656,370.05999755859375,359.7699890136719,360.05999755859375,2880900
2025-08-14,362.1874694824219,365.57000732421875,371.760009765625,363.7799987792969,368.05999755859375,2615100
2025-08-15,361.8101501464844,364.3999938964844,367.6199951171875,362.3500061035156,365.8599853515625,1785100
2025-08-18,356.29962158203125,358.8500061035156,364.7300109863281,358.260009765625,364.1099853515625,2097300
2025-08-19,365.3150939941406,367.92999267578125,368.8999938964844,358.42999267578125,358.42999267578125,2089400
2025-08-20,364.52081298828125,367.1300048828125,370.0,365.1600036621094,367.44000244140625,1798300
2025-08-21,361.27398681640625,363.8599853515625,366.30999755859375,360.8800048828125,364.1400146484375,1450100
2025-08-22,370.279541015625,372.92999267578125,379.6499938964844,363.3399963378906,365.92999267578125,2298600
2025-08-25,364.3917236328125,367.0,371.8699951171875,365.07000732421875,370.2300109863281,1411000
2025-08-26,363.85552978515625,366.4599914550781,367.9800109863281,364.9700012207031,367.3999938964844,1828400
2025-08-27,364.7888488769531,367.3999938964844,368.3500061035156,365.5799865722656,367.04998779296875,812400
2025-08-28,363.5775146484375,366.17999267578125,368.3299865722656,364.0799865722656,368.1499938964844,1136900
2025-08-29,363.22998046875,365.8299865722656,367.42999267578125,364.6199951171875,365.79998779296875,1328500
2025-09-02,358.3548889160156,360.9200134277344,363.1600036621094,359.239990234375,361.4700012207031,1472500
2025-09-03,360.44989013671875,363.0299987792969,364.1700134277344,359.6600036621094,360.29998779296875,2528600
2025-09-04,363.1803894042969,365.7799987792969,366.9599914550781,361.75,365.5,1922900
2025-09-05,369.7831115722656,372.42999267578125,376.5799865722656,366.5,368.8500061035156,3067000
2025-09-08,372.5632019042969,375.2300109863281,375.5899963378906,370.6199951171875,372.3800048828125,1544600
2025-09-09,358.8116455078125,361.3800048828125,372.0,358.55999755859375,370.9800109863281,2210000
2025-09-10,354.9095764160156,357.45001220703125,362.239990234375,354.5899963378906,358.94000244140625,1777800
2025-09-11,366.05975341796875,368.67999267578125,369.5199890136719,357.739990234375,358.69000244140625,2079000
2025-09-12,357.540771484375,360.1000061035156,367.4800109863281,359.989990234375,365.8399963378906,1848800
2025-09-15,354.54217529296875,357.0799865722656,360.1000061035156,354.510009765625,360.05999755859375,2016300
2025-09-16,350.6897888183594,353.20001220703125,357.3999938964844,352.3800048828125,356.54998779296875,2266100
2025-09-17,347.7210388183594,350.2099914550781,359.2099914550781,348.5,354.3999938964844,2165900
2025-09-18,347.0756530761719,349.55999755859375,353.05999755859375,347.9800109863281,350.1000061035156,1608000
2025-09-19,344.33526611328125,346.79998779296875,350.6400146484375,345.989990234375,350.6400146484375,2559000
2025-09-22,343.94805908203125,346.4100036621094,348.7799987792969,343.95001220703125,345.6099853515625,1224200
2025-09-23,342.0019836425781,344.45001220703125,348.8999938964844,344.0299987792969,345.5899963378906,1350600
2025-09-24,340.5225524902344,342.9599914550781,346.80999755859375,342.45001220703125,342.79998779296875,1128200
2025-09-25,337.6828918457031,340.1000061035156,343.010009765625,338.989990234375,341.1199951171875,1582400
2025-09-26,339.48004150390625,341.9100036621094,343.2200012207031,340.0,341.30999755859375,1039400
2025-09-29,340.48284912109375,342.9200134277344,343.4100036621094,340.5899963378906,342.5400085449219,1642100
2025-09-30,343.7991027832031,346.260009765625,346.7699890136719,341.54998779296875,342.7699890136719,1332900
2025-10-01,338.7948913574219,341.2200012207031,346.04998779296875,340.32000732421875,344.6600036621094,1413900
2025-10-02,341.45587158203125,343.8999938964844,344.7099914550781,339.1700134277344,340.0299987792969,1564100
2025-10-03,344.13665771484375,346.6000061035156,349.67999267578125,342.6300048828125,343.79998779296875,1188100
2025-10-06,334.51556396484375,336.9100036621094,346.239990234375,336.7900085449219,346.239990234375,2032100
2025-10-07,334.60491943359375,337.0,337.4599914550781,334.7300109863281,336.8399963378906,1499800
2025-10-08,335.1708679199219,337.57000732421875,338.9800109863281,335.5199890136719,337.04998779296875,1549000
2025-10-09,330.8517761230469,333.2200012207031,337.5,330.7900085449219,337.5,2228600
2025-10-10,330.4447021484375,332.80999755859375,337.8599853515625,331.7200012207031,335.989990234375,2419300
2025-10-13,329.79931640625,332.1600036621094,333.9800109863281,329.45001220703125,331.8599853515625,1697700
2025-10-14,332.88720703125,335.2699890136719,337.0400085449219,329.25,329.7799987792969,3393500
2025-10-15,330.36529541015625,332.7300109863281,336.8900146484375,331.7099914550781,334.9800109863281,2245800
2025-10-16,329.1042785644531,331.4599914550781,334.5,329.5899963378906,334.5,1913700
2025-10-17,328.3893737792969,330.739990234375,333.3399963378906,328.2699890136719,332.260009765625,2203400
2025-10-20,328.8858337402344,331.239990234375,333.75,328.9800109863281,332.17999267578125,3061200
2025-10-21,336.0346984863281,338.44000244140625,340.9100036621094,330.6199951171875,331.239990234375,2268400
2025-10-22,331.43756103515625,333.80999755859375,339.05999755859375,333.1400146484375,337.7799987792969,1797300
2025-10-23,329.3922119140625,331.75,335.32000732421875,329.95001220703125,333.70001220703125,2346400
2025-10-24,331.626220703125,334.0,337.67999267578125,332.29998779296875,334.5,2375300
2025-10-27,333.6914367675781,336.0799865722656,337.3299865722656,333.1700134277344,335.70001220703125,3088700
2025-10-28,351.930908203125,354.45001220703125,368.6199951171875,345.9700012207031,356.42999267578125,5420800
2025-10-29,343.27288818359375,345.7300109863281,353.45001220703125,344.989990234375,351.8900146484375,2037200
2025-10-30,345.4274597167969,347.8999938964844,353.9200134277344,345.1099853515625,347.0899963378906,1609900
2025-10-31,342.4884948730469,344.94000244140625,347.20001220703125,343.42999267578125,345.17999267578125,1558200
2025-11-03,343.18353271484375,345.6400146484375,346.1099853515625,339.19000244140625,340.9700012207031,2386600
2025-11-04,340.54241943359375,342.9800109863281,346.5,336.7900085449219,342.0899963378906,2221000
2025-11-05,333.3836364746094,335.7699890136719,344.1000061035156,334.25,342.20001220703125,2543600
2025-11-06,331.2886657714844,333.6600036621094,336.9800109863281,332.8299865722656,335.3999938964844,1989900
2025-11-07,337.7424621582031,340.1600036621094,341.3399963378906,332.5,334.2300109863281,1631900
2025-11-10,340.1154479980469,342.54998779296875,343.5,335.989990234375,338.8599853515625,1617100
2025-11-11,342.6274719238281,345.0799865722656,346.5299987792969,341.760009765625,343.4800109863281,2216600
2025-11-12,342.2700500488281,344.7200012207031,348.3800048828125,344.2900085449219,345.5799865722656,1516300
2025-11-13,336.43182373046875,338.8399963378906,345.95001220703125,338.510009765625,342.0199890136719,2322900
2025-11-14,330.58990478515625,332.17999267578125,337.9200134277344,331.5299987792969,337.1700134277344,2317500
2025-11-17,325.24566650390625,326.80999755859375,333.2099914550781,326.7200012207031,331.3999938964844,1991300
2025-11-18,322.2798767089844,323.8299865722656,327.04998779296875,318.2200012207031,322.9200134277344,2255300
2025-11-19,328.201416015625,329.7799987792969,330.1600036621094,324.6199951171875,328.0199890136719,2050200
2025-11-20,326.4399108886719,328.010009765625,334.44000244140625,327.4700012207031,331.0400085449219,2881900
2025-11-21,335.44659423828125,337.05999755859375,342.5899963378906,329.4599914550781,329.489990234375,2392500
2025-11-24,336.382080078125,338.0,338.8999938964844,333.5899963378906,337.4700012207031,2306500
2025-11-25,341.0097961425781,342.6499938964844,344.1400146484375,337.1300048828125,338.80999755859375,1452400
2025-11-26,341.7463073730469,343.3900146484375,344.8399963378906,339.9700012207031,341.260009765625,1174300
2025-11-28,342.0448303222656,343.69000244140625,344.69000244140625,342.25,342.45001220703125,566800
2025-12-01,339.8553466796875,341.489990234375,344.79998779296875,339.1099853515625,339.8800048828125,1662600
2025-12-02,335.87451171875,337.489990234375,343.30999755859375,335.8500061035156,343.30999755859375,1389400
2025-12-03,337.6161193847656,339.239990234375,342.0799865722656,337.30999755859375,339.05999755859375,1282000
2025-12-04,333.7646789550781,335.3699951171875,340.6600036621094,334.8399963378906,339.25,1368400
2025-12-05,331.5154724121094,333.1099853515625,336.010009765625,332.44000244140625,335.3699951171875,2011700
2025-12-08,325.5641174316406,327.1300048828125,333.0899963378906,326.6400146484375,331.4700012207031,1376300
2025-12-09,319.6028137207031,321.1400146484375,327.54998779296875,320.95001220703125,326.5299987792969,1685000
2025-12-10,324.7082214355469,326.2699890136719,327.05999755859375,320.1099853515625,322.19000244140625,2160500
2025-12-11,327.7237243652344,329.29998779296875,332.2799987792969,326.9599914550781,328.6600036621094,1899700
2025-12-12,327.1166687011719,328.69000244140625,331.4200134277344,326.8299865722656,330.04998779296875,1633000
2025-12-15,326.8778076171875,328.45001220703125,331.3399963378906,326.7799987792969,331.2200012207031,1623600
2025-12-16,326.3005676269531,327.8699951171875,330.3999938964844,325.1099853515625,328.0,1485100
2025-12-17,326.38018798828125,327.95001220703125,329.4800109863281,323.8800048828125,325.32000732421875,1569000
2025-12-18,323.80255126953125,325.3599853515625,335.29998779296875,325.17999267578125,331.510009765625,2348000
2025-12-19,319.3241271972656,320.8599853515625,327.45001220703125,319.489990234375,325.1400146484375,4367200
2025-12-22,322.28985595703125,323.8399963378906,326.1300048828125,320.69000244140625,321.42999267578125,1301600
2025-12-23,322.49884033203125,324.04998779296875,325.0,321.2699890136719,325.0,1454400
2025-12-24,323.7926330566406,325.3500061035156,325.5,322.4599914550781,322.5,708600
2025-12-26,323.8822021484375,325.44000244140625,326.4200134277344,323.2699890136719,325.3800048828125,884900
2025-12-29,323.6732177734375,325.2300109863281,326.79998779296875,323.9100036621094,325.30999755859375,1217400
2025-12-30,324.5987548828125,326.1600036621094,327.07000732421875,321.0199890136719,323.2300109863281,913000
2025-12-31,322.4789733886719,324.0299987792969,326.9700012207031,323.92999267578125,326.2699890136719,830200
2026-01-02,326.27069091796875,327.8399963378906,329.9700012207031,322.6199951171875,323.25,1642700
2026-01-05,330.60986328125,332.20001220703125,333.19000244140625,322.8800048828125,326.0799865722656,1661800
2026-01-06,338.46209716796875,340.0899963378906,341.739990234375,329.0,331.2900085449219,1778600
2026-01-07,329.8236389160156,331.4100036621094,343.8999938964844,331.3299865722656,342.010009765625,1506200
2026-01-08,339.3975830078125,341.0299987792969,342.67999267578125,325.4800109863281,327.75,1930800
2026-01-09,351.58892822265625,353.2799987792969,354.0,342.739990234375,343.5,2432600
2026-01-12,355.9181213378906,357.6300048828125,358.510009765625,349.239990234375,352.5899963378906,1728300
2026-01-13,354.28594970703125,355.989990234375,359.0,353.7099914550781,357.0,1862700
2026-01-14,352.6538391113281,354.3500061035156,358.82000732421875,352.94000244140625,356.0299987792969,1921700
2026-01-15,354.42529296875,356.1300048828125,358.4100036621094,353.8999938964844,355.7799987792969,1711100
2026-01-16,356.1171569824219,357.8299865722656,358.1000061035156,354.010009765625,355.8999938964844,1355500
2026-01-20,345.2991943359375,346.9599914550781,355.9599914550781,346.8599853515625,353.3299865722656,2072200
2026-01-21,354.60443115234375,356.30999755859375,357.7200012207031,348.1400146484375,350.67999267578125,1879400
2026-01-22,348.9516296386719,350.6300048828125,362.32000732421875,350.1400146484375,358.4200134277344,1772400
2026-01-23,346.8517150878906,348.5199890136719,348.57000732421875,343.5899963378906,346.739990234375,2142100
2026-01-26,346.6626281738281,348.3299865722656,349.5799865722656,345.989990234375,348.6300048828125,1475600
2026-01-27,344.4233703613281,346.0799865722656,348.95001220703125,345.3299865722656,347.9800109863281,1456500
2026-01-28,347.9265441894531,349.6000061035156,350.57000732421875,345.42999267578125,346.19000244140625,2525500
2026-01-29,352.8826904296875,354.5799865722656,355.6700134277344,342.0,349.5,2645600
2026-01-30,352.94244384765625,354.6400146484375,358.0,351.04998779296875,352.05999755859375,2222200
2026-02-02,354.6541748046875,356.3599853515625,362.4200134277344,356.0400085449219,358.3900146484375,1909800
2026-02-03,357.91851806640625,359.6400146484375,369.44000244140625,354.67999267578125,355.1499938964844,2555100
2026-02-04,367.1441345214844,368.9100036621094,370.0,362.1400146484375,365.010009765625,2460800
2026-02-05,359.3117980957031,361.0400085449219,369.2200012207031,360.2900085449219,369.2099914550781,2086500
2026-02-06,360.247314453125,361.9800109863281,367.4599914550781,361.1000061035156,363.2300109863281,2355500
2026-02-09,358.8739013671875,360.6000061035156,362.739990234375,357.6700134277344,362.2200012207031,1761500
2026-02-10,362.9045104980469,364.6499938964844,365.9599914550781,359.82000732421875,363.6099853515625,1655600
2026-02-11,365.2134094238281,366.9700012207031,367.239990234375,362.8299865722656,363.8999938964844,1451500
2026-02-12,370.81646728515625,372.6000061035156,374.8699951171875,367.3699951171875,370.0,2305600
2026-02-13,367.12420654296875,368.8900146484375,377.7699890136719,367.2200012207031,374.45001220703125,2162200
2026-02-17,366.17877197265625,367.94000244140625,372.45001220703125,364.7200012207031,370.20001220703125,1336000
2026-02-18,364.00921630859375,365.760009765625,368.8999938964844,364.75,368.0,1188700
2026-02-19,355.898193359375,357.6099853515625,365.5799865722656,356.80999755859375,363.67999267578125,1627800
2026-02-20,358.9037780761719,360.6300048828125,364.44000244140625,357.1300048828125,358.260009765625,1652900
2026-02-23,362.52630615234375,364.2699890136719,365.8299865722656,357.7300109863281,358.94000244140625,1664400
2026-02-24,362.984130859375,364.7300109863281,368.82000732421875,363.2200012207031,367.2099914550781,1759700
2026-02-25,355.5399475097656,357.25,368.5299987792969,354.44000244140625,368.5199890136719,1532300
2026-02-26,358.7743835449219,360.5,361.7799987792969,354.5899963378906,359.739990234375,1222800
2026-02-27,360.8543701171875,362.5899963378906,363.05999755859375,353.54998779296875,356.5,1936000
2026-03-02,355.1790771484375,356.1000061035156,357.4700012207031,345.6600036621094,355.510009765625,1690900
2026-03-03,347.9278564453125,348.8299865722656,350.8900146484375,337.8900146484375,343.9599914550781,1711100
2026-03-04,346.7709045410156,347.6700134277344,349.25,343.8900146484375,349.20001220703125,1277700
2026-03-05,334.5824890136719,335.45001220703125,343.42999267578125,332.6600036621094,342.79998779296875,1802200
2026-03-06,329.0268859863281,329.8800048828125,331.67999267578125,325.0899963378906,330.8699951171875,1827100
2026-03-09,332.53778076171875,333.3999938964844,333.4800109863281,321.3699951171875,324.5199890136719,2189600
2026-03-10,329.4757080078125,330.3299865722656,337.2300109863281,329.260009765625,332.45001220703125,1418600
2026-03-11,321.90533447265625,322.739990234375,330.1600036621094,321.739990234375,329.29998779296875,1530800
2026-03-12,316.8783874511719,317.70001220703125,324.8900146484375,317.44000244140625,321.8599853515625,1549500
2026-03-13,318.9530029296875,319.7799987792969,329.3699951171875,318.9200134277344,321.5,1451100
2026-03-16,321.87542724609375,322.7099914550781,327.5299987792969,321.54998779296875,324.70001220703125,1192600
2026-03-17,319.8706359863281,320.70001220703125,325.0,320.1400146484375,325.0,1497900
2026-03-18,311.31280517578125,312.1199951171875,318.32000732421875,310.260009765625,316.3500061035156,2092300
2026-03-19,309.57733154296875,310.3800048828125,310.4700012207031,303.4200134277344,306.9700012207031,2391600
2026-03-20,302.7450256347656,303.5299987792969,312.0400085449219,301.5799865722656,308.7900085449219,2708500
2026-03-23,313.1380920410156,313.95001220703125,318.5400085449219,306.2699890136719,306.489990234375,1962800
2026-03-24,312.88873291015625,313.70001220703125,316.7099914550781,308.94000244140625,311.0899963378906,1913900
2026-03-25,321.1174011230469,321.95001220703125,322.07000732421875,313.3299865722656,318.1300048828125,1860100
2026-03-26,318.7236022949219,319.54998779296875,326.6199951171875,317.32000732421875,317.5199890136719,2058000
2026-03-27,314.5544128417969,315.3699951171875,320.95001220703125,314.8399963378906,318.4200134277344,1291800
2026-03-30,315.0830383300781,315.8999938964844,322.1600036621094,315.0,318.5,1942800
2026-03-31,319.72100830078125,320.54998779296875,323.2900085449219,313.67999267578125,319.69000244140625,1769100
2026-04-01,324.8576965332031,325.70001220703125,331.1000061035156,322.9599914550781,323.42999267578125,1835900
2026-04-02,317.1776123046875,318.0,324.1600036621094,312.4599914550781,319.010009765625,1768100
2026-04-06,315.57177734375,316.3900146484375,318.1400146484375,313.7200012207031,316.5299987792969,1155200
2026-04-07,313.1480407714844,313.9599914550781,316.0,310.6099853515625,315.19000244140625,1329600
2026-04-08,334.80194091796875,335.6700134277344,338.1199951171875,329.510009765625,331.7900085449219,1949800
2026-04-09,334.8617858886719,335.7300109863281,339.32000732421875,330.0,332.04998779296875,1506800
2026-04-10,335.2407531738281,336.1099853515625,337.25,331.79998779296875,335.7200012207031,1427000
2026-04-13,333.5152587890625,334.3800048828125,336.489990234375,327.1099853515625,334.17999267578125,1499200
2026-04-14,332.7372741699219,333.6000061035156,336.2799987792969,333.2799987792969,334.9800109863281,1176500
2026-04-15,327.98956298828125,328.8399963378906,334.54998779296875,326.260009765625,333.79998779296875,1649000
2026-04-16,332.4779357910156,333.3399963378906,338.8999938964844,331.1000061035156,334.6099853515625,1396300
2026-04-17,344.6563415527344,345.54998779296875,350.5899963378906,337.07000732421875,338.6400146484375,2683300
2026-04-20,343.0405578613281,343.92999267578125,344.9800109863281,340.05999755859375,343.760009765625,1314400
2026-04-21,333.74462890625,334.6099853515625,345.4100036621094,332.1099853515625,343.94000244140625,1490000
2026-04-22,334.28326416015625,335.1499938964844,342.4800109863281,333.2900085449219,339.6600036621094,1309500
2026-04-23,336.7867736816406,337.6600036621094,338.04998779296875,331.510009765625,336.0199890136719,1190200
2026-04-24,336.8266906738281,337.70001220703125,338.5799865722656,333.7799987792969,336.739990234375,1692900
2026-04-27,335.2308044433594,336.1000061035156,343.42999267578125,335.6499938964844,340.7099914550781,1836900
2026-04-28,323.431396484375,324.2699890136719,344.04998779296875,321.0799865722656,342.0299987792969,2439800
2026-04-29,317.02801513671875,317.8500061035156,321.45001220703125,313.3999938964844,320.0,2095400
2026-04-30,320.77825927734375,321.6099853515625,323.7300109863281,319.2200012207031,320.67999267578125,2165700
2026-05-01,317.1776123046875,318.0,324.9100036621094,317.4100036621094,323.17999267578125,1378300
2026-05-04,309.68701171875,310.489990234375,318.9200134277344,310.2699890136719,315.04998779296875,1942100
2026-05-05,311.65191650390625,312.4599914550781,313.3299865722656,307.04998779296875,312.29998779296875,1480800
2026-05-06,322.7930603027344,323.6300048828125,327.05999755859375,321.04998779296875,323.0,2628300
2026-05-07,319.38189697265625,320.2099914550781,328.989990234375,318.2699890136719,326.760009765625,1828200
2026-05-08,316.00067138671875,316.82000732421875,323.9800109863281,315.8299865722656,323.19000244140625,1249700
2026-05-11,311.8913269042969,312.70001220703125,317.6499938964844,311.7200012207031,317.0199890136719,1787000
2026-05-12,310.7742004394531,311.5799865722656,313.55999755859375,309.7099914550781,312.5199890136719,1721700
2026-05-13,305.5477600097656,306.3399963378906,310.57000732421875,302.8699951171875,309.8699951171875,3838000
2026-05-14,308.3804016113281,309.17999267578125,310.9700012207031,306.92999267578125,309.3399963378906,2588400
2026-05-15,299.32391357421875,300.1000061035156,308.25,300.04998779296875,308.25,3849800
2026-05-18,301.9969787597656,302.7799987792969,308.1600036621094,300.9200134277344,301.5,1897200
2026-05-19,298.276611328125,299.04998779296875,301.2300109863281,294.32000732421875,298.8999938964844,2147000
2026-05-20,306.9042663574219,307.70001220703125,308.0799865722656,295.0,299.0199890136719,2727300
2026-05-21,308.5400085449219,309.3399963378906,311.989990234375,298.92999267578125,303.4700012207031,2113900
2026-05-22,309.0799865722656,309.0799865722656,312.5899963378906,307.5,310.55999755859375,1274400
2026-05-26,311.25,311.25,314.45001220703125,308.8299865722656,312.0,2104100
2026-05-27,309.9700012207031,309.9700012207031,315.55999755859375,309.0899963378906,312.0,2683300
2026-05-28,305.1400146484375,305.1400146484375,308.75,303.20001220703125,308.0,1974600
2026-05-29,303.8399963378906,303.8399963378906,309.1499938964844,303.5299987792969,305.4200134277344,2569600
2026-06-01,294.8599853515625,294.8599853515625,303.69000244140625,292.3900146484375,299.95001220703125,2396300
2026-06-02,293.0,293.0,295.57000732421875,289.8599853515625,291.989990234375,2048100
2026-06-03,296.489990234375,296.489990234375,302.0299987792969,295.6600036621094,300.510009765625,2042600
2026-06-04,300.0899963378906,300.0899963378906,303.0,296.7300109863281,301.0199890136719,1876600
2026-06-05,305.29998779296875,305.29998779296875,308.0,301.3399963378906,301.3399963378906,2470200
2026-06-08,299.54998779296875,299.54998779296875,304.42999267578125,299.0199890136719,302.0,2442000
2026-06-09,310.54998779296875,310.54998779296875,310.70001220703125,302.4100036621094,302.9599914550781,2589100
2026-06-10,303.9100036621094,303.9100036621094,310.5899963378906,303.70001220703125,309.989990234375,1821600
2026-06-11,316.8900146484375,316.8900146484375,317.1499938964844,304.1700134277344,305.32000732421875,2959200
2026-06-12,317.29998779296875,317.29998779296875,323.57000732421875,316.9100036621094,321.4800109863281,1954100
2026-06-15,320.239990234375,320.239990234375,327.3299865722656,319.3900146484375,324.6400146484375,2678800
2026-06-16,322.44000244140625,322.44000244140625,326.0,319.70001220703125,323.9800109863281,2416800
2026-06-17,313.79998779296875,313.79998779296875,324.0899963378906,312.1700134277344,322.7799987792969,2035600
2026-06-18,320.7900085449219,320.7900085449219,322.5,314.8299865722656,315.760009765625,4269200
2026-06-22,316.8999938964844,316.8999938964844,322.2900085449219,315.7099914550781,315.9800109863281,3160000
2026-06-23,322.8999938964844,322.8999938964844,329.8800048828125,320.2300109863281,322.0,3080600
2026-06-24,333.1300048828125,333.1300048828125,337.7099914550781,326.1199951171875,327.32000732421875,2847700
2026-06-25,339.0799865722656,339.0799865722656,344.0,335.3999938964844,335.3999938964844,2606700
2026-06-26,344.07000732421875,344.07000732421875,345.7699890136719,337.05999755859375,339.7300109863281,8235100
2026-06-29,344.29998779296875,344.29998779296875,344.55999755859375,340.29998779296875,342.989990234375,3913300
2026-06-30,344.32000732421875,344.32000732421875,345.989990234375,340.04998779296875,342.79998779296875,2455900
2026-07-01,346.04998779296875,346.04998779296875,351.9800109863281,342.1600036621094,344.0400085449219,2485600
2026-07-02,352.4800109863281,352.4800109863281,352.4800109863281,342.1199951171875,348.739990234375,2078700
2026-07-06,349.1300048828125,349.1300048828125,353.6099853515625,344.3599853515625,353.1300048828125,1688000
2026-07-07,342.260009765625,342.260009765625,353.6700134277344,339.79998779296875,353.29998779296875,2459800
2026-07-08,330.57000732421875,330.57000732421875,335.0,327.8599853515625,332.8999938964844,2232200
2026-07-09,332.0299987792969,332.0299987792969,333.95001220703125,329.5,333.67999267578125,1314400
2026-07-10,333.989990234375,333.989990234375,337.20001220703125,332.1400146484375,333.9800109863281,1125200
2026-07-13,328.9700012207031,328.9700012207031,335.3500061035156,327.5299987792969,332.19000244140625,2081800
2026-07-14,328.5,328.5,334.8999938964844,327.3800048828125,333.1199951171875,1486200
2026-07-15,332.2900085449219,332.2900085449219,335.510009765625,328.6000061035156,329.989990234375,2504200
2026-07-16,338.1400146484375,338.1400146484375,339.2300109863281,330.9800109863281,331.2900085449219,1629200
2026-07-17,331.32000732421875,331.32000732421875,343.69000244140625,330.3699951171875,336.4100036621094,1665700
2026-07-20,323.6000061035156,323.6000061035156,333.3399963378906,323.2200012207031,331.6700134277344,1481900
2026-07-21,318.4599914550781,318.4599914550781,324.3500061035156,317.5,324.3500061035156,1285500
2026-07-22,319.9100036621094,319.9100036621094,322.7900085449219,318.32000732421875,321.04998779296875,2765700
2026-07-23,310.5400085449219,310.5400085449219,315.7900085449219,301.1000061035156,308.3999938964844,2446300
2026-07-24,317.510009765625,317.510009765625,320.1400146484375,313.010009765625,313.260009765625,2021300
2026-07-27,327.2699890136719,327.2699890136719,329.7699890136719,320.0,325.0,3207800
