Date,Adj Close,Close,High,Low,Open,Volume
2021-08-02,96.79169464111328,126.31999969482422,130.83999633789062,126.0199966430664,128.1999969482422,2285100
2021-08-03,99.25898742675781,129.5399932861328,130.97000122070312,127.04000091552734,128.99000549316406,3366800
2021-08-04,98.61534881591797,128.6999969482422,132.3300018310547,128.25999450683594,130.07000732421875,3112900
2021-08-05,102.69942474365234,134.02999877929688,134.75,129.49000549316406,130.1300048828125,3351300
2021-08-06,103.59591674804688,135.1999969482422,136.0500030517578,134.02000427246094,134.55999755859375,2285400
2021-08-09,101.80290985107422,132.86000061035156,134.4499969482422,132.7100067138672,134.3800048828125,1652300
2021-08-10,101.22823333740234,132.11000061035156,133.52999877929688,131.27000427246094,132.69000244140625,1688300
2021-08-11,102.30096435546875,133.50999450683594,134.07000732421875,131.1699981689453,132.9499969482422,1415800
2021-08-12,102.5615005493164,133.85000610351562,134.27999877929688,132.25,133.77000427246094,1832800
2021-08-13,102.42357635498047,133.6699981689453,134.83999633789062,133.17999267578125,134.3699951171875,1441200
2021-08-16,100.35472106933594,130.97000122070312,133.6699981689453,130.5500030517578,132.8000030517578,1797800
2021-08-17,98.16325378417969,128.11000061035156,129.3300018310547,125.93000030517578,129.22999572753906,2164200
2021-08-18,98.07898712158203,128.0,129.66000366210938,126.08999633789062,127.5,1489400
2021-08-19,98.43144989013672,128.4600067138672,129.22000122070312,126.0,126.04000091552734,1979000
2021-08-20,98.66898345947266,128.77000427246094,129.42999267578125,126.61000061035156,127.30000305175781,1701600
2021-08-23,99.19769287109375,129.4600067138672,131.10000610351562,128.92999267578125,129.6199951171875,2111900
2021-08-24,101.57304382324219,132.55999755859375,132.6999969482422,130.22999572753906,130.41000366210938,1851600
2021-08-25,101.5577163696289,132.5399932861328,134.52000427246094,131.6300048828125,132.60000610351562,1746600
2021-08-26,100.40834045410156,131.0399932861328,132.74000549316406,130.63999938964844,132.41000366210938,1268800
2021-08-27,102.43888854980469,133.69000244140625,135.14999389648438,132.36000061035156,132.5800018310547,1691700
2021-08-30,102.22437286376953,133.41000366210938,134.00999450683594,131.92999267578125,133.8000030517578,1428200
2021-08-31,103.02122497558594,134.4499969482422,135.1999969482422,132.75999450683594,133.08999633789062,2326600
2021-09-01,104.06333923339844,135.80999755859375,136.4499969482422,134.25999450683594,134.4499969482422,1706100
2021-09-02,104.53072357177734,136.4199981689453,137.3800048828125,135.38999938964844,136.08999633789062,1859700
2021-09-03,104.01734924316406,135.75,136.17999267578125,134.25,136.1699981689453,1595800
2021-09-07,103.12086486816406,134.5800018310547,135.6999969482422,133.22999572753906,134.9600067138672,1788300
2021-09-08,102.39247131347656,132.13999938964844,133.83999633789062,130.77000427246094,132.5,1695600
2021-09-09,101.23014831542969,130.63999938964844,132.13999938964844,129.9600067138672,130.75,1598800
2021-09-10,99.10697174072266,127.9000015258789,131.30999755859375,127.88999938964844,131.27000427246094,1879800
2021-09-13,101.6020736694336,131.1199951171875,131.8699951171875,128.35000610351562,129.6699981689453,1843600
2021-09-14,100.3932876586914,129.55999755859375,131.99000549316406,128.67999267578125,131.4499969482422,1291700
2021-09-15,101.62532806396484,131.14999389648438,131.97000122070312,128.69000244140625,129.47999572753906,1560900
2021-09-16,102.80314636230469,132.6699981689453,133.77999877929688,131.14999389648438,131.86000061035156,1297600
2021-09-17,101.71833038330078,131.27000427246094,133.3000030517578,131.14999389648438,132.22000122070312,3153700
2021-09-20,100.3622817993164,129.52000427246094,130.36000061035156,127.06999969482422,128.16000366210938,2525600
2021-09-21,101.02867126464844,130.3800048828125,132.60000610351562,130.35000610351562,130.74000549316406,1616300
2021-09-22,103.55477142333984,133.63999938964844,134.89999389648438,131.85000610351562,132.39999389648438,1955500
2021-09-23,104.70158386230469,135.1199951171875,136.47000122070312,134.32000732421875,134.5,2364000
2021-09-24,103.71751403808594,133.85000610351562,136.25,133.82000732421875,134.64999389648438,1362200
2021-09-27,103.9499740600586,134.14999389648438,137.24000549316406,134.00999450683594,134.64999389648438,1960700
2021-09-28,103.60902404785156,133.7100067138672,135.1199951171875,133.19000244140625,134.0800018310547,1641200
2021-09-29,103.71751403808594,133.85000610351562,134.50999450683594,133.1999969482422,134.02999877929688,1086100
2021-09-30,100.71097564697266,129.97000122070312,134.5,129.4199981689453,134.5,3053500
2021-10-01,103.1673355102539,133.13999938964844,134.16000366210938,130.14999389648438,131.55999755859375,2160400
2021-10-04,102.47770690917969,132.25,134.0,131.58999633789062,132.69000244140625,1487600
2021-10-05,101.81131744384766,131.38999938964844,132.27000427246094,130.4199981689453,132.24000549316406,1499700
2021-10-06,102.75666046142578,132.61000061035156,132.64999389648438,128.60000610351562,130.27000427246094,2199100
2021-10-07,103.84150695800781,134.00999450683594,136.1999969482422,132.9499969482422,133.02000427246094,1798500
2021-10-08,102.3459701538086,132.0800018310547,135.10000610351562,131.75999450683594,133.97999572753906,1715200
2021-10-11,102.76441192626953,132.6199951171875,133.67999267578125,131.02000427246094,131.75999450683594,1081800
2021-10-12,104.43041229248047,134.77000427246094,135.25,131.3300018310547,132.27999877929688,1324400
2021-10-13,106.27458953857422,137.14999389648438,137.55999755859375,134.22000122070312,135.0,2994100
2021-10-14,107.96385955810547,139.3300018310547,139.89999389648438,137.50999450683594,138.25,2281500
2021-10-15,108.65350341796875,140.22000122070312,141.66000366210938,139.3300018310547,140.0,2443400
2021-10-18,111.9931869506836,144.52999877929688,144.7899932861328,139.89999389648438,140.27999877929688,3335500
2021-10-19,110.68366241455078,142.83999633789062,145.00999450683594,142.69000244140625,145.0,1709400
2021-10-20,112.326416015625,144.9600067138672,144.97999572753906,142.07000732421875,142.1999969482422,1543800
2021-10-21,111.55154418945312,143.9600067138672,145.0399932861328,143.3800048828125,144.5,1367500
2021-10-22,112.46588134765625,145.13999938964844,145.60000610351562,144.0,144.77999877929688,1217800
2021-10-25,113.77542877197266,146.8300018310547,146.89999389648438,143.75,145.0,1537200
2021-10-26,113.41899108886719,146.3699951171875,147.77000427246094,145.47999572753906,147.0,1973700
2021-10-27,111.52828216552734,143.92999267578125,146.4600067138672,143.6999969482422,146.35000610351562,1178000
2021-10-28,114.0001220703125,147.1199951171875,147.22999572753906,143.83999633789062,144.5500030517578,1627900
2021-10-29,113.58171081542969,146.5800018310547,147.74000549316406,145.67999267578125,146.4499969482422,2778300
2021-11-01,115.73587799072266,149.36000061035156,149.41000366210938,147.19000244140625,147.41000366210938,2605400
2021-11-02,123.19795989990234,158.99000549316406,159.97000122070312,154.4499969482422,157.0,5642000
2021-11-03,128.81582641601562,166.24000549316406,166.7899932861328,158.74000549316406,158.94000244140625,4226300
2021-11-04,128.4051513671875,165.7100067138672,167.6699981689453,164.52000427246094,166.44000244140625,2282800
2021-11-05,132.11679077148438,170.5,170.91000366210938,167.27000427246094,168.42999267578125,2501600
2021-11-08,129.70692443847656,167.38999938964844,171.00999450683594,166.25999450683594,170.64999389648438,1642700
2021-11-09,129.78443908691406,167.49000549316406,167.5800018310547,165.5399932861328,167.32000732421875,1383600
2021-11-10,127.05685424804688,163.97000122070312,167.69000244140625,163.77999877929688,166.69000244140625,1824700
2021-11-11,128.19590759277344,165.44000244140625,166.30999755859375,163.91000366210938,164.5,1175700
2021-11-12,127.70002746582031,164.8000030517578,166.5500030517578,163.89999389648438,166.25,1182600
2021-11-15,128.85458374023438,166.2899932861328,166.32000732421875,164.22999572753906,165.1699981689453,1677300
2021-11-16,127.7542495727539,164.8699951171875,166.2899932861328,164.33999633789062,165.75,1221100
2021-11-17,129.78443908691406,167.49000549316406,167.8699951171875,162.83999633789062,164.22999572753906,1503100
2021-11-18,131.2489471435547,169.3800048828125,171.1199951171875,167.3699951171875,169.13999938964844,2459400
2021-11-19,129.2032928466797,166.74000549316406,168.47999572753906,165.86000061035156,167.91000366210938,1816500
2021-11-22,130.171875,167.99000549316406,170.64999389648438,167.00999450683594,168.1300048828125,2039300
2021-11-23,130.97772216796875,169.02999877929688,170.7100067138672,167.1999969482422,167.88999938964844,1392500
2021-11-24,130.97772216796875,169.02999877929688,169.24000549316406,166.6300048828125,168.02000427246094,1358800
2021-11-26,124.35253143310547,160.47999572753906,162.8000030517578,158.27999877929688,160.32000732421875,2875400
2021-11-29,123.9340591430664,159.94000244140625,164.67999267578125,157.44000244140625,163.8699951171875,2890700
2021-11-30,118.43241882324219,152.83999633789062,157.80999755859375,151.75,157.64999389648438,4264900
2021-12-01,114.46508026123047,147.72000122070312,158.8300018310547,147.63999938964844,156.55999755859375,3711400
2021-12-02,117.67308807373047,151.86000061035156,153.97999572753906,148.3699951171875,149.94000244140625,4506500
2021-12-03,115.60413360595703,149.19000244140625,152.7899932861328,147.36000061035156,152.0,3639600
2021-12-06,118.24647521972656,152.60000610351562,155.50999450683594,151.52000427246094,152.1300048828125,2858400
2021-12-07,121.07479095458984,156.25,158.6999969482422,154.9499969482422,155.77000427246094,2650100
2021-12-08,122.0046615600586,157.4499969482422,158.44000244140625,155.3800048828125,156.25,2681300
2021-12-09,119.21685791015625,152.24000549316406,155.5800018310547,152.1999969482422,154.94000244140625,1946600
2021-12-10,119.35780334472656,152.4199981689453,153.64999389648438,150.0399932861328,153.47999572753906,1378300
2021-12-13,118.32415008544922,151.10000610351562,152.07000732421875,147.5399932861328,151.5800018310547,2416900
2021-12-14,118.19100189208984,150.92999267578125,152.2100067138672,149.85000610351562,151.08999633789062,2000300
2021-12-15,119.06023406982422,152.0399932861328,152.19000244140625,147.2100067138672,151.44000244140625,2121800
2021-12-16,118.76268005371094,151.66000366210938,154.83999633789062,151.0399932861328,152.75,2750900
2021-12-17,118.03439331054688,150.72999572753906,152.86000061035156,148.42999267578125,151.50999450683594,4124800
2021-12-20,114.54183197021484,146.27000427246094,148.69000244140625,143.6300048828125,147.66000366210938,2665000
2021-12-21,120.96312713623047,154.47000122070312,154.88999938964844,148.07000732421875,148.1999969482422,2011200
2021-12-22,121.79319763183594,155.52999877929688,156.00999450683594,153.52999877929688,153.91000366210938,1077500
2021-12-23,121.73841857910156,155.4600067138672,157.3800048828125,155.25999450683594,156.5,2259900
2021-12-27,124.06414794921875,158.42999267578125,158.47999572753906,154.47999572753906,155.4499969482422,994400
2021-12-28,123.5473403930664,157.77000427246094,159.25,156.75,157.55999755859375,966400
2021-12-29,124.32255554199219,158.75999450683594,159.3000030517578,156.77000427246094,158.0,953000
2021-12-30,125.32491302490234,160.0399932861328,161.8699951171875,158.5399932861328,158.75999450683594,1085400
2021-12-31,125.11348724365234,159.77000427246094,161.69000244140625,159.50999450683594,159.99000549316406,1194700
2022-01-03,125.52855682373047,160.3000030517578,162.60000610351562,158.8699951171875,160.47999572753906,2128100
2022-01-04,127.6271743774414,162.97999572753906,163.8800048828125,161.8000030517578,162.22999572753906,1834100
2022-01-05,126.10015869140625,161.02999877929688,165.8300018310547,160.9600067138672,163.86000061035156,2324400
2022-01-06,127.7681655883789,163.16000366210938,164.52000427246094,160.75999450683594,161.8300018310547,1715700
2022-01-07,126.28813934326172,161.27000427246094,163.89999389648438,161.0500030517578,162.8300018310547,1457100
2022-01-10,125.98270416259766,160.8800048828125,160.99000549316406,157.08999633789062,160.3000030517578,1753600
2022-01-11,126.72663879394531,161.8300018310547,162.61000061035156,158.07000732421875,160.89999389648438,1267700
2022-01-12,126.804931640625,161.92999267578125,163.64999389648438,161.75999450683594,162.58999633789062,931100
2022-01-13,127.6350326538086,162.99000549316406,164.24000549316406,162.25,162.42999267578125,1246800
2022-01-14,121.92632293701172,155.6999969482422,162.08999633789062,152.47999572753906,162.08999633789062,2539700
2022-01-18,120.50894165039062,153.88999938964844,154.3000030517578,150.86000061035156,154.2899932861328,2753000
2022-01-19,116.35861206054688,148.58999633789062,154.88999938964844,148.52999877929688,154.88999938964844,2198900
2022-01-20,115.4502182006836,147.42999267578125,152.75,147.19000244140625,150.49000549316406,1976000
2022-01-21,115.08218383789062,146.9600067138672,147.5399932861328,144.55999755859375,147.14999389648438,2515300
2022-01-24,114.4087142944336,146.10000610351562,146.22999572753906,137.75,142.8800048828125,3755400
2022-01-25,114.94123077392578,146.77999877929688,148.9600067138672,140.83999633789062,142.6999969482422,2614100
2022-01-26,114.00151824951172,145.5800018310547,151.8699951171875,143.75999450683594,149.11000061035156,2029400
2022-01-27,112.67810821533203,143.88999938964844,149.4600067138672,143.10000610351562,147.7100067138672,1810000
2022-01-28,114.64366149902344,146.39999389648438,146.44000244140625,139.6699981689453,143.55999755859375,2631400
2022-01-31,115.2701187133789,147.1999969482422,147.60000610351562,143.61000061035156,144.86000061035156,2108000
2022-02-01,115.39540100097656,147.36000061035156,148.66000366210938,145.0399932861328,147.1999969482422,1510600
2022-02-02,117.11035919189453,149.5500030517578,149.97999572753906,146.91000366210938,148.00999450683594,1871200
2022-02-03,113.9858627319336,145.55999755859375,149.19000244140625,145.33999633789062,147.97000122070312,1539100
2022-02-04,113.68826293945312,145.17999267578125,146.80999755859375,141.75,144.22999572753906,1934900
2022-02-07,116.61701965332031,148.9199981689453,149.8000030517578,144.88999938964844,145.5399932861328,3230700
2022-02-08,111.22938537597656,142.0399932861328,144.60000610351562,137.77000427246094,139.80999755859375,4550300
2022-02-09,112.0516357421875,143.08999633789062,144.0399932861328,141.4499969482422,143.25,2604000
2022-02-10,112.74857330322266,143.97999572753906,147.5,141.25999450683594,142.0,2722300
2022-02-11,111.06494903564453,141.8300018310547,146.38999938964844,140.5800018310547,143.85000610351562,2157600
2022-02-14,109.55359649658203,139.89999389648438,142.3000030517578,139.05999755859375,141.7899932861328,2070800
2022-02-15,110.66557312011719,141.32000732421875,142.89999389648438,140.5399932861328,142.11000061035156,1619900
2022-02-16,112.65461730957031,143.86000061035156,144.2899932861328,141.30999755859375,142.0399932861328,1712500
2022-02-17,112.50580596923828,143.6699981689453,146.77000427246094,143.02000427246094,143.0500030517578,3546800
2022-02-18,110.37583923339844,140.9499969482422,144.11000061035156,140.49000549316406,143.24000549316406,1751100
2022-02-22,108.1048812866211,138.0500030517578,140.38999938964844,136.72999572753906,139.99000549316406,2314400
2022-02-23,104.98821258544922,134.07000732421875,140.32000732421875,133.42999267578125,139.1199951171875,1978500
2022-02-24,107.92478942871094,137.82000732421875,138.17999267578125,129.35000610351562,129.92999267578125,3105900
2022-02-25,109.39698028564453,139.6999969482422,140.14999389648438,137.6699981689453,138.64999389648438,1785600
2022-02-28,107.7211685180664,137.55999755859375,139.89999389648438,136.55999755859375,137.7899932861328,2381900
2022-03-01,105.40325164794922,134.60000610351562,138.33999633789062,133.44000244140625,137.83999633789062,2182100
2022-03-02,108.66871643066406,138.77000427246094,139.72999572753906,135.9199981689453,135.92999267578125,2096500
2022-03-03,109.16986846923828,139.41000366210938,140.94000244140625,137.55999755859375,140.05999755859375,1890100
2022-03-04,107.19649505615234,136.88999938964844,137.91000366210938,133.82000732421875,137.64999389648438,2315100
2022-03-07,100.44630432128906,128.27000427246094,135.88999938964844,128.1999969482422,135.83999633789062,3966300
2022-03-08,102.8895492553711,131.38999938964844,133.88999938964844,128.10000610351562,128.9199981689453,3123900
2022-03-09,105.13385009765625,132.57000732421875,135.32000732421875,132.44000244140625,133.39999389648438,1728000
2022-03-10,105.16557312011719,132.61000061035156,132.92999267578125,129.47000122070312,130.02000427246094,1565700
2022-03-11,103.13539123535156,130.0500030517578,134.08999633789062,130.0,134.00999450683594,2548200
2022-03-14,101.66031646728516,128.19000244140625,132.5399932861328,126.76000213623047,131.1300048828125,2455800
2022-03-15,102.20751953125,128.8800048828125,130.02999877929688,127.02999877929688,128.60000610351562,1883600
2022-03-16,104.15046691894531,131.3300018310547,132.4600067138672,128.2899932861328,131.13999938964844,2550300
2022-03-17,104.40423583984375,131.64999389648438,132.41000366210938,129.94000244140625,130.49000549316406,2045100
2022-03-18,103.76188659667969,130.83999633789062,131.55999755859375,129.47000122070312,129.6300048828125,4175500
2022-03-21,102.35028076171875,129.05999755859375,131.82000732421875,127.97000122070312,131.64999389648438,2679100
2022-03-22,105.34797668457031,132.83999633789062,134.4499969482422,130.86000061035156,131.14999389648438,2501100
2022-03-23,103.10365295410156,130.00999450683594,132.6999969482422,129.8800048828125,132.07000732421875,1206000
2022-03-24,103.1988296508789,130.1300048828125,130.52999877929688,129.0500030517578,130.02999877929688,1473800
2022-03-25,103.23053741455078,130.1699981689453,131.17999267578125,129.63999938964844,130.50999450683594,2055800
2022-03-28,104.4835433959961,131.75,131.8000030517578,129.66000366210938,130.80999755859375,1631900
2022-03-29,109.5035171508789,138.0800018310547,138.42999267578125,133.58999633789062,133.92999267578125,2468200
2022-03-30,106.8944091796875,134.7899932861328,138.64999389648438,134.33999633789062,137.85000610351562,1346200
2022-03-31,104.3328857421875,131.55999755859375,135.41000366210938,131.5500030517578,134.6300048828125,2331900
2022-04-01,105.47486114501953,133.0,133.25999450683594,131.25999450683594,132.27000427246094,1572800
2022-04-04,106.688232421875,134.52999877929688,134.88999938964844,131.14999389648438,132.61000061035156,1722800
2022-04-05,103.55569458007812,130.5800018310547,135.6300048828125,130.30999755859375,134.5,1719300
2022-04-06,101.39861297607422,127.86000061035156,130.17999267578125,126.2699966430664,130.0,2327100
2022-04-07,99.53496551513672,125.51000213623047,127.5199966430664,123.4800033569336,127.41999816894531,2542700
2022-04-08,101.08934020996094,127.47000122070312,128.52000427246094,125.48999786376953,126.08999633789062,1804800
2022-04-11,100.54212188720703,126.77999877929688,129.10000610351562,126.33000183105469,127.22000122070312,1084200
2022-04-12,100.06629943847656,126.18000030517578,128.9199981689453,125.70999908447266,126.37999725341797,1460000
2022-04-13,101.17656707763672,127.58000183105469,128.7100067138672,125.76000213623047,126.0,1661400
2022-04-14,101.41446685791016,127.87999725341797,129.4499969482422,127.69000244140625,128.0,1788800
2022-04-18,101.42241668701172,127.88999938964844,129.11000061035156,127.0999984741211,127.41999816894531,1206700
2022-04-19,104.1425552368164,131.32000732421875,131.75,127.88999938964844,128.77000427246094,1470700
2022-04-20,105.14973449707031,132.58999633789062,133.5,131.0399932861328,131.72000122070312,1645700
2022-04-21,103.76982116699219,130.85000610351562,134.8000030517578,130.55999755859375,134.25,1499600
2022-04-22,99.82838439941406,125.87999725341797,130.83999633789062,125.72000122070312,130.83999633789062,1988500
2022-04-25,100.15354919433594,126.29000091552734,126.69999694824219,123.93000030517578,125.87999725341797,2053600
2022-04-26,98.4405517578125,124.12999725341797,126.95999908447266,124.02999877929688,126.12999725341797,1889200
2022-04-27,96.8544692993164,122.12999725341797,125.19999694824219,122.05999755859375,124.5999984741211,2032100
2022-04-28,98.6626205444336,124.41000366210938,125.05000305175781,120.81999969482422,122.0199966430664,2313100
2022-04-29,93.57918548583984,118.0,123.9800033569336,117.77999877929688,123.51000213623047,3160500
2022-05-02,92.6592788696289,116.83999633789062,119.08000183105469,113.41000366210938,118.68000030517578,2818500
2022-05-03,95.85523223876953,120.87000274658203,121.69999694824219,116.25,117.7300033569336,1894500
2022-05-04,98.79743957519531,124.58000183105469,125.18000030517578,119.58000183105469,120.7300033569336,1623900
2022-05-05,97.0210189819336,122.33999633789062,124.29000091552734,121.12000274658203,123.69999694824219,2037600
2022-05-06,96.29141235351562,121.41999816894531,122.95999908447266,118.63999938964844,121.19999694824219,2366500
2022-05-09,93.72987365722656,118.19000244140625,120.77999877929688,117.61000061035156,119.58999633789062,2810200
2022-05-10,94.4277572631836,119.06999969482422,125.98999786376953,117.94000244140625,121.13999938964844,3139200
2022-05-11,89.62191772460938,113.01000213623047,120.0,112.77999877929688,118.98999786376953,3323500
2022-05-12,91.69176483154297,115.62000274658203,116.27999877929688,111.16999816894531,112.73999786376953,2754300
2022-05-13,92.61167907714844,116.77999877929688,117.68000030517578,115.18000030517578,117.0,2662900
2022-05-16,92.6830825805664,116.87000274658203,118.12999725341797,115.5,116.80000305175781,1564700
2022-05-17,95.76802062988281,120.76000213623047,120.91999816894531,118.18000030517578,118.87999725341797,1752000
2022-05-18,90.14530944824219,113.66999816894531,119.69000244140625,113.16000366210938,119.31999969482422,2031800
2022-05-19,87.26656341552734,110.04000091552734,114.62999725341797,109.91000366210938,112.5199966430664,2629100
2022-05-20,86.31492614746094,108.83999633789062,111.19999694824219,105.72000122070312,111.0,3296800
2022-05-23,85.46636199951172,107.7699966430664,110.45999908447266,107.2300033569336,109.80999755859375,1842900
2022-05-24,85.5298080444336,107.8499984741211,108.12999725341797,103.45999908447266,107.02999877929688,2605200
2022-05-25,86.59249114990234,109.19000244140625,110.2699966430664,106.88999938964844,107.16999816894531,2324700
2022-05-26,88.8447265625,112.02999877929688,112.81999969482422,110.0,110.0,2086600
2022-05-27,90.19292449951172,113.7300033569336,114.63999938964844,112.41000366210938,112.91999816894531,1436500
2022-05-31,90.92251586914062,114.6500015258789,115.29000091552734,112.11000061035156,113.0,3700300
2022-06-01,88.1627197265625,111.16999816894531,115.29000091552734,109.81999969482422,114.9800033569336,2685800
2022-06-02,89.07472229003906,112.31999969482422,112.33000183105469,109.87000274658203,110.75,1531800
2022-06-03,87.19520568847656,109.94999694824219,111.61000061035156,109.58000183105469,111.30000305175781,1392500
2022-06-06,86.93348693847656,109.62000274658203,111.0999984741211,109.11000061035156,110.75,1917800
2022-06-07,89.04298400878906,112.27999877929688,112.33000183105469,108.55999755859375,108.83999633789062,2546800
2022-06-08,86.86080169677734,107.87000274658203,110.29000091552734,107.62000274658203,109.19000244140625,1603500
2022-06-09,83.63986206054688,103.87000274658203,107.44999694824219,103.83999633789062,107.30000305175781,2100900
2022-06-10,81.5381851196289,101.26000213623047,103.33999633789062,101.22000122070312,102.22000122070312,2792100
2022-06-13,78.22866821289062,97.1500015258789,98.75,95.45999908447266,98.30000305175781,3667000
2022-06-14,77.71331787109375,96.51000213623047,98.30999755859375,95.72000122070312,97.25,2491000
2022-06-15,78.51050567626953,97.5,98.93000030517578,95.97000122070312,97.5199966430664,2597900
2022-06-16,76.1914291381836,94.62000274658203,95.7300033569336,93.5,95.30000305175781,3000200
2022-06-17,77.0530014038086,95.69000244140625,97.3499984741211,94.94000244140625,95.63999938964844,3631600
2022-06-21,77.77772521972656,96.58999633789062,98.63999938964844,96.47000122070312,97.69000244140625,2221100
2022-06-22,77.26239013671875,95.94999694824219,97.72000122070312,94.83000183105469,95.13999938964844,2730400
2022-06-23,77.8663101196289,96.69999694824219,97.04000091552734,95.19000244140625,96.08999633789062,2372500
2022-06-24,80.21762084960938,99.62000274658203,100.5199966430664,97.48999786376953,97.91999816894531,4455200
2022-06-27,80.62023162841797,100.12000274658203,101.44000244140625,98.75,99.94000244140625,1783300
2022-06-28,79.91966247558594,99.25,102.4800033569336,99.13999938964844,101.43000030517578,1497500
2022-06-29,78.3172607421875,97.26000213623047,99.0,96.41999816894531,98.69999694824219,1866900
2022-06-30,76.43299102783203,94.91999816894531,96.43000030517578,93.19999694824219,95.0,3121400
2022-07-01,77.04499053955078,95.68000030517578,95.97000122070312,93.79000091552734,94.3499984741211,1709200
2022-07-05,78.5668716430664,97.56999969482422,97.5999984741211,93.51000213623047,95.06999969482422,1907200
2022-07-06,77.64083099365234,96.41999816894531,98.47000122070312,96.01000213623047,97.72000122070312,1406000
2022-07-07,78.81646728515625,97.87999725341797,98.27999877929688,96.6500015258789,97.04000091552734,1378200
2022-07-08,78.66349792480469,97.69000244140625,98.22000122070312,96.18000030517578,98.0,1423400
2022-07-11,78.28502655029297,97.22000122070312,97.51000213623047,95.7300033569336,96.9800033569336,1032400
2022-07-12,78.5910415649414,97.5999984741211,99.13999938964844,96.9800033569336,97.19999694824219,1660400
2022-07-13,76.9483413696289,95.55999755859375,97.1500015258789,95.04000091552734,96.0199966430664,1821400
2022-07-14,75.69218444824219,94.0,94.88999938964844,93.05999755859375,94.01000213623047,1692000
2022-07-15,77.59253692626953,96.36000061035156,96.75,94.75,95.91999816894531,2034700
2022-07-18,79.42845916748047,98.63999938964844,98.83000183105469,97.30000305175781,97.30999755859375,1727400
2022-07-19,82.3514633178711,102.2699966430664,102.55999755859375,99.13999938964844,99.94999694824219,1990100
2022-07-20,83.30164337158203,103.44999694824219,104.31999969482422,101.54000091552734,101.83000183105469,2077800
2022-07-21,83.93779754638672,104.23999786376953,104.26000213623047,102.0,102.44000244140625,1552700
2022-07-22,83.48686981201172,103.68000030517578,105.37999725341797,103.27999877929688,105.0199966430664,1627800
2022-07-25,83.76869201660156,104.02999877929688,104.62999725341797,103.11000061035156,103.70999908447266,1172100
2022-07-26,82.60108947753906,102.58000183105469,103.77999877929688,102.05999755859375,103.0,1376400
2022-07-27,83.84117126464844,104.12000274658203,104.61000061035156,102.43000030517578,102.9800033569336,1275700
2022-07-28,86.53064727783203,107.45999908447266,107.55999755859375,104.77999877929688,104.91999816894531,1696300
2022-07-29,87.4808349609375,108.63999938964844,109.26000213623047,107.45999908447266,107.70999908447266,2460200
2022-08-01,87.47277069091797,108.62999725341797,109.19999694824219,107.08000183105469,107.93000030517578,1650100
2022-08-02,84.93628692626953,105.4800033569336,110.95999908447266,105.25,109.87999725341797,2594000
2022-08-03,86.10386657714844,106.93000030517578,108.37000274658203,106.58999633789062,106.68000030517578,2241800
2022-08-04,85.21005249023438,105.81999969482422,107.41000366210938,104.94999694824219,106.48999786376953,1416100
2022-08-05,85.75761413574219,106.5,106.62000274658203,104.87000274658203,105.19000244140625,1277500
2022-08-08,87.64188385009766,108.83999633789062,110.13999938964844,107.61000061035156,107.61000061035156,1645700
2022-08-09,86.9735336303711,108.01000213623047,108.88999938964844,107.0999984741211,108.69999694824219,1495700
2022-08-10,89.68717956542969,111.37999725341797,111.5199966430664,109.70999908447266,110.51000213623047,1581500
2022-08-11,91.853271484375,114.06999969482422,114.80999755859375,112.69999694824219,112.7699966430664,1948600
2022-08-12,93.28659057617188,115.8499984741211,115.98999786376953,114.13999938964844,114.81999969482422,1491100
2022-08-15,91.19298553466797,113.25,115.62000274658203,113.0999984741211,115.2300033569336,1989100
2022-08-16,92.2155990600586,114.5199966430664,115.31999969482422,112.62000274658203,112.62000274658203,1567600
2022-08-17,90.8628158569336,112.83999633789062,113.62000274658203,111.77999877929688,112.80000305175781,1579800
2022-08-18,91.25738525390625,113.33000183105469,113.4800033569336,112.27999877929688,112.83999633789062,1146700
2022-08-19,89.3892593383789,111.01000213623047,112.86000061035156,110.26000213623047,112.61000061035156,1459700
2022-08-22,85.95088195800781,106.73999786376953,110.0,105.94000244140625,109.4800033569336,1722100
2022-08-23,86.03141021728516,106.83999633789062,108.3499984741211,106.7300033569336,107.1500015258789,1313900
2022-08-24,85.90258026123047,106.68000030517578,107.69000244140625,105.91999816894531,106.61000061035156,1070000
2022-08-25,87.15872955322266,108.23999786376953,108.2699966430664,106.88999938964844,107.16000366210938,1332100
2022-08-26,84.4289779663086,104.8499984741211,108.55000305175781,104.83999633789062,108.5,1538400
2022-08-29,83.46270751953125,103.6500015258789,105.0999984741211,102.94999694824219,103.91999816894531,1771700
2022-08-30,83.57544708251953,103.79000091552734,105.05000305175781,103.08999633789062,104.05000305175781,1592700
2022-08-31,82.11797332763672,101.9800033569336,104.7300033569336,101.7699966430664,104.37999725341797,2294500
2022-09-01,81.59455108642578,101.33000183105469,101.43000030517578,98.75,101.19000244140625,2114600
2022-09-02,80.95037078857422,100.52999877929688,103.76000213623047,100.16999816894531,102.91999816894531,1908300
2022-09-06,81.36103820800781,101.04000091552734,101.76000213623047,98.81999969482422,101.3499984741211,1839900
2022-09-07,83.3097152709961,103.45999908447266,103.48999786376953,100.91000366210938,101.30999755859375,2056900
2022-09-08,83.98954010009766,102.54000091552734,102.58999633789062,99.75,100.69999694824219,1868000
2022-09-09,84.99703216552734,103.7699966430664,104.0999984741211,102.5999984741211,103.44999694824219,1441400
2022-09-12,86.20928955078125,105.25,105.81999969482422,103.83999633789062,104.7300033569336,1668300
2022-09-13,82.2448959350586,100.41000366210938,103.0999984741211,100.04000091552734,102.1500015258789,2172100
2022-09-14,81.93362426757812,100.02999877929688,100.19999694824219,98.33999633789062,99.88999938964844,1961600
2022-09-15,81.53227996826172,99.54000091552734,101.22000122070312,99.4000015258789,100.54000091552734,2019200
2022-09-16,81.663330078125,99.69999694824219,99.80000305175781,97.61000061035156,99.22000122070312,2630700
2022-09-19,82.13842010498047,100.27999877929688,100.27999877929688,98.0,98.30999755859375,1288800
2022-09-20,80.53298950195312,98.31999969482422,99.80999755859375,97.88999938964844,99.04000091552734,1525400
2022-09-21,78.34602355957031,95.6500015258789,100.02999877929688,95.61000061035156,99.5,1790000
2022-09-22,75.5037841796875,92.18000030517578,95.79000091552734,91.73999786376953,95.58999633789062,2789000
2022-09-23,73.86559295654297,90.18000030517578,91.0,88.54000091552734,90.76000213623047,3334500
2022-09-26,71.55575561523438,87.36000061035156,89.4800033569336,86.0199966430664,89.38999938964844,3618400
2022-09-27,72.92363739013672,89.02999877929688,89.94999694824219,87.94000244140625,88.4000015258789,2611900
2022-09-28,75.79045104980469,92.52999877929688,92.97000122070312,89.4000015258789,90.52999877929688,2864600
2022-09-29,73.00554656982422,89.12999725341797,91.41999816894531,88.45999908447266,91.25,2924900
2022-09-30,73.51338958740234,89.75,90.51000213623047,88.41000366210938,89.6500015258789,3000300
2022-10-03,74.52086639404297,90.9800033569336,91.91000366210938,89.11000061035156,91.54000091552734,2247500
2022-10-04,78.5262222290039,95.87000274658203,95.93000030517578,92.33000183105469,92.33000183105469,2520100
2022-10-05,78.44429779052734,95.7699966430664,96.18000030517578,91.83000183105469,93.2699966430664,2246500
2022-10-06,77.55149841308594,94.68000030517578,96.3499984741211,94.16000366210938,95.2300033569336,1596100
2022-10-07,75.79864501953125,92.54000091552734,94.30999755859375,92.02999877929688,93.4800033569336,1811700
2022-10-10,75.79045104980469,92.52999877929688,94.01000213623047,92.08999633789062,93.44000244140625,1425700
2022-10-11,77.66617584228516,94.81999969482422,95.94000244140625,91.33000183105469,92.72000122070312,2178100
2022-10-12,76.732421875,93.68000030517578,94.75,92.79000091552734,94.5199966430664,1912200
2022-10-13,78.49344635009766,95.83000183105469,96.62999725341797,90.7699966430664,91.81999969482422,1788200
2022-10-14,78.51802062988281,95.86000061035156,97.98999786376953,95.13999938964844,97.0199966430664,2161700
2022-10-17,81.21284484863281,99.1500015258789,99.93000030517578,97.5999984741211,98.0,3178200
2022-10-18,80.81147003173828,98.66000366210938,101.06999969482422,97.33000183105469,100.1500015258789,2307700
2022-10-19,80.29545593261719,98.02999877929688,99.6500015258789,97.25,97.88999938964844,2128000
2022-10-20,80.52479553222656,98.30999755859375,100.94000244140625,98.19999694824219,98.83999633789062,2096500
2022-10-21,82.76091766357422,101.04000091552734,101.06999969482422,97.27999877929688,98.12000274658203,2364600
2022-10-24,83.8666763305664,102.38999938964844,102.86000061035156,100.02999877929688,101.55999755859375,1470400
2022-10-25,86.69254302978516,105.83999633789062,106.2699966430664,102.55000305175781,102.76000213623047,2379000
2022-10-26,86.43863677978516,105.52999877929688,106.69999694824219,105.12000274658203,105.73999786376953,1650200
2022-10-27,87.14303588867188,106.38999938964844,107.72000122070312,106.19000244140625,106.9000015258789,1463800
2022-10-28,89.24812316894531,108.95999908447266,109.11000061035156,105.55999755859375,105.94000244140625,1454000
2022-10-31,89.26451110839844,108.9800033569336,109.55999755859375,107.37000274658203,107.86000061035156,2144100
2022-11-01,93.24526977539062,113.83999633789062,114.5199966430664,109.45999908447266,110.0,2451000
2022-11-02,91.418701171875,111.61000061035156,115.3499984741211,111.4800033569336,113.41999816894531,3161100
2022-11-03,92.21321105957031,112.58000183105469,113.4000015258789,108.80999755859375,110.19000244140625,1563000
2022-11-04,94.66231536865234,115.56999969482422,115.80999755859375,112.62000274658203,114.1500015258789,1588700
2022-11-07,95.72713470458984,116.87000274658203,117.1500015258789,114.7699966430664,116.5,1522100
2022-11-08,94.53943634033203,115.41999816894531,117.47000122070312,114.63999938964844,116.86000061035156,1848600
2022-11-09,92.49170684814453,112.91999816894531,116.05999755859375,112.55999755859375,114.5999984741211,1740100
2022-11-10,98.32364654541016,120.04000091552734,121.29000091552734,117.4800033569336,117.7300033569336,2990900
2022-11-11,98.45470428466797,120.19999694824219,121.9800033569336,119.93000030517578,120.11000061035156,1999000
2022-11-14,96.26770782470703,117.52999877929688,119.56999969482422,117.51000213623047,118.94999694824219,1551600
2022-11-15,98.42193603515625,120.16000366210938,120.93000030517578,118.45999908447266,119.51000213623047,1692200
2022-11-16,94.67868041992188,115.58999633789062,119.05999755859375,115.5199966430664,118.98999786376953,1832500
2022-11-17,94.8425064086914,115.79000091552734,115.87000274658203,113.45999908447266,113.9800033569336,1817200
2022-11-18,96.57078552246094,117.9000015258789,118.4800033569336,116.75,118.0,1507700
2022-11-21,95.98104095458984,117.18000030517578,118.13999938964844,116.05999755859375,117.13999938964844,1315200
2022-11-22,97.78303527832031,119.37999725341797,119.66000366210938,117.47000122070312,117.93000030517578,1541600
2022-11-23,97.97142791748047,119.61000061035156,120.18000030517578,118.38999938964844,119.0,1116000
2022-11-25,98.86422729492188,120.69999694824219,120.69999694824219,119.70999908447266,119.97000122070312,548200
2022-11-28,94.81792449951172,115.76000213623047,120.11000061035156,115.5,119.80000305175781,1735800
2022-11-29,96.21038055419922,117.45999908447266,117.66999816894531,115.52999877929688,116.12000274658203,1765200
2022-11-30,97.83219146728516,119.44000244140625,119.69000244140625,116.43000030517578,117.33999633789062,2503100
2022-12-01,97.47996520996094,119.01000213623047,120.80000305175781,117.75,120.18000030517578,1848600
2022-12-02,97.75027465820312,119.33999633789062,120.02999877929688,117.5,117.61000061035156,1738100
2022-12-05,96.3987808227539,117.69000244140625,119.36000061035156,117.37999725341797,118.4800033569336,1455800
2022-12-06,96.86565399169922,118.26000213623047,119.05000305175781,116.70999908447266,118.1500015258789,2218400
2022-12-07,97.51275634765625,119.05000305175781,120.3499984741211,117.26000213623047,117.61000061035156,2318300
2022-12-08,97.40460968017578,117.12000274658203,118.6500015258789,116.55000305175781,118.47000122070312,1976400
2022-12-09,97.09690856933594,116.75,117.55999755859375,116.0999984741211,116.80000305175781,1162600
2022-12-12,98.65213012695312,118.62000274658203,118.7300033569336,115.55000305175781,116.75,1698000
2022-12-13,99.9994125366211,120.23999786376953,121.94999694824219,118.66999816894531,120.45999908447266,2386400
2022-12-14,99.55863952636719,119.70999908447266,121.80999755859375,118.9800033569336,120.37999725341797,1779900
2022-12-15,98.31114196777344,118.20999908447266,118.80999755859375,116.83000183105469,118.30999755859375,1928300
2022-12-16,96.73929595947266,116.31999969482422,116.91999816894531,114.8499984741211,116.08000183105469,3919600
2022-12-19,96.15711975097656,115.62000274658203,116.83000183105469,114.19000244140625,116.16999816894531,1368100
2022-12-20,96.19039916992188,115.66000366210938,116.01000213623047,113.80000305175781,115.0,1146300
2022-12-21,96.9305648803711,116.55000305175781,118.0999984741211,116.2699966430664,117.0,1335300
2022-12-22,96.77255249023438,116.36000061035156,116.44000244140625,114.05000305175781,115.4800033569336,1081600
2022-12-23,98.06163787841797,117.91000366210938,117.94999694824219,115.6500015258789,116.18000030517578,680200
2022-12-27,98.21965026855469,118.0999984741211,118.52999877929688,117.13999938964844,118.05999755859375,1234200
2022-12-28,95.69139099121094,115.05999755859375,118.88999938964844,114.83000183105469,118.33999633789062,983700
2022-12-29,97.57096099853516,117.31999969482422,117.66000366210938,115.33000183105469,115.94999694824219,972800
2022-12-30,97.70401000976562,117.4800033569336,117.86000061035156,115.72000122070312,116.55999755859375,1265300
2023-01-03,97.75391387939453,117.54000091552734,119.18000030517578,116.22000122070312,118.12999725341797,1313800
2023-01-04,100.76455688476562,121.16000366210938,122.30999755859375,118.01000213623047,118.81999969482422,1808700
2023-01-05,97.65410614013672,117.41999816894531,119.76000213623047,117.16999816894531,119.5999984741211,1390600
2023-01-06,98.86003112792969,118.87000274658203,119.52999877929688,117.77999877929688,117.81999969482422,1501000
2023-01-09,98.40261840820312,118.31999969482422,119.5999984741211,117.61000061035156,118.83000183105469,1474900
2023-01-10,97.18006896972656,116.8499984741211,117.77999877929688,115.44000244140625,117.61000061035156,1329100
2023-01-11,100.93087005615234,121.36000061035156,121.62999725341797,117.1500015258789,117.80000305175781,1660600
2023-01-12,104.781494140625,125.98999786376953,126.43000030517578,121.44999694824219,122.0,2304200
2023-01-13,104.43218994140625,125.56999969482422,126.12000274658203,124.16999816894531,124.30999755859375,1560400
2023-01-17,103.97477722167969,125.0199966430664,125.62000274658203,124.45999908447266,125.0,2021200
2023-01-18,101.67105865478516,122.25,125.86000061035156,121.94000244140625,125.61000061035156,1483900
2023-01-19,100.57327270507812,120.93000030517578,121.70999908447266,120.04000091552734,121.08999633789062,1274300
2023-01-20,102.83540344238281,123.6500015258789,123.8499984741211,120.41000366210938,121.68000030517578,1651900
2023-01-23,103.93318176269531,124.97000122070312,125.29000091552734,123.27999877929688,123.86000061035156,1097900
2023-01-24,104.33238220214844,125.44999694824219,125.6500015258789,123.19999694824219,124.93000030517578,1353500
2023-01-25,104.11617279052734,125.19000244140625,125.54000091552734,124.5,125.0,1016900
2023-01-26,105.06424713134766,126.33000183105469,126.41000366210938,124.87999725341797,125.94999694824219,1205800
2023-01-27,106.96045684814453,128.61000061035156,128.8800048828125,126.1500015258789,126.33999633789062,1480600
2023-01-30,104.74822998046875,125.94999694824219,128.85000610351562,125.88999938964844,127.45999908447266,1429900
2023-01-31,106.83570098876953,128.4600067138672,128.7100067138672,125.66999816894531,126.12999725341797,3802900
2023-02-01,107.22657775878906,128.92999267578125,129.9499969482422,126.87999725341797,127.9000015258789,1467100
2023-02-02,109.60514068603516,131.7899932861328,133.0800018310547,129.50999450683594,130.0,2066900
2023-02-03,107.95845031738281,129.80999755859375,130.2899932861328,128.1999969482422,130.00999450683594,1391800
2023-02-06,106.98539733886719,128.63999938964844,129.5500030517578,127.77999877929688,128.44000244140625,1379600
2023-02-07,104.7066421508789,125.9000015258789,127.8499984741211,123.20999908447266,127.8499984741211,2443100
2023-02-08,103.32608795166016,124.23999786376953,125.6500015258789,123.33999633789062,125.0999984741211,1614400
2023-02-09,103.46746063232422,124.41000366210938,125.79000091552734,124.0199966430664,125.37999725341797,1750000
2023-02-10,103.41755676269531,124.3499984741211,124.6500015258789,122.5,123.5999984741211,1171500
2023-02-13,104.6068344116211,125.77999877929688,125.8499984741211,124.16999816894531,124.5,1338400
2023-02-14,104.29911041259766,125.41000366210938,127.02999877929688,124.48999786376953,125.30999755859375,1387900
2023-02-15,104.390625,125.5199966430664,125.55000305175781,123.55999755859375,124.12999725341797,859700
2023-02-16,103.41755676269531,124.3499984741211,125.45999908447266,123.37000274658203,124.01000213623047,959500
2023-02-17,102.84370422363281,123.66000366210938,124.4800033569336,122.38999938964844,124.08999633789062,1292400
2023-02-21,100.31544494628906,120.62000274658203,122.86000061035156,120.05999755859375,122.22000122070312,1612400
2023-02-22,100.71465301513672,121.0999984741211,122.08000183105469,120.37999725341797,121.25,1399500
2023-02-23,101.71263885498047,122.30000305175781,123.08999633789062,120.97000122070312,122.27999877929688,1053000
2023-02-24,101.3217544555664,121.83000183105469,122.52999877929688,120.29000091552734,120.55000305175781,1047600
2023-02-27,101.88728332519531,122.51000213623047,124.13999938964844,121.98999786376953,123.41999816894531,1330200
2023-02-28,101.53797149658203,122.08999633789062,124.08000183105469,122.01000213623047,122.56999969482422,2118700
2023-03-01,100.83939361572266,121.25,122.13999938964844,119.3499984741211,122.13999938964844,1655500
2023-03-02,102.17005920410156,122.8499984741211,123.01000213623047,120.19000244140625,120.45999908447266,1277700
2023-03-03,103.1930160522461,124.08000183105469,124.43000030517578,122.7300033569336,123.76000213623047,1060900
2023-03-06,103.00172424316406,123.8499984741211,125.30999755859375,123.5199966430664,124.44000244140625,779000
2023-03-07,100.30713653564453,120.61000061035156,124.08000183105469,119.73999786376953,123.77999877929688,1376100
2023-03-08,101.61283874511719,122.18000030517578,122.58000183105469,120.8499984741211,120.87999725341797,1244200
2023-03-09,99.01300811767578,117.30000305175781,120.5999984741211,117.19000244140625,120.5,1054200
2023-03-10,94.11723327636719,111.5,117.0,111.12999725341797,117.0,2845600
2023-03-13,94.0497055053711,111.41999816894531,113.33999633789062,108.55000305175781,109.88999938964844,2279900
2023-03-14,94.7081069946289,112.19999694824219,115.48999786376953,111.02999877929688,114.02999877929688,2467000
2023-03-15,92.58940887451172,109.69000244140625,110.20999908447266,107.6500015258789,109.93000030517578,2499900
2023-03-16,92.17579650878906,109.19999694824219,110.48999786376953,105.79000091552734,108.23999786376953,2496700
2023-03-17,88.04813385009766,104.30999755859375,108.26000213623047,104.2300033569336,108.26000213623047,3489000
2023-03-20,90.4200668334961,107.12000274658203,107.56999969482422,104.4800033569336,105.2300033569336,2393000
2023-03-21,92.10828399658203,109.12000274658203,110.73999786376953,108.68000030517578,108.77999877929688,2114000
2023-03-22,88.04813385009766,104.30999755859375,108.52999877929688,104.2300033569336,108.08999633789062,1648900
2023-03-23,86.41902160644531,102.37999725341797,105.73999786376953,101.55000305175781,104.69999694824219,2180300
2023-03-24,87.3475341796875,103.4800033569336,103.62999725341797,100.31999969482422,101.36000061035156,2022700
2023-03-27,87.19561767578125,103.30000305175781,105.19999694824219,102.93000030517578,105.0,2225600
2023-03-28,87.9130859375,104.1500015258789,104.52999877929688,102.20999908447266,102.93000030517578,1190500
2023-03-29,89.97270202636719,106.58999633789062,107.08999633789062,105.45999908447266,105.93000030517578,1580100
2023-03-30,90.79146575927734,107.55999755859375,108.5,106.83999633789062,107.94999694824219,1438800
2023-03-31,94.51395416259766,111.97000122070312,112.08999633789062,108.20999908447266,108.20999908447266,3298500
2023-04-03,94.89379119873047,112.41999816894531,113.80999755859375,111.05000305175781,112.5199966430664,2154700
2023-04-04,93.95684814453125,111.30999755859375,112.73999786376953,110.1500015258789,112.5999984741211,1228000
2023-04-05,92.80888366699219,109.94999694824219,111.0,108.80999755859375,110.52999877929688,1563400
2023-04-06,92.65693664550781,109.7699966430664,110.56999969482422,108.7300033569336,110.30999755859375,1145100
2023-04-10,92.47967529296875,109.55999755859375,110.23999786376953,107.91999816894531,109.4800033569336,1098800
2023-04-11,92.98612976074219,110.16000366210938,111.05999755859375,109.33999633789062,110.41000366210938,1106500
2023-04-12,92.4374771118164,109.51000213623047,111.55000305175781,109.33999633789062,111.4000015258789,1317700
2023-04-13,91.95633697509766,108.94000244140625,109.51000213623047,107.80000305175781,109.33999633789062,1244500
2023-04-14,90.79146575927734,107.55999755859375,110.52999877929688,106.6500015258789,109.56999969482422,1803800
2023-04-17,93.9906234741211,111.3499984741211,111.36000061035156,107.91999816894531,108.0199966430664,1464800
2023-04-18,93.94840240478516,111.30000305175781,112.05999755859375,110.75,111.69000244140625,984800
2023-04-19,94.58992004394531,112.05999755859375,112.48999786376953,109.9800033569336,110.30999755859375,1070900
2023-04-20,93.50104522705078,110.7699966430664,111.56999969482422,109.87999725341797,111.16000366210938,998100
2023-04-21,93.40819549560547,110.66000366210938,111.26000213623047,109.79000091552734,111.18000030517578,770400
2023-04-24,93.04521179199219,110.2300033569336,110.97000122070312,108.81999969482422,110.77999877929688,854200
2023-04-25,92.19267272949219,109.22000122070312,109.87000274658203,108.51000213623047,109.27999877929688,809300
2023-04-26,91.44986724853516,108.33999633789062,110.05000305175781,107.62999725341797,109.23999786376953,966400
2023-04-27,93.3575439453125,110.5999984741211,111.16999816894531,108.44999694824219,108.66999816894531,970000
2023-04-28,95.65349578857422,113.31999969482422,113.66000366210938,110.54000091552734,110.54000091552734,1430200
2023-05-01,95.79698944091797,113.48999786376953,114.94999694824219,113.0,113.0,1332500
2023-05-02,94.58150482177734,112.05000305175781,112.94999694824219,109.63999938964844,112.51000213623047,1700400
2023-05-03,90.81680297851562,107.58999633789062,113.0,107.36000061035156,113.0,2092300
2023-05-04,91.03627014160156,107.8499984741211,108.19999694824219,105.81999969482422,107.4000015258789,1621200
2023-05-05,92.47122955322266,109.55000305175781,110.4000015258789,108.58000183105469,109.3499984741211,1340700
2023-05-08,91.16287231445312,108.0,109.72000122070312,107.88999938964844,109.25,1149600
2023-05-09,89.8882827758789,106.48999786376953,107.54000091552734,104.87999725341797,107.30000305175781,1434700
2023-05-10,89.92204284667969,106.52999877929688,107.69999694824219,105.05000305175781,107.29000091552734,1364700
2023-05-11,89.68569946289062,106.25,106.62000274658203,104.68000030517578,105.44999694824219,1177900
2023-05-12,89.77010345458984,106.3499984741211,106.7300033569336,105.5999984741211,106.41999816894531,1010000
2023-05-15,90.25968933105469,106.93000030517578,107.52999877929688,105.88999938964844,106.62000274658203,936200
2023-05-16,87.55858612060547,103.7300033569336,107.0199966430664,103.69999694824219,106.87999725341797,1472800
2023-05-17,89.72791290283203,106.30000305175781,106.44000244140625,103.83999633789062,104.83000183105469,1212600
2023-05-18,89.08639526367188,105.54000091552734,106.69999694824219,104.97000122070312,105.98999786376953,1394400
2023-05-19,88.9344482421875,105.36000061035156,107.11000061035156,104.41000366210938,106.5199966430664,1615900
2023-05-22,89.45780181884766,105.9800033569336,106.0,104.37999725341797,105.1500015258789,1338400
2023-05-23,87.89620208740234,104.12999725341797,106.79000091552734,104.04000091552734,106.05000305175781,1329900
2023-05-24,86.23332977294922,102.16000366210938,103.81999969482422,101.94000244140625,103.5,1107800
2023-05-25,85.4652099609375,101.25,102.33999633789062,100.16999816894531,102.12999725341797,1391100
2023-05-26,86.40216827392578,102.36000061035156,102.58000183105469,100.9000015258789,101.4000015258789,1057500
2023-05-30,87.37286376953125,103.51000213623047,103.86000061035156,102.6500015258789,102.9800033569336,1135100
2023-05-31,88.75719451904297,105.1500015258789,105.44000244140625,103.22000122070312,103.44999694824219,3061900
2023-06-01,87.2800064086914,103.4000015258789,105.33999633789062,102.69999694824219,105.2300033569336,1413000
2023-06-02,89.90516662597656,106.51000213623047,107.20999908447266,104.93000030517578,105.05999755859375,1517300
2023-06-05,89.93891906738281,106.55000305175781,107.81999969482422,106.37000274658203,106.70999908447266,1145900
2023-06-06,92.15046691894531,109.16999816894531,109.5999984741211,106.47000122070312,106.69999694824219,1295500
2023-06-07,95.13015747070312,112.69999694824219,113.19999694824219,109.08000183105469,109.98999786376953,1832400
2023-06-08,94.15180969238281,109.70999908447266,110.4800033569336,108.23999786376953,110.11000061035156,1295300
2023-06-09,95.00141906738281,110.69999694824219,111.01000213623047,109.33999633789062,109.69000244140625,1093700
2023-06-12,94.3663558959961,109.95999908447266,111.69999694824219,109.11000061035156,111.0,1480200
2023-06-13,95.22454071044922,110.95999908447266,112.08999633789062,109.69999694824219,110.12000274658203,1530900
2023-06-14,95.17306518554688,110.9000015258789,112.44999694824219,109.77999877929688,111.77999877929688,1529800
2023-06-15,95.19023132324219,110.91999816894531,110.94999694824219,109.58000183105469,110.4800033569336,1409300
2023-06-16,96.7950439453125,112.79000091552734,113.29000091552734,110.86000061035156,112.2300033569336,3047300
2023-06-20,95.02718353271484,110.7300033569336,112.4800033569336,110.08000183105469,112.4800033569336,1793000
2023-06-21,95.02718353271484,110.7300033569336,111.38999938964844,109.6500015258789,110.23999786376953,1539700
2023-06-22,93.61115264892578,109.08000183105469,110.91999816894531,107.7300033569336,110.7699966430664,1167200
2023-06-23,92.461181640625,107.73999786376953,108.63999938964844,106.66000366210938,108.0,3287400
2023-06-26,95.31895446777344,111.06999969482422,111.1500015258789,107.04000091552734,107.55999755859375,1567600
2023-06-27,97.03531646728516,113.06999969482422,113.29000091552734,110.33999633789062,111.05000305175781,1348700
2023-06-28,96.7950439453125,112.79000091552734,113.27999877929688,111.68000030517578,113.19000244140625,1394400
2023-06-29,98.48565673828125,114.76000213623047,114.76000213623047,112.0,112.31999969482422,1304700
2023-06-30,99.10356140136719,115.4800033569336,116.86000061035156,113.95999908447266,116.23999786376953,3148100
2023-07-03,100.44233703613281,117.04000091552734,117.7300033569336,114.98999786376953,115.08999633789062,1032700
2023-07-05,101.44641876220703,118.20999908447266,119.0199966430664,115.55999755859375,116.3499984741211,1748000
2023-07-06,102.210205078125,119.0999984741211,119.22000122070312,116.68000030517578,117.63999938964844,1855200
2023-07-07,101.73818969726562,118.55000305175781,119.55999755859375,117.87000274658203,118.08999633789062,1440200
2023-07-10,103.79784393310547,120.94999694824219,121.0199966430664,118.22000122070312,118.68000030517578,1456600
2023-07-11,105.56573486328125,123.01000213623047,123.27999877929688,120.87999725341797,121.52999877929688,1649600
2023-07-12,105.07654571533203,122.44000244140625,124.63999938964844,122.4000015258789,124.38999938964844,1955300
2023-07-13,104.5616226196289,121.83999633789062,122.5,121.0199966430664,122.41999816894531,1601800
2023-07-14,104.08104705810547,121.27999877929688,121.66999816894531,120.27999877929688,121.51000213623047,905600
2023-07-17,104.39856719970703,121.6500015258789,121.9800033569336,119.81999969482422,120.30999755859375,1188200
2023-07-18,104.2870101928711,121.5199966430664,122.05000305175781,120.69000244140625,121.12999725341797,1325200
2023-07-19,105.90899658203125,123.41000366210938,124.16000366210938,121.95999908447266,122.0,1377900
2023-07-20,106.20077514648438,123.75,123.97000122070312,121.91999816894531,123.33999633789062,1186100
2023-07-21,106.11495971679688,123.6500015258789,124.87999725341797,123.44999694824219,124.16999816894531,1131500
2023-07-24,106.76718139648438,124.41000366210938,124.8499984741211,123.45999908447266,123.68000030517578,1021300
2023-07-25,106.14927673339844,123.69000244140625,125.31999969482422,123.6500015258789,124.91999816894531,1213600
2023-07-26,106.56121063232422,124.16999816894531,124.70999908447266,123.05000305175781,123.45999908447266,989200
2023-07-27,105.55714416503906,123.0,125.55999755859375,122.9800033569336,124.97000122070312,1412400
2023-07-28,106.82725524902344,124.4800033569336,124.80999755859375,123.55000305175781,124.26000213623047,1069200
2023-07-31,106.93022918701172,124.5999984741211,125.54000091552734,123.9800033569336,124.4800033569336,1301400
2023-08-01,107.65110778808594,125.44000244140625,125.68000030517578,124.01000213623047,124.44000244140625,1406600
2023-08-02,106.4668197631836,124.05999755859375,124.5999984741211,123.45999908447266,124.20999908447266,1107100
2023-08-03,101.58372497558594,118.37000274658203,119.68000030517578,114.1500015258789,118.62999725341797,2965500
2023-08-04,101.51506042480469,118.29000091552734,120.87999725341797,117.63999938964844,118.79000091552734,1537400
2023-08-07,102.69078826904297,119.66000366210938,119.94999694824219,118.36000061035156,118.52999877929688,1048700
2023-08-08,102.12439727783203,119.0,119.5999984741211,117.86000061035156,118.56999969482422,889800
2023-08-09,101.95275115966797,118.80000305175781,119.55000305175781,118.11000061035156,118.83000183105469,1002900
2023-08-10,101.99564361572266,118.8499984741211,120.43000030517578,118.30999755859375,119.55000305175781,1185300
2023-08-11,102.0128173828125,118.87000274658203,119.0,117.69000244140625,117.83999633789062,884800
2023-08-14,102.14154815673828,119.0199966430664,119.54000091552734,118.19000244140625,118.23999786376953,792300
2023-08-15,101.15463256835938,117.87000274658203,118.51000213623047,117.02999877929688,117.76000213623047,842300
2023-08-16,99.21512603759766,115.61000061035156,117.91999816894531,115.56999969482422,117.91999816894531,1172900
2023-08-17,97.962158203125,114.1500015258789,116.62000274658203,114.08999633789062,115.87999725341797,1193700
2023-08-18,99.20655059814453,115.5999984741211,115.94000244140625,113.27999877929688,113.5,1170300
2023-08-21,96.73497009277344,112.72000122070312,116.0,112.5999984741211,115.52999877929688,1417800
2023-08-22,95.19879150390625,110.93000030517578,113.54000091552734,110.81999969482422,113.54000091552734,1753600
2023-08-23,95.80812072753906,111.63999938964844,112.37000274658203,110.55999755859375,111.16999816894531,1991700
2023-08-24,94.96710205078125,110.66000366210938,112.52999877929688,110.3499984741211,111.62000274658203,1751500
2023-08-25,95.02718353271484,110.7300033569336,111.38999938964844,109.91000366210938,110.91000366210938,1080900
2023-08-28,95.8338623046875,111.66999816894531,112.75,111.12000274658203,111.12000274658203,900400
2023-08-29,97.4300765991211,113.52999877929688,113.58999633789062,111.0,111.68000030517578,1085900
2023-08-30,97.41292572021484,113.51000213623047,114.31999969482422,112.63999938964844,113.55000305175781,774600
2023-08-31,97.39576721191406,113.48999786376953,113.86000061035156,112.79000091552734,113.41999816894531,1573400
2023-09-01,98.61438751220703,114.91000366210938,115.20999908447266,114.33000183105469,114.36000061035156,1306000
2023-09-05,98.64014434814453,114.94000244140625,115.56999969482422,114.38999938964844,114.80000305175781,2187400
2023-09-06,99.33526611328125,115.75,115.95999908447266,114.25,114.37000274658203,1921600
2023-09-07,99.85877227783203,114.44999694824219,114.86000061035156,113.1500015258789,113.66999816894531,1581900
2023-09-08,100.00709533691406,114.62000274658203,114.75,113.91000366210938,114.44999694824219,1022500
2023-09-11,100.1117935180664,114.73999786376953,115.3499984741211,114.11000061035156,114.73999786376953,1349900
2023-09-12,100.75746154785156,115.4800033569336,116.08000183105469,114.16999816894531,114.25,1314000
2023-09-13,100.13796997070312,114.7699966430664,115.5199966430664,114.2699966430664,115.5199966430664,1451900
2023-09-14,102.41522216796875,117.37999725341797,117.6500015258789,115.51000213623047,115.70999908447266,1627000
2023-09-15,101.56890869140625,116.41000366210938,117.3499984741211,116.2300033569336,117.26000213623047,2880800
2023-09-18,99.68427276611328,114.25,116.3499984741211,114.23999786376953,116.33000183105469,1334700
2023-09-19,99.6929931640625,114.26000213623047,114.8499984741211,113.54000091552734,114.01000213623047,1130500
2023-09-20,99.2567367553711,113.76000213623047,115.98999786376953,113.7300033569336,115.31999969482422,1560600
2023-09-21,97.40703582763672,111.63999938964844,113.6500015258789,111.58999633789062,113.05999755859375,2385700
2023-09-22,97.44192504882812,111.68000030517578,112.87999725341797,111.36000061035156,111.87000274658203,1585600
2023-09-25,97.83454132080078,112.12999725341797,112.66000366210938,110.91999816894531,111.22000122070312,1576500
2023-09-26,95.2344741821289,109.1500015258789,111.47000122070312,109.02999877929688,111.02999877929688,2228000
2023-09-27,94.3968734741211,108.19000244140625,110.37999725341797,108.08000183105469,109.58000183105469,2376000
2023-09-28,94.95526123046875,108.83000183105469,109.06999969482422,107.72000122070312,108.66000366210938,1984000
2023-09-29,94.25726318359375,108.02999877929688,110.68000030517578,107.0999984741211,110.1500015258789,2228800
2023-10-02,91.29071807861328,104.62999725341797,108.19999694824219,104.27999877929688,107.5,2077700
2023-10-03,90.19136810302734,103.37000274658203,104.44999694824219,102.11000061035156,104.0,2202500
2023-10-04,91.12496185302734,104.44000244140625,104.61000061035156,102.77999877929688,103.87000274658203,1295900
2023-10-05,91.21220397949219,104.54000091552734,104.87999725341797,103.5999984741211,104.16000366210938,1083500
2023-10-06,91.0987777709961,104.41000366210938,105.3499984741211,102.81999969482422,103.7699966430664,1123800
2023-10-09,91.99746704101562,105.44000244140625,105.83999633789062,103.36000061035156,103.69000244140625,882100
2023-10-10,92.61695098876953,106.1500015258789,107.0199966430664,105.0199966430664,105.44000244140625,1019100
2023-10-11,94.51901245117188,108.33000183105469,108.61000061035156,107.0999984741211,107.11000061035156,1479000
2023-10-12,93.66395568847656,107.3499984741211,108.08999633789062,106.80000305175781,108.05000305175781,1604400
2023-10-13,93.38475036621094,107.02999877929688,108.0199966430664,106.38999938964844,107.88999938964844,1499600
2023-10-16,94.51901245117188,108.33000183105469,108.93000030517578,107.12000274658203,108.0,1235800
2023-10-17,96.10698699951172,110.1500015258789,110.87999725341797,107.69000244140625,107.69000244140625,1470500
2023-10-18,94.71096801757812,108.55000305175781,109.68000030517578,108.36000061035156,109.51000213623047,1294700
2023-10-19,92.92233276367188,106.5,109.0,106.43000030517578,107.98999786376953,1571600
2023-10-20,92.61695098876953,106.1500015258789,107.4000015258789,106.08000183105469,106.91999816894531,1506700
2023-10-23,91.79678344726562,105.20999908447266,106.68000030517578,104.83000183105469,105.25,1560600
2023-10-24,92.45989227294922,105.97000122070312,107.30000305175781,105.76000213623047,106.1500015258789,1521500
2023-10-25,91.59611511230469,104.9800033569336,105.9800033569336,104.76000213623047,105.7300033569336,1465200
2023-10-26,92.7652816772461,106.31999969482422,107.19000244140625,105.08000183105469,105.08000183105469,1388500
2023-10-27,91.21220397949219,104.54000091552734,106.66999816894531,104.05000305175781,106.66999816894531,1744800
2023-10-30,91.9014892578125,105.33000183105469,106.69000244140625,104.23999786376953,105.56999969482422,1458400
2023-10-31,95.88013458251953,109.88999938964844,110.0999984741211,104.93000030517578,106.41000366210938,2384200
2023-11-01,98.1486587524414,112.48999786376953,112.83999633789062,109.95999908447266,110.98999786376953,2080800
2023-11-02,101.0715560913086,115.83999633789062,116.33999633789062,114.06999969482422,114.25,2049500
2023-11-03,102.86021423339844,117.88999938964844,119.81999969482422,117.69000244140625,118.02999877929688,1956400
2023-11-06,102.15349578857422,117.08000183105469,117.9000015258789,116.19000244140625,117.83999633789062,1225500
2023-11-07,100.54805755615234,115.23999786376953,116.87999725341797,114.44999694824219,116.87999725341797,1661200
2023-11-08,100.72256469726562,115.44000244140625,115.95999908447266,114.88999938964844,115.6500015258789,911300
2023-11-09,99.28292083740234,113.79000091552734,115.9000015258789,113.41999816894531,115.9000015258789,1204700
2023-11-10,100.62659454345703,115.33000183105469,115.54000091552734,113.4000015258789,114.80000305175781,906900
2023-11-13,100.809814453125,115.54000091552734,115.70999908447266,113.45999908447266,114.56999969482422,1321700
2023-11-14,105.39049530029297,120.79000091552734,122.52999877929688,118.5999984741211,118.62000274658203,2105700
2023-11-15,105.17236328125,120.54000091552734,121.37000274658203,119.70999908447266,120.5,1623400
2023-11-16,105.06766510009766,120.41999816894531,120.80000305175781,119.72000122070312,120.5999984741211,1271600
2023-11-17,106.16703033447266,121.68000030517578,121.77999877929688,120.63999938964844,121.33999633789062,1121300
2023-11-20,107.1006088256836,122.75,122.88999938964844,120.43000030517578,121.61000061035156,1283500
2023-11-21,106.22810363769531,121.75,122.16000366210938,121.08999633789062,122.16000366210938,1213700
2023-11-22,105.66095733642578,121.0999984741211,122.70999908447266,120.5,122.70999908447266,1190200
2023-11-24,105.43411254882812,120.83999633789062,121.5,119.95999908447266,121.19999694824219,767600
2023-11-27,106.19319152832031,121.70999908447266,122.19000244140625,119.91999816894531,120.83999633789062,1027500
2023-11-28,106.5334701538086,122.0999984741211,122.38999938964844,120.5,121.5,1149700
2023-11-29,107.10934448242188,122.76000213623047,124.51000213623047,122.58000183105469,123.16999816894531,1151700
2023-11-30,108.96778106689453,124.88999938964844,125.08999633789062,122.5,122.5199966430664,2300500
2023-12-01,112.39675903320312,128.82000732421875,128.91000366210938,124.63999938964844,125.04000091552734,1833600
2023-12-04,114.16796112060547,130.85000610351562,130.92999267578125,127.5999984741211,128.1199951171875,1920900
2023-12-05,114.10686492919922,130.77999877929688,131.02000427246094,129.41000366210938,129.89999389648438,1668700
2023-12-06,114.93574523925781,131.72999572753906,132.97999572753906,131.2100067138672,131.39999389648438,1769800
2023-12-07,116.28137969970703,131.35000610351562,131.44000244140625,129.0800018310547,130.0,1983700
2023-12-08,117.6358642578125,132.8800048828125,132.91000366210938,130.35000610351562,130.80999755859375,1394100
2023-12-11,119.3178939819336,134.77999877929688,134.80999755859375,132.24000549316406,132.5,1452900
2023-12-12,119.06116485595703,134.49000549316406,135.1199951171875,134.17999267578125,134.41000366210938,1330500
2023-12-13,123.28390502929688,139.25999450683594,139.61000061035156,133.11000061035156,134.49000549316406,2192300
2023-12-14,129.76416015625,146.5800018310547,146.58999633789062,140.52000427246094,140.7100067138672,2874700
2023-12-15,127.79000091552734,144.35000610351562,146.41000366210938,143.42999267578125,145.55999755859375,3723300
2023-12-18,127.14373779296875,143.6199951171875,145.25999450683594,143.25999450683594,145.25999450683594,1425900
2023-12-19,128.50706481933594,145.16000366210938,145.85000610351562,143.5,143.91000366210938,1318900
2023-12-20,127.57752990722656,144.11000061035156,146.91000366210938,144.02999877929688,145.16000366210938,1215800
2023-12-21,125.90435791015625,142.22000122070312,145.19000244140625,141.0500030517578,145.07000732421875,2114000
2023-12-22,125.97515106201172,142.3000030517578,143.35000610351562,141.97999572753906,142.39999389648438,1191500
2023-12-26,127.1791763305664,143.66000366210938,143.88999938964844,142.0,142.3000030517578,786300
2023-12-27,127.18801879882812,143.6699981689453,144.38999938964844,143.0800018310547,143.86000061035156,1185300
2023-12-28,127.72803497314453,144.27999877929688,144.35000610351562,142.8300018310547,143.0,997500
2023-12-29,126.27617645263672,142.63999938964844,144.11000061035156,142.3800048828125,143.69000244140625,1227800
2024-01-02,126.62140655517578,143.02999877929688,144.02999877929688,141.0,141.97999572753906,1162900
2024-01-03,124.01871490478516,140.08999633789062,142.0,139.36000061035156,141.5800018310547,1248500
2024-01-04,124.16919708251953,140.25999450683594,141.41000366210938,139.47000122070312,140.0399932861328,1162300
2024-01-05,124.51448059082031,140.64999389648438,141.9499969482422,138.75999450683594,139.5500030517578,1187200
2024-01-08,125.97515106201172,142.3000030517578,142.5,140.25999450683594,140.9199981689453,1232800
2024-01-09,125.84237670898438,142.14999389648438,142.3800048828125,140.25,141.00999450683594,897800
2024-01-10,128.0821533203125,144.67999267578125,145.3000030517578,142.3800048828125,142.52999877929688,1675700
2024-01-11,127.8165512084961,144.3800048828125,145.25,142.72999572753906,143.77999877929688,1554900
2024-01-12,129.79957580566406,146.6199951171875,146.6300048828125,144.44000244140625,145.5,1641900
2024-01-16,128.83462524414062,145.52999877929688,146.52000427246094,144.6300048828125,145.6300048828125,1934700
2024-01-17,125.81581115722656,142.1199951171875,145.83999633789062,140.88999938964844,143.6300048828125,1591800
2024-01-18,125.55911254882812,141.8300018310547,142.97000122070312,139.91000366210938,142.4600067138672,1214600
2024-01-19,125.37318420410156,141.6199951171875,142.5399932861328,140.19000244140625,142.44000244140625,1550500
2024-01-22,125.7273178100586,142.02000427246094,143.9499969482422,141.86000061035156,142.8300018310547,1611800
2024-01-23,126.24076843261719,142.60000610351562,143.5,141.08999633789062,142.7100067138672,1138600
2024-01-24,125.25809478759766,141.49000549316406,144.1199951171875,140.85000610351562,144.08999633789062,1364600
2024-01-25,126.44437408447266,142.8300018310547,143.91000366210938,141.77000427246094,143.50999450683594,1139000
2024-01-26,125.67418670654297,141.9600067138672,143.27999877929688,141.72999572753906,143.1999969482422,1010300
2024-01-29,125.47056579589844,141.72999572753906,141.86000061035156,140.2100067138672,141.86000061035156,1305400
2024-01-30,123.2662124633789,139.24000549316406,141.52000427246094,139.22000122070312,141.2899932861328,2234500
2024-01-31,122.70849609375,138.61000061035156,140.58999633789062,137.58999633789062,139.6999969482422,2292600
2024-02-01,123.40786743164062,139.39999389648438,139.4199981689453,136.74000549316406,138.32000732421875,2139500
2024-02-02,122.11534881591797,137.94000244140625,138.99000549316406,135.47999572753906,137.3800048828125,2028700
2024-02-05,121.09729766845703,136.7899932861328,138.02000427246094,135.14999389648438,136.36000061035156,2333000
2024-02-06,126.94011688232422,143.38999938964844,144.75999450683594,137.25,137.49000549316406,3199700
2024-02-07,126.98439025878906,143.44000244140625,144.69000244140625,142.4499969482422,144.0,1803100
2024-02-08,127.56868743896484,144.10000610351562,144.6699981689453,141.7899932861328,143.05999755859375,1226900
2024-02-09,130.07403564453125,146.92999267578125,147.3699951171875,144.05999755859375,145.27000427246094,2222400
2024-02-12,128.98512268066406,145.6999969482422,147.49000549316406,145.11000061035156,146.99000549316406,1554500
2024-02-13,127.0551986694336,143.52000427246094,143.5500030517578,140.3000030517578,142.49000549316406,1567200
2024-02-14,126.47093200683594,142.86000061035156,144.4199981689453,141.83999633789062,144.0500030517578,1454000
2024-02-15,131.02125549316406,148.0,148.55999755859375,144.16000366210938,144.16000366210938,1474900
2024-02-16,132.75640869140625,149.9600067138672,150.66000366210938,145.8699951171875,146.22999572753906,1792800
2024-02-20,131.8180389404297,148.89999389648438,150.25,147.94000244140625,149.10000610351562,1221900
2024-02-21,133.03968811035156,150.27999877929688,150.9199981689453,148.17999267578125,149.14999389648438,1038300
2024-02-22,134.12857055664062,151.50999450683594,153.11000061035156,150.00999450683594,150.97000122070312,1658300
2024-02-23,133.10165405273438,150.35000610351562,151.75,150.33999633789062,151.42999267578125,854900
2024-02-26,132.37576293945312,149.52999877929688,151.6199951171875,149.5,150.38999938964844,1108900
2024-02-27,132.52622985839844,149.6999969482422,151.8699951171875,149.19000244140625,150.27999877929688,1250900
2024-02-28,132.66790771484375,149.86000061035156,151.1199951171875,148.32000732421875,148.99000549316406,1613300
2024-02-29,131.1452178955078,148.13999938964844,151.3699951171875,147.1699981689453,151.1699981689453,3365300
2024-03-01,133.18133544921875,150.44000244140625,150.6999969482422,146.3300018310547,147.94000244140625,1240500
2024-03-04,134.92535400390625,152.41000366210938,152.72999572753906,149.89999389648438,150.44000244140625,1440800
2024-03-05,132.66790771484375,149.86000061035156,153.5,149.49000549316406,151.77999877929688,1696200
2024-03-06,134.8456573486328,152.32000732421875,152.74000549316406,150.02000427246094,150.58999633789062,1863300
2024-03-07,134.2448272705078,149.6999969482422,151.3300018310547,147.91000366210938,150.99000549316406,1878700
2024-03-08,135.374755859375,150.9600067138672,151.89999389648438,150.10000610351562,150.50999450683594,1044600
2024-03-11,134.3345489501953,149.8000030517578,151.6699981689453,148.07000732421875,150.61000061035156,1237500
2024-03-12,135.05194091796875,150.60000610351562,151.4199981689453,149.5399932861328,149.8000030517578,2038100
2024-03-13,135.8500518798828,151.49000549316406,153.2100067138672,149.91000366210938,150.55999755859375,1161800
2024-03-14,133.93994140625,149.36000061035156,150.89999389648438,147.85000610351562,150.6199951171875,1549900
2024-03-15,135.20436096191406,150.77000427246094,151.27000427246094,148.2899932861328,148.2899932861328,2985200
2024-03-18,136.26255798339844,151.9499969482422,152.25,150.6300048828125,151.0,1152900
2024-03-19,138.19058227539062,154.10000610351562,154.2100067138672,152.25,152.5,1536300
2024-03-20,139.3563690185547,155.39999389648438,155.80999755859375,153.0,153.1999969482422,1995300
2024-03-21,139.72402954101562,155.80999755859375,157.82000732421875,154.8300018310547,156.1999969482422,1451700
2024-03-22,136.1818389892578,151.86000061035156,156.07000732421875,151.72999572753906,155.80999755859375,1367000
2024-03-25,135.46444702148438,151.05999755859375,153.4499969482422,150.9600067138672,152.63999938964844,1084400
2024-03-26,135.11468505859375,150.6699981689453,152.47999572753906,150.66000366210938,151.33999633789062,1475700
2024-03-27,138.3968505859375,154.3300018310547,154.36000061035156,151.72000122070312,152.1999969482422,1330000
2024-03-28,140.33384704589844,156.49000549316406,156.86000061035156,154.6999969482422,154.7899932861328,1904800
2024-04-01,137.6345672607422,153.47999572753906,156.25,153.00999450683594,156.0800018310547,928800
2024-04-02,134.5497283935547,150.0399932861328,152.38999938964844,149.39999389648438,152.25999450683594,1595700
2024-04-03,134.2896728515625,149.75,150.88999938964844,149.39999389648438,150.0800018310547,1253000
2024-04-04,132.67550659179688,147.9499969482422,151.75,147.4199981689453,151.0,1172800
2024-04-05,134.64837646484375,150.14999389648438,150.57000732421875,147.6699981689453,148.02000427246094,918000
2024-04-08,134.83670043945312,150.36000061035156,150.66000366210938,149.25999450683594,150.3000030517578,1000000
2024-04-09,134.68426513671875,150.19000244140625,151.0800018310547,147.86000061035156,150.50999450683594,1008000
2024-04-10,130.5232696533203,145.5500030517578,147.0,144.55999755859375,146.27999877929688,1474600
2024-04-11,131.69805908203125,146.86000061035156,148.1999969482422,144.64999389648438,146.47999572753906,1333600
2024-04-12,129.8596954345703,144.80999755859375,146.75,143.82000732421875,146.13999938964844,1128000
2024-04-15,127.68950653076172,142.38999938964844,146.24000549316406,141.36000061035156,146.24000549316406,1237700
2024-04-16,125.86016082763672,140.35000610351562,142.07000732421875,139.5399932861328,141.94000244140625,1301600
2024-04-17,126.38925170898438,140.94000244140625,142.19000244140625,140.1300048828125,140.9600067138672,1019700
2024-04-18,125.87808227539062,140.3699951171875,142.05999755859375,140.0,141.66000366210938,1046100
2024-04-19,125.94084167480469,140.44000244140625,141.5,139.8300018310547,141.33999633789062,1116100
2024-04-22,127.70746612548828,142.41000366210938,143.47999572753906,140.13999938964844,141.0,984400
2024-04-23,128.93603515625,143.77999877929688,144.47000122070312,142.50999450683594,142.50999450683594,877400
2024-04-24,128.06617736816406,142.80999755859375,143.72999572753906,141.6199951171875,143.10000610351562,1110000
2024-04-25,127.99442291259766,142.72999572753906,143.72000122070312,140.58999633789062,141.24000549316406,1741000
2024-04-26,127.66265869140625,142.36000061035156,144.4600067138672,142.30999755859375,143.0500030517578,1026200
2024-04-29,129.8776397705078,144.8300018310547,144.83999633789062,142.6999969482422,143.83999633789062,1111000
2024-04-30,126.02154541015625,140.52999877929688,144.50999450683594,140.22999572753906,143.3300018310547,1835400
2024-05-01,125.7076644897461,140.17999267578125,142.82000732421875,139.25,140.33999633789062,1355900
2024-05-02,126.765869140625,141.36000061035156,141.99000549316406,139.30999755859375,141.5500030517578,1829400
2024-05-03,128.1737823486328,142.92999267578125,144.47000122070312,141.88999938964844,143.0,1257400
2024-05-06,129.52786254882812,144.44000244140625,145.4499969482422,143.5,144.27999877929688,1598800
2024-05-07,132.67550659179688,147.9499969482422,151.47999572753906,144.74000549316406,146.75999450683594,2682400
2024-05-08,132.6127471923828,147.8800048828125,149.0399932861328,146.72999572753906,146.91000366210938,1490800
2024-05-09,133.73370361328125,149.1300048828125,150.27999877929688,147.91000366210938,148.5399932861328,1364800
2024-05-10,132.46926879882812,147.72000122070312,150.0,147.60000610351562,149.7100067138672,1305300
2024-05-13,131.79669189453125,146.97000122070312,148.72000122070312,146.0,148.14999389648438,1381700
2024-05-14,134.10137939453125,149.5399932861328,149.72000122070312,147.3300018310547,147.5500030517578,1087800
2024-05-15,134.73805236816406,150.25,152.24000549316406,149.9499969482422,151.99000549316406,1005600
2024-05-16,133.3122100830078,148.66000366210938,151.47999572753906,148.3699951171875,150.25,1802200
2024-05-17,133.4287872314453,148.7899932861328,149.64999389648438,148.10000610351562,149.64999389648438,1258400
2024-05-20,131.25863647460938,146.3699951171875,148.97000122070312,146.11000061035156,148.75999450683594,851700
2024-05-21,132.69345092773438,147.97000122070312,148.13999938964844,145.97000122070312,146.1999969482422,1101900
2024-05-22,131.09722900390625,146.19000244140625,148.2100067138672,145.6300048828125,147.49000549316406,734400
2024-05-23,129.72518920898438,144.66000366210938,146.47999572753906,144.55999755859375,146.27999877929688,1091000
2024-05-24,132.6127471923828,147.8800048828125,148.25999450683594,146.00999450683594,146.67999267578125,1410900
2024-05-28,131.98501586914062,147.17999267578125,149.4199981689453,146.83999633789062,148.89999389648438,1187200
2024-05-29,131.9132843017578,147.10000610351562,147.3699951171875,145.5800018310547,146.05999755859375,1131000
2024-05-30,133.1149444580078,148.44000244140625,148.8699951171875,147.50999450683594,148.10000610351562,1088100
2024-05-31,135.68862915039062,151.30999755859375,151.49000549316406,148.7899932861328,149.42999267578125,2376200
2024-06-03,135.9486846923828,151.60000610351562,152.24000549316406,149.9600067138672,151.35000610351562,1770900
2024-06-04,136.72886657714844,152.47000122070312,153.00999450683594,151.1199951171875,151.1199951171875,1208100
2024-06-05,137.60769653320312,153.4499969482422,153.50999450683594,151.85000610351562,152.8800048828125,1480600
2024-06-06,137.9036407470703,153.77999877929688,154.60000610351562,152.8000030517578,152.80999755859375,1686200
2024-06-07,137.91270446777344,151.7899932861328,152.58999633789062,149.44000244140625,150.05999755859375,1776400
2024-06-10,138.13986206054688,152.0399932861328,152.75,150.52000427246094,151.1999969482422,1962400
2024-06-11,136.9950408935547,150.77999877929688,151.38999938964844,150.63999938964844,151.24000549316406,2294100
2024-06-12,139.15744018554688,153.16000366210938,154.8800048828125,152.8300018310547,154.14999389648438,1818000
2024-06-13,137.98538208007812,151.8699951171875,154.5,151.66000366210938,153.2100067138672,1073400
2024-06-14,135.2233428955078,148.8300018310547,151.83999633789062,148.2899932861328,150.75,1299200
2024-06-17,134.1693572998047,147.6699981689453,148.22999572753906,147.05999755859375,148.11000061035156,1211000
2024-06-18,133.48794555664062,146.9199981689453,148.55999755859375,146.63999938964844,147.8000030517578,1143100
2024-06-20,132.87013244628906,146.24000549316406,147.52000427246094,145.5,146.4600067138672,1555000
2024-06-21,132.79742431640625,146.16000366210938,146.57000732421875,144.89999389648438,146.4499969482422,2538500
2024-06-24,136.69522094726562,150.4499969482422,150.6699981689453,146.08999633789062,146.25,2240800
2024-06-25,134.35110473632812,147.8699951171875,150.55999755859375,147.00999450683594,150.32000732421875,1885600
2024-06-26,134.09669494628906,147.58999633789062,148.72999572753906,146.27999877929688,147.00999450683594,1674600
2024-06-27,136.11373901367188,149.80999755859375,149.97999572753906,147.25999450683594,147.8800048828125,1641300
2024-06-28,137.9217987060547,151.8000030517578,152.38999938964844,149.6999969482422,150.77000427246094,3709800
2024-07-01,133.12452697753906,146.52000427246094,151.39999389648438,145.8800048828125,150.5800018310547,1452500
2024-07-02,134.26931762695312,147.77999877929688,148.41000366210938,146.08999633789062,146.4600067138672,1142300
2024-07-03,134.70541381835938,148.25999450683594,149.25,147.39999389648438,148.52999877929688,619500
2024-07-05,132.7338409423828,146.08999633789062,148.10000610351562,145.44000244140625,148.0,962800
2024-07-08,133.44248962402344,146.8699951171875,147.92999267578125,146.3300018310547,146.77000427246094,784300
2024-07-09,134.0785369873047,147.57000732421875,149.17999267578125,146.24000549316406,146.63999938964844,1334100
2024-07-10,134.86898803710938,148.44000244140625,148.52999877929688,146.5,148.08999633789062,719800
2024-07-11,135.19607543945312,148.8000030517578,151.3000030517578,148.33999633789062,150.6199951171875,1384500
2024-07-12,135.81390380859375,149.47999572753906,150.77000427246094,148.2899932861328,149.89999389648438,1140700
2024-07-15,136.34085083007812,150.05999755859375,150.1999969482422,148.2100067138672,149.89999389648438,1187400
2024-07-16,137.65829467773438,151.50999450683594,151.5500030517578,149.72999572753906,150.8300018310547,1584600
2024-07-17,140.73837280273438,154.89999389648438,155.5800018310547,150.97000122070312,150.97000122070312,1794100
2024-07-18,139.11203002929688,153.11000061035156,158.19000244140625,152.75999450683594,154.4600067138672,1226600
2024-07-19,139.4209442138672,153.4499969482422,154.25,152.6699981689453,153.94000244140625,993100
2024-07-22,143.31874084472656,157.74000549316406,157.9499969482422,153.47999572753906,153.7100067138672,1708700
2024-07-23,142.48284912109375,156.82000732421875,158.5,155.89999389648438,157.0,1764900
2024-07-24,136.18641662597656,149.88999938964844,157.0,149.6699981689453,156.9600067138672,1905900
2024-07-25,135.659423828125,149.30999755859375,152.3800048828125,148.4600067138672,150.57000732421875,1118100
2024-07-26,138.51235961914062,152.4499969482422,153.25,149.7899932861328,150.2899932861328,1032400
2024-07-29,138.85763549804688,152.8300018310547,153.77999877929688,150.9499969482422,152.6999969482422,784900
2024-07-30,140.65658569335938,154.80999755859375,155.72999572753906,152.80999755859375,153.33999633789062,964800
2024-07-31,139.411865234375,153.44000244140625,155.88999938964844,153.02000427246094,154.3699951171875,1770100
2024-08-01,139.411865234375,153.44000244140625,156.61000061035156,151.52000427246094,155.00999450683594,1266500
2024-08-02,137.258544921875,151.07000732421875,153.0399932861328,149.5800018310547,152.0,1432900
2024-08-05,134.51461791992188,148.0500030517578,151.8000030517578,145.74000549316406,148.6199951171875,2049300
2024-08-06,141.31983947753906,155.5399932861328,156.4199981689453,147.13999938964844,150.11000061035156,1586200
2024-08-07,138.9394073486328,152.9199981689453,156.88999938964844,152.6300048828125,156.88999938964844,1569200
2024-08-08,140.974609375,155.16000366210938,155.5,153.05999755859375,153.3699951171875,988800
2024-08-09,144.16372680664062,158.6699981689453,159.72999572753906,154.6999969482422,155.35000610351562,1477700
2024-08-12,139.1029510498047,153.10000610351562,159.67999267578125,151.77000427246094,157.58999633789062,2035700
2024-08-13,141.6651153564453,155.9199981689453,156.1199951171875,152.80999755859375,154.3300018310547,1287300
2024-08-14,142.48284912109375,156.82000732421875,157.77999877929688,155.39999389648438,155.80999755859375,960200
2024-08-15,143.42774963378906,157.86000061035156,161.3000030517578,157.5,158.0,1853500
2024-08-16,142.37384033203125,156.6999969482422,159.17999267578125,155.86000061035156,158.0399932861328,1422600
2024-08-19,145.2721710205078,159.88999938964844,159.92999267578125,156.9499969482422,157.33999633789062,968400
2024-08-20,144.82696533203125,159.39999389648438,160.35000610351562,158.33999633789062,160.0,910200
2024-08-21,146.40789794921875,161.13999938964844,161.16000366210938,158.99000549316406,159.61000061035156,882600
2024-08-22,147.38009643554688,162.2100067138672,162.4600067138672,160.7899932861328,161.38999938964844,881000
2024-08-23,151.27786254882812,166.5,166.9600067138672,162.42999267578125,162.64999389648438,1325800
2024-08-26,152.05923461914062,167.36000061035156,168.08999633789062,166.4499969482422,167.5,1173600
2024-08-27,152.6861572265625,168.0500030517578,169.19000244140625,166.0,166.30999755859375,1404200
2024-08-28,152.37722778320312,167.7100067138672,168.7899932861328,165.92999267578125,168.0399932861328,909900
2024-08-29,150.3693084716797,165.5,168.3300018310547,164.91000366210938,168.0,1296200
2024-08-30,152.05015563964844,167.35000610351562,167.5,164.97999572753906,166.5399932861328,1747100
2024-09-03,148.9337158203125,163.9199981689453,165.7899932861328,162.9499969482422,164.0500030517578,1867200
2024-09-04,149.98768615722656,165.0800018310547,166.44000244140625,163.72999572753906,164.0,1258400
2024-09-05,149.1699676513672,164.17999267578125,166.89999389648438,163.8699951171875,166.63999938964844,1013500
2024-09-06,149.46070861816406,164.5,165.32000732421875,162.35000610351562,164.57000732421875,1443600
2024-09-09,148.98228454589844,161.92999267578125,162.41000366210938,159.47000122070312,162.08999633789062,1406600
2024-09-10,150.8499755859375,163.9600067138672,164.11000061035156,161.1300048828125,162.8000030517578,1155000
2024-09-11,150.31634521484375,163.3800048828125,164.16000366210938,160.07000732421875,162.39999389648438,1566600
2024-09-12,150.64756774902344,163.74000549316406,164.5800018310547,161.4199981689453,162.0,1356000
2024-09-13,150.90518188476562,164.02000427246094,165.85000610351562,162.61000061035156,164.75,2512400
2024-09-16,151.71478271484375,164.89999389648438,166.8000030517578,164.3000030517578,165.89999389648438,1794000
2024-09-17,151.20880126953125,164.35000610351562,166.30999755859375,163.9199981689453,164.9199981689453,1288100
2024-09-18,151.20880126953125,164.35000610351562,166.57000732421875,163.5,164.9199981689453,1786900
2024-09-19,153.7021026611328,167.05999755859375,167.4199981689453,164.33999633789062,166.57000732421875,1599300
2024-09-20,153.2328643798828,166.5500030517578,167.63999938964844,165.5399932861328,166.4199981689453,6736200
2024-09-23,154.70492553710938,168.14999389648438,168.3000030517578,166.0,166.0,2274400
2024-09-24,156.50820922851562,170.11000061035156,170.8699951171875,167.25,167.88999938964844,1546700
2024-09-25,155.57899475097656,169.10000610351562,170.67999267578125,168.10000610351562,170.22999572753906,1349400
2024-09-26,153.1040802001953,166.41000366210938,169.38999938964844,165.8800048828125,169.38999938964844,1085300
2024-09-27,154.30014038085938,167.7100067138672,168.72999572753906,166.41000366210938,167.42999267578125,1397200
2024-09-30,155.50538635253906,169.02000427246094,169.0800018310547,166.1300048828125,167.0800018310547,1599400
2024-10-01,155.99301147460938,169.5500030517578,169.75999450683594,166.32000732421875,169.0,1327100
2024-10-02,155.0637664794922,168.5399932861328,169.74000549316406,167.5,168.50999450683594,1321400
2024-10-03,154.8889617919922,168.35000610351562,168.4600067138672,166.64999389648438,168.1999969482422,1126700
2024-10-04,156.0205841064453,169.5800018310547,169.72999572753906,167.07000732421875,168.35000610351562,1211100
2024-10-07,154.10690307617188,167.5,168.69000244140625,166.6999969482422,168.49000549316406,1069300
2024-10-08,153.85848999023438,167.22999572753906,168.97999572753906,166.4199981689453,168.32000732421875,1087400
2024-10-09,155.6985626220703,169.22999572753906,169.47000122070312,166.14999389648438,166.80999755859375,805300
2024-10-10,154.41050720214844,167.8300018310547,169.22000122070312,167.07000732421875,168.2100067138672,741900
2024-10-11,157.12464904785156,170.77999877929688,171.50999450683594,168.85000610351562,168.94000244140625,1135400
2024-10-14,157.95269775390625,171.67999267578125,172.27999877929688,169.5,170.30999755859375,888800
2024-10-15,160.6668243408203,174.6300048828125,176.6999969482422,172.0,172.0,1374000
2024-10-16,161.03482055664062,175.02999877929688,175.7899932861328,174.0500030517578,174.7100067138672,1264000
2024-10-17,160.40921020507812,174.35000610351562,175.10000610351562,172.8800048828125,174.42999267578125,1070800
2024-10-18,162.77371215820312,176.9199981689453,177.0800018310547,173.33999633789062,174.85000610351562,1060400
2024-10-21,160.2803955078125,174.2100067138672,176.7899932861328,173.64999389648438,176.27999877929688,1032000
2024-10-22,160.86923217773438,174.85000610351562,175.52999877929688,173.5500030517578,174.3800048828125,928100
2024-10-23,159.9215850830078,173.82000732421875,175.3000030517578,172.49000549316406,173.5399932861328,908900
2024-10-24,159.53515625,173.39999389648438,175.25,172.6699981689453,173.85000610351562,1047200
2024-10-25,156.8854522705078,170.52000427246094,174.05999755859375,169.94000244140625,173.75,954900
2024-10-28,158.72552490234375,172.52000427246094,173.92999267578125,171.5,171.57000732421875,1101500
2024-10-29,158.2287139892578,171.97999572753906,172.77999877929688,171.0,172.02000427246094,857700
2024-10-30,158.32069396972656,172.0800018310547,173.5800018310547,171.60000610351562,172.22999572753906,929400
2024-10-31,155.59739685058594,169.1199951171875,171.6699981689453,169.02999877929688,170.44000244140625,1794900
2024-11-01,154.29092407226562,167.6999969482422,171.3800048828125,166.0,167.11000061035156,1433600
2024-11-04,158.39431762695312,172.16000366210938,172.16000366210938,167.7100067138672,168.5800018310547,1215900
2024-11-05,160.4459991455078,174.38999938964844,174.38999938964844,170.92999267578125,171.0,894600
2024-11-06,159.72837829589844,173.61000061035156,178.7100067138672,171.3800048828125,176.3000030517578,1967000
2024-11-07,161.69725036621094,175.75,176.9600067138672,173.8000030517578,174.10000610351562,1278200
2024-11-08,164.705810546875,179.02000427246094,179.4600067138672,176.27000427246094,176.27000427246094,972000
2024-11-11,166.84027099609375,181.33999633789062,181.86000061035156,178.5,178.83999633789062,1491200
2024-11-12,163.96975708007812,178.22000122070312,182.83999633789062,178.16000366210938,181.19000244140625,1516500
2024-11-13,164.84381103515625,179.1699981689453,181.19000244140625,178.5,179.3800048828125,1197200
2024-11-14,164.05255126953125,178.30999755859375,180.7899932861328,177.8800048828125,179.2100067138672,1187600
2024-11-15,165.85585021972656,180.27000427246094,180.85000610351562,176.5,177.97999572753906,1127500
2024-11-18,166.38949584960938,180.85000610351562,181.27000427246094,179.25,179.25,1125600
2024-11-19,166.72067260742188,181.2100067138672,181.72999572753906,179.1199951171875,179.77999877929688,1160400
2024-11-20,166.44468688964844,180.91000366210938,181.32000732421875,179.36000061035156,180.4499969482422,1139300
2024-11-21,167.26351928710938,181.8000030517578,182.75999450683594,180.2899932861328,180.97000122070312,883800
2024-11-22,166.65628051757812,181.13999938964844,183.9600067138672,180.64999389648438,183.0800018310547,1836500
2024-11-25,165.70863342285156,180.11000061035156,182.89999389648438,180.07000732421875,182.13999938964844,4564900
2024-11-26,168.79078674316406,183.4600067138672,183.94000244140625,179.99000549316406,180.58999633789062,1358500
2024-11-27,169.05758666992188,183.75,186.0,183.1999969482422,183.25999450683594,903000
2024-11-29,168.91958618164062,183.60000610351562,186.0,183.60000610351562,184.72000122070312,1291400
2024-12-02,166.86790466308594,181.3699951171875,183.1699981689453,180.75,183.16000366210938,1687800
2024-12-03,166.1870574951172,180.6300048828125,182.8300018310547,179.4199981689453,182.72000122070312,1651400
2024-12-04,166.99668884277344,181.50999450683594,181.61000061035156,179.2899932861328,181.3000030517578,1128400
2024-12-05,167.3371124267578,181.8800048828125,182.8000030517578,180.3699951171875,180.63999938964844,1209300
2024-12-06,169.14036560058594,183.83999633789062,183.97999572753906,182.1199951171875,183.0,1419400
2024-12-09,169.4847412109375,182.11000061035156,182.83999633789062,180.2899932861328,181.64999389648438,1638400
2024-12-10,166.80441284179688,179.22999572753906,181.3800048828125,178.1699981689453,181.3800048828125,1925500
2024-12-11,164.3846435546875,176.6300048828125,179.86000061035156,176.0399932861328,179.22999572753906,1777000
2024-12-12,164.91514587402344,177.1999969482422,179.85000610351562,176.52999877929688,176.6300048828125,1509100
2024-12-13,167.1487579345703,179.60000610351562,179.82000732421875,176.22000122070312,177.6699981689453,1462400
2024-12-16,169.3172149658203,181.92999267578125,182.77999877929688,178.82000732421875,179.35000610351562,1499700
2024-12-17,167.48379516601562,179.9600067138672,182.6199951171875,179.72999572753906,180.3699951171875,1681100
2024-12-18,159.61961364746094,171.50999450683594,181.25999450683594,171.39999389648438,179.49000549316406,1852100
2024-12-19,157.5255889892578,169.25999450683594,174.24000549316406,169.00999450683594,172.58999633789062,2057400
2024-12-20,159.71267700195312,171.61000061035156,174.13999938964844,170.3300018310547,171.05999755859375,4887000
2024-12-23,159.49864196777344,171.3800048828125,171.75,169.55999755859375,171.0,1388500
2024-12-24,161.3320770263672,173.35000610351562,173.4499969482422,170.50999450683594,170.88999938964844,441700
2024-12-26,161.75086975097656,173.8000030517578,174.39999389648438,172.11000061035156,172.6300048828125,469900
2024-12-27,160.08494567871094,172.00999450683594,174.2899932861328,171.32000732421875,172.35000610351562,734400
2024-12-30,159.0240020751953,170.8699951171875,171.52000427246094,168.50999450683594,170.07000732421875,852000
2024-12-31,160.27108764648438,172.2100067138672,172.57000732421875,170.5,172.27000427246094,1376100
2025-01-02,161.4995880126953,173.52999877929688,174.24000549316406,171.5800018310547,172.5,1154500
2025-01-03,163.86349487304688,176.07000732421875,176.25,173.6199951171875,174.0500030517578,896900
2025-01-06,162.31857299804688,174.41000366210938,175.89999389648438,173.92999267578125,175.16000366210938,2050700
2025-01-07,162.09518432617188,174.1699981689453,176.6999969482422,173.16000366210938,174.80999755859375,2317800
2025-01-08,162.57913208007812,174.69000244140625,174.99000549316406,172.77000427246094,173.82000732421875,1319700
2025-01-10,159.10775756835938,170.9600067138672,174.83999633789062,170.10000610351562,172.36000061035156,2010300
2025-01-13,160.8201904296875,172.8000030517578,173.0800018310547,169.83999633789062,170.63999938964844,1257000
2025-01-14,161.5368194580078,173.57000732421875,174.7100067138672,172.6999969482422,173.63999938964844,1067900
2025-01-15,159.84298706054688,171.75,176.94000244140625,170.8699951171875,176.61000061035156,1204400
2025-01-16,160.73641967773438,172.7100067138672,173.16000366210938,170.74000549316406,172.02000427246094,1195800
2025-01-17,162.06729125976562,174.13999938964844,175.72000122070312,172.5399932861328,173.49000549316406,1302400
2025-01-21,163.76112365722656,175.9600067138672,176.5500030517578,174.0,174.0,1078300
2025-01-22,160.9132537841797,172.89999389648438,175.47000122070312,172.60000610351562,175.47000122070312,1517100
2025-01-23,162.73736572265625,174.86000061035156,175.0,172.24000549316406,173.30999755859375,902100
2025-01-24,162.16964721679688,174.25,176.4499969482422,173.9600067138672,174.33999633789062,1050700
2025-01-27,164.44979858398438,176.6999969482422,176.91000366210938,174.2899932861328,174.6199951171875,1186100
2025-01-28,163.44467163085938,175.6199951171875,177.41000366210938,175.35000610351562,175.89999389648438,786600
2025-01-29,161.5926513671875,173.6300048828125,177.16000366210938,172.75,176.0,689200
2025-01-30,163.60289001464844,175.7899932861328,177.25,174.47999572753906,175.1199951171875,1093600
2025-01-31,161.80670166015625,173.86000061035156,177.11000061035156,173.1300048828125,175.8699951171875,1504200
2025-02-03,161.3878936767578,173.41000366210938,174.0800018310547,170.58999633789062,172.11000061035156,1306100
2025-02-04,161.3320770263672,173.35000610351562,173.66000366210938,171.3800048828125,171.3800048828125,1041100
2025-02-05,166.69273376464844,179.11000061035156,180.5500030517578,175.97000122070312,178.55999755859375,1998200
2025-02-06,167.6792449951172,180.1699981689453,181.4600067138672,177.7899932861328,181.35000610351562,1382900
2025-02-07,167.46517944335938,179.94000244140625,180.89999389648438,179.2899932861328,180.50999450683594,1082100
2025-02-10,168.0421905517578,180.55999755859375,180.92999267578125,178.75,180.77000427246094,1492000
2025-02-11,171.59738159179688,184.3800048828125,184.5500030517578,179.77000427246094,180.33999633789062,2155800
2025-02-12,171.1320343017578,183.8800048828125,184.42999267578125,180.9499969482422,180.9499969482422,1395300
2025-02-13,173.30979919433594,186.22000122070312,187.10000610351562,183.6699981689453,184.57000732421875,1355200
2025-02-14,172.22093200683594,185.0500030517578,188.13999938964844,184.99000549316406,186.86000061035156,998000
2025-02-18,173.1422882080078,186.0399932861328,187.0,184.92999267578125,185.39999389648438,1135200
2025-02-19,173.03990173339844,185.92999267578125,186.5800018310547,184.27999877929688,185.5,783100
2025-02-20,173.76585388183594,186.7100067138672,187.49000549316406,185.42999267578125,185.42999267578125,940600
2025-02-21,171.05755615234375,183.8000030517578,187.5,181.77999877929688,187.2100067138672,1367600
2025-02-24,171.8486328125,184.64999389648438,186.17999267578125,183.8699951171875,184.4199981689453,1657000
2025-02-25,171.05755615234375,183.8000030517578,186.25,183.05999755859375,184.8000030517578,1356700
2025-02-26,171.46707153320312,184.24000549316406,186.10000610351562,183.19000244140625,184.67999267578125,1078300
2025-02-27,169.92214965820312,182.5800018310547,186.10000610351562,182.52000427246094,185.0399932861328,954100
2025-02-28,173.18881225585938,186.08999633789062,186.24000549316406,182.30999755859375,183.67999267578125,2573100
2025-03-03,174.7616424560547,187.77999877929688,190.13999938964844,186.0500030517578,187.2899932861328,2047200
2025-03-04,170.8528289794922,183.5800018310547,187.85000610351562,182.72999572753906,187.52999877929688,2894800
2025-03-05,170.66671752929688,183.3800048828125,184.36000061035156,180.82000732421875,182.07000732421875,1772800
2025-03-06,162.43955993652344,174.5399932861328,181.6300048828125,174.32000732421875,181.1699981689453,1949500
2025-03-07,159.23805236816406,171.10000610351562,175.58999633789062,169.64999389648438,174.32000732421875,1898700
2025-03-10,155.74234008789062,165.2899932861328,169.4499969482422,164.07000732421875,168.25,2140500
2025-03-11,154.03689575195312,163.47999572753906,165.97000122070312,160.2899932861328,165.60000610351562,2565500
2025-03-12,156.25115966796875,165.8300018310547,167.38999938964844,164.0,164.4600067138672,2003000
2025-03-13,150.2679443359375,159.47999572753906,167.5399932861328,158.22000122070312,165.99000549316406,1832900
2025-03-14,151.89804077148438,161.2100067138672,161.22000122070312,158.7100067138672,160.89999389648438,1887500
2025-03-17,157.22164916992188,166.86000061035156,167.8000030517578,161.60000610351562,162.25,2279300
2025-03-18,155.28065490722656,164.8000030517578,168.08999633789062,164.55999755859375,166.55999755859375,1340200
2025-03-19,155.28065490722656,164.8000030517578,166.00999450683594,162.86000061035156,164.8000030517578,1674500
2025-03-20,154.95086669921875,164.4499969482422,165.5,162.1999969482422,164.6300048828125,1445800
2025-03-21,152.7366180419922,162.10000610351562,163.91000366210938,159.91000366210938,163.3000030517578,3094000
2025-03-24,156.52439880371094,166.1199951171875,166.42999267578125,161.69000244140625,162.5,1300500
2025-03-25,156.18519592285156,165.75999450683594,168.6999969482422,164.25,166.2899932861328,1661800
2025-03-26,158.71981811523438,168.4499969482422,168.5500030517578,166.19000244140625,166.19000244140625,1630100
2025-03-27,156.27001953125,165.85000610351562,169.55999755859375,165.4600067138672,168.4600067138672,1665700
2025-03-28,154.79067993164062,164.27999877929688,167.3699951171875,163.11000061035156,166.88999938964844,1309300
2025-03-31,156.48672485351562,166.0800018310547,166.77999877929688,163.5800018310547,163.6699981689453,2409200
2025-04-01,156.8542022705078,166.47000122070312,167.5,163.67999267578125,166.63999938964844,1483200
2025-04-02,160.56661987304688,170.41000366210938,170.86000061035156,165.57000732421875,165.82000732421875,1417900
2025-04-03,144.33184814453125,153.17999267578125,165.0,151.8800048828125,163.74000549316406,3770000
2025-04-04,137.61370849609375,146.0500030517578,150.7100067138672,142.75,147.8800048828125,3680100
2025-04-07,135.0602569580078,143.33999633789062,150.52999877929688,138.11000061035156,140.0,3557400
2025-04-08,132.2617950439453,140.3699951171875,150.0,138.52999877929688,148.50999450683594,2703600
2025-04-09,144.33184814453125,153.17999267578125,154.24000549316406,136.33999633789062,139.2100067138672,4323400
2025-04-10,139.15896606445312,147.69000244140625,152.0,143.10000610351562,150.0,2325500
2025-04-11,139.63951110839844,148.1999969482422,149.02000427246094,142.3000030517578,146.77000427246094,1713000
2025-04-14,141.21304321289062,149.8699951171875,151.88999938964844,148.69000244140625,150.97999572753906,1406900
2025-04-15,140.74192810058594,149.3699951171875,151.74000549316406,148.85000610351562,149.60000610351562,1203500
2025-04-16,139.4981689453125,148.0500030517578,151.22999572753906,146.83999633789062,149.25,1435900
2025-04-17,141.71243286132812,150.39999389648438,152.07000732421875,148.8300018310547,149.08999633789062,1267300
2025-04-21,138.69728088378906,147.1999969482422,148.72999572753906,145.83999633789062,148.3000030517578,1701000
2025-04-22,142.00454711914062,150.7100067138672,152.17999267578125,148.0,149.33999633789062,1495900
2025-04-23,144.42608642578125,153.27999877929688,158.3000030517578,152.85000610351562,152.99000549316406,1862300
2025-04-24,147.17739868164062,156.1999969482422,157.3000030517578,151.83999633789062,152.63999938964844,1696800
2025-04-25,147.61083984375,156.66000366210938,157.77000427246094,155.5399932861328,156.3300018310547,1421800
2025-04-28,149.35397338867188,158.50999450683594,159.02000427246094,156.17999267578125,156.91000366210938,1551700
2025-04-29,147.7427520751953,156.8000030517578,158.47000122070312,155.3000030517578,157.17999267578125,1284300
2025-04-30,148.28924560546875,157.3800048828125,157.89999389648438,153.16000366210938,155.47999572753906,2279600
2025-05-01,149.69317626953125,158.8699951171875,160.85000610351562,157.0,158.22999572753906,1365700
2025-05-02,152.42568969726562,161.77000427246094,162.42999267578125,159.75999450683594,161.1199951171875,1321300
2025-05-05,151.5682373046875,160.86000061035156,162.22000122070312,160.30999755859375,160.66000366210938,991100
2025-05-06,150.9180908203125,160.1699981689453,161.3699951171875,158.25,159.77999877929688,1139400
2025-05-07,152.14300537109375,161.47000122070312,163.52999877929688,160.57000732421875,160.8800048828125,1629300
2025-05-08,153.5940399169922,163.00999450683594,164.3699951171875,160.35000610351562,161.89999389648438,1387000
2025-05-09,153.76365661621094,163.19000244140625,165.08999633789062,162.5,163.35000610351562,1612100
2025-05-12,161.53707885742188,171.44000244140625,172.13999938964844,169.30999755859375,169.39999389648438,2804900
2025-05-13,151.58709716796875,160.8800048828125,168.0,160.47999572753906,167.75,3838100
2025-05-14,151.8697509765625,161.17999267578125,161.91000366210938,158.2100067138672,160.85000610351562,2179200
2025-05-15,153.61288452148438,163.02999877929688,163.4499969482422,160.94000244140625,161.35000610351562,1279200
2025-05-16,155.58218383789062,165.1199951171875,165.44000244140625,162.5500030517578,163.52000427246094,1352600
2025-05-19,154.98855590820312,164.49000549316406,165.0,162.3699951171875,162.7899932861328,1591400
2025-05-20,153.528076171875,162.94000244140625,163.6300048828125,161.8699951171875,163.4600067138672,1661800
2025-05-21,148.98651123046875,158.1199951171875,162.0,157.9600067138672,161.47000122070312,2158200
2025-05-22,148.82632446289062,157.9499969482422,159.0800018310547,155.9600067138672,157.97999572753906,1903800
2025-05-23,147.7144775390625,156.77000427246094,158.0,156.0500030517578,156.24000549316406,1268500
2025-05-27,150.95578002929688,160.2100067138672,160.86000061035156,157.24000549316406,158.55999755859375,1929600
2025-05-28,151.89804077148438,161.2100067138672,161.22999572753906,158.86000061035156,160.2100067138672,1488400
2025-05-29,153.80133056640625,163.22999572753906,164.63999938964844,161.22000122070312,161.7100067138672,1337300
2025-05-30,153.6505889892578,163.07000732421875,163.2899932861328,161.0,162.11000061035156,3546200
2025-06-02,153.4998321533203,162.91000366210938,162.92999267578125,159.5500030517578,162.1300048828125,1156200
2025-06-03,152.43508911132812,161.77999877929688,163.72000122070312,161.27999877929688,162.4199981689453,1651900
2025-06-04,152.28431701660156,161.6199951171875,162.4499969482422,160.38999938964844,161.52000427246094,994700
2025-06-05,151.46458435058594,160.75,161.9499969482422,160.4199981689453,161.6199951171875,1065900
2025-06-06,152.7366180419922,162.10000610351562,162.75999450683594,160.6199951171875,162.17999267578125,1303800
2025-06-09,153.13754272460938,160.4199981689453,161.72000122070312,159.39999389648438,159.69000244140625,1139000
2025-06-10,153.58621215820312,160.88999938964844,161.1199951171875,159.25999450683594,160.0,1328400
2025-06-11,152.45021057128906,159.6999969482422,161.89999389648438,159.02000427246094,161.4199981689453,1486300
2025-06-12,151.58152770996094,158.7899932861328,159.3699951171875,157.9499969482422,159.32000732421875,1565000
2025-06-13,149.77732849121094,156.89999389648438,158.10000610351562,155.44000244140625,157.47999572753906,2090700
2025-06-16,150.69375610351562,157.86000061035156,159.72000122070312,157.24000549316406,158.1699981689453,1753200
2025-06-17,149.99688720703125,157.1300048828125,158.50999450683594,156.42999267578125,157.77000427246094,1388000
2025-06-18,149.96824645996094,157.10000610351562,158.57000732421875,156.25,157.1300048828125,1476100
2025-06-20,150.1305389404297,157.27000427246094,158.8699951171875,156.64999389648438,157.8300018310547,2806500
2025-06-23,151.85836791992188,159.0800018310547,159.55999755859375,155.9199981689453,157.58999633789062,1340500
2025-06-24,152.85113525390625,160.1199951171875,160.91000366210938,158.77999877929688,159.58999633789062,1559200
2025-06-25,150.25462341308594,157.39999389648438,159.97999572753906,157.0500030517578,159.5800018310547,1380400
2025-06-26,153.30938720703125,160.60000610351562,160.75,157.58999633789062,157.9499969482422,1788200
2025-06-27,153.2139129638672,160.5,162.08999633789062,159.49000549316406,160.8300018310547,2029000
2025-06-30,153.46209716796875,160.75999450683594,160.92999267578125,158.0,160.33999633789062,2060200
2025-07-01,156.81275939941406,164.27000427246094,165.77000427246094,160.0,160.33999633789062,1772300
2025-07-02,158.31150817871094,165.83999633789062,166.3300018310547,163.16000366210938,164.38999938964844,1589400
2025-07-03,159.170654296875,166.74000549316406,167.80999755859375,165.69000244140625,166.17999267578125,925300
2025-07-07,157.5478057861328,165.0399932861328,167.89999389648438,164.22999572753906,165.97000122070312,1277600
2025-07-08,156.02999877929688,163.4499969482422,165.52999877929688,163.16000366210938,164.27000427246094,1790400
2025-07-09,155.53358459472656,162.92999267578125,164.74000549316406,162.9199981689453,164.6199951171875,1427100
2025-07-10,156.02999877929688,163.4499969482422,164.64999389648438,162.75999450683594,162.99000549316406,1061500
2025-07-11,154.40716552734375,161.75,162.4199981689453,160.9600067138672,162.0,1112300
2025-07-14,155.05628967285156,162.42999267578125,162.55999755859375,160.6999969482422,161.3300018310547,1434000
2025-07-15,152.66978454589844,159.92999267578125,162.94000244140625,159.3300018310547,162.94000244140625,1532200
2025-07-16,154.13987731933594,161.47000122070312,161.91000366210938,159.35000610351562,160.74000549316406,1438900
2025-07-17,155.34266662597656,162.72999572753906,163.17999267578125,161.35000610351562,161.69000244140625,1054200
2025-07-18,155.46678161621094,162.86000061035156,163.80999755859375,162.0500030517578,162.89999389648438,950800
2025-07-21,156.32591247558594,163.75999450683594,164.8800048828125,162.41000366210938,163.08999633789062,1502800
2025-07-22,158.05374145507812,165.57000732421875,165.86000061035156,163.4199981689453,163.72000122070312,1654000
2025-07-23,158.21604919433594,165.74000549316406,166.77000427246094,165.11000061035156,166.36000061035156,1040600
2025-07-24,157.47145080566406,164.9600067138672,166.91000366210938,164.8000030517578,165.35000610351562,1339300
2025-07-25,159.5238494873047,167.11000061035156,167.22000122070312,164.27000427246094,165.52999877929688,1374700
2025-07-28,157.77691650390625,165.27999877929688,167.52000427246094,165.10000610351562,166.77999877929688,1090200
2025-07-29,160.44981384277344,168.0800018310547,168.16000366210938,166.10000610351562,166.8800048828125,1125600
2025-07-30,157.94876098632812,165.4600067138672,168.72000122070312,164.33999633789062,168.35000610351562,1085200
2025-07-31,156.3545379638672,163.7899932861328,166.0,163.42999267578125,164.25,1739400
2025-08-01,153.38572692871094,160.67999267578125,163.35000610351562,159.6999969482422,162.9499969482422,2149800
2025-08-04,156.49774169921875,163.94000244140625,165.22000122070312,160.5,161.30999755859375,1847300
2025-08-05,161.62396240234375,169.30999755859375,169.55999755859375,159.99000549316406,159.99000549316406,2645200
2025-08-06,159.92477416992188,167.52999877929688,171.57000732421875,167.3000030517578,170.0,1844700
2025-08-07,158.79833984375,166.35000610351562,168.88999938964844,165.10000610351562,168.7899932861328,1399500
2025-08-08,157.4427947998047,164.92999267578125,167.2100067138672,164.80999755859375,166.33999633789062,1109100
2025-08-11,157.70054626464844,165.1999969482422,165.6199951171875,163.2899932861328,164.50999450683594,1190800
2025-08-12,161.53805541992188,169.22000122070312,169.4199981689453,165.3699951171875,166.02999877929688,1242600
2025-08-13,164.75506591796875,172.58999633789062,172.8800048828125,169.11000061035156,169.2899932861328,1660300
2025-08-14,164.37322998046875,172.19000244140625,172.52999877929688,170.49000549316406,171.4499969482422,1889000
2025-08-15,165.41375732421875,173.27999877929688,173.39999389648438,171.22000122070312,172.44000244140625,1581600
2025-08-18,164.72642517089844,172.55999755859375,174.11000061035156,172.3000030517578,173.38999938964844,1187900
2025-08-19,166.9411163330078,174.8800048828125,176.13999938964844,172.08999633789062,172.58999633789062,1907500
2025-08-20,166.22515869140625,174.1300048828125,175.5,173.47000122070312,175.14999389648438,1017400
2025-08-21,165.5569305419922,173.42999267578125,174.19000244140625,172.4499969482422,173.1699981689453,810700
2025-08-22,168.5448455810547,176.55999755859375,177.89999389648438,174.0800018310547,174.9600067138672,1313800
2025-08-25,168.40164184570312,176.41000366210938,177.44000244140625,175.94000244140625,176.5800018310547,1408400
2025-08-26,168.80258178710938,176.8300018310547,177.8000030517578,176.0,176.3699951171875,2020200
2025-08-27,170.08175659179688,178.1699981689453,178.6199951171875,176.39999389648438,176.6199951171875,1754600
2025-08-28,171.21774291992188,179.36000061035156,179.5399932861328,177.0800018310547,179.0,1438700
2025-08-29,172.45872497558594,180.66000366210938,180.97999572753906,179.4199981689453,180.0,1716900
2025-09-02,170.74996948242188,178.8699951171875,179.22000122070312,177.00999450683594,177.47000122070312,2825700
2025-09-03,171.69503784179688,179.86000061035156,180.25,177.83999633789062,178.66000366210938,1590500
2025-09-04,173.27967834472656,181.52000427246094,181.9199981689453,179.6999969482422,180.82000732421875,2103600
2025-09-05,173.97653198242188,182.25,184.77999877929688,180.80999755859375,182.8000030517578,1829500
2025-09-08,174.26292419433594,182.5500030517578,182.92999267578125,180.11000061035156,181.77000427246094,2369300
2025-09-09,173.2872772216797,179.38999938964844,180.3800048828125,178.14999389648438,179.4499969482422,1889400
2025-09-10,173.1327362060547,179.22999572753906,179.8699951171875,177.99000549316406,178.91000366210938,2223300
2025-09-11,177.6438446044922,183.89999389648438,184.16000366210938,179.66000366210938,179.99000549316406,1786300
2025-09-12,176.2624969482422,182.47000122070312,184.5,182.10000610351562,183.89999389648438,1547300
2025-09-15,177.5086212158203,183.75999450683594,184.24000549316406,181.25,182.2100067138672,1570800
2025-09-16,175.34481811523438,181.52000427246094,184.07000732421875,181.25,183.27999877929688,1348600
2025-09-17,175.38345336914062,181.55999755859375,184.14999389648438,180.6699981689453,181.5399932861328,1706300
2025-09-18,173.96347045898438,180.08999633789062,182.83999633789062,178.67999267578125,182.0,1898600
2025-09-19,174.57203674316406,180.72000122070312,182.30999755859375,180.0399932861328,180.36000061035156,7083300
2025-09-22,174.97775268554688,181.13999938964844,181.42999267578125,178.38999938964844,179.74000549316406,1401800
2025-09-23,177.86602783203125,184.1300048828125,184.6699981689453,180.6199951171875,180.72000122070312,1386200
2025-09-24,176.90005493164062,183.1300048828125,184.67999267578125,182.47999572753906,184.07000732421875,1531200
2025-09-25,176.39773559570312,182.61000061035156,183.77999877929688,182.47999572753906,183.08999633789062,1303600
2025-09-26,179.0831756591797,185.38999938964844,185.8800048828125,182.22000122070312,182.82000732421875,1368100
2025-09-29,179.5275115966797,185.85000610351562,186.33999633789062,184.82000732421875,185.47000122070312,1282600
2025-09-30,181.2855987548828,187.6699981689453,188.13999938964844,185.3000030517578,186.1699981689453,1812200
2025-10-01,179.4405517578125,185.75999450683594,188.42999267578125,184.39999389648438,187.66000366210938,1836400
2025-10-02,178.71607971191406,185.00999450683594,185.7899932861328,183.8800048828125,185.75999450683594,1494100
2025-10-03,178.92860412597656,185.22999572753906,187.25,184.69000244140625,185.19000244140625,1146500
2025-10-06,173.07476806640625,179.1699981689453,185.25,179.14999389648438,184.44000244140625,1568000
2025-10-07,172.83326721191406,178.9199981689453,179.72000122070312,177.3300018310547,179.24000549316406,1601000
2025-10-08,172.166748046875,178.22999572753906,178.36000061035156,176.94000244140625,177.8300018310547,1318500
2025-10-09,172.7559814453125,178.83999633789062,179.2899932861328,177.47999572753906,178.72000122070312,923300
2025-10-10,169.33642578125,175.3000030517578,180.25,175.2899932861328,179.61000061035156,1621100
2025-10-13,170.49559020996094,176.5,177.67999267578125,175.5500030517578,176.47999572753906,1124000
2025-10-14,169.848388671875,175.8300018310547,176.5399932861328,174.64999389648438,176.24000549316406,1528600
2025-10-15,172.2923126220703,178.36000061035156,179.1699981689453,176.6300048828125,176.72999572753906,1409400
2025-10-16,170.72744750976562,176.74000549316406,179.35000610351562,176.07000732421875,178.55999755859375,1069200
2025-10-17,172.031494140625,178.08999633789062,178.74000549316406,176.36000061035156,176.42999267578125,1045500
2025-10-20,172.39857482910156,178.47000122070312,179.44000244140625,177.1699981689453,178.6300048828125,685200
2025-10-21,172.64007568359375,178.72000122070312,180.6699981689453,178.07000732421875,178.64999389648438,1073300
2025-10-22,173.85719299316406,179.97999572753906,181.05999755859375,178.82000732421875,180.02000427246094,919800
2025-10-23,172.6304168701172,178.7100067138672,180.61000061035156,178.0,179.89999389648438,1168200
2025-10-24,172.031494140625,178.08999633789062,179.83999633789062,178.0500030517578,179.50999450683594,1229500
2025-10-27,173.6640167236328,179.77999877929688,179.9499969482422,177.72000122070312,178.52999877929688,1005000
2025-10-28,170.75640869140625,176.77000427246094,179.35000610351562,176.61000061035156,179.35000610351562,962300
2025-10-29,167.73291015625,173.63999938964844,176.5800018310547,172.38999938964844,175.69000244140625,2293400
2025-10-30,167.4527587890625,173.35000610351562,175.66000366210938,173.1199951171875,174.02000427246094,1571500
2025-10-31,169.78076171875,175.75999450683594,176.4600067138672,172.19000244140625,173.57000732421875,1912300
2025-11-03,170.65980529785156,176.6699981689453,177.6999969482422,173.8000030517578,174.4600067138672,1965500
2025-11-04,176.37841796875,182.58999633789062,185.02000427246094,178.05999755859375,178.05999755859375,2382100
2025-11-05,175.22889709472656,181.39999389648438,184.1300048828125,181.35000610351562,182.86000061035156,1809900
2025-11-06,174.59136962890625,180.74000549316406,182.55999755859375,179.7899932861328,181.5399932861328,1099500
2025-11-07,177.3540496826172,183.60000610351562,183.69000244140625,180.6999969482422,181.4499969482422,1040800
2025-11-10,176.7165069580078,182.94000244140625,184.82000732421875,182.3000030517578,184.3800048828125,1282300
2025-11-11,178.70643615722656,185.0,185.67999267578125,183.86000061035156,183.86000061035156,1251700
2025-11-12,177.55690002441406,183.80999755859375,185.3699951171875,183.77000427246094,184.33999633789062,1480000
2025-11-13,177.3637237548828,183.61000061035156,185.13999938964844,182.77999877929688,183.0,1467800
2025-11-14,176.51365661621094,182.72999572753906,184.07000732421875,181.47999572753906,183.8300018310547,792100
2025-11-17,174.83285522460938,180.99000549316406,183.6300048828125,179.86000061035156,183.6300048828125,1418200
2025-11-18,175.74085998535156,181.92999267578125,182.16000366210938,179.77999877929688,180.27000427246094,945400
2025-11-19,174.0021209716797,180.1300048828125,182.58999633789062,180.10000610351562,182.1199951171875,1132400
2025-11-20,173.94415283203125,180.07000732421875,184.1300048828125,179.9199981689453,182.6999969482422,1184700
2025-11-21,176.85174560546875,183.0800018310547,183.47000122070312,180.30999755859375,180.6999969482422,1331500
2025-11-24,176.44602966308594,182.66000366210938,183.49000549316406,181.4600067138672,183.0800018310547,1425900
2025-11-25,178.83200073242188,185.1300048828125,186.6999969482422,183.19000244140625,183.42999267578125,1368100
2025-11-26,179.24737548828125,185.55999755859375,186.91000366210938,184.5800018310547,184.5800018310547,1180100
2025-11-28,179.98153686523438,186.32000732421875,187.1999969482422,184.4199981689453,185.05999755859375,506300
2025-12-01,178.84165954589844,185.13999938964844,186.25,184.66000366210938,185.0,1073300
2025-12-02,175.9727020263672,182.1699981689453,185.8699951171875,181.35000610351562,185.57000732421875,1242700
2025-12-03,176.09828186035156,182.3000030517578,183.6300048828125,182.27000427246094,182.5,1791700
2025-12-04,177.08360290527344,183.32000732421875,183.9199981689453,182.1699981689453,182.22000122070312,1285800
2025-12-05,176.34942626953125,182.55999755859375,183.72000122070312,182.14999389648438,182.69000244140625,1642400
2025-12-08,173.94415283203125,180.07000732421875,183.1300048828125,179.9499969482422,182.25,1840000
2025-12-09,174.89080810546875,181.0500030517578,182.36000061035156,180.4600067138672,180.52000427246094,1522600
2025-12-10,177.62881469726562,181.64999389648438,183.1999969482422,179.25999450683594,179.3300018310547,2038500
2025-12-11,177.82440185546875,181.85000610351562,183.0,181.14999389648438,182.3000030517578,1451500
2025-12-12,177.9906463623047,182.02000427246094,183.44000244140625,181.63999938964844,182.5399932861328,1239800
2025-12-15,180.09303283691406,184.1699981689453,184.36000061035156,182.25999450683594,182.64999389648438,1498900
2025-12-16,178.4893341064453,182.52999877929688,184.86000061035156,182.25,184.7100067138672,1583400
2025-12-17,180.14193725585938,184.22000122070312,184.85000610351562,182.39999389648438,182.97999572753906,1442600
2025-12-18,180.97312927246094,185.07000732421875,187.0800018310547,183.5500030517578,184.99000549316406,1144300
2025-12-19,180.83621215820312,184.92999267578125,185.52000427246094,183.9499969482422,185.02999877929688,4492200
2025-12-22,182.52792358398438,186.66000366210938,186.97000122070312,183.6300048828125,184.1699981689453,1160900
2025-12-23,183.44712829589844,187.60000610351562,187.74000549316406,185.77000427246094,186.5500030517578,937900
2025-12-24,184.12184143066406,188.2899932861328,189.0500030517578,187.88999938964844,188.16000366210938,437200
2025-12-26,183.5546875,187.7100067138672,188.91000366210938,186.39999389648438,188.32000732421875,492000
2025-12-29,183.4666748046875,187.6199951171875,188.7100067138672,187.08999633789062,188.52999877929688,746400
2025-12-30,182.69415283203125,186.8300018310547,187.9499969482422,186.24000549316406,187.41000366210938,768400
2025-12-31,181.01222229003906,185.11000061035156,187.0,185.0500030517578,186.6699981689453,1096500
2026-01-02,179.89747619628906,183.97000122070312,185.86000061035156,182.8800048828125,184.47000122070312,987600
2026-01-05,179.0565185546875,183.11000061035156,185.1999969482422,183.05999755859375,183.05999755859375,1480600
2026-01-06,182.1759033203125,186.3000030517578,186.97000122070312,182.0,182.14999389648438,1204000
2026-01-07,179.87791442871094,183.9499969482422,187.6999969482422,183.91000366210938,186.64999389648438,1203600
2026-01-08,180.88511657714844,184.97999572753906,187.44000244140625,183.36000061035156,183.36000061035156,1630900
2026-01-09,180.60153198242188,184.69000244140625,186.02999877929688,184.1300048828125,184.72000122070312,1169300
2026-01-12,180.73843383789062,184.8300018310547,185.1199951171875,183.11000061035156,184.2100067138672,1344200
2026-01-13,180.29840087890625,184.3800048828125,185.9199981689453,182.77000427246094,184.86000061035156,1369000
2026-01-14,181.60873413085938,185.72000122070312,186.0800018310547,182.25999450683594,184.1699981689453,1886100
2026-01-15,178.2742156982422,182.30999755859375,186.9499969482422,181.35000610351562,186.9499969482422,2103900
2026-01-16,180.82643127441406,184.9199981689453,185.11000061035156,180.1699981689453,181.58999633789062,1707200
2026-01-20,180.23973083496094,184.32000732421875,185.86000061035156,183.3000030517578,185.86000061035156,3051300
2026-01-21,181.07090759277344,185.1699981689453,186.4600067138672,184.55999755859375,185.7899932861328,2352300
2026-01-22,181.00247192382812,185.10000610351562,187.92999267578125,183.8699951171875,184.91000366210938,1440400
2026-01-23,180.64065551757812,184.72999572753906,185.75999450683594,183.60000610351562,184.57000732421875,833500
2026-01-26,181.2273712158203,185.3300018310547,185.99000549316406,183.72999572753906,185.19000244140625,976900
2026-01-27,180.4744110107422,184.55999755859375,185.77000427246094,183.16000366210938,185.47999572753906,1021700
2026-01-28,179.69212341308594,183.75999450683594,185.75,183.36000061035156,184.75,1326400
2026-01-29,185.59841918945312,189.8000030517578,189.8000030517578,183.74000549316406,185.3300018310547,1687300
2026-01-30,187.07498168945312,191.30999755859375,192.25,189.27999877929688,189.85000610351562,3019700
2026-02-02,186.9869842529297,191.22000122070312,193.5,190.6199951171875,191.9199981689453,2151400
2026-02-03,185.22682189941406,189.4199981689453,191.5399932861328,186.1999969482422,190.5399932861328,2276900
2026-02-04,191.26023864746094,195.58999633789062,196.58999633789062,190.22000122070312,190.3800048828125,1989100
2026-02-05,192.8932647705078,197.25999450683594,197.92999267578125,194.38999938964844,196.55999755859375,1877600
2026-02-06,195.1814727783203,199.60000610351562,201.39999389648438,197.8300018310547,199.99000549316406,2322300
2026-02-09,192.2185516357422,196.57000732421875,200.0,196.50999450683594,199.6300048828125,1384700
2026-02-10,191.95452880859375,196.3000030517578,198.6199951171875,195.1699981689453,197.19000244140625,1693200
2026-02-11,190.45840454101562,194.77000427246094,196.83999633789062,193.8800048828125,195.99000549316406,1354400
2026-02-12,187.19232177734375,191.42999267578125,197.33999633789062,191.39999389648438,194.38999938964844,2334400
2026-02-13,192.47279357910156,196.8300018310547,198.08999633789062,191.19000244140625,194.0,1873500
2026-02-17,197.53811645507812,202.00999450683594,202.08999633789062,196.80999755859375,197.10000610351562,1761200
2026-02-18,195.2108154296875,199.6300048828125,203.0,198.75,201.7100067138672,1687900
2026-02-19,195.298828125,199.72000122070312,201.24000549316406,198.8300018310547,199.2100067138672,1203100
2026-02-20,197.2349853515625,201.6999969482422,202.8000030517578,199.0,200.0800018310547,1420300
2026-02-23,195.64108276367188,200.07000732421875,203.60000610351562,199.7899932861328,202.0800018310547,1356400
2026-02-24,194.9663543701172,199.3800048828125,201.41000366210938,198.27000427246094,200.2100067138672,1137900
2026-02-25,196.54071044921875,200.99000549316406,201.47999572753906,198.50999450683594,199.88999938964844,1144700
2026-02-26,198.1150665283203,202.60000610351562,204.0500030517578,201.52999877929688,201.86000061035156,1103200
2026-02-27,199.33740234375,203.85000610351562,205.1199951171875,202.4499969482422,203.22999572753906,2113500
2026-03-02,198.66265869140625,203.16000366210938,204.49000549316406,200.39999389648438,202.47999572753906,1547500
2026-03-03,197.4794464111328,201.9499969482422,203.27000427246094,197.32000732421875,200.05999755859375,1507800
2026-03-04,198.60398864746094,203.10000610351562,203.89999389648438,201.61000061035156,201.61000061035156,1121700
2026-03-05,196.57981872558594,201.02999877929688,202.4499969482422,199.6999969482422,201.5,1505500
2026-03-06,190.51707458496094,194.8300018310547,200.0,193.4499969482422,199.05999755859375,1766200
2026-03-09,188.56134033203125,192.8300018310547,193.22999572753906,187.11000061035156,192.0,2370900
2026-03-10,189.9857177734375,192.07000732421875,194.6699981689453,189.52000427246094,190.11000061035156,1596600
2026-03-11,187.50294494628906,189.55999755859375,191.0399932861328,188.35000610351562,189.58999633789062,1605800
2026-03-12,185.5345458984375,187.57000732421875,188.38999938964844,185.77000427246094,188.22000122070312,2192000
2026-03-13,184.7926788330078,186.82000732421875,190.0,186.3699951171875,189.4199981689453,1404100
2026-03-16,187.2754364013672,189.3300018310547,190.7899932861328,188.22000122070312,189.6999969482422,1327600
2026-03-17,188.46241760253906,190.52999877929688,191.91000366210938,190.0800018310547,191.47000122070312,1380600
2026-03-18,187.83924865722656,189.89999389648438,192.2100067138672,189.77000427246094,190.97000122070312,1732500
2026-03-19,189.23394775390625,191.30999755859375,192.22000122070312,189.5,189.5,1257500
2026-03-20,182.51763916015625,184.52000427246094,191.94000244140625,183.2100067138672,191.7100067138672,3861000
2026-03-23,179.52052307128906,181.49000549316406,186.66000366210938,181.36000061035156,185.9499969482422,2550600
2026-03-24,176.33546447753906,178.27000427246094,182.05999755859375,177.8800048828125,180.2899932861328,3100000
2026-03-25,179.5996551513672,181.57000732421875,183.30999755859375,179.0500030517578,179.2100067138672,1749800
2026-03-26,179.82716369628906,181.8000030517578,182.8300018310547,181.02999877929688,181.16000366210938,1478400
2026-03-27,178.23463439941406,180.19000244140625,182.13999938964844,179.13999938964844,180.89999389648438,1991400
2026-03-30,180.37118530273438,182.35000610351562,184.25,181.75999450683594,182.16000366210938,1822700
2026-03-31,184.50582885742188,186.52999877929688,187.52000427246094,183.3000030517578,184.75999450683594,2296000
2026-04-01,186.04888916015625,188.08999633789062,188.8000030517578,186.02000427246094,186.66000366210938,1988700
2026-04-02,186.6226043701172,188.6699981689453,189.25,186.07000732421875,187.5,1299900
2026-04-06,188.16566467285156,190.22999572753906,190.6199951171875,187.22999572753906,188.47000122070312,1031300
2026-04-07,188.50198364257812,190.57000732421875,191.0800018310547,188.75,190.08999633789062,883700
2026-04-08,191.934326171875,194.0399932861328,195.22000122070312,192.50999450683594,192.6199951171875,1547800
2026-04-09,196.8108367919922,198.97000122070312,199.6300048828125,193.5,193.74000549316406,1226700
2026-04-10,198.3934783935547,200.57000732421875,200.6300048828125,198.3300018310547,199.38999938964844,1107600
2026-04-13,198.53195190429688,200.7100067138672,200.75999450683594,197.3800048828125,200.60000610351562,1372200
2026-04-14,200.75753784179688,202.9600067138672,203.0500030517578,199.94000244140625,200.47999572753906,2263800
2026-04-15,199.42218017578125,201.61000061035156,202.52000427246094,199.13999938964844,202.4499969482422,1267200
2026-04-16,199.16500854492188,201.35000610351562,203.2899932861328,200.89999389648438,201.27000427246094,1436000
2026-04-17,203.99203491210938,206.22999572753906,206.72999572753906,201.3699951171875,202.10000610351562,1345900
2026-04-20,205.3076171875,207.55999755859375,208.1999969482422,205.08999633789062,205.3300018310547,992900
2026-04-21,202.53799438476562,204.75999450683594,208.27999877929688,204.64999389648438,207.07000732421875,1365400
2026-04-22,199.4914093017578,201.67999267578125,205.66000366210938,201.38999938964844,205.39999389648438,1186100
2026-04-23,201.44993591308594,203.66000366210938,204.5800018310547,201.75999450683594,202.7100067138672,806500
2026-04-24,198.97706604003906,201.16000366210938,203.67999267578125,200.64999389648438,203.14999389648438,1045900
2026-04-27,199.10565185546875,201.2899932861328,202.0500030517578,198.89999389648438,200.55999755859375,1399000
2026-04-28,200.5498046875,202.75,204.0,200.6300048828125,203.25999450683594,1410100
2026-04-29,197.91867065429688,200.08999633789062,203.17999267578125,198.41000366210938,202.0,1049800
2026-04-30,201.49940490722656,203.7100067138672,203.9499969482422,199.92999267578125,200.36000061035156,1394400
2026-05-01,200.24317932128906,202.44000244140625,203.82000732421875,201.38999938964844,203.82000732421875,1014400
2026-05-04,199.32325744628906,201.50999450683594,202.74000549316406,200.4199981689453,201.41000366210938,850600
2026-05-05,200.1145782470703,202.30999755859375,203.4499969482422,201.7899932861328,202.19000244140625,967600
2026-05-06,203.27984619140625,205.50999450683594,206.24000549316406,203.16000366210938,203.72999572753906,1129900
2026-05-07,199.21444702148438,201.39999389648438,206.02000427246094,200.8000030517578,205.24000549316406,1409500
2026-05-08,199.9266357421875,202.1199951171875,203.74000549316406,201.6699981689453,202.22999572753906,1081600
2026-05-11,198.8188018798828,201.0,203.38999938964844,200.0,202.75,1895700
2026-05-12,203.42823791503906,205.66000366210938,206.4600067138672,202.74000549316406,205.22000122070312,2019700
2026-05-13,198.38357543945312,200.55999755859375,205.2899932861328,200.22000122070312,205.2899932861328,1310200
2026-05-14,200.59927368164062,202.8000030517578,203.25999450683594,199.0,200.55999755859375,1430600
2026-05-15,197.8494415283203,200.02000427246094,202.27999877929688,199.5,202.27999877929688,2152000
2026-05-18,198.24508666992188,200.4199981689453,201.52999877929688,199.41000366210938,200.05999755859375,1815000
2026-05-19,198.68031311035156,200.86000061035156,202.19000244140625,198.63999938964844,200.6300048828125,1402300
2026-05-20,201.88516235351562,204.10000610351562,204.36000061035156,199.97000122070312,201.49000549316406,1152200
2026-05-21,202.6764678955078,204.89999389648438,205.52999877929688,200.9199981689453,203.11000061035156,1143300
2026-05-22,202.19180297851562,204.41000366210938,206.30999755859375,203.4600067138672,206.30999755859375,1152000
2026-05-26,204.6943359375,206.94000244140625,207.14999389648438,204.60000610351562,205.27000427246094,1257600
2026-05-27,204.52618408203125,206.77000427246094,208.7899932861328,206.6300048828125,207.24000549316406,1253200
2026-05-28,204.52618408203125,206.77000427246094,207.5399932861328,204.6999969482422,205.9600067138672,1339400
2026-05-29,202.68637084960938,204.91000366210938,206.99000549316406,203.88999938964844,206.4499969482422,3950300
2026-06-01,200.50035095214844,202.6999969482422,204.8000030517578,202.1999969482422,203.66000366210938,1641300
2026-06-02,201.32135009765625,203.52999877929688,205.38999938964844,202.25999450683594,202.6999969482422,2009200
2026-06-03,201.34112548828125,203.5500030517578,205.19000244140625,202.3000030517578,202.8300018310547,2117000
2026-06-04,203.98216247558594,206.22000122070312,206.52000427246094,204.5,206.10000610351562,1512900
2026-06-05,208.02777099609375,210.30999755859375,211.22999572753906,205.22999572753906,205.47999572753906,1406500
2026-06-08,205.08999633789062,207.33999633789062,211.67999267578125,206.10000610351562,211.13999938964844,2092200
2026-06-09,211.88999938964844,211.88999938964844,213.0800018310547,205.17999267578125,206.8800048828125,2212500
2026-06-10,212.82000732421875,212.82000732421875,214.6300048828125,211.00999450683594,212.5399932861328,2005700
2026-06-11,214.86000061035156,214.86000061035156,216.27999877929688,213.6199951171875,215.0,1897200
2026-06-12,219.0399932861328,219.0399932861328,220.44000244140625,216.5,216.99000549316406,1965400
2026-06-15,215.66000366210938,215.66000366210938,219.8699951171875,214.44000244140625,219.0399932861328,2222700
2026-06-16,215.22999572753906,215.22999572753906,217.47999572753906,214.08999633789062,215.82000732421875,3243000
2026-06-17,209.86000061035156,209.86000061035156,215.80999755859375,208.7100067138672,214.57000732421875,3717400
2026-06-18,211.3300018310547,211.3300018310547,214.3000030517578,211.2899932861328,214.0399932861328,3655400
2026-06-22,214.57000732421875,214.57000732421875,214.6699981689453,212.0,212.61000061035156,2916700
2026-06-23,216.74000549316406,216.74000549316406,217.7100067138672,214.19000244140625,215.0399932861328,2595400
2026-06-24,222.14999389648438,222.14999389648438,222.39999389648438,216.0399932861328,216.92999267578125,2471700
2026-06-25,225.49000549316406,225.49000549316406,226.44000244140625,221.8000030517578,222.1199951171875,2932200
2026-06-26,226.88999938964844,226.88999938964844,228.5800018310547,225.5500030517578,226.89999389648438,8719600
2026-06-29,227.55999755859375,227.55999755859375,228.08999633789062,225.27999877929688,226.24000549316406,1870500
2026-06-30,223.64999389648438,223.64999389648438,226.27999877929688,222.5399932861328,225.42999267578125,2387800
2026-07-01,223.0,223.0,223.1699981689453,220.0399932861328,221.36000061035156,2551000
2026-07-02,226.05999755859375,226.05999755859375,226.1199951171875,223.0800018310547,224.0,1683100
2026-07-06,225.0,225.0,225.86000061035156,223.4499969482422,225.64999389648438,2216300
2026-07-07,227.19000244140625,227.19000244140625,229.58999633789062,225.0,226.07000732421875,1410200
2026-07-08,219.08999633789062,219.08999633789062,226.83999633789062,219.02999877929688,226.1999969482422,1902600
2026-07-09,219.7100067138672,219.7100067138672,222.25,218.32000732421875,219.27000427246094,1694900
2026-07-10,218.77000427246094,218.77000427246094,221.41000366210938,212.82000732421875,221.1300048828125,2424100
2026-07-13,219.49000549316406,219.49000549316406,221.6199951171875,218.0500030517578,218.27000427246094,1248800
2026-07-14,221.27999877929688,221.27999877929688,222.0,219.63999938964844,220.9600067138672,1611300
2026-07-15,222.00999450683594,222.00999450683594,224.13999938964844,220.8000030517578,222.7899932861328,1490800
2026-07-16,228.49000549316406,228.49000549316406,228.61000061035156,222.8000030517578,223.0,1318500
2026-07-17,228.6999969482422,228.6999969482422,231.52999877929688,226.8699951171875,229.0500030517578,1407900
2026-07-20,228.19000244140625,228.19000244140625,230.8800048828125,227.25,229.14999389648438,1500900
2026-07-21,226.7899932861328,226.7899932861328,230.0,226.25999450683594,229.91000366210938,1908000
2026-07-22,226.22000122070312,226.22000122070312,227.8000030517578,225.32000732421875,227.14999389648438,1170100
2026-07-23,225.1999969482422,225.1999969482422,227.7899932861328,224.22000122070312,225.3800048828125,1255400
2026-07-24,229.77999877929688,229.77999877929688,229.85000610351562,225.8300018310547,226.47000122070312,983800
2026-07-27,231.6699981689453,231.6699981689453,231.72999572753906,229.36000061035156,229.66000366210938,896900
