Date,Adj Close,Close,High,Low,Open,Volume
2021-08-02,56.1075439453125,65.625,66.3499984741211,65.3550033569336,65.5250015258789,1667400
2021-08-03,56.41960525512695,65.98999786376953,66.21499633789062,65.5250015258789,65.875,1478600
2021-08-04,55.940826416015625,65.43000030517578,65.5250015258789,64.55000305175781,65.46499633789062,1996200
2021-08-05,56.83000183105469,66.47000122070312,66.48999786376953,65.20500183105469,65.25499725341797,1902000
2021-08-06,56.5692253112793,66.16500091552734,66.75,66.07499694824219,66.61000061035156,1422200
2021-08-09,56.111812591552734,65.62999725341797,66.27999877929688,65.19499969482422,66.1449966430664,1651600
2021-08-10,56.32128143310547,65.875,66.08000183105469,65.375,65.54499816894531,1297200
2021-08-11,56.428157806396484,66.0,66.30500030517578,65.7699966430664,66.0,2002400
2021-08-12,56.607696533203125,66.20999908447266,66.41000366210938,65.76000213623047,65.875,1214400
2021-08-13,57.184810638427734,66.88500213623047,66.92500305175781,66.125,66.41000366210938,1416600
2021-08-16,57.09931564331055,66.78500366210938,67.7750015258789,66.61499786376953,67.0199966430664,2261800
2021-08-17,57.236106872558594,66.94499969482422,67.01499938964844,66.11499786376953,66.41999816894531,1472400
2021-08-18,56.68037796020508,66.29499816894531,66.91500091552734,66.04000091552734,66.91500091552734,1546400
2021-08-19,56.41533660888672,65.98500061035156,67.08499908447266,65.9000015258789,66.28500366210938,2050800
2021-08-20,57.009544372558594,66.68000030517578,66.82499694824219,65.37000274658203,65.78500366210938,4974000
2021-08-23,56.38113784790039,65.94499969482422,66.98999786376953,65.83000183105469,66.98999786376953,2415200
2021-08-24,55.987850189208984,65.48500061035156,66.1050033569336,65.2300033569336,66.02999877929688,3256000
2021-08-25,56.25288772583008,65.79499816894531,65.91500091552734,65.16500091552734,65.42500305175781,1727600
2021-08-26,56.338382720947266,65.8949966430664,66.24500274658203,65.5,65.66000366210938,2096800
2021-08-27,56.36830520629883,65.93000030517578,66.2750015258789,65.72000122070312,66.02999877929688,2097800
2021-08-30,56.34693908691406,65.90499877929688,66.25,65.83999633789062,66.20999908447266,1195200
2021-08-31,56.58205032348633,66.18000030517578,66.5999984741211,65.68000030517578,65.96499633789062,3472000
2021-09-01,57.11214065551758,66.80000305175781,67.16000366210938,66.26000213623047,66.4749984741211,2399600
2021-09-02,57.56098937988281,67.32499694824219,67.54000091552734,66.90499877929688,66.94999694824219,2766200
2021-09-03,57.030921936035156,66.70500183105469,67.23500061035156,66.66999816894531,67.23500061035156,1281600
2021-09-07,56.51792907714844,66.1050033569336,66.94999694824219,66.0999984741211,66.51000213623047,1982600
2021-09-08,57.28313064575195,67.0,67.48999786376953,66.0,66.125,1881200
2021-09-09,57.201904296875,66.90499877929688,67.27999877929688,66.7699966430664,66.91999816894531,1780600
2021-09-10,56.637630462646484,66.24500274658203,66.91500091552734,66.21499633789062,66.88500213623047,2085000
2021-09-13,57.28313064575195,67.0,67.69499969482422,66.73500061035156,66.95999908447266,2490200
2021-09-14,57.21046829223633,66.91500091552734,67.55500030517578,66.63500213623047,67.25,2562000
2021-09-15,58.46298599243164,68.37999725341797,68.40499877929688,66.57499694824219,67.26499938964844,3930600
2021-09-16,57.76192092895508,67.55999755859375,68.80500030517578,67.2750015258789,68.33999633789062,2627600
2021-09-17,57.01808547973633,66.69000244140625,68.41000366210938,66.625,67.55999755859375,6363600
2021-09-20,56.013492584228516,65.51499938964844,66.63999938964844,64.74500274658203,66.09500122070312,3241400
2021-09-21,55.77410125732422,65.23500061035156,66.26000213623047,65.21499633789062,65.8949966430664,2008000
2021-09-22,55.93227767944336,65.41999816894531,66.05999755859375,65.30999755859375,65.62000274658203,1842400
2021-09-23,55.626182556152344,64.51499938964844,65.4800033569336,64.38500213623047,64.87000274658203,2096600
2021-09-24,55.94521713256836,64.88500213623047,65.22000122070312,64.53500366210938,64.53500366210938,1714600
2021-09-27,55.55720520019531,64.43499755859375,65.83999633789062,64.29000091552734,65.01499938964844,2019600
2021-09-28,53.29386520385742,61.810001373291016,64.37000274658203,61.775001525878906,64.26000213623047,4786600
2021-09-29,54.9493408203125,63.72999954223633,64.05999755859375,61.79499816894531,61.93000030517578,4334600
2021-09-30,54.53547286987305,63.25,64.40499877929688,63.22999954223633,64.12999725341797,2997800
2021-10-01,54.13885498046875,62.790000915527344,64.09500122070312,62.68000030517578,63.790000915527344,2334400
2021-10-04,54.54408645629883,63.2599983215332,63.560001373291016,62.46500015258789,62.5,2469400
2021-10-05,54.595829010009766,63.31999969482422,63.7599983215332,63.04499816894531,63.314998626708984,2552400
2021-10-06,55.08298110961914,63.8849983215332,63.97999954223633,62.435001373291016,62.86000061035156,3695600
2021-10-07,54.14315414428711,62.79499816894531,64.4000015258789,62.5,64.19499969482422,4342200
2021-10-08,53.72499084472656,62.310001373291016,63.244998931884766,62.04499816894531,62.88999938964844,2392800
2021-10-11,53.08263397216797,61.564998626708984,62.439998626708984,61.54499816894531,62.28499984741211,2083600
2021-10-12,53.634456634521484,62.20500183105469,62.38999938964844,61.55500030517578,61.84000015258789,3887800
2021-10-13,54.686378479003906,63.42499923706055,63.529998779296875,61.380001068115234,61.4900016784668,3511400
2021-10-14,55.2080078125,64.02999877929688,64.18000030517578,63.5,63.755001068115234,2629400
2021-10-15,55.35890197753906,64.20500183105469,64.87000274658203,63.904998779296875,64.17500305175781,2484000
2021-10-18,54.93210220336914,63.709999084472656,64.30999755859375,63.310001373291016,63.8650016784668,2787400
2021-10-19,55.80295181274414,64.72000122070312,64.83499908447266,64.0999984741211,64.18499755859375,1810600
2021-10-20,56.59618377685547,65.63999938964844,65.86499786376953,64.94499969482422,65.02999877929688,1970800
2021-10-21,56.15644454956055,65.12999725341797,65.80500030517578,65.07499694824219,65.6449966430664,1662800
2021-10-22,56.54877471923828,65.58499908447266,65.69499969482422,65.15499877929688,65.30999755859375,1112400
2021-10-25,56.199562072753906,65.18000030517578,65.80500030517578,65.0,65.6050033569336,1519600
2021-10-26,56.6651611328125,65.72000122070312,66.33499908447266,65.40499877929688,65.56500244140625,1491600
2021-10-27,55.98832321166992,64.93499755859375,66.06500244140625,64.84500122070312,65.75,1519800
2021-10-28,55.92366027832031,64.86000061035156,65.46499633789062,64.58999633789062,64.92500305175781,1934800
2021-10-29,55.02262878417969,63.814998626708984,64.9800033569336,63.44499969482422,64.78500366210938,3132200
2021-11-01,55.565834045410156,64.44499969482422,64.62000274658203,63.814998626708984,63.94499969482422,2034800
2021-11-02,55.195068359375,64.01499938964844,64.62999725341797,63.529998779296875,64.62999725341797,3018800
2021-11-03,55.25973892211914,64.08999633789062,64.43499755859375,63.435001373291016,63.85499954223633,3198200
2021-11-04,54.901912689208984,63.67499923706055,64.28500366210938,63.20500183105469,64.08999633789062,4234600
2021-11-05,54.901912689208984,63.67499923706055,64.88500213623047,63.220001220703125,63.43000030517578,3763600
2021-11-08,54.13885498046875,62.790000915527344,63.95500183105469,62.525001525878906,63.93000030517578,2821000
2021-11-09,53.914676666259766,62.529998779296875,62.85499954223633,62.189998626708984,62.65999984741211,3098000
2021-11-10,53.72067642211914,62.30500030517578,63.11000061035156,62.03499984741211,62.68000030517578,2421600
2021-11-11,52.423038482666016,60.79999923706055,62.345001220703125,60.6349983215332,62.03499984741211,3082600
2021-11-12,52.63859176635742,61.04999923706055,61.095001220703125,60.70500183105469,60.79999923706055,1911200
2021-11-15,53.69912338256836,62.279998779296875,62.4900016784668,61.185001373291016,61.46500015258789,3092000
2021-11-16,54.31991958618164,63.0,64.18000030517578,62.279998779296875,62.46500015258789,6631200
2021-11-17,53.5611686706543,62.119998931884766,62.78499984741211,62.025001525878906,62.709999084472656,2640200
2021-11-18,52.91450500488281,61.369998931884766,62.619998931884766,61.29999923706055,62.119998931884766,2846800
2021-11-19,52.923118591308594,61.380001068115234,61.689998626708984,60.94499969482422,61.67499923706055,3648400
2021-11-22,53.86725616455078,62.474998474121094,62.779998779296875,61.314998626708984,61.35499954223633,3549000
2021-11-23,54.026771545410156,62.65999984741211,63.369998931884766,62.334999084472656,62.71500015258789,3455200
2021-11-24,54.11729431152344,62.76499938964844,63.244998931884766,62.47999954223633,62.57500076293945,2537200
2021-11-26,52.4575309753418,60.84000015258789,62.03499984741211,60.73500061035156,61.92499923706055,2265600
2021-11-29,53.54393005371094,62.099998474121094,62.654998779296875,61.224998474121094,61.55500030517578,4434600
2021-11-30,51.67721939086914,59.935001373291016,61.66999816894531,59.845001220703125,61.505001068115234,5752000
2021-12-01,51.5866813659668,59.83000183105469,61.78499984741211,59.779998779296875,60.53499984741211,3417400
2021-12-02,52.763607025146484,61.19499969482422,61.67499923706055,59.849998474121094,59.90999984741211,3246000
2021-12-03,53.34992980957031,61.875,61.935001373291016,60.79499816894531,61.64500045776367,3204800
2021-12-06,54.087127685546875,62.72999954223633,63.63999938964844,62.154998779296875,62.53499984741211,3083400
2021-12-07,54.71223068237305,63.45500183105469,63.75,62.505001068115234,62.91999816894531,3152600
2021-12-08,54.37165451049805,63.060001373291016,63.75,62.869998931884766,63.29499816894531,2822600
2021-12-09,54.4061393737793,63.099998474121094,63.625,62.290000915527344,63.11000061035156,3397600
2021-12-10,54.660499572753906,63.39500045776367,63.73500061035156,63.04999923706055,63.724998474121094,2614600
2021-12-13,54.4449462890625,63.14500045776367,63.54999923706055,62.869998931884766,63.1349983215332,3414000
2021-12-14,54.38459014892578,63.07500076293945,63.79999923706055,62.974998474121094,63.20000076293945,3625200
2021-12-15,55.04849624633789,63.845001220703125,63.974998474121094,62.82500076293945,63.11000061035156,2844600
2021-12-16,55.43649673461914,64.29499816894531,65.06500244140625,63.90999984741211,64.0,4772400
2021-12-17,54.69498825073242,63.435001373291016,64.31500244140625,63.1349983215332,64.01000213623047,6197800
2021-12-20,54.98814392089844,63.775001525878906,63.970001220703125,62.220001220703125,62.76499938964844,2772000
2021-12-21,55.40200424194336,64.25499725341797,65.07499694824219,64.16000366210938,64.29000091552734,3165800
2021-12-22,56.162960052490234,64.58000183105469,64.93499755859375,64.0,64.00499725341797,3268800
2021-12-23,56.27167892456055,64.70500183105469,65.16999816894531,64.33000183105469,64.44499969482422,2648200
2021-12-27,56.597801208496094,65.08000183105469,65.17500305175781,64.6050033569336,64.98999786376953,1468400
2021-12-28,56.87173080444336,65.3949966430664,65.55500030517578,64.99500274658203,65.11000061035156,1235000
2021-12-29,57.15873718261719,65.7249984741211,65.7750015258789,65.08000183105469,65.3499984741211,2889000
2021-12-30,57.29787826538086,65.88500213623047,66.1050033569336,65.5199966430664,65.80000305175781,1466600
2021-12-31,57.51963806152344,66.13999938964844,66.42500305175781,65.54499816894531,65.70500183105469,1461400
2022-01-03,57.3935432434082,65.99500274658203,66.25,65.46499633789062,66.25,2070600
2022-01-04,58.428436279296875,67.18499755859375,67.80000305175781,66.25,66.25,5013800
2022-01-05,58.78500747680664,67.59500122070312,68.44499969482422,67.29499816894531,67.31999969482422,4007600
2022-01-06,59.206787109375,68.08000183105469,68.58499908447266,67.41500091552734,67.86499786376953,3353200
2022-01-07,60.098209381103516,69.1050033569336,69.71499633789062,67.44999694824219,68.08000183105469,3569200
2022-01-10,59.8764533996582,68.8499984741211,69.44999694824219,68.5,69.25,3206400
2022-01-11,59.067649841308594,67.91999816894531,68.94000244140625,67.4800033569336,68.68000030517578,2818400
2022-01-12,59.232879638671875,68.11000061035156,68.28500366210938,67.65499877929688,67.875,2253400
2022-01-13,59.51987838745117,68.44000244140625,68.58000183105469,67.9800033569336,67.9800033569336,3179000
2022-01-14,59.98949432373047,68.9800033569336,69.16000366210938,67.68499755859375,68.20999908447266,3054400
2022-01-18,59.015464782714844,67.86000061035156,68.94999694824219,67.63999938964844,68.53500366210938,4367400
2022-01-19,59.08069610595703,67.93499755859375,68.94999694824219,67.8499984741211,68.01000213623047,3066400
2022-01-20,58.650211334228516,67.44000244140625,68.55000305175781,67.33499908447266,67.9800033569336,2765600
2022-01-21,58.658897399902344,67.44999694824219,68.44999694824219,67.28500366210938,67.80500030517578,3519400
2022-01-24,57.24570083618164,65.82499694824219,67.4000015258789,64.97000122070312,67.16000366210938,6652000
2022-01-25,58.232757568359375,66.95999908447266,67.37000274658203,64.84500122070312,65.47000122070312,3945200
2022-01-26,58.54584884643555,67.31999969482422,68.18499755859375,66.58999633789062,67.01000213623047,3691800
2022-01-27,59.11982727050781,67.9800033569336,68.72000122070312,67.43499755859375,68.18499755859375,3697000
2022-01-28,59.51118087768555,68.43000030517578,68.48999786376953,67.05999755859375,67.75,3558400
2022-01-31,60.07646560668945,69.08000183105469,69.1449966430664,67.74500274658203,67.87999725341797,8547800
2022-02-01,59.18939971923828,68.05999755859375,69.375,67.8949966430664,68.8949966430664,4408400
2022-02-02,60.093849182128906,69.0999984741211,69.30999755859375,67.87999725341797,68.11499786376953,3493000
2022-02-03,59.580753326416016,68.51000213623047,69.1449966430664,68.3949966430664,69.02999877929688,2315600
2022-02-04,59.25463104248047,68.13500213623047,68.93000030517578,67.83000183105469,68.0,3055400
2022-02-07,59.57204818725586,68.5,68.8550033569336,68.0250015258789,68.16999816894531,1837000
2022-02-08,59.96775817871094,68.95500183105469,69.2750015258789,68.6050033569336,68.9000015258789,2073800
2022-02-09,59.898170471191406,68.875,69.5,68.37999725341797,69.3499984741211,2367600
2022-02-10,58.94589614868164,67.77999877929688,69.08999633789062,67.58499908447266,68.44999694824219,2959600
2022-02-11,59.12852478027344,67.98999786376953,68.55500030517578,67.66000366210938,68.20999908447266,2209800
2022-02-14,58.7589111328125,67.56500244140625,68.30500030517578,66.83999633789062,68.22000122070312,2922600
2022-02-15,58.52845764160156,67.30000305175781,68.24500274658203,66.97000122070312,67.93000030517578,1778400
2022-02-16,58.802406311035156,67.61499786376953,67.94000244140625,67.15499877929688,67.41000366210938,1888000
2022-02-17,58.87196350097656,67.69499969482422,67.93000030517578,66.94000244140625,67.4800033569336,2066200
2022-02-18,58.92414093017578,67.75499725341797,68.1500015258789,67.25499725341797,67.4800033569336,2740400
2022-02-22,58.92414093017578,67.75499725341797,68.3499984741211,67.16000366210938,68.3499984741211,2464000
2022-02-23,58.11101150512695,66.81999969482422,68.2300033569336,66.79000091552734,67.93000030517578,2570200
2022-02-24,58.3675651550293,67.11499786376953,67.33000183105469,65.50499725341797,66.44999694824219,4065000
2022-02-25,61.502708435058594,70.72000122070312,70.9749984741211,68.08499908447266,68.45500183105469,4331200
2022-02-28,62.71154022216797,72.11000061035156,72.8499984741211,70.41999816894531,71.20999908447266,6548600
2022-03-01,63.124629974365234,72.58499908447266,73.125,71.61499786376953,72.125,4549400
2022-03-02,64.51609802246094,74.18499755859375,74.62000274658203,72.58999633789062,72.7699966430664,5519000
2022-03-03,65.05528259277344,74.80500030517578,75.2300033569336,74.08499908447266,74.18499755859375,4623400
2022-03-04,66.05974578857422,75.95999908447266,75.99500274658203,74.375,74.54000091552734,3750600
2022-03-07,66.45979309082031,76.41999816894531,76.6449966430664,74.91999816894531,75.61499786376953,4574800
2022-03-08,66.6989517211914,76.69499969482422,77.61499786376953,76.03500366210938,77.05999755859375,3898200
2022-03-09,66.22499084472656,76.1500015258789,77.375,76.05500030517578,77.05500030517578,3227600
2022-03-10,67.52079010009766,77.63999938964844,77.68499755859375,75.8949966430664,76.37999725341797,3200200
2022-03-11,67.0555191040039,77.1050033569336,78.53500366210938,76.95999908447266,77.59500122070312,3354400
2022-03-14,66.95115661621094,76.98500061035156,77.9749984741211,75.9749984741211,77.96499633789062,4725400
2022-03-15,67.40339660644531,77.50499725341797,78.57499694824219,76.83999633789062,78.23500061035156,3616400
2022-03-16,67.12509155273438,77.18499755859375,77.73999786376953,76.29000091552734,77.5,3356000
2022-03-17,67.75993347167969,77.91500091552734,78.16500091552734,76.91000366210938,77.34500122070312,4446000
2022-03-18,67.95996856689453,78.1449966430664,78.48999786376953,77.40499877929688,77.79499816894531,8650000
2022-03-21,69.24707794189453,79.625,79.75,78.38500213623047,78.48999786376953,4407800
2022-03-22,68.76005554199219,79.06500244140625,79.51499938964844,78.48500061035156,79.26499938964844,6813600
2022-03-23,69.32100677490234,79.70999908447266,80.1500015258789,78.57499694824219,78.91999816894531,5044800
2022-03-24,69.57720947265625,79.43000030517578,79.55500030517578,78.7300033569336,78.88500213623047,2620200
2022-03-25,71.15394592285156,81.2300033569336,81.28500366210938,79.43499755859375,79.47000122070312,2851800
2022-03-28,71.44300842285156,81.55999755859375,81.55999755859375,80.44000244140625,80.92500305175781,2952600
2022-03-29,72.2401351928711,82.47000122070312,82.48999786376953,80.95500183105469,81.58000183105469,3611800
2022-03-30,73.41390228271484,83.80999755859375,83.94999694824219,82.5,82.6050033569336,3128000
2022-03-31,73.63289642333984,84.05999755859375,84.7750015258789,83.2750015258789,83.5,3501800
2022-04-01,74.6052017211914,85.16999816894531,85.29499816894531,83.43499755859375,83.76000213623047,2098200
2022-04-04,73.03724670410156,83.37999725341797,84.80000305175781,82.65499877929688,84.80000305175781,3161200
2022-04-05,72.27954864501953,82.51499938964844,84.93000030517578,82.1050033569336,83.4800033569336,5232400
2022-04-06,73.72486114501953,84.16500091552734,84.28500366210938,82.55999755859375,82.94999694824219,4225200
2022-04-07,73.60223388671875,84.0250015258789,84.23500061035156,82.91999816894531,84.11499786376953,3385600
2022-04-08,74.36431121826172,84.8949966430664,85.38500213623047,84.11000061035156,84.2750015258789,2471200
2022-04-11,73.6898193359375,84.125,85.2699966430664,83.88999938964844,85.00499725341797,2410200
2022-04-12,74.29423522949219,84.81500244140625,85.0999984741211,83.71499633789062,83.83999633789062,2533000
2022-04-13,74.64024353027344,85.20999908447266,85.51499938964844,84.08499908447266,85.51499938964844,2346600
2022-04-14,75.00374603271484,85.625,86.19000244140625,85.375,85.625,2196800
2022-04-18,74.94683074951172,85.55999755859375,86.41999816894531,85.27999877929688,85.96499633789062,2375000
2022-04-19,74.57457733154297,85.13500213623047,86.11000061035156,85.05000305175781,85.84500122070312,3440600
2022-04-20,75.62571716308594,86.33499908447266,86.63999938964844,85.49500274658203,85.98500061035156,1918000
2022-04-21,74.6446304321289,85.21499633789062,86.58000183105469,85.16999816894531,86.12000274658203,2462800
2022-04-22,73.6854476928711,84.12000274658203,85.26499938964844,84.1050033569336,85.25,3278800
2022-04-25,72.43283081054688,82.69000244140625,84.28500366210938,81.75499725341797,84.28500366210938,6193400
2022-04-26,72.02113342285156,82.22000122070312,83.75499725341797,82.1449966430664,82.88500213623047,2591600
2022-04-27,71.6926498413086,81.84500122070312,82.86000061035156,81.18000030517578,82.30000305175781,2980800
2022-04-28,72.48538970947266,82.75,83.2300033569336,81.75,82.18499755859375,2790200
2022-04-29,70.67214965820312,80.68000030517578,82.38999938964844,80.5250015258789,82.38500213623047,3442400
2022-05-02,69.92759704589844,79.83000183105469,81.3949966430664,79.12999725341797,80.94999694824219,2912200
2022-05-03,70.37872314453125,80.34500122070312,81.46499633789062,79.8499984741211,80.4749984741211,3297000
2022-05-04,72.05179595947266,82.25499725341797,82.4000015258789,80.71499633789062,81.19999694824219,3010200
2022-05-05,70.56704711914062,80.55999755859375,82.05000305175781,79.97000122070312,80.625,3174800
2022-05-06,72.22261047363281,82.44999694824219,82.83499908447266,80.01499938964844,80.01499938964844,3290600
2022-05-09,70.9655990600586,81.01499938964844,82.36000061035156,80.7249984741211,81.875,3016600
2022-05-10,69.43704986572266,79.2699966430664,82.08000183105469,78.48999786376953,81.33000183105469,2907400
2022-05-11,69.55970764160156,79.41000366210938,81.19999694824219,79.13999938964844,79.54499816894531,4267600
2022-05-12,69.18304443359375,78.9800033569336,79.82499694824219,77.86499786376953,79.4749984741211,3724000
2022-05-13,70.540771484375,80.52999877929688,80.79499816894531,78.97000122070312,79.79000091552734,2483800
2022-05-16,70.73786163330078,80.75499725341797,81.19999694824219,80.01000213623047,80.91999816894531,2336400
2022-05-17,71.76271057128906,81.92500305175781,81.95500183105469,80.125,81.09500122070312,2425000
2022-05-18,71.2940902709961,81.38999938964844,82.6500015258789,81.16000366210938,82.17500305175781,2965000
2022-05-19,70.90428161621094,80.94499969482422,81.58000183105469,79.80000305175781,81.20999908447266,2242000
2022-05-20,70.12467956542969,80.05500030517578,81.43000030517578,79.53500366210938,81.37999725341797,3136600
2022-05-23,71.73646545410156,81.8949966430664,82.13500213623047,80.63500213623047,81.19499969482422,2366400
2022-05-24,72.75255584716797,83.05500030517578,83.36499786376953,81.48999786376953,81.91000366210938,3359400
2022-05-25,73.02848052978516,83.37000274658203,83.74500274658203,82.69999694824219,83.45999908447266,2660000
2022-05-26,72.2007064819336,82.42500305175781,84.02999877929688,82.2750015258789,83.7300033569336,2524800
2022-05-27,72.98906707763672,83.32499694824219,83.55500030517578,82.12999725341797,82.38999938964844,2855200
2022-05-31,71.76710510253906,81.93000030517578,82.91999816894531,81.7249984741211,82.91999816894531,5768200
2022-06-01,71.6181869506836,81.76000213623047,82.2699966430664,81.21499633789062,82.2699966430664,2481400
2022-06-02,71.35102081298828,81.45500183105469,82.08000183105469,79.95999908447266,82.08000183105469,2462200
2022-06-03,70.18600463867188,80.125,81.4000015258789,80.0,81.20999908447266,2547000
2022-06-06,70.58895111083984,80.58499908447266,81.05000305175781,80.19499969482422,80.38500213623047,1714400
2022-06-07,71.697021484375,81.8499984741211,81.8949966430664,79.94000244140625,80.41500091552734,2638600
2022-06-08,69.83562469482422,79.7249984741211,81.48999786376953,79.44000244140625,81.48999786376953,2475200
2022-06-09,67.95669555664062,77.58000183105469,79.62999725341797,77.3550033569336,79.62999725341797,3615600
2022-06-10,67.73770904541016,77.33000183105469,78.01499938964844,76.51000213623047,76.92500305175781,3084400
2022-06-13,64.45287322998047,73.58000183105469,76.31500244140625,73.47000122070312,76.30999755859375,3838200
2022-06-14,63.42800521850586,72.41000366210938,74.2249984741211,71.1500015258789,74.2249984741211,3503600
2022-06-15,63.39297103881836,72.37000274658203,73.44499969482422,71.46499633789062,73.01499938964844,2810000
2022-06-16,62.175392150878906,70.9800033569336,71.3949966430664,70.11000061035156,71.2750015258789,3633600
2022-06-17,61.09357833862305,69.74500274658203,71.31500244140625,68.40499877929688,71.04499816894531,11800800
2022-06-21,62.55206298828125,71.41000366210938,71.90499877929688,70.29000091552734,70.63999938964844,2970800
2022-06-22,62.8235969543457,71.72000122070312,72.40499877929688,70.76000213623047,70.76000213623047,3182600
2022-06-23,64.0981216430664,73.17500305175781,73.20500183105469,71.80000305175781,72.08499908447266,3255600
2022-06-24,65.45146942138672,74.72000122070312,74.95999908447266,73.38999938964844,73.57499694824219,4457800
2022-06-27,65.99015045166016,75.33499908447266,75.66500091552734,74.29499816894531,74.63999938964844,2290400
2022-06-28,66.22667694091797,75.6050033569336,76.86000061035156,75.4749984741211,75.87999725341797,3157400
2022-06-29,65.83251190185547,75.15499877929688,76.08999633789062,74.5,75.8949966430664,2303200
2022-06-30,65.81500244140625,75.13500213623047,75.79000091552734,74.44499969482422,74.5250015258789,4120200
2022-07-01,67.25594329833984,76.77999877929688,77.00499725341797,74.95500183105469,75.5,3277200
2022-07-05,64.37841033935547,73.49500274658203,76.5199966430664,72.80999755859375,76.36499786376953,3323800
2022-07-06,65.09130096435547,73.7300033569336,74.69499969482422,72.99500274658203,73.75,3164000
2022-07-07,65.18840026855469,73.83999633789062,74.58000183105469,73.66000366210938,74.1050033569336,1990600
2022-07-08,65.00743865966797,73.63500213623047,74.07499694824219,73.13999938964844,73.86499786376953,3111600
2022-07-11,65.5636215209961,74.26499938964844,74.38999938964844,73.11499786376953,73.5250015258789,1410600
2022-07-12,64.82202911376953,73.42500305175781,74.57499694824219,73.1449966430664,73.62000274658203,2398400
2022-07-13,64.76905822753906,73.36499786376953,74.2300033569336,72.26499938964844,72.68499755859375,2626600
2022-07-14,65.3340835571289,74.00499725341797,74.18499755859375,72.3499984741211,74.0,3484800
2022-07-15,66.75984954833984,75.62000274658203,75.81500244140625,73.36499786376953,74.51000213623047,5307400
2022-07-18,65.93000030517578,74.68000030517578,75.91000366210938,74.62000274658203,75.38500213623047,3367600
2022-07-19,66.91436004638672,75.79499816894531,76.0999984741211,74.8550033569336,75.09500122070312,2443600
2022-07-20,67.43524169921875,76.38500213623047,76.63500213623047,75.07499694824219,75.90499877929688,3849400
2022-07-21,67.75304412841797,76.74500274658203,76.8499984741211,75.52999877929688,76.25499725341797,2650200
2022-07-22,68.0841064453125,77.12000274658203,77.8499984741211,76.6050033569336,77.0250015258789,1705200
2022-07-25,69.86300659179688,79.13500213623047,79.24500274658203,76.78500366210938,76.94000244140625,2823000
2022-07-26,70.48540496826172,79.83999633789062,80.27999877929688,78.96499633789062,78.96499633789062,2572400
2022-07-27,70.6045913696289,79.9749984741211,80.26000213623047,78.80999755859375,79.58000183105469,2275800
2022-07-28,72.20695495605469,81.79000091552734,82.0,80.02999877929688,80.6449966430664,2038000
2022-07-29,73.18688201904297,82.9000015258789,83.1500015258789,81.48999786376953,81.58499908447266,5935200
2022-08-01,72.99707794189453,82.68499755859375,82.98999786376953,81.8550033569336,82.75,2300000
2022-08-02,72.25990295410156,81.8499984741211,83.3949966430664,81.74500274658203,82.94499969482422,2173200
2022-08-03,72.64395141601562,82.28500366210938,82.56500244140625,80.65499877929688,81.72000122070312,2970800
2022-08-04,71.26229858398438,80.72000122070312,82.48500061035156,80.4000015258789,81.5,3449600
2022-08-05,70.5339584350586,79.8949966430664,80.56500244140625,78.86499786376953,80.5,3714000
2022-08-08,71.0504379272461,80.4800033569336,81.00499725341797,79.93499755859375,80.45500183105469,2180200
2022-08-09,71.75228118896484,81.2750015258789,81.6449966430664,80.80999755859375,80.98500061035156,2466800
2022-08-10,72.16278839111328,81.73999786376953,82.11000061035156,81.16999816894531,81.84500122070312,2115000
2022-08-11,72.34376525878906,81.94499969482422,82.45999908447266,81.41000366210938,82.00499725341797,1616400
2022-08-12,73.43849182128906,83.18499755859375,83.2300033569336,82.05500030517578,82.29499816894531,1583200
2022-08-15,73.94611358642578,83.76000213623047,83.9800033569336,82.61000061035156,82.93000030517578,1466000
2022-08-16,74.62149810791016,84.5250015258789,84.57499694824219,83.61000061035156,83.73500061035156,2132000
2022-08-17,74.85986328125,84.79499816894531,85.11000061035156,84.16999816894531,84.22000122070312,2004800
2022-08-18,75.23506164550781,85.22000122070312,85.83499908447266,84.98500061035156,85.0,1718600
2022-08-19,75.06732177734375,85.02999877929688,85.58000183105469,84.77999877929688,85.23999786376953,1888800
2022-08-22,74.23303985595703,84.08499908447266,84.69000244140625,83.80500030517578,84.4000015258789,1503400
2022-08-23,74.29043579101562,84.1500015258789,84.38999938964844,83.75,84.11499786376953,1929000
2022-08-24,74.34781646728516,84.21499633789062,84.67500305175781,83.76499938964844,84.1500015258789,2042600
2022-08-25,74.45374298095703,84.33499908447266,84.54000091552734,83.88500213623047,84.3550033569336,1787800
2022-08-26,73.5135269165039,83.2699966430664,84.7699966430664,83.12999725341797,84.58999633789062,1807000
2022-08-29,74.28600311279297,84.1449966430664,84.86000061035156,82.34500122070312,82.91500091552734,1733200
2022-08-30,73.3016586303711,83.02999877929688,84.51499938964844,82.80000305175781,84.02999877929688,2652400
2022-08-31,72.82050323486328,82.48500061035156,83.7249984741211,82.44499969482422,82.6500015258789,2818800
2022-09-01,74.16242218017578,84.00499725341797,84.02999877929688,81.91000366210938,82.42500305175781,1969400
2022-09-02,73.62831115722656,83.4000015258789,85.20999908447266,83.16999816894531,84.30000305175781,1562200
2022-09-06,74.08296966552734,83.91500091552734,85.0250015258789,83.5,83.5199966430664,2775400
2022-09-07,76.58137512207031,86.74500274658203,86.8550033569336,84.18499755859375,84.18499755859375,2742600
2022-09-08,76.3386001586914,86.47000122070312,86.91500091552734,85.97000122070312,86.55000305175781,1732800
2022-09-09,76.70055389404297,86.87999725341797,87.44000244140625,86.16999816894531,86.88999938964844,3191600
2022-09-12,77.53483581542969,87.82499694824219,88.23500061035156,86.58499908447266,87.06500244140625,2021600
2022-09-13,75.40721130371094,85.41500091552734,87.46499633789062,84.94999694824219,87.0250015258789,3184800
2022-09-14,76.67407989501953,86.8499984741211,87.68000030517578,85.5250015258789,85.5250015258789,2165400
2022-09-15,75.42929077148438,85.44000244140625,86.6449966430664,85.2249984741211,86.6449966430664,2606000
2022-09-16,74.35221862792969,84.22000122070312,85.31500244140625,84.08000183105469,85.08000183105469,5459200
2022-09-19,76.33419036865234,86.46499633789062,86.51499938964844,83.75,84.04499816894531,2558600
2022-09-20,74.53762817382812,84.43000030517578,86.19499969482422,84.08000183105469,85.73999786376953,2312000
2022-09-21,73.38994598388672,83.12999725341797,86.17500305175781,83.06500244140625,85.36000061035156,2576000
2022-09-22,72.9787826538086,82.09500122070312,82.82499694824219,81.55000305175781,82.66000366210938,2119200
2022-09-23,71.90760803222656,80.88999938964844,81.2699966430664,79.66999816894531,81.2699966430664,3107200
2022-09-26,69.88522338867188,78.61499786376953,80.66500091552734,77.83999633789062,80.56500244140625,3460400
2022-09-27,68.5162353515625,77.07499694824219,79.2699966430664,76.73999786376953,79.2699966430664,3747600
2022-09-28,69.77410125732422,78.48999786376953,78.8949966430664,77.18499755859375,77.98999786376953,2644200
2022-09-29,67.32949829101562,75.73999786376953,78.15499877929688,75.58499908447266,78.04499816894531,1941200
2022-09-30,66.6449966430664,74.97000122070312,76.2699966430664,74.42500305175781,76.15499877929688,4334000
2022-10-03,68.94738006591797,77.55999755859375,78.08000183105469,75.7750015258789,76.51000213623047,3196000
2022-10-04,70.0630111694336,78.81500244140625,79.3949966430664,77.55500030517578,77.98500061035156,2020800
2022-10-05,68.24066925048828,76.76499938964844,78.08499908447266,76.33999633789062,77.67500305175781,3034800
2022-10-06,66.18717956542969,74.45500183105469,76.5,74.33000183105469,76.29000091552734,3246600
2022-10-07,65.35155487060547,73.51499938964844,74.7249984741211,72.86499786376953,74.45999908447266,2723600
2022-10-10,65.58269500732422,73.7750015258789,74.63999938964844,73.44000244140625,73.79499816894531,2771400
2022-10-11,65.3204574584961,73.4800033569336,74.37999725341797,72.51499938964844,73.25,2940400
2022-10-12,62.53801345825195,70.3499984741211,73.3949966430664,70.29000091552734,73.22000122070312,3386000
2022-10-13,63.573631286621094,71.51499938964844,71.61499786376953,68.2699966430664,69.34500122070312,5405200
2022-10-14,62.893592834472656,70.75,73.20999908447266,70.55999755859375,72.49500274658203,3582400
2022-10-17,64.39149475097656,72.43499755859375,73.12000274658203,71.7699966430664,72.00499725341797,2585800
2022-10-18,64.63152313232422,72.70500183105469,74.20999908447266,72.37000274658203,73.78500366210938,3407400
2022-10-19,63.88923263549805,71.87000274658203,72.33000183105469,71.22000122070312,71.55999755859375,1939800
2022-10-20,62.111331939697266,69.87000274658203,71.62000274658203,69.61499786376953,71.6050033569336,3173200
2022-10-21,63.24028015136719,71.13999938964844,71.7750015258789,69.7300033569336,70.33000183105469,2707200
2022-10-24,64.06700134277344,72.06999969482422,72.5250015258789,71.30999755859375,71.69499969482422,1756600
2022-10-25,64.99153137207031,73.11000061035156,73.31500244140625,71.80500030517578,71.94999694824219,2090200
2022-10-26,65.57378387451172,73.76499938964844,74.0999984741211,72.69000244140625,73.69999694824219,3756600
2022-10-27,66.6716537475586,75.0,75.66999816894531,74.36000061035156,74.50499725341797,2653400
2022-10-28,67.73397064208984,76.19499969482422,76.33499908447266,75.31999969482422,75.40499877929688,1909600
2022-10-31,67.08946228027344,75.47000122070312,76.4800033569336,75.31500244140625,76.01499938964844,2615000
2022-11-01,67.31614685058594,75.7249984741211,76.0,74.66000366210938,75.69999694824219,1865000
2022-11-02,66.91165924072266,75.2699966430664,77.02999877929688,75.09500122070312,75.58499908447266,3005000
2022-11-03,67.83174896240234,76.30500030517578,76.54000091552734,73.55000305175781,74.72000122070312,3761200
2022-11-04,68.8184814453125,77.41500091552734,77.5,76.16999816894531,77.2699966430664,3832000
2022-11-07,66.5427474975586,74.8550033569336,77.45500183105469,74.31999969482422,77.44999694824219,2186600
2022-11-08,67.44058990478516,75.86499786376953,76.3499984741211,74.94000244140625,75.30000305175781,2231800
2022-11-09,66.7027816772461,75.03500366210938,76.30500030517578,74.9000015258789,75.58499908447266,2412000
2022-11-10,69.2629623413086,77.91500091552734,78.00499725341797,76.06500244140625,77.11000061035156,2262000
2022-11-11,68.73847198486328,77.32499694824219,78.16000366210938,76.21499633789062,78.1050033569336,2383000
2022-11-14,69.16517639160156,77.80500030517578,78.8949966430664,77.21499633789062,77.40499877929688,2851200
2022-11-15,69.08515930175781,77.71499633789062,78.79499816894531,76.92500305175781,78.55999755859375,2095200
2022-11-16,69.96524047851562,78.70500183105469,79.5,77.2750015258789,77.5,3145800
2022-11-17,68.48512268066406,77.04000091552734,78.03500366210938,76.11000061035156,77.79499816894531,2420200
2022-11-18,70.1563491821289,78.91999816894531,79.17500305175781,77.9800033569336,78.09500122070312,2899400
2022-11-21,70.56971740722656,79.38500213623047,79.63500213623047,78.84500122070312,78.84500122070312,1562800
2022-11-22,71.26310729980469,80.16500091552734,80.73500061035156,79.6500015258789,79.94999694824219,1535600
2022-11-23,72.44987487792969,81.5,81.61499786376953,79.83000183105469,79.83000183105469,2298600
2022-11-25,72.65431213378906,81.7300033569336,82.16999816894531,81.30000305175781,81.95999908447266,804000
2022-11-28,72.48540496826172,81.54000091552734,81.55500030517578,80.58000183105469,81.05500030517578,2363000
2022-11-29,71.70313262939453,80.66000366210938,81.2249984741211,80.44000244140625,81.19000244140625,1376600
2022-11-30,73.86776733398438,83.09500122070312,83.19499969482422,80.20999908447266,80.55999755859375,4509800
2022-12-01,74.32556915283203,83.61000061035156,84.12000274658203,83.01000213623047,83.5,2922200
2022-12-02,73.7521743774414,82.96499633789062,83.62999725341797,82.625,82.80000305175781,2172800
2022-12-05,72.75654602050781,81.84500122070312,83.06999969482422,81.67500305175781,82.18499755859375,1745000
2022-12-06,73.49439239501953,82.67500305175781,83.16000366210938,81.56500244140625,81.84500122070312,2499800
2022-12-07,72.19207763671875,81.20999908447266,82.76000213623047,81.06999969482422,82.4000015258789,2724200
2022-12-08,72.04984283447266,81.05000305175781,81.38999938964844,80.78500366210938,81.20999908447266,2833400
2022-12-09,71.62757873535156,80.57499694824219,81.62999725341797,80.45500183105469,80.6449966430664,1775800
2022-12-12,73.57439422607422,82.76499938964844,82.81999969482422,80.2699966430664,81.16999816894531,1602200
2022-12-13,73.18769836425781,82.33000183105469,84.125,81.33999633789062,83.99500274658203,2458800
2022-12-14,72.78324127197266,81.875,83.26499938964844,81.42500305175781,82.54499816894531,2132200
2022-12-15,71.96537780761719,80.95500183105469,81.66999816894531,80.23999786376953,81.45500183105469,1886200
2022-12-16,69.92523193359375,78.66000366210938,80.19499969482422,78.09500122070312,79.875,6178200
2022-12-19,69.9074478149414,78.63999938964844,79.36000061035156,77.83000183105469,78.86000061035156,1974800
2022-12-20,69.57410430908203,78.26499938964844,78.93000030517578,77.98999786376953,78.69000244140625,1943000
2022-12-21,70.1808090209961,78.37000274658203,78.56500244140625,77.74500274658203,78.0999984741211,1774200
2022-12-22,70.31513977050781,78.5199966430664,78.58999633789062,76.70999908447266,78.25,2337400
2022-12-23,70.63302612304688,78.875,79.04499816894531,78.08000183105469,78.29000091552734,1274600
2022-12-27,71.12108612060547,79.41999816894531,79.54000091552734,78.52999877929688,79.12000274658203,1042400
2022-12-28,69.99274444580078,78.16000366210938,79.63999938964844,77.875,79.45500183105469,1588200
2022-12-29,69.79574584960938,77.94000244140625,78.52999877929688,77.83499908447266,78.25,1871600
2022-12-30,69.19573974609375,77.2699966430664,78.18499755859375,76.58999633789062,77.875,2145200
2023-01-03,68.82411193847656,76.8550033569336,77.91000366210938,75.2699966430664,77.1500015258789,2655600
2023-01-04,69.41960906982422,77.5199966430664,78.19999694824219,76.78500366210938,77.02999877929688,1683200
2023-01-05,68.27337646484375,76.23999786376953,77.20999908447266,75.49500274658203,76.875,2009600
2023-01-06,69.19573974609375,77.2699966430664,78.18000030517578,77.07499694824219,77.16500091552734,2552000
2023-01-09,70.35543060302734,78.56500244140625,78.87000274658203,77.18499755859375,77.23999786376953,2347400
2023-01-10,70.52556610107422,78.75499725341797,78.87999725341797,77.43000030517578,78.51499938964844,1978000
2023-01-11,72.5628433227539,81.02999877929688,81.36499786376953,78.99500274658203,78.99500274658203,3111200
2023-01-12,72.056884765625,80.46499633789062,81.3499984741211,80.09500122070312,81.20999908447266,2355600
2023-01-13,72.01211547851562,80.41500091552734,80.7249984741211,79.46499633789062,80.12000274658203,2257800
2023-01-17,72.43299865722656,80.88500213623047,81.81999969482422,80.5199966430664,80.6050033569336,2947200
2023-01-18,70.15841674804688,78.34500122070312,81.26499938964844,78.05500030517578,81.26499938964844,2322000
2023-01-19,69.75096130371094,77.88999938964844,78.56999969482422,76.90499877929688,78.24500274658203,3005800
2023-01-20,70.74048614501953,78.99500274658203,79.1050033569336,77.2750015258789,78.23999786376953,2734400
2023-01-23,71.07632446289062,79.37000274658203,80.06500244140625,78.38500213623047,79.0,1606000
2023-01-24,71.24645233154297,79.55999755859375,79.87000274658203,78.37000274658203,78.44000244140625,1675600
2023-01-25,71.18376159667969,79.48999786376953,79.55000305175781,78.50499725341797,78.96499633789062,1325600
2023-01-26,71.8643569946289,80.25,80.25499725341797,79.1050033569336,79.25,1657200
2023-01-27,72.45986938476562,80.91500091552734,81.36000061035156,80.0250015258789,80.24500274658203,2558800
2023-01-30,72.19569396972656,80.62000274658203,81.33000183105469,80.38999938964844,80.46499633789062,3074000
2023-01-31,71.78823852539062,80.16500091552734,80.68000030517578,78.90499877929688,80.62000274658203,3029200
2023-02-01,71.58674621582031,79.94000244140625,80.7249984741211,79.29000091552734,79.77999877929688,2372200
2023-02-02,72.14643859863281,80.56500244140625,81.0,79.0999984741211,80.38999938964844,3881000
2023-02-03,69.8046875,77.94999694824219,80.44000244140625,77.32499694824219,80.03500366210938,2923600
2023-02-06,70.58380126953125,78.81999969482422,78.98999786376953,77.50499725341797,77.66500091552734,1741200
2023-02-07,70.34199523925781,78.55000305175781,78.69999694824219,77.30000305175781,78.0999984741211,1812800
2023-02-08,69.14200592041016,77.20999908447266,78.0,76.69000244140625,77.94499969482422,2115600
2023-02-09,68.39872741699219,76.37999725341797,78.06500244140625,76.30500030517578,77.44499969482422,2825400
2023-02-10,70.35543060302734,78.56500244140625,78.61499786376953,76.42500305175781,76.63999938964844,2186400
2023-02-13,70.64647674560547,78.88999938964844,79.19499969482422,78.54000091552734,78.67500305175781,1423200
2023-02-14,70.23005676269531,78.42500305175781,79.37999725341797,78.20999908447266,78.80000305175781,1792400
2023-02-15,70.91960144042969,79.19499969482422,79.28500366210938,77.86499786376953,78.0250015258789,2077200
2023-02-16,70.50765991210938,78.73500061035156,79.06500244140625,77.53500366210938,78.18499755859375,2145600
2023-02-17,70.96438598632812,79.24500274658203,80.15499877929688,78.30500030517578,78.81500244140625,3693600
2023-02-21,69.58976745605469,77.70999908447266,78.73500061035156,77.58499908447266,78.73500061035156,2260200
2023-02-22,69.47335815429688,77.58000183105469,78.67500305175781,77.05500030517578,77.53500366210938,1969000
2023-02-23,69.69723510742188,77.83000183105469,78.4749984741211,77.18000030517578,77.91999816894531,2038600
2023-02-24,69.52708435058594,77.63999938964844,77.9000015258789,76.54000091552734,77.12000274658203,2154200
2023-02-27,69.34798431396484,77.44000244140625,78.97000122070312,77.05999755859375,77.95500183105469,2385400
2023-02-28,67.1450424194336,74.9800033569336,76.80000305175781,74.25499725341797,76.7300033569336,7263800
2023-03-01,66.20476531982422,73.93000030517578,74.78500366210938,72.91999816894531,74.58999633789062,3853400
2023-03-02,66.57638549804688,74.34500122070312,74.4000015258789,72.81500244140625,73.47000122070312,2635200
2023-03-03,67.56144714355469,75.44499969482422,75.47000122070312,73.57499694824219,74.5999984741211,2268200
2023-03-06,67.6375732421875,75.52999877929688,76.1449966430664,75.2249984741211,75.42500305175781,2136000
2023-03-07,66.40177154541016,74.1500015258789,75.78500366210938,73.7750015258789,75.70999908447266,2504000
2023-03-08,66.5450439453125,74.30999755859375,74.53500366210938,73.69000244140625,74.13500213623047,2184800
2023-03-09,66.0972900390625,73.80999755859375,75.18000030517578,73.58000183105469,74.375,2897800
2023-03-10,64.52568817138672,72.05500030517578,74.49500274658203,71.84500122070312,74.07499694824219,2906400
2023-03-13,64.4630126953125,71.98500061035156,74.54000091552734,71.63999938964844,71.9000015258789,4426000
2023-03-14,65.75251770019531,73.42500305175781,74.4000015258789,72.81999969482422,72.81999969482422,3536800
2023-03-15,65.53313446044922,73.18000030517578,73.76000213623047,72.33999633789062,72.94000244140625,2931800
2023-03-16,66.57638549804688,74.34500122070312,74.3949966430664,72.66999816894531,72.81999969482422,3102400
2023-03-17,65.07640838623047,72.66999816894531,74.00499725341797,72.58999633789062,73.94999694824219,7999600
2023-03-20,66.04804229736328,73.75499725341797,74.01499938964844,72.83499908447266,72.88500213623047,4174600
2023-03-21,65.71852111816406,72.79499816894531,73.7249984741211,71.38500213623047,73.59500122070312,5341000
2023-03-22,64.09803009033203,71.0,72.66000366210938,70.99500274658203,72.29499816894531,3048800
2023-03-23,63.0552864074707,69.84500122070312,71.2249984741211,69.27999877929688,70.7300033569336,3620600
2023-03-24,64.45011138916016,71.38999938964844,71.46499633789062,69.7750015258789,69.9000015258789,2356200
2023-03-27,65.14525604248047,72.16000366210938,72.63500213623047,71.62000274658203,72.125,2164800
2023-03-28,65.65533447265625,72.7249984741211,73.27999877929688,71.87999725341797,72.0199966430664,1447200
2023-03-29,67.00951385498047,74.2249984741211,74.48999786376953,73.2699966430664,73.2699966430664,2311200
2023-03-30,67.51054382324219,74.77999877929688,75.44000244140625,74.3499984741211,74.61000061035156,2204200
2023-03-31,68.23279571533203,75.58000183105469,75.59500122070312,74.79000091552734,74.98500061035156,2644400
2023-04-03,67.51959228515625,74.79000091552734,75.70999908447266,74.66999816894531,75.42500305175781,3110000
2023-04-04,67.82653045654297,75.12999725341797,75.37999725341797,74.43499755859375,74.96499633789062,2079200
2023-04-05,69.1265640258789,76.56999969482422,77.08000183105469,75.5,75.5,2694000
2023-04-06,70.11961364746094,77.66999816894531,77.83499908447266,76.91999816894531,76.94999694824219,2375400
2023-04-10,70.09705352783203,77.6449966430664,77.81500244140625,76.81500244140625,77.01000213623047,1415400
2023-04-11,69.8532943725586,77.375,77.65499877929688,76.87000274658203,77.43000030517578,2052200
2023-04-12,69.49217987060547,76.9749984741211,77.79499816894531,76.63999938964844,77.69000244140625,2138800
2023-04-13,69.85780334472656,77.37999725341797,77.71499633789062,75.87999725341797,76.62999725341797,1961200
2023-04-14,69.0768814086914,76.51499938964844,77.29499816894531,76.30999755859375,76.94000244140625,1878400
2023-04-17,69.95711517333984,77.48999786376953,77.5,76.4000015258789,76.73999786376953,2200800
2023-04-18,70.42656707763672,78.01000213623047,78.15499877929688,77.28500366210938,77.28500366210938,4150800
2023-04-19,71.31581115722656,78.99500274658203,79.51499938964844,78.15499877929688,78.2249984741211,3567000
2023-04-20,70.84185028076172,78.47000122070312,79.43499755859375,78.04000091552734,79.05500030517578,2961400
2023-04-21,70.7786636352539,78.4000015258789,79.05999755859375,77.875,78.99500274658203,1571200
2023-04-24,71.25261688232422,78.92500305175781,78.95500183105469,78.18000030517578,78.625,1491000
2023-04-25,71.31130981445312,78.98999786376953,79.37999725341797,78.69499969482422,78.8550033569336,1236000
2023-04-26,69.66371154785156,77.16500091552734,78.9749984741211,76.75499725341797,78.375,2307000
2023-04-27,70.45814514160156,78.04499816894531,78.1050033569336,77.16500091552734,77.54499816894531,1874400
2023-04-28,70.18733978271484,77.74500274658203,78.22000122070312,77.18000030517578,77.98999786376953,2625800
2023-05-01,70.62518310546875,78.2300033569336,79.29499816894531,77.44999694824219,77.58999633789062,2781000
2023-05-02,69.15364074707031,76.5999984741211,78.4749984741211,76.11499786376953,78.18000030517578,3231400
2023-05-03,68.89181518554688,76.30999755859375,77.33000183105469,76.12999725341797,77.12999725341797,4046000
2023-05-04,69.2845458984375,76.74500274658203,77.54000091552734,76.30000305175781,77.03500366210938,3188200
2023-05-05,69.93003845214844,77.45999908447266,77.84500122070312,76.25,76.5,2587400
2023-05-08,69.93455505371094,77.46499633789062,78.09500122070312,77.2699966430664,77.36000061035156,1858000
2023-05-09,70.28663635253906,77.8550033569336,78.09500122070312,77.13500213623047,77.41500091552734,2908000
2023-05-10,70.23247528076172,77.79499816894531,78.69999694824219,77.26499938964844,78.51499938964844,1907600
2023-05-11,69.280029296875,76.73999786376953,78.01499938964844,76.28500366210938,77.82499694824219,2311200
2023-05-12,69.19425201416016,76.6449966430664,77.49500274658203,76.30000305175781,77.19999694824219,1779000
2023-05-15,67.94841766357422,75.26499938964844,76.86499786376953,74.95500183105469,76.83499908447266,1882800
2023-05-16,65.67790222167969,72.75,75.21499633789062,72.72000122070312,75.21499633789062,3192400
2023-05-17,66.26922607421875,73.40499877929688,73.44000244140625,72.34500122070312,72.9000015258789,3392000
2023-05-18,66.40465545654297,73.55500030517578,73.7699966430664,72.84500122070312,72.95999908447266,3224800
2023-05-19,65.82234954833984,72.91000366210938,74.4800033569336,72.88999938964844,73.91500091552734,2048000
2023-05-22,65.93971252441406,73.04000091552734,73.5250015258789,72.56999969482422,72.94499969482422,1730800
2023-05-23,66.12928771972656,73.25,73.69999694824219,72.63999938964844,72.9000015258789,1648000
2023-05-24,65.7771987915039,72.86000061035156,73.3499984741211,72.75499725341797,72.88500213623047,2095200
2023-05-25,64.81121826171875,71.79000091552734,72.98999786376953,71.5,72.93000030517578,2064000
2023-05-26,64.93309783935547,71.92500305175781,71.93000030517578,70.94999694824219,71.73999786376953,2874800
2023-05-30,64.89248657226562,71.87999725341797,72.61000061035156,71.4749984741211,71.9800033569336,3289400
2023-05-31,64.78864288330078,71.76499938964844,72.38999938964844,71.0199966430664,72.0250015258789,6058800
2023-06-01,65.0820541381836,72.08999633789062,72.19499969482422,71.4000015258789,72.04499816894531,3820200
2023-06-02,65.25810241699219,72.28500366210938,72.48999786376953,71.26499938964844,71.88999938964844,2500000
2023-06-05,65.45670318603516,72.50499725341797,73.73500061035156,72.21499633789062,72.36000061035156,1641600
2023-06-06,65.48381042480469,72.53500366210938,73.125,71.94000244140625,72.58499908447266,1832400
2023-06-07,66.90117645263672,74.1050033569336,74.30999755859375,72.05500030517578,72.6500015258789,1766000
2023-06-08,67.29839324951172,74.54499816894531,74.76499938964844,73.79499816894531,74.45500183105469,1659000
2023-06-09,66.67095184326172,73.8499984741211,74.7300033569336,73.625,74.69999694824219,2092200
2023-06-12,66.43172454833984,73.58499908447266,74.1449966430664,73.33000183105469,73.99500274658203,1523800
2023-06-13,66.17894744873047,73.30500030517578,73.90499877929688,72.8499984741211,73.04499816894531,1679800
2023-06-14,66.48588562011719,73.6449966430664,74.4000015258789,73.30999755859375,73.37999725341797,1660800
2023-06-15,67.07271575927734,74.29499816894531,74.54000091552734,73.6449966430664,73.94000244140625,1928800
2023-06-16,66.89665985107422,74.0999984741211,74.98999786376953,74.06999969482422,74.58000183105469,4520200
2023-06-20,66.54908752441406,73.71499633789062,74.3499984741211,73.2300033569336,73.87999725341797,1744200
2023-06-21,67.03206634521484,74.25,74.32499694824219,72.80000305175781,73.45999908447266,1384800
2023-06-22,66.1383285522461,73.26000213623047,74.49500274658203,72.96499633789062,74.43000030517578,2126800
2023-06-23,64.88795471191406,71.875,73.81500244140625,71.70500183105469,73.36499786376953,3150800
2023-06-26,65.92617797851562,73.0250015258789,73.19499969482422,71.88999938964844,72.11499786376953,2020200
2023-06-27,66.02547454833984,73.13500213623047,73.2699966430664,72.54499816894531,73.16999816894531,2336000
2023-06-28,65.51089477539062,72.56500244140625,73.16500091552734,72.09500122070312,73.16500091552734,2245400
2023-06-29,65.40253448486328,72.44499969482422,73.1050033569336,72.00499725341797,72.16500091552734,1741200
2023-06-30,65.71852111816406,72.79499816894531,73.08999633789062,72.18499755859375,72.65499877929688,2283400
2023-07-03,66.07349395751953,72.58999633789062,72.95999908447266,71.98500061035156,72.08499908447266,606600
2023-07-05,66.54682159423828,73.11000061035156,73.9000015258789,72.00499725341797,72.25499725341797,2757600
2023-07-06,65.63204193115234,72.1050033569336,72.3550033569336,71.45500183105469,72.3550033569336,4226000
2023-07-07,65.59564208984375,72.06500244140625,72.67500305175781,71.6500015258789,71.79499816894531,2222400
2023-07-10,65.74127197265625,72.2249984741211,72.2750015258789,71.2750015258789,71.91500091552734,2271400
2023-07-11,66.87451934814453,73.47000122070312,73.51000213623047,72.31500244140625,72.5,2445800
2023-07-12,67.68916320800781,74.36499786376953,74.48500061035156,73.625,74.01499938964844,2507600
2023-07-13,68.06690216064453,74.77999877929688,74.78500366210938,74.05999755859375,74.41999816894531,2521800
2023-07-14,67.55718994140625,74.22000122070312,74.71499633789062,73.99500274658203,74.61000061035156,1608400
2023-07-17,66.50130462646484,73.05999755859375,74.09500122070312,73.04000091552734,74.04000091552734,1544800
2023-07-18,66.01889038085938,72.52999877929688,73.7300033569336,72.00499725341797,72.94499969482422,1513400
2023-07-19,66.68792724609375,73.26499938964844,73.48999786376953,72.55000305175781,72.55000305175781,2086800
2023-07-20,68.08965301513672,74.80500030517578,75.0,73.44499969482422,73.69999694824219,1616200
2023-07-21,68.7541275024414,75.53500366210938,75.94999694824219,74.83999633789062,75.0,1962800
2023-07-24,68.8360595703125,75.625,75.9800033569336,75.08999633789062,75.5999984741211,1319600
2023-07-25,68.90887451171875,75.70500183105469,75.94499969482422,75.21499633789062,75.58999633789062,1430200
2023-07-26,69.15463256835938,75.9749984741211,76.49500274658203,75.5,75.65499877929688,1206800
2023-07-27,67.97589874267578,74.68000030517578,75.94999694824219,74.29000091552734,75.74500274658203,2021200
2023-07-28,67.9485855102539,74.6500015258789,75.31999969482422,74.13500213623047,75.15499877929688,1740400
2023-07-31,67.82115936279297,74.51000213623047,75.18499755859375,74.18000030517578,75.06999969482422,2419800
2023-08-01,67.01103973388672,73.62000274658203,74.9749984741211,73.61499786376953,74.43499755859375,2057600
2023-08-02,66.84265899658203,73.43499755859375,73.90499877929688,72.94000244140625,73.41500091552734,2098600
2023-08-03,65.22245788574219,71.65499877929688,74.21499633789062,71.19000244140625,74.21499633789062,2996200
2023-08-04,64.59894561767578,70.97000122070312,72.34500122070312,70.68000030517578,71.65499877929688,2693800
2023-08-07,64.80829620361328,71.19999694824219,72.0199966430664,71.16000366210938,71.50499725341797,2619800
2023-08-08,65.22245788574219,71.65499877929688,71.68000030517578,70.44999694824219,71.0,2063800
2023-08-09,65.44090270996094,71.8949966430664,73.38999938964844,71.44000244140625,71.5250015258789,3170800
2023-08-10,65.08135223388672,71.5,72.57499694824219,71.20500183105469,72.08000183105469,1988800
2023-08-11,65.69578552246094,72.17500305175781,72.2249984741211,71.20999908447266,71.48500061035156,2000000
2023-08-14,64.8629150390625,71.26000213623047,72.01499938964844,70.92500305175781,72.01499938964844,2436000
2023-08-15,63.73421859741211,70.0199966430664,71.2249984741211,69.99500274658203,70.87000274658203,2348400
2023-08-16,64.30766296386719,70.6500015258789,70.96499633789062,69.87999725341797,70.0199966430664,2538200
2023-08-17,64.49881744384766,70.86000061035156,72.0250015258789,70.82499694824219,70.9000015258789,2272000
2023-08-18,64.36683654785156,70.71499633789062,71.16999816894531,70.41999816894531,70.57499694824219,2665200
2023-08-21,64.72636413574219,71.11000061035156,71.36499786376953,70.25499725341797,70.72000122070312,2071400
2023-08-22,64.89932250976562,71.30000305175781,71.52999877929688,70.51000213623047,71.23999786376953,2515400
2023-08-23,65.4090576171875,71.86000061035156,71.97000122070312,70.63999938964844,71.79000091552734,2211000
2023-08-24,64.42601013183594,70.77999877929688,72.69999694824219,70.7699966430664,71.73999786376953,1801400
2023-08-25,65.13597106933594,71.55999755859375,72.0199966430664,70.94000244140625,70.98999786376953,1762800
2023-08-28,65.13597106933594,71.55999755859375,72.08000183105469,71.33000183105469,71.66000366210938,1600500
2023-08-29,65.27250671386719,71.70999908447266,72.08999633789062,71.19999694824219,71.73999786376953,1777400
2023-08-30,64.48971557617188,70.8499984741211,71.81999969482422,70.58000183105469,71.51000213623047,1938700
2023-08-31,63.91626739501953,70.22000122070312,71.41000366210938,70.1500015258789,71.0999984741211,3408400
2023-09-01,63.770633697509766,70.05999755859375,70.91000366210938,69.51000213623047,70.7300033569336,1804000
2023-09-05,62.98782730102539,69.19999694824219,70.08000183105469,68.7699966430664,69.91000366210938,2471300
2023-09-06,63.36103439331055,69.61000061035156,69.72000122070312,68.87999725341797,69.36000061035156,2018300
2023-09-07,64.13472747802734,70.45999908447266,71.04000091552734,69.5999984741211,70.0,2167100
2023-09-08,64.85382080078125,71.25,71.55999755859375,70.4000015258789,70.58999633789062,2386700
2023-09-11,64.77188110351562,71.16000366210938,71.81999969482422,71.0199966430664,71.37999725341797,1368300
2023-09-12,64.89022064208984,71.29000091552734,71.6500015258789,70.9000015258789,71.19999694824219,1939200
2023-09-13,65.46366882324219,71.91999816894531,72.38999938964844,71.5199966430664,71.62999725341797,1750000
2023-09-14,66.92912292480469,73.52999877929688,73.58999633789062,72.29000091552734,72.41999816894531,2009500
2023-09-15,66.53772735595703,73.0999984741211,73.86000061035156,73.05000305175781,73.2699966430664,4171400
2023-09-18,66.91092681884766,73.51000213623047,73.66000366210938,72.51000213623047,73.20999908447266,1834500
2023-09-19,66.9200210571289,73.5199966430664,74.12999725341797,73.37999725341797,73.5199966430664,2665900
2023-09-20,66.74708557128906,73.33000183105469,74.5199966430664,73.27999877929688,73.79000091552734,2537200
2023-09-21,65.50007629394531,71.95999908447266,73.55000305175781,71.94000244140625,73.19000244140625,2501100
2023-09-22,65.37263488769531,71.81999969482422,72.3499984741211,71.43000030517578,71.63999938964844,2472000
2023-09-25,65.22700500488281,71.66000366210938,71.72000122070312,70.95999908447266,71.08999633789062,2062400
2023-09-26,63.5335578918457,69.22000122070312,71.05000305175781,69.0,70.61000061035156,3897400
2023-09-27,63.70796203613281,69.41000366210938,70.2699966430664,69.05999755859375,69.2699966430664,3325300
2023-09-28,62.20269012451172,67.7699966430664,69.76000213623047,67.66000366210938,69.68000030517578,2956500
2023-09-29,62.44131851196289,68.02999877929688,68.7300033569336,67.44000244140625,68.43000030517578,3318700
2023-10-02,59.90805435180664,65.2699966430664,67.7699966430664,64.73999786376953,67.48999786376953,4521900
2023-10-03,60.890159606933594,66.33999633789062,66.68000030517578,63.75,64.58000183105469,4235500
2023-10-04,61.027835845947266,66.48999786376953,66.88999938964844,65.2300033569336,66.69999694824219,3304100
2023-10-05,60.80755615234375,66.25,66.69999694824219,65.55999755859375,66.23999786376953,2532200
2023-10-06,61.61525344848633,67.12999725341797,67.47000122070312,64.29000091552734,65.37999725341797,3284400
2023-10-09,62.872711181640625,68.5,68.5199966430664,66.80999755859375,67.12000274658203,2369000
2023-10-10,62.918601989746094,68.55000305175781,68.87999725341797,68.02999877929688,68.5,2961800
2023-10-11,63.5794677734375,69.2699966430664,69.44999694824219,68.26000213623047,68.83000183105469,3241400
2023-10-12,62.836002349853516,68.45999908447266,69.5199966430664,67.83999633789062,69.16000366210938,2902500
2023-10-13,63.78137969970703,69.48999786376953,69.5,68.38999938964844,69.01000213623047,2421300
2023-10-16,65.08473205566406,70.91000366210938,71.16999816894531,69.43000030517578,69.7699966430664,3163600
2023-10-17,64.77265930175781,70.56999969482422,71.22000122070312,70.11000061035156,70.55999755859375,2771400
2023-10-18,64.63497924804688,70.41999816894531,70.80000305175781,69.5199966430664,70.37999725341797,2075700
2023-10-19,63.83646011352539,69.55000305175781,70.63999938964844,69.33000183105469,70.31999969482422,2703300
2023-10-20,62.92778396606445,68.55999755859375,70.12000274658203,68.5199966430664,69.69999694824219,3342200
2023-10-23,62.54228210449219,68.13999938964844,69.30000305175781,67.83000183105469,68.08000183105469,2440700
2023-10-24,64.04756927490234,69.77999877929688,70.01000213623047,68.69000244140625,68.80000305175781,2947000
2023-10-25,64.40552520751953,70.16999816894531,70.47000122070312,69.38999938964844,69.48999786376953,2380400
2023-10-26,64.98377990722656,70.80000305175781,71.58000183105469,70.22000122070312,70.4800033569336,1973100
2023-10-27,63.99250030517578,69.72000122070312,70.76000213623047,69.41999816894531,70.33999633789062,1939400
2023-10-30,63.78137969970703,69.48999786376953,70.77999877929688,69.12999725341797,70.13999938964844,2552200
2023-10-31,64.27703857421875,70.02999877929688,70.11000061035156,69.19999694824219,69.94000244140625,2482300
2023-11-01,64.93787384033203,70.75,71.44000244140625,69.47000122070312,70.37999725341797,2470900
2023-11-02,66.15861511230469,72.08000183105469,72.55000305175781,70.45999908447266,70.94000244140625,3497000
2023-11-03,66.40644836425781,72.3499984741211,74.44000244140625,72.33000183105469,73.55999755859375,4039600
2023-11-06,65.97505950927734,71.87999725341797,72.72000122070312,71.48999786376953,72.5,2111000
2023-11-07,65.53447723388672,71.4000015258789,72.12999725341797,71.19000244140625,72.05999755859375,2115900
2023-11-08,64.73594665527344,70.52999877929688,70.62000274658203,69.76000213623047,70.0,7950700
2023-11-09,63.85482406616211,69.56999969482422,70.93000030517578,69.47000122070312,70.73999786376953,3459800
2023-11-10,64.56155395507812,70.33999633789062,70.44999694824219,69.22000122070312,69.83999633789062,3468200
2023-11-13,64.26783752441406,70.0199966430664,70.25,69.41999816894531,70.12999725341797,5455000
2023-11-14,66.6358871459961,72.5999984741211,72.66999816894531,71.11000061035156,71.4800033569336,5079900
2023-11-15,66.06684875488281,71.9800033569336,73.3499984741211,71.83000183105469,72.56999969482422,4599700
2023-11-16,66.25956726074219,72.19000244140625,72.91000366210938,72.08000183105469,72.55999755859375,4471600
2023-11-17,66.32384490966797,72.26000213623047,72.62000274658203,71.91000366210938,72.58000183105469,1844800
2023-11-20,66.4798812866211,72.43000030517578,72.58000183105469,71.13999938964844,71.98999786376953,3201400
2023-11-21,66.88372039794922,72.87000274658203,72.91999816894531,72.19000244140625,72.58000183105469,3539800
2023-11-22,67.11319732666016,73.12000274658203,73.27999877929688,72.5,73.11000061035156,2930500
2023-11-24,67.61798858642578,73.66999816894531,73.77999877929688,72.87999725341797,72.9800033569336,1835200
2023-11-27,67.66387176513672,73.72000122070312,73.86000061035156,73.30000305175781,73.70999908447266,3856300
2023-11-28,67.4803237915039,73.5199966430664,74.61000061035156,73.44999694824219,73.86000061035156,7088700
2023-11-29,66.9571533203125,72.94999694824219,74.05999755859375,72.77999877929688,73.70999908447266,2648900
2023-11-30,66.88372039794922,72.87000274658203,73.44999694824219,72.27999877929688,73.26000213623047,11122100
2023-12-01,67.18660736083984,73.19999694824219,73.27999877929688,72.55000305175781,72.93000030517578,3142100
2023-12-04,66.8286361694336,72.80999755859375,73.47000122070312,72.66000366210938,72.76000213623047,3511900
2023-12-05,65.63949584960938,70.93000030517578,72.30999755859375,70.91000366210938,72.06999969482422,2806800
2023-12-06,67.60136413574219,73.05000305175781,73.08000183105469,71.44999694824219,71.4800033569336,4002100
2023-12-07,67.59210968017578,73.04000091552734,73.58999633789062,72.73999786376953,73.13999938964844,3158300
2023-12-08,66.9813461303711,72.37999725341797,73.33000183105469,72.22000122070312,73.22000122070312,2521700
2023-12-11,68.42498779296875,73.94000244140625,74.01000213623047,72.06999969482422,72.18000030517578,5282700
2023-12-12,68.34169006347656,73.8499984741211,74.83999633789062,73.70999908447266,74.83999633789062,3231600
2023-12-13,70.7847900390625,76.48999786376953,76.5999984741211,73.58000183105469,73.91999816894531,3509900
2023-12-14,70.7755355834961,76.4800033569336,77.79000091552734,76.08999633789062,76.98999786376953,6495300
2023-12-15,69.60951232910156,75.22000122070312,76.41999816894531,74.4800033569336,75.94999694824219,8523500
2023-12-18,69.2208480834961,74.80000305175781,75.86000061035156,74.66999816894531,75.54000091552734,2763800
2023-12-19,69.40592956542969,75.0,75.41000366210938,74.66000366210938,75.04000091552734,2891700
2023-12-20,67.68466186523438,73.13999938964844,75.08000183105469,73.08000183105469,74.8499984741211,3973000
2023-12-21,67.68466186523438,73.13999938964844,73.98999786376953,72.93000030517578,73.29000091552734,2570400
2023-12-22,68.20287322998047,73.69999694824219,74.0999984741211,73.29000091552734,73.62999725341797,1843600
2023-12-26,68.90619659423828,74.45999908447266,74.80000305175781,73.5999984741211,73.62999725341797,2267100
2023-12-27,68.61006927490234,74.13999938964844,74.70999908447266,73.88999938964844,74.29000091552734,2038400
2023-12-28,69.10054779052734,74.66999816894531,74.70999908447266,74.0,74.0,1234900
2023-12-29,69.15607452392578,74.7300033569336,74.83000183105469,74.23999786376953,74.48999786376953,1736500
2024-01-02,70.16476440429688,75.81999969482422,76.2300033569336,74.23999786376953,74.5199966430664,2714200
2024-01-03,70.34059143066406,76.01000213623047,76.12999725341797,75.31999969482422,76.08000183105469,2409000
2024-01-04,70.29432678222656,75.95999908447266,76.81999969482422,75.91999816894531,76.2699966430664,1944500
2024-01-05,70.72926330566406,76.43000030517578,76.83999633789062,75.55999755859375,75.83000183105469,3297900
2024-01-08,71.21974182128906,76.95999908447266,77.05999755859375,75.97000122070312,76.22000122070312,2392100
2024-01-09,70.65522766113281,76.3499984741211,76.83000183105469,76.19000244140625,76.55999755859375,2116600
2024-01-10,70.4516372680664,76.12999725341797,76.47000122070312,75.83000183105469,76.25,1666900
2024-01-11,69.25785827636719,74.83999633789062,76.33000183105469,74.5199966430664,76.2699966430664,2442500
2024-01-12,69.78533935546875,75.41000366210938,75.68000030517578,74.91999816894531,75.44000244140625,3123200
2024-01-16,68.90619659423828,74.45999908447266,75.30000305175781,74.26000213623047,74.9000015258789,2748700
2024-01-17,68.08257293701172,73.56999969482422,75.05000305175781,73.25,73.91999816894531,3848500
2024-01-18,67.74942779541016,73.20999908447266,73.5,72.61000061035156,73.12999725341797,3561800
2024-01-19,67.44403839111328,72.87999725341797,73.4000015258789,72.44000244140625,73.4000015258789,2635500
2024-01-22,66.35205841064453,71.69999694824219,73.0999984741211,71.27999877929688,72.91000366210938,3352200
2024-01-23,66.3705825805664,71.72000122070312,71.93000030517578,71.12000274658203,71.72000122070312,2494300
2024-01-24,64.88065338134766,70.11000061035156,72.22000122070312,69.94000244140625,72.22000122070312,3516000
2024-01-25,65.45441436767578,70.7300033569336,70.9800033569336,70.0199966430664,70.43000030517578,3222500
2024-01-26,65.62098693847656,70.91000366210938,71.37000274658203,70.44999694824219,70.86000061035156,3917500
2024-01-29,66.15772247314453,71.48999786376953,71.77999877929688,70.33000183105469,70.88999938964844,3031700
2024-01-30,66.56490325927734,71.93000030517578,72.12000274658203,70.94000244140625,71.31999969482422,3010700
2024-01-31,66.22249603271484,71.55999755859375,72.95999908447266,71.47000122070312,72.5999984741211,3525100
2024-02-01,66.9535903930664,72.3499984741211,72.37000274658203,70.79000091552734,71.4000015258789,2394100
2024-02-02,66.01891326904297,71.33999633789062,72.08000183105469,70.30999755859375,71.55999755859375,2372300
2024-02-05,64.82512664794922,70.05000305175781,70.83999633789062,69.9000015258789,70.7300033569336,2268200
2024-02-06,64.55677032470703,69.76000213623047,70.22000122070312,69.58000183105469,69.86000061035156,2622600
2024-02-07,64.82512664794922,70.05000305175781,70.2300033569336,69.5999984741211,70.08000183105469,2036900
2024-02-08,64.63079833984375,69.83999633789062,70.02999877929688,69.16999816894531,69.80000305175781,1798600
2024-02-09,64.47347259521484,69.66999816894531,70.02999877929688,69.27999877929688,69.55000305175781,1632800
2024-02-12,65.41739654541016,70.69000244140625,70.94999694824219,69.58000183105469,69.72000122070312,2586800
2024-02-13,64.1773452758789,69.3499984741211,70.62999725341797,68.41000366210938,70.37999725341797,3123300
2024-02-14,64.27914428710938,69.45999908447266,69.79000091552734,69.12999725341797,69.5,2584300
2024-02-15,65.24156188964844,70.5,70.86000061035156,69.58999633789062,69.69999694824219,2737200
2024-02-16,65.23230743408203,70.48999786376953,70.93000030517578,69.73999786376953,70.30000305175781,2274400
2024-02-20,65.38964080810547,70.66000366210938,71.55000305175781,70.20999908447266,70.41999816894531,3123600
2024-02-21,66.5926742553711,71.95999908447266,72.08000183105469,70.55999755859375,70.91999816894531,2562700
2024-02-22,66.00041198730469,71.31999969482422,71.73999786376953,70.70999908447266,71.3499984741211,2128700
2024-02-23,66.60191345214844,71.97000122070312,72.31999969482422,71.12999725341797,71.4000015258789,3357700
2024-02-26,65.62098693847656,70.91000366210938,71.7300033569336,70.5999984741211,71.5199966430664,3183800
2024-02-27,65.75979614257812,71.05999755859375,71.58000183105469,70.30999755859375,71.52999877929688,2635400
2024-02-28,65.39888763427734,70.66999816894531,71.54000091552734,70.55999755859375,70.8499984741211,3359200
2024-02-29,65.33411407470703,70.5999984741211,71.11000061035156,70.41999816894531,71.08000183105469,4632300
2024-03-01,64.6585693359375,69.87000274658203,70.72000122070312,69.44999694824219,70.55000305175781,2801100
2024-03-04,65.46366119384766,70.73999786376953,70.7699966430664,69.44000244140625,69.45999908447266,2667700
2024-03-05,64.97320556640625,70.20999908447266,71.75,69.79000091552734,70.87999725341797,3710300
2024-03-06,65.37112426757812,70.63999938964844,71.1500015258789,70.33000183105469,70.69000244140625,3106500
2024-03-07,65.33411407470703,70.5999984741211,71.7699966430664,70.30000305175781,71.36000061035156,3425200
2024-03-08,65.76905822753906,71.06999969482422,71.16999816894531,70.19000244140625,70.37000274658203,2744000
2024-03-11,67.13866424560547,72.55000305175781,72.56999969482422,70.91999816894531,70.91999816894531,3172800
2024-03-12,65.66726684570312,70.95999908447266,72.43000030517578,70.83999633789062,72.19999694824219,2564700
2024-03-13,65.5376968383789,70.81999969482422,71.91000366210938,70.73999786376953,71.4000015258789,3236600
2024-03-14,64.98245239257812,70.22000122070312,71.4000015258789,69.69999694824219,71.11000061035156,3027800
2024-03-15,64.78813171386719,70.01000213623047,70.55000305175781,69.51000213623047,70.05999755859375,7673100
2024-03-18,65.33411407470703,70.5999984741211,70.87999725341797,69.63999938964844,70.13999938964844,2277800
2024-03-19,65.78755950927734,71.08999633789062,71.16999816894531,70.3499984741211,70.80000305175781,2965200
2024-03-20,65.13406372070312,69.7699966430664,71.05000305175781,69.52999877929688,70.37999725341797,3166100
2024-03-21,65.27410888671875,69.91999816894531,70.4800033569336,69.66999816894531,69.76000213623047,2705000
2024-03-22,65.13406372070312,69.7699966430664,70.27999877929688,69.58000183105469,70.05000305175781,2788300
2024-03-25,65.00337982177734,69.62999725341797,70.02999877929688,69.1500015258789,69.88999938964844,2910100
2024-03-26,64.63927459716797,69.23999786376953,69.77999877929688,68.87999725341797,69.69999694824219,2197000
2024-03-27,66.5157470703125,71.25,71.26000213623047,69.55000305175781,69.7699966430664,3600200
2024-03-28,67.05719757080078,71.83000183105469,72.0,71.06999969482422,71.44999694824219,2468800
2024-04-01,66.61842346191406,71.36000061035156,71.83000183105469,70.87000274658203,71.83000183105469,1874300
2024-04-02,67.02919006347656,71.80000305175781,72.26000213623047,71.38999938964844,71.38999938964844,2599300
2024-04-03,66.25434112548828,70.97000122070312,71.94999694824219,70.93000030517578,71.8499984741211,2947600
2024-04-04,66.13298034667969,70.83999633789062,71.6500015258789,70.08000183105469,71.5,4810100
2024-04-05,65.83424377441406,70.5199966430664,70.73999786376953,69.8499984741211,70.41000366210938,2796400
2024-04-08,66.067626953125,70.7699966430664,71.44000244140625,70.33000183105469,70.66999816894531,2767000
2024-04-09,66.91716003417969,71.68000030517578,71.7300033569336,70.80000305175781,71.06999969482422,4393400
2024-04-10,65.51683807373047,70.18000030517578,70.69000244140625,69.80000305175781,70.51000213623047,4192800
2024-04-11,64.64863586425781,69.25,70.6500015258789,68.87000274658203,70.5,3212500
2024-04-12,64.1258316040039,68.69000244140625,69.62999725341797,68.45999908447266,69.38999938964844,2263400
2024-04-15,63.58436965942383,68.11000061035156,69.30999755859375,67.62999725341797,69.11000061035156,3611700
2024-04-16,61.99733352661133,66.41000366210938,67.94000244140625,66.4000015258789,67.87999725341797,3486300
2024-04-17,63.42567443847656,67.94000244140625,68.1500015258789,66.69999694824219,66.87000274658203,2486200
2024-04-18,63.8924560546875,68.44000244140625,68.58000183105469,67.55000305175781,68.18000030517578,3472300
2024-04-19,65.42347717285156,70.08000183105469,70.16000366210938,68.62999725341797,68.66000366210938,3104500
2024-04-22,66.4037094116211,71.12999725341797,71.25,69.69999694824219,70.08000183105469,3330300
2024-04-23,66.76778411865234,71.5199966430664,71.97000122070312,70.7300033569336,71.11000061035156,2808600
2024-04-24,67.25325012207031,72.04000091552734,72.25,70.5199966430664,70.94000244140625,2366900
2024-04-25,67.1972427368164,71.9800033569336,72.25,71.0,72.0,2504500
2024-04-26,66.58109283447266,71.31999969482422,72.36000061035156,71.30999755859375,72.02999877929688,3161500
2024-04-29,67.47730255126953,72.27999877929688,72.33000183105469,71.66999816894531,71.68000030517578,2428100
2024-04-30,66.87047576904297,71.62999725341797,72.0199966430664,71.33000183105469,71.80999755859375,2310600
2024-05-01,67.1692123413086,71.94999694824219,72.66000366210938,71.33999633789062,71.4000015258789,3088200
2024-05-02,68.02809143066406,72.87000274658203,72.9000015258789,71.97000122070312,72.33000183105469,2620500
2024-05-03,68.07477569580078,72.91999816894531,73.43000030517578,72.36000061035156,73.3499984741211,3451900
2024-05-06,67.87872314453125,72.70999908447266,73.19000244140625,72.5999984741211,72.93000030517578,2091900
2024-05-07,69.07366943359375,73.98999786376953,74.08000183105469,72.18000030517578,73.18000030517578,4318700
2024-05-08,70.23128509521484,75.2300033569336,75.3499984741211,73.30000305175781,73.58000183105469,4095700
2024-05-09,71.10881805419922,76.16999816894531,76.26000213623047,74.97000122070312,75.2300033569336,3377000
2024-05-10,72.05170440673828,77.18000030517578,77.37000274658203,75.9000015258789,76.3499984741211,7396300
2024-05-13,71.99568939208984,77.12000274658203,77.7300033569336,76.83000183105469,77.27999877929688,4346900
2024-05-14,71.53824615478516,76.62999725341797,77.87999725341797,76.55999755859375,77.7300033569336,2666900
2024-05-15,72.8452377319336,78.02999877929688,78.19999694824219,77.18000030517578,77.5,4054900
2024-05-16,72.50914764404297,77.66999816894531,78.4000015258789,77.54000091552734,78.02999877929688,2734200
2024-05-17,72.97592163085938,78.16999816894531,78.30000305175781,77.4000015258789,77.83000183105469,2588900
2024-05-20,72.9012451171875,78.08999633789062,78.5999984741211,77.98999786376953,78.51000213623047,2553800
2024-05-21,73.1906509399414,78.4000015258789,78.83000183105469,77.86000061035156,78.08000183105469,3152600
2024-05-22,72.19174194335938,77.33000183105469,78.16999816894531,77.13999938964844,77.69999694824219,3590000
2024-05-23,70.81942749023438,75.86000061035156,77.02999877929688,75.8499984741211,76.9800033569336,2704100
2024-05-24,70.80075073242188,75.83999633789062,76.27999877929688,75.36000061035156,76.06999969482422,1870800
2024-05-28,70.3526611328125,75.36000061035156,76.3499984741211,75.2300033569336,75.58999633789062,4013200
2024-05-29,69.11102294921875,74.02999877929688,75.04000091552734,73.77999877929688,74.81999969482422,2660600
2024-05-30,69.47510528564453,74.41999816894531,74.63999938964844,73.7699966430664,74.29000091552734,2682900
2024-05-31,71.91166687011719,77.02999877929688,77.08999633789062,74.27999877929688,74.77999877929688,5316700
2024-06-03,71.6129379272461,76.70999908447266,77.5199966430664,76.19000244140625,76.94000244140625,2172400
2024-06-04,72.05170440673828,77.18000030517578,77.55999755859375,76.25,76.51000213623047,2758500
2024-06-05,71.39822387695312,76.4800033569336,76.94000244140625,76.08000183105469,76.9000015258789,2382900
2024-06-06,70.94078063964844,75.98999786376953,76.83000183105469,75.8499984741211,76.18000030517578,2174100
2024-06-07,70.32463073730469,75.33000183105469,75.8499984741211,75.0999984741211,75.25,3723500
2024-06-10,70.09123992919922,75.08000183105469,75.4000015258789,74.73999786376953,75.2300033569336,3684700
2024-06-11,70.64204406738281,75.66999816894531,75.8499984741211,74.5,74.6500015258789,2329800
2024-06-12,70.62336730957031,75.6500015258789,76.63999938964844,75.29000091552734,76.62000274658203,2516900
2024-06-13,71.080810546875,76.13999938964844,76.31999969482422,74.80999755859375,75.75,2401500
2024-06-14,70.92211151123047,75.97000122070312,76.0999984741211,74.97000122070312,75.73999786376953,2666800
2024-06-17,69.8671875,74.83999633789062,75.93000030517578,74.76000213623047,75.56999969482422,2712300
2024-06-18,70.10990905761719,75.0999984741211,75.33999633789062,74.4000015258789,74.68000030517578,2443100
2024-06-20,70.46468353271484,75.4800033569336,75.87000274658203,74.83000183105469,75.0,1885300
2024-06-21,70.26861572265625,75.2699966430664,76.5,75.23999786376953,76.0999984741211,5265700
2024-06-24,71.37022399902344,76.44999694824219,76.79000091552734,75.37999725341797,75.5,2246700
2024-06-25,70.42733764648438,75.44000244140625,76.58000183105469,75.05000305175781,76.33000183105469,2964600
2024-06-26,71.05280303955078,76.11000061035156,76.29000091552734,74.5,74.88999938964844,3441000
2024-06-27,71.47634887695312,75.94000244140625,76.16999816894531,75.19999694824219,75.52999877929688,2450100
2024-06-28,71.58929443359375,76.05999755859375,76.63999938964844,75.47000122070312,76.2699966430664,4925600
2024-07-01,70.56336975097656,74.97000122070312,76.4000015258789,74.73999786376953,76.13999938964844,2799100
2024-07-02,70.75161743164062,75.16999816894531,75.44000244140625,74.9000015258789,75.04000091552734,1875300
2024-07-03,70.75161743164062,75.16999816894531,75.86000061035156,75.01000213623047,75.13999938964844,1261400
2024-07-05,71.65518951416016,76.12999725341797,76.22000122070312,74.75,75.13999938964844,4498100
2024-07-08,70.76101684570312,75.18000030517578,76.30000305175781,74.66000366210938,76.13999938964844,2356100
2024-07-09,71.13751983642578,75.58000183105469,76.18000030517578,75.01000213623047,75.22000122070312,2133600
2024-07-10,71.626953125,76.0999984741211,76.26000213623047,75.4000015258789,75.91000366210938,1925000
2024-07-11,72.50228118896484,77.02999877929688,77.30000305175781,76.2699966430664,76.38999938964844,2992900
2024-07-12,72.5211181640625,77.05000305175781,77.7699966430664,77.0,77.3499984741211,3282200
2024-07-15,71.55165100097656,76.0199966430664,77.02999877929688,75.83000183105469,76.58000183105469,3392400
2024-07-16,71.88108825683594,76.37000274658203,76.56999969482422,75.88999938964844,76.41000366210938,3730100
2024-07-17,73.15174865722656,77.72000122070312,78.44000244140625,76.3499984741211,76.55999755859375,3448200
2024-07-18,73.19878387451172,77.7699966430664,79.45999908447266,77.20999908447266,77.25,2804000
2024-07-19,73.01055145263672,77.56999969482422,78.19999694824219,77.22000122070312,78.19999694824219,1559500
2024-07-22,73.4058609008789,77.98999786376953,78.19000244140625,77.5,77.86000061035156,2137800
2024-07-23,73.16114807128906,77.7300033569336,78.25,77.52999877929688,77.7699966430664,2186300
2024-07-24,74.46945190429688,79.12000274658203,79.4800033569336,78.0,78.43000030517578,3032200
2024-07-25,73.48116302490234,78.06999969482422,80.54000091552734,78.02999877929688,79.62999725341797,4582100
2024-07-26,73.93295288085938,78.55000305175781,79.1500015258789,78.05999755859375,78.33000183105469,2530400
2024-07-29,74.60121154785156,79.26000213623047,79.5,78.30999755859375,78.73999786376953,2072000
2024-07-30,75.50479125976562,80.22000122070312,80.37999725341797,79.18000030517578,79.31999969482422,2043100
2024-07-31,75.35419464111328,80.05999755859375,80.45999908447266,79.48999786376953,80.2699966430664,2159400
2024-08-01,76.69072723388672,81.4800033569336,81.5,80.16000366210938,80.55999755859375,2033200
2024-08-02,76.93544006347656,81.73999786376953,83.68000030517578,80.83999633789062,82.77999877929688,2695400
2024-08-05,74.07412719726562,78.69999694824219,82.37000274658203,78.52999877929688,82.33000183105469,4775000
2024-08-06,72.5211181640625,77.05000305175781,79.30000305175781,77.05000305175781,78.5,4744000
2024-08-07,72.71876525878906,77.26000213623047,78.13999938964844,77.0199966430664,77.58999633789062,4243500
2024-08-08,73.01055145263672,77.56999969482422,78.19999694824219,76.66999816894531,76.75,3444500
2024-08-09,73.80117797851562,78.41000366210938,78.52999877929688,77.06999969482422,78.16000366210938,2514500
2024-08-12,74.34708404541016,78.98999786376953,79.05999755859375,78.12999725341797,78.55000305175781,1972200
2024-08-13,73.89530181884766,78.51000213623047,79.4800033569336,78.19999694824219,79.26000213623047,2976900
2024-08-14,74.08354187011719,78.70999908447266,79.38999938964844,78.0199966430664,78.12999725341797,2659400
2024-08-15,74.99652099609375,79.68000030517578,79.81999969482422,78.22000122070312,78.3499984741211,2588000
2024-08-16,75.2883071899414,79.98999786376953,80.30999755859375,79.58000183105469,80.16000366210938,3244300
2024-08-19,76.11659240722656,80.87000274658203,80.91000366210938,79.9800033569336,80.0,2224000
2024-08-20,76.0130386352539,80.76000213623047,81.1500015258789,80.47000122070312,80.87000274658203,1737700
2024-08-21,76.2201156616211,80.9800033569336,81.29000091552734,80.68000030517578,80.9000015258789,1620100
2024-08-22,76.53071594238281,81.30999755859375,81.41999816894531,80.62999725341797,80.87999725341797,1878500
2024-08-23,76.61543273925781,81.4000015258789,81.8499984741211,81.16000366210938,81.5999984741211,1974600
2024-08-26,77.27427673339844,82.0999984741211,82.56999969482422,81.45999908447266,81.66000366210938,1756100
2024-08-27,76.8507308959961,81.6500015258789,82.38999938964844,81.16999816894531,81.94999694824219,2240600
2024-08-28,76.8507308959961,81.6500015258789,82.27999877929688,81.31999969482422,81.87999725341797,2830100
2024-08-29,76.82249450683594,81.62000274658203,81.7699966430664,80.2300033569336,81.7300033569336,1873900
2024-08-30,77.34957885742188,82.18000030517578,82.45999908447266,81.27999877929688,81.5999984741211,3181700
2024-09-03,77.77313232421875,82.62999725341797,83.12000274658203,81.47000122070312,82.01000213623047,1614900
2024-09-04,78.49786376953125,83.4000015258789,84.27999877929688,82.83000183105469,83.01000213623047,1745200
2024-09-05,78.20609283447266,83.08999633789062,84.22000122070312,82.80000305175781,84.22000122070312,1433400
2024-09-06,77.27427673339844,82.0999984741211,83.26000213623047,82.08000183105469,83.11000061035156,2115400
2024-09-09,78.06490325927734,82.94000244140625,83.01000213623047,82.05000305175781,82.33000183105469,2231100
2024-09-10,77.25545501708984,82.08000183105469,83.81999969482422,81.41999816894531,83.08999633789062,3041700
2024-09-11,76.58719635009766,81.37000274658203,81.88999938964844,80.45999908447266,81.8499984741211,3439600
2024-09-12,76.89779663085938,81.69999694824219,81.83000183105469,81.0,81.55000305175781,2331500
2024-09-13,78.09314727783203,82.97000122070312,83.06999969482422,81.3499984741211,81.93000030517578,2492900
2024-09-16,78.68611145019531,83.5999984741211,84.29000091552734,83.30000305175781,83.61000061035156,2390200
2024-09-17,79.01553344726562,83.94999694824219,84.02999877929688,83.41000366210938,83.83999633789062,2025300
2024-09-18,78.06490325927734,82.94000244140625,84.0999984741211,82.25,83.87999725341797,1942300
2024-09-19,77.6601791381836,82.51000213623047,83.0,81.95999908447266,82.6500015258789,2296900
2024-09-20,78.2907943725586,83.18000030517578,83.45999908447266,82.08999633789062,82.83000183105469,4640500
2024-09-23,79.10025024414062,84.04000091552734,84.12000274658203,83.13999938964844,83.44000244140625,2334500
2024-09-24,78.14019775390625,83.0199966430664,84.37999725341797,82.9000015258789,83.83000183105469,3213100
2024-09-25,78.12139129638672,83.0,83.69000244140625,82.38999938964844,83.44000244140625,2377400
2024-09-26,77.70413208007812,81.94000244140625,82.97000122070312,81.75,82.0199966430664,2775100
2024-09-27,78.9464111328125,83.25,83.58000183105469,82.33000183105469,82.33000183105469,2462800
2024-09-30,79.3067626953125,83.62999725341797,83.6500015258789,82.44000244140625,83.36000061035156,2355200
2024-10-01,79.58177185058594,83.91999816894531,84.47000122070312,83.51000213623047,83.81999969482422,1628700
2024-10-02,79.0696792602539,83.37999725341797,83.91999816894531,82.75,83.18000030517578,1740000
2024-10-03,78.26363372802734,82.52999877929688,83.5,82.2300033569336,83.5,1711300
2024-10-04,78.33000946044922,82.5999984741211,82.87000274658203,81.5999984741211,81.69000244140625,1388400
2024-10-07,77.29635620117188,81.51000213623047,82.33000183105469,81.3499984741211,82.13999938964844,2742000
2024-10-08,77.39118194580078,81.61000061035156,82.31999969482422,81.54000091552734,81.91999816894531,2416400
2024-10-09,77.30583190917969,81.5199966430664,81.97000122070312,81.08000183105469,81.62999725341797,1573100
2024-10-10,77.12566375732422,81.33000183105469,82.5,81.26000213623047,81.87000274658203,2050400
2024-10-11,77.91275787353516,82.16000366210938,82.38999938964844,81.37000274658203,81.54000091552734,1794300
2024-10-14,78.85157775878906,83.1500015258789,83.29000091552734,82.11000061035156,82.19999694824219,1998400
2024-10-15,79.68607330322266,84.02999877929688,84.48999786376953,83.18000030517578,83.4800033569336,6532000
2024-10-16,81.23181915283203,85.66000366210938,85.83000183105469,83.87000274658203,84.13999938964844,3173600
2024-10-17,81.07060241699219,85.48999786376953,85.91999816894531,84.61000061035156,85.5,3135200
2024-10-18,81.51631927490234,85.95999908447266,86.12999725341797,84.62999725341797,85.66999816894531,3023000
2024-10-21,80.53955078125,84.93000030517578,86.05999755859375,84.08999633789062,86.05999755859375,3065700
2024-10-22,80.61542510986328,85.01000213623047,85.2300033569336,84.26000213623047,84.4000015258789,3547000
2024-10-23,81.51631927490234,85.95999908447266,85.98999786376953,84.87000274658203,85.29000091552734,3098200
2024-10-24,81.33613586425781,85.7699966430664,86.56999969482422,85.37999725341797,86.3499984741211,2202400
2024-10-25,80.01799774169922,84.37999725341797,86.36000061035156,84.33000183105469,86.23999786376953,2308500
2024-10-28,80.76715087890625,85.16999816894531,85.5999984741211,84.7300033569336,84.9000015258789,1924400
2024-10-29,79.23090362548828,83.55000305175781,84.54000091552734,83.44999694824219,84.54000091552734,2459700
2024-10-30,79.23090362548828,83.55000305175781,84.08000183105469,82.6500015258789,83.86000061035156,2196500
2024-10-31,79.06021118164062,83.37000274658203,84.38999938964844,83.19999694824219,83.37000274658203,2236400
2024-11-01,77.42912292480469,81.6500015258789,83.93000030517578,81.54000091552734,83.73999786376953,2789600
2024-11-04,76.6325454711914,80.80999755859375,81.94000244140625,80.11000061035156,81.55000305175781,3379900
2024-11-05,77.99810028076172,82.25,82.2699966430664,80.22000122070312,80.80000305175781,4274200
2024-11-06,83.69741821289062,88.26000213623047,88.58999633789062,80.87000274658203,81.5,7768800
2024-11-07,85.119873046875,89.76000213623047,90.16000366210938,88.05000305175781,88.25,5243500
2024-11-08,86.53285217285156,91.25,91.87999725341797,89.4800033569336,89.68000030517578,3733600
2024-11-11,87.35787963867188,92.12000274658203,92.66000366210938,90.5199966430664,90.5199966430664,2690300
2024-11-12,87.4337387084961,92.19999694824219,92.48999786376953,91.4800033569336,92.2699966430664,3403000
2024-11-13,87.42425537109375,92.19000244140625,93.12000274658203,91.26000213623047,92.44000244140625,3745200
2024-11-14,85.76473236083984,90.44000244140625,92.12000274658203,90.43000030517578,92.0,3247500
2024-11-15,87.42425537109375,92.19000244140625,92.27999877929688,90.25,90.44000244140625,3050100
2024-11-18,88.11650848388672,92.91999816894531,93.20999908447266,91.72000122070312,91.8499984741211,2466800
2024-11-19,88.55272674560547,93.37999725341797,93.44000244140625,91.72000122070312,92.16000366210938,2901800
2024-11-20,88.30618286132812,93.12000274658203,93.9000015258789,92.48999786376953,93.7300033569336,2311700
2024-11-21,89.79502868652344,94.69000244140625,94.86000061035156,92.45999908447266,92.91000366210938,2541400
2024-11-22,89.396728515625,94.2699966430664,95.29000091552734,94.1500015258789,94.98999786376953,2554400
2024-11-25,89.87088775634766,94.7699966430664,95.7699966430664,94.33999633789062,95.55999755859375,4978000
2024-11-26,88.46739196777344,93.29000091552734,94.69000244140625,92.87999725341797,94.69000244140625,5601900
2024-11-27,89.40620422363281,94.27999877929688,94.83000183105469,93.3499984741211,93.77999877929688,2871800
2024-11-29,88.82775115966797,93.66999816894531,94.91999816894531,93.66999816894531,94.5199966430664,1762800
2024-12-02,87.33890533447266,92.0999984741211,94.1500015258789,91.68000030517578,94.1500015258789,3199500
2024-12-03,87.2535629272461,92.01000213623047,93.58000183105469,91.98999786376953,92.9000015258789,4018300
2024-12-04,86.76992797851562,91.5,92.05000305175781,91.08999633789062,91.86000061035156,3415500
2024-12-05,86.82721710205078,90.94000244140625,91.80000305175781,90.83000183105469,91.23999786376953,3910500
2024-12-06,85.54781341552734,89.5999984741211,91.25,89.29000091552734,91.11000061035156,3265200
2024-12-09,84.76490020751953,88.77999877929688,89.68000030517578,88.69000244140625,89.41999816894531,3015600
2024-12-10,84.5453109741211,88.55000305175781,89.43000030517578,87.77999877929688,88.88999938964844,2415500
2024-12-11,83.45686340332031,87.41000366210938,88.80999755859375,87.0999984741211,88.62999725341797,3996900
2024-12-12,83.9533462524414,87.93000030517578,88.5,87.4000015258789,87.97000122070312,4254500
2024-12-13,85.12772369384766,89.16000366210938,89.79000091552734,88.80999755859375,89.01000213623047,2766700
2024-12-16,84.6216812133789,88.62999725341797,89.7699966430664,88.62000274658203,89.11000061035156,2881300
2024-12-17,83.02720642089844,86.95999908447266,88.58000183105469,86.36000061035156,87.58000183105469,4188800
2024-12-18,81.24177551269531,85.08999633789062,87.94000244140625,85.05999755859375,87.01000213623047,3344600
2024-12-19,82.01515197753906,85.9000015258789,86.68000030517578,85.0999984741211,85.33000183105469,3532800
2024-12-20,82.88400268554688,86.80999755859375,87.2300033569336,85.33999633789062,85.33999633789062,4747300
2024-12-23,83.10359191894531,87.04000091552734,87.06999969482422,85.80999755859375,86.6500015258789,2789500
2024-12-24,83.98198699951172,87.95999908447266,87.97000122070312,86.66999816894531,86.95999908447266,795600
2024-12-26,83.64781188964844,87.61000061035156,87.73999786376953,87.0,87.51000213623047,7243800
2024-12-27,83.80057525634766,87.7699966430664,88.16000366210938,87.0,87.0,1791200
2024-12-30,83.39956665039062,87.3499984741211,87.63999938964844,86.31999969482422,87.19999694824219,4381300
2024-12-31,83.75283813476562,87.72000122070312,88.0199966430664,87.25,87.27999877929688,1827300
2025-01-02,83.18951416015625,87.12999725341797,88.6500015258789,86.80000305175781,88.30999755859375,2330600
2025-01-03,83.7051010131836,87.66999816894531,87.94999694824219,86.8499984741211,87.41999816894531,2838100
2025-01-06,80.68801879882812,84.51000213623047,87.37999725341797,84.19999694824219,87.31999969482422,3075100
2025-01-07,80.42068481445312,84.2300033569336,85.19999694824219,84.05999755859375,84.79000091552734,4262200
2025-01-08,79.07444763183594,82.81999969482422,84.41000366210938,81.29000091552734,84.19000244140625,6214400
2025-01-10,75.16941833496094,78.7300033569336,82.45999908447266,78.5999984741211,81.86000061035156,8190700
2025-01-13,73.46038055419922,76.94000244140625,79.0999984741211,76.72000122070312,78.93000030517578,9327700
2025-01-14,74.57746124267578,78.11000061035156,79.22000122070312,77.19000244140625,77.69999694824219,6083700
2025-01-15,78.69253540039062,82.41999816894531,83.19000244140625,79.31999969482422,79.41999816894531,10263100
2025-01-16,80.1915283203125,83.98999786376953,84.12999725341797,82.0199966430664,82.29000091552734,7815600
2025-01-17,81.32771301269531,85.18000030517578,85.33000183105469,83.72000122070312,84.19000244140625,3628900
2025-01-21,82.59756469726562,86.51000213623047,87.12000274658203,85.44000244140625,85.8499984741211,5333400
2025-01-22,79.05535125732422,82.80000305175781,86.25,82.6500015258789,86.0199966430664,4423300
2025-01-23,79.06489562988281,82.80999755859375,83.52999877929688,82.5199966430664,82.94999694824219,4586000
2025-01-24,78.96941375732422,82.70999908447266,83.30999755859375,82.26000213623047,82.26000213623047,3683600
2025-01-27,78.43474578857422,82.1500015258789,83.0199966430664,80.2300033569336,82.55999755859375,6813200
2025-01-28,78.0528335571289,81.75,82.30999755859375,81.0,82.23999786376953,4461800
2025-01-29,78.2724380493164,81.9800033569336,83.0,81.83000183105469,81.83000183105469,2700000
2025-01-30,79.523193359375,83.29000091552734,83.47000122070312,82.41999816894531,82.79000091552734,2192000
2025-01-31,79.17945861816406,82.93000030517578,83.93000030517578,82.61000061035156,83.30000305175781,2677600
2025-02-03,78.85484313964844,82.58999633789062,82.70999908447266,81.12000274658203,81.73999786376953,2589400
2025-02-04,77.747314453125,81.43000030517578,83.56999969482422,81.30000305175781,82.26000213623047,3756300
2025-02-05,78.57795715332031,82.30000305175781,82.56999969482422,81.5,82.16000366210938,2708300
2025-02-06,78.36790466308594,82.08000183105469,83.0,81.76000213623047,82.83000183105469,2400300
2025-02-07,78.2724380493164,81.9800033569336,82.44999694824219,81.38999938964844,82.04000091552734,2390600
2025-02-10,78.49202728271484,82.20999908447266,82.79000091552734,81.2300033569336,81.95999908447266,3660000
2025-02-11,79.6568603515625,83.43000030517578,83.79000091552734,81.62999725341797,82.25,3019500
2025-02-12,79.17945861816406,82.93000030517578,83.16000366210938,82.01000213623047,82.02999877929688,3360900
2025-02-13,80.0674057006836,83.86000061035156,84.05000305175781,82.5999984741211,82.94999694824219,2891000
2025-02-14,80.29655456542969,84.0999984741211,85.06999969482422,83.8499984741211,84.16999816894531,3603500
2025-02-18,80.79303741455078,84.62000274658203,85.1500015258789,84.0999984741211,84.31999969482422,3530000
2025-02-19,81.48047637939453,85.33999633789062,85.62000274658203,84.5,84.5,3154900
2025-02-20,82.12017822265625,86.01000213623047,86.33000183105469,84.16999816894531,85.0999984741211,2293600
2025-02-21,83.16088104248047,87.0999984741211,87.51000213623047,85.58000183105469,85.75,4644500
2025-02-24,83.23725891113281,87.18000030517578,87.5999984741211,86.72000122070312,87.20999908447266,4392300
2025-02-25,67.4452896118164,70.63999938964844,73.44000244140625,64.88999938964844,72.37999725341797,29513700
2025-02-26,69.55534362792969,72.8499984741211,74.25,68.19000244140625,70.02999877929688,15587500
2025-02-27,68.64830780029297,71.9000015258789,73.16000366210938,71.68000030517578,72.44999694824219,12176500
2025-02-28,68.3332290649414,71.56999969482422,73.04000091552734,70.56999969482422,72.62999725341797,8874400
2025-03-03,68.2091064453125,71.44000244140625,72.58000183105469,70.79000091552734,71.01000213623047,4650000
2025-03-04,67.43573760986328,70.62999725341797,71.61000061035156,70.08000183105469,71.3499984741211,6252500
2025-03-05,68.64830780029297,71.9000015258789,72.13999938964844,69.33000183105469,70.75,6661100
2025-03-06,66.47142791748047,69.62000274658203,71.9000015258789,69.05999755859375,71.5,5728400
2025-03-07,66.1658935546875,69.30000305175781,69.63999938964844,67.81999969482422,69.47000122070312,5948300
2025-03-10,66.32820129394531,69.47000122070312,69.72000122070312,67.45999908447266,69.0999984741211,9239200
2025-03-11,65.678955078125,68.79000091552734,70.69999694824219,68.47000122070312,69.69000244140625,6969900
2025-03-12,65.83171844482422,68.94999694824219,69.86000061035156,68.4800033569336,69.11000061035156,4421800
2025-03-13,64.7814712524414,67.8499984741211,69.37999725341797,67.5999984741211,68.4800033569336,4990200
2025-03-14,67.03473663330078,70.20999908447266,70.3499984741211,67.87999725341797,68.5,5795800
2025-03-17,67.84628295898438,71.05999755859375,71.80999755859375,70.0,70.20999908447266,4759400
2025-03-18,67.55032348632812,70.75,71.33000183105469,70.11000061035156,70.44000244140625,3915100
2025-03-19,67.87492370605469,71.08999633789062,71.19999694824219,70.33000183105469,70.91000366210938,5920400
2025-03-20,67.44617462158203,70.0,70.88999938964844,69.69000244140625,70.19000244140625,6093400
2025-03-21,67.00296020507812,69.54000091552734,70.22000122070312,69.16999816894531,69.72000122070312,7235900
2025-03-24,67.69668579101562,70.26000213623047,70.76000213623047,69.70999908447266,70.01000213623047,4073900
2025-03-25,66.58865356445312,69.11000061035156,70.26000213623047,68.7699966430664,70.26000213623047,4456100
2025-03-26,68.18807220458984,70.7699966430664,70.9800033569336,69.30000305175781,69.3499984741211,5304600
2025-03-27,67.50397491455078,70.05999755859375,70.72000122070312,69.91999816894531,70.5,4412700
2025-03-28,67.18601989746094,69.7300033569336,70.5,69.62000274658203,70.4800033569336,3114300
2025-03-31,68.75656127929688,71.36000061035156,71.63999938964844,69.73999786376953,69.94999694824219,5007500
2025-04-01,68.94925689697266,71.55999755859375,71.68000030517578,70.3499984741211,71.08999633789062,5649500
2025-04-02,70.18255615234375,72.83999633789062,73.11000061035156,71.12000274658203,71.12000274658203,4726600
2025-04-03,68.1495361328125,70.7300033569336,73.41999816894531,70.6500015258789,72.16000366210938,6681100
2025-04-04,63.476478576660156,65.87999725341797,70.44999694824219,65.36000061035156,70.2300033569336,6652200
2025-04-07,61.57835388183594,63.90999984741211,66.41999816894531,61.900001525878906,64.5999984741211,9770500
2025-04-08,61.45309829711914,63.779998779296875,66.5,62.65999984741211,65.8499984741211,5639200
2025-04-09,65.57693481445312,68.05999755859375,68.30999755859375,62.380001068115234,63.38999938964844,5983900
2025-04-10,64.45926666259766,66.9000015258789,67.87000274658203,65.06999969482422,67.1500015258789,6830400
2025-04-11,65.81782531738281,68.30999755859375,68.62000274658203,65.6500015258789,67.02999877929688,4169500
2025-04-14,67.18601989746094,69.7300033569336,70.13999938964844,68.58000183105469,69.19000244140625,3742300
2025-04-15,67.65814971923828,70.22000122070312,70.52999877929688,69.66000366210938,69.87000274658203,3187300
2025-04-16,67.82194519042969,70.38999938964844,71.26000213623047,69.69999694824219,69.9800033569336,3027800
2025-04-17,68.52532196044922,71.12000274658203,71.95999908447266,70.22000122070312,70.76000213623047,3595100
2025-04-21,67.88938903808594,70.45999908447266,71.06999969482422,69.08000183105469,70.52999877929688,5086200
2025-04-22,69.6718978881836,72.30999755859375,72.44999694824219,70.94999694824219,71.3499984741211,4966500
2025-04-23,70.63540649414062,73.30999755859375,74.25,72.55999755859375,73.05999755859375,4060500
2025-04-24,71.80126953125,74.5199966430664,74.76000213623047,72.70999908447266,73.20999908447266,4021500
2025-04-25,71.95542907714844,74.68000030517578,75.2300033569336,74.20999908447266,74.54000091552734,4123000
2025-04-28,72.84186553955078,75.5999984741211,75.91999816894531,74.30999755859375,74.79000091552734,4817800
2025-04-29,72.60098266601562,75.3499984741211,76.05999755859375,75.13999938964844,75.30999755859375,3507500
2025-04-30,71.56038665771484,74.2699966430664,75.08000183105469,72.98999786376953,74.94000244140625,4419700
2025-05-01,71.97470092773438,74.69999694824219,75.22000122070312,73.44000244140625,74.37999725341797,3306000
2025-05-02,72.71660614013672,75.47000122070312,76.04000091552734,74.80999755859375,75.0999984741211,2830800
2025-05-05,72.61062622070312,75.36000061035156,75.73999786376953,74.55000305175781,75.0999984741211,3187900
2025-05-06,72.3311996459961,75.06999969482422,76.05000305175781,74.44999694824219,75.04000091552734,3108900
2025-05-07,73.0923843383789,75.86000061035156,76.30000305175781,74.5199966430664,74.86000061035156,4619200
2025-05-08,73.00566101074219,75.7699966430664,77.58000183105469,75.55999755859375,75.9000015258789,4031900
2025-05-09,72.6684341430664,75.41999816894531,76.33999633789062,74.83999633789062,75.26000213623047,3066400
2025-05-12,72.90930938720703,75.66999816894531,76.13999938964844,74.80999755859375,76.13999938964844,4194000
2025-05-13,72.38900756835938,75.12999725341797,76.5999984741211,75.04000091552734,75.47000122070312,4249900
2025-05-14,72.12886047363281,74.86000061035156,75.08999633789062,73.33000183105469,75.08000183105469,4989200
2025-05-15,73.68013000488281,76.47000122070312,76.68000030517578,75.0,75.0,2895800
2025-05-16,74.77853393554688,77.61000061035156,77.68000030517578,76.01000213623047,76.66999816894531,3336900
2025-05-19,75.5686264038086,78.43000030517578,78.47000122070312,77.12000274658203,77.38999938964844,4004600
2025-05-20,75.37591552734375,78.2300033569336,78.9800033569336,78.0999984741211,78.76000213623047,3435100
2025-05-21,74.02699279785156,76.83000183105469,78.56999969482422,76.80000305175781,78.0,3521500
2025-05-22,73.94991302490234,76.75,77.16999816894531,75.72000122070312,76.41000366210938,3269700
2025-05-23,74.8556137084961,77.69000244140625,77.77999877929688,76.13999938964844,76.79000091552734,3272400
2025-05-27,76.03111267089844,78.91000366210938,79.25,78.0,78.79000091552734,2903000
2025-05-28,74.67254638671875,77.5,79.23999786376953,77.0199966430664,78.77999877929688,3124800
2025-05-29,75.10612487792969,77.94999694824219,77.97000122070312,77.11000061035156,77.55000305175781,2308600
2025-05-30,75.7227783203125,78.58999633789062,78.80999755859375,77.37000274658203,77.51000213623047,8580600
2025-06-02,75.17357635498047,78.0199966430664,78.58999633789062,77.5,77.87999725341797,3250000
2025-06-03,74.95196533203125,77.79000091552734,78.01000213623047,76.70999908447266,78.0,3455100
2025-06-04,73.64158630371094,76.43000030517578,77.75,76.36000061035156,77.63999938964844,3170700
2025-06-05,73.17909240722656,75.94999694824219,76.72000122070312,75.75,76.44999694824219,2616900
2025-06-06,74.04625701904297,76.8499984741211,76.9000015258789,75.83999633789062,76.61000061035156,2882700
2025-06-09,71.96507263183594,74.69000244140625,77.08999633789062,74.43000030517578,76.73999786376953,6237000
2025-06-10,73.19837188720703,75.97000122070312,76.16999816894531,74.83999633789062,74.93000030517578,3772600
2025-06-11,73.20800018310547,75.9800033569336,76.44000244140625,75.58999633789062,76.06999969482422,3042300
2025-06-12,73.44888305664062,76.2300033569336,76.30999755859375,75.55000305175781,75.68000030517578,2698800
2025-06-13,71.37732696533203,74.08000183105469,76.27999877929688,73.58999633789062,76.05999755859375,3855100
2025-06-16,71.0882568359375,73.77999877929688,75.05000305175781,73.38999938964844,74.83000183105469,3553100
2025-06-17,71.37732696533203,74.08000183105469,74.27999877929688,73.05999755859375,73.48999786376953,4107300
2025-06-18,71.67601013183594,74.38999938964844,75.06999969482422,73.83000183105469,74.19999694824219,3257800
2025-06-20,71.35803985595703,74.05999755859375,75.36000061035156,73.91999816894531,74.5999984741211,10288000
2025-06-23,73.02493286132812,75.79000091552734,75.86000061035156,74.18000030517578,74.4000015258789,5506200
2025-06-24,73.3139877319336,76.08999633789062,76.37000274658203,75.38999938964844,75.79000091552734,3358700
2025-06-25,72.28302001953125,75.0199966430664,75.9000015258789,74.77999877929688,75.58000183105469,2443600
2025-06-26,72.8321304321289,74.94000244140625,74.94999694824219,73.61000061035156,74.45999908447266,5365400
2025-06-27,73.24032592773438,75.36000061035156,75.9000015258789,74.75,75.08000183105469,5966300
2025-06-30,73.63878631591797,75.7699966430664,75.83000183105469,74.94999694824219,75.30000305175781,3815900
2025-07-01,74.0372543334961,76.18000030517578,76.91999816894531,75.19000244140625,75.52999877929688,3780700
2025-07-02,72.71550750732422,74.81999969482422,76.06999969482422,74.55000305175781,75.9000015258789,3303800
2025-07-03,73.00707244873047,75.12000274658203,75.33999633789062,74.30000305175781,74.7300033569336,1972700
2025-07-07,72.297607421875,74.38999938964844,75.30999755859375,74.0999984741211,74.88999938964844,2207200
2025-07-08,72.22957611083984,74.31999969482422,74.69999694824219,73.33999633789062,74.0199966430664,4352200
2025-07-09,72.39479064941406,74.48999786376953,74.83000183105469,73.18000030517578,74.56999969482422,5035900
2025-07-10,72.79325866699219,74.9000015258789,75.05000305175781,73.83000183105469,73.83999633789062,2638000
2025-07-11,72.46282958984375,74.55999755859375,75.0199966430664,73.83999633789062,74.06999969482422,2819300
2025-07-14,72.45310974121094,74.55000305175781,75.08000183105469,73.97000122070312,74.5,2345900
2025-07-15,72.05464172363281,74.13999938964844,74.75,73.8499984741211,74.58999633789062,2823800
2025-07-16,73.12368774414062,75.23999786376953,75.45999908447266,73.98999786376953,74.13999938964844,3596600
2025-07-17,74.1441650390625,76.29000091552734,76.4000015258789,74.83000183105469,74.98999786376953,2227000
2025-07-18,76.04903411865234,78.25,78.45999908447266,76.44000244140625,76.5,3637300
2025-07-21,76.36003875732422,78.56999969482422,78.83000183105469,77.87000274658203,78.27999877929688,3046000
2025-07-22,77.55543518066406,79.80000305175781,79.83000183105469,78.20999908447266,78.30000305175781,3399800
2025-07-23,77.14724731445312,79.37999725341797,80.48999786376953,78.70999908447266,80.0,3203900
2025-07-24,78.19686889648438,80.45999908447266,80.83999633789062,79.19999694824219,79.41999816894531,2957600
2025-07-25,78.54674530029297,80.81999969482422,80.97000122070312,79.9000015258789,80.5199966430664,2138000
2025-07-28,78.05108642578125,80.30999755859375,80.73999786376953,79.81999969482422,80.72000122070312,2973100
2025-07-29,78.86746978759766,81.1500015258789,81.43000030517578,80.55000305175781,80.75,4314400
2025-07-30,78.89662170410156,81.18000030517578,81.94999694824219,80.66000366210938,81.44999694824219,3690900
2025-07-31,79.38255310058594,81.68000030517578,82.1500015258789,80.7699966430664,80.7699966430664,3631900
2025-08-01,78.6925277709961,80.97000122070312,81.77999877929688,80.44999694824219,81.66000366210938,2661700
2025-08-04,80.64599609375,82.9800033569336,83.48999786376953,81.4000015258789,81.54000091552734,4358600
2025-08-05,80.05315399169922,82.37000274658203,83.26000213623047,80.6500015258789,83.25,5165600
2025-08-06,78.86746978759766,81.1500015258789,82.91999816894531,80.88999938964844,82.43000030517578,4807300
2025-08-07,80.26696014404297,82.58999633789062,83.23999786376953,81.0,81.48999786376953,5962200
2025-08-08,79.41171264648438,81.70999908447266,83.5,81.05000305175781,82.47000122070312,3605000
2025-08-11,78.62449645996094,80.9000015258789,81.98999786376953,80.38999938964844,81.75,3906500
2025-08-12,79.78102111816406,82.08999633789062,82.12000274658203,80.72000122070312,81.04000091552734,2601000
2025-08-13,79.9073715209961,82.22000122070312,82.6500015258789,81.58000183105469,82.29000091552734,3159000
2025-08-14,79.5769271850586,81.87999725341797,82.5199966430664,81.36000061035156,81.88999938964844,2775400
2025-08-15,78.94522094726562,81.2300033569336,81.94999694824219,80.9800033569336,81.75,4067200
2025-08-18,78.71196746826172,80.98999786376953,81.44999694824219,80.55000305175781,81.12999725341797,2118800
2025-08-19,80.32527160644531,82.6500015258789,82.80999755859375,81.16000366210938,81.16000366210938,3136800
2025-08-20,80.08231353759766,82.4000015258789,83.44000244140625,82.13999938964844,82.88999938964844,2838400
2025-08-21,78.8480224609375,81.12999725341797,82.70999908447266,81.11000061035156,82.33999633789062,3398600
2025-08-22,80.5682373046875,82.9000015258789,83.0199966430664,81.19999694824219,81.88999938964844,2489200
2025-08-25,79.39227294921875,81.69000244140625,82.45999908447266,81.5,82.16000366210938,2268800
2025-08-26,79.479736328125,81.77999877929688,82.52999877929688,81.1500015258789,81.44000244140625,3964100
2025-08-27,79.94624328613281,82.26000213623047,82.47000122070312,81.83000183105469,81.88999938964844,3708700
2025-08-28,79.1493148803711,81.44000244140625,82.33000183105469,81.30999755859375,82.26000213623047,2535000
2025-08-29,80.23780822753906,82.55999755859375,83.36000061035156,81.04000091552734,81.11000061035156,3485200
2025-09-02,80.55851745605469,82.88999938964844,83.23999786376953,81.58000183105469,82.0,4127400
2025-09-03,79.9170913696289,82.2300033569336,82.97000122070312,81.36000061035156,82.44999694824219,3238900
2025-09-04,79.81018829345703,82.12000274658203,82.9800033569336,81.27999877929688,82.5999984741211,3601800
2025-09-05,78.8285903930664,81.11000061035156,82.37000274658203,80.45999908447266,82.06999969482422,4311500
2025-09-08,77.17640686035156,79.41000366210938,81.4000015258789,78.97000122070312,81.4000015258789,4818200
2025-09-09,78.0608139038086,80.31999969482422,80.81999969482422,79.1500015258789,79.1500015258789,4025600
2025-09-10,79.70328521728516,82.01000213623047,82.20999908447266,80.22000122070312,80.37999725341797,3727700
2025-09-11,81.1222152709961,83.47000122070312,83.58000183105469,81.75,82.0,4779600
2025-09-12,81.57899475097656,83.94000244140625,84.31999969482422,83.11000061035156,83.30000305175781,3204800
2025-09-15,81.04446411132812,83.38999938964844,85.22000122070312,83.31999969482422,84.02999877929688,5775400
2025-09-16,80.37386322021484,82.69999694824219,83.5999984741211,82.56999969482422,83.19999694824219,4362900
2025-09-17,80.32527160644531,82.6500015258789,84.0,82.56999969482422,83.2699966430664,6866000
2025-09-18,80.16006469726562,82.4800033569336,82.93000030517578,81.72000122070312,82.31999969482422,5866300
2025-09-19,80.85979461669922,83.19999694824219,83.58000183105469,82.37000274658203,82.95999908447266,9015600
2025-09-22,80.05315399169922,82.37000274658203,83.0,81.9800033569336,82.56999969482422,6043700
2025-09-23,83.629638671875,86.05000305175781,86.80000305175781,83.70999908447266,85.0,7570800
2025-09-24,84.82504272460938,87.27999877929688,87.36000061035156,86.12000274658203,86.41000366210938,4580500
2025-09-25,84.05725860595703,86.48999786376953,87.6500015258789,86.05999755859375,87.16999816894531,3868500
2025-09-26,86.09819030761719,88.58999633789062,88.66000366210938,86.5,86.80999755859375,3494900
2025-09-29,87.17697143554688,89.69999694824219,89.80000305175781,88.29000091552734,88.80999755859375,3930600
2025-09-30,87.44910430908203,89.9800033569336,90.52999877929688,89.16000366210938,89.61000061035156,3512400
2025-10-01,87.37568664550781,89.26000213623047,89.62999725341797,88.81999969482422,89.44999694824219,2586900
2025-10-02,87.39525604248047,89.27999877929688,89.69000244140625,88.43000030517578,88.75,3580300
2025-10-03,89.5096664428711,91.44000244140625,91.98999786376953,89.0999984741211,89.48999786376953,4127000
2025-10-06,90.50812530517578,92.45999908447266,92.48999786376953,91.22000122070312,91.5,2863100
2025-10-07,92.02540588378906,94.01000213623047,94.05000305175781,92.5,93.62000274658203,4738800
2025-10-08,91.38912963867188,93.36000061035156,95.72000122070312,93.36000061035156,94.12999725341797,4820700
2025-10-09,89.70542907714844,91.63999938964844,94.5,91.31999969482422,93.87999725341797,4104000
2025-10-10,88.29583740234375,90.19999694824219,92.5,90.0999984741211,92.11000061035156,3899600
2025-10-13,89.24535369873047,91.16999816894531,91.72000122070312,89.98999786376953,90.37000274658203,3035900
2025-10-14,89.40199279785156,91.33000183105469,91.5999984741211,90.19999694824219,90.87000274658203,3087600
2025-10-15,90.34171295166016,92.29000091552734,92.6500015258789,91.51000213623047,91.7300033569336,3066400
2025-10-16,89.21599578857422,91.13999938964844,92.94000244140625,90.95999908447266,92.25,2674100
2025-10-17,89.36283111572266,91.29000091552734,91.63999938964844,90.58000183105469,91.25,2978800
2025-10-20,90.76264190673828,92.72000122070312,93.66000366210938,91.8499984741211,92.3499984741211,3444300
2025-10-21,90.34171295166016,92.29000091552734,93.58000183105469,91.6500015258789,93.19999694824219,2722400
2025-10-22,90.11656951904297,92.05999755859375,93.23999786376953,91.37999725341797,93.08999633789062,3320100
2025-10-23,89.8718490600586,91.80999755859375,92.98999786376953,91.37999725341797,92.62999725341797,1910300
2025-10-24,90.82136535644531,92.77999877929688,92.93000030517578,92.12000274658203,92.30000305175781,1876700
2025-10-27,91.20313262939453,93.16999816894531,93.31999969482422,92.05000305175781,92.83000183105469,2568300
2025-10-28,90.59623718261719,92.55000305175781,93.87000274658203,92.16000366210938,93.87000274658203,2407300
2025-10-29,90.25361633300781,92.19999694824219,93.05999755859375,91.66999816894531,92.26000213623047,2200500
2025-10-30,90.48855590820312,92.44000244140625,93.22000122070312,92.27999877929688,92.48999786376953,2064100
2025-10-31,89.99910736083984,91.94000244140625,92.44999694824219,91.02999877929688,91.69000244140625,3027400
2025-11-03,90.62559509277344,92.58000183105469,92.73999786376953,90.16999816894531,91.69999694824219,2649200
2025-11-04,90.5277099609375,92.4800033569336,92.95999908447266,91.69999694824219,92.30000305175781,2848900
2025-11-05,90.43960571289062,92.38999938964844,94.75,90.83999633789062,93.33000183105469,6589900
2025-11-06,90.82136535644531,92.77999877929688,93.7699966430664,92.43000030517578,92.44999694824219,2659500
2025-11-07,91.74153137207031,93.72000122070312,93.94999694824219,91.87999725341797,93.06999969482422,3505800
2025-11-10,90.97798919677734,92.94000244140625,94.12999725341797,92.48999786376953,93.94999694824219,3807500
2025-11-11,91.55553436279297,93.52999877929688,93.83999633789062,92.31999969482422,93.02999877929688,3201000
2025-11-12,90.5179214477539,92.47000122070312,93.9000015258789,91.9000015258789,93.31999969482422,2946000
2025-11-13,90.27320098876953,92.22000122070312,93.61000061035156,90.37999725341797,92.2300033569336,5611200
2025-11-14,90.0578384399414,92.0,93.3499984741211,91.48999786376953,93.33000183105469,4475200
2025-11-17,90.25361633300781,92.19999694824219,92.75,91.12000274658203,92.37999725341797,5119400
2025-11-18,89.6662826538086,91.5999984741211,92.3499984741211,90.66000366210938,91.9000015258789,3882400
2025-11-19,89.09852600097656,91.0199966430664,92.01000213623047,90.98999786376953,91.9000015258789,3566900
2025-11-20,88.7950668334961,90.70999908447266,92.81999969482422,90.66999816894531,91.80999755859375,2573700
2025-11-21,90.54728698730469,92.5,92.86000061035156,90.54000091552734,91.30999755859375,4634900
2025-11-24,91.92752075195312,93.91000366210938,95.05000305175781,91.97000122070312,92.5,13195700
2025-11-25,90.5179214477539,92.47000122070312,93.91000366210938,92.33999633789062,93.91000366210938,3382200
2025-11-26,91.81005859375,93.79000091552734,94.0,92.62000274658203,92.98999786376953,2725200
2025-11-28,92.72042083740234,94.72000122070312,94.7300033569336,93.16000366210938,93.7699966430664,1281200
2025-12-01,89.56839752197266,91.5,94.27999877929688,91.37000274658203,93.87999725341797,4579100
2025-12-02,89.02999877929688,90.94999694824219,91.75,90.26000213623047,91.63999938964844,3406300
2025-12-03,88.81465148925781,90.7300033569336,91.12999725341797,90.30999755859375,91.08000183105469,2526900
2025-12-04,88.1685791015625,90.06999969482422,91.41999816894531,89.80000305175781,90.44999694824219,5004200
2025-12-05,88.74612426757812,90.66000366210938,91.12000274658203,89.7699966430664,90.22000122070312,3395000
2025-12-08,86.29890441894531,88.16000366210938,90.58000183105469,87.8499984741211,90.52999877929688,4131100
2025-12-09,86.45552825927734,88.31999969482422,89.18000030517578,88.08999633789062,88.62999725341797,2656100
2025-12-10,87.189697265625,89.06999969482422,89.29000091552734,87.91000366210938,88.22000122070312,5688700
2025-12-11,87.72708129882812,88.97000122070312,89.2300033569336,87.94999694824219,88.20999908447266,2913800
2025-12-12,87.2537841796875,88.48999786376953,89.5199966430664,87.94000244140625,89.12000274658203,2424100
2025-12-15,87.35238647460938,88.58999633789062,89.51000213623047,87.05999755859375,89.51000213623047,3620300
2025-12-16,86.68189239501953,87.91000366210938,88.47000122070312,86.86000061035156,88.04000091552734,3321200
2025-12-17,85.56767272949219,86.77999877929688,88.16999816894531,86.23999786376953,87.51000213623047,5368900
2025-12-18,86.0311050415039,87.25,87.94999694824219,87.11000061035156,87.72000122070312,4716000
2025-12-19,85.7254409790039,86.94000244140625,88.37999725341797,86.87000274658203,87.38999938964844,6173800
2025-12-22,86.85936737060547,88.08999633789062,88.1500015258789,86.55999755859375,87.04000091552734,2794600
2025-12-23,87.44112396240234,88.68000030517578,88.88999938964844,87.61000061035156,88.0,3207400
2025-12-24,87.59889221191406,88.83999633789062,89.0199966430664,88.37999725341797,88.80000305175781,1191800
2025-12-26,87.37210845947266,88.61000061035156,89.1500015258789,88.30999755859375,88.8499984741211,1087600
2025-12-29,87.66792297363281,88.91000366210938,89.45999908447266,88.69000244140625,88.69000244140625,2002700
2025-12-30,87.84539794921875,89.08999633789062,89.16999816894531,88.4800033569336,88.88999938964844,1662200
2025-12-31,87.05657958984375,88.29000091552734,89.56999969482422,88.11000061035156,89.08999633789062,2039900
2026-01-02,88.45674133300781,89.70999908447266,89.91999816894531,87.83999633789062,88.72000122070312,1996000
2026-01-05,86.31705474853516,87.54000091552734,89.44999694824219,86.5,89.44999694824219,2954100
2026-01-06,86.47482299804688,87.69999694824219,87.91000366210938,86.8499984741211,87.58000183105469,2921500
2026-01-07,85.1535415649414,86.36000061035156,88.27999877929688,85.80999755859375,87.94999694824219,2492800
2026-01-08,86.80020904541016,88.02999877929688,88.5199966430664,86.08000183105469,86.0999984741211,3374800
2026-01-09,87.57917022705078,88.81999969482422,89.12999725341797,88.08999633789062,88.4800033569336,2809300
2026-01-12,87.85525512695312,89.0999984741211,89.73999786376953,88.33999633789062,88.48999786376953,2117200
2026-01-13,89.02863311767578,90.29000091552734,90.47000122070312,88.5,89.0,2173200
2026-01-14,90.04425048828125,91.31999969482422,91.66000366210938,90.05000305175781,90.2699966430664,3230600
2026-01-15,90.29075622558594,91.56999969482422,92.23999786376953,91.29000091552734,91.58000183105469,2176000
2026-01-16,91.25706481933594,92.55000305175781,92.56999969482422,90.75,91.2300033569336,2116700
2026-01-20,87.19461822509766,88.43000030517578,92.29000091552734,87.9000015258789,92.11000061035156,6771500
2026-01-21,84.77885437011719,85.9800033569336,88.98999786376953,83.91000366210938,88.80000305175781,11182300
2026-01-22,84.55206298828125,85.75,87.12000274658203,85.2699966430664,86.48999786376953,6330500
2026-01-23,84.73941040039062,85.94000244140625,86.75,85.38999938964844,85.77999877929688,4797100
2026-01-26,85.48878479003906,86.69999694824219,87.41000366210938,86.1500015258789,86.22000122070312,5039700
2026-01-27,85.89305877685547,87.11000061035156,87.55999755859375,86.0999984741211,86.68000030517578,3798000
2026-01-28,85.56767272949219,86.77999877929688,87.72000122070312,86.31999969482422,87.11000061035156,5611900
2026-01-29,85.8832015991211,87.0999984741211,87.73999786376953,86.01000213623047,87.47000122070312,5638800
2026-01-30,85.79446411132812,87.01000213623047,87.75,86.22000122070312,87.08000183105469,8028000
2026-02-02,85.0155029296875,86.22000122070312,87.75,85.79000091552734,87.0,3788500
2026-02-03,85.78459930419922,87.0,87.13999938964844,85.79000091552734,85.87999725341797,5622700
2026-02-04,85.41976928710938,86.62999725341797,87.69999694824219,86.37999725341797,87.5199966430664,4110000
2026-02-05,85.44934844970703,86.66000366210938,87.11000061035156,85.62999725341797,86.0,4490000
2026-02-06,86.13957214355469,87.36000061035156,88.08000183105469,86.20999908447266,87.55000305175781,4775500
2026-02-09,86.25789642333984,87.4800033569336,88.04000091552734,86.18000030517578,87.47000122070312,3696300
2026-02-10,88.4468765258789,89.69999694824219,90.05999755859375,87.33000183105469,87.9000015258789,4143400
2026-02-11,89.90620422363281,91.18000030517578,91.20999908447266,89.77999877929688,90.61000061035156,3670300
2026-02-12,91.49371337890625,92.79000091552734,93.36000061035156,91.20999908447266,91.4800033569336,4902300
2026-02-13,93.4559097290039,94.77999877929688,95.73999786376953,91.94000244140625,92.62999725341797,6225100
2026-02-17,91.6416244506836,92.94000244140625,95.5,92.80000305175781,95.16999816894531,3342100
2026-02-18,90.44852447509766,91.7300033569336,93.8499984741211,91.58000183105469,93.0199966430664,3420700
2026-02-19,91.67119598388672,92.97000122070312,93.08999633789062,91.62000274658203,91.8499984741211,2402900
2026-02-20,92.24309539794922,93.55000305175781,93.61000061035156,92.48999786376953,93.61000061035156,3255500
2026-02-23,92.29239654541016,93.5999984741211,94.80999755859375,93.05000305175781,93.45999908447266,2930700
2026-02-24,92.6572265625,93.97000122070312,94.37000274658203,92.25,93.66000366210938,2976400
2026-02-25,93.17982482910156,94.5,94.79000091552734,92.83999633789062,93.77999877929688,4172200
2026-02-26,93.87004089355469,95.19999694824219,97.44999694824219,94.01000213623047,95.7699966430664,4950900
2026-02-27,94.92509460449219,96.2699966430664,96.44999694824219,94.61000061035156,96.18000030517578,4816300
2026-03-02,94.3334732055664,95.66999816894531,96.44999694824219,95.16000366210938,96.12999725341797,3064200
2026-03-03,94.02781677246094,95.36000061035156,95.94000244140625,92.79000091552734,94.12000274658203,3245800
2026-03-04,94.05738830566406,95.38999938964844,96.23999786376953,94.55000305175781,96.20999908447266,2470300
2026-03-05,92.62764739990234,93.94000244140625,94.80999755859375,92.87999725341797,94.75,3905400
2026-03-06,91.33594512939453,92.62999725341797,93.26000213623047,91.18000030517578,92.4800033569336,3595100
2026-03-09,92.20365142822266,93.51000213623047,93.7699966430664,90.81999969482422,92.06999969482422,4064800
2026-03-10,91.67119598388672,92.97000122070312,94.23999786376953,92.56999969482422,93.11000061035156,4533200
2026-03-11,91.49371337890625,92.79000091552734,93.30999755859375,92.31999969482422,92.7699966430664,2131700
2026-03-12,91.88813018798828,93.19000244140625,94.12999725341797,91.94999694824219,92.41999816894531,3699000
2026-03-13,93.78129577636719,95.11000061035156,95.63999938964844,94.19999694824219,94.30999755859375,2782900
2026-03-16,94.5997085571289,95.94000244140625,96.4000015258789,95.0199966430664,96.13999938964844,3561800
2026-03-17,94.5997085571289,95.94000244140625,97.0,95.80999755859375,96.97000122070312,2949900
2026-03-18,93.7122802734375,95.04000091552734,96.08000183105469,95.0,95.5199966430664,3585500
2026-03-19,94.5741195678711,95.25,95.80999755859375,93.68000030517578,94.33999633789062,4734300
2026-03-20,91.06916809082031,91.72000122070312,95.80000305175781,91.16000366210938,95.44000244140625,5703700
2026-03-23,92.79682159423828,93.45999908447266,94.04000091552734,92.5199966430664,93.76000213623047,3344000
2026-03-24,94.32588958740234,95.0,95.6500015258789,92.72000122070312,92.79000091552734,3196600
2026-03-25,94.64362335205078,95.31999969482422,95.95999908447266,94.44999694824219,95.68000030517578,3699600
2026-03-26,94.862060546875,95.54000091552734,96.29000091552734,94.69000244140625,94.95999908447266,3411700
2026-03-27,95.19964599609375,95.87999725341797,97.08000183105469,95.02999877929688,95.41000366210938,3166600
2026-03-30,95.89468383789062,96.58000183105469,97.61000061035156,96.19999694824219,97.31999969482422,3303200
2026-03-31,96.4804916381836,97.16999816894531,97.44000244140625,96.2300033569336,97.18000030517578,4759900
2026-04-01,96.71879577636719,97.41000366210938,98.44999694824219,96.69000244140625,97.01000213623047,2598000
2026-04-02,98.49608612060547,99.19999694824219,99.27999877929688,97.0199966430664,97.33999633789062,3555800
2026-04-06,97.31453704833984,98.01000213623047,98.91000366210938,97.44999694824219,98.29000091552734,3127400
2026-04-07,97.76133728027344,98.45999908447266,99.11000061035156,97.55999755859375,97.80000305175781,2210200
2026-04-08,98.17835998535156,98.87999725341797,98.88999938964844,96.2699966430664,97.70999908447266,2888600
2026-04-09,99.04218292236328,99.75,101.04000091552734,98.41000366210938,98.75,2677000
2026-04-10,98.11878204345703,98.81999969482422,100.16000366210938,98.69000244140625,99.56999969482422,1880400
2026-04-13,95.54716491699219,96.2300033569336,98.7699966430664,95.37999725341797,98.6500015258789,3231800
2026-04-14,95.4776611328125,96.16000366210938,96.2699966430664,95.08999633789062,96.12000274658203,3837100
2026-04-15,94.79255676269531,95.47000122070312,96.41000366210938,95.02999877929688,95.95999908447266,2848800
2026-04-16,95.11029052734375,95.79000091552734,96.05000305175781,94.66000366210938,95.22000122070312,3611400
2026-04-17,93.35284423828125,94.0199966430664,95.80999755859375,92.93000030517578,95.4000015258789,4675800
2026-04-20,92.7173843383789,93.37999725341797,94.43000030517578,93.06999969482422,94.27999877929688,3513400
2026-04-21,92.48902130126953,93.1500015258789,94.58000183105469,92.72000122070312,94.5,2975000
2026-04-22,91.72447967529297,92.37999725341797,94.55000305175781,92.18000030517578,93.98999786376953,2921900
2026-04-23,93.2436294555664,93.91000366210938,94.12000274658203,92.69000244140625,92.91999816894531,4735500
2026-04-24,92.53865814208984,93.19999694824219,94.08000183105469,93.08000183105469,93.91000366210938,2724800
2026-04-27,91.80391693115234,92.45999908447266,94.05999755859375,92.30000305175781,93.23999786376953,3049900
2026-04-28,92.24079132080078,92.9000015258789,93.76000213623047,92.4800033569336,93.01000213623047,2627700
2026-04-29,91.98263549804688,92.63999938964844,93.5999984741211,92.30000305175781,92.3499984741211,2607800
2026-04-30,94.4450454711914,95.12000274658203,95.26000213623047,92.18000030517578,92.18000030517578,4745800
2026-05-01,93.99822998046875,94.66999816894531,96.05999755859375,94.38999938964844,95.19999694824219,2603500
2026-05-04,93.71028900146484,94.37999725341797,95.11000061035156,93.51000213623047,94.16000366210938,2411100
2026-05-05,93.70036315917969,94.37000274658203,95.29000091552734,94.29000091552734,94.58999633789062,2329700
2026-05-06,93.00532531738281,93.66999816894531,94.0999984741211,92.37000274658203,93.77999877929688,4183800
2026-05-07,90.92022705078125,91.56999969482422,92.19999694824219,89.62000274658203,92.18000030517578,4261000
2026-05-08,90.8805160522461,91.52999877929688,93.33999633789062,91.5,92.44999694824219,4296600
2026-05-11,92.17129516601562,92.83000183105469,93.7300033569336,91.5,91.97000122070312,3850300
2026-05-12,92.74717712402344,93.41000366210938,94.08999633789062,91.69000244140625,91.69000244140625,4276800
2026-05-13,91.02944946289062,91.68000030517578,93.11000061035156,91.63999938964844,92.9000015258789,4786900
2026-05-14,92.20108032226562,92.86000061035156,92.9800033569336,91.94999694824219,92.19000244140625,3424400
2026-05-15,89.78832244873047,90.43000030517578,92.0199966430664,89.68000030517578,91.81999969482422,5374000
2026-05-18,89.5897445678711,90.2300033569336,91.19000244140625,88.97000122070312,90.94999694824219,3054300
2026-05-19,90.66207122802734,91.30999755859375,91.37000274658203,89.51000213623047,90.04000091552734,3271400
2026-05-20,90.8110122680664,91.45999908447266,92.08000183105469,90.87999725341797,91.5999984741211,2637700
2026-05-21,90.90037536621094,91.55000305175781,91.98999786376953,90.76000213623047,91.4800033569336,1886800
2026-05-22,92.1415023803711,92.80000305175781,93.02999877929688,91.26000213623047,91.91000366210938,2201900
2026-05-26,90.90037536621094,91.55000305175781,93.36000061035156,91.48999786376953,93.33999633789062,2198700
2026-05-27,90.61243438720703,91.26000213623047,91.6500015258789,90.58000183105469,91.2300033569336,2603200
2026-05-28,89.39115905761719,90.02999877929688,91.41999816894531,89.4800033569336,91.16999816894531,2995200
2026-05-29,88.49754333496094,89.12999725341797,90.52999877929688,88.58999633789062,90.5,9729000
2026-06-01,86.51173400878906,87.12999725341797,89.37000274658203,87.0999984741211,88.22000122070312,2968100
2026-06-02,88.91456604003906,89.55000305175781,89.6500015258789,87.66000366210938,87.66000366210938,4150800
2026-06-03,88.89470672607422,89.52999877929688,91.25,89.19999694824219,89.79000091552734,4513500
2026-06-04,89.6989517211914,90.33999633789062,90.61000061035156,89.02999877929688,89.54000091552734,2274600
2026-06-05,90.77129364013672,91.41999816894531,92.12000274658203,90.45999908447266,90.45999908447266,2958500
2026-06-08,88.36846923828125,89.0,91.68000030517578,88.9800033569336,91.4800033569336,3633600
2026-06-09,90.22520446777344,90.87000274658203,91.05999755859375,89.0999984741211,89.5999984741211,3770200
2026-06-10,90.38406372070312,91.02999877929688,91.73999786376953,90.41999816894531,91.55000305175781,3146100
2026-06-11,90.89044189453125,91.54000091552734,92.68000030517578,91.25,91.44000244140625,4148400
2026-06-12,91.63512420654297,92.29000091552734,92.95999908447266,91.72000122070312,91.72000122070312,3057700
2026-06-15,91.27767944335938,91.93000030517578,92.6500015258789,91.19999694824219,91.87999725341797,4876800
2026-06-16,91.11880493164062,91.7699966430664,92.9800033569336,91.62999725341797,92.02999877929688,5062700
2026-06-17,89.6095962524414,90.25,91.91000366210938,89.80000305175781,91.05000305175781,5537100
2026-06-18,90.04647827148438,90.69000244140625,91.56999969482422,89.83999633789062,90.43000030517578,9725500
2026-06-22,90.96987915039062,91.62000274658203,92.13999938964844,90.0,90.66999816894531,4648600
2026-06-23,91.63512420654297,92.29000091552734,92.47000122070312,91.08999633789062,91.83999633789062,5280300
2026-06-24,92.07200622558594,92.7300033569336,92.93000030517578,91.48999786376953,92.72000122070312,2976700
2026-06-25,93.43000030517578,93.43000030517578,93.63999938964844,91.66999816894531,92.55999755859375,4571600
2026-06-26,94.2699966430664,94.2699966430664,94.30999755859375,92.9000015258789,93.81999969482422,4169600
2026-06-29,93.91000366210938,93.91000366210938,94.55999755859375,93.11000061035156,93.8499984741211,5045000
2026-06-30,92.70999908447266,92.70999908447266,93.76000213623047,92.43000030517578,93.33000183105469,7164500
2026-07-01,91.37000274658203,91.37000274658203,93.11000061035156,91.27999877929688,92.31999969482422,3620200
2026-07-02,93.05999755859375,93.05999755859375,93.19999694824219,91.83000183105469,92.16000366210938,2169900
2026-07-06,92.94999694824219,92.94999694824219,93.31999969482422,92.16999816894531,93.0199966430664,3101200
2026-07-07,94.58999633789062,94.58999633789062,95.51000213623047,93.41000366210938,93.9000015258789,2541900
2026-07-08,95.33000183105469,95.33000183105469,96.0199966430664,94.41000366210938,95.0999984741211,3113600
2026-07-09,94.62000274658203,94.62000274658203,95.97000122070312,93.8499984741211,95.51000213623047,3593100
2026-07-10,94.19999694824219,94.19999694824219,95.01000213623047,93.80000305175781,94.61000061035156,2409900
2026-07-13,94.41000366210938,94.41000366210938,95.33000183105469,93.97000122070312,94.55000305175781,2455000
2026-07-14,93.36000061035156,93.36000061035156,95.61000061035156,93.31999969482422,95.05999755859375,2330300
2026-07-15,92.77999877929688,92.77999877929688,94.23999786376953,92.45999908447266,93.2300033569336,2495500
2026-07-16,93.1500015258789,93.1500015258789,93.47000122070312,92.3499984741211,92.51000213623047,2289500
2026-07-17,92.25,92.25,95.12000274658203,92.19000244140625,94.55000305175781,3297600
2026-07-20,90.69000244140625,90.69000244140625,93.33999633789062,90.66000366210938,92.51000213623047,2440000
2026-07-21,90.58999633789062,90.58999633789062,90.75,89.4000015258789,90.33999633789062,2604700
2026-07-22,93.05000305175781,93.05000305175781,93.41000366210938,91.36000061035156,91.62999725341797,2991300
2026-07-23,93.44000244140625,93.44000244140625,94.20999908447266,92.45999908447266,92.9000015258789,2473900
2026-07-24,92.9800033569336,92.9800033569336,94.25,92.76000213623047,93.83000183105469,2577600
2026-07-27,91.25,91.25,93.1500015258789,91.12999725341797,92.5999984741211,1977400
