Date,Adj Close,Close,High,Low,Open,Volume
2015-01-02,49.224853515625,79.51000213623047,79.93000030517578,78.72000122070312,78.86000061035156,2133900
2015-01-05,48.909080505371094,79.0,79.31999969482422,78.75,79.08999633789062,2962900
2015-01-06,48.816226959228516,78.8499984741211,79.91999816894531,78.56999969482422,79.26000213623047,4014400
2015-01-07,49.83774948120117,80.5,80.66999816894531,79.06999969482422,79.3499984741211,4292400
2015-01-08,50.624000549316406,81.7699966430664,82.31999969482422,80.69999694824219,80.91999816894531,5096600
2015-01-09,50.53114318847656,81.62000274658203,82.12000274658203,81.44999694824219,81.94999694824219,1933800
2015-01-12,50.46923065185547,81.5199966430664,82.11000061035156,81.30000305175781,81.91999816894531,2512500
2015-01-13,50.35158920288086,81.33000183105469,82.22000122070312,79.98999786376953,82.0999984741211,4029500
2015-01-14,50.54971694946289,81.6500015258789,81.80000305175781,80.4800033569336,80.94000244140625,4040100
2015-01-15,50.53733444213867,81.62999725341797,82.20999908447266,81.55000305175781,81.86000061035156,2609800
2015-01-16,51.156429290771484,82.62999725341797,82.75,81.68000030517578,81.72000122070312,4539200
2015-01-20,50.77259063720703,82.01000213623047,83.06999969482422,81.69999694824219,82.87999725341797,3330800
2015-01-21,50.37017822265625,81.36000061035156,81.8499984741211,81.16000366210938,81.6500015258789,3801700
2015-01-22,52.77848434448242,85.25,85.45999908447266,83.3499984741211,83.76000213623047,6469200
2015-01-23,53.75666427612305,86.83000183105469,87.80999755859375,85.45999908447266,85.45999908447266,5424000
2015-01-26,54.511962890625,88.05000305175781,88.22000122070312,86.27999877929688,86.94000244140625,4765200
2015-01-27,54.3571891784668,87.80000305175781,88.3499984741211,87.30000305175781,87.58999633789062,2777100
2015-01-28,53.960960388183594,87.16000366210938,88.79000091552734,87.12999725341797,88.44999694824219,3545200
2015-01-29,53.71331787109375,86.76000213623047,87.18000030517578,85.6500015258789,87.1500015258789,3046600
2015-01-30,53.55854034423828,86.51000213623047,87.56999969482422,86.16999816894531,86.58000183105469,3608500
2015-02-02,53.465675354003906,86.36000061035156,86.70999908447266,85.0199966430664,86.58999633789062,4003000
2015-02-03,54.010494232177734,87.23999786376953,87.83999633789062,85.6500015258789,86.29000091552734,3468600
2015-02-04,53.40996170043945,86.2699966430664,87.5,85.91999816894531,86.77999877929688,3071900
2015-02-05,53.69476318359375,86.7300033569336,87.18000030517578,86.20999908447266,86.52999877929688,4424200
2015-02-06,53.65142822265625,86.66000366210938,88.86000061035156,86.20999908447266,87.22000122070312,6463100
2015-02-09,53.36043930053711,86.19000244140625,86.94999694824219,85.7300033569336,86.23999786376953,3888600
2015-02-10,53.9671516418457,87.16999816894531,87.3499984741211,86.31999969482422,86.58000183105469,5152400
2015-02-11,53.97334289550781,87.18000030517578,87.44999694824219,86.26000213623047,87.31999969482422,2239300
2015-02-12,54.22718811035156,87.58999633789062,87.73999786376953,86.81999969482422,87.30000305175781,1873100
2015-02-13,54.48099136352539,88.0,88.01000213623047,87.02999877929688,87.58999633789062,2788600
2015-02-17,54.23337173461914,87.5999984741211,89.44000244140625,87.56999969482422,88.44999694824219,4077300
2015-02-18,54.604827880859375,88.19999694824219,88.23999786376953,87.4000015258789,87.87999725341797,4116300
2015-02-19,54.35100173950195,87.79000091552734,88.30000305175781,87.56999969482422,87.98999786376953,2800100
2015-02-20,54.92057418823242,88.70999908447266,89.01000213623047,87.66000366210938,87.72000122070312,3217600
2015-02-23,54.41909408569336,87.9000015258789,89.04000091552734,87.2699966430664,88.91999816894531,3377300
2015-02-24,53.74427795410156,86.80999755859375,87.91000366210938,85.79000091552734,87.70999908447266,3752200
2015-02-25,53.60189437866211,86.58000183105469,87.94999694824219,86.44000244140625,86.80999755859375,3061300
2015-02-26,53.29853439331055,86.08999633789062,86.54000091552734,85.22000122070312,86.54000091552734,2773100
2015-02-27,53.43473815917969,86.30999755859375,86.45999908447266,85.70999908447266,86.31999969482422,2590700
2015-03-02,53.484256744384766,86.38999938964844,87.51000213623047,86.1500015258789,86.5999984741211,3098200
2015-03-03,53.42853927612305,86.30000305175781,86.55999755859375,85.98999786376953,86.1500015258789,2192700
2015-03-04,53.131378173828125,85.81999969482422,86.26000213623047,85.58000183105469,86.19999694824219,1896900
2015-03-05,53.40376663208008,86.26000213623047,86.45999908447266,85.91000366210938,86.2300033569336,1181700
2015-03-06,52.64846420288086,85.04000091552734,85.9000015258789,84.91000366210938,85.69999694824219,2772400
2015-03-09,52.93324661254883,85.5,85.69999694824219,84.86000061035156,85.2699966430664,1412600
2015-03-10,52.35749816894531,84.56999969482422,85.41999816894531,84.55999755859375,85.20999908447266,1689300
2015-03-11,52.574188232421875,84.91999816894531,85.2699966430664,84.20999908447266,84.47000122070312,1688900
2015-03-12,53.21186828613281,85.94999694824219,86.0,84.97000122070312,85.37999725341797,1225800
2015-03-13,52.56800079345703,84.91000366210938,85.66000366210938,84.37999725341797,85.66000366210938,1410300
2015-03-16,53.118988037109375,85.80000305175781,85.95999908447266,84.91999816894531,85.16999816894531,1448600
2015-03-17,52.94563293457031,85.5199966430664,85.7699966430664,85.12999725341797,85.41000366210938,1462200
2015-03-18,54.0333137512207,86.44000244140625,86.98999786376953,84.47000122070312,84.80000305175781,3416200
2015-03-19,53.66448974609375,85.8499984741211,86.38999938964844,85.4800033569336,85.8499984741211,2232800
2015-03-20,54.258338928222656,86.80000305175781,87.30999755859375,86.01000213623047,86.29000091552734,2907500
2015-03-23,53.91455078125,86.25,86.83000183105469,86.25,86.83000183105469,1720100
2015-03-24,53.658260345458984,85.83999633789062,86.7699966430664,85.80999755859375,86.26000213623047,1865400
2015-03-25,52.90813446044922,84.63999938964844,86.11000061035156,84.5999984741211,85.83000183105469,1451100
2015-03-26,52.88938522338867,84.61000061035156,85.08999633789062,83.91000366210938,84.25,2320300
2015-03-27,53.014404296875,84.80999755859375,85.06999969482422,83.86000061035156,84.61000061035156,2903600
2015-03-30,52.751869201660156,84.38999938964844,85.13999938964844,84.2699966430664,84.8499984741211,1548100
2015-03-31,51.595436096191406,82.54000091552734,84.45999908447266,82.54000091552734,84.01000213623047,3336100
2015-04-01,52.333045959472656,83.72000122070312,83.91999816894531,82.8499984741211,82.87999725341797,2067900
2015-04-02,52.601837158203125,84.1500015258789,84.37000274658203,83.55000305175781,83.76000213623047,1164700
2015-04-06,53.095664978027344,84.94000244140625,85.05999755859375,83.87999725341797,83.98999786376953,1294600
2015-04-07,53.551971435546875,85.66999816894531,86.18000030517578,85.41999816894531,85.83999633789062,1951200
2015-04-08,53.36445999145508,85.37000274658203,85.86000061035156,84.79000091552734,85.5999984741211,1952700
2015-04-09,53.220680236816406,85.13999938964844,85.43000030517578,84.58000183105469,85.26000213623047,2270400
2015-04-10,52.93938064575195,84.69000244140625,85.69999694824219,84.44999694824219,85.25,1022300
2015-04-13,53.133174896240234,85.0,87.13999938964844,84.38999938964844,84.66000366210938,2511200
2015-04-14,53.376949310302734,85.38999938964844,85.58000183105469,84.61000061035156,84.91999816894531,2251900
2015-04-15,53.66448974609375,85.8499984741211,86.0999984741211,85.58999633789062,85.81999969482422,1737100
2015-04-16,53.758262634277344,86.0,86.12999725341797,84.79000091552734,85.43000030517578,1799900
2015-04-17,53.658260345458984,85.83999633789062,86.08999633789062,84.66000366210938,85.5999984741211,3756600
2015-04-20,54.02706527709961,86.43000030517578,86.52999877929688,85.77999877929688,86.18000030517578,1883300
2015-04-21,53.626983642578125,85.79000091552734,86.55000305175781,85.58000183105469,86.54000091552734,2419200
2015-04-22,53.7707633972168,86.0199966430664,86.08999633789062,85.2699966430664,86.06999969482422,2795200
2015-04-23,54.1583251953125,86.63999938964844,86.94000244140625,85.22000122070312,85.5999984741211,3877600
2015-04-24,53.745758056640625,85.9800033569336,87.45999908447266,85.93000030517578,87.27999877929688,1878400
2015-04-27,53.133174896240234,85.0,86.12999725341797,84.76000213623047,86.0,1843400
2015-04-28,53.56447982788086,85.69000244140625,85.83999633789062,84.76000213623047,84.80999755859375,1986100
2015-04-29,52.87686538696289,84.58999633789062,85.45999908447266,84.3499984741211,85.0,1526000
2015-04-30,52.21428298950195,83.52999877929688,84.16999816894531,83.2300033569336,84.16999816894531,2754300
2015-05-01,51.98923110961914,83.16999816894531,84.1500015258789,83.0199966430664,83.58999633789062,1789400
2015-05-04,51.95799255371094,83.12000274658203,83.5199966430664,82.94999694824219,83.44000244140625,1731600
2015-05-05,51.02033615112305,81.62000274658203,83.44000244140625,81.5,83.11000061035156,2439900
2015-05-06,51.29537582397461,82.05999755859375,82.33999633789062,81.62000274658203,82.0,2192900
2015-05-07,51.639183044433594,82.61000061035156,83.02999877929688,81.9800033569336,82.26000213623047,1568700
2015-05-08,52.301780700683594,83.66999816894531,83.91000366210938,83.1500015258789,83.16000366210938,1426500
2015-05-11,51.695457458496094,82.69999694824219,83.55999755859375,82.44000244140625,83.19999694824219,1645600
2015-05-12,51.85171127319336,82.94999694824219,83.12000274658203,81.29000091552734,82.25,1294100
2015-05-13,51.470401763916016,82.33999633789062,83.5199966430664,82.01000213623047,83.23999786376953,1907600
2015-05-14,51.74543380737305,82.77999877929688,83.25,82.41000366210938,82.9000015258789,2691700
2015-05-15,52.383060455322266,83.80000305175781,83.83000183105469,82.76000213623047,82.83999633789062,2449300
2015-05-18,52.251773834228516,83.58999633789062,83.88999938964844,83.36000061035156,83.58000183105469,1593500
2015-05-19,52.495567321777344,83.9800033569336,84.77999877929688,83.31999969482422,83.38999938964844,2740900
2015-05-20,51.8142204284668,82.88999938964844,84.04000091552734,82.87000274658203,83.81999969482422,2049100
2015-05-21,51.307891845703125,82.08000183105469,83.08999633789062,81.95999908447266,82.81999969482422,3049600
2015-05-22,51.29537582397461,82.05999755859375,82.4800033569336,81.72000122070312,82.08000183105469,1604600
2015-05-26,51.2078742980957,81.91999816894531,82.18000030517578,81.30000305175781,82.05000305175781,2192500
2015-05-27,51.22661590576172,81.94999694824219,82.2300033569336,81.58999633789062,82.04000091552734,2060600
2015-05-28,51.42666244506836,82.2699966430664,82.47000122070312,81.61000061035156,81.68000030517578,1641400
2015-05-29,50.97658920288086,81.55000305175781,82.44999694824219,81.44999694824219,82.36000061035156,3116000
2015-06-01,51.420406341552734,82.26000213623047,82.61000061035156,81.56999969482422,81.5999984741211,1659800
2015-06-02,51.476680755615234,82.3499984741211,82.75,81.58000183105469,81.93000030517578,1458700
2015-06-03,51.23912811279297,81.97000122070312,82.5,81.38999938964844,82.20999908447266,2251600
2015-06-04,52.301780700683594,83.66999816894531,85.79000091552734,82.0199966430664,82.20999908447266,4943100
2015-06-05,51.74543380737305,82.77999877929688,83.41000366210938,82.58000183105469,83.29000091552734,2092200
2015-06-08,51.62668228149414,82.58999633789062,83.1500015258789,82.48999786376953,82.86000061035156,1448000
2015-06-09,51.24538040161133,81.9800033569336,82.87000274658203,81.86000061035156,82.37000274658203,1731300
2015-06-10,51.420406341552734,82.26000213623047,82.66000366210938,81.66999816894531,82.23999786376953,2226500
2015-06-11,51.83922576904297,82.93000030517578,83.5,82.62999725341797,82.70999908447266,2201900
2015-06-12,51.695457458496094,82.69999694824219,83.19999694824219,82.54000091552734,82.8499984741211,1168500
2015-06-15,51.65795135498047,82.63999938964844,83.0199966430664,82.12999725341797,82.51000213623047,1802400
2015-06-16,51.83922576904297,82.93000030517578,83.19999694824219,82.4000015258789,82.62999725341797,1930000
2015-06-17,52.148590087890625,82.5999984741211,82.87999725341797,81.81999969482422,82.1500015258789,2081100
2015-06-18,52.71678924560547,83.5,83.77999877929688,82.94000244140625,83.22000122070312,4144000
2015-06-19,52.26852798461914,82.79000091552734,83.58000183105469,82.66000366210938,83.48999786376953,3288300
2015-06-22,52.186458587646484,82.66000366210938,83.48999786376953,82.56999969482422,82.98999786376953,2142000
2015-06-23,52.28746032714844,82.81999969482422,82.9000015258789,82.05000305175781,82.4800033569336,1767200
2015-06-24,51.90235900878906,82.20999908447266,82.83000183105469,82.05999755859375,82.66999816894531,1544200
2015-06-25,51.71926498413086,81.91999816894531,82.5,81.91999816894531,82.37000274658203,1133100
2015-06-26,51.4793701171875,81.54000091552734,82.18000030517578,81.33000183105469,82.01000213623047,1901700
2015-06-29,50.79749298095703,80.45999908447266,81.7699966430664,80.37000274658203,81.43000030517578,1567300
2015-06-30,50.69649124145508,80.30000305175781,81.16000366210938,80.11000061035156,81.08999633789062,1511000
2015-07-01,51.182640075683594,81.06999969482422,81.12000274658203,80.22000122070312,80.22000122070312,1356700
2015-07-02,51.20789337158203,81.11000061035156,81.69999694824219,80.69999694824219,81.26000213623047,1082700
2015-07-06,50.986934661865234,80.76000213623047,81.2699966430664,80.3499984741211,80.83999633789062,1435300
2015-07-07,51.54881286621094,81.6500015258789,81.91000366210938,81.0,81.16000366210938,1580300
2015-07-08,50.83539962768555,80.5199966430664,81.76000213623047,80.5,81.26000213623047,1108400
2015-07-09,50.78489303588867,80.44000244140625,81.45999908447266,80.44000244140625,81.27999877929688,1314600
2015-07-10,51.35308074951172,81.33999633789062,81.62000274658203,80.63999938964844,81.0199966430664,1212000
2015-07-13,51.06898880004883,80.88999938964844,82.0199966430664,80.75,81.8499984741211,1552000
2015-07-14,51.473045349121094,81.52999877929688,81.80000305175781,80.7300033569336,80.75,1554400
2015-07-15,51.28995132446289,81.23999786376953,81.4800033569336,80.66999816894531,81.4800033569336,1635100
2015-07-16,51.57406997680664,81.69000244140625,82.08000183105469,81.51000213623047,81.77999877929688,2030500
2015-07-17,51.19526672363281,81.08999633789062,81.69000244140625,80.83999633789062,81.69000244140625,1847000
2015-07-20,51.763450622558594,81.98999786376953,82.08000183105469,80.87000274658203,81.16999816894531,1698100
2015-07-21,51.005855560302734,80.79000091552734,81.80999755859375,80.56999969482422,81.5199966430664,2051100
2015-07-22,50.8922119140625,80.61000061035156,81.33999633789062,80.41000366210938,80.83999633789062,2657400
2015-07-23,52.56525421142578,83.26000213623047,84.31999969482422,81.37999725341797,81.37999725341797,4500200
2015-07-24,52.04123306274414,82.43000030517578,83.2300033569336,82.31999969482422,83.0,2819400
2015-07-27,52.123313903808594,82.55999755859375,82.93000030517578,82.19000244140625,82.55999755859375,2202600
2015-07-28,51.93391799926758,82.26000213623047,83.0,81.95999908447266,82.73999786376953,1918200
2015-07-29,51.84554672241211,82.12000274658203,82.5,81.41000366210938,82.30999755859375,1682500
2015-07-30,51.4351692199707,81.47000122070312,82.01000213623047,81.05000305175781,81.95999908447266,1882200
2015-07-31,51.71296691894531,81.91000366210938,82.61000061035156,81.44999694824219,81.95999908447266,1351600
2015-08-03,51.69401550292969,81.87999725341797,82.26000213623047,81.44999694824219,82.08000183105469,1295800
2015-08-04,51.7697639465332,82.0,82.70999908447266,81.70999908447266,81.97000122070312,1292400
2015-08-05,51.9276008605957,82.25,82.88999938964844,82.01000213623047,82.18000030517578,1699200
2015-08-06,51.7950325012207,82.04000091552734,82.68000030517578,81.88999938964844,82.43000030517578,1777500
2015-08-07,51.98442077636719,82.33999633789062,82.48999786376953,81.7699966430664,81.7699966430664,1615100
2015-08-10,52.74834442138672,83.55000305175781,83.63999938964844,82.55999755859375,82.83999633789062,1536700
2015-08-11,53.14609909057617,84.18000030517578,84.73999786376953,83.18000030517578,83.26000213623047,2002100
2015-08-12,53.63220977783203,84.94999694824219,85.0,83.68000030517578,83.94999694824219,2049200
2015-08-13,53.5690803527832,84.8499984741211,85.48999786376953,84.6500015258789,84.86000061035156,1856000
2015-08-14,54.33932113647461,86.06999969482422,86.55999755859375,84.37000274658203,84.66999816894531,2348400
2015-08-17,54.50978088378906,86.33999633789062,86.5,85.52999877929688,85.91000366210938,1881200
2015-08-18,53.872127532958984,85.33000183105469,86.44000244140625,85.16000366210938,86.23999786376953,1699500
2015-08-19,53.93526840209961,85.43000030517578,85.88999938964844,84.66999816894531,85.11000061035156,1192900
2015-08-20,53.27867126464844,84.38999938964844,85.55000305175781,84.27999877929688,85.04000091552734,2206100
2015-08-21,52.19276428222656,82.66999816894531,84.5,82.62000274658203,84.38999938964844,3142900
2015-08-24,50.46289825439453,79.93000030517578,81.93000030517578,78.30999755859375,80.69999694824219,4838100
2015-08-25,50.210391998291016,79.52999877929688,81.88999938964844,79.5,81.33000183105469,3750600
2015-08-26,51.54248046875,81.63999938964844,81.8499984741211,79.75,80.70999908447266,3470300
2015-08-27,53.045082092285156,84.0199966430664,84.70999908447266,82.06999969482422,82.25,2994800
2015-08-28,52.87461853027344,83.75,84.0,83.19999694824219,83.80000305175781,2037200
2015-08-31,52.647342681884766,83.38999938964844,84.20999908447266,83.06999969482422,83.55999755859375,2433700
2015-09-01,51.42884826660156,81.45999908447266,82.55999755859375,81.01000213623047,82.0,2032400
2015-09-02,51.94021987915039,82.2699966430664,82.75,81.44999694824219,82.25,1585400
2015-09-03,51.971797943115234,82.31999969482422,82.80000305175781,81.9800033569336,82.5,2024000
2015-09-04,51.16368865966797,81.04000091552734,81.69000244140625,80.69999694824219,81.30999755859375,1843600
2015-09-08,52.00335693359375,82.37000274658203,82.48999786376953,81.66999816894531,82.26000213623047,1498300
2015-09-09,51.01215362548828,80.80000305175781,83.36000061035156,80.66999816894531,83.20999908447266,2042400
2015-09-10,50.058841705322266,79.29000091552734,80.8499984741211,79.04000091552734,80.5,3225000
2015-09-11,49.64215850830078,78.62999725341797,79.19000244140625,77.83999633789062,79.11000061035156,3486700
2015-09-14,49.69267272949219,78.70999908447266,79.18000030517578,78.37000274658203,78.76000213623047,1775000
2015-09-15,49.47801208496094,78.37000274658203,78.97000122070312,77.75,78.93000030517578,4208500
2015-09-16,49.98841857910156,78.3499984741211,78.54000091552734,77.4000015258789,77.55000305175781,2187900
2015-09-17,49.75872039794922,77.98999786376953,79.05000305175781,77.37000274658203,78.37000274658203,2306200
2015-09-18,49.388694763183594,77.41000366210938,78.26000213623047,76.6500015258789,76.6500015258789,2977500
2015-09-21,49.54180908203125,77.6500015258789,78.19999694824219,77.37999725341797,77.7699966430664,1442300
2015-09-22,48.859153747558594,76.58000183105469,77.47000122070312,76.41000366210938,77.0199966430664,1594200
2015-09-23,49.018646240234375,76.83000183105469,76.9800033569336,76.37999725341797,76.43000030517578,1866100
2015-09-24,48.98674392700195,76.77999877929688,76.83999633789062,75.77999877929688,76.58999633789062,2730400
2015-09-25,50.24361801147461,78.75,78.79000091552734,76.94000244140625,77.45999908447266,3189000
2015-09-28,49.49076843261719,77.56999969482422,78.75,77.06999969482422,78.26000213623047,3599200
2015-09-29,49.46525192260742,77.52999877929688,78.33000183105469,77.25,77.77999877929688,1965600
2015-09-30,50.3201789855957,78.87000274658203,78.93000030517578,77.79000091552734,78.11000061035156,2400300
2015-10-01,50.779563903808594,79.58999633789062,79.66999816894531,78.27999877929688,78.9000015258789,2303900
2015-10-02,51.002872467041016,79.94000244140625,79.97000122070312,78.38999938964844,78.87999725341797,2488700
2015-10-05,51.947120666503906,81.41999816894531,81.44999694824219,80.12000274658203,80.44000244140625,1985500
2015-10-06,51.519657135009766,80.75,81.58000183105469,80.48999786376953,81.31999969482422,2345200
2015-10-07,51.83867263793945,81.25,81.33000183105469,80.5199966430664,80.91000366210938,1801100
2015-10-08,52.08747863769531,81.63999938964844,81.76000213623047,80.61000061035156,81.05999755859375,2838000
2015-10-09,51.800392150878906,81.19000244140625,81.62000274658203,80.94999694824219,81.55999755859375,1743300
2015-10-12,51.9981803894043,81.5,81.61000061035156,81.04000091552734,81.06999969482422,1008500
2015-10-13,51.76847839355469,81.13999938964844,81.95999908447266,80.9800033569336,81.12999725341797,1691000
2015-10-14,51.347389221191406,80.4800033569336,81.47000122070312,80.33000183105469,81.18000030517578,1416000
2015-10-15,51.883331298828125,81.31999969482422,81.3499984741211,80.62000274658203,80.81999969482422,1480700
2015-10-16,52.10025405883789,81.66000366210938,81.75,81.13999938964844,81.68000030517578,1176900
2015-10-19,52.67445755004883,82.55999755859375,82.61000061035156,81.11000061035156,81.5199966430664,1173900
2015-10-20,53.063655853271484,83.16999816894531,83.25,82.45999908447266,82.56999969482422,2620300
2015-10-21,53.03813552856445,83.12999725341797,84.26000213623047,83.01000213623047,83.56999969482422,3712900
2015-10-22,55.37327194213867,86.79000091552734,86.80000305175781,83.5,83.76000213623047,5345100
2015-10-23,54.435386657714844,85.31999969482422,87.25,84.80999755859375,87.25,3954300
2015-10-26,55.10530471801758,86.37000274658203,86.5,85.12999725341797,85.41999816894531,2022000
2015-10-27,54.728851318359375,85.77999877929688,86.33000183105469,85.37999725341797,86.19000244140625,1604400
2015-10-28,54.86283493041992,85.98999786376953,86.30000305175781,84.52999877929688,86.12999725341797,1516800
2015-10-29,54.658653259277344,85.66999816894531,85.91999816894531,85.11000061035156,85.5999984741211,1200500
2015-10-30,54.52470016479492,85.45999908447266,85.94999694824219,85.19000244140625,85.87000274658203,1629400
2015-11-02,55.985748291015625,87.75,87.95999908447266,85.4800033569336,85.56999969482422,2014500
2015-11-03,55.91557312011719,87.63999938964844,88.0,87.12000274658203,87.48999786376953,1382200
2015-11-04,55.724159240722656,87.33999633789062,88.18000030517578,87.13999938964844,87.80000305175781,1343600
2015-11-05,55.21377182006836,86.54000091552734,87.08000183105469,85.16999816894531,85.76000213623047,2107300
2015-11-06,54.05259323120117,84.72000122070312,86.70999908447266,83.97000122070312,86.70999908447266,2269900
2015-11-09,53.55491256713867,83.94000244140625,84.58000183105469,83.54000091552734,84.37000274658203,1502000
2015-11-10,53.80375289916992,84.33000183105469,84.41999816894531,83.58000183105469,83.83000183105469,1345300
2015-11-11,53.99517059326172,84.62999725341797,85.08000183105469,84.20999908447266,84.43000030517578,933400
2015-11-12,53.688907623291016,84.1500015258789,84.83999633789062,83.93000030517578,84.19999694824219,1000700
2015-11-13,53.37628173828125,83.66000366210938,85.30000305175781,83.58000183105469,84.31999969482422,2216500
2015-11-16,53.9632568359375,84.58000183105469,84.62999725341797,83.23999786376953,83.66000366210938,1360400
2015-11-17,54.13551712036133,84.8499984741211,85.5999984741211,84.18000030517578,84.41000366210938,1294000
2015-11-18,54.78630447387695,85.87000274658203,85.94000244140625,84.73999786376953,85.01000213623047,1563500
2015-11-19,54.964927673339844,86.1500015258789,86.16999816894531,85.33000183105469,85.94999694824219,1233300
2015-11-20,55.539161682128906,87.05000305175781,87.3499984741211,86.19999694824219,86.41999816894531,2358100
2015-11-23,55.762454986572266,87.4000015258789,87.77999877929688,86.95999908447266,87.16999816894531,2102600
2015-11-24,55.33499526977539,86.7300033569336,87.16999816894531,86.22000122070312,87.0,1652400
2015-11-25,55.092533111572266,86.3499984741211,86.95999908447266,86.18000030517578,86.68000030517578,864200
2015-11-27,54.91389083862305,86.06999969482422,86.68000030517578,85.86000061035156,86.41000366210938,741100
2015-11-30,54.811824798583984,85.91000366210938,86.2699966430664,85.56999969482422,86.18000030517578,2258200
2015-12-01,55.68588638305664,87.27999877929688,87.33000183105469,86.11000061035156,86.18000030517578,1544000
2015-12-02,54.76076126098633,85.83000183105469,87.44999694824219,85.66999816894531,87.06999969482422,1432900
2015-12-03,54.07809066772461,84.76000213623047,86.27999877929688,84.36000061035156,85.69999694824219,2338300
2015-12-04,54.301395416259766,85.11000061035156,85.80000305175781,84.68000030517578,85.05999755859375,2561500
2015-12-07,55.14995574951172,86.44000244140625,86.68000030517578,84.8499984741211,85.08000183105469,2911300
2015-12-08,54.85009002685547,85.97000122070312,86.69999694824219,85.43000030517578,86.11000061035156,2344100
2015-12-09,54.486412048339844,85.4000015258789,86.63999938964844,85.30999755859375,85.4800033569336,2684200
2015-12-10,54.49919128417969,85.41999816894531,85.8499984741211,85.01000213623047,85.31999969482422,2168000
2015-12-11,54.116371154785156,84.81999969482422,85.16000366210938,84.16000366210938,84.47000122070312,2750100
2015-12-14,54.35882568359375,85.19999694824219,85.94000244140625,84.5,84.80000305175781,3679700
2015-12-15,54.741641998291016,85.80000305175781,86.16000366210938,85.38999938964844,85.77999877929688,2492900
2015-12-16,55.421749114990234,85.97000122070312,86.2300033569336,85.0,85.16000366210938,2692200
2015-12-17,55.22191619873047,85.66000366210938,86.41999816894531,85.2699966430664,86.22000122070312,1964400
2015-12-18,54.68037414550781,84.81999969482422,86.12999725341797,84.77999877929688,85.43000030517578,4156900
2015-12-21,55.39597702026367,85.93000030517578,86.0,85.02999877929688,85.33000183105469,2972800
2015-12-22,56.111534118652344,87.04000091552734,87.2699966430664,86.05000305175781,86.2699966430664,2588400
2015-12-23,56.279170989990234,87.30000305175781,87.55999755859375,86.83000183105469,87.2300033569336,3048400
2015-12-24,56.04707717895508,86.94000244140625,87.44000244140625,86.83000183105469,87.1500015258789,675800
2015-12-28,56.1373291015625,87.08000183105469,87.26000213623047,86.41999816894531,86.6500015258789,1401200
2015-12-29,56.730411529541016,88.0,88.1500015258789,87.27999877929688,87.5199966430664,1067500
2015-12-30,56.09864044189453,87.0199966430664,88.02999877929688,86.94000244140625,88.02999877929688,791000
2015-12-31,55.731197357177734,86.44999694824219,87.22000122070312,86.41999816894531,86.87999725341797,1093100
2016-01-04,55.0478630065918,85.38999938964844,85.93000030517578,84.83000183105469,85.63999938964844,2487900
2016-01-05,56.17601776123047,87.13999938964844,87.18000030517578,85.52999877929688,85.52999877929688,2055200
2016-01-06,55.705406188964844,86.41000366210938,87.16999816894531,86.16000366210938,86.5,2143100
2016-01-07,54.319374084472656,84.26000213623047,85.77999877929688,83.66000366210938,85.43000030517578,2851300
2016-01-08,53.558685302734375,83.08000183105469,86.61000061035156,82.86000061035156,84.77999877929688,2603000
2016-01-11,53.9519157409668,83.69000244140625,84.22000122070312,83.2300033569336,83.62000274658203,1440800
2016-01-12,54.1904411315918,84.05999755859375,84.61000061035156,83.55000305175781,84.20999908447266,1916000
2016-01-13,53.36528778076172,82.77999877929688,85.79000091552734,82.0199966430664,84.47000122070312,3300700
2016-01-14,54.12599563598633,83.95999908447266,84.66999816894531,82.30000305175781,83.02999877929688,1857000
2016-01-15,51.005802154541016,79.12000274658203,83.06999969482422,78.41000366210938,82.77999877929688,6702100
2016-01-19,51.25076675415039,79.5,81.38999938964844,79.25,79.91999816894531,4571500
2016-01-20,50.42560577392578,78.22000122070312,79.5,75.70999908447266,79.16999816894531,4752400
2016-01-21,51.01225280761719,79.12999725341797,80.05999755859375,78.02999877929688,78.44999694824219,2475100
2016-01-22,52.61746597290039,81.62000274658203,81.94999694824219,79.8499984741211,80.38999938964844,2183300
2016-01-25,52.34025955200195,81.19000244140625,82.18000030517578,81.12999725341797,81.58000183105469,2472200
2016-01-26,53.90034866333008,83.61000061035156,84.38999938964844,82.19999694824219,82.54000091552734,2952700
2016-01-27,53.62959671020508,83.19000244140625,84.52999877929688,82.55999755859375,83.37999725341797,1922000
2016-01-28,54.6739387512207,84.80999755859375,85.97000122070312,83.5,83.5,2812900
2016-01-29,55.57002258300781,86.19999694824219,86.30000305175781,84.97000122070312,85.5,3165100
2016-02-01,55.9697151184082,86.81999969482422,87.25,85.55000305175781,85.62000274658203,2411400
2016-02-02,55.576480865478516,86.20999908447266,86.8499984741211,85.66999816894531,86.2300033569336,2053400
2016-02-03,55.9374885559082,86.7699966430664,86.93000030517578,84.41999816894531,86.30999755859375,2453800
2016-02-04,55.58293533325195,86.22000122070312,86.8499984741211,85.6500015258789,86.5,1776800
2016-02-05,54.1904411315918,84.05999755859375,86.12999725341797,83.47000122070312,85.72000122070312,2246200
2016-02-08,52.66905975341797,81.69999694824219,83.41999816894531,80.05000305175781,83.30000305175781,3126100
2016-02-09,52.991363525390625,82.19999694824219,82.72000122070312,80.30000305175781,80.75,2383700
2016-02-10,52.75284957885742,81.83000183105469,83.20999908447266,81.66999816894531,82.44999694824219,1472700
2016-02-11,52.54655075073242,81.51000213623047,82.02999877929688,79.98999786376953,80.04000091552734,2494700
2016-02-12,53.59090805053711,83.12999725341797,83.2300033569336,82.13999938964844,82.8499984741211,2030000
2016-02-16,54.15175247192383,84.0,84.37000274658203,83.45999908447266,84.18000030517578,1551600
2016-02-17,54.590118408203125,84.68000030517578,84.98999786376953,83.75,84.16999816894531,2031600
2016-02-18,55.45398712158203,86.0199966430664,86.87999725341797,84.41999816894531,84.72000122070312,2890700
2016-02-19,55.09297180175781,85.45999908447266,85.9000015258789,84.73999786376953,85.5999984741211,2136300
2016-02-22,55.9310417175293,86.76000213623047,87.5,85.75,86.12000274658203,2448300
2016-02-23,55.66671371459961,86.3499984741211,86.68000030517578,85.83999633789062,86.27999877929688,2372100
2016-02-24,55.63447952270508,86.30000305175781,86.91999816894531,85.62000274658203,85.91000366210938,1913900
2016-02-25,55.91811752319336,86.73999786376953,88.26000213623047,86.02999877929688,86.94999694824219,3588800
2016-02-26,55.30570983886719,85.79000091552734,86.4000015258789,84.56999969482422,85.29000091552734,2797300
2016-02-29,55.76341247558594,86.5,87.2300033569336,85.70999908447266,85.83000183105469,2169100
2016-03-01,56.562808990478516,87.73999786376953,87.76000213623047,86.51000213623047,87.0,1936500
2016-03-02,56.99473190307617,88.41000366210938,88.45999908447266,87.26000213623047,87.5999984741211,1575400
2016-03-03,56.659523010253906,87.88999938964844,88.44999694824219,87.12000274658203,88.44999694824219,2354700
2016-03-04,56.24689483642578,87.25,87.9000015258789,87.05000305175781,87.63999938964844,2319100
2016-03-07,55.61514663696289,86.2699966430664,87.12000274658203,85.86000061035156,86.80000305175781,1841800
2016-03-08,55.10588073730469,85.4800033569336,86.5,85.37000274658203,85.91000366210938,3321700
2016-03-09,54.93824768066406,85.22000122070312,86.0,84.66999816894531,85.72000122070312,3123400
2016-03-10,54.79642868041992,85.0,86.76000213623047,84.5,86.5199966430664,2293800
2016-03-11,55.29924011230469,85.77999877929688,85.86000061035156,84.66999816894531,85.73999786376953,2977200
2016-03-14,54.79642868041992,85.0,85.63999938964844,84.38999938964844,85.31999969482422,2925100
2016-03-15,54.98983383178711,85.30000305175781,85.80999755859375,84.33000183105469,84.61000061035156,2969400
2016-03-16,55.37742233276367,85.01000213623047,85.12000274658203,84.05999755859375,84.33000183105469,2984100
2016-03-17,56.009300231933594,85.9800033569336,86.80000305175781,85.19999694824219,85.26000213623047,3877800
2016-03-18,56.29593276977539,86.41999816894531,86.79000091552734,85.88999938964844,85.95999908447266,3649200
2016-03-21,55.97021484375,85.91999816894531,86.23999786376953,85.52999877929688,86.13999938964844,2055300
2016-03-22,56.02233123779297,86.0,86.2699966430664,85.69999694824219,85.87000274658203,2089000
2016-03-23,55.80085754394531,85.66000366210938,86.20999908447266,85.5999984741211,86.0999984741211,1837200
2016-03-24,55.748722076416016,85.58000183105469,85.72000122070312,85.0,85.62999725341797,2122800
2016-03-28,55.82038497924805,85.69000244140625,86.29000091552734,85.54000091552734,85.69999694824219,1544900
2016-03-29,56.31547927856445,86.44999694824219,86.73999786376953,85.69999694824219,85.75,2174700
2016-03-30,56.62815475463867,86.93000030517578,87.58999633789062,86.75,86.77999877929688,2535500
2016-03-31,56.34803009033203,86.5,87.3499984741211,86.4800033569336,86.97000122070312,3056500
2016-04-01,56.74541091918945,87.11000061035156,87.38999938964844,85.9800033569336,86.12999725341797,4645600
2016-04-04,56.68677520751953,87.0199966430664,87.5,86.94999694824219,87.3499984741211,1883200
2016-04-05,56.12004852294922,86.1500015258789,86.98999786376953,85.9800033569336,86.62999725341797,1895900
2016-04-06,56.667259216308594,86.98999786376953,87.16000366210938,85.7699966430664,86.02999877929688,1691200
2016-04-07,56.52393341064453,86.7699966430664,87.04000091552734,86.29000091552734,86.7300033569336,1897500
2016-04-08,57.35774612426758,88.05000305175781,88.20999908447266,86.81999969482422,87.22000122070312,1887600
2016-04-11,57.0059928894043,87.51000213623047,88.81999969482422,87.33000183105469,88.30999755859375,1717900
2016-04-12,57.11671829223633,87.68000030517578,88.02999877929688,87.08999633789062,87.5999984741211,1024500
2016-04-13,57.26005554199219,87.9000015258789,88.16999816894531,87.63999938964844,88.0199966430664,1477400
2016-04-14,56.777984619140625,87.16000366210938,87.88999938964844,87.0,87.88999938964844,1320900
2016-04-15,56.85615158081055,87.27999877929688,87.48999786376953,86.79000091552734,87.12999725341797,1275500
2016-04-18,57.051597595214844,87.58000183105469,87.73999786376953,87.05000305175781,87.19000244140625,1059900
2016-04-19,57.38379669189453,88.08999633789062,88.20999908447266,87.38999938964844,87.69999694824219,1502900
2016-04-20,57.06461715698242,87.5999984741211,88.36000061035156,87.0999984741211,88.05000305175781,2248100
2016-04-21,55.950679779052734,85.88999938964844,87.41000366210938,85.86000061035156,87.31999969482422,3036000
2016-04-22,57.162315368652344,87.75,87.8499984741211,86.0,86.05999755859375,2758600
2016-04-25,56.79100036621094,87.18000030517578,87.63999938964844,86.6500015258789,87.63999938964844,2182000
2016-04-26,57.03854751586914,87.55999755859375,87.95999908447266,87.13999938964844,87.38999938964844,1336800
2016-04-27,57.15580749511719,87.73999786376953,87.94999694824219,86.91000366210938,87.37000274658203,1508500
2016-04-28,56.76496124267578,87.13999938964844,87.98999786376953,86.91999816894531,87.06999969482422,1424200
2016-04-29,56.595584869384766,86.87999725341797,87.30000305175781,86.12999725341797,86.93000030517578,1800200
2016-05-02,57.01898956298828,87.52999877929688,87.7300033569336,86.97000122070312,87.06999969482422,1378900
2016-05-03,56.211238861083984,86.29000091552734,87.04000091552734,85.58999633789062,86.91999816894531,2212100
2016-05-04,57.26654815673828,87.91000366210938,88.19999694824219,85.93000030517578,85.9800033569336,1681800
2016-05-05,57.28609085083008,87.94000244140625,88.52999877929688,87.8499984741211,87.87999725341797,1635400
2016-05-06,57.54666519165039,88.33999633789062,88.51000213623047,87.13999938964844,87.86000061035156,2171300
2016-05-09,58.28275680541992,89.47000122070312,89.69000244140625,88.25,88.54000091552734,2472900
2016-05-10,59.0058479309082,90.58000183105469,91.0,89.3499984741211,90.0,3191400
2016-05-11,58.70620346069336,90.12000274658203,91.18000030517578,90.01000213623047,90.4000015258789,2525700
2016-05-12,58.92766189575195,90.45999908447266,90.69000244140625,90.01000213623047,90.44000244140625,1555500
2016-05-13,58.53030014038086,89.8499984741211,90.66999816894531,89.69000244140625,90.23999786376953,2381700
2016-05-16,58.855995178222656,90.3499984741211,90.62000274658203,89.5999984741211,89.79000091552734,1420400
2016-05-17,58.70620346069336,90.12000274658203,90.58999633789062,89.61000061035156,90.19000244140625,3032000
2016-05-18,58.94722366333008,90.48999786376953,91.0999984741211,89.4000015258789,90.05999755859375,3794700
2016-05-19,58.321842193603516,89.52999877929688,89.93000030517578,89.12999725341797,89.62000274658203,1883200
2016-05-20,58.575923919677734,89.91999816894531,90.06999969482422,89.31999969482422,89.83999633789062,1611700
2016-05-23,58.86252212524414,90.36000061035156,90.66000366210938,89.69000244140625,90.13999938964844,2092200
2016-05-24,59.46835708618164,91.29000091552734,91.33000183105469,90.52999877929688,90.62999725341797,1721400
2016-05-25,59.33156204223633,91.08000183105469,91.97000122070312,90.87000274658203,91.48999786376953,1535900
2016-05-26,59.15567398071289,90.80999755859375,91.41000366210938,90.56999969482422,91.41000366210938,1069100
2016-05-27,59.149173736572266,90.80000305175781,91.25,90.7300033569336,90.91000366210938,1220600
2016-05-31,59.15567398071289,90.80999755859375,90.9800033569336,90.08999633789062,90.83000183105469,2031900
2016-06-01,59.149173736572266,90.80000305175781,91.16999816894531,90.33000183105469,90.44999694824219,1977300
2016-06-02,59.80057907104492,91.80000305175781,91.80000305175781,90.5199966430664,90.66000366210938,1212700
2016-06-03,60.42595291137695,92.76000213623047,92.88999938964844,91.44000244140625,91.44000244140625,2055300
2016-06-06,60.60835266113281,93.04000091552734,93.41000366210938,92.63999938964844,92.80000305175781,1990900
2016-06-07,61.24673843383789,94.0199966430664,94.5,93.01000213623047,93.05999755859375,2047900
2016-06-08,61.22719192504883,93.98999786376953,94.75,93.7300033569336,94.08999633789062,1431200
2016-06-09,61.50730895996094,94.41999816894531,94.5999984741211,93.5199966430664,93.91000366210938,1695200
2016-06-10,61.31840515136719,94.12999725341797,94.44999694824219,93.62999725341797,94.11000061035156,1847000
2016-06-13,61.55945587158203,94.5,94.7300033569336,94.04000091552734,94.11000061035156,2138400
2016-06-14,61.01221466064453,93.66000366210938,94.63999938964844,93.4800033569336,94.29000091552734,2866600
2016-06-15,61.79153823852539,93.95999908447266,94.1500015258789,92.68000030517578,92.9000015258789,2273400
2016-06-16,62.24529266357422,94.6500015258789,94.69999694824219,93.5999984741211,93.70999908447266,2084900
2016-06-17,62.08747482299805,94.41000366210938,94.58999633789062,93.81999969482422,94.36000061035156,2495300
2016-06-20,62.08747482299805,94.41000366210938,95.41999816894531,94.29000091552734,95.01000213623047,1470700
2016-06-21,62.71879577636719,95.37000274658203,95.5199966430664,94.5999984741211,94.5999984741211,1682300
2016-06-22,62.633304595947266,95.23999786376953,95.63999938964844,95.01000213623047,95.47000122070312,2052600
2016-06-23,63.18574523925781,96.08000183105469,96.41000366210938,95.52999877929688,95.86000061035156,2080400
2016-06-24,63.42246627807617,96.44000244140625,97.33999633789062,93.94999694824219,94.25,9755600
2016-06-27,63.90910720825195,97.18000030517578,97.19000244140625,95.80000305175781,96.16999816894531,4207100
2016-06-28,65.10598754882812,99.0,99.0,97.0999984741211,97.87000274658203,3221700
2016-06-29,65.9806900024414,100.33000183105469,100.55999755859375,99.12999725341797,99.41000366210938,3860100
2016-06-30,66.7040786743164,101.43000030517578,101.44000244140625,99.9000015258789,100.2699966430664,2818300
2016-07-01,66.53965759277344,101.18000030517578,102.18000030517578,100.43000030517578,101.55000305175781,2727400
2016-07-05,67.44717407226562,102.55999755859375,102.63999938964844,101.0,101.12999725341797,2131600
2016-07-06,67.02631378173828,101.91999816894531,102.81999969482422,101.2300033569336,102.37999725341797,2439600
2016-07-07,66.75667572021484,101.51000213623047,102.12000274658203,101.1500015258789,101.80000305175781,1910000
2016-07-08,67.21044921875,102.19999694824219,102.38999938964844,101.1500015258789,102.22000122070312,2450700
2016-07-11,66.11876678466797,100.54000091552734,101.80999755859375,99.8499984741211,101.69000244140625,3075800
2016-07-12,65.86231994628906,100.1500015258789,100.54000091552734,99.02999877929688,100.2699966430664,4041900
2016-07-13,65.63213348388672,99.80000305175781,100.70999908447266,99.19000244140625,100.2699966430664,2437600
2016-07-14,65.41510772705078,99.47000122070312,100.19999694824219,99.0,100.19999694824219,1552200
2016-07-15,65.83599853515625,100.11000061035156,100.4000015258789,99.51000213623047,99.7300033569336,1654900
2016-07-18,65.36250305175781,99.38999938964844,100.33000183105469,99.33999633789062,99.94000244140625,1289300
2016-07-19,65.54006958007812,99.66000366210938,99.66000366210938,97.25,98.56999969482422,1797500
2016-07-20,64.77062225341797,98.48999786376953,99.77999877929688,98.4000015258789,99.68000030517578,1971800
2016-07-21,64.62596130371094,98.2699966430664,98.55999755859375,97.51000213623047,97.6500015258789,2490100
2016-07-22,65.02052307128906,98.87000274658203,99.55000305175781,98.0,98.19000244140625,2461000
2016-07-25,64.00120544433594,97.31999969482422,98.87000274658203,96.86000061035156,98.8499984741211,2227900
2016-07-26,63.61977005004883,96.73999786376953,97.58000183105469,96.2300033569336,97.33999633789062,1907200
2016-07-27,63.179134368896484,96.06999969482422,96.70999908447266,95.86000061035156,96.62999725341797,1759100
2016-07-28,63.507965087890625,96.56999969482422,96.76000213623047,95.8499984741211,96.16000366210938,2109500
2016-07-29,63.81047058105469,97.02999877929688,97.5,96.5999984741211,96.6500015258789,1920800
2016-08-01,64.27738189697266,97.73999786376953,97.75,96.83000183105469,96.91000366210938,1802800
2016-08-02,63.69865036010742,96.86000061035156,97.70999908447266,96.72000122070312,97.47000122070312,1509400
2016-08-03,63.20541000366211,96.11000061035156,96.95999908447266,95.83999633789062,96.75,1665000
2016-08-04,63.70525360107422,96.87000274658203,97.01000213623047,96.0,96.18000030517578,1365100
2016-08-05,63.27777862548828,96.22000122070312,97.16000366210938,95.9800033569336,97.12999725341797,1396600
2016-08-08,63.06734085083008,95.9000015258789,96.5999984741211,95.75,96.2300033569336,912300
2016-08-09,63.01471710205078,95.81999969482422,96.2300033569336,95.5199966430664,96.01000213623047,1739700
2016-08-10,63.244903564453125,96.16999816894531,96.36000061035156,95.80000305175781,95.80000305175781,1292900
2016-08-11,63.3106689453125,96.2699966430664,96.55000305175781,95.77999877929688,96.26000213623047,1050300
2016-08-12,63.475067138671875,96.5199966430664,96.98999786376953,96.18000030517578,96.33000183105469,1118200
2016-08-15,63.27121353149414,96.20999908447266,97.0,96.19000244140625,96.5999984741211,1261600
2016-08-16,62.34394454956055,94.80000305175781,95.94000244140625,94.45999908447266,95.83999633789062,1583500
2016-08-17,62.19926834106445,94.58000183105469,95.08000183105469,94.13999938964844,95.02999877929688,1707700
2016-08-18,62.01513671875,94.30000305175781,94.8499984741211,93.91000366210938,94.55999755859375,1307900
2016-08-19,61.40351867675781,93.37000274658203,94.1500015258789,92.69999694824219,94.1500015258789,1967900
2016-08-22,61.62711715698242,93.70999908447266,93.91999816894531,92.9800033569336,93.5,1651900
2016-08-23,61.62711715698242,93.70999908447266,94.29000091552734,93.6500015258789,93.87999725341797,1214700
2016-08-24,62.32421112060547,94.7699966430664,95.02999877929688,93.83000183105469,93.83000183105469,2261900
2016-08-25,62.14006423950195,94.48999786376953,95.38999938964844,94.31999969482422,94.87999725341797,1855400
2016-08-26,61.33118438720703,93.26000213623047,94.93000030517578,92.97000122070312,94.61000061035156,2113700
2016-08-29,61.64027404785156,93.7300033569336,94.0,93.5199966430664,93.55999755859375,1510500
2016-08-30,61.94278335571289,94.19000244140625,94.31999969482422,93.26000213623047,93.8499984741211,1542600
2016-08-31,62.32421112060547,94.7699966430664,95.0,93.95999908447266,94.01000213623047,2347400
2016-09-01,62.311058044433594,94.75,94.91000366210938,94.3499984741211,94.69999694824219,1623600
2016-09-02,63.17254638671875,96.05999755859375,96.16000366210938,95.2300033569336,95.25,2186400
2016-09-06,64.46810913085938,98.02999877929688,98.05999755859375,96.75,97.0,3204800
2016-09-07,65.00738525390625,98.8499984741211,99.0,97.5999984741211,97.75,6552100
2016-09-08,64.22480010986328,97.66000366210938,98.73999786376953,97.62000274658203,98.5999984741211,3438100
2016-09-09,61.364044189453125,93.30999755859375,97.05999755859375,93.29000091552734,97.05999755859375,5777800
2016-09-12,61.77178955078125,93.93000030517578,94.20999908447266,92.54000091552734,93.0199966430664,2685300
2016-09-13,60.41706466674805,91.87000274658203,94.26000213623047,90.97000122070312,94.12000274658203,4138100
2016-09-14,60.686004638671875,91.38999938964844,91.93000030517578,91.01000213623047,91.48999786376953,2293600
2016-09-15,60.732486724853516,91.45999908447266,92.0999984741211,91.05000305175781,91.37999725341797,2717700
2016-09-16,60.008697509765625,90.37000274658203,91.2699966430664,89.81999969482422,91.12999725341797,3927200
2016-09-19,60.9582405090332,91.80000305175781,92.05000305175781,90.37000274658203,90.51000213623047,2511300
2016-09-20,60.805503845214844,91.56999969482422,92.47000122070312,91.55999755859375,92.37000274658203,2263300
2016-09-21,62.04726028442383,93.44000244140625,93.5,91.08000183105469,91.52999877929688,2882300
2016-09-22,62.970252990722656,94.83000183105469,95.30000305175781,93.8499984741211,93.9800033569336,3964700
2016-09-23,63.20268249511719,95.18000030517578,95.5999984741211,93.97000122070312,94.19999694824219,2603300
2016-09-26,63.488243103027344,95.61000061035156,95.83999633789062,94.6500015258789,94.8499984741211,2611900
2016-09-27,63.06989669799805,94.9800033569336,96.0999984741211,94.97000122070312,95.98999786376953,1910800
2016-09-28,62.66484069824219,94.37000274658203,95.36000061035156,94.36000061035156,95.08999633789062,2649800
2016-09-29,62.425758361816406,94.01000213623047,94.5,93.19999694824219,94.41999816894531,2473900
2016-09-30,62.558570861816406,94.20999908447266,94.87000274658203,93.7300033569336,94.45999908447266,2712500
2016-10-03,62.03398895263672,93.41999816894531,94.12999725341797,93.04000091552734,93.77999877929688,2308100
2016-10-04,60.33407211303711,90.86000061035156,93.58999633789062,90.55000305175781,93.58999633789062,3191400
2016-10-05,59.13880920410156,89.05999755859375,91.51000213623047,88.4000015258789,91.2300033569336,3829000
2016-10-06,58.99272155761719,88.83999633789062,89.79000091552734,88.22000122070312,88.9000015258789,2303100
2016-10-07,58.634132385253906,88.30000305175781,89.9800033569336,87.95999908447266,89.13999938964844,1618000
2016-10-10,58.899749755859375,88.69999694824219,89.0,88.0999984741211,88.30999755859375,1029200
2016-10-11,59.09896469116211,89.0,89.37999725341797,88.43000030517578,88.61000061035156,2321200
2016-10-12,60.725826263427734,91.44999694824219,91.81999969482422,88.83000183105469,88.83000183105469,3352200
2016-10-13,60.97153091430664,91.81999969482422,92.0999984741211,91.16000366210938,91.3499984741211,1888900
2016-10-14,61.11098861694336,92.02999877929688,92.9800033569336,91.81999969482422,91.94000244140625,2141400
2016-10-17,61.08441925048828,91.98999786376953,92.79000091552734,91.83000183105469,92.27999877929688,1347300
2016-10-18,60.97153091430664,91.81999969482422,92.80000305175781,91.5999984741211,92.48999786376953,2325200
2016-10-19,60.898494720458984,91.70999908447266,92.36000061035156,90.63999938964844,92.1500015258789,2303000
2016-10-20,60.78561019897461,91.54000091552734,91.80999755859375,90.80000305175781,91.72000122070312,2425500
2016-10-21,63.03003692626953,94.91999816894531,95.08999633789062,90.56999969482422,90.58999633789062,4441600
2016-10-24,63.17613220214844,95.13999938964844,95.83999633789062,94.19999694824219,95.54000091552734,3932900
2016-10-25,62.37928771972656,93.94000244140625,95.37000274658203,93.5999984741211,94.93000030517578,3137100
2016-10-26,61.4430046081543,92.52999877929688,94.2699966430664,92.11000061035156,93.41999816894531,2419300
2016-10-27,60.28092575073242,90.77999877929688,92.69999694824219,90.70999908447266,92.69999694824219,1803900
2016-10-28,60.57309341430664,91.22000122070312,91.70999908447266,90.83000183105469,90.97000122070312,1588500
2016-10-31,60.4203987121582,90.98999786376953,91.93000030517578,90.5999984741211,91.69999694824219,2559300
2016-11-01,59.72314453125,89.94000244140625,91.58999633789062,89.5,91.33000183105469,2975800
2016-11-02,58.368526458740234,87.9000015258789,88.55000305175781,87.51000213623047,87.94000244140625,6492700
2016-11-03,58.215789794921875,87.66999816894531,88.37999725341797,87.52999877929688,88.13999938964844,1991900
2016-11-04,58.30875778198242,87.80999755859375,88.19000244140625,87.45999908447266,88.0199966430664,2655400
2016-11-07,59.125526428222656,89.04000091552734,89.52999877929688,88.3499984741211,89.08999633789062,5054100
2016-11-08,59.63020324707031,89.80000305175781,89.93000030517578,89.2300033569336,89.2300033569336,3664000
2016-11-09,56.927555084228516,85.7300033569336,88.73999786376953,85.2699966430664,88.5,5479400
2016-11-10,55.048370361328125,82.9000015258789,85.47000122070312,82.08000183105469,85.47000122070312,6994500
2016-11-11,54.61673355102539,82.25,84.0,81.69000244140625,83.02999877929688,9705500
2016-11-14,54.444087982177734,81.98999786376953,82.66000366210938,79.37999725341797,82.62999725341797,6627900
2016-11-15,54.975318908691406,82.79000091552734,83.0999984741211,81.9000015258789,82.16999816894531,4978900
2016-11-16,56.50258255004883,85.08999633789062,85.26000213623047,82.9000015258789,82.9000015258789,4909900
2016-11-17,56.5158805847168,85.11000061035156,85.83000183105469,84.51000213623047,85.01000213623047,3437100
2016-11-18,56.442832946777344,85.0,85.83000183105469,84.7300033569336,85.0999984741211,2357500
2016-11-21,56.14401626586914,84.55000305175781,85.41000366210938,84.0999984741211,85.20999908447266,2532600
2016-11-22,56.72172927856445,85.41999816894531,85.88999938964844,84.37999725341797,85.0999984741211,2218700
2016-11-23,55.885040283203125,84.16000366210938,85.2699966430664,83.76000213623047,84.91000366210938,2107200
2016-11-25,56.29008865356445,84.7699966430664,85.08999633789062,84.12000274658203,84.2300033569336,860700
2016-11-28,56.01119613647461,84.3499984741211,85.33000183105469,83.81999969482422,84.69999694824219,3068300
2016-11-29,56.59555435180664,85.2300033569336,85.54000091552734,83.91000366210938,84.44999694824219,2427500
2016-11-30,55.42022705078125,83.45999908447266,85.06999969482422,83.44999694824219,85.01000213623047,3883500
2016-12-01,54.13862609863281,81.52999877929688,83.33000183105469,80.81999969482422,83.19000244140625,3122700
2016-12-02,54.371036529541016,81.87999725341797,83.12999725341797,81.33000183105469,82.0999984741211,2660500
2016-12-05,55.28739929199219,83.26000213623047,83.27999877929688,81.47000122070312,81.77999877929688,2153500
2016-12-06,55.40694046020508,83.44000244140625,84.66000366210938,83.26000213623047,84.05000305175781,3265100
2016-12-07,56.27018356323242,84.73999786376953,84.8499984741211,83.38999938964844,83.72000122070312,2670100
2016-12-08,56.442832946777344,85.0,85.37000274658203,84.41999816894531,84.94999694824219,2137400
2016-12-09,56.82133102416992,85.56999969482422,85.6500015258789,84.80999755859375,85.16000366210938,1871300
2016-12-12,57.671287536621094,86.8499984741211,87.4000015258789,85.04000091552734,85.51000213623047,2789300
2016-12-13,58.40835952758789,87.95999908447266,88.0999984741211,87.04000091552734,87.2300033569336,2669900
2016-12-14,57.871337890625,86.20999908447266,87.44999694824219,86.05000305175781,87.0999984741211,3018000
2016-12-15,57.65652084350586,85.88999938964844,86.61000061035156,85.33000183105469,86.0999984741211,2248000
2016-12-16,57.52897262573242,85.69999694824219,86.5,85.31999969482422,86.38999938964844,5407300
2016-12-19,58.57619094848633,87.26000213623047,87.45999908447266,85.70999908447266,85.94000244140625,1422200
2016-12-20,58.78427505493164,87.56999969482422,87.76000213623047,87.0,87.26000213623047,1245100
2016-12-21,58.48891067504883,87.12999725341797,88.25,87.11000061035156,87.61000061035156,1528100
2016-12-22,58.48891067504883,87.12999725341797,87.5,86.29000091552734,87.0199966430664,1272100
2016-12-23,58.5627555847168,87.23999786376953,87.80999755859375,86.97000122070312,87.4000015258789,562000
2016-12-27,58.75742721557617,87.52999877929688,87.95999908447266,87.19999694824219,87.44000244140625,790000
2016-12-28,58.247249603271484,86.7699966430664,87.87999725341797,86.68000030517578,87.69000244140625,1115600
2016-12-29,58.40835952758789,87.01000213623047,87.29000091552734,86.54000091552734,86.98999786376953,1681400
2016-12-30,58.247249603271484,86.7699966430664,87.13999938964844,86.4000015258789,87.12999725341797,1633100
2017-01-03,58.26741409301758,86.80000305175781,87.62000274658203,86.5,87.25,2472100
2017-01-04,58.61647415161133,87.31999969482422,87.51000213623047,87.02999877929688,87.06999969482422,1939500
2017-01-05,58.5627555847168,87.23999786376953,87.51000213623047,86.77999877929688,87.23999786376953,2400300
2017-01-06,57.39473342895508,85.5,87.33000183105469,85.44999694824219,87.23999786376953,2568800
2017-01-09,57.54910659790039,85.7300033569336,86.0,84.58999633789062,85.61000061035156,2141600
2017-01-10,56.629478454589844,84.36000061035156,85.69000244140625,83.95999908447266,85.52999877929688,2220700
2017-01-11,57.19334030151367,85.19999694824219,85.61000061035156,84.22000122070312,84.44999694824219,1645200
2017-01-12,57.17991638183594,85.18000030517578,85.43000030517578,84.62999725341797,85.11000061035156,1379500
2017-01-13,57.51555633544922,85.68000030517578,85.9800033569336,85.16000366210938,85.19999694824219,1270500
2017-01-17,58.64330291748047,87.36000061035156,87.5,85.58999633789062,85.62999725341797,1816700
2017-01-18,58.535911560058594,87.19999694824219,88.2699966430664,87.05999755859375,87.38999938964844,1318800
2017-01-19,57.596126556396484,85.80000305175781,87.25,85.66999816894531,87.05999755859375,1782000
2017-01-20,58.28081130981445,86.81999969482422,86.88999938964844,86.08999633789062,86.11000061035156,1842900
2017-01-23,58.44192886352539,87.05999755859375,87.36000061035156,86.83000183105469,86.9000015258789,1424900
2017-01-24,58.844703674316406,87.66000366210938,87.69000244140625,86.80000305175781,87.12999725341797,1885400
2017-01-25,58.52247619628906,87.18000030517578,88.13999938964844,86.80000305175781,88.02999877929688,1797400
2017-01-26,59.07965850830078,88.01000213623047,90.13999938964844,87.79000091552734,88.05999755859375,2120100
2017-01-27,58.30096435546875,86.8499984741211,88.54000091552734,86.68000030517578,88.16000366210938,1497600
2017-01-30,58.240543365478516,86.76000213623047,87.08999633789062,86.22000122070312,86.94000244140625,1390100
2017-01-31,58.95882034301758,87.83000183105469,87.86000061035156,86.83999633789062,87.3499984741211,3073200
2017-02-01,58.16671371459961,86.6500015258789,88.79000091552734,86.62999725341797,88.27999877929688,2286500
2017-02-02,58.91854476928711,87.7699966430664,87.87999725341797,86.5,86.70999908447266,1777500
2017-02-03,59.56968688964844,88.73999786376953,89.12999725341797,88.12000274658203,88.33999633789062,2090300
2017-02-06,58.428497314453125,87.04000091552734,88.72000122070312,86.94000244140625,88.72000122070312,1711700
2017-02-07,58.6835823059082,87.41999816894531,87.55000305175781,86.72000122070312,87.29000091552734,1093600
2017-02-08,58.844703674316406,87.66000366210938,88.2699966430664,87.37000274658203,87.5,1116500
2017-02-09,58.92525863647461,87.77999877929688,88.0,87.36000061035156,87.7300033569336,1052600
2017-02-10,58.777587890625,87.55999755859375,87.70999908447266,86.93000030517578,87.52999877929688,1229100
2017-02-13,60.56319046020508,90.22000122070312,90.2300033569336,87.91999816894531,87.94000244140625,2225300
2017-02-14,60.58331298828125,90.25,90.33999633789062,89.16999816894531,90.02999877929688,2041500
2017-02-15,60.44236373901367,90.04000091552734,90.16999816894531,89.04000091552734,89.62000274658203,1717800
2017-02-16,60.75114440917969,90.5,90.97000122070312,90.0999984741211,90.0999984741211,1558500
2017-02-17,59.89860534667969,89.2300033569336,91.3499984741211,88.54000091552734,90.55000305175781,3408600
2017-02-21,60.415496826171875,90.0,90.11000061035156,88.83000183105469,89.20999908447266,2552600
2017-02-22,60.80484390258789,90.58000183105469,90.6500015258789,89.77999877929688,90.3499984741211,1865100
2017-02-23,61.26132583618164,91.26000213623047,92.11000061035156,90.63999938964844,90.9000015258789,2490000
2017-02-24,62.154144287109375,92.58999633789062,92.66000366210938,90.54000091552734,91.0,2147800
2017-02-27,62.14067459106445,92.56999969482422,93.11000061035156,91.87999725341797,92.66000366210938,1558300
2017-02-28,62.78512191772461,93.52999877929688,93.69999694824219,92.22000122070312,92.51000213623047,2294000
2017-03-01,62.43608093261719,93.01000213623047,93.43000030517578,91.91000366210938,93.43000030517578,1942700
2017-03-02,62.221256256103516,92.69000244140625,93.6500015258789,92.55999755859375,93.1500015258789,1416300
2017-03-03,61.59025955200195,91.75,92.7699966430664,90.8499984741211,92.44999694824219,2546500
2017-03-06,61.731201171875,91.95999908447266,92.19000244140625,91.29000091552734,91.58999633789062,2135300
2017-03-07,61.42243194580078,91.5,92.7699966430664,91.23999786376953,91.9000015258789,1408500
2017-03-08,60.82500457763672,90.61000061035156,92.38999938964844,90.5999984741211,92.2300033569336,2161300
2017-03-09,60.757843017578125,90.51000213623047,90.87999725341797,90.0199966430664,90.7300033569336,2210700
2017-03-10,60.60344314575195,90.27999877929688,91.38999938964844,89.87999725341797,90.51000213623047,2127100
2017-03-13,60.81827163696289,90.5999984741211,90.79000091552734,90.06999969482422,90.41000366210938,2523000
2017-03-14,60.180564880371094,89.6500015258789,90.56999969482422,89.63999938964844,90.33999633789062,1838500
2017-03-15,61.008304595947266,89.91999816894531,90.33000183105469,88.70999908447266,88.86000061035156,2883000
2017-03-16,60.80475616455078,89.62000274658203,90.19999694824219,89.04000091552734,89.91999816894531,2528100
2017-03-17,60.92687225341797,89.80000305175781,90.31999969482422,89.52999877929688,89.5999984741211,2597700
2017-03-20,61.6663818359375,90.88999938964844,91.06999969482422,89.77999877929688,89.80000305175781,2404400
2017-03-21,61.537471771240234,90.69999694824219,92.05999755859375,90.62000274658203,91.18000030517578,3294100
2017-03-22,62.22954177856445,91.72000122070312,91.80999755859375,90.44000244140625,90.97000122070312,3937300
2017-03-23,63.097984313964844,93.0,93.2699966430664,91.44000244140625,91.66000366210938,2405400
2017-03-24,63.55934524536133,93.68000030517578,93.94999694824219,92.79000091552734,93.08999633789062,2232300
2017-03-27,63.74930953979492,93.95999908447266,94.05999755859375,93.30000305175781,93.4800033569336,2740500
2017-03-28,64.16998291015625,94.58000183105469,94.7699966430664,93.91999816894531,93.98999786376953,3497700
2017-03-29,64.1428451538086,94.54000091552734,95.44999694824219,94.4000015258789,94.62999725341797,1883900
2017-03-30,64.19711303710938,94.62000274658203,95.0,94.08999633789062,94.54000091552734,1384800
2017-03-31,64.0817642211914,94.44999694824219,94.75,93.91999816894531,94.25,2118000
2017-04-03,63.93252182006836,94.2300033569336,95.47000122070312,93.77999877929688,94.44000244140625,2128400
2017-04-04,63.66115188598633,93.83000183105469,94.27999877929688,93.69000244140625,94.22000122070312,1900300
2017-04-05,63.566131591796875,93.69000244140625,94.5,93.63999938964844,94.01000213623047,1609700
2017-04-06,64.03426361083984,94.37999725341797,94.48999786376953,93.37999725341797,93.5999984741211,1982400
2017-04-07,64.11571502685547,94.5,94.87000274658203,93.93000030517578,94.41999816894531,1324600
2017-04-10,64.44137573242188,94.9800033569336,95.02999877929688,94.51000213623047,94.54000091552734,1231700
2017-04-11,65.01128387451172,95.81999969482422,96.0999984741211,95.12000274658203,95.1500015258789,1860700
2017-04-12,65.43869018554688,96.44999694824219,96.4800033569336,95.36000061035156,95.5,1857600
2017-04-13,65.13340759277344,96.0,96.48999786376953,95.87999725341797,96.4000015258789,2057000
2017-04-17,65.33695220947266,96.30000305175781,96.75,95.9000015258789,96.43000030517578,2387600
2017-04-18,65.66939544677734,96.79000091552734,97.06999969482422,95.94000244140625,96.20999908447266,2008300
2017-04-19,65.48621368408203,96.5199966430664,97.30000305175781,96.27999877929688,96.87000274658203,1976100
2017-04-20,65.16053771972656,96.04000091552734,96.58000183105469,95.68000030517578,96.58000183105469,4264100
2017-04-21,64.81452178955078,95.52999877929688,96.20999908447266,95.13999938964844,95.83000183105469,2207000
2017-04-24,64.25818634033203,94.70999908447266,96.16000366210938,94.22000122070312,95.94999694824219,3261400
2017-04-25,63.95966339111328,94.2699966430664,97.0,93.51000213623047,96.7300033569336,2857400
2017-04-26,64.11571502685547,94.5,94.69999694824219,93.75,94.19999694824219,5034000
2017-04-27,64.468505859375,95.0199966430664,95.58999633789062,94.5,94.5,2593900
2017-04-28,64.18355560302734,94.5999984741211,95.01000213623047,94.08999633789062,94.87000274658203,1821300
2017-05-01,64.2446060180664,94.69000244140625,95.20999908447266,94.13999938964844,94.87999725341797,2033800
2017-05-02,64.0139389038086,94.3499984741211,94.93000030517578,94.05999755859375,94.76000213623047,1960500
2017-05-03,63.82394027709961,94.06999969482422,94.77999877929688,93.87000274658203,94.63999938964844,1579600
2017-05-04,64.3056869506836,94.77999877929688,95.0,93.22000122070312,93.77999877929688,1672700
2017-05-05,65.07911682128906,95.91999816894531,96.02999877929688,94.69999694824219,94.87000274658203,1527000
2017-05-08,64.6991958618164,95.36000061035156,96.05999755859375,94.88999938964844,96.05999755859375,1664000
2017-05-09,64.42103576660156,94.94999694824219,95.4800033569336,94.62999725341797,95.37000274658203,1261100
2017-05-10,64.25818634033203,94.70999908447266,95.08000183105469,94.12999725341797,94.87000274658203,1446600
2017-05-11,64.06141662597656,94.41999816894531,94.8499984741211,94.13999938964844,94.52999877929688,1044300
2017-05-12,63.81716537475586,94.05999755859375,94.36000061035156,93.80000305175781,94.06999969482422,1383500
2017-05-15,64.95021057128906,95.7300033569336,95.81999969482422,93.91000366210938,94.1500015258789,1930600
2017-05-16,65.08590698242188,95.93000030517578,96.52999877929688,95.62000274658203,95.94999694824219,1578100
2017-05-17,66.57176208496094,98.12000274658203,98.9800033569336,96.19000244140625,96.41999816894531,4158700
2017-05-18,66.93138885498047,98.6500015258789,98.81999969482422,96.77999877929688,98.0999984741211,2280100
2017-05-19,67.46736907958984,99.44000244140625,99.52999877929688,98.05999755859375,98.83000183105469,2195200
2017-05-22,67.7862319946289,99.91000366210938,99.94000244140625,98.83999633789062,99.44000244140625,1887200
2017-05-23,68.37653350830078,100.77999877929688,101.22000122070312,99.8499984741211,100.01000213623047,2043300
2017-05-24,68.64111328125,101.16999816894531,102.12999725341797,100.70999908447266,100.9800033569336,1882000
2017-05-25,69.73345184326172,102.77999877929688,103.19000244140625,100.69000244140625,100.69000244140625,1569300
2017-05-26,69.7538070678711,102.80999755859375,102.87000274658203,101.94999694824219,102.87000274658203,1821300
2017-05-30,70.23551177978516,103.5199966430664,103.93000030517578,102.62000274658203,102.75,3048600
2017-05-31,68.9667739868164,101.6500015258789,104.33999633789062,101.54000091552734,103.70999908447266,4980700
2017-06-01,70.18803405761719,103.44999694824219,103.58000183105469,101.66999816894531,102.01000213623047,1982900
2017-06-02,70.96148681640625,104.58999633789062,104.68000030517578,103.52999877929688,103.97000122070312,1847200
2017-06-05,70.19481658935547,103.45999908447266,104.63999938964844,103.4000015258789,104.31999969482422,1303500
2017-06-06,69.99127197265625,103.16000366210938,104.01000213623047,103.02999877929688,103.5199966430664,1219800
2017-06-07,70.02517700195312,103.20999908447266,103.80999755859375,102.5999984741211,103.36000061035156,924500
2017-06-08,68.64788818359375,101.18000030517578,103.55999755859375,100.36000061035156,103.20999908447266,2383500
2017-06-09,69.24494934082031,102.05999755859375,102.81999969482422,100.9000015258789,101.02999877929688,1481900
2017-06-12,69.34674835205078,102.20999908447266,102.47000122070312,99.58999633789062,100.45999908447266,3039000
2017-06-13,69.29244232177734,102.12999725341797,102.94999694824219,101.56999969482422,102.18000030517578,1928200
2017-06-14,69.7923812866211,101.91000366210938,102.98999786376953,101.62000274658203,101.9800033569336,2472600
2017-06-15,69.37462615966797,101.30000305175781,102.26000213623047,101.1500015258789,101.55999755859375,1642900
2017-06-16,69.29243469238281,101.18000030517578,101.94999694824219,100.7699966430664,101.13999938964844,3079400
2017-06-19,69.2308120727539,101.08999633789062,101.47000122070312,100.80999755859375,101.36000061035156,1796900
2017-06-20,68.90892791748047,100.62000274658203,101.51000213623047,99.94999694824219,101.27999877929688,1637600
2017-06-21,68.14190673828125,99.5,100.0999984741211,98.83999633789062,99.76000213623047,2825200
2017-06-22,68.30625915527344,99.73999786376953,100.4000015258789,99.44000244140625,99.70999908447266,2063100
2017-06-23,68.37476348876953,99.83999633789062,100.19999694824219,99.4800033569336,99.81999969482422,2688000
2017-06-26,68.31312561035156,99.75,100.0999984741211,99.33999633789062,100.0999984741211,1961700
2017-06-27,69.7923812866211,101.91000366210938,103.9800033569336,101.66999816894531,101.66999816894531,5558200
2017-06-28,69.29243469238281,101.18000030517578,102.2300033569336,100.76000213623047,102.08000183105469,2316200
2017-06-29,68.50487518310547,100.02999877929688,101.23999786376953,99.11000061035156,101.23999786376953,2745000
2017-06-30,68.60760498046875,100.18000030517578,100.63999938964844,99.72000122070312,99.97000122070312,1394800
2017-07-03,68.01177215576172,99.30999755859375,101.05999755859375,98.81999969482422,100.52999877929688,859400
2017-07-05,67.80635070800781,99.01000213623047,99.38999938964844,98.36000061035156,99.0,2074300
2017-07-06,67.36803436279297,98.37000274658203,98.93000030517578,97.66999816894531,98.79000091552734,1273100
2017-07-07,68.12135314941406,99.47000122070312,99.5999984741211,98.56999969482422,98.56999969482422,1306400
2017-07-10,67.91590881347656,99.16999816894531,99.73999786376953,98.9000015258789,99.6500015258789,868500
2017-07-11,67.31324768066406,98.29000091552734,99.30000305175781,98.06999969482422,99.23999786376953,1231500
2017-07-12,68.51856994628906,100.05000305175781,100.52999877929688,98.77999877929688,98.83999633789062,1124300
2017-07-13,68.69661712646484,100.30999755859375,100.55999755859375,99.63999938964844,100.11000061035156,685600
2017-07-14,69.23764038085938,101.0999984741211,101.61000061035156,100.4800033569336,100.5,1967300
2017-07-17,66.2996826171875,96.80999755859375,100.87000274658203,96.80999755859375,100.87000274658203,3650400
2017-07-18,66.18323516845703,96.63999938964844,97.4800033569336,95.63999938964844,96.31999969482422,2950800
2017-07-19,67.56664276123047,98.66000366210938,98.77999877929688,93.13999938964844,94.9800033569336,6701000
2017-07-20,66.61470794677734,97.2699966430664,99.2300033569336,96.06999969482422,98.69999694824219,6212800
2017-07-21,67.91590881347656,99.16999816894531,99.75,96.11000061035156,97.2699966430664,23616100
2017-07-24,67.89535522460938,99.13999938964844,99.80000305175781,98.04000091552734,99.36000061035156,6329100
2017-07-25,68.14190673828125,99.5,99.54000091552734,98.51000213623047,99.27999877929688,5560200
2017-07-26,68.1830062866211,99.55999755859375,99.80999755859375,98.87999725341797,99.58000183105469,5984800
2017-07-27,68.61444091796875,100.19000244140625,100.19999694824219,99.01000213623047,99.7699966430664,4721500
2017-07-28,68.88153076171875,100.58000183105469,101.06999969482422,99.4800033569336,100.16999816894531,4786800
2017-07-31,68.88153076171875,100.58000183105469,101.23999786376953,99.0,100.62999725341797,5191200
2017-08-01,69.09383392333984,100.88999938964844,101.5,100.25,100.91999816894531,2762200
2017-08-02,69.72388458251953,101.80999755859375,101.83000183105469,100.16999816894531,100.87999725341797,2940100
2017-08-03,69.11439514160156,100.91999816894531,101.9800033569336,100.61000061035156,101.97000122070312,2272800
2017-08-04,69.86772155761719,102.0199966430664,102.05999755859375,100.55000305175781,100.55000305175781,2373700
2017-08-07,69.27189636230469,101.1500015258789,101.9800033569336,100.75,101.62999725341797,2432900
2017-08-08,68.50487518310547,100.02999877929688,101.48999786376953,99.69999694824219,100.9000015258789,2160500
2017-08-09,69.01164245605469,100.7699966430664,100.77999877929688,99.38999938964844,100.06999969482422,2539900
2017-08-10,68.97056579589844,100.70999908447266,101.0199966430664,100.33999633789062,100.7699966430664,1954300
2017-08-11,69.06644439697266,100.8499984741211,101.22000122070312,100.52999877929688,101.06999969482422,1985300
2017-08-14,70.10741424560547,102.37000274658203,102.45999908447266,100.62999725341797,101.25,1776500
2017-08-15,70.57994842529297,103.05999755859375,103.08000183105469,101.79000091552734,102.0999984741211,2104600
2017-08-16,71.07989501953125,103.79000091552734,105.05000305175781,102.83999633789062,102.83999633789062,2726600
2017-08-17,71.31957244873047,104.13999938964844,104.88999938964844,103.76000213623047,103.83999633789062,2740400
2017-08-18,71.30587768554688,104.12000274658203,104.62000274658203,103.97000122070312,104.30999755859375,3525000
2017-08-21,71.79210662841797,104.83000183105469,104.9800033569336,104.19000244140625,104.36000061035156,1666000
2017-08-22,72.41532897949219,105.73999786376953,106.44999694824219,105.01000213623047,105.04000091552734,2423100
2017-08-23,72.66187286376953,106.0999984741211,106.5999984741211,105.08999633789062,105.08999633789062,2214800
2017-08-24,73.10015869140625,106.73999786376953,107.18000030517578,105.95999908447266,106.25,1990600
2017-08-25,73.2713851928711,106.98999786376953,107.88999938964844,106.73999786376953,107.0999984741211,2158400
2017-08-28,73.31248474121094,107.05000305175781,107.30999755859375,106.75,107.08999633789062,3116500
2017-08-29,73.29193115234375,107.0199966430664,107.27999877929688,106.68000030517578,107.0,1821400
2017-08-30,73.46312713623047,107.2699966430664,107.36000061035156,106.62999725341797,106.79000091552734,1967200
2017-08-31,74.264404296875,108.44000244140625,108.87999725341797,107.31999969482422,107.62999725341797,2253400
2017-09-01,73.28508758544922,107.01000213623047,108.61000061035156,106.68000030517578,108.47000122070312,2590700
2017-09-05,73.29876708984375,107.02999877929688,107.94000244140625,106.98999786376953,107.19000244140625,2004500
2017-09-06,72.60025024414062,106.01000213623047,107.54000091552734,105.48999786376953,107.31999969482422,2682200
2017-09-07,73.2713851928711,106.98999786376953,107.19000244140625,106.01000213623047,106.16000366210938,1825000
2017-09-08,72.92894744873047,106.48999786376953,107.16999816894531,105.91000366210938,106.97000122070312,2079900
2017-09-11,73.23027038574219,106.93000030517578,107.3499984741211,106.5199966430664,106.83999633789062,1864200
2017-09-12,72.7371826171875,106.20999908447266,107.01000213623047,105.22000122070312,106.94000244140625,1692900
2017-09-13,71.87432861328125,104.94999694824219,106.13999938964844,104.43000030517578,106.08000183105469,2103900
2017-09-14,72.43408966064453,104.80999755859375,104.9800033569336,103.13999938964844,104.0199966430664,1769400
2017-09-15,72.89713287353516,105.4800033569336,105.56999969482422,104.54000091552734,104.98999786376953,2987800
2017-09-18,72.21294403076172,104.48999786376953,106.18000030517578,104.37999725341797,105.37999725341797,1557700
2017-09-19,70.6026840209961,102.16000366210938,105.25,100.43000030517578,104.58000183105469,4935600
2017-09-20,70.38153076171875,101.83999633789062,102.83000183105469,100.80999755859375,102.25,2093200
2017-09-21,70.21564483642578,101.5999984741211,102.29000091552734,101.4800033569336,101.70999908447266,1616400
2017-09-22,69.52456665039062,100.5999984741211,101.44999694824219,100.05000305175781,101.05000305175781,2720000
2017-09-25,69.19975280761719,100.12999725341797,101.27999877929688,99.56999969482422,100.4800033569336,1733800
2017-09-26,68.81273651123047,99.56999969482422,100.66999816894531,99.16000366210938,100.29000091552734,2275300
2017-09-27,69.10298919677734,99.98999786376953,100.58000183105469,99.20999908447266,99.55999755859375,2574600
2017-09-28,69.48307800292969,100.54000091552734,100.5999984741211,99.47000122070312,99.77999877929688,1544600
2017-09-29,69.0960922241211,99.9800033569336,100.66000366210938,99.44999694824219,100.0199966430664,2217100
2017-10-02,68.89567565917969,99.69000244140625,100.9800033569336,99.41000366210938,100.30999755859375,1509000
2017-10-03,68.86802673339844,99.6500015258789,100.0,99.33000183105469,99.61000061035156,1385900
2017-10-04,70.41609191894531,101.88999938964844,102.12000274658203,99.5999984741211,99.94999694824219,2051500
2017-10-05,70.19493103027344,101.56999969482422,102.20999908447266,101.33999633789062,101.94999694824219,2614600
2017-10-06,70.16039276123047,101.5199966430664,101.61000061035156,100.08999633789062,101.45999908447266,1565400
2017-10-09,70.57502746582031,102.12000274658203,102.7699966430664,101.08000183105469,101.36000061035156,1595400
2017-10-10,70.208740234375,101.58999633789062,102.70999908447266,101.1500015258789,102.12999725341797,2527600
2017-10-11,70.63724517822266,102.20999908447266,102.75,101.4000015258789,101.61000061035156,2466100
2017-10-12,71.25233459472656,103.0999984741211,103.4800033569336,101.62999725341797,102.25,2182200
2017-10-13,70.83765411376953,102.5,104.0,102.44000244140625,103.5199966430664,2084200
2017-10-16,70.3884506225586,101.8499984741211,102.33000183105469,101.02999877929688,101.16999816894531,2293900
2017-10-17,70.0636215209961,101.37999725341797,102.19999694824219,100.87000274658203,101.94999694824219,2503400
2017-10-18,69.77334594726562,100.95999908447266,101.4800033569336,99.54000091552734,100.98999786376953,2990100
2017-10-19,71.33523559570312,103.22000122070312,104.44999694824219,101.55000305175781,102.18000030517578,3784200
2017-10-20,72.5584945678711,104.98999786376953,105.37000274658203,103.25,103.5199966430664,3305300
2017-10-23,71.83972930908203,103.94999694824219,105.12999725341797,103.25,104.98999786376953,1900800
2017-10-24,71.91576385498047,104.05999755859375,104.6500015258789,103.5,104.05999755859375,1742900
2017-10-25,71.95724487304688,104.12000274658203,104.36000061035156,103.0,103.52999877929688,1735600
2017-10-26,71.30757904052734,103.18000030517578,105.18000030517578,103.16000366210938,105.0,2072600
2017-10-27,71.31452178955078,103.19000244140625,104.0,102.91000366210938,103.25,1650600
2017-10-30,73.33251953125,106.11000061035156,110.66000366210938,103.19999694824219,103.33999633789062,5454800
2017-10-31,74.00289916992188,107.08000183105469,107.54000091552734,105.29000091552734,105.94999694824219,2476300
2017-11-01,72.66215515136719,105.13999938964844,107.73999786376953,104.77999877929688,107.68000030517578,2467200
2017-11-02,73.51219940185547,106.37000274658203,107.11000061035156,105.06999969482422,105.26000213623047,1451200
2017-11-03,73.60897827148438,106.51000213623047,107.2699966430664,105.2699966430664,105.83999633789062,1613500
2017-11-06,77.27178192138672,111.80999755859375,114.83999633789062,109.44000244140625,110.9000015258789,6502000
2017-11-07,77.23722839355469,111.76000213623047,112.45999908447266,110.44000244140625,111.80999755859375,2602800
2017-11-08,78.80602264404297,114.02999877929688,114.97000122070312,111.62999725341797,111.62999725341797,2104200
2017-11-09,78.43975830078125,113.5,114.55999755859375,112.7699966430664,113.69999694824219,1459600
2017-11-10,78.28770446777344,113.27999877929688,113.75,111.91000366210938,112.86000061035156,1286000
2017-11-13,78.02507781982422,112.9000015258789,113.87999725341797,111.77999877929688,113.37999725341797,2060100
2017-11-14,78.20477294921875,113.16000366210938,113.58000183105469,112.08000183105469,112.80000305175781,1519000
2017-11-15,77.78317260742188,112.55000305175781,113.58999633789062,111.95999908447266,113.48999786376953,1551500
2017-11-16,76.794921875,111.12000274658203,113.43000030517578,110.79000091552734,112.62000274658203,2923900
2017-11-17,76.03472137451172,110.0199966430664,111.44999694824219,109.79000091552734,110.5199966430664,2652800
2017-11-20,76.3526382446289,110.4800033569336,111.0999984741211,110.0199966430664,110.22000122070312,1321500
2017-11-21,77.47911834716797,112.11000061035156,112.30999755859375,110.62999725341797,110.68000030517578,2274300
2017-11-22,77.29251098632812,111.83999633789062,112.27999877929688,110.88999938964844,111.72000122070312,1000700
2017-11-24,77.90066528320312,112.72000122070312,113.27999877929688,111.8499984741211,111.91000366210938,535500
2017-11-27,78.29461669921875,113.29000091552734,114.52999877929688,113.12999725341797,113.4800033569336,1095100
2017-11-28,78.45357513427734,113.5199966430664,114.0,112.5999984741211,114.0,2705700
2017-11-29,77.99744415283203,112.86000061035156,113.63999938964844,111.19000244140625,113.54000091552734,1368100
2017-11-30,78.09419250488281,113.0,113.3499984741211,111.95999908447266,113.08000183105469,1731200
2017-12-01,77.78317260742188,112.55000305175781,113.44999694824219,112.0,113.44999694824219,1777100
2017-12-04,75.76518249511719,109.62999725341797,113.48999786376953,109.56999969482422,112.44999694824219,1875500
2017-12-05,75.198486328125,108.80999755859375,110.44000244140625,108.77999877929688,109.37000274658203,2082600
2017-12-06,75.45420837402344,109.18000030517578,109.5,108.0,109.11000061035156,2812700
2017-12-07,75.8204574584961,109.70999908447266,110.16999816894531,108.0199966430664,109.4800033569336,1540200
2017-12-08,75.67536926269531,109.5,110.33999633789062,108.70999908447266,109.8499984741211,1667900
2017-12-11,76.6497802734375,110.91000366210938,111.13999938964844,108.91000366210938,109.56999969482422,2869400
2017-12-12,76.63594818115234,110.88999938964844,111.80000305175781,110.6500015258789,111.05999755859375,1198400
2017-12-13,76.96769714355469,111.37000274658203,112.45999908447266,110.91000366210938,111.19000244140625,1838000
2017-12-14,77.17002868652344,110.61000061035156,111.25,110.23999786376953,110.54000091552734,2397000
2017-12-15,77.19793701171875,110.6500015258789,111.69000244140625,110.11000061035156,111.08000183105469,3284900
2017-12-18,76.4863052368164,109.62999725341797,110.9800033569336,109.02999877929688,110.5999984741211,1649900
2017-12-19,75.73281860351562,108.55000305175781,110.06999969482422,108.3499984741211,109.93000030517578,1242400
2017-12-20,75.27234649658203,107.88999938964844,108.55999755859375,107.33000183105469,108.43000030517578,1924300
2017-12-21,75.47468566894531,108.18000030517578,108.9000015258789,108.01000213623047,108.5,1514200
2017-12-22,75.73281860351562,108.55000305175781,108.72000122070312,107.55999755859375,108.08000183105469,1003300
2017-12-26,76.02584838867188,108.97000122070312,109.43000030517578,108.22000122070312,108.55000305175781,721400
2017-12-27,76.34677124023438,109.43000030517578,109.68000030517578,108.81999969482422,109.12000274658203,1059100
2017-12-28,76.61886596679688,109.81999969482422,110.20999908447266,109.01000213623047,109.63999938964844,1779300
2017-12-29,77.44910430908203,111.01000213623047,111.43000030517578,109.61000061035156,110.0,1266800
2018-01-02,75.99794006347656,108.93000030517578,110.95999908447266,108.47000122070312,110.52999877929688,2036100
2018-01-03,75.67698669433594,108.47000122070312,109.5,108.08000183105469,108.75,2078900
2018-01-04,74.7979507446289,107.20999908447266,108.76000213623047,107.0999984741211,108.29000091552734,2240400
2018-01-05,75.37004089355469,108.02999877929688,108.41000366210938,107.26000213623047,107.43000030517578,1769400
2018-01-08,75.59327697753906,108.3499984741211,108.7300033569336,107.72000122070312,108.01000213623047,1776500
2018-01-09,75.12581634521484,107.68000030517578,108.66999816894531,107.62999725341797,108.30000305175781,1031900
2018-01-10,73.20024108886719,104.91999816894531,106.52999877929688,103.33999633789062,105.94999694824219,4849400
2018-01-11,72.34210205078125,103.69000244140625,105.19000244140625,102.5999984741211,104.94999694824219,4380700
2018-01-12,72.25837707519531,103.56999969482422,104.06999969482422,103.06999969482422,104.05000305175781,2430400
2018-01-16,73.47932434082031,105.31999969482422,106.7699966430664,103.9800033569336,103.9800033569336,2844800
2018-01-17,73.97465515136719,106.02999877929688,106.98999786376953,105.05000305175781,105.4000015258789,2616500
2018-01-18,74.03047943115234,106.11000061035156,106.31999969482422,105.20999908447266,105.70999908447266,2062500
2018-01-19,74.89558410644531,107.3499984741211,107.6500015258789,105.66999816894531,106.25,2867600
2018-01-22,75.55841827392578,108.30000305175781,108.37000274658203,106.88999938964844,107.5,2837800
2018-01-23,76.97469329833984,110.33000183105469,110.44000244140625,108.4800033569336,108.91999816894531,2996400
2018-01-24,76.45838928222656,109.58999633789062,110.91000366210938,109.3499984741211,110.4800033569336,2405700
2018-01-25,75.77467346191406,108.61000061035156,110.22000122070312,107.16000366210938,109.37999725341797,4370700
2018-01-26,77.18396759033203,110.62999725341797,110.87000274658203,108.75,110.3499984741211,3328800
2018-01-29,76.62583923339844,109.83000183105469,111.1500015258789,108.83999633789062,110.5199966430664,3214500
2018-01-30,76.76538848876953,110.02999877929688,110.41000366210938,108.66000366210938,109.0199966430664,2954600
2018-01-31,78.677001953125,112.7699966430664,113.38999938964844,110.06999969482422,110.08999633789062,2814800
2018-02-01,78.88629150390625,113.06999969482422,114.47000122070312,112.33000183105469,112.91000366210938,3168300
2018-02-02,78.2095718383789,112.0999984741211,113.19000244140625,111.25,112.66000366210938,1809700
2018-02-05,77.10026550292969,110.51000213623047,112.91999816894531,109.88999938964844,111.55000305175781,2853200
2018-02-06,75.73281860351562,108.55000305175781,110.29000091552734,106.93000030517578,109.05999755859375,4553800
2018-02-07,75.8723373413086,108.75,109.91000366210938,107.81999969482422,108.30000305175781,2978700
2018-02-08,72.42584228515625,103.80999755859375,109.16999816894531,103.79000091552734,108.5,4391400
2018-02-09,72.4607162475586,103.86000061035156,104.75,100.76000213623047,104.1500015258789,3670300
2018-02-12,73.33280181884766,105.11000061035156,105.66000366210938,103.83000183105469,104.5,3325300
2018-02-13,74.20491027832031,106.36000061035156,106.75,104.72000122070312,105.12999725341797,1879200
2018-02-14,73.5072250366211,105.36000061035156,106.26000213623047,104.01000213623047,106.06999969482422,2917800
2018-02-15,75.09794616699219,107.63999938964844,107.98999786376953,104.62000274658203,105.62999725341797,2673900
2018-02-16,76.13050079345703,109.12000274658203,110.08999633789062,107.52999877929688,107.52999877929688,2769000
2018-02-20,75.74675750732422,108.56999969482422,109.72000122070312,108.5199966430664,108.7699966430664,2480900
2018-02-21,74.50492095947266,106.79000091552734,109.26000213623047,106.73999786376953,108.76000213623047,2443700
2018-02-22,75.67003631591797,108.45999908447266,109.51000213623047,106.9000015258789,107.38999938964844,2293900
2018-02-23,77.05142211914062,110.44000244140625,110.44000244140625,108.44999694824219,108.79000091552734,1726100
2018-02-26,77.81886291503906,111.54000091552734,111.55999755859375,109.8499984741211,110.56999969482422,1670600
2018-02-27,76.99560546875,110.36000061035156,111.77999877929688,108.5999984741211,111.41000366210938,3278000
2018-02-28,76.78631591796875,110.05999755859375,112.12999725341797,109.93000030517578,110.51000213623047,3384000
2018-03-01,74.00257873535156,106.06999969482422,108.5,105.41999816894531,108.0999984741211,6252300
2018-03-02,72.94906616210938,104.55999755859375,105.69000244140625,103.6500015258789,105.25,3842100
2018-03-05,75.15373992919922,107.72000122070312,107.98999786376953,104.0199966430664,104.0199966430664,2935900
2018-03-06,75.16072082519531,107.7300033569336,108.93000030517578,107.33999633789062,107.61000061035156,2326700
2018-03-07,75.07002258300781,107.5999984741211,108.0999984741211,106.93000030517578,106.93000030517578,2197700
2018-03-08,76.9118881225586,110.23999786376953,110.61000061035156,107.9000015258789,108.58000183105469,4080700
2018-03-09,77.4351577758789,110.98999786376953,110.98999786376953,110.11000061035156,110.6500015258789,3951900
2018-03-12,77.71424102783203,111.38999938964844,112.04000091552734,110.7699966430664,110.7699966430664,3442900
2018-03-13,77.90258026123047,111.66000366210938,112.16000366210938,111.12000274658203,111.30000305175781,3026600
2018-03-14,78.19561767578125,112.08000183105469,112.33999633789062,111.43000030517578,111.80999755859375,2415500
2018-03-15,77.19552612304688,109.61000061035156,111.66000366210938,109.47000122070312,111.08999633789062,2914300
2018-03-16,76.822265625,109.08000183105469,109.97000122070312,107.98999786376953,109.25,5239600
2018-03-19,76.19549560546875,108.19000244140625,109.05999755859375,107.4000015258789,108.9800033569336,2542600
2018-03-20,76.67436981201172,108.87000274658203,110.02999877929688,108.31999969482422,108.3499984741211,3502900
2018-03-21,75.77288055419922,107.58999633789062,109.51000213623047,107.29000091552734,109.22000122070312,1819700
2018-03-22,76.73072814941406,108.94999694824219,110.19999694824219,107.13999938964844,107.27999877929688,3447000
2018-03-23,77.23075103759766,109.66000366210938,110.69000244140625,109.47000122070312,109.72000122070312,4929700
2018-03-26,78.40689849853516,111.33000183105469,111.52999877929688,110.08000183105469,110.52999877929688,2535500
2018-03-27,77.94206237792969,110.66999816894531,112.25,110.23999786376953,111.43000030517578,2259500
2018-03-28,78.0899658203125,110.87999725341797,112.31999969482422,110.72000122070312,110.83000183105469,2014100
2018-03-29,77.19552612304688,109.61000061035156,111.47000122070312,108.9800033569336,110.97000122070312,3418300
2018-04-02,76.62509155273438,108.80000305175781,110.44000244140625,108.06999969482422,109.58999633789062,2733800
2018-04-03,75.63204956054688,107.38999938964844,109.19000244140625,106.4800033569336,109.05000305175781,3879800
2018-04-04,76.70256042480469,108.91000366210938,109.12000274658203,106.94000244140625,106.94000244140625,3047400
2018-04-05,77.32936096191406,109.80000305175781,110.33000183105469,108.5199966430664,109.0,2773900
2018-04-06,76.06871032714844,108.01000213623047,110.31999969482422,107.87999725341797,109.8499984741211,2273300
2018-04-09,76.66735076904297,108.86000061035156,110.04000091552734,107.91999816894531,108.16999816894531,2418200
2018-04-10,72.99103546142578,103.63999938964844,109.83000183105469,101.69000244140625,109.4800033569336,5754800
2018-04-11,73.8502426147461,104.86000061035156,106.3499984741211,102.56999969482422,102.87000274658203,2665900
2018-04-12,73.1459732055664,103.86000061035156,105.29000091552734,103.12000274658203,105.19999694824219,2088500
2018-04-13,73.07553100585938,103.76000213623047,105.01000213623047,103.12999725341797,104.36000061035156,1393200
2018-04-16,73.47695922851562,104.33000183105469,105.05999755859375,103.70999908447266,104.30000305175781,1738900
2018-04-17,74.75171661376953,106.13999938964844,107.05999755859375,104.31999969482422,104.91999816894531,3159900
2018-04-18,75.0686264038086,106.58999633789062,107.5199966430664,105.44999694824219,105.98999786376953,2084500
2018-04-19,72.2867660522461,102.63999938964844,105.56999969482422,101.5199966430664,105.0999984741211,4308800
2018-04-20,72.27267456054688,102.62000274658203,104.8499984741211,102.44999694824219,102.87000274658203,3004100
2018-04-23,73.91364288330078,104.94999694824219,105.02999877929688,102.97000122070312,103.27999877929688,3117400
2018-04-24,74.1953353881836,105.3499984741211,106.41000366210938,104.79000091552734,105.4000015258789,3866600
2018-04-25,74.08968353271484,105.19999694824219,105.37000274658203,104.63999938964844,104.9800033569336,2095900
2018-04-26,74.01927947998047,105.0999984741211,105.88999938964844,104.75,105.22000122070312,3342300
2018-04-27,71.35005187988281,101.30999755859375,103.12000274658203,100.5,102.91999816894531,4451600
2018-04-30,71.04019165039062,100.87000274658203,103.77999877929688,98.8499984741211,99.98999786376953,6689300
2018-05-01,71.03314208984375,100.86000061035156,101.70999908447266,99.7699966430664,101.25,3706500
2018-05-02,71.00495147705078,100.81999969482422,102.06999969482422,100.43000030517578,100.44000244140625,3714000
2018-05-03,71.53317260742188,101.56999969482422,102.0999984741211,100.26000213623047,100.87000274658203,2083700
2018-05-04,72.75859069824219,103.30999755859375,104.0,101.51000213623047,101.51000213623047,1861700
2018-05-07,72.23040771484375,102.55999755859375,103.94000244140625,101.9000015258789,103.23999786376953,1675600
2018-05-08,72.357177734375,102.73999786376953,102.79000091552734,101.55999755859375,102.12000274658203,2732500
2018-05-09,73.0966796875,103.79000091552734,103.83999633789062,102.19000244140625,103.0,2456000
2018-05-10,73.89249420166016,104.91999816894531,105.9800033569336,103.88999938964844,104.0,2175800
2018-05-11,72.96989440917969,103.61000061035156,105.66000366210938,103.2300033569336,105.0,1476100
2018-05-14,72.74451446533203,103.29000091552734,103.98999786376953,102.54000091552734,103.68000030517578,1276900
2018-05-15,72.73751068115234,103.27999877929688,103.33000183105469,101.70999908447266,102.79000091552734,2942700
2018-05-16,72.53324127197266,102.98999786376953,103.44000244140625,102.51000213623047,103.08000183105469,1699600
2018-05-17,71.77263641357422,101.91000366210938,103.18000030517578,101.48999786376953,103.12999725341797,1964600
2018-05-18,71.99800872802734,102.2300033569336,103.19999694824219,101.61000061035156,101.91999816894531,1983000
2018-05-21,71.90643310546875,102.0999984741211,102.9000015258789,101.33999633789062,102.8499984741211,1610200
2018-05-22,71.63880157470703,101.72000122070312,102.11000061035156,101.11000061035156,102.01000213623047,2585100
2018-05-23,71.9487075805664,102.16000366210938,102.33000183105469,101.30999755859375,101.70999908447266,1052800
2018-05-24,71.73037719726562,101.8499984741211,102.55000305175781,101.44000244140625,102.29000091552734,1553200
2018-05-25,72.357177734375,102.73999786376953,103.26000213623047,101.9000015258789,102.0,1427400
2018-05-29,72.8642578125,103.45999908447266,104.0999984741211,102.44999694824219,102.5,2609900
2018-05-30,73.25862884521484,104.0199966430664,104.44000244140625,103.0199966430664,103.37000274658203,1348100
2018-05-31,73.3501968383789,104.1500015258789,104.29000091552734,102.94999694824219,103.56999969482422,3124200
2018-06-01,73.10370635986328,103.80000305175781,104.30000305175781,102.80999755859375,104.30000305175781,1335400
2018-06-04,73.48401641845703,104.33999633789062,104.98999786376953,103.58000183105469,104.38999938964844,2445100
2018-06-05,72.64593505859375,103.1500015258789,104.4800033569336,102.80000305175781,104.37000274658203,2849900
2018-06-06,72.46281433105469,102.88999938964844,103.31999969482422,101.9000015258789,103.11000061035156,2206500
2018-06-07,72.17405700683594,102.4800033569336,103.30000305175781,101.87000274658203,103.18000030517578,1739900
2018-06-08,72.56846618652344,103.04000091552734,103.19999694824219,102.05999755859375,102.70999908447266,2840600
2018-06-11,72.7726821899414,103.33000183105469,104.22000122070312,102.77999877929688,102.95999908447266,1941200
2018-06-12,73.72344970703125,104.68000030517578,104.70999908447266,102.51000213623047,103.16999816894531,2966400
2018-06-13,71.1810302734375,101.06999969482422,104.58999633789062,100.93000030517578,104.43000030517578,2606100
2018-06-14,71.99945068359375,101.16999816894531,101.94000244140625,99.98999786376953,99.98999786376953,3433000
2018-06-15,71.9425277709961,101.08999633789062,102.29000091552734,100.73999786376953,101.5199966430664,3324200
2018-06-18,71.84998321533203,100.95999908447266,101.12000274658203,100.41000366210938,100.73999786376953,2242000
2018-06-19,72.54032135009766,101.93000030517578,102.69999694824219,100.5,100.5,2504100
2018-06-20,73.01002502441406,102.58999633789062,102.88999938964844,101.29000091552734,101.69999694824219,1825800
2018-06-21,73.23776245117188,102.91000366210938,103.55000305175781,102.5199966430664,102.55000305175781,1153800
2018-06-22,73.72881317138672,103.5999984741211,104.05999755859375,102.3499984741211,103.16999816894531,2537800
2018-06-25,74.21275329589844,104.27999877929688,104.43000030517578,103.02999877929688,103.54000091552734,2173200
2018-06-26,75.69300079345703,106.36000061035156,106.5,104.20999908447266,104.6500015258789,3673100
2018-06-27,75.67166137695312,106.33000183105469,107.48999786376953,105.94999694824219,106.4000015258789,1775600
2018-06-28,76.57547760009766,107.5999984741211,107.80999755859375,106.4000015258789,106.69999694824219,2087400
2018-06-29,76.7320556640625,107.81999969482422,108.33999633789062,106.19000244140625,106.91000366210938,2588400
2018-07-02,76.98825073242188,108.18000030517578,108.55999755859375,106.91000366210938,107.8499984741211,2178600
2018-07-03,77.57894134521484,109.01000213623047,109.87999725341797,107.66999816894531,108.31999969482422,2165200
2018-07-05,78.99516296386719,111.0,111.11000061035156,109.05000305175781,109.05000305175781,2311300
2018-07-06,79.18729400634766,111.2699966430664,112.04000091552734,110.83000183105469,111.41999816894531,1795800
2018-07-09,78.00593566894531,109.61000061035156,111.79000091552734,108.98999786376953,111.54000091552734,2164600
2018-07-10,78.71049499511719,110.5999984741211,110.80999755859375,108.0,109.58000183105469,3474900
2018-07-11,78.89549255371094,110.86000061035156,111.45999908447266,110.31999969482422,110.55999755859375,1771100
2018-07-12,78.81722259521484,110.75,111.56999969482422,110.2699966430664,111.25,2011200
2018-07-13,79.0378646850586,111.05999755859375,111.48999786376953,110.33999633789062,111.19999694824219,1105800
2018-07-16,78.68914031982422,110.56999969482422,111.05999755859375,109.8499984741211,111.05999755859375,1178100
2018-07-17,78.90264892578125,110.87000274658203,110.95999908447266,110.05999755859375,110.83000183105469,2896500
2018-07-18,78.59663391113281,110.44000244140625,110.76000213623047,109.80999755859375,110.5199966430664,2156200
2018-07-19,79.01651000976562,111.02999877929688,112.25,109.6500015258789,109.6500015258789,2178700
2018-07-20,78.51834869384766,110.33000183105469,111.61000061035156,109.95999908447266,110.77999877929688,3099800
2018-07-23,77.39387512207031,108.75,110.62999725341797,108.16999816894531,110.2300033569336,2227200
2018-07-24,76.85301971435547,107.98999786376953,108.94000244140625,106.94999694824219,108.25,4123600
2018-07-25,77.51487731933594,108.91999816894531,109.43000030517578,107.77999877929688,108.37999725341797,2160800
2018-07-26,77.96322631835938,109.55000305175781,109.87000274658203,109.16000366210938,109.23999786376953,1792600
2018-07-27,77.61449432373047,109.05999755859375,110.3499984741211,108.98999786376953,109.94999694824219,1594000
2018-07-30,78.00593566894531,109.61000061035156,109.75,108.16000366210938,108.98999786376953,2422000
2018-07-31,78.87419128417969,110.83000183105469,111.4000015258789,109.55000305175781,109.58000183105469,2921900
2018-08-01,79.37944793701172,111.54000091552734,111.69000244140625,109.55000305175781,110.16000366210938,1559100
2018-08-02,79.1730728149414,111.25,111.9800033569336,110.88999938964844,111.68000030517578,1256200
2018-08-03,80.05552673339844,112.48999786376953,112.58999633789062,110.94999694824219,111.4000015258789,1305700
2018-08-06,78.99516296386719,111.0,113.27999877929688,110.8499984741211,112.66000366210938,3334100
2018-08-07,79.1730728149414,111.25,111.38999938964844,109.41999816894531,111.02999877929688,3557400
2018-08-08,78.2550277709961,109.95999908447266,111.66000366210938,109.80999755859375,111.41000366210938,2289300
2018-08-09,79.29405975341797,111.41999816894531,111.5,109.91999816894531,109.94999694824219,1743600
2018-08-10,78.52545166015625,110.33999633789062,112.33000183105469,110.29000091552734,111.29000091552734,948100
2018-08-13,78.72471618652344,110.62000274658203,110.94000244140625,109.73999786376953,110.08999633789062,1397500
2018-08-14,79.1730728149414,111.25,111.36000061035156,110.4000015258789,110.80000305175781,1345300
2018-08-15,79.88473510742188,112.25,112.3499984741211,110.8499984741211,111.30000305175781,1854000
2018-08-16,80.1978759765625,112.69000244140625,113.01000213623047,112.02999877929688,112.06999969482422,1694700
2018-08-17,81.03052520751953,113.86000061035156,113.88999938964844,112.44000244140625,112.86000061035156,1850900
2018-08-20,81.31519317626953,114.26000213623047,114.5199966430664,112.98999786376953,113.94999694824219,1818700
2018-08-21,80.31173706054688,112.8499984741211,114.29000091552734,112.56999969482422,114.29000091552734,3458600
2018-08-22,79.46487426757812,111.66000366210938,112.91000366210938,111.08999633789062,112.76000213623047,2589900
2018-08-23,79.40792083740234,111.58000183105469,112.13999938964844,111.33000183105469,111.70999908447266,1116600
2018-08-24,80.01283264160156,112.43000030517578,112.86000061035156,111.48999786376953,111.69999694824219,1479400
2018-08-27,79.4435043334961,111.62999725341797,112.81999969482422,111.41000366210938,112.81999969482422,1531200
2018-08-28,80.82413482666016,113.56999969482422,113.61000061035156,111.51000213623047,111.58000183105469,1429200
2018-08-29,81.10881042480469,113.97000122070312,114.5,113.37000274658203,113.56999969482422,2493400
2018-08-30,80.9593734741211,113.76000213623047,114.44000244140625,113.4000015258789,114.2300033569336,1385200
2018-08-31,81.15150451660156,114.02999877929688,114.80999755859375,113.68000030517578,113.79000091552734,2181000
2018-09-04,80.87395477294922,113.63999938964844,114.27999877929688,113.26000213623047,113.69999694824219,1197600
2018-09-05,81.05899047851562,113.9000015258789,113.91999816894531,112.63999938964844,113.3499984741211,1247800
2018-09-06,81.36499786376953,114.33000183105469,114.44999694824219,113.33999633789062,114.05000305175781,1132000
2018-09-07,80.43272399902344,113.0199966430664,114.01000213623047,112.97000122070312,113.9000015258789,1236600
2018-09-10,80.1551742553711,112.62999725341797,113.7699966430664,112.56999969482422,113.37999725341797,1915100
2018-09-11,79.78511047363281,112.11000061035156,112.62999725341797,111.93000030517578,112.5,1996400
2018-09-12,79.8633804321289,112.22000122070312,112.55000305175781,111.5,112.26000213623047,1515800
2018-09-13,80.81884765625,112.5,113.01000213623047,111.05999755859375,111.45999908447266,1779500
2018-09-14,80.13638305664062,111.55000305175781,112.44000244140625,111.1500015258789,112.33999633789062,1541700
2018-09-17,80.96253204345703,112.69999694824219,113.05000305175781,111.36000061035156,111.5999984741211,1738300
2018-09-18,80.581787109375,112.16999816894531,113.08999633789062,112.08999633789062,112.51000213623047,1282400
2018-09-19,80.33035278320312,111.81999969482422,112.55000305175781,111.5,112.37999725341797,2120200
2018-09-20,80.74702453613281,112.4000015258789,112.76000213623047,111.29000091552734,111.72000122070312,2274500
2018-09-21,80.2513198852539,111.70999908447266,112.86000061035156,111.66999816894531,112.01000213623047,2906200
2018-09-24,79.18810272216797,110.2300033569336,111.8499984741211,110.02999877929688,111.4800033569336,1918300
2018-09-25,78.80018615722656,109.69000244140625,111.0199966430664,109.56999969482422,110.26000213623047,1513800
2018-09-26,77.96682739257812,108.52999877929688,110.3499984741211,108.30999755859375,109.69000244140625,2141900
2018-09-27,78.24700164794922,108.91999816894531,109.62999725341797,108.63999938964844,108.86000061035156,2020900
2018-09-28,79.97834014892578,111.33000183105469,111.38999938964844,109.2300033569336,109.2300033569336,2375100
2018-10-01,79.31741333007812,110.41000366210938,111.95999908447266,110.37000274658203,111.33000183105469,2121400
2018-10-02,78.36194610595703,109.08000183105469,110.7300033569336,109.0199966430664,110.44999694824219,1830800
2018-10-03,78.18953704833984,108.83999633789062,110.1500015258789,107.79000091552734,109.27999877929688,1757500
2018-10-04,77.81595611572266,108.31999969482422,108.87999725341797,107.19000244140625,108.44000244140625,1280000
2018-10-05,78.11766052246094,108.73999786376953,109.41999816894531,108.12999725341797,108.41000366210938,1232100
2018-10-08,79.21682739257812,110.2699966430664,111.06999969482422,108.94999694824219,108.9800033569336,2149300
2018-10-09,79.79153442382812,111.06999969482422,112.06999969482422,110.19000244140625,110.30999755859375,2330300
2018-10-10,78.0961685180664,108.70999908447266,111.5,108.69999694824219,111.06999969482422,3186700
2018-10-11,75.63207244873047,105.27999877929688,108.9800033569336,104.5999984741211,108.9800033569336,2324800
2018-10-12,75.39502716064453,104.94999694824219,106.91000366210938,104.05999755859375,106.2699966430664,3033400
2018-10-15,75.79728698730469,105.51000213623047,106.62999725341797,104.73999786376953,104.80999755859375,1871100
2018-10-16,76.79585266113281,106.9000015258789,107.13999938964844,105.0999984741211,105.56999969482422,2210500
2018-10-17,76.71684265136719,106.79000091552734,107.5,105.6500015258789,107.12999725341797,2465100
2018-10-18,76.59471893310547,106.62000274658203,108.6500015258789,105.0199966430664,106.0,3933100
2018-10-19,76.81739044189453,106.93000030517578,107.88999938964844,106.05999755859375,106.66999816894531,2567800
2018-10-22,75.99127197265625,105.77999877929688,107.83000183105469,105.77999877929688,107.26000213623047,2462500
2018-10-23,76.26424407958984,106.16000366210938,106.33999633789062,104.52999877929688,105.54000091552734,3149500
2018-10-24,76.70964813232422,106.77999877929688,108.44000244140625,106.20999908447266,106.41999816894531,4904400
2018-10-25,77.11912536621094,107.3499984741211,108.30000305175781,106.02999877929688,107.0999984741211,3272000
2018-10-26,74.38204956054688,103.54000091552734,106.88999938964844,103.29000091552734,106.61000061035156,3148700
2018-10-29,76.18524169921875,106.05000305175781,106.76000213623047,104.13999938964844,104.19999694824219,4762700
2018-10-30,78.67802429199219,109.5199966430664,110.12000274658203,105.9800033569336,106.7699966430664,3117100
2018-10-31,78.11766052246094,108.73999786376953,110.02999877929688,107.93000030517578,109.68000030517578,3168200
2018-11-01,78.53437042236328,109.31999969482422,110.25,108.66000366210938,109.23999786376953,2540500
2018-11-02,78.5487060546875,109.33999633789062,109.62999725341797,107.87999725341797,109.25,2817400
2018-11-05,79.76283264160156,111.02999877929688,111.69999694824219,109.75,109.80999755859375,2731300
2018-11-06,79.8921127319336,111.20999908447266,111.83999633789062,110.52999877929688,111.19000244140625,1365400
2018-11-07,80.26568603515625,111.7300033569336,112.44999694824219,111.05000305175781,111.3499984741211,1844600
2018-11-08,80.07891082763672,111.47000122070312,111.88999938964844,110.4800033569336,111.58999633789062,2177200
2018-11-09,79.64788055419922,110.87000274658203,111.91999816894531,110.54000091552734,111.47000122070312,1495800
2018-11-12,78.82889556884766,109.7300033569336,111.88999938964844,109.66000366210938,110.79000091552734,2334100
2018-11-13,79.51136779785156,110.68000030517578,111.06999969482422,109.52999877929688,110.05000305175781,2137300
2018-11-14,79.2384033203125,110.30000305175781,111.26000213623047,109.25,111.26000213623047,1837000
2018-11-15,79.44670867919922,110.58999633789062,110.98999786376953,108.80999755859375,110.06999969482422,2648700
2018-11-16,80.54586029052734,112.12000274658203,112.36000061035156,110.05999755859375,110.41999816894531,2328900
2018-11-19,80.65361022949219,112.2699966430664,113.77999877929688,111.54000091552734,112.16999816894531,2006900
2018-11-20,78.757080078125,109.62999725341797,112.93000030517578,109.62999725341797,112.66999816894531,2550300
2018-11-21,78.64212799072266,109.47000122070312,110.18000030517578,108.62999725341797,109.43000030517578,2112900
2018-11-23,77.55735778808594,107.95999908447266,109.43000030517578,107.91999816894531,109.23999786376953,684700
2018-11-26,77.86626434326172,108.38999938964844,108.58999633789062,107.9000015258789,108.33999633789062,1539900
2018-11-27,79.36770629882812,110.4800033569336,110.51000213623047,108.29000091552734,108.52999877929688,2016200
2018-11-28,80.54586029052734,112.12000274658203,112.37000274658203,110.19000244140625,110.69999694824219,1865100
2018-11-29,81.17803955078125,113.0,113.37000274658203,111.5,112.16000366210938,2647000
2018-11-30,82.5429916381836,114.9000015258789,114.94999694824219,112.70999908447266,113.30000305175781,3752300
2018-12-03,81.68091583251953,113.69999694824219,115.33999633789062,111.33999633789062,114.68000030517578,3640600
2018-12-04,82.61479949951172,115.0,115.41000366210938,113.66000366210938,113.66000366210938,2907900
2018-12-06,84.38922882080078,117.47000122070312,117.5999984741211,113.2300033569336,114.41999816894531,3247300
2018-12-07,83.1607894897461,115.76000213623047,117.58000183105469,115.31999969482422,117.12000274658203,2308200
2018-12-10,83.4050521850586,116.0999984741211,116.66000366210938,114.30999755859375,115.7300033569336,2188900
2018-12-11,83.43378448486328,116.13999938964844,117.16999816894531,116.0,116.73999786376953,1732600
2018-12-12,82.95964050292969,115.4800033569336,117.5199966430664,115.44999694824219,116.73999786376953,2173400
2018-12-13,83.46385192871094,115.05000305175781,115.83999633789062,114.0199966430664,114.76000213623047,2153400
2018-12-14,83.10112762451172,114.55000305175781,115.18000030517578,113.69000244140625,114.5,2231100
2018-12-17,80.46044921875,110.91000366210938,114.7699966430664,110.86000061035156,114.55000305175781,2837500
2018-12-18,80.25006866455078,110.62000274658203,112.70999908447266,109.94999694824219,111.47000122070312,2091500
2018-12-19,79.98889923095703,110.26000213623047,112.75,110.12999725341797,111.26000213623047,2324300
2018-12-20,79.80029296875,110.0,111.30999755859375,109.2300033569336,110.05999755859375,3422400
2018-12-21,77.04354858398438,106.19999694824219,111.18000030517578,106.11000061035156,108.3499984741211,4839300
2018-12-24,75.35326385498047,103.87000274658203,106.55999755859375,103.87000274658203,106.25,1501100
2018-12-26,78.08094024658203,107.62999725341797,107.63999938964844,103.20999908447266,104.0199966430664,2234500
2018-12-27,78.26231384277344,107.87999725341797,107.87999725341797,104.41999816894531,107.13999938964844,1690600
2018-12-28,78.43643188476562,108.12000274658203,109.23999786376953,107.43000030517578,108.95999908447266,1575600
2018-12-31,78.80640411376953,108.62999725341797,108.66000366210938,106.68000030517578,108.5,1375800
2019-01-02,76.86217498779297,105.94999694824219,107.62000274658203,105.16000366210938,107.62000274658203,2127700
2019-01-03,77.24666595458984,106.4800033569336,108.6500015258789,105.81999969482422,105.81999969482422,2288000
2019-01-04,78.40015411376953,108.06999969482422,108.87000274658203,106.87000274658203,107.30000305175781,1591300
2019-01-07,78.7846450805664,108.5999984741211,109.69999694824219,108.18000030517578,108.41999816894531,1431300
2019-01-08,78.0156478881836,107.54000091552734,109.5999984741211,107.33999633789062,109.47000122070312,3250600
2019-01-09,76.6590576171875,105.66999816894531,107.54000091552734,104.43000030517578,107.36000061035156,3213600
2019-01-10,77.51510620117188,106.8499984741211,107.12000274658203,105.11000061035156,105.62000274658203,2277000
2019-01-11,77.89960479736328,107.37999725341797,107.72000122070312,105.93000030517578,106.61000061035156,1482700
2019-01-14,77.20316314697266,106.41999816894531,107.18000030517578,104.22000122070312,106.80000305175781,1989200
2019-01-15,77.9140853881836,107.4000015258789,107.8499984741211,106.4000015258789,106.70999908447266,1271800
2019-01-16,77.86331939697266,107.33000183105469,107.86000061035156,106.5199966430664,107.1500015258789,1483500
2019-01-17,78.07371520996094,107.62000274658203,108.01000213623047,106.76000213623047,107.20999908447266,1488500
2019-01-18,78.0664291381836,107.61000061035156,108.3499984741211,106.9000015258789,108.2300033569336,1907600
2019-01-22,79.21267700195312,109.19000244140625,109.20999908447266,107.51000213623047,107.62000274658203,2322300
2019-01-23,79.99614715576172,110.2699966430664,110.30000305175781,108.97000122070312,109.70999908447266,2558000
2019-01-24,81.18592071533203,111.91000366210938,112.87999725341797,109.58000183105469,110.79000091552734,2990300
2019-01-25,82.4844741821289,113.69999694824219,114.7699966430664,112.30000305175781,112.73999786376953,2449500
2019-01-28,82.977783203125,114.37999725341797,114.58999633789062,112.75,113.69000244140625,2026900
2019-01-29,83.46385192871094,115.05000305175781,115.11000061035156,114.04000091552734,114.05000305175781,1788000
2019-01-30,83.7685317993164,115.47000122070312,116.2699966430664,114.87000274658203,114.94000244140625,2357800
2019-01-31,84.92200469970703,117.05999755859375,117.19999694824219,114.2699966430664,115.47000122070312,3463200
2019-02-01,84.86396026611328,116.9800033569336,117.2699966430664,114.86000061035156,117.22000122070312,1982000
2019-02-04,85.34278106689453,117.63999938964844,117.63999938964844,115.95999908447266,116.81999969482422,1915100
2019-02-05,86.489013671875,119.22000122070312,119.23999786376953,117.4000015258789,117.6500015258789,2352900
2019-02-06,85.13965606689453,117.36000061035156,119.43000030517578,117.16999816894531,119.41000366210938,2007700
2019-02-07,85.80708312988281,118.27999877929688,118.43000030517578,116.72000122070312,116.72000122070312,1521400
2019-02-08,85.87235260009766,118.37000274658203,118.62999725341797,117.44999694824219,118.06999969482422,2113500
2019-02-11,85.92314910888672,118.44000244140625,118.95999908447266,117.93000030517578,118.43000030517578,1233400
2019-02-12,85.15415954589844,117.37999725341797,118.55000305175781,116.79000091552734,118.4000015258789,2072700
2019-02-13,85.92314910888672,118.44000244140625,118.5,117.02999877929688,117.52999877929688,1538900
2019-02-14,86.14804077148438,118.75,119.12000274658203,117.83000183105469,118.45999908447266,1168100
2019-02-15,87.14916229248047,120.12999725341797,120.19999694824219,118.93000030517578,119.69000244140625,1861000
2019-02-19,87.16368103027344,120.1500015258789,120.55999755859375,119.61000061035156,120.2300033569336,1602600
2019-02-20,86.75017547607422,119.58000183105469,120.38999938964844,119.04000091552734,120.38999938964844,2355300
2019-02-21,86.5905532836914,119.36000061035156,119.94000244140625,118.36000061035156,119.11000061035156,1782700
2019-02-22,86.96054077148438,119.87000274658203,120.2300033569336,118.69000244140625,119.68000030517578,1290000
2019-02-25,85.72727966308594,118.16999816894531,120.12999725341797,117.94000244140625,120.05999755859375,2104000
2019-02-26,85.72727966308594,118.16999816894531,118.81999969482422,117.75,118.38999938964844,1251900
2019-02-27,85.8360824584961,118.31999969482422,118.70999908447266,117.02999877929688,118.11000061035156,1097000
2019-02-28,86.14804077148438,118.75,120.0,117.8499984741211,118.37999725341797,2215100
2019-03-01,86.49626922607422,119.2300033569336,119.37000274658203,117.4000015258789,118.8499984741211,1462100
2019-03-04,86.69937896728516,119.51000213623047,119.77999877929688,117.8499984741211,119.6500015258789,1647700
2019-03-05,86.75017547607422,119.58000183105469,120.30000305175781,119.33000183105469,119.51000213623047,1272700
2019-03-06,87.54816436767578,120.68000030517578,121.22000122070312,119.5999984741211,119.86000061035156,1884200
2019-03-07,87.59168243408203,120.73999786376953,121.69999694824219,120.27999877929688,120.5999984741211,1615000
2019-03-08,87.75129699707031,120.95999908447266,121.58999633789062,120.19000244140625,120.72000122070312,1133800
2019-03-11,89.62297821044922,123.54000091552734,123.62000274658203,121.0999984741211,121.18000030517578,1564800
2019-03-12,89.84785461425781,123.8499984741211,124.4000015258789,123.19000244140625,123.72000122070312,1766200
2019-03-13,90.68939971923828,125.01000213623047,125.66000366210938,124.01000213623047,124.2300033569336,2509400
2019-03-14,90.7808837890625,124.01000213623047,124.37000274658203,123.19999694824219,124.12999725341797,1660400
2019-03-15,91.52758026123047,125.02999877929688,125.13999938964844,124.05000305175781,124.5,3155000
2019-03-18,91.2567138671875,124.66000366210938,125.58999633789062,124.04000091552734,125.1500015258789,1865200
2019-03-19,91.19084167480469,124.56999969482422,125.23999786376953,123.94000244140625,124.69999694824219,2166900
2019-03-20,92.06197357177734,125.76000213623047,126.0999984741211,123.68000030517578,124.58999633789062,2154500
2019-03-21,92.53048706054688,126.4000015258789,127.12999725341797,125.16999816894531,125.30000305175781,2587900
2019-03-22,91.87165069580078,125.5,127.68000030517578,125.48999786376953,126.36000061035156,1917600
2019-03-25,91.71060943603516,125.27999877929688,125.97000122070312,125.05999755859375,125.58000183105469,2186500
2019-03-26,91.90093994140625,125.54000091552734,126.88999938964844,124.7300033569336,125.66999816894531,1496400
2019-03-27,92.51583862304688,126.37999725341797,126.4000015258789,124.52999877929688,125.47000122070312,1673100
2019-03-28,93.13807678222656,127.2300033569336,127.25,125.95999908447266,126.68000030517578,2477500
2019-03-29,93.70176696777344,128.0,128.1999969482422,126.5199966430664,127.2300033569336,2609500
2019-04-01,92.72814178466797,126.66999816894531,128.3699951171875,126.0199966430664,128.3699951171875,1810600
2019-04-02,93.97261810302734,128.3699951171875,128.5800018310547,126.37999725341797,126.66999816894531,1203100
2019-04-03,93.97993469238281,128.3800048828125,128.74000549316406,127.04000091552734,128.36000061035156,1466500
2019-04-04,93.85548400878906,128.2100067138672,128.75,127.31999969482422,128.67999267578125,966000
2019-04-05,94.50700378417969,129.10000610351562,129.1999969482422,127.52999877929688,128.22000122070312,962800
2019-04-08,94.07511138916016,128.50999450683594,129.36000061035156,128.00999450683594,128.9600067138672,1625700
2019-04-09,95.0414047241211,129.8300018310547,129.8800048828125,128.27999877929688,128.5500030517578,1608000
2019-04-10,95.3488540649414,130.25,130.35000610351562,129.67999267578125,130.16000366210938,1534100
2019-04-11,94.23615264892578,128.72999572753906,130.60000610351562,128.35000610351562,130.3800048828125,1873500
2019-04-12,94.3386459350586,128.8699951171875,128.9600067138672,126.91000366210938,128.32000732421875,1799600
2019-04-15,93.26252746582031,127.4000015258789,129.10000610351562,127.0,128.85000610351562,2395900
2019-04-16,91.22010803222656,124.61000061035156,127.5199966430664,123.69000244140625,127.33999633789062,3001700
2019-04-17,90.89803314208984,124.16999816894531,127.22000122070312,122.93000030517578,127.22000122070312,3250000
2019-04-18,89.76334381103516,122.62000274658203,123.94000244140625,119.80999755859375,121.75,2748500
2019-04-22,89.73409271240234,122.58000183105469,122.69999694824219,120.70999908447266,122.61000061035156,2050400
2019-04-23,90.3563232421875,123.43000030517578,123.83999633789062,122.13999938964844,123.08999633789062,1879800
2019-04-24,90.12940216064453,123.12000274658203,124.36000061035156,122.58000183105469,123.69000244140625,2045700
2019-04-25,89.79265594482422,122.66000366210938,123.1500015258789,122.05000305175781,123.04000091552734,1405100
2019-04-26,90.7808837890625,124.01000213623047,124.69999694824219,123.04000091552734,123.5,1644500
2019-04-29,90.48074340820312,123.5999984741211,124.31999969482422,123.29000091552734,124.0,1330200
2019-04-30,92.0766372680664,125.77999877929688,125.93000030517578,122.73999786376953,123.68000030517578,2061500
2019-05-01,91.10298156738281,124.44999694824219,126.69999694824219,124.37000274658203,125.62999725341797,1481400
2019-05-02,90.79553985595703,124.02999877929688,125.29000091552734,123.7699966430664,124.52999877929688,1223300
2019-05-03,91.35188293457031,124.79000091552734,125.22000122070312,124.19000244140625,124.43000030517578,772300
2019-05-06,91.33726501464844,124.7699966430664,125.11000061035156,123.41999816894531,124.27999877929688,1172800
2019-05-07,90.20989227294922,123.2300033569336,124.83000183105469,122.37000274658203,124.62999725341797,1171900
2019-05-08,90.561279296875,123.70999908447266,124.88999938964844,123.02999877929688,123.36000061035156,1273300
2019-05-09,90.79553985595703,124.02999877929688,124.80999755859375,122.7300033569336,123.6500015258789,1191500
2019-05-10,92.0033950805664,125.68000030517578,126.13999938964844,123.69999694824219,124.01000213623047,1352000
2019-05-13,92.457275390625,126.30000305175781,126.5,124.69000244140625,124.80000305175781,1710000
2019-05-14,92.88919830322266,126.88999938964844,128.0500030517578,126.43000030517578,126.48999786376953,1717100
2019-05-15,93.14541625976562,127.23999786376953,127.98999786376953,126.30000305175781,126.81999969482422,1083700
2019-05-16,93.35769653320312,127.52999877929688,128.07000732421875,127.08000183105469,127.12000274658203,1396200
2019-05-17,93.15272521972656,127.25,127.8499984741211,126.9000015258789,127.05000305175781,1817400
2019-05-20,90.40023040771484,123.48999786376953,126.08999633789062,122.5999984741211,126.05999755859375,3521200
2019-05-21,91.54222106933594,125.05000305175781,125.30000305175781,122.94000244140625,124.05000305175781,1541700
2019-05-22,92.6988525390625,126.62999725341797,126.76000213623047,125.26000213623047,125.26000213623047,1224800
2019-05-23,93.47483825683594,127.69000244140625,127.76000213623047,126.0199966430664,126.44999694824219,1472300
2019-05-24,93.57730865478516,127.83000183105469,129.66000366210938,127.72000122070312,129.64999389648438,2023600
2019-05-28,92.32550811767578,126.12000274658203,129.02999877929688,126.12000274658203,128.0399932861328,1492100
2019-05-29,91.8790054321289,125.51000213623047,127.06999969482422,125.19000244140625,126.18000030517578,1423900
2019-05-30,93.47483825683594,127.69000244140625,127.83999633789062,125.25,125.88999938964844,2377300
2019-05-31,95.17317962646484,130.00999450683594,131.89999389648438,127.45999908447266,127.69000244140625,3175500
2019-06-03,96.50550079345703,131.8300018310547,132.05999755859375,129.33999633789062,130.11000061035156,2616300
2019-06-04,96.5274658203125,131.86000061035156,131.9600067138672,130.0800018310547,131.5,2141200
2019-06-05,98.51131439208984,134.57000732421875,134.64999389648438,131.19000244140625,132.47999572753906,1943300
2019-06-06,98.8626708984375,135.0500030517578,135.35000610351562,133.75,134.8000030517578,1266600
2019-06-07,98.98711395263672,135.22000122070312,136.38999938964844,135.05999755859375,135.77000427246094,1348200
2019-06-10,98.6137924194336,134.7100067138672,135.6999969482422,134.1699981689453,135.50999450683594,1467200
2019-06-11,99.48489379882812,135.89999389648438,136.27000427246094,133.74000549316406,134.75999450683594,2524400
2019-06-12,98.89196014404297,135.08999633789062,137.30999755859375,134.94000244140625,136.08999633789062,1756600
2019-06-13,97.847412109375,132.5500030517578,133.89999389648438,132.00999450683594,133.16000366210938,1925300
2019-06-14,98.40845489501953,133.30999755859375,133.69000244140625,132.50999450683594,132.83999633789062,1417600
2019-06-17,100.38680267333984,135.99000549316406,136.00999450683594,133.4199981689453,133.6699981689453,1541300
2019-06-18,100.42371368408203,136.0399932861328,137.25,135.47999572753906,136.7100067138672,1889200
2019-06-19,100.85186004638672,136.6199951171875,136.9499969482422,134.77999877929688,135.25,1599500
2019-06-20,101.07332611083984,136.9199981689453,137.85000610351562,136.42999267578125,137.0,1659400
2019-06-21,100.23178100585938,135.77999877929688,136.9199981689453,135.1999969482422,136.75,2477800
2019-06-24,99.76669311523438,135.14999389648438,136.3800048828125,134.97000122070312,136.17999267578125,1444300
2019-06-25,98.36414337158203,133.25,135.83999633789062,133.19000244140625,135.47999572753906,1936800
2019-06-26,96.30460357666016,130.4600067138672,133.4600067138672,129.88999938964844,133.0800018310547,2049100
2019-06-27,96.3119888305664,130.47000122070312,131.97000122070312,130.3300018310547,130.99000549316406,2153300
2019-06-28,96.22339630126953,130.35000610351562,131.08999633789062,129.91000366210938,130.2899932861328,3630700
2019-07-01,96.0536117553711,130.1199951171875,130.9199981689453,126.83999633789062,130.83999633789062,2247100
2019-07-02,98.36414337158203,133.25,133.4600067138672,130.22999572753906,130.61000061035156,1915400
2019-07-03,99.30166625976562,134.52000427246094,134.8000030517578,133.44000244140625,133.58999633789062,946800
2019-07-05,99.08758544921875,134.22999572753906,134.83999633789062,131.7100067138672,133.6699981689453,849200
2019-07-08,99.72244262695312,135.08999633789062,135.47999572753906,133.77000427246094,134.25999450683594,1105800
2019-07-09,99.8922119140625,135.32000732421875,135.5500030517578,134.36000061035156,134.50999450683594,1393100
2019-07-10,100.45321655273438,136.0800018310547,136.27999877929688,134.9499969482422,135.47999572753906,1058500
2019-07-11,99.07282257080078,134.2100067138672,136.6300048828125,133.99000549316406,136.02000427246094,1404500
2019-07-12,97.82527160644531,132.52000427246094,134.85000610351562,131.74000549316406,134.77000427246094,2130300
2019-07-15,98.31985473632812,133.19000244140625,134.14999389648438,132.27000427246094,132.8000030517578,1660500
2019-07-16,97.97290802001953,132.72000122070312,134.05999755859375,132.66000366210938,133.3300018310547,1202000
2019-07-17,97.160888671875,131.6199951171875,133.1999969482422,130.92999267578125,133.02999877929688,1640700
2019-07-18,93.65448760986328,126.87000274658203,128.60000610351562,123.87000274658203,125.30999755859375,5462200
2019-07-19,92.62838745117188,125.4800033569336,128.33999633789062,125.20999908447266,127.52999877929688,4059100
2019-07-22,93.32228088378906,126.41999816894531,127.0199966430664,124.62999725341797,125.4800033569336,1912000
2019-07-23,94.26718139648438,127.69999694824219,127.73999786376953,125.66000366210938,126.54000091552734,1951000
2019-07-24,95.38185119628906,129.2100067138672,129.27999877929688,127.16000366210938,127.86000061035156,2105800
2019-07-25,95.57378387451172,129.47000122070312,129.60000610351562,127.2699966430664,129.1999969482422,1746500
2019-07-26,96.39319610595703,130.5800018310547,130.88999938964844,129.35000610351562,129.99000549316406,2143500
2019-07-29,96.0831298828125,130.16000366210938,132.47999572753906,129.75999450683594,131.24000549316406,2386800
2019-07-30,97.9433822631836,132.67999267578125,132.85000610351562,130.05999755859375,130.33999633789062,1785600
2019-07-31,98.37150573730469,133.25999450683594,134.22000122070312,131.3699951171875,133.08999633789062,3278100
2019-08-01,98.7996826171875,133.83999633789062,135.50999450683594,133.52999877929688,134.6300048828125,2102200
2019-08-02,99.82575988769531,135.22999572753906,135.94000244140625,133.02999877929688,133.8699951171875,1449900
2019-08-05,98.27556610107422,133.1300048828125,135.19000244140625,132.11000061035156,134.83999633789062,1835500
2019-08-06,100.61565399169922,136.3000030517578,136.57000732421875,133.02000427246094,133.2100067138672,1834900
2019-08-07,102.05511474609375,138.25,139.2899932861328,133.58999633789062,135.64999389648438,2498300
2019-08-08,104.04086303710938,140.94000244140625,141.14999389648438,137.05999755859375,138.13999938964844,1713800
2019-08-09,104.26231384277344,141.24000549316406,141.8699951171875,139.30999755859375,140.97000122070312,1632500
2019-08-12,104.45425415039062,141.5,142.13999938964844,140.47999572753906,141.57000732421875,904900
2019-08-13,104.78644561767578,141.9499969482422,142.24000549316406,139.27000427246094,141.0800018310547,1762800
2019-08-14,102.5644760131836,138.94000244140625,141.80999755859375,138.86000061035156,141.5800018310547,1693400
2019-08-15,105.12599182128906,142.41000366210938,142.80999755859375,138.69000244140625,139.0399932861328,1222500
2019-08-16,105.5024642944336,142.9199981689453,143.58999633789062,141.72999572753906,143.33999633789062,1637000
2019-08-19,106.9345703125,144.86000061035156,145.07000732421875,142.52000427246094,143.64999389648438,1090800
2019-08-20,106.67617797851562,144.50999450683594,145.6300048828125,143.83999633789062,145.5,1434500
2019-08-21,107.16342163085938,145.1699981689453,145.72000122070312,144.5399932861328,145.3300018310547,1201300
2019-08-22,107.8572998046875,146.11000061035156,146.32000732421875,144.10000610351562,145.24000549316406,893300
2019-08-23,108.02704620361328,146.33999633789062,147.8800048828125,145.83999633789062,146.5,1751200
2019-08-26,108.9498291015625,147.58999633789062,147.91000366210938,146.38999938964844,147.0,980800
2019-08-27,107.82778930664062,146.07000732421875,148.6999969482422,146.02999877929688,148.0399932861328,1690700
2019-08-28,108.10828399658203,146.4499969482422,147.8800048828125,145.88999938964844,146.17999267578125,1447600
2019-08-29,107.73919677734375,145.9499969482422,147.75,145.02000427246094,147.16000366210938,1396400
2019-08-30,107.16342163085938,145.1699981689453,146.35000610351562,144.3800048828125,146.35000610351562,2003500
2019-09-03,108.94245910644531,147.5800018310547,147.60000610351562,144.86000061035156,145.08999633789062,1361400
2019-09-04,110.04236602783203,149.07000732421875,149.47000122070312,147.77999877929688,148.0,1361400
2019-09-05,108.56596374511719,147.07000732421875,149.39999389648438,146.10000610351562,149.35000610351562,1273000
2019-09-06,108.10091400146484,146.44000244140625,147.77000427246094,145.9199981689453,147.0399932861328,977700
2019-09-09,105.91584777832031,143.47999572753906,146.3000030517578,143.13999938964844,146.22999572753906,1631600
2019-09-10,102.84498596191406,139.32000732421875,142.36000061035156,138.22999572753906,142.3300018310547,2363800
2019-09-11,102.35777282714844,138.66000366210938,140.4199981689453,137.91000366210938,139.07000732421875,2205900
2019-09-12,103.3066635131836,138.80999755859375,140.0,137.0500030517578,138.4199981689453,1699100
2019-09-13,101.54283905029297,136.44000244140625,139.6699981689453,135.6699981689453,138.61000061035156,2276800
2019-09-16,102.67406463623047,137.9600067138672,138.5500030517578,135.86000061035156,136.1199951171875,1693800
2019-09-17,106.03802490234375,142.47999572753906,142.6300048828125,138.91000366210938,138.91000366210938,2057600
2019-09-18,104.60162353515625,140.5500030517578,143.27000427246094,138.75999450683594,142.99000549316406,2550800
2019-09-19,105.11516571044922,141.24000549316406,141.91000366210938,140.55999755859375,141.0,1599800
2019-09-20,104.62397003173828,140.5800018310547,142.0399932861328,139.52999877929688,141.6699981689453,2333900
2019-09-23,105.26397705078125,141.44000244140625,142.1999969482422,139.0,140.72000122070312,1295700
2019-09-24,105.94124603271484,142.35000610351562,142.91000366210938,141.6199951171875,141.8699951171875,1289700
2019-09-25,104.25926971435547,140.08999633789062,142.82000732421875,140.0,142.82000732421875,1512000
2019-09-26,105.6807632446289,142.0,142.47999572753906,140.00999450683594,140.02999877929688,1158400
2019-09-27,102.60709381103516,137.8699951171875,141.97999572753906,136.52999877929688,141.74000549316406,2696500
2019-09-30,103.45552062988281,139.00999450683594,139.82000732421875,138.1699981689453,138.42999267578125,2530100
2019-10-01,101.8033447265625,136.7899932861328,139.19000244140625,136.67999267578125,138.88999938964844,2234000
2019-10-02,101.58747863769531,136.5,137.3000030517578,135.22999572753906,136.94000244140625,1981100
2019-10-03,102.21265411376953,137.33999633789062,138.0800018310547,136.36000061035156,136.8800048828125,2433300
2019-10-04,102.6443099975586,137.9199981689453,138.50999450683594,137.30999755859375,137.52000427246094,2126700
2019-10-07,102.28707885742188,137.44000244140625,138.02000427246094,135.7100067138672,137.4499969482422,1673500
2019-10-08,102.0191650390625,137.0800018310547,138.0,135.9199981689453,137.3300018310547,2297600
2019-10-09,102.14568328857422,137.25,137.80999755859375,136.5,137.36000061035156,1475300
2019-10-10,102.86758422851562,138.22000122070312,138.4199981689453,135.8000030517578,136.60000610351562,2212600
2019-10-11,101.72145080566406,136.67999267578125,138.60000610351562,136.57000732421875,138.22999572753906,1851800
2019-10-14,101.3121566772461,136.1300048828125,137.0,135.6699981689453,136.9499969482422,938000
2019-10-15,100.21064758300781,134.64999389648438,136.44000244140625,133.5,136.22000122070312,1894100
2019-10-16,100.24044799804688,134.69000244140625,134.77000427246094,133.47999572753906,134.14999389648438,2266500
2019-10-17,103.87973022460938,139.5800018310547,140.86000061035156,135.52000427246094,135.52000427246094,2355400
2019-10-18,107.2138671875,144.05999755859375,144.99000549316406,140.08999633789062,140.4499969482422,3120000
2019-10-21,106.68548583984375,143.35000610351562,144.0500030517578,141.32000732421875,144.0500030517578,1570600
2019-10-22,105.15980529785156,141.3000030517578,143.77000427246094,141.02999877929688,143.0800018310547,1323500
2019-10-23,104.86209869384766,140.89999389648438,142.08999633789062,139.97000122070312,141.0,1301500
2019-10-24,105.46495056152344,141.7100067138672,141.89999389648438,140.0,141.25999450683594,1657700
2019-10-25,104.93653106689453,141.0,141.8300018310547,140.25999450683594,141.5,2028100
2019-10-28,103.74575805664062,139.39999389648438,141.24000549316406,138.6699981689453,140.97000122070312,2219900
2019-10-29,103.46295166015625,139.02000427246094,140.39999389648438,138.66000366210938,139.3800048828125,1345000
2019-10-30,103.63411712646484,139.25,140.1999969482422,138.75,139.2100067138672,1959200
2019-10-31,103.29176330566406,138.7899932861328,139.74000549316406,138.16000366210938,139.32000732421875,2397800
2019-11-01,102.2721939086914,137.4199981689453,139.74000549316406,136.17999267578125,139.55999755859375,2545300
2019-11-04,100.0990219116211,134.5,137.27999877929688,134.47999572753906,137.27999877929688,1626900
2019-11-05,97.98543548583984,131.66000366210938,134.3000030517578,129.86000061035156,134.02999877929688,3104000
2019-11-06,99.6599349975586,133.91000366210938,134.1999969482422,132.11000061035156,132.16000366210938,2315300
2019-11-07,98.17147827148438,131.91000366210938,133.80999755859375,131.47999572753906,133.13999938964844,2122900
2019-11-08,97.35282897949219,130.80999755859375,133.05999755859375,130.47999572753906,130.5800018310547,2279700
2019-11-11,97.57608795166016,131.11000061035156,132.0,130.75999450683594,130.83999633789062,1878400
2019-11-12,97.24117279052734,130.66000366210938,131.44000244140625,130.27999877929688,131.11000061035156,2657400
2019-11-13,97.76959228515625,131.3699951171875,131.97999572753906,130.74000549316406,131.02000427246094,1799100
2019-11-14,99.48131561279297,133.6699981689453,133.9199981689453,131.39999389648438,131.82000732421875,2384200
2019-11-15,100.23297882080078,134.67999267578125,134.74000549316406,133.4499969482422,134.10000610351562,1732900
2019-11-18,101.17071533203125,135.94000244140625,137.30999755859375,134.72999572753906,134.77999877929688,1795400
2019-11-19,99.96507263183594,134.32000732421875,137.0,134.0,136.24000549316406,2681400
2019-11-20,101.87776947021484,136.88999938964844,137.05999755859375,134.30999755859375,134.30999755859375,1620900
2019-11-21,100.8060531616211,135.4499969482422,138.33999633789062,135.3800048828125,137.22000122070312,2378400
2019-11-22,98.47663116455078,132.32000732421875,136.82000732421875,132.32000732421875,135.4199981689453,1996300
2019-11-25,97.78446960449219,131.38999938964844,132.8800048828125,130.99000549316406,132.44000244140625,3021000
2019-11-26,100.03205871582031,134.41000366210938,134.44000244140625,132.08999633789062,132.08999633789062,4903300
2019-11-27,99.56317901611328,133.77999877929688,134.97999572753906,133.27000427246094,134.39999389648438,2048600
2019-11-29,99.47386169433594,133.66000366210938,134.55999755859375,133.64999389648438,134.0,859100
2019-12-02,97.45702362060547,130.9499969482422,134.1300048828125,130.86000061035156,133.4499969482422,2026700
2019-12-03,99.83856964111328,134.14999389648438,134.4199981689453,131.02000427246094,131.16000366210938,1953900
2019-12-04,100.12135314941406,134.52999877929688,135.02999877929688,132.92999267578125,133.33999633789062,1908600
2019-12-05,100.47113800048828,135.0,135.22999572753906,133.27999877929688,134.32000732421875,1945300
2019-12-06,100.81348419189453,135.4600067138672,135.69000244140625,134.3000030517578,134.75999450683594,1532200
2019-12-09,101.1260986328125,135.8800048828125,136.77000427246094,135.13999938964844,135.17999267578125,1579800
2019-12-10,99.7269058227539,134.0,136.9199981689453,133.0,136.3800048828125,1314500
2019-12-11,100.18091583251953,134.61000061035156,135.36000061035156,133.58999633789062,133.8800048828125,1916600
2019-12-12,99.12208557128906,132.0,133.72999572753906,131.3000030517578,133.66000366210938,2335700
2019-12-13,99.6327133178711,132.67999267578125,133.3000030517578,130.86000061035156,131.99000549316406,2966400
2019-12-16,100.9993896484375,134.5,134.83999633789062,132.52999877929688,132.97999572753906,2026600
2019-12-17,99.98563385009766,133.14999389648438,135.02999877929688,132.8800048828125,134.77000427246094,1990500
2019-12-18,103.02690887451172,137.1999969482422,137.5500030517578,133.49000549316406,133.52000427246094,2958100
2019-12-19,105.06941223144531,139.9199981689453,140.0,136.88999938964844,136.91000366210938,2640400
2019-12-20,106.63134765625,142.0,142.4600067138672,140.5,142.0500030517578,3225900
2019-12-23,105.5650405883789,140.5800018310547,142.8300018310547,140.3800048828125,142.32000732421875,1035200
2019-12-24,105.15953063964844,140.0399932861328,140.8699951171875,139.5,140.5500030517578,561300
2019-12-26,105.58007049560547,140.60000610351562,140.72999572753906,139.74000549316406,140.27000427246094,692500
2019-12-27,105.94049072265625,141.0800018310547,141.5,140.32000732421875,141.11000061035156,863700
2019-12-30,106.18077850341797,141.39999389648438,141.4499969482422,139.94000244140625,140.69000244140625,1125000
2019-12-31,106.74398040771484,142.14999389648438,142.1999969482422,140.55999755859375,141.4499969482422,1591300
2020-01-02,106.39105224609375,141.67999267578125,142.66000366210938,141.1300048828125,142.3300018310547,1795500
2020-01-03,106.97677612304688,142.4600067138672,142.6999969482422,140.10000610351562,140.85000610351562,1254500
2020-01-06,106.07565307617188,141.25999450683594,142.67999267578125,141.25,142.13999938964844,1631100
2020-01-07,104.28092956542969,138.8699951171875,141.4199981689453,138.16000366210938,141.0,1667200
2020-01-08,104.71647644042969,139.4499969482422,139.91000366210938,138.58999633789062,139.00999450683594,2644600
2020-01-09,105.31721496582031,140.25,140.77000427246094,139.1699981689453,139.1999969482422,1534400
2020-01-10,106.93173217773438,142.39999389648438,142.55999755859375,140.1999969482422,140.39999389648438,2760400
2020-01-13,107.60004425048828,143.2899932861328,143.85000610351562,142.64999389648438,142.9199981689453,1743200
2020-01-14,106.59378814697266,141.9499969482422,143.47999572753906,141.0500030517578,142.9499969482422,1667100
2020-01-15,108.17073822021484,144.0500030517578,144.44000244140625,142.1199951171875,142.16000366210938,1431600
2020-01-16,109.05684661865234,145.22999572753906,145.25,143.77000427246094,144.39999389648438,1505500
2020-01-17,109.07183074951172,145.25,146.2100067138672,144.4199981689453,145.50999450683594,2070000
2020-01-21,111.29458618164062,148.2100067138672,148.33999633789062,145.1199951171875,145.32000732421875,1650500
2020-01-22,111.65504455566406,148.69000244140625,149.1999969482422,147.97999572753906,149.00999450683594,1920100
2020-01-23,112.47354125976562,149.77999877929688,150.2100067138672,148.0,149.1300048828125,1246800
2020-01-24,112.56363677978516,149.89999389648438,150.7100067138672,149.25999450683594,150.0,868100
2020-01-27,112.86399841308594,150.3000030517578,150.41000366210938,148.58999633789062,149.3300018310547,1363900
2020-01-28,113.93785858154297,151.72999572753906,151.77999877929688,149.72999572753906,150.14999389648438,1539100
2020-01-29,111.92536926269531,149.0500030517578,151.97000122070312,148.91000366210938,151.8000030517578,1519400
2020-01-30,113.48731231689453,151.1300048828125,151.24000549316406,148.5800018310547,148.6300048828125,968300
2020-01-31,112.51859283447266,149.83999633789062,151.7899932861328,148.72000122070312,151.05999755859375,1293900
2020-02-03,112.03050231933594,149.19000244140625,150.92999267578125,148.94000244140625,150.67999267578125,1225000
2020-02-04,112.97664642333984,150.4499969482422,151.86000061035156,148.89999389648438,149.6300048828125,1264700
2020-02-05,112.60868835449219,149.9600067138672,150.75999450683594,149.30999755859375,150.27000427246094,1257900
2020-02-06,113.0141830444336,150.5,151.2100067138672,149.41000366210938,150.1300048828125,1005100
2020-02-07,113.00670623779297,150.49000549316406,151.05999755859375,150.42999267578125,151.05999755859375,1119300
2020-02-10,114.83145904541016,152.9199981689453,153.0,150.88999938964844,151.05999755859375,1583600
2020-02-11,120.92145538330078,161.02999877929688,163.50999450683594,153.3699951171875,154.33999633789062,3488200
2020-02-12,122.5584716796875,163.2100067138672,163.44000244140625,158.8000030517578,160.8300018310547,1969900
2020-02-13,123.09162139892578,163.9199981689453,164.22000122070312,162.3300018310547,163.05999755859375,1202800
2020-02-14,124.6310043334961,165.97000122070312,166.39999389648438,164.00999450683594,164.47000122070312,1424600
2020-02-18,124.81124877929688,166.2100067138672,166.25999450683594,164.8800048828125,166.0500030517578,1275300
2020-02-19,124.35318756103516,165.60000610351562,166.85000610351562,164.52000427246094,166.27000427246094,1211500
2020-02-20,125.39694213867188,166.99000549316406,167.94000244140625,165.41000366210938,165.8699951171875,2180300
2020-02-21,126.20047760009766,168.05999755859375,168.75,165.91000366210938,166.66000366210938,3006000
2020-02-24,124.92384338378906,166.36000061035156,168.49000549316406,163.5,165.35000610351562,2092400
2020-02-25,122.4157943725586,163.02000427246094,167.9199981689453,162.42999267578125,167.0500030517578,2038500
2020-02-26,122.16798400878906,162.69000244140625,165.1699981689453,162.3300018310547,163.74000549316406,2293700
2020-02-27,111.43726348876953,148.39999389648438,156.25,147.0,148.74000549316406,5822200
2020-02-28,107.60004425048828,143.2899932861328,147.97000122070312,140.7100067138672,145.1300048828125,6204100
2020-03-02,117.32452392578125,156.24000549316406,156.52000427246094,143.82000732421875,143.92999267578125,4077800
2020-03-03,118.74375915527344,158.1300048828125,162.49000549316406,155.6699981689453,156.8300018310547,4248500
2020-03-04,122.82127380371094,163.55999755859375,164.22000122070312,158.4499969482422,160.6199951171875,2384700
2020-03-05,121.830078125,162.24000549316406,164.1199951171875,160.10000610351562,160.80999755859375,2513900
2020-03-06,120.76374053955078,160.82000732421875,161.58999633789062,154.72999572753906,159.25999450683594,3109400
2020-03-09,112.84898376464844,150.27999877929688,155.25999450683594,148.82000732421875,152.97999572753906,3291300
2020-03-10,119.65991973876953,159.35000610351562,159.42999267578125,148.63999938964844,153.61000061035156,2944400
2020-03-11,115.52980041503906,153.85000610351562,156.11000061035156,151.2899932861328,155.0800018310547,3287100
2020-03-12,107.85557556152344,142.50999450683594,150.35000610351562,132.69000244140625,143.19000244140625,3854100
2020-03-13,117.37647247314453,155.08999633789062,158.0,143.1699981689453,149.6300048828125,3769000
2020-03-16,102.79238891601562,135.82000732421875,147.36000061035156,135.02999877929688,138.92999267578125,3833900
2020-03-17,111.15535736083984,146.8699951171875,153.25999450683594,138.2100067138672,138.6999969482422,4441300
2020-03-18,104.6768798828125,138.30999755859375,148.67999267578125,131.11000061035156,141.16000366210938,4357000
2020-03-19,98.95528411865234,130.75,138.1199951171875,127.25,137.91000366210938,4548200
2020-03-20,96.91940307617188,128.05999755859375,136.5,125.5999984741211,129.30999755859375,5346100
2020-03-23,88.53375244140625,116.9800033569336,128.69000244140625,115.6500015258789,126.80000305175781,4029300
2020-03-24,93.62720489501953,123.70999908447266,124.4000015258789,114.18000030517578,121.83000183105469,4397100
2020-03-25,96.8437271118164,127.95999908447266,134.97999572753906,121.66999816894531,122.97000122070312,3121700
2020-03-26,107.8252944946289,142.47000122070312,143.74000549316406,128.0,128.0,4092400
2020-03-27,103.60221862792969,136.88999938964844,141.8000030517578,135.1699981689453,139.4199981689453,3220000
2020-03-30,112.05596923828125,148.05999755859375,148.66000366210938,139.3000030517578,140.5,2934600
2020-03-31,109.28597259521484,144.39999389648438,147.80999755859375,141.7899932861328,145.9499969482422,3078400
2020-04-01,104.13197326660156,137.58999633789062,140.22999572753906,133.8000030517578,137.6699981689453,2519000
2020-04-02,110.77693176269531,146.3699951171875,146.97000122070312,136.05999755859375,137.5,3240000
2020-04-03,110.20925903320312,145.6199951171875,147.52999877929688,142.61000061035156,144.85000610351562,2117600
2020-04-06,112.5781478881836,148.75,150.0,144.74000549316406,148.38999938964844,3275700
2020-04-07,110.90557098388672,146.5399932861328,154.47999572753906,146.3000030517578,153.5500030517578,2645600
2020-04-08,119.09444427490234,157.36000061035156,158.02999877929688,146.7899932861328,148.0,2153800
2020-04-09,124.22577667236328,164.13999938964844,164.77000427246094,157.82000732421875,158.25999450683594,4349400
2020-04-13,118.8598403930664,157.0500030517578,163.57000732421875,156.32000732421875,163.19000244140625,1725500
2020-04-14,125.46695709228516,165.77999877929688,165.89999389648438,159.13999938964844,160.2899932861328,2460700
2020-04-15,122.95428466796875,162.4600067138672,166.30999755859375,161.47999572753906,166.02000427246094,2697900
2020-04-16,122.45477294921875,161.8000030517578,165.02999877929688,160.9499969482422,164.44000244140625,2038600
2020-04-17,126.4281234741211,167.0500030517578,167.8300018310547,163.77000427246094,165.22999572753906,2058900
2020-04-20,122.92399597167969,162.4199981689453,166.52000427246094,162.39999389648438,165.25999450683594,1883500
2020-04-21,120.8427505493164,159.6699981689453,160.89999389648438,158.14999389648438,160.1699981689453,2103500
2020-04-22,123.49163055419922,163.1699981689453,165.19000244140625,161.5500030517578,161.86000061035156,1649400
2020-04-23,121.50875091552734,160.5500030517578,163.77999877929688,159.72999572753906,162.74000549316406,1537200
2020-04-24,122.31098937988281,161.61000061035156,162.25,158.52999877929688,161.61000061035156,1475000
2020-04-27,123.96845245361328,163.8000030517578,164.72000122070312,161.97000122070312,163.0,1626500
2020-04-28,122.04608917236328,161.25999450683594,166.0,160.9499969482422,163.02999877929688,2059900
2020-04-29,117.641357421875,155.44000244140625,163.47999572753906,155.05999755859375,163.41000366210938,3280000
2020-04-30,120.66109466552734,159.42999267578125,159.89999389648438,150.60000610351562,150.60000610351562,3669500
2020-05-01,118.37549591064453,156.41000366210938,158.0,155.0800018310547,156.97999572753906,1553200
2020-05-04,119.37450408935547,157.72999572753906,157.8000030517578,152.2899932861328,157.14999389648438,1803800
2020-05-05,120.09342956542969,158.67999267578125,159.97999572753906,157.38999938964844,157.58999633789062,1174900
2020-05-06,117.30081176757812,154.99000549316406,159.94000244140625,154.97999572753906,159.19000244140625,1581600
2020-05-07,117.07373809814453,154.69000244140625,157.92999267578125,154.44000244140625,156.32000732421875,2337300
2020-05-08,119.35177612304688,157.6999969482422,158.24000549316406,155.83999633789062,157.32000732421875,1370000
2020-05-11,120.93354034423828,159.7899932861328,160.8300018310547,155.57000732421875,155.8300018310547,2017700
2020-05-12,116.71802520751953,154.22000122070312,160.25,151.7100067138672,159.97999572753906,1961200
2020-05-13,115.93851470947266,153.19000244140625,158.55999755859375,152.55999755859375,154.16000366210938,2143700
2020-05-14,115.0681381225586,152.0399932861328,152.80999755859375,149.52000427246094,152.75999450683594,1718500
2020-05-15,113.63016510009766,150.13999938964844,152.6999969482422,147.55999755859375,151.42999267578125,2593900
2020-05-18,118.36791229248047,156.39999389648438,157.4499969482422,152.97000122070312,153.25,2565900
2020-05-19,115.46168518066406,152.55999755859375,156.02000427246094,152.5,155.6999969482422,1349800
2020-05-20,115.31034088134766,152.36000061035156,154.19000244140625,151.36000061035156,153.52000427246094,1816900
2020-05-21,114.15238189697266,150.8300018310547,152.75999450683594,148.3800048828125,152.1999969482422,2254200
2020-05-22,118.216552734375,156.1999969482422,156.8800048828125,149.9499969482422,151.5500030517578,1874000
2020-05-26,120.78217315673828,159.58999633789062,161.1699981689453,156.8000030517578,160.82000732421875,2657200
2020-05-27,123.40839385986328,163.05999755859375,163.07000732421875,158.08999633789062,159.83999633789062,1690800
2020-05-28,127.74497985839844,168.7899932861328,169.1999969482422,163.9600067138672,165.02999877929688,2437000
2020-05-29,130.29554748535156,172.16000366210938,172.5399932861328,166.55999755859375,168.1199951171875,3286300
2020-06-01,131.51400756835938,173.77000427246094,175.6199951171875,169.60000610351562,171.74000549316406,2907100
2020-06-02,132.10435485839844,174.5500030517578,175.9499969482422,172.14999389648438,174.9199981689453,3183300
2020-06-03,132.1118927001953,174.55999755859375,176.85000610351562,173.92999267578125,176.55999755859375,1917600
2020-06-04,126.8822021484375,167.64999389648438,174.27999877929688,166.11000061035156,173.52999877929688,1941800
2020-06-05,127.6012191772461,168.60000610351562,170.5500030517578,166.50999450683594,169.74000549316406,3265800
2020-06-08,130.80262756347656,172.8300018310547,173.1699981689453,168.0,168.0,1958300
2020-06-09,131.94541931152344,174.33999633789062,176.61000061035156,172.0800018310547,172.36000061035156,1717800
2020-06-10,131.7562255859375,174.08999633789062,175.74000549316406,171.67999267578125,174.22000122070312,1858300
2020-06-11,122.48167419433594,160.72000122070312,171.6199951171875,160.47000122070312,170.0500030517578,3072000
2020-06-12,125.26323699951172,164.3699951171875,165.6999969482422,162.5,164.7899932861328,1941300
2020-06-15,127.7019271850586,167.57000732421875,167.8300018310547,161.1999969482422,161.33999633789062,3733600
2020-06-16,129.24134826660156,169.58999633789062,172.0,166.64999389648438,172.0,2053000
2020-06-17,129.13467407226562,169.4499969482422,172.24000549316406,169.3699951171875,171.36000061035156,2422700
2020-06-18,125.93390655517578,165.25,168.8800048828125,164.3300018310547,168.1699981689453,1982300
2020-06-19,129.89671325683594,170.4499969482422,170.7899932861328,165.32000732421875,167.36000061035156,5207000
2020-06-22,126.7645492553711,166.33999633789062,170.0,165.27000427246094,169.47999572753906,2747500
2020-06-23,126.14724731445312,165.52999877929688,167.77999877929688,165.35000610351562,167.1199951171875,1727400
2020-06-24,123.53335571289062,162.10000610351562,165.83999633789062,159.14999389648438,164.0,2054600
2020-06-25,125.53002166748047,164.72000122070312,164.88999938964844,160.75999450683594,162.24000549316406,1302600
2020-06-26,122.9465560913086,161.3300018310547,164.8300018310547,160.67999267578125,164.41000366210938,2750500
2020-06-29,123.68576049804688,162.3000030517578,163.49000549316406,160.6699981689453,163.19000244140625,1402700
2020-06-30,127.53428649902344,167.35000610351562,167.99000549316406,162.83999633789062,162.94000244140625,2003100
2020-07-01,130.9940948486328,171.88999938964844,173.08999633789062,167.2100067138672,167.92999267578125,1780600
2020-07-02,130.1024932861328,170.72000122070312,174.0,169.69000244140625,173.72000122070312,2253800
2020-07-06,132.83071899414062,174.3000030517578,180.0,172.3699951171875,178.61000061035156,3263000
2020-07-07,130.7045135498047,171.50999450683594,173.9499969482422,171.1999969482422,171.9600067138672,1705000
2020-07-08,130.62832641601562,171.41000366210938,173.52000427246094,169.67999267578125,172.10000610351562,2282800
2020-07-09,130.81121826171875,171.64999389648438,172.25,168.97999572753906,170.88999938964844,1435300
2020-07-10,130.6968994140625,171.5,172.9600067138672,169.86000061035156,171.97000122070312,2070000
2020-07-13,127.19895935058594,166.91000366210938,171.8800048828125,166.0399932861328,171.27999877929688,2245400
2020-07-14,129.0584716796875,169.35000610351562,169.83999633789062,165.67999267578125,168.0,2534200
2020-07-15,128.0296173095703,168.0,171.6199951171875,167.33999633789062,171.13999938964844,1797100
2020-07-16,126.30731964111328,165.74000549316406,168.02000427246094,164.60000610351562,166.9600067138672,1623900
2020-07-17,128.76123046875,168.9600067138672,170.14999389648438,165.63999938964844,166.74000549316406,1403400
2020-07-20,129.67572021484375,170.16000366210938,177.27999877929688,170.08999633789062,177.27999877929688,3817800
2020-07-21,127.67139434814453,167.52999877929688,171.5,166.67999267578125,171.5,2411100
2020-07-22,128.07533264160156,168.05999755859375,169.50999450683594,166.50999450683594,166.9199981689453,1368300
2020-07-23,127.08465576171875,166.75999450683594,168.7899932861328,164.72000122070312,167.5399932861328,1730700
2020-07-24,127.03890991210938,166.6999969482422,167.8300018310547,165.72999572753906,166.41000366210938,1498100
2020-07-27,128.3649444580078,168.44000244140625,169.19000244140625,166.33999633789062,167.0,1603200
2020-07-28,130.91029357910156,171.77999877929688,172.9199981689453,168.10000610351562,168.1199951171875,2070300
2020-07-29,132.50299072265625,173.8699951171875,175.14999389648438,172.10000610351562,172.92999267578125,2469800
2020-07-30,129.7138214111328,170.2100067138672,170.6999969482422,167.10000610351562,168.9499969482422,2780900
2020-07-31,129.7138214111328,170.2100067138672,170.2100067138672,170.2100067138672,170.2100067138672,0
2020-08-03,125.05754089355469,164.10000610351562,166.0500030517578,162.0,165.92999267578125,2799700
2020-08-04,126.4140396118164,165.8800048828125,167.77000427246094,164.14999389648438,164.39999389648438,2300200
2020-08-05,125.3775634765625,164.52000427246094,166.57000732421875,163.72999572753906,166.3699951171875,1713500
2020-08-06,124.88223266601562,163.8699951171875,165.2899932861328,163.42999267578125,164.00999450683594,1513600
2020-08-07,128.17440795898438,168.19000244140625,169.36000061035156,163.8000030517578,163.91000366210938,1633400
2020-08-10,126.64261627197266,166.17999267578125,168.22999572753906,164.9199981689453,168.05999755859375,2287500
2020-08-11,123.29711151123047,161.7899932861328,167.3000030517578,161.39999389648438,167.1699981689453,1865200
2020-08-12,125.8957748413086,165.1999969482422,166.16000366210938,162.6199951171875,162.99000549316406,1098600
2020-08-13,125.25565338134766,164.36000061035156,165.38999938964844,163.60000610351562,164.6999969482422,1309700
2020-08-14,125.4614486694336,164.6300048828125,165.8800048828125,163.6300048828125,164.33999633789062,1435300
2020-08-17,126.55117797851562,166.05999755859375,166.32000732421875,164.41000366210938,164.75999450683594,1182100
2020-08-18,126.50548553466797,166.0,168.2100067138672,165.33999633789062,165.72999572753906,1071200
2020-08-19,123.94486999511719,162.63999938964844,167.41000366210938,162.27999877929688,167.1300048828125,1486900
2020-08-20,124.12776947021484,162.8800048828125,163.75,160.0,160.0,1261400
2020-08-21,124.34876251220703,163.1699981689453,163.6199951171875,161.42999267578125,163.5,1077600
2020-08-24,122.70265197753906,161.00999450683594,163.10000610351562,159.0,163.10000610351562,1144700
2020-08-25,122.45880889892578,160.69000244140625,161.60000610351562,159.69000244140625,161.05999755859375,1443600
2020-08-26,122.67218017578125,160.97000122070312,161.4199981689453,158.88999938964844,160.0,1828100
2020-08-27,124.53926849365234,163.4199981689453,163.61000061035156,161.3800048828125,161.5,1858900
2020-08-28,124.82124328613281,163.7899932861328,164.0399932861328,161.6999969482422,163.3000030517578,1781200
2020-08-31,124.40972137451172,163.25,164.02999877929688,162.52999877929688,163.11000061035156,1386400
2020-09-01,123.53335571289062,162.10000610351562,163.0399932861328,160.36000061035156,162.50999450683594,1148600
2020-09-02,126.71881866455078,166.27999877929688,166.72000122070312,160.50999450683594,161.16000366210938,2362600
2020-09-03,123.23615264892578,161.7100067138672,166.82000732421875,160.5800018310547,166.36000061035156,1749100
2020-09-04,122.38259887695312,160.58999633789062,162.27000427246094,157.0,161.27999877929688,1943200
2020-09-08,120.78983306884766,158.5,161.44000244140625,157.6199951171875,159.80999755859375,2921300
2020-09-09,122.9160385131836,161.2899932861328,163.52999877929688,159.74000549316406,159.91000366210938,1743100
2020-09-10,120.98799133300781,158.75999450683594,161.08999633789062,158.64999389648438,160.6699981689453,1892000
2020-09-11,120.85840606689453,158.58999633789062,160.3000030517578,157.75999450683594,159.3800048828125,1267100
2020-09-14,122.9854965209961,160.16000366210938,160.86000061035156,158.22000122070312,158.24000549316406,1390100
2020-09-15,125.51952362060547,163.4600067138672,165.10000610351562,160.30999755859375,160.50999450683594,2093600
2020-09-16,127.60051727294922,166.1699981689453,167.7899932861328,164.16000366210938,164.94000244140625,1598600
2020-09-17,124.89757537841797,162.64999389648438,165.5500030517578,161.38999938964844,164.50999450683594,1819900
2020-09-18,122.61690521240234,159.67999267578125,162.6199951171875,158.9199981689453,162.22999572753906,3016300
2020-09-21,121.00434875488281,157.5800018310547,159.5,156.07000732421875,159.00999450683594,2017400
2020-09-22,122.84728240966797,159.97999572753906,160.88999938964844,157.0500030517578,157.10000610351562,2203100
2020-09-23,119.49927520751953,155.6199951171875,158.99000549316406,155.00999450683594,158.60000610351562,2495500
2020-09-24,120.86610412597656,157.39999389648438,159.25999450683594,155.64999389648438,156.52999877929688,2292200
2020-09-25,124.17574310302734,161.7100067138672,161.86000061035156,156.1199951171875,156.39999389648438,1827100
2020-09-28,125.61935424804688,163.58999633789062,164.75,161.8300018310547,163.88999938964844,1843900
2020-09-29,126.07238006591797,164.17999267578125,164.5,162.3800048828125,163.2100067138672,1552600
2020-09-30,127.85392761230469,166.5,167.0,164.35000610351562,164.8000030517578,2341600
2020-10-01,129.01344299316406,168.00999450683594,168.3000030517578,164.92999267578125,166.75,1693200
2020-10-02,129.48184204101562,168.6199951171875,169.3000030517578,166.10000610351562,166.91000366210938,2275700
2020-10-05,129.51254272460938,168.66000366210938,169.0,165.27999877929688,168.6199951171875,1450200
2020-10-06,126.77119445800781,165.08999633789062,168.75,164.44000244140625,168.75,2010000
2020-10-07,126.6406478881836,164.9199981689453,166.5,164.17999267578125,166.1999969482422,1514400
2020-10-08,127.30101776123047,165.77999877929688,169.30999755859375,165.33999633789062,165.75,1329000
2020-10-09,128.51429748535156,167.36000061035156,167.6300048828125,164.8800048828125,166.60000610351562,1010400
2020-10-12,129.18234252929688,168.22999572753906,168.5,166.52000427246094,168.22999572753906,1029700
2020-10-13,128.08432006835938,166.8000030517578,168.08999633789062,165.94000244140625,168.08999633789062,1635400
2020-10-14,126.72515106201172,165.02999877929688,167.49000549316406,164.5,167.1699981689453,1463900
2020-10-15,129.11329650878906,168.13999938964844,168.5,163.4499969482422,164.16000366210938,1045700
2020-10-16,128.16104125976562,166.89999389648438,168.4499969482422,166.36000061035156,167.0399932861328,1171700
2020-10-19,126.17993927001953,164.32000732421875,168.75,163.75,168.25,3165600
2020-10-20,126.28743743896484,164.4600067138672,165.63999938964844,162.25999450683594,164.6699981689453,2080900
2020-10-21,125.77293395996094,163.7899932861328,165.4499969482422,162.75,162.9199981689453,1434300
2020-10-22,119.98302459716797,156.25,163.33999633789062,154.61000061035156,162.63999938964844,3377500
2020-10-23,121.68777465820312,158.47000122070312,158.99000549316406,155.0,156.38999938964844,1784100
2020-10-26,122.80117797851562,159.9199981689453,160.42999267578125,156.6699981689453,157.6999969482422,1548100
2020-10-27,123.33106994628906,160.61000061035156,162.35000610351562,160.1199951171875,160.19000244140625,1763700
2020-10-28,120.44379425048828,156.85000610351562,160.0800018310547,156.5,158.5,1743400
2020-10-29,121.10417938232422,157.7100067138672,159.61000061035156,156.22000122070312,158.80999755859375,1310500
2020-10-30,119.94463348388672,156.1999969482422,157.58999633789062,154.0800018310547,156.63999938964844,1256000
2020-11-02,122.46332550048828,159.47999572753906,160.80999755859375,156.92999267578125,157.4499969482422,1260700
2020-11-03,123.13137817382812,160.35000610351562,162.39999389648438,159.13999938964844,160.7899932861328,1311500
2020-11-04,124.49822998046875,162.1300048828125,165.4499969482422,159.55999755859375,159.6300048828125,1684400
2020-11-05,125.10485076904297,162.9199981689453,164.4499969482422,161.61000061035156,163.72000122070312,1213400
2020-11-06,125.98797607421875,164.07000732421875,165.27999877929688,162.11000061035156,163.41000366210938,877200
2020-11-09,124.2294921875,161.77999877929688,169.4199981689453,161.4499969482422,167.1699981689453,2174000
2020-11-10,123.18513488769531,160.4199981689453,162.07000732421875,157.6699981689453,161.77999877929688,2372500
2020-11-11,126.42562103271484,164.63999938964844,167.2899932861328,160.97000122070312,161.74000549316406,1254000
2020-11-12,128.19943237304688,166.9499969482422,167.1300048828125,164.00999450683594,164.32000732421875,1883700
2020-11-13,129.01344299316406,168.00999450683594,168.3699951171875,165.63999938964844,167.50999450683594,1649900
2020-11-16,127.02462005615234,165.4199981689453,169.4199981689453,164.5,169.27000427246094,2073100
2020-11-17,127.73106384277344,166.33999633789062,166.88999938964844,164.5,165.10000610351562,2371700
2020-11-18,131.04066467285156,170.64999389648438,172.1300048828125,165.9499969482422,166.2899932861328,3104400
2020-11-19,129.0749053955078,168.08999633789062,170.33999633789062,167.1699981689453,170.3300018310547,2220200
2020-11-20,128.21484375,166.97000122070312,168.83999633789062,166.25,168.11000061035156,1569800
2020-11-23,127.74640655517578,166.36000061035156,167.88999938964844,165.08999633789062,167.5,2037400
2020-11-24,126.12615966796875,164.25,168.27000427246094,164.00999450683594,167.8000030517578,2143900
2020-11-25,126.67139434814453,164.9600067138672,166.5,163.50999450683594,164.5800018310547,1932400
2020-11-27,128.36843872070312,167.1699981689453,167.1699981689453,164.72999572753906,165.30999755859375,879700
2020-11-30,128.67556762695312,167.57000732421875,167.75,164.00999450683594,167.0,3208900
2020-12-01,131.15586853027344,170.8000030517578,170.89999389648438,167.75,168.0,2891900
2020-12-02,128.114990234375,166.83999633789062,170.55999755859375,166.32000732421875,170.0399932861328,1494000
2020-12-03,128.57574462890625,167.44000244140625,168.5800018310547,166.1999969482422,166.1999969482422,1861200
2020-12-04,125.55026245117188,163.5,167.9499969482422,163.02999877929688,167.9199981689453,2521300
2020-12-07,124.74394226074219,162.4499969482422,165.0,161.35000610351562,162.8300018310547,2032600
2020-12-08,123.88395690917969,161.3300018310547,163.75,161.02000427246094,162.8000030517578,2403800
2020-12-09,121.6263198852539,158.38999938964844,160.94000244140625,156.8800048828125,160.5399932861328,3029600
2020-12-10,120.7279052734375,157.22000122070312,159.5500030517578,156.5,158.3800048828125,2148200
2020-12-11,121.08110046386719,157.67999267578125,158.89999389648438,156.13999938964844,158.44000244140625,2702600
2020-12-14,120.18279266357422,155.19000244140625,158.89999389648438,154.9199981689453,157.91000366210938,2711700
2020-12-15,120.35320281982422,155.41000366210938,156.00999450683594,154.35000610351562,155.3000030517578,3088400
2020-12-16,119.35415649414062,154.1199951171875,157.25,153.52000427246094,155.8800048828125,4286500
2020-12-17,120.61647033691406,155.75,157.52999877929688,155.02000427246094,156.27999877929688,4831200
2020-12-18,119.11408996582031,153.80999755859375,155.8000030517578,152.08999633789062,154.82000732421875,5924500
2020-12-21,118.68814849853516,153.25999450683594,153.60000610351562,151.2100067138672,152.4499969482422,2423100
2020-12-22,118.86627960205078,153.49000549316406,154.2899932861328,152.0,152.7100067138672,2248400
2020-12-23,118.06864929199219,152.4600067138672,155.3800048828125,152.41000366210938,154.2100067138672,1977100
2020-12-24,119.26124572753906,154.0,154.2899932861328,152.5800018310547,152.8800048828125,521800
2020-12-28,121.00366973876953,156.25,156.32000732421875,153.42999267578125,154.33999633789062,1742200
2020-12-29,120.6629638671875,155.80999755859375,157.97999572753906,155.17999267578125,157.0,1771500
2020-12-30,121.1120834350586,156.38999938964844,157.19000244140625,155.69000244140625,155.99000549316406,1310100
2020-12-31,123.28048706054688,159.19000244140625,159.36000061035156,155.1999969482422,155.8000030517578,1579900
2021-01-04,120.03565216064453,155.0,159.05999755859375,154.3699951171875,158.35000610351562,2218700
2021-01-05,120.50804138183594,155.61000061035156,157.0399932861328,154.89999389648438,155.2100067138672,2380600
2021-01-06,117.27094268798828,151.42999267578125,154.66000366210938,151.33999633789062,154.61000061035156,2709900
2021-01-07,118.06087493896484,152.4499969482422,153.25999450683594,150.75999450683594,151.0500030517578,2568000
2021-01-08,119.30770874023438,154.05999755859375,155.1300048828125,153.35000610351562,153.82000732421875,2432600
2021-01-11,118.53326416015625,153.05999755859375,154.74000549316406,151.9600067138672,153.75999450683594,1622500
2021-01-12,116.51980590820312,150.4600067138672,152.99000549316406,149.13999938964844,152.41000366210938,2304100
2021-01-13,118.24675750732422,152.69000244140625,152.9499969482422,150.35000610351562,150.41000366210938,1457400
2021-01-14,119.84979248046875,154.75999450683594,156.1199951171875,152.4199981689453,154.08999633789062,3882400
2021-01-15,121.77808380126953,157.25,157.9600067138672,154.02999877929688,154.77999877929688,2437200
2021-01-19,123.43536376953125,159.38999938964844,160.0,157.02000427246094,158.8699951171875,2824700
2021-01-20,123.17986297607422,159.05999755859375,161.4600067138672,158.27000427246094,159.55999755859375,1670800
2021-01-21,123.39666748046875,159.33999633789062,159.7899932861328,157.11000061035156,158.14999389648438,1491600
2021-01-22,123.07138061523438,158.9199981689453,159.6699981689453,157.9600067138672,158.89999389648438,1367800
2021-01-25,124.59703063964844,160.88999938964844,162.30999755859375,159.50999450683594,160.0500030517578,1720100
2021-01-26,126.5795669555664,163.4499969482422,164.3000030517578,159.6199951171875,160.55999755859375,1882800
2021-01-27,123.81485748291016,159.8800048828125,163.0,159.11000061035156,162.77000427246094,1866000
2021-01-28,122.45960235595703,158.1300048828125,160.9199981689453,156.8699951171875,157.4499969482422,2522300
2021-01-29,123.33470916748047,159.25999450683594,159.89999389648438,155.11000061035156,156.1300048828125,2569600
2021-02-01,127.21456909179688,164.27000427246094,164.5399932861328,158.0399932861328,160.0,1898500
2021-02-02,128.2522735595703,165.61000061035156,167.11000061035156,164.25,165.0800018310547,1608400
2021-02-03,126.35494232177734,163.16000366210938,165.0,161.36000061035156,164.55999755859375,2201500
2021-02-04,126.33174896240234,163.1300048828125,164.64999389648438,161.22999572753906,162.6300048828125,2014400
2021-02-05,125.6579818725586,162.25999450683594,163.5800018310547,161.9199981689453,163.5,2192900
2021-02-08,124.60475158691406,160.89999389648438,162.0399932861328,157.1999969482422,161.97999572753906,2556100
2021-02-09,126.99772644042969,163.99000549316406,164.3699951171875,161.11000061035156,161.42999267578125,3077100
2021-02-10,126.29299926757812,163.0800018310547,165.47999572753906,162.8800048828125,164.80999755859375,1447600
2021-02-11,125.45659637451172,162.0,163.7100067138672,160.85000610351562,161.89999389648438,2336300
2021-02-12,127.36170959472656,164.4600067138672,164.6999969482422,161.50999450683594,162.35000610351562,2199500
2021-02-16,125.42565155029297,161.9600067138672,164.88999938964844,160.6699981689453,164.32000732421875,3150900
2021-02-17,126.33174896240234,163.1300048828125,163.3800048828125,161.0,161.11000061035156,1569300
2021-02-18,127.70243835449219,164.89999389648438,165.30999755859375,162.5,162.94000244140625,1744100
2021-02-19,128.39942932128906,165.8000030517578,166.38999938964844,164.77000427246094,165.44000244140625,4530800
2021-02-22,128.02769470214844,165.32000732421875,166.2899932861328,163.22000122070312,165.00999450683594,3437100
2021-02-23,125.17784881591797,161.63999938964844,166.3000030517578,161.63999938964844,166.3000030517578,2594800
2021-02-24,124.83707427978516,161.1999969482422,162.11000061035156,160.27000427246094,161.0,1731800
2021-02-25,123.60575103759766,159.61000061035156,162.6999969482422,157.88999938964844,161.02000427246094,2360600
2021-02-26,120.61647033691406,155.75,160.5,155.6300048828125,160.0,3615900
2021-03-01,119.05213928222656,153.72999572753906,157.97999572753906,153.61000061035156,156.33999633789062,2198700
2021-03-02,118.6107177734375,153.16000366210938,154.5,151.77000427246094,153.82000732421875,2443300
2021-03-03,115.01740264892578,148.52000427246094,153.44000244140625,148.5,153.3699951171875,2593500
2021-03-04,115.48979187011719,149.1300048828125,152.8300018310547,148.5500030517578,148.9600067138672,2880900
2021-03-05,116.27970886230469,150.14999389648438,151.00999450683594,146.14999389648438,149.94000244140625,3773800
2021-03-08,113.66217803955078,146.77000427246094,150.88999938964844,146.42999267578125,150.10000610351562,3389500
2021-03-09,116.96890258789062,151.0399932861328,151.75999450683594,148.1999969482422,148.38999938964844,2533600
2021-03-10,117.66590118408203,151.94000244140625,152.63999938964844,150.0,151.44000244140625,1860900
2021-03-11,120.60872650146484,155.74000549316406,156.6300048828125,152.22000122070312,152.5,2568400
2021-03-12,123.94401550292969,158.67999267578125,158.86000061035156,152.9600067138672,153.8300018310547,2381300
2021-03-15,126.17792510986328,161.5399932861328,162.02000427246094,157.75,158.24000549316406,2622000
2021-03-16,128.91958618164062,165.0500030517578,165.6199951171875,161.16000366210938,161.99000549316406,2594500
2021-03-17,128.8492431640625,164.9600067138672,166.0,163.25999450683594,164.7899932861328,2235100
2021-03-18,129.02890014648438,165.19000244140625,165.7100067138672,162.10000610351562,163.89999389648438,1561500
2021-03-19,129.36480712890625,165.6199951171875,168.33999633789062,164.49000549316406,165.4499969482422,4115900
2021-03-22,131.13787841796875,167.88999938964844,169.8000030517578,165.61000061035156,165.6199951171875,2404200
2021-03-23,131.76275634765625,168.69000244140625,170.16000366210938,166.67999267578125,167.91000366210938,2269100
2021-03-24,130.97381591796875,167.67999267578125,169.0,165.57000732421875,168.0800018310547,1855700
2021-03-25,130.82542419433594,167.49000549316406,168.1999969482422,166.39999389648438,167.5800018310547,1485000
2021-03-26,135.3557586669922,173.2899932861328,173.49000549316406,167.8300018310547,169.2899932861328,1866700
2021-03-29,136.71493530273438,175.02999877929688,175.33999633789062,171.72999572753906,173.2899932861328,2317700
2021-03-30,133.55929565429688,170.99000549316406,173.85000610351562,170.75,173.85000610351562,2030800
2021-03-31,134.4496612548828,172.1300048828125,172.8800048828125,169.80999755859375,171.02999877929688,2314300
2021-04-01,136.26966857910156,174.4600067138672,174.58999633789062,171.67999267578125,173.00999450683594,1815400
2021-04-05,138.5973663330078,177.44000244140625,177.7100067138672,174.49000549316406,174.86000061035156,2005900
2021-04-06,137.95680236816406,176.6199951171875,177.44000244140625,174.88999938964844,177.44000244140625,1751200
2021-04-07,137.67562866210938,176.25999450683594,177.2899932861328,174.88999938964844,176.58999633789062,1900000
2021-04-08,137.27725219726562,175.75,178.1199951171875,175.67999267578125,177.30999755859375,1606400
2021-04-09,136.87892150878906,175.24000549316406,176.61000061035156,174.3800048828125,175.3000030517578,1390800
2021-04-12,138.67544555664062,177.5399932861328,177.6199951171875,174.77999877929688,175.5,1425200
2021-04-13,138.33958435058594,177.11000061035156,179.3300018310547,176.61000061035156,177.22999572753906,1473500
2021-04-14,137.23040771484375,175.69000244140625,178.66000366210938,175.35000610351562,177.1199951171875,1564500
2021-04-15,140.1829376220703,179.47000122070312,179.63999938964844,176.58999633789062,176.7100067138672,2242500
2021-04-16,140.30014038085938,179.6199951171875,180.33999633789062,178.2899932861328,180.0,1390400
2021-04-19,141.15931701660156,180.72000122070312,180.9600067138672,178.6699981689453,180.39999389648438,1394600
2021-04-20,142.94020080566406,183.0,184.50999450683594,180.0800018310547,180.4600067138672,1900800
2021-04-21,142.85427856445312,182.88999938964844,184.67999267578125,181.7899932861328,183.9600067138672,1482100
2021-04-22,143.88531494140625,184.2100067138672,185.97000122070312,181.6999969482422,183.5,1971700
2021-04-23,146.2052001953125,187.17999267578125,188.1300048828125,184.67999267578125,185.14999389648438,1308700
2021-04-26,145.3616180419922,186.10000610351562,187.4499969482422,184.6199951171875,187.42999267578125,1382400
2021-04-27,144.29933166503906,184.74000549316406,186.77000427246094,184.14999389648438,186.77000427246094,1353600
2021-04-28,144.6508331298828,185.19000244140625,186.0399932861328,184.6300048828125,185.2100067138672,1097200
2021-04-29,146.8144073486328,187.9600067138672,188.36000061035156,184.89999389648438,186.39999389648438,1373700
2021-04-30,147.6736602783203,189.05999755859375,189.58999633789062,187.14999389648438,187.33999633789062,1310000
2021-05-03,146.61134338378906,187.6999969482422,189.13999938964844,187.16000366210938,189.0800018310547,1413300
2021-05-04,143.6431884765625,183.89999389648438,187.8800048828125,182.14999389648438,186.2100067138672,2966700
2021-05-05,143.08078002929688,183.17999267578125,184.52999877929688,181.67999267578125,183.7899932861328,1929000
2021-05-06,141.2843017578125,180.8800048828125,183.22999572753906,179.85000610351562,183.22999572753906,2141600
2021-05-07,143.19015502929688,183.32000732421875,184.27999877929688,181.9600067138672,182.47999572753906,2023000
2021-05-10,143.088623046875,183.19000244140625,183.91000366210938,182.82000732421875,183.32000732421875,1452000
2021-05-11,142.3309783935547,182.22000122070312,183.0,180.5500030517578,182.08999633789062,1262100
2021-05-12,139.6830596923828,178.8300018310547,181.94000244140625,178.72999572753906,181.6300048828125,1414300
2021-05-13,140.40164184570312,179.75,181.0800018310547,178.13999938964844,179.10000610351562,1764200
2021-05-14,141.46392822265625,181.11000061035156,181.99000549316406,180.14999389648438,180.67999267578125,1438500
2021-05-17,142.1591033935547,182.0,182.80999755859375,180.80999755859375,180.91000366210938,1198700
2021-05-18,142.76058959960938,182.77000427246094,183.8800048828125,180.25,182.0,1615200
2021-05-19,142.04193115234375,181.85000610351562,183.27000427246094,179.66000366210938,182.1699981689453,1301400
2021-05-20,144.8538818359375,185.4499969482422,186.11000061035156,181.49000549316406,182.05999755859375,1178000
2021-05-21,144.9320068359375,185.5500030517578,186.0800018310547,183.9600067138672,184.8300018310547,1567300
2021-05-24,145.47096252441406,186.24000549316406,187.1300048828125,185.16000366210938,186.0500030517578,1890300
2021-05-25,147.0019073486328,188.1999969482422,188.99000549316406,185.1300048828125,186.61000061035156,1497000
2021-05-26,147.13467407226562,188.3699951171875,189.86000061035156,187.64999389648438,188.1999969482422,1541100
2021-05-27,147.8455047607422,189.27999877929688,189.50999450683594,187.27999877929688,188.07000732421875,2905400
2021-05-28,148.017333984375,189.5,191.55999755859375,189.47999572753906,190.0,1583800
2021-06-01,149.5951385498047,191.52000427246094,191.57000732421875,189.52000427246094,190.72000122070312,1412000
2021-06-02,152.55545043945312,195.30999755859375,195.5,191.77000427246094,192.0500030517578,1579300
2021-06-03,152.24302673339844,194.91000366210938,195.36000061035156,193.8000030517578,194.8000030517578,1662400
2021-06-04,153.64903259277344,196.7100067138672,197.14999389648438,195.10000610351562,195.91000366210938,1013100
2021-06-07,154.68788146972656,198.0399932861328,198.89999389648438,196.22999572753906,196.89999389648438,1271000
2021-06-08,153.3131103515625,196.27999877929688,199.0,195.9499969482422,198.6999969482422,1625800
2021-06-09,153.94581604003906,197.08999633789062,198.07000732421875,195.91000366210938,197.25999450683594,1695800
2021-06-10,156.40628051757812,200.24000549316406,200.47000122070312,196.36000061035156,196.57000732421875,2569200
2021-06-11,152.81283569335938,194.33999633789062,198.9199981689453,193.5,198.74000549316406,1807300
2021-06-14,154.96731567382812,197.0800018310547,197.25999450683594,193.55999755859375,194.0,1057000
2021-06-15,153.7327880859375,195.50999450683594,197.0,195.2899932861328,197.0,1081300
2021-06-16,152.50616455078125,193.9499969482422,196.67999267578125,193.25,196.24000549316406,1381900
2021-06-17,154.79432678222656,196.86000061035156,197.05999755859375,193.02000427246094,193.3000030517578,1240900
2021-06-18,152.73419189453125,194.24000549316406,196.97000122070312,194.1699981689453,196.69000244140625,2997100
2021-06-21,155.4154815673828,197.64999389648438,198.0,193.6999969482422,195.02000427246094,1190700
2021-06-22,154.99876403808594,197.1199951171875,199.22000122070312,197.11000061035156,197.17999267578125,1396400
2021-06-23,154.12594604492188,196.00999450683594,197.32000732421875,195.6199951171875,197.0,1170700
2021-06-24,154.06304931640625,195.92999267578125,197.63999938964844,195.0500030517578,197.2100067138672,1079400
2021-06-25,154.53482055664062,196.52999877929688,197.1300048828125,195.74000549316406,195.97000122070312,1996800
2021-06-28,155.7143096923828,198.02999877929688,198.7899932861328,196.10000610351562,197.22999572753906,1218000
2021-06-29,155.17962646484375,197.35000610351562,199.1699981689453,196.63999938964844,198.10000610351562,1268300
2021-06-30,153.410400390625,195.10000610351562,198.2100067138672,194.8699951171875,196.5500030517578,1643500
2021-07-01,153.0958709716797,194.6999969482422,195.8800048828125,193.36000061035156,194.86000061035156,2176700
2021-07-02,154.89657592773438,196.99000549316406,197.4600067138672,194.72000122070312,195.47000122070312,1372800
2021-07-06,156.97242736816406,199.6300048828125,199.72000122070312,196.61000061035156,197.02000427246094,1583700
2021-07-07,157.91598510742188,200.8300018310547,201.77000427246094,198.67999267578125,199.5500030517578,1524300
2021-07-08,157.84523010253906,200.74000549316406,202.4600067138672,199.35000610351562,200.2899932861328,961900
2021-07-09,158.61581420898438,201.72000122070312,201.86000061035156,200.02000427246094,201.4199981689453,1192700
2021-07-12,159.68521118164062,203.0800018310547,203.38999938964844,201.0500030517578,201.86000061035156,1299900
2021-07-13,157.57000732421875,200.38999938964844,203.27999877929688,200.0800018310547,201.64999389648438,1219400
2021-07-14,158.7573699951172,201.89999389648438,202.63999938964844,200.14999389648438,200.82000732421875,1213400
2021-07-15,158.96963500976562,202.1699981689453,203.25,201.75999450683594,202.49000549316406,1086500
2021-07-16,159.7088165283203,203.11000061035156,203.97000122070312,202.22000122070312,202.88999938964844,734800
2021-07-19,158.85955810546875,202.02999877929688,204.36000061035156,200.27999877929688,202.02999877929688,1418600
2021-07-20,159.8424530029297,203.27999877929688,204.6199951171875,202.05999755859375,203.19000244140625,1173200
2021-07-21,158.1282958984375,201.10000610351562,203.5399932861328,200.66000366210938,203.16000366210938,1900800
2021-07-22,150.9964141845703,192.02999877929688,195.0,189.39999389648438,190.92999267578125,3394300
2021-07-23,152.11297607421875,193.4499969482422,194.64999389648438,190.64999389648438,193.1699981689453,2226900
2021-07-26,151.1615447998047,192.24000549316406,193.27999877929688,190.00999450683594,192.9600067138672,1955700
2021-07-27,152.98577880859375,194.55999755859375,194.64999389648438,191.39999389648438,192.52999877929688,1477800
2021-07-28,151.7041015625,192.92999267578125,194.83999633789062,191.91000366210938,194.83999633789062,961400
2021-07-29,151.61761474609375,192.82000732421875,194.32000732421875,190.60000610351562,193.88999938964844,1219900
2021-07-30,151.82992553710938,193.08999633789062,194.92999267578125,192.5399932861328,193.05999755859375,1802800
2021-08-02,151.8456573486328,193.11000061035156,195.1699981689453,192.6999969482422,193.80999755859375,1104900
2021-08-03,153.15090942382812,194.77000427246094,194.94000244140625,192.50999450683594,193.22999572753906,1038500
2021-08-04,153.4418487548828,195.13999938964844,195.72000122070312,192.80999755859375,195.3000030517578,1291800
2021-08-05,152.9071502685547,194.4600067138672,196.0,192.63999938964844,195.97000122070312,1121700
2021-08-06,153.17449951171875,194.8000030517578,195.3800048828125,193.02000427246094,193.2100067138672,1171300
2021-08-09,152.71847534179688,194.22000122070312,195.27999877929688,193.6300048828125,194.6999969482422,874700
2021-08-10,150.16293334960938,190.97000122070312,195.0,190.8699951171875,194.8000030517578,1090900
2021-08-11,150.9335174560547,191.9499969482422,192.7899932861328,191.0,191.85000610351562,910800
2021-08-12,152.00289916992188,193.30999755859375,194.02000427246094,191.52000427246094,192.3300018310547,652300
2021-08-13,153.1587677001953,194.77999877929688,194.91000366210938,193.16000366210938,194.0,778900
2021-08-16,153.3003387451172,194.9600067138672,196.07000732421875,193.89999389648438,195.0,1216400
2021-08-17,154.77859497070312,196.83999633789062,197.66000366210938,194.4499969482422,194.72000122070312,1100500
2021-08-18,152.59263610839844,194.05999755859375,196.5399932861328,193.99000549316406,196.52000427246094,1250800
2021-08-19,155.61996459960938,197.91000366210938,198.41000366210938,193.32000732421875,194.22000122070312,1055600
2021-08-20,155.7300262451172,198.0500030517578,200.38999938964844,196.77999877929688,197.5500030517578,1558000
2021-08-23,154.08663940429688,195.9600067138672,198.72000122070312,195.57000732421875,198.1199951171875,1336000
2021-08-24,151.3895721435547,192.52999877929688,196.1199951171875,192.3000030517578,196.11000061035156,1353900
2021-08-25,149.63607788085938,190.3000030517578,192.5800018310547,189.92999267578125,192.50999450683594,1404300
2021-08-26,149.18788146972656,189.72999572753906,191.7899932861328,189.4499969482422,190.61000061035156,1790300
2021-08-27,150.16293334960938,190.97000122070312,191.27999877929688,189.35000610351562,190.39999389648438,1437600
2021-08-30,151.21658325195312,192.30999755859375,192.75,190.67999267578125,191.02999877929688,1429500
2021-08-31,153.08802795410156,194.69000244140625,194.94000244140625,191.02999877929688,192.1699981689453,2023300
2021-09-01,155.6514129638672,197.9499969482422,198.16000366210938,194.4600067138672,194.8699951171875,1345300
2021-09-02,155.61207580566406,197.89999389648438,198.5,195.57000732421875,198.0399932861328,1454200
2021-09-03,156.08384704589844,198.5,198.63999938964844,194.5399932861328,197.50999450683594,1320700
2021-09-07,153.75636291503906,195.5399932861328,198.5,193.8300018310547,198.5,1472100
2021-09-08,154.5426788330078,196.5399932861328,197.25,193.42999267578125,194.0,1534700
2021-09-09,151.33453369140625,192.4600067138672,196.2899932861328,192.32000732421875,196.02000427246094,1516400
2021-09-10,148.11062622070312,188.36000061035156,191.39999389648438,187.58999633789062,190.85000610351562,2294500
2021-09-13,149.26651000976562,189.8300018310547,191.0800018310547,188.5800018310547,189.75,1812500
2021-09-14,149.8603973388672,189.25,190.82000732421875,188.5500030517578,189.8699951171875,1608200
2021-09-15,149.38528442382812,188.64999389648438,190.52000427246094,188.47999572753906,189.92999267578125,1845400
2021-09-16,149.83670043945312,189.22000122070312,189.86000061035156,186.6999969482422,188.33999633789062,1375700
2021-09-17,149.2981719970703,188.5399932861328,189.83999633789062,187.60000610351562,188.07000732421875,2503100
2021-09-20,148.2371063232422,187.1999969482422,189.4499969482422,185.25999450683594,187.47999572753906,1174100
2021-09-21,148.69635009765625,187.77999877929688,189.52000427246094,187.22000122070312,187.97000122070312,1053400
2021-09-22,148.44297790527344,187.4600067138672,188.8699951171875,187.14999389648438,188.1999969482422,978700
2021-09-23,145.98822021484375,184.36000061035156,187.9199981689453,183.30999755859375,187.4499969482422,1651800
2021-09-24,144.17483520507812,182.07000732421875,184.86000061035156,180.49000549316406,184.0,1622200
2021-09-27,140.3580322265625,177.25,182.0,176.94000244140625,180.8699951171875,2153600
2021-09-28,138.62387084960938,175.05999755859375,176.7899932861328,173.49000549316406,174.8699951171875,2823500
2021-09-29,139.18609619140625,175.77000427246094,176.97000122070312,174.6999969482422,175.7899932861328,1377800
2021-09-30,137.24600219726562,173.32000732421875,176.72000122070312,173.13999938964844,176.38999938964844,1701300
2021-10-01,137.00845336914062,173.02000427246094,174.5800018310547,172.3300018310547,173.8300018310547,1457400
2021-10-04,137.51522827148438,173.66000366210938,174.5800018310547,171.77999877929688,172.35000610351562,1462500
2021-10-05,136.5570831298828,172.4499969482422,174.08999633789062,171.14999389648438,173.8000030517578,1514400
2021-10-06,138.0537109375,174.33999633789062,174.5500030517578,170.27000427246094,171.6999969482422,1250400
2021-10-07,136.87384033203125,172.85000610351562,176.77000427246094,172.58999633789062,175.00999450683594,947200
2021-10-08,134.47451782226562,169.82000732421875,172.74000549316406,169.47000122070312,172.74000549316406,971700
2021-10-11,133.63511657714844,168.75999450683594,170.60000610351562,168.25,169.5399932861328,1202900
2021-10-12,135.09213256835938,170.60000610351562,171.25,168.55999755859375,169.39999389648438,1478700
2021-10-13,134.39529418945312,169.72000122070312,170.36000061035156,166.30999755859375,169.3300018310547,2809700
2021-10-14,135.63059997558594,171.27999877929688,171.9499969482422,169.55999755859375,170.1699981689453,2173400
2021-10-15,133.70639038085938,168.85000610351562,171.92999267578125,167.3699951171875,171.7100067138672,2276400
2021-10-18,132.8828582763672,167.80999755859375,168.9199981689453,166.75,168.60000610351562,1812300
2021-10-19,136.89759826660156,172.8800048828125,173.25,169.49000549316406,170.41000366210938,2788000
2021-10-20,138.57630920410156,175.0,175.17999267578125,172.89999389648438,173.0,2364300
2021-10-21,140.90438842773438,177.94000244140625,178.1199951171875,171.52999877929688,173.14999389648438,2901600
2021-10-22,141.83883666992188,179.1199951171875,179.9499969482422,176.91000366210938,178.0,2834200
2021-10-25,140.6668701171875,177.63999938964844,178.94000244140625,176.3699951171875,178.74000549316406,1898100
2021-10-26,142.59902954101562,180.0800018310547,180.55999755859375,177.66000366210938,178.08999633789062,1519400
2021-10-27,141.14991760253906,178.25,182.41000366210938,177.94000244140625,181.75,2486000
2021-10-28,144.04022216796875,181.89999389648438,182.22000122070312,177.72999572753906,178.4499969482422,2031200
2021-10-29,142.7732391357422,180.3000030517578,182.9499969482422,179.17999267578125,180.5399932861328,2619700
2021-11-01,143.7313690185547,181.50999450683594,181.8699951171875,178.75999450683594,181.02999877929688,1738200
2021-11-02,144.75289916992188,182.8000030517578,183.47999572753906,179.60000610351562,182.0,1750700
2021-11-03,144.84793090820312,182.9199981689453,184.74000549316406,180.91000366210938,183.5500030517578,1334400
2021-11-04,143.3671417236328,181.0500030517578,183.6300048828125,180.41000366210938,183.1699981689453,1343000
2021-11-05,142.63864135742188,180.1300048828125,182.97000122070312,179.8699951171875,181.99000549316406,1373300
2021-11-08,142.5119171142578,179.97000122070312,181.10000610351562,177.16000366210938,180.5800018310547,1525100
2021-11-09,143.20875549316406,180.85000610351562,181.58999633789062,179.61000061035156,180.0,1719200
2021-11-10,142.804931640625,180.33999633789062,182.4199981689453,179.52000427246094,180.85000610351562,1246600
2021-11-11,143.0583038330078,180.66000366210938,180.97000122070312,178.61000061035156,180.5,1323700
2021-11-12,143.1533203125,180.77999877929688,181.52000427246094,180.0500030517578,181.17999267578125,1080300
2021-11-15,144.737060546875,182.77999877929688,182.83999633789062,179.72000122070312,180.6699981689453,1085700
2021-11-16,142.70196533203125,180.2100067138672,184.25999450683594,180.0,183.25999450683594,1453800
2021-11-17,146.25743103027344,184.6999969482422,185.63999938964844,179.8699951171875,180.2100067138672,2011600
2021-11-18,145.172607421875,183.3300018310547,184.91000366210938,181.25,184.74000549316406,1285000
2021-11-19,145.49725341796875,183.74000549316406,185.3699951171875,182.75999450683594,184.64999389648438,1478500
2021-11-22,144.08770751953125,181.9600067138672,184.07000732421875,180.52999877929688,183.75,1369100
2021-11-23,145.44186401367188,183.6699981689453,184.25999450683594,181.36000061035156,181.36000061035156,1188900
2021-11-24,147.8094940185547,186.66000366210938,186.75999450683594,182.3800048828125,184.0399932861328,1035600
2021-11-26,145.30718994140625,183.5,187.83999633789062,183.08999633789062,185.72999572753906,807300
2021-11-29,147.15225219726562,185.8300018310547,187.0,181.8000030517578,183.5,1295100
2021-11-30,143.84225463867188,181.64999389648438,186.3699951171875,181.44000244140625,184.99000549316406,2658700
2021-12-01,142.97909545898438,180.55999755859375,186.07000732421875,180.47000122070312,182.0,1410800
2021-12-02,147.00180053710938,185.63999938964844,187.50999450683594,181.52999877929688,181.85000610351562,1761000
2021-12-03,146.38412475585938,184.86000061035156,186.72999572753906,183.1999969482422,186.02000427246094,1232700
2021-12-06,148.72802734375,187.82000732421875,189.1300048828125,184.82000732421875,185.5399932861328,2042000
2021-12-07,152.15682983398438,192.14999389648438,192.5,188.80999755859375,189.22999572753906,1847900
2021-12-08,151.68170166015625,191.5500030517578,193.77999877929688,190.41000366210938,191.82000732421875,2298200
2021-12-09,150.15338134765625,189.6199951171875,191.8000030517578,188.8300018310547,191.10000610351562,1430600
2021-12-10,152.99623107910156,193.2100067138672,193.52999877929688,188.83999633789062,189.89999389648438,1642500
2021-12-13,157.28811645507812,198.6300048828125,199.25999450683594,193.0,193.0,1676900
2021-12-14,155.4851531982422,194.89999389648438,196.99000549316406,192.66000366210938,196.77000427246094,1629100
2021-12-15,157.16046142578125,197.0,197.66000366210938,194.6699981689453,196.00999450683594,1291400
2021-12-16,159.92872619628906,200.47000122070312,200.97000122070312,196.7100067138672,197.24000549316406,1631200
2021-12-17,160.62281799316406,201.33999633789062,204.14999389648438,199.8000030517578,200.72999572753906,3381400
2021-12-20,161.25302124023438,202.1300048828125,202.63999938964844,198.61000061035156,199.5800018310547,1096500
2021-12-21,158.42092895507812,198.5800018310547,203.8300018310547,197.55999755859375,202.9499969482422,1439500
2021-12-22,159.2187042236328,199.5800018310547,199.83999633789062,198.1300048828125,199.2899932861328,1165100
2021-12-23,159.06712341308594,199.38999938964844,200.64999389648438,198.16000366210938,199.63999938964844,1211000
2021-12-27,163.3431854248047,204.75,204.9199981689453,199.72999572753906,200.57000732421875,920600
2021-12-28,164.57972717285156,206.3000030517578,206.83999633789062,204.0500030517578,204.75,1156000
2021-12-29,165.3774871826172,207.3000030517578,207.72999572753906,204.69000244140625,206.0399932861328,849500
2021-12-30,165.8721160888672,207.9199981689453,208.69000244140625,206.7100067138672,208.0,735500
2021-12-31,166.5262908935547,208.74000549316406,209.8699951171875,207.5399932861328,208.3000030517578,739400
2022-01-03,165.72850036621094,207.74000549316406,209.0,203.77999877929688,209.0,1641800
2022-01-04,161.2689971923828,202.14999389648438,208.25,201.89999389648438,207.13999938964844,1896600
2022-01-05,150.34756469726562,188.4600067138672,198.75,187.8699951171875,198.75,3577200
2022-01-06,153.57049560546875,192.5,193.25,185.25,189.52000427246094,2592500
2022-01-07,155.3495330810547,194.72999572753906,197.22999572753906,191.25999450683594,192.69000244140625,2260900
2022-01-10,152.11058044433594,190.6699981689453,192.61000061035156,188.11000061035156,192.61000061035156,1937300
2022-01-11,149.65347290039062,187.58999633789062,190.9499969482422,185.97999572753906,190.9499969482422,2446600
2022-01-12,151.11334228515625,189.4199981689453,190.75999450683594,187.0,187.4199981689453,2051800
2022-01-13,149.48594665527344,187.3800048828125,190.17999267578125,186.77999877929688,189.52000427246094,1614900
2022-01-14,146.90911865234375,184.14999389648438,187.30999755859375,181.80999755859375,186.9499969482422,1639100
2022-01-18,146.7894744873047,184.0,184.77000427246094,181.2899932861328,182.0,1682700
2022-01-19,146.14329528808594,183.19000244140625,186.8000030517578,183.14999389648438,184.82000732421875,1981200
2022-01-20,144.91470336914062,181.64999389648438,186.30999755859375,181.32000732421875,183.44000244140625,1440700
2022-01-21,145.3933868408203,182.25,185.02000427246094,181.33999633789062,183.0,1413100
2022-01-24,146.47833251953125,183.61000061035156,184.1300048828125,177.8000030517578,181.39999389648438,2102100
2022-01-25,145.33755493164062,182.17999267578125,183.8699951171875,179.77999877929688,181.6300048828125,1459800
2022-01-26,141.12530517578125,176.89999389648438,184.4199981689453,175.80999755859375,183.3000030517578,2469000
2022-01-27,136.87322998046875,171.57000732421875,178.0,170.0800018310547,177.5,2298700
2022-01-28,144.140869140625,180.67999267578125,180.77999877929688,172.07000732421875,175.02000427246094,1934700
2022-01-31,145.60079956054688,182.50999450683594,182.74000549316406,178.75,179.6999969482422,2076200
2022-02-01,144.05311584472656,180.57000732421875,182.85000610351562,178.61000061035156,181.9600067138672,1460400
2022-02-02,146.7894744873047,184.0,184.6300048828125,181.08999633789062,181.49000549316406,1649300
2022-02-03,144.93862915039062,181.67999267578125,183.6300048828125,181.38999938964844,182.8000030517578,990100
2022-02-04,143.83773803710938,180.3000030517578,182.75,178.5,179.61000061035156,1095100
2022-02-07,144.3083953857422,180.88999938964844,182.52000427246094,180.0399932861328,180.5399932861328,1098700
2022-02-08,141.59600830078125,177.49000549316406,181.25999450683594,177.25,180.77999877929688,1840600
2022-02-09,143.31117248535156,179.63999938964844,181.11000061035156,178.57000732421875,179.27999877929688,2814900
2022-02-10,138.05389404296875,173.0500030517578,178.8800048828125,172.44000244140625,177.10000610351562,1877400
2022-02-11,134.7271728515625,168.8800048828125,174.5,167.6699981689453,173.24000549316406,2920000
2022-02-14,133.69012451171875,167.5800018310547,169.8800048828125,166.3000030517578,169.33999633789062,2146100
2022-02-15,132.11053466796875,165.60000610351562,169.42999267578125,164.89999389648438,169.17999267578125,2536400
2022-02-16,131.3686065673828,164.6699981689453,165.97000122070312,163.35000610351562,165.6300048828125,2050200
2022-02-17,130.33148193359375,163.3699951171875,165.1199951171875,163.10000610351562,164.97000122070312,3107000
2022-02-18,129.5098114013672,162.33999633789062,164.83999633789062,161.10000610351562,163.35000610351562,4020700
2022-02-22,130.156005859375,163.14999389648438,164.94000244140625,160.3000030517578,162.3000030517578,2584500
2022-02-23,127.587158203125,159.92999267578125,164.72000122070312,159.8800048828125,163.2899932861328,1920000
2022-02-24,131.6318359375,165.0,165.57000732421875,157.16000366210938,157.7100067138672,2967200
2022-02-25,133.69012451171875,167.5800018310547,167.77999877929688,163.9499969482422,165.69000244140625,1676300
2022-02-28,132.9003143310547,166.58999633789062,167.58999633789062,164.55999755859375,166.66000366210938,3137900
2022-03-01,134.03311157226562,168.00999450683594,169.35000610351562,166.47000122070312,167.60000610351562,1985800
2022-03-02,138.1735382080078,173.1999969482422,174.07000732421875,168.3000030517578,168.3000030517578,3584700
2022-03-03,140.27967834472656,175.83999633789062,176.8699951171875,173.25999450683594,174.10000610351562,1846200
2022-03-04,142.8804473876953,179.10000610351562,180.07000732421875,174.52999877929688,174.66000366210938,1741900
2022-03-07,141.02960205078125,176.77999877929688,179.11000061035156,176.0800018310547,178.1300048828125,2091800
2022-03-08,138.69210815429688,173.85000610351562,179.3000030517578,173.8300018310547,175.80999755859375,1962300
2022-03-09,138.77989196777344,173.9600067138672,177.1300048828125,173.49000549316406,175.94000244140625,1238300
2022-03-10,140.54293823242188,176.1699981689453,176.6300048828125,170.41000366210938,172.0500030517578,1624500
2022-03-11,138.51661682128906,173.6300048828125,179.1999969482422,173.5399932861328,177.30999755859375,1179300
2022-03-14,139.0074005126953,172.77000427246094,173.8800048828125,170.7100067138672,172.75,1435000
2022-03-15,138.99935913085938,172.75999450683594,175.6199951171875,171.69000244140625,174.55999755859375,1855800
2022-03-16,139.51426696777344,173.39999389648438,175.0,170.2100067138672,173.75,1866400
2022-03-17,142.34640502929688,176.9199981689453,177.13999938964844,173.39999389648438,173.39999389648438,1411500
2022-03-18,140.705078125,174.8800048828125,180.0,174.6300048828125,179.85000610351562,3674600
2022-03-21,140.88209533691406,175.10000610351562,176.61000061035156,174.0800018310547,174.57000732421875,2036900
2022-03-22,140.01316833496094,174.02000427246094,175.9499969482422,173.47999572753906,175.08999633789062,1707100
2022-03-23,139.53038024902344,173.4199981689453,175.27000427246094,171.6199951171875,173.6699981689453,1206000
2022-03-24,141.05104064941406,175.30999755859375,175.4199981689453,172.13999938964844,172.97999572753906,1568700
2022-03-25,142.87745666503906,177.5800018310547,177.86000061035156,174.7899932861328,176.4499969482422,1422500
2022-03-28,145.49232482910156,180.8300018310547,180.86000061035156,178.24000549316406,178.27000427246094,1470200
2022-03-29,147.93824768066406,183.8699951171875,184.07000732421875,181.63999938964844,181.63999938964844,1441500
2022-03-30,148.49342346191406,184.55999755859375,184.69000244140625,181.8800048828125,182.94000244140625,1595700
2022-03-31,148.52560424804688,184.60000610351562,187.6699981689453,184.47000122070312,185.0,2602500
2022-04-01,152.09793090820312,189.0399932861328,189.1699981689453,182.92999267578125,185.0500030517578,1292800
2022-04-04,152.13815307617188,189.08999633789062,189.99000549316406,187.33999633789062,189.02999877929688,1216000
2022-04-05,155.37257385253906,193.11000061035156,194.94000244140625,188.41000366210938,188.89999389648438,2250300
2022-04-06,158.9610137939453,197.57000732421875,198.63999938964844,192.4199981689453,192.7100067138672,2160700
2022-04-07,158.1162109375,196.52000427246094,198.5,195.5500030517578,196.67999267578125,2119200
2022-04-08,159.3230438232422,198.02000427246094,198.8000030517578,195.50999450683594,196.49000549316406,1258200
2022-04-11,157.74610900878906,196.05999755859375,199.72000122070312,195.44000244140625,197.8800048828125,1562200
2022-04-12,156.1610870361328,194.08999633789062,195.8000030517578,192.94000244140625,194.80999755859375,1240800
2022-04-13,155.65415954589844,193.4600067138672,194.24000549316406,191.49000549316406,193.97000122070312,1097500
2022-04-14,155.02662658691406,192.67999267578125,194.0399932861328,192.3000030517578,193.7899932861328,1099700
2022-04-18,153.63470458984375,190.9499969482422,193.02999877929688,189.92999267578125,192.47000122070312,1120100
2022-04-19,155.9840545654297,193.8699951171875,194.58999633789062,191.32000732421875,191.77999877929688,1361800
2022-04-20,159.2506561279297,197.92999267578125,198.58999633789062,193.5500030517578,194.11000061035156,1440700
2022-04-21,158.01962280273438,196.39999389648438,199.97000122070312,196.38999938964844,199.11000061035156,1308400
2022-04-22,156.20127868652344,194.13999938964844,196.75999450683594,193.60000610351562,196.75999450683594,1840700
2022-04-25,155.179443359375,192.8699951171875,195.0,190.5,194.8800048828125,1381300
2022-04-26,151.75999450683594,188.6199951171875,194.3800048828125,188.10000610351562,192.94000244140625,1915500
2022-04-27,151.85655212402344,188.74000549316406,191.63999938964844,187.39999389648438,188.8000030517578,1443200
2022-04-28,154.5358428955078,192.07000732421875,192.30999755859375,186.52000427246094,188.97000122070312,1603400
2022-04-29,149.0164031982422,185.2100067138672,191.3300018310547,184.86000061035156,191.3300018310547,1827700
2022-05-02,145.48428344726562,180.82000732421875,186.74000549316406,177.58999633789062,186.4600067138672,1612600
2022-05-03,147.8094940185547,183.7100067138672,185.74000549316406,180.9499969482422,182.02000427246094,1347900
2022-05-04,148.39686584472656,184.44000244140625,185.25,181.1199951171875,184.02999877929688,1936200
2022-05-05,146.10382080078125,181.58999633789062,184.97000122070312,179.88999938964844,183.8300018310547,1393400
2022-05-06,146.9164276123047,182.60000610351562,182.77000427246094,179.11000061035156,180.19000244140625,1876900
2022-05-09,141.1073760986328,175.3800048828125,181.47000122070312,174.74000549316406,181.3699951171875,1934600
2022-05-10,137.0120391845703,170.2899932861328,177.72999572753906,169.0500030517578,176.85000610351562,1747000
2022-05-11,137.34193420410156,170.6999969482422,173.3800048828125,170.4199981689453,170.86000061035156,1593200
2022-05-12,138.4281005859375,172.0500030517578,172.66000366210938,169.27999877929688,170.7899932861328,1439800
2022-05-13,142.00045776367188,176.49000549316406,176.5399932861328,172.0800018310547,173.80999755859375,1855000
2022-05-16,141.35679626464844,175.69000244140625,177.6699981689453,175.10000610351562,176.1199951171875,1690600
2022-05-17,142.24989318847656,176.8000030517578,177.2899932861328,173.36000061035156,177.08999633789062,1675600
2022-05-18,141.17172241210938,175.4600067138672,177.52000427246094,174.75,176.9600067138672,1634200
2022-05-19,143.52108764648438,178.3800048828125,179.52999877929688,174.16000366210938,174.60000610351562,1751300
2022-05-20,146.59461975097656,182.1999969482422,182.94000244140625,178.32000732421875,179.89999389648438,1501800
2022-05-23,149.0164031982422,185.2100067138672,185.67999267578125,182.1300048828125,183.94000244140625,1384500
2022-05-24,154.16567993164062,191.61000061035156,192.16000366210938,184.07000732421875,185.10000610351562,1447400
2022-05-25,153.01513671875,190.17999267578125,191.49000549316406,187.0500030517578,189.0500030517578,1606100
2022-05-26,150.88304138183594,187.52999877929688,191.80999755859375,186.41000366210938,191.0,1106600
2022-05-27,155.59783935546875,193.38999938964844,193.9499969482422,187.27000427246094,188.63999938964844,1326000
2022-05-31,152.5886993408203,189.64999389648438,191.58999633789062,188.08999633789062,190.38999938964844,2354900
2022-06-01,151.3336181640625,188.08999633789062,190.05999755859375,186.66000366210938,190.05999755859375,1056000
2022-06-02,150.62554931640625,187.2100067138672,187.25999450683594,176.1199951171875,184.30999755859375,2695500
2022-06-03,147.2704315185547,183.0399932861328,186.58999633789062,182.77000427246094,185.6999969482422,1775700
2022-06-06,148.67042541503906,184.77999877929688,186.10000610351562,182.7899932861328,184.30999755859375,1295600
2022-06-07,149.61984252929688,185.9600067138672,186.0500030517578,180.75,183.89999389648438,2158500
2022-06-08,148.40489196777344,184.4499969482422,187.72999572753906,183.69000244140625,183.75999450683594,1274900
2022-06-09,144.52685546875,179.6300048828125,185.8300018310547,179.3699951171875,183.5,1381400
2022-06-10,138.9108428955078,172.64999389648438,177.61000061035156,172.52000427246094,177.0800018310547,1879100
2022-06-13,133.5925750732422,166.0399932861328,171.6999969482422,165.25,169.16000366210938,1733800
2022-06-14,128.1943359375,157.9199981689453,165.11000061035156,157.19000244140625,164.5,3224600
2022-06-15,130.08575439453125,160.25,163.10000610351562,157.8000030517578,160.35000610351562,2949700
2022-06-16,125.81583404541016,154.99000549316406,158.16000366210938,153.6999969482422,156.5800018310547,2080700
2022-06-17,126.75752258300781,156.14999389648438,158.99000549316406,155.1300048828125,156.72000122070312,3134600
2022-06-21,131.47389221191406,161.9600067138672,162.77999877929688,157.0,157.00999450683594,2265300
2022-06-22,136.4337921142578,168.07000732421875,171.5,161.00999450683594,161.3300018310547,2495800
2022-06-23,139.28306579589844,171.5800018310547,172.47999572753906,168.4199981689453,168.83999633789062,1608100
2022-06-24,142.0511932373047,174.99000549316406,175.6699981689453,169.35000610351562,172.8000030517578,2245100
2022-06-27,140.8092041015625,173.4600067138672,176.3800048828125,172.9499969482422,174.52999877929688,1412700
2022-06-28,136.85589599609375,168.58999633789062,174.14999389648438,167.8699951171875,174.00999450683594,1976600
2022-06-29,135.8168182373047,167.30999755859375,168.1999969482422,163.11000061035156,165.66000366210938,1988000
2022-06-30,136.68544006347656,168.3800048828125,170.36000061035156,167.27000427246094,168.77999877929688,2245900
2022-07-01,139.91624450683594,172.36000061035156,172.83999633789062,167.32000732421875,167.72999572753906,1505700
2022-07-05,139.24249267578125,171.52999877929688,171.66000366210938,167.14999389648438,171.41000366210938,1525500
2022-07-06,139.43728637695312,171.77000427246094,174.72000122070312,171.5399932861328,172.7899932861328,1288100
2022-07-07,139.331787109375,171.63999938964844,173.6699981689453,170.2899932861328,171.9199981689453,1176700
2022-07-08,139.13694763183594,171.39999389648438,172.58999633789062,169.75,170.75,1027300
2022-07-11,139.83506774902344,172.25999450683594,172.5500030517578,168.47999572753906,170.94000244140625,1720000
2022-07-12,138.7635498046875,170.94000244140625,173.44000244140625,170.00999450683594,171.22000122070312,1410800
2022-07-13,138.7392120361328,170.91000366210938,172.52000427246094,168.4600067138672,168.8800048828125,1023500
2022-07-14,138.82847595214844,171.02000427246094,171.4499969482422,168.11000061035156,168.32000732421875,1269600
2022-07-15,140.76046752929688,173.39999389648438,175.11000061035156,172.05999755859375,172.94000244140625,1558700
2022-07-18,138.1060028076172,170.1300048828125,173.75999450683594,169.61000061035156,173.5800018310547,1702200
2022-07-19,140.8660125732422,173.52999877929688,173.6199951171875,170.11000061035156,171.30999755859375,1580000
2022-07-20,138.43075561523438,170.52999877929688,174.64999389648438,170.39999389648438,173.02000427246094,1820300
2022-07-21,140.4438934326172,173.00999450683594,174.72999572753906,168.6300048828125,171.61000061035156,1563800
2022-07-22,140.3220977783203,172.86000061035156,175.0500030517578,170.88999938964844,173.82000732421875,1050800
2022-07-25,139.21812438964844,171.5,172.66000366210938,169.91000366210938,172.3800048828125,1116300
2022-07-26,141.7508544921875,174.6199951171875,174.88999938964844,171.08999633789062,171.36000061035156,1254700
2022-07-27,140.87413024902344,173.5399932861328,175.0800018310547,171.82000732421875,174.33999633789062,1081000
2022-07-28,147.10040283203125,181.2100067138672,181.47999572753906,174.52000427246094,174.80999755859375,1431800
2022-07-29,146.6539306640625,180.66000366210938,182.2100067138672,179.60000610351562,181.52000427246094,1482500
2022-08-01,146.0938262939453,179.97000122070312,180.9600067138672,178.07000732421875,180.10000610351562,1043100
2022-08-02,144.3728485107422,177.85000610351562,181.64999389648438,177.5800018310547,179.6699981689453,1581000
2022-08-03,144.90049743652344,178.5,179.6699981689453,177.3000030517578,178.52999877929688,901500
2022-08-04,144.77874755859375,178.35000610351562,179.58999633789062,177.3000030517578,178.57000732421875,1081800
2022-08-05,144.81932067871094,178.39999389648438,178.44000244140625,175.1999969482422,176.97000122070312,879800
2022-08-08,145.50120544433594,179.24000549316406,182.3800048828125,177.99000549316406,180.55999755859375,1246500
2022-08-09,146.00450134277344,179.86000061035156,180.66000366210938,178.83999633789062,179.38999938964844,988300
2022-08-10,147.57933044433594,181.8000030517578,182.39999389648438,179.5,182.39999389648438,1274200
2022-08-11,145.208984375,178.8800048828125,182.3000030517578,178.1999969482422,182.3000030517578,1315300
2022-08-12,147.4818878173828,181.67999267578125,181.8300018310547,179.0399932861328,179.97000122070312,1091000
2022-08-15,149.47889709472656,184.13999938964844,184.9199981689453,181.8000030517578,182.02999877929688,1314200
2022-08-16,147.99334716796875,182.30999755859375,184.3300018310547,181.69000244140625,182.94000244140625,779000
2022-08-17,147.31146240234375,181.47000122070312,182.91000366210938,180.3300018310547,180.42999267578125,789300
2022-08-18,146.97047424316406,181.0500030517578,182.60000610351562,179.58999633789062,182.02000427246094,771500
2022-08-19,146.23179626464844,180.13999938964844,181.9600067138672,179.3300018310547,180.55999755859375,980300
2022-08-22,143.68284606933594,177.0,180.1300048828125,176.52000427246094,179.0,999400
2022-08-23,140.5250701904297,173.11000061035156,176.6699981689453,172.77999877929688,176.6699981689453,1244400
2022-08-24,141.92945861816406,174.83999633789062,175.5500030517578,173.00999450683594,173.32000732421875,1241900
2022-08-25,144.02377319335938,177.4199981689453,177.5500030517578,173.5,175.75,1331200
2022-08-26,140.7686004638672,173.41000366210938,177.97999572753906,173.2899932861328,177.33999633789062,1384500
2022-08-29,140.8010711669922,173.4499969482422,175.5399932861328,171.25,172.47000122070312,1069800
2022-08-30,138.13845825195312,170.1699981689453,174.25999450683594,169.42999267578125,174.25999450683594,1043800
2022-08-31,138.67425537109375,170.8300018310547,172.82000732421875,170.3699951171875,171.2899932861328,2380800
2022-09-01,139.62399291992188,172.0,172.0800018310547,169.24000549316406,170.13999938964844,1497900
2022-09-02,136.18209838867188,167.75999450683594,173.30999755859375,167.38999938964844,173.14999389648438,1584800
2022-09-06,137.3754119873047,169.22999572753906,171.6699981689453,167.27000427246094,167.27000427246094,1610000
2022-09-07,140.98776245117188,173.67999267578125,173.97999572753906,169.5,170.07000732421875,1611000
2022-09-08,141.4342498779297,174.22999572753906,174.58999633789062,172.02000427246094,172.74000549316406,1629700
2022-09-09,141.6940155029297,174.5500030517578,175.97999572753906,172.60000610351562,174.2100067138672,1555900
2022-09-12,143.5448455810547,176.8300018310547,177.77999877929688,174.9600067138672,175.3699951171875,1273300
2022-09-13,137.2942657470703,169.1300048828125,174.97000122070312,168.33999633789062,173.97000122070312,1551500
2022-09-14,136.34434509277344,166.5,167.86000061035156,165.02999877929688,166.22999572753906,1574800
2022-09-15,132.33181762695312,161.60000610351562,166.5,160.25999450683594,166.35000610351562,1730900
2022-09-16,133.6584014892578,163.22000122070312,163.74000549316406,161.08999633789062,162.6699981689453,2378500
2022-09-19,133.8221435546875,163.4199981689453,163.63999938964844,159.94000244140625,162.00999450683594,1443700
2022-09-20,132.11888122558594,161.33999633789062,162.22999572753906,159.7899932861328,162.13999938964844,2107100
2022-09-21,129.70318603515625,158.38999938964844,164.22999572753906,158.32000732421875,162.61000061035156,1697100
2022-09-22,128.6386260986328,157.08999633789062,159.0399932861328,156.13999938964844,157.4600067138672,1786100
2022-09-23,125.82989501953125,153.66000366210938,155.8800048828125,151.94000244140625,155.61000061035156,1587300
2022-09-26,123.45508575439453,150.75999450683594,153.4499969482422,148.30999755859375,152.4499969482422,2134900
2022-09-27,121.30961608886719,148.13999938964844,153.41000366210938,147.89999389648438,151.67999267578125,1622500
2022-09-28,122.89006805419922,150.07000732421875,150.91000366210938,147.85000610351562,149.8300018310547,1958300
2022-09-29,118.12413787841797,144.25,149.11000061035156,143.3699951171875,148.6699981689453,2217300
2022-09-30,118.36981964111328,144.5500030517578,146.2899932861328,143.17999267578125,145.69000244140625,2517900
2022-10-03,120.95748901367188,147.7100067138672,148.4199981689453,144.27999877929688,146.32000732421875,1688200
2022-10-04,123.12752532958984,150.36000061035156,152.6999969482422,148.72000122070312,148.8800048828125,1724700
2022-10-05,119.36885070800781,145.77000427246094,148.41000366210938,143.39999389648438,148.16000366210938,1846500
2022-10-06,112.76045227050781,137.6999969482422,145.7899932861328,137.3300018310547,145.7899932861328,2627300
2022-10-07,110.01720428466797,134.35000610351562,137.83999633789062,133.47999572753906,136.47000122070312,2436700
2022-10-10,108.60871124267578,132.6300048828125,136.07000732421875,131.99000549316406,134.35000610351562,1854700
2022-10-11,108.52681732177734,132.52999877929688,133.91000366210938,129.38999938964844,132.13999938964844,2596000
2022-10-12,105.66072082519531,129.02999877929688,132.1699981689453,127.70999908447266,132.1699981689453,2759300
2022-10-13,107.37218475341797,131.1199951171875,131.89999389648438,124.81999969482422,126.3499984741211,2976100
2022-10-14,104.5306625366211,127.6500015258789,133.7899932861328,127.43000030517578,133.2899932861328,2449100
2022-10-17,108.88712310791016,132.97000122070312,134.11000061035156,129.38999938964844,129.88999938964844,2436000
2022-10-18,109.2228775024414,133.3800048828125,135.8000030517578,132.0500030517578,134.97000122070312,3189400
2022-10-19,107.02825927734375,130.6999969482422,133.77999877929688,130.32000732421875,131.72999572753906,2576800
2022-10-20,103.8346176147461,126.80000305175781,129.60000610351562,124.36000061035156,125.80000305175781,4425600
2022-10-21,101.20597839355469,123.58999633789062,127.70999908447266,122.9000015258789,127.70999908447266,5311200
2022-10-24,100.27246856689453,122.44999694824219,126.1500015258789,121.70999908447266,124.30999755859375,3355800
2022-10-25,103.53163146972656,126.43000030517578,127.04000091552734,123.5199966430664,124.6500015258789,5489800
2022-10-26,105.07110595703125,128.30999755859375,129.3699951171875,126.0199966430664,126.16999816894531,3500600
2022-10-27,104.81725311279297,128.0,129.5,126.36000061035156,129.5,3095200
2022-10-28,108.50225067138672,132.5,133.58999633789062,127.5,127.55000305175781,2973300
2022-10-31,109.12459564208984,133.25999450683594,133.6300048828125,129.75,130.82000732421875,3297200
2022-11-01,108.30570983886719,132.25999450683594,135.6999969482422,131.47999572753906,134.57000732421875,2768400
2022-11-02,105.50513458251953,128.83999633789062,133.0,128.61000061035156,131.60000610351562,2718500
2022-11-03,105.89820098876953,129.32000732421875,130.2899932861328,126.75,127.41999816894531,2224300
2022-11-04,106.4959716796875,130.0500030517578,130.63999938964844,127.55000305175781,130.13999938964844,2136500
2022-11-07,106.3239974975586,129.83999633789062,131.17999267578125,129.11000061035156,130.61000061035156,2454900
2022-11-08,106.30765533447266,129.82000732421875,131.02999877929688,129.02000427246094,129.75,2581600
2022-11-09,104.5306625366211,127.6500015258789,131.36000061035156,127.36000061035156,130.0,1558200
2022-11-10,113.54659271240234,138.66000366210938,139.10000610351562,132.6699981689453,133.6699981689453,3264000
2022-11-11,115.02875518798828,140.47000122070312,141.77000427246094,138.1300048828125,138.6300048828125,2717700
2022-11-14,110.63954162597656,135.11000061035156,140.05999755859375,135.0800018310547,140.0500030517578,2028100
2022-11-15,111.36832427978516,136.0,138.75999450683594,135.0,138.08999633789062,2057400
2022-11-16,111.04900360107422,135.61000061035156,137.27999877929688,135.0500030517578,135.8300018310547,2472500
2022-11-17,109.41938781738281,133.6199951171875,135.0800018310547,132.22000122070312,133.83999633789062,1950400
2022-11-18,111.23734283447266,135.83999633789062,136.02999877929688,133.82000732421875,134.5800018310547,1874300
2022-11-21,113.91506958007812,139.11000061035156,139.4499969482422,135.75,135.75999450683594,2105800
2022-11-22,113.91506958007812,139.11000061035156,139.5800018310547,137.6300048828125,139.44000244140625,2331500
2022-11-23,114.7421646118164,140.1199951171875,140.75999450683594,138.52999877929688,139.07000732421875,1273100
2022-11-25,115.61836242675781,141.19000244140625,142.27999877929688,140.44000244140625,141.36000061035156,1003500
2022-11-28,112.61305236816406,137.52000427246094,141.25999450683594,136.7899932861328,140.3300018310547,2629100
2022-11-29,113.91506958007812,139.11000061035156,139.47999572753906,137.1999969482422,137.60000610351562,1789500
2022-11-30,115.81488037109375,141.42999267578125,141.60000610351562,137.47000122070312,138.41000366210938,5632400
2022-12-01,116.04417419433594,141.7100067138672,145.32000732421875,140.8300018310547,143.47000122070312,1718700
2022-12-02,114.78308868408203,140.1699981689453,140.9199981689453,137.72999572753906,140.22000122070312,1734400
2022-12-05,113.51383972167969,138.6199951171875,139.42999267578125,136.97999572753906,138.47000122070312,2051200
2022-12-06,112.40833282470703,137.27000427246094,138.97999572753906,136.60000610351562,138.75999450683594,1691200
2022-12-07,113.5957260131836,138.72000122070312,140.11000061035156,136.60000610351562,136.60000610351562,1947500
2022-12-08,113.99698638916016,139.2100067138672,140.3300018310547,137.77999877929688,138.69000244140625,1914300
2022-12-09,114.49649047851562,139.82000732421875,142.07000732421875,138.88999938964844,139.32000732421875,2415400
2022-12-12,115.24166870117188,140.72999572753906,140.8699951171875,138.69000244140625,140.52000427246094,3033400
2022-12-13,118.7137451171875,144.97000122070312,148.55999755859375,143.4600067138672,145.66000366210938,2895400
2022-12-14,113.80889129638672,137.47999572753906,143.35000610351562,137.35000610351562,142.97999572753906,3730900
2022-12-15,114.2393569946289,138.0,139.49000549316406,135.61000061035156,136.1199951171875,2844800
2022-12-16,111.56550598144531,134.77000427246094,136.88999938964844,132.02000427246094,136.07000732421875,4387700
2022-12-19,110.27411651611328,133.2100067138672,135.22999572753906,132.0399932861328,134.3300018310547,1842100
2022-12-20,110.7707748413086,133.80999755859375,134.42999267578125,131.30999755859375,132.4199981689453,2315600
2022-12-21,111.34200286865234,134.5,136.3699951171875,133.77999877929688,135.4199981689453,2338300
2022-12-22,112.25259399414062,135.60000610351562,136.10000610351562,133.08999633789062,133.8699951171875,2563300
2022-12-23,113.39498138427734,136.97999572753906,137.02000427246094,134.9499969482422,135.17999267578125,978400
2022-12-27,113.35360717773438,136.92999267578125,137.4199981689453,134.83999633789062,136.83999633789062,1131400
2022-12-28,111.64000701904297,134.86000061035156,138.5500030517578,134.72000122070312,137.55999755859375,1317700
2022-12-29,114.57878112792969,138.41000366210938,138.67999267578125,134.72000122070312,135.97999572753906,1612400
2022-12-30,112.28571319580078,135.63999938964844,137.97999572753906,133.89999389648438,137.64999389648438,1401500
2023-01-03,114.49600219726562,138.30999755859375,138.67999267578125,135.6300048828125,136.91000366210938,1994700
2023-01-04,118.6682357788086,143.35000610351562,144.4499969482422,138.99000549316406,139.3000030517578,2150200
2023-01-05,116.51589965820312,140.75,143.0,140.1300048828125,141.8000030517578,2230500
2023-01-06,120.62187957763672,145.7100067138672,146.4199981689453,140.52999877929688,141.75999450683594,1923800
2023-01-09,120.34868621826172,145.3800048828125,146.9600067138672,145.33999633789062,146.30999755859375,2208600
2023-01-10,121.77256774902344,147.10000610351562,147.17999267578125,144.27999877929688,145.0,1555400
2023-01-11,125.48947143554688,151.58999633789062,151.88999938964844,148.5800018310547,148.91000366210938,2499900
2023-01-12,125.20799255371094,151.25,152.00999450683594,147.10000610351562,148.30999755859375,2337200
2023-01-13,124.88514709472656,150.86000061035156,151.75,149.22999572753906,149.89999389648438,1513900
2023-01-17,124.42984771728516,150.30999755859375,151.5,149.14999389648438,150.92999267578125,2245600
2023-01-18,120.2410659790039,145.25,151.35000610351562,144.85000610351562,151.0,2382300
2023-01-19,120.23280334472656,145.24000549316406,147.5399932861328,144.10000610351562,144.64999389648438,2135800
2023-01-20,122.61691284179688,148.1199951171875,148.33999633789062,142.52000427246094,144.83999633789062,2159900
2023-01-23,119.85198974609375,144.77999877929688,147.86000061035156,144.77000427246094,147.8000030517578,2038200
2023-01-24,120.2907485961914,145.30999755859375,146.5,144.5,144.64999389648438,1658300
2023-01-25,120.4231948852539,145.47000122070312,146.6699981689453,144.1699981689453,145.11000061035156,1669700
2023-01-26,122.62519836425781,148.1300048828125,148.47999572753906,144.52000427246094,146.67999267578125,1608100
2023-01-27,120.91990661621094,146.07000732421875,147.9499969482422,144.6699981689453,147.9499969482422,1581400
2023-01-30,119.82716369628906,144.75,147.97000122070312,144.6699981689453,145.0,1767200
2023-01-31,122.60865020751953,148.11000061035156,148.11000061035156,144.47000122070312,144.85000610351562,3946300
2023-02-01,123.43647003173828,149.11000061035156,150.19000244140625,144.91000366210938,147.13999938964844,1801700
2023-02-02,126.27588653564453,152.5399932861328,153.97999572753906,150.14999389648438,150.8699951171875,1624600
2023-02-03,120.83709716796875,145.97000122070312,150.6300048828125,143.6999969482422,150.6300048828125,2617000
2023-02-06,120.66325378417969,145.75999450683594,146.1999969482422,142.52000427246094,143.82000732421875,1882000
2023-02-07,120.09207916259766,145.07000732421875,145.67999267578125,142.33999633789062,145.17999267578125,1478400
2023-02-08,118.72616577148438,143.4199981689453,144.50999450683594,142.3800048828125,144.30999755859375,1507500
2023-02-09,116.72283935546875,141.0,145.13999938964844,140.77999877929688,144.47000122070312,1654800
2023-02-10,117.13675689697266,141.5,142.0,139.33999633789062,140.08999633789062,1630100
2023-02-13,117.33541870117188,141.74000549316406,142.85000610351562,140.44000244140625,141.86000061035156,1605600
2023-02-14,115.10029602050781,139.0399932861328,142.0,138.83999633789062,141.0,1512000
2023-02-15,116.00263977050781,140.1300048828125,140.19000244140625,137.47000122070312,138.1300048828125,1831000
2023-02-16,115.69633483886719,139.75999450683594,140.94000244140625,137.24000549316406,137.97000122070312,1649200
2023-02-17,116.45791625976562,140.67999267578125,141.0399932861328,137.8300018310547,139.75999450683594,1659100
2023-02-21,113.13008880615234,136.66000366210938,140.3699951171875,135.72000122070312,139.1300048828125,1640900
2023-02-22,111.1102066040039,134.22000122070312,137.4499969482422,133.4600067138672,137.05999755859375,1727700
2023-02-23,111.143310546875,134.25999450683594,136.41000366210938,133.4600067138672,135.22000122070312,1697400
2023-02-24,108.57707977294922,131.16000366210938,133.44000244140625,130.2100067138672,133.44000244140625,2045600
2023-02-27,108.98269653320312,131.64999389648438,133.75,130.61000061035156,133.02000427246094,1854000
2023-02-28,108.23764038085938,130.75,132.17999267578125,130.35000610351562,131.3699951171875,1687200
2023-03-01,106.755859375,128.9600067138672,130.60000610351562,128.2100067138672,130.07000732421875,2021800
2023-03-02,107.04560089111328,129.30999755859375,129.67999267578125,127.55999755859375,128.24000549316406,1971500
2023-03-03,108.86679077148438,131.50999450683594,131.97000122070312,129.8800048828125,130.33999633789062,2064100
2023-03-06,107.73271179199219,130.13999938964844,132.25999450683594,129.91000366210938,132.14999389648438,1603900
2023-03-07,104.73597717285156,126.5199966430664,130.2100067138672,125.79000091552734,130.0,2368200
2023-03-08,107.64989471435547,130.0399932861328,131.5,126.37999725341797,126.37999725341797,2650100
2023-03-09,105.84526062011719,127.86000061035156,131.32000732421875,127.30999755859375,130.16000366210938,1901400
2023-03-10,105.03400421142578,126.87999725341797,128.5399932861328,125.80999755859375,127.77999877929688,2215900
2023-03-13,108.09693145751953,130.5800018310547,133.22999572753906,126.44999694824219,126.7699966430664,2447700
2023-03-14,109.8857650756836,131.14999389648438,131.77999877929688,128.22000122070312,130.97999572753906,2765000
2023-03-15,111.17607879638672,132.69000244140625,133.55999755859375,129.6699981689453,130.10000610351562,2746700
2023-03-16,111.03364562988281,132.52000427246094,134.0800018310547,130.57000732421875,132.27999877929688,2261900
2023-03-17,109.14006805419922,130.25999450683594,133.6699981689453,129.5800018310547,132.3300018310547,3556700
2023-03-20,109.96118927001953,131.24000549316406,132.10000610351562,129.6999969482422,130.00999450683594,1885500
2023-03-21,108.49492645263672,129.49000549316406,131.38999938964844,127.58999633789062,131.27000427246094,1890000
2023-03-22,105.63780212402344,126.08000183105469,130.14999389648438,126.0,128.3300018310547,2074200
2023-03-23,103.6855697631836,123.75,127.55000305175781,123.62000274658203,126.26000213623047,3191200
2023-03-24,108.46979522705078,129.4600067138672,129.52999877929688,122.75,123.45999908447266,2784000
2023-03-27,106.80244445800781,127.47000122070312,130.6199951171875,127.20999908447266,129.92999267578125,1745300
2023-03-28,106.8191909790039,127.48999786376953,128.00999450683594,126.19999694824219,126.55999755859375,1258800
2023-03-29,109.7349624633789,130.97000122070312,131.0,128.58999633789062,128.58999633789062,1838000
2023-03-30,111.04203033447266,132.52999877929688,133.11000061035156,131.4499969482422,132.9499969482422,1299500
2023-03-31,112.13960266113281,133.83999633789062,133.9600067138672,131.86000061035156,132.7100067138672,2379800
2023-04-03,110.78229522705078,132.22000122070312,133.1300048828125,131.3800048828125,132.5800018310547,1863100
2023-04-04,112.01395416259766,133.69000244140625,133.80999755859375,131.75,132.5,1539800
2023-04-05,112.0390853881836,133.72000122070312,136.2899932861328,133.4199981689453,134.0,2007300
2023-04-06,112.6255874633789,134.4199981689453,135.27999877929688,133.33999633789062,134.6699981689453,1149600
2023-04-10,112.2904281616211,134.02000427246094,134.35000610351562,132.05999755859375,133.3699951171875,1312200
2023-04-11,112.70098114013672,134.50999450683594,135.47999572753906,133.0399932861328,134.24000549316406,1574400
2023-04-12,112.06423950195312,133.75,136.07000732421875,133.13999938964844,135.8699951171875,1924100
2023-04-13,112.21504211425781,133.92999267578125,134.5,132.8699951171875,133.66000366210938,1469500
2023-04-14,108.31058502197266,129.27000427246094,134.22000122070312,128.27999877929688,134.05999755859375,1895500
2023-04-17,110.74877166748047,132.17999267578125,132.64999389648438,129.07000732421875,129.6199951171875,1800000
2023-04-18,110.93310546875,132.39999389648438,132.44000244140625,130.57000732421875,131.69000244140625,1642100
2023-04-19,111.89665222167969,133.5500030517578,134.08999633789062,131.16000366210938,131.50999450683594,1885000
2023-04-20,106.3499984741211,126.93000030517578,131.42999267578125,126.19000244140625,131.42999267578125,3631300
2023-04-21,105.545654296875,125.97000122070312,127.41000366210938,124.55000305175781,127.0199966430664,3102200
2023-04-24,104.29722595214844,124.4800033569336,128.27000427246094,123.9800033569336,127.29000091552734,2328100
2023-04-25,102.41204833984375,122.2300033569336,125.41000366210938,122.0,124.44000244140625,2024200
2023-04-26,100.66090393066406,120.13999938964844,123.0,119.81999969482422,122.0,1976500
2023-04-27,103.03206634521484,122.97000122070312,123.41999816894531,120.2300033569336,120.2300033569336,2133100
2023-04-28,103.1325912475586,123.08999633789062,123.79000091552734,121.6500015258789,122.75,2241400
2023-05-01,102.25284576416016,122.04000091552734,123.30999755859375,121.47000122070312,122.69000244140625,2061000
2023-05-02,99.30355834960938,118.5199966430664,122.97000122070312,117.95999908447266,122.11000061035156,2437900
2023-05-03,98.75057220458984,117.86000061035156,120.37000274658203,117.58000183105469,118.94000244140625,2398900
2023-05-04,98.53271484375,117.5999984741211,119.33999633789062,116.76000213623047,117.9800033569336,2870600
2023-05-05,99.28680419921875,118.5,119.19999694824219,117.13999938964844,118.11000061035156,2382300
2023-05-08,97.50215148925781,116.37000274658203,118.83000183105469,115.66999816894531,117.94999694824219,1854500
2023-05-09,98.07190704345703,117.05000305175781,117.45999908447266,114.43000030517578,115.62000274658203,1782700
2023-05-10,99.6638412475586,118.94999694824219,119.5999984741211,117.79000091552734,117.81999969482422,2139800
2023-05-11,97.77027130126953,116.69000244140625,118.5199966430664,115.26000213623047,117.97000122070312,2053500
2023-05-12,97.77027130126953,116.69000244140625,117.62000274658203,115.48999786376953,116.77999877929688,2336200
2023-05-15,95.4326400756836,113.9000015258789,117.44999694824219,113.37999725341797,116.93000030517578,2422200
2023-05-16,93.37987518310547,111.44999694824219,114.19000244140625,111.3499984741211,113.9000015258789,1880900
2023-05-17,95.8934555053711,114.44999694824219,114.5999984741211,111.38999938964844,111.79000091552734,2528800
2023-05-18,95.50804901123047,113.98999786376953,114.55000305175781,112.51000213623047,114.02999877929688,2628300
2023-05-19,94.74559020996094,113.08000183105469,114.93000030517578,112.79000091552734,114.52999877929688,1371800
2023-05-22,96.40455627441406,115.05999755859375,115.94999694824219,113.36000061035156,113.52999877929688,1816600
2023-05-23,94.64505004882812,112.95999908447266,115.75,112.86000061035156,114.61000061035156,2140300
2023-05-24,92.93579864501953,110.91999816894531,113.73999786376953,110.83000183105469,113.11000061035156,1793300
2023-05-25,94.05854797363281,112.26000213623047,113.45999908447266,110.22000122070312,111.01000213623047,3581700
2023-05-26,93.63961029052734,111.76000213623047,112.66000366210938,111.13999938964844,112.58000183105469,2119300
2023-05-30,94.01665496826172,112.20999908447266,114.93000030517578,111.62000274658203,112.66999816894531,2130800
2023-05-31,94.85449981689453,113.20999908447266,113.58000183105469,111.0,111.73999786376953,8181000
2023-06-01,93.9747543334961,112.16000366210938,113.63999938964844,112.05999755859375,112.93000030517578,2534600
2023-06-02,95.51641082763672,114.0,114.66000366210938,113.19000244140625,113.61000061035156,3240800
2023-06-05,94.510986328125,112.80000305175781,115.19000244140625,112.69999694824219,114.33000183105469,1992100
2023-06-06,94.67017364501953,112.98999786376953,113.68000030517578,111.08999633789062,113.12000274658203,1853900
2023-06-07,96.27888488769531,114.91000366210938,115.05000305175781,112.01000213623047,113.48999786376953,1782600
2023-06-08,96.823486328125,115.55999755859375,115.73999786376953,113.38999938964844,114.26000213623047,2690300
2023-06-09,95.48290252685547,113.95999908447266,115.83999633789062,112.41999816894531,115.83999633789062,1921400
2023-06-12,96.48833465576172,115.16000366210938,115.31999969482422,113.30000305175781,114.62999725341797,1956500
2023-06-13,96.85699462890625,115.5999984741211,115.87999725341797,113.95999908447266,115.0,3235800
2023-06-14,97.17552185058594,114.41000366210938,115.66999816894531,113.66000366210938,114.58999633789062,1618600
2023-06-15,99.28192901611328,116.88999938964844,117.20999908447266,113.94999694824219,114.41999816894531,1984800
2023-06-16,97.34537506103516,114.61000061035156,117.0,114.41999816894531,115.70999908447266,3983600
2023-06-20,95.51074981689453,112.44999694824219,114.4000015258789,112.23999786376953,114.12000274658203,2341600
2023-06-21,95.26445770263672,112.16000366210938,112.55000305175781,110.62999725341797,111.80000305175781,1835900
2023-06-22,93.13255310058594,109.6500015258789,111.6500015258789,107.62000274658203,111.6500015258789,5884100
2023-06-23,92.95417785644531,109.44000244140625,111.44999694824219,109.0,109.69999694824219,8885700
2023-06-26,94.10082244873047,110.79000091552734,111.06999969482422,108.3499984741211,109.05000305175781,5610700
2023-06-27,94.5849609375,111.36000061035156,112.06999969482422,110.25,111.19999694824219,4194500
2023-06-28,96.47053527832031,113.58000183105469,113.62000274658203,109.55000305175781,111.22000122070312,5070300
2023-06-29,96.89521789550781,114.08000183105469,114.08999633789062,112.16000366210938,112.86000061035156,2825000
2023-06-30,96.77630615234375,113.94000244140625,115.33999633789062,112.37999725341797,114.98999786376953,3495800
2023-07-03,98.07584381103516,115.47000122070312,116.05999755859375,113.37999725341797,113.88999938964844,1154000
2023-07-05,100.11432647705078,117.87000274658203,118.08000183105469,114.91000366210938,115.30000305175781,2260300
2023-07-06,99.10357666015625,116.68000030517578,117.54000091552734,115.8499984741211,116.66999816894531,2051400
2023-07-07,98.12679290771484,115.52999877929688,116.80999755859375,115.30999755859375,115.55999755859375,1919200
2023-07-10,97.80403900146484,115.1500015258789,115.58000183105469,114.25,114.77999877929688,1775000
2023-07-11,98.47503662109375,115.94000244140625,115.98999786376953,114.5,115.11000061035156,1979100
2023-07-12,98.89971923828125,116.44000244140625,118.30999755859375,116.22000122070312,117.58999633789062,2073300
2023-07-13,97.99090576171875,115.37000274658203,115.7699966430664,114.30999755859375,115.58999633789062,3427800
2023-07-14,98.22872924804688,115.6500015258789,116.02999877929688,114.22000122070312,115.0199966430664,1989700
2023-07-17,93.42132568359375,109.98999786376953,115.54000091552734,109.2699966430664,115.0,3993600
2023-07-18,93.90545654296875,110.55999755859375,112.62999725341797,109.05999755859375,110.27999877929688,3588400
2023-07-19,96.40260314941406,113.5,114.86000061035156,112.37999725341797,112.72000122070312,2957400
2023-07-20,91.30641174316406,107.5,109.9800033569336,103.22000122070312,107.4800033569336,8369700
2023-07-21,91.11955261230469,107.27999877929688,108.5,106.04000091552734,107.30000305175781,4882900
2023-07-24,94.67839050292969,111.47000122070312,111.62999725341797,107.19000244140625,107.87999725341797,4448500
2023-07-25,93.87997436523438,110.52999877929688,111.80000305175781,110.05000305175781,111.66000366210938,3893900
2023-07-26,95.5192642211914,112.45999908447266,113.20999908447266,110.79000091552734,111.0,3503900
2023-07-27,93.51476287841797,110.0999984741211,114.66999816894531,109.97000122070312,113.33000183105469,3880700
2023-07-28,92.52951049804688,108.94000244140625,111.30999755859375,108.80999755859375,110.95999908447266,2817300
2023-07-31,91.9774169921875,108.29000091552734,109.88999938964844,107.94999694824219,109.12000274658203,3862200
2023-08-01,91.94344329833984,108.25,109.22000122070312,107.69000244140625,108.5,3941700
2023-08-02,90.88174438476562,107.0,107.9000015258789,105.43000030517578,107.7699966430664,3166900
2023-08-03,89.1235580444336,104.93000030517578,106.95999908447266,104.22000122070312,106.69000244140625,2293900
2023-08-04,88.17227172851562,103.80999755859375,105.80999755859375,103.19000244140625,104.55999755859375,2176600
2023-08-07,88.20624542236328,103.8499984741211,104.3499984741211,103.06999969482422,103.91999816894531,1851200
2023-08-08,88.36763000488281,104.04000091552734,104.27999877929688,102.19999694824219,103.0,2125200
2023-08-09,88.86874389648438,104.62999725341797,105.02999877929688,103.48999786376953,103.69999694824219,2592800
2023-08-10,88.91971588134766,104.69000244140625,105.36000061035156,103.80000305175781,103.80000305175781,3246600
2023-08-11,88.6819076538086,104.41000366210938,104.95999908447266,104.05000305175781,104.27999877929688,2692100
2023-08-14,87.58622741699219,103.12000274658203,104.27999877929688,102.86000061035156,104.05999755859375,2581900
2023-08-15,87.22099304199219,102.69000244140625,103.16000366210938,101.5999984741211,102.19999694824219,1875200
2023-08-16,84.80879211425781,99.8499984741211,102.9000015258789,99.1500015258789,102.9000015258789,2989300
2023-08-17,84.75784301757812,99.79000091552734,101.37999725341797,99.6500015258789,100.04000091552734,3445400
2023-08-18,85.13155364990234,100.2300033569336,100.83000183105469,98.83999633789062,99.05999755859375,2458400
2023-08-21,84.29071044921875,99.23999786376953,100.05999755859375,97.94000244140625,100.05999755859375,2966000
2023-08-22,83.84053039550781,98.70999908447266,99.56999969482422,98.0999984741211,99.33000183105469,2147000
2023-08-23,84.51151275634766,99.5,100.01000213623047,98.83999633789062,99.45999908447266,3766100
2023-08-24,84.56249237060547,99.55999755859375,101.08999633789062,98.91999816894531,100.04000091552734,2393800
2023-08-25,84.68138885498047,99.69999694824219,100.56999969482422,99.0,99.66000366210938,2243300
2023-08-28,84.8257827758789,99.87000274658203,100.69999694824219,99.73999786376953,99.97000122070312,2192500
2023-08-29,85.4458236694336,100.5999984741211,101.44000244140625,99.58000183105469,100.13999938964844,3346800
2023-08-30,85.63268280029297,100.81999969482422,101.29000091552734,100.04000091552734,101.05999755859375,2863600
2023-08-31,85.36089324951172,100.5,101.5999984741211,99.98999786376953,101.37000274658203,4362300
2023-09-01,84.7408447265625,99.7699966430664,101.13999938964844,99.30999755859375,101.0,1719800
2023-09-05,84.9277114868164,99.98999786376953,100.91000366210938,99.55000305175781,99.7699966430664,3143500
2023-09-06,84.08683776855469,99.0,100.06999969482422,98.33000183105469,99.79000091552734,2276000
2023-09-07,84.99565887451172,100.06999969482422,100.36000061035156,98.75,98.75,3779700
2023-09-08,84.29071044921875,99.23999786376953,100.4000015258789,99.16000366210938,100.37000274658203,2987900
2023-09-11,83.68763732910156,98.52999877929688,99.73999786376953,98.22000122070312,99.25,2486100
2023-09-12,83.19501495361328,97.94999694824219,98.2699966430664,95.94999694824219,98.12000274658203,2542600
2023-09-13,82.76183319091797,97.44000244140625,98.51000213623047,96.7300033569336,98.51000213623047,3423800
2023-09-14,85.1400375366211,98.62999725341797,98.80000305175781,95.7300033569336,95.79000091552734,2835900
2023-09-15,84.95011901855469,98.41000366210938,99.5199966430664,97.81999969482422,98.23999786376953,4574400
2023-09-18,84.19048309326172,97.52999877929688,99.41000366210938,97.4800033569336,98.56999969482422,3292000
2023-09-19,83.70708465576172,96.97000122070312,97.55999755859375,96.22000122070312,97.16000366210938,3014800
2023-09-20,83.5085220336914,96.73999786376953,97.98999786376953,96.54000091552734,97.58999633789062,3676500
2023-09-21,80.1937484741211,92.9000015258789,96.62000274658203,92.86000061035156,96.30000305175781,4574300
2023-09-22,79.39957427978516,91.9800033569336,93.5,91.62000274658203,93.5,3532500
2023-09-25,79.6844253540039,92.30999755859375,92.4800033569336,90.80999755859375,91.30000305175781,4303900
2023-09-26,78.62267303466797,91.08000183105469,92.05999755859375,90.80999755859375,91.20999908447266,3789800
2023-09-27,77.4314193725586,89.69999694824219,91.4000015258789,88.7699966430664,91.11000061035156,4427600
2023-09-28,79.48590087890625,92.08000183105469,92.41000366210938,90.13999938964844,90.30000305175781,3610300
2023-09-29,79.44271087646484,92.02999877929688,93.83999633789062,91.5,93.54000091552734,4198400
2023-10-02,78.4931869506836,90.93000030517578,92.19000244140625,90.51000213623047,91.69000244140625,3216600
2023-10-03,76.34375,88.44000244140625,90.95999908447266,88.05000305175781,90.4000015258789,3376100
2023-10-04,77.06021118164062,89.2699966430664,90.0,87.97000122070312,88.73999786376953,3589800
2023-10-05,77.52635955810547,89.80999755859375,90.23999786376953,88.37000274658203,88.9800033569336,4258300
2023-10-06,78.70899200439453,91.18000030517578,91.4800033569336,88.11000061035156,88.80000305175781,2938100
2023-10-09,80.4354476928711,93.18000030517578,93.51000213623047,90.73999786376953,90.73999786376953,3308700
2023-10-10,80.3750228881836,93.11000061035156,93.70999908447266,92.55999755859375,92.86000061035156,2378300
2023-10-11,81.60942840576172,94.54000091552734,94.66999816894531,92.56999969482422,93.51000213623047,3445700
2023-10-12,81.41089630126953,94.30999755859375,94.80999755859375,93.30000305175781,94.45999908447266,2609300
2023-10-13,81.60942840576172,94.54000091552734,95.33999633789062,94.16999816894531,94.86000061035156,3092600
2023-10-16,81.64395141601562,94.58000183105469,95.22000122070312,93.16999816894531,93.9000015258789,5127300
2023-10-17,80.6253662109375,93.4000015258789,94.87999725341797,92.83999633789062,94.0,3651700
2023-10-18,78.4931869506836,90.93000030517578,93.5999984741211,90.66000366210938,93.23999786376953,5802700
2023-10-19,74.14250946044922,85.88999938964844,88.91000366210938,85.0,88.04000091552734,8487000
2023-10-20,74.35832214355469,86.13999938964844,87.7300033569336,85.91999816894531,86.05999755859375,4481800
2023-10-23,74.7640380859375,86.61000061035156,87.73999786376953,84.72000122070312,85.29000091552734,4355300
2023-10-24,76.06752014160156,88.12000274658203,88.26000213623047,86.8499984741211,86.8499984741211,3024100
2023-10-25,75.32514953613281,87.26000213623047,87.76000213623047,86.48999786376953,87.30000305175781,3373600
2023-10-26,78.9593276977539,91.47000122070312,92.0999984741211,87.37999725341797,87.63999938964844,3848000
2023-10-27,77.57817077636719,89.87000274658203,91.44000244140625,89.01000213623047,91.44000244140625,2992600
2023-10-30,77.84576416015625,90.18000030517578,91.0,88.61000061035156,90.16000366210938,3595900
2023-10-31,80.26280212402344,92.9800033569336,93.20999908447266,90.80999755859375,91.02999877929688,3604700
2023-11-01,79.78801727294922,92.43000030517578,93.37000274658203,91.55000305175781,92.98999786376953,3834000
2023-11-02,84.2077407836914,97.55000305175781,98.33000183105469,94.0199966430664,94.0199966430664,3558100
2023-11-03,84.94149017333984,98.4000015258789,101.11000061035156,98.31999969482422,99.0,4020100
2023-11-06,83.8451919555664,97.12999725341797,98.41999816894531,96.83999633789062,97.98999786376953,2988200
2023-11-07,83.3531494140625,96.55999755859375,97.55999755859375,96.41000366210938,97.16999816894531,2398500
2023-11-08,83.45674133300781,96.68000030517578,97.16999816894531,95.88999938964844,96.87000274658203,2126500
2023-11-09,82.54171752929688,95.62000274658203,97.16000366210938,95.11000061035156,96.9000015258789,2584200
2023-11-10,82.5589828491211,95.63999938964844,96.68000030517578,93.7300033569336,96.51000213623047,1974200
2023-11-13,82.47267150878906,95.54000091552734,95.83999633789062,93.9000015258789,95.20999908447266,4142600
2023-11-14,87.50527954101562,101.37000274658203,102.4800033569336,98.51000213623047,98.73999786376953,4946000
2023-11-15,89.13677215576172,103.26000213623047,103.9000015258789,100.7699966430664,100.7699966430664,3400300
2023-11-16,89.879150390625,104.12000274658203,104.5199966430664,103.22000122070312,103.7699966430664,2745600
2023-11-17,89.70648956298828,103.91999816894531,104.80000305175781,103.11000061035156,104.80000305175781,2512700
2023-11-20,90.14674377441406,104.43000030517578,104.58999633789062,102.87000274658203,103.5,2991300
2023-11-21,89.43028259277344,103.5999984741211,105.02999877929688,103.41000366210938,104.30000305175781,2275300
2023-11-22,88.99864959716797,103.0999984741211,104.87000274658203,102.63999938964844,104.87000274658203,2080300
2023-11-24,89.41300964355469,103.58000183105469,103.83999633789062,101.87999725341797,103.06999969482422,1193500
2023-11-27,92.49472045898438,107.1500015258789,109.02999877929688,106.87000274658203,107.88999938964844,6304300
2023-11-28,95.93035888671875,111.12999725341797,111.7300033569336,106.88999938964844,106.88999938964844,5348600
2023-11-29,100.11701965332031,115.9800033569336,116.36000061035156,112.19000244140625,112.20999908447266,7393100
2023-11-30,101.23920440673828,117.27999877929688,117.58000183105469,115.55999755859375,116.0,5697100
2023-12-01,102.35276794433594,118.56999969482422,118.83999633789062,115.5999984741211,117.33000183105469,4672300
2023-12-04,102.23191833496094,118.43000030517578,118.87999725341797,116.62999725341797,118.1500015258789,4712500
2023-12-05,101.81755828857422,117.94999694824219,119.5,117.69000244140625,119.4800033569336,3329000
2023-12-06,101.07518768310547,117.08999633789062,118.98999786376953,117.01000213623047,118.41999816894531,6380500
2023-12-07,101.54995727539062,117.63999938964844,119.12000274658203,117.01000213623047,117.36000061035156,3794700
2023-12-08,100.19469451904297,116.06999969482422,119.16999816894531,114.48999786376953,118.25,4391200
2023-12-11,98.856689453125,114.5199966430664,115.95999908447266,114.0999984741211,115.6500015258789,3642200
2023-12-12,98.38192749023438,113.97000122070312,114.4800033569336,113.2699966430664,114.30000305175781,3241500
2023-12-13,100.79033660888672,116.76000213623047,117.1500015258789,112.76000213623047,114.1500015258789,4295500
2023-12-14,100.22598266601562,114.55000305175781,117.66000366210938,113.52999877929688,117.0,7682500
2023-12-15,98.72980499267578,112.83999633789062,114.29000091552734,111.68000030517578,114.29000091552734,8435400
2023-12-18,98.36231231689453,112.41999816894531,114.08000183105469,112.2699966430664,112.80999755859375,4618400
2023-12-19,99.73601531982422,113.98999786376953,114.69999694824219,112.55999755859375,112.8499984741211,4647600
2023-12-20,100.10347747802734,114.41000366210938,116.47000122070312,114.05000305175781,115.0199966430664,5141800
2023-12-21,100.26972198486328,114.5999984741211,116.55000305175781,113.33999633789062,115.43000030517578,4991700
2023-12-22,100.4709701538086,114.83000183105469,116.31999969482422,114.4000015258789,115.16999816894531,1412700
2023-12-26,101.13593292236328,115.58999633789062,115.97000122070312,114.44000244140625,115.0,1554000
2023-12-27,101.57339477539062,116.08999633789062,116.4000015258789,114.98999786376953,115.72000122070312,1442400
2023-12-28,101.59090423583984,116.11000061035156,116.75,115.41000366210938,115.91000366210938,1410600
2023-12-29,100.78594207763672,115.19000244140625,116.05999755859375,114.36000061035156,115.02999877929688,2353800
2024-01-02,102.0371322631836,116.62000274658203,117.02999877929688,114.33999633789062,114.52999877929688,2231200
2024-01-03,99.29852294921875,113.48999786376953,115.94999694824219,113.47000122070312,115.4800033569336,2027600
2024-01-04,99.7447509765625,114.0,115.01000213623047,112.81999969482422,113.2699966430664,2293100
2024-01-05,99.54351806640625,113.7699966430664,114.87000274658203,112.68000030517578,113.0,2650300
2024-01-08,100.40971374511719,114.76000213623047,115.5199966430664,112.51000213623047,113.12000274658203,2620300
2024-01-09,99.53475189208984,113.76000213623047,114.44999694824219,113.1500015258789,113.86000061035156,2174300
2024-01-10,99.2285385131836,113.41000366210938,114.27999877929688,113.0199966430664,113.44000244140625,2471400
2024-01-11,98.62480926513672,112.72000122070312,113.29000091552734,111.58999633789062,112.91999816894531,2771900
2024-01-12,98.6160659790039,112.70999908447266,114.51000213623047,112.62999725341797,113.86000061035156,1944200
2024-01-16,96.97115325927734,110.83000183105469,112.80999755859375,110.56999969482422,112.0,5121300
2024-01-17,94.93250274658203,108.5,110.91999816894531,107.3499984741211,109.16000366210938,4237800
2024-01-18,94.31128692626953,107.79000091552734,109.7300033569336,107.38999938964844,108.61000061035156,3975200
2024-01-19,94.46878051757812,107.97000122070312,108.94000244140625,106.87999725341797,108.55000305175781,4177200
2024-01-22,95.15998840332031,108.76000213623047,110.0999984741211,107.98999786376953,108.41000366210938,2457900
2024-01-23,94.45127868652344,107.94999694824219,110.11000061035156,107.81999969482422,109.01000213623047,2410000
2024-01-24,92.36013793945312,105.55999755859375,108.97000122070312,105.33000183105469,108.4800033569336,3217400
2024-01-25,96.95364379882812,110.80999755859375,111.11000061035156,107.70999908447266,108.97000122070312,3736100
2024-01-26,95.02000427246094,108.5999984741211,111.16999816894531,108.36000061035156,110.7699966430664,2424900
2024-01-29,95.32623291015625,108.94999694824219,109.06999969482422,106.9000015258789,108.45999908447266,2416400
2024-01-30,94.4775390625,107.9800033569336,108.81999969482422,107.56999969482422,108.5199966430664,2471200
2024-01-31,94.71376037597656,108.25,110.72000122070312,107.23999786376953,108.04000091552734,2645400
2024-02-01,97.17237854003906,111.05999755859375,111.11000061035156,107.81999969482422,107.97000122070312,2388200
2024-02-02,94.77500915527344,108.31999969482422,109.7699966430664,105.94000244140625,109.44000244140625,3629900
2024-02-05,92.38639068603516,105.58999633789062,107.18000030517578,104.94999694824219,106.86000061035156,2965200
2024-02-06,94.19754791259766,107.66000366210938,107.83999633789062,105.01000213623047,105.44000244140625,3061000
2024-02-07,93.50634002685547,106.87000274658203,108.0,106.66000366210938,107.91999816894531,2436800
2024-02-08,94.05754089355469,107.5,107.51000213623047,105.9800033569336,106.30000305175781,3003400
2024-02-09,94.84500122070312,108.4000015258789,108.52999877929688,106.76000213623047,107.20999908447266,2641000
2024-02-12,94.66127014160156,108.19000244140625,109.08000183105469,107.98999786376953,108.5,1860600
2024-02-13,92.0714111328125,105.2300033569336,105.91000366210938,103.4000015258789,105.27999877929688,2992100
2024-02-14,92.57012176513672,105.80000305175781,106.41999816894531,104.83999633789062,105.38999938964844,2313500
2024-02-15,94.48625946044922,107.98999786376953,108.55000305175781,106.44000244140625,106.72000122070312,2273700
2024-02-16,94.6875228881836,108.22000122070312,108.29000091552734,105.9000015258789,106.47000122070312,2949700
2024-02-20,95.29997253417969,108.91999816894531,110.43000030517578,107.4800033569336,108.19999694824219,4592600
2024-02-21,94.22380065917969,107.69000244140625,109.26000213623047,106.95999908447266,109.26000213623047,3170500
2024-02-22,94.46878051757812,107.97000122070312,108.08999633789062,106.23999786376953,107.69000244140625,3478100
2024-02-23,95.09876251220703,108.69000244140625,109.27999877929688,107.19000244140625,108.05999755859375,1709200
2024-02-26,92.68386840820312,105.93000030517578,108.77999877929688,105.37000274658203,108.26000213623047,2898800
2024-02-27,92.43012237548828,105.63999938964844,107.11000061035156,104.19000244140625,106.38999938964844,3389200
2024-02-28,94.9937515258789,108.56999969482422,109.19999694824219,105.41999816894531,105.51000213623047,2787900
2024-02-29,96.19244384765625,109.94000244140625,110.87000274658203,109.05000305175781,109.45999908447266,4368400
2024-03-01,97.17237854003906,111.05999755859375,111.22000122070312,108.08999633789062,109.55999755859375,2603400
2024-03-04,98.69480895996094,112.80000305175781,113.22000122070312,110.83999633789062,111.0,2371200
2024-03-05,97.61860656738281,111.56999969482422,114.75,111.20999908447266,112.41000366210938,2375900
2024-03-06,98.05609130859375,112.06999969482422,112.5,110.58000183105469,112.5,2117900
2024-03-07,97.65361785888672,111.61000061035156,112.8499984741211,110.8499984741211,112.62000274658203,2145100
2024-03-08,98.79979705810547,112.91999816894531,114.0,112.22000122070312,112.66000366210938,3379100
2024-03-11,98.22232818603516,112.26000213623047,113.23999786376953,111.47000122070312,112.1500015258789,1749100
2024-03-12,97.09364318847656,110.97000122070312,112.36000061035156,109.76000213623047,111.75,1597400
2024-03-13,96.32366180419922,110.08999633789062,111.79000091552734,109.87000274658203,110.97000122070312,1881000
2024-03-14,94.25120544433594,106.19000244140625,108.23999786376953,104.61000061035156,107.41000366210938,2736900
2024-03-15,93.87843322753906,105.7699966430664,106.33999633789062,104.87000274658203,105.0,3214800
2024-03-18,92.6180648803711,104.3499984741211,105.75,104.11000061035156,105.44000244140625,3478900
2024-03-19,92.80447387695312,104.55999755859375,105.08999633789062,103.91000366210938,104.5,2622100
2024-03-20,92.7689437866211,104.5199966430664,104.7699966430664,103.1500015258789,103.61000061035156,2428300
2024-03-21,92.00565338134766,103.66000366210938,105.44000244140625,103.44000244140625,105.08999633789062,3337900
2024-03-22,91.24234008789062,102.80000305175781,103.93000030517578,102.5199966430664,103.80999755859375,1814500
2024-03-25,91.88137817382812,103.5199966430664,104.12000274658203,102.62000274658203,102.87000274658203,2533800
2024-03-26,90.47015380859375,101.93000030517578,103.38999938964844,101.93000030517578,103.38999938964844,2538700
2024-03-27,93.71865844726562,105.58999633789062,105.72000122070312,102.80999755859375,102.94999694824219,2595600
2024-03-28,93.93167114257812,105.83000183105469,106.5199966430664,105.25,105.9000015258789,2074200
2024-04-01,92.5382080078125,104.26000213623047,105.69000244140625,103.76000213623047,105.56999969482422,2108100
2024-04-02,91.28670501708984,102.8499984741211,103.76000213623047,102.80000305175781,103.44000244140625,2721500
2024-04-03,90.68315887451172,102.16999816894531,102.62999725341797,100.8499984741211,102.31999969482422,2691300
2024-04-04,89.91986083984375,101.30999755859375,103.51000213623047,100.88999938964844,102.98999786376953,2009500
2024-04-05,89.44944763183594,100.77999877929688,101.62999725341797,100.16000366210938,100.58000183105469,2585600
2024-04-08,88.92578125,100.19000244140625,101.30000305175781,100.06999969482422,101.0,2416200
2024-04-09,90.53227233886719,102.0,102.02999877929688,100.58999633789062,100.91999816894531,2106600
2024-04-10,86.7157211303711,97.69999694824219,100.18000030517578,96.61000061035156,99.81999969482422,2932100
2024-04-11,86.16541290283203,97.08000183105469,98.6500015258789,96.77999877929688,98.52999877929688,3495900
2024-04-12,85.83702850341797,96.70999908447266,97.16000366210938,96.2300033569336,96.98999786376953,2690100
2024-04-15,84.89619445800781,95.6500015258789,97.44000244140625,95.05000305175781,96.72000122070312,2954900
2024-04-16,83.39620971679688,93.95999908447266,95.06999969482422,93.37000274658203,95.0,4055200
2024-04-17,82.58851623535156,93.05000305175781,94.69999694824219,92.80999755859375,94.4000015258789,3985800
2024-04-18,83.7601089477539,94.37000274658203,96.4800033569336,92.4800033569336,95.69000244140625,4938200
2024-04-19,84.49678802490234,95.19999694824219,95.55999755859375,93.80000305175781,94.37000274658203,5055700
2024-04-22,84.3902816772461,95.08000183105469,95.30999755859375,93.76000213623047,95.0,3280300
2024-04-23,84.73644256591797,95.47000122070312,96.30000305175781,94.7699966430664,95.08999633789062,2484500
2024-04-24,84.7098159790039,95.44000244140625,95.66000366210938,93.79000091552734,94.47000122070312,2968200
2024-04-25,83.61810302734375,94.20999908447266,95.06999969482422,93.63999938964844,94.80999755859375,3334100
2024-04-26,83.05892944335938,93.58000183105469,95.41000366210938,93.5,94.37000274658203,2697300
2024-04-29,84.60330200195312,95.31999969482422,95.3499984741211,94.23999786376953,94.43000030517578,2476200
2024-04-30,83.23643493652344,93.77999877929688,95.0,93.7300033569336,94.44000244140625,4982600
2024-05-01,84.52342224121094,95.2300033569336,96.55000305175781,93.25,93.93000030517578,4364100
2024-05-02,85.5973892211914,96.44000244140625,96.63999938964844,95.02999877929688,95.80999755859375,3212100
2024-05-03,86.4405746459961,97.38999938964844,98.36000061035156,96.77999877929688,98.0,4119400
2024-05-06,85.1358413696289,95.91999816894531,98.0,95.02999877929688,97.8499984741211,2930500
2024-05-07,85.33999633789062,96.1500015258789,97.9000015258789,95.66000366210938,96.93000030517578,3120200
2024-05-08,86.36956787109375,97.30999755859375,97.45999908447266,95.19000244140625,95.4000015258789,2574800
2024-05-09,88.65062713623047,99.87999725341797,100.38999938964844,97.6500015258789,97.81999969482422,3209100
2024-05-10,88.32222747802734,99.51000213623047,100.02999877929688,98.9000015258789,99.87999725341797,3087200
2024-05-13,88.79263305664062,100.04000091552734,100.47000122070312,99.48999786376953,99.76000213623047,2902000
2024-05-14,89.69796752929688,101.05999755859375,101.43000030517578,100.2300033569336,101.12000274658203,1854300
2024-05-15,91.88137817382812,103.5199966430664,103.83999633789062,102.58999633789062,102.97000122070312,2776300
2024-05-16,92.3251724243164,104.0199966430664,104.58999633789062,102.75,102.75,3030400
2024-05-17,91.32221221923828,102.88999938964844,104.41999816894531,102.38999938964844,104.41999816894531,3284900
2024-05-20,89.30744171142578,100.62000274658203,102.5999984741211,100.44000244140625,102.30000305175781,2814800
2024-05-21,89.42282104492188,100.75,100.93000030517578,99.91999816894531,100.47000122070312,1787400
2024-05-22,88.952392578125,100.22000122070312,100.62999725341797,99.7300033569336,100.44999694824219,1974600
2024-05-23,87.8784408569336,99.01000213623047,100.13999938964844,98.51000213623047,99.77999877929688,1997700
2024-05-24,87.08851623535156,98.12000274658203,99.3499984741211,97.41000366210938,99.33000183105469,2094800
2024-05-28,86.7157211303711,97.69999694824219,99.4000015258789,97.66999816894531,98.51000213623047,2226500
2024-05-29,86.86660766601562,97.87000274658203,98.22000122070312,96.8499984741211,97.01000213623047,2083600
2024-05-30,88.4287338256836,99.62999725341797,99.69999694824219,98.08999633789062,98.61000061035156,2709900
2024-05-31,90.97606658935547,102.5,102.70999908447266,99.98999786376953,100.29000091552734,3191100
2024-06-03,91.51748657226562,103.11000061035156,104.01000213623047,102.44999694824219,102.98999786376953,2891900
2024-06-04,91.97013092041016,103.62000274658203,104.2300033569336,102.41000366210938,103.0199966430664,2213300
2024-06-05,90.86956024169922,102.37999725341797,103.95999908447266,102.16000366210938,103.26000213623047,1961100
2024-06-06,90.2127685546875,101.63999938964844,102.31999969482422,101.27999877929688,101.87000274658203,1940300
2024-06-07,89.30744171142578,100.62000274658203,101.0,99.26000213623047,100.0,2324800
2024-06-10,88.6240005493164,99.8499984741211,100.58000183105469,99.51000213623047,100.20999908447266,2137000
2024-06-11,88.9879150390625,100.26000213623047,101.54000091552734,99.94000244140625,101.30999755859375,3052500
2024-06-12,88.4642333984375,99.66999816894531,103.25,99.41999816894531,102.87000274658203,2304400
2024-06-13,88.60625457763672,99.83000183105469,100.69999694824219,98.9000015258789,99.91999816894531,3203000
2024-06-14,89.35918426513672,99.0999984741211,99.13999938964844,97.4000015258789,97.5999984741211,2013600
2024-06-17,86.8704605102539,96.33999633789062,98.19999694824219,96.2699966430664,97.94000244140625,2595000
2024-06-18,85.96875,95.33999633789062,97.5,95.19999694824219,96.37999725341797,3006800
2024-06-20,86.93359375,96.41000366210938,96.68000030517578,94.47000122070312,94.9800033569336,2868100
2024-06-21,87.0147476196289,96.5,97.68000030517578,95.4800033569336,96.9000015258789,3595900
2024-06-24,87.85332489013672,97.43000030517578,98.83999633789062,96.13999938964844,96.31999969482422,2706300
2024-06-25,86.24828338623047,95.6500015258789,97.12999725341797,95.54000091552734,97.01000213623047,1681500
2024-06-26,86.50076293945312,95.93000030517578,96.5199966430664,94.68000030517578,95.0,3409300
2024-06-27,87.8172607421875,97.38999938964844,97.41000366210938,95.98999786376953,96.12000274658203,2728400
2024-06-28,88.0967788696289,97.69999694824219,98.47000122070312,97.02999877929688,97.94000244140625,9395100
2024-07-01,86.54585266113281,95.9800033569336,97.76000213623047,95.69000244140625,96.94999694824219,2230300
2024-07-02,85.92367553710938,95.29000091552734,96.55000305175781,95.0199966430664,96.37000274658203,2099800
2024-07-03,87.15901947021484,96.66000366210938,97.20999908447266,95.48999786376953,96.06999969482422,1085400
2024-07-05,86.62700653076172,96.06999969482422,96.75,95.19999694824219,96.30000305175781,1245100
2024-07-08,87.1229476928711,96.62000274658203,96.86000061035156,95.88999938964844,96.2699966430664,1783900
2024-07-09,87.51969146728516,97.05999755859375,97.12000274658203,95.44000244140625,96.43000030517578,2084600
2024-07-10,88.18695831298828,97.80000305175781,98.0999984741211,96.5999984741211,98.0,2282900
2024-07-11,92.28070831298828,102.33999633789062,102.5,99.0,99.58000183105469,2363400
2024-07-12,93.37178039550781,103.55000305175781,104.44999694824219,102.5999984741211,102.5999984741211,1963800
2024-07-15,92.98403930664062,103.12000274658203,103.76000213623047,102.31999969482422,103.33000183105469,2865700
2024-07-16,93.68736267089844,103.9000015258789,104.4000015258789,102.69000244140625,104.0199966430664,1712300
2024-07-17,95.24732208251953,105.62999725341797,105.66000366210938,103.93000030517578,104.08999633789062,2166800
2024-07-18,94.71531677246094,105.04000091552734,107.44999694824219,103.88999938964844,105.0,2733800
2024-07-19,94.75138854980469,105.08000183105469,105.86000061035156,103.72000122070312,105.52999877929688,3313700
2024-07-22,93.72343444824219,103.94000244140625,105.5,103.69999694824219,105.08999633789062,1731100
2024-07-23,94.03904724121094,104.29000091552734,105.3499984741211,103.27999877929688,103.79000091552734,3479900
2024-07-24,95.10305786132812,105.47000122070312,106.2699966430664,103.87000274658203,104.5199966430664,2311000
2024-07-25,95.15715026855469,105.52999877929688,109.23999786376953,105.06999969482422,106.25,2458600
2024-07-26,96.95154571533203,107.5199966430664,107.55999755859375,105.81999969482422,106.01000213623047,1631800
2024-07-29,97.50159454345703,108.12999725341797,108.69000244140625,106.20999908447266,107.37000274658203,2155600
2024-07-30,98.664794921875,109.41999816894531,109.69999694824219,108.1500015258789,108.5,1595700
2024-07-31,99.25992584228516,110.08000183105469,110.87000274658203,108.48999786376953,108.9000015258789,2598800
2024-08-01,101.25270080566406,112.29000091552734,112.33999633789062,110.3499984741211,110.81999969482422,2232900
2024-08-02,103.88568115234375,115.20999908447266,115.63999938964844,113.0999984741211,113.44999694824219,2632900
2024-08-05,99.88209533691406,110.7699966430664,115.75,110.63999938964844,114.5,3694800
2024-08-06,101.86585235595703,112.97000122070312,114.12000274658203,110.20999908447266,110.5,3113500
2024-08-07,100.33294677734375,111.2699966430664,113.94000244140625,110.94000244140625,112.30000305175781,2186500
2024-08-08,99.99932861328125,110.9000015258789,111.37000274658203,109.72000122070312,110.2300033569336,2215200
2024-08-09,99.76487731933594,110.63999938964844,111.44000244140625,109.52999877929688,111.2300033569336,2017700
2024-08-12,99.84603881835938,110.7300033569336,110.83999633789062,109.05000305175781,110.26000213623047,2585400
2024-08-13,99.50338745117188,110.3499984741211,111.3499984741211,109.9000015258789,111.18000030517578,1504700
2024-08-14,99.37714385986328,110.20999908447266,111.04000091552734,109.80999755859375,110.3499984741211,1684700
2024-08-15,98.43936157226562,109.16999816894531,110.08999633789062,108.43000030517578,110.05000305175781,2018600
2024-08-16,99.04351043701172,109.83999633789062,109.9800033569336,108.66999816894531,109.12999725341797,1563700
2024-08-19,98.73693084716797,109.5,110.52999877929688,109.16999816894531,109.83999633789062,1542500
2024-08-20,99.16976165771484,109.9800033569336,110.0,108.87000274658203,109.37999725341797,1434800
2024-08-21,98.7910385131836,109.55999755859375,110.16999816894531,108.7300033569336,109.80999755859375,1452200
2024-08-22,98.72791290283203,109.48999786376953,109.52999877929688,108.5,109.33999633789062,1491200
2024-08-23,101.33384704589844,112.37999725341797,112.6500015258789,109.75,109.91999816894531,1194300
2024-08-26,101.87487030029297,112.9800033569336,113.88999938964844,112.58000183105469,112.80000305175781,1088700
2024-08-27,102.37982177734375,113.54000091552734,113.63999938964844,112.22000122070312,112.22000122070312,1536600
2024-08-28,102.33473205566406,113.48999786376953,114.30000305175781,112.93000030517578,113.48999786376953,1549700
2024-08-29,100.70264434814453,111.68000030517578,112.83999633789062,110.61000061035156,112.83999633789062,1818000
2024-08-30,101.00923156738281,112.0199966430664,112.83000183105469,111.2300033569336,112.02999877929688,3511000
2024-09-03,102.20849609375,113.3499984741211,114.31999969482422,111.04000091552734,111.7300033569336,3110100
2024-09-04,102.64132690429688,113.83000183105469,115.04000091552734,112.80999755859375,113.87999725341797,1992400
2024-09-05,102.67739868164062,113.87000274658203,114.7699966430664,113.12999725341797,114.7699966430664,2057000
2024-09-06,104.70623016357422,116.12000274658203,116.44999694824219,113.73999786376953,113.93000030517578,3016200
2024-09-09,105.98666381835938,117.54000091552734,117.80999755859375,115.51000213623047,115.87999725341797,3438700
2024-09-10,108.1507568359375,119.94000244140625,120.11000061035156,117.66000366210938,118.01000213623047,3262600
2024-09-11,108.33110046386719,120.13999938964844,120.30999755859375,117.30999755859375,118.9000015258789,2582300
2024-09-12,107.36626434326172,119.06999969482422,120.25,117.61000061035156,120.0,2210100
2024-09-13,108.59522247314453,118.8499984741211,119.06999969482422,116.91000366210938,117.87999725341797,1703500
2024-09-16,109.87442779541016,120.25,120.91999816894531,118.95999908447266,119.38999938964844,1434000
2024-09-17,109.22569274902344,119.54000091552734,120.58000183105469,119.08999633789062,120.0,1384300
2024-09-18,107.61754608154297,117.77999877929688,119.6500015258789,117.5,119.62000274658203,2236600
2024-09-19,105.23274993896484,115.16999816894531,118.20999908447266,114.37000274658203,117.2300033569336,2387800
2024-09-20,105.37894439697266,115.33000183105469,115.69999694824219,114.22000122070312,114.44000244140625,4667600
2024-09-23,106.77692413330078,116.86000061035156,116.93000030517578,115.18000030517578,116.0,2874900
2024-09-24,107.2520523071289,117.37999725341797,117.98999786376953,116.0,116.18000030517578,1441800
2024-09-25,106.6764144897461,116.75,117.87000274658203,116.22000122070312,117.37999725341797,1777600
2024-09-26,104.87639617919922,114.77999877929688,116.81999969482422,114.4800033569336,116.54000091552734,3574700
2024-09-27,106.5484848022461,116.61000061035156,117.38999938964844,115.68000030517578,115.86000061035156,2269800
2024-09-30,108.39419555664062,118.62999725341797,118.80000305175781,116.2699966430664,117.0,2339900
2024-10-01,108.83277893066406,119.11000061035156,119.3499984741211,117.5,119.19999694824219,1421300
2024-10-02,105.79010772705078,115.77999877929688,119.55999755859375,113.80000305175781,117.9800033569336,5299800
2024-10-03,104.42866516113281,114.29000091552734,115.63999938964844,113.1500015258789,115.63999938964844,2655500
2024-10-04,101.86113739013672,111.4800033569336,112.02999877929688,110.45999908447266,112.02999877929688,3314600
2024-10-07,101.60528564453125,111.19999694824219,111.58000183105469,110.05999755859375,110.56999969482422,2351200
2024-10-08,102.4276351928711,112.0999984741211,112.2699966430664,110.79000091552734,111.68000030517578,2073200
2024-10-09,101.85198974609375,111.47000122070312,111.8499984741211,110.55000305175781,111.41000366210938,2749600
2024-10-10,100.45401000976562,109.94000244140625,112.04000091552734,109.66999816894531,110.05999755859375,2047400
2024-10-11,101.24893188476562,110.80999755859375,111.0,109.7300033569336,110.56999969482422,1243200
2024-10-14,102.3636703491211,112.02999877929688,112.43000030517578,110.13999938964844,110.44999694824219,1276100
2024-10-15,104.43781280517578,114.30000305175781,115.33000183105469,112.8499984741211,113.12999725341797,2866000
2024-10-16,105.69874572753906,115.68000030517578,115.88999938964844,114.26000213623047,114.41999816894531,2110900
2024-10-17,102.10782623291016,111.75,112.93000030517578,110.54000091552734,112.0,3863400
2024-10-18,102.6834716796875,112.37999725341797,113.02999877929688,110.5999984741211,111.91000366210938,2336200
2024-10-21,100.68244171142578,110.19000244140625,113.12999725341797,109.95999908447266,112.19999694824219,2111300
2024-10-22,100.29866790771484,109.7699966430664,110.30000305175781,108.7300033569336,109.22000122070312,3016200
2024-10-23,101.13015747070312,110.68000030517578,110.70999908447266,109.33000183105469,110.0,3753600
2024-10-24,101.83372497558594,111.44999694824219,111.9800033569336,110.80000305175781,110.80000305175781,2609400
2024-10-25,99.51288604736328,108.91000366210938,112.11000061035156,108.87999725341797,111.69999694824219,1873700
2024-10-28,99.64079284667969,109.05000305175781,110.44999694824219,108.9800033569336,109.81999969482422,1727200
2024-10-29,97.41132354736328,106.61000061035156,108.8499984741211,106.1500015258789,107.7699966430664,1974200
2024-10-30,98.50778198242188,107.80999755859375,108.75,107.0,107.0,2234300
2024-10-31,98.21540069580078,107.48999786376953,108.97000122070312,106.75,106.94999694824219,1702700
2024-11-01,97.3839111328125,106.58000183105469,108.4000015258789,106.41999816894531,108.04000091552734,1815700
2024-11-04,99.01033020019531,108.36000061035156,108.44000244140625,107.05000305175781,107.48999786376953,1975500
2024-11-05,99.32099151611328,108.69999694824219,109.06999969482422,107.11000061035156,107.47000122070312,2142200
2024-11-06,94.5422592163086,103.47000122070312,107.0199966430664,102.06999969482422,106.13999938964844,3666200
2024-11-07,95.21841430664062,104.20999908447266,105.18000030517578,103.41000366210938,104.12000274658203,2634800
2024-11-08,96.71690368652344,105.8499984741211,106.19999694824219,104.3499984741211,104.95999908447266,1606700
2024-11-11,95.11790466308594,104.0999984741211,106.12000274658203,103.91000366210938,104.5999984741211,1576700
2024-11-12,93.42752838134766,102.25,103.62000274658203,101.5199966430664,103.2699966430664,1929000
2024-11-13,93.89351654052734,102.76000213623047,104.16000366210938,102.05999755859375,103.51000213623047,2316700
2024-11-14,94.03971099853516,102.91999816894531,103.91999816894531,101.88999938964844,102.31999969482422,2404200
2024-11-15,94.84379577636719,103.80000305175781,104.16000366210938,102.70999908447266,102.80000305175781,2293400
2024-11-18,95.56561279296875,104.58999633789062,104.7699966430664,102.91999816894531,103.0,1580600
2024-11-19,95.45597839355469,104.47000122070312,105.2699966430664,103.4800033569336,104.4800033569336,2254700
2024-11-20,95.36460876464844,104.37000274658203,104.81999969482422,103.69000244140625,104.19999694824219,6769100
2024-11-21,95.48339080810547,104.5,105.01000213623047,103.37999725341797,104.16000366210938,1456000
2024-11-22,96.34227752685547,105.44000244140625,105.80000305175781,104.91999816894531,105.30999755859375,1541900
2024-11-25,96.92706298828125,106.08000183105469,107.38999938964844,105.68000030517578,106.25,4158000
2024-11-26,97.1280746459961,106.30000305175781,106.8499984741211,105.12000274658203,105.70999908447266,2914000
2024-11-27,97.4935531616211,106.69999694824219,107.5,106.66000366210938,106.87999725341797,1977200
2024-11-29,97.08238983154297,106.25,107.31999969482422,106.16000366210938,106.63999938964844,1838400
2024-12-02,96.23263549804688,105.31999969482422,106.23999786376953,104.91000366210938,106.1500015258789,2514900
2024-12-03,95.656982421875,104.69000244140625,105.81999969482422,104.66000366210938,105.3499984741211,1938500
2024-12-04,94.52397918701172,103.44999694824219,105.1500015258789,102.8499984741211,104.44000244140625,3404000
2024-12-05,94.40518951416016,103.31999969482422,103.63999938964844,102.77999877929688,102.80000305175781,2284800
2024-12-06,93.06204223632812,101.8499984741211,104.0,101.4000015258789,103.94000244140625,2965100
2024-12-09,93.19908905029297,102.0,102.7699966430664,101.47000122070312,101.55000305175781,4257000
2024-12-10,91.88333892822266,100.55999755859375,102.1500015258789,100.16999816894531,100.9000015258789,3232700
2024-12-11,90.6224136352539,99.18000030517578,101.12999725341797,98.87999725341797,100.3499984741211,2749800
2024-12-12,90.24779510498047,98.7699966430664,99.80999755859375,98.66999816894531,99.0999984741211,3351700
2024-12-13,90.15958404541016,97.11000061035156,97.76000213623047,96.51000213623047,96.55000305175781,3698400
2024-12-16,88.86907958984375,95.72000122070312,97.70999908447266,95.56999969482422,96.91000366210938,8087800
2024-12-17,88.08918762207031,94.87999725341797,97.06999969482422,94.77999877929688,95.9000015258789,5386900
2024-12-18,86.25091552734375,92.9000015258789,95.54000091552734,92.7699966430664,94.5,6212700
2024-12-19,84.23622131347656,90.7300033569336,92.7699966430664,90.69000244140625,92.05000305175781,7923700
2024-12-20,84.1712417602539,90.66000366210938,91.80999755859375,89.63999938964844,90.47000122070312,8378400
2024-12-23,84.2547836303711,90.75,91.05999755859375,89.48999786376953,90.22000122070312,3638400
2024-12-24,84.48690032958984,91.0,91.31999969482422,89.9000015258789,90.22000122070312,1323900
2024-12-26,84.61687469482422,91.13999938964844,91.20999908447266,90.30999755859375,90.51000213623047,2270600
2024-12-27,84.07838439941406,90.55999755859375,92.0199966430664,90.37000274658203,90.75,2915300
2024-12-30,83.35420989990234,89.77999877929688,90.7300033569336,88.91999816894531,90.68000030517578,2356900
2024-12-31,84.26407623291016,90.76000213623047,91.38999938964844,89.58999633789062,90.0,3087200
2025-01-02,82.8714370727539,89.26000213623047,90.91000366210938,89.0999984741211,90.7699966430664,2463100
2025-01-03,83.54918670654297,89.98999786376953,90.2699966430664,88.6500015258789,89.25,2108300
2025-01-06,82.20296478271484,88.54000091552734,89.69999694824219,88.26000213623047,89.69999694824219,2427500
2025-01-07,81.20026397705078,87.45999908447266,89.05000305175781,87.26000213623047,88.5199966430664,2891700
2025-01-08,81.23739624023438,87.5,87.52999877929688,85.95999908447266,87.1500015258789,3431500
2025-01-10,78.2942886352539,84.33000183105469,86.36000061035156,84.19999694824219,86.11000061035156,4120800
2025-01-13,79.5940933227539,85.7300033569336,85.81999969482422,84.25,84.45999908447266,4525900
2025-01-14,80.466796875,86.66999816894531,87.30999755859375,85.5999984741211,85.7300033569336,2557900
2025-01-15,80.43895721435547,86.63999938964844,89.0999984741211,86.41000366210938,88.7699966430664,3053900
2025-01-16,84.16194152832031,90.6500015258789,90.73999786376953,86.68000030517578,86.68000030517578,4297800
2025-01-17,84.5426025390625,91.05999755859375,91.63999938964844,90.7300033569336,91.12999725341797,4990600
2025-01-21,84.20836639404297,90.69999694824219,92.70999908447266,90.56999969482422,91.47000122070312,4255100
2025-01-22,82.10083770751953,88.43000030517578,90.2300033569336,88.19999694824219,89.87000274658203,3213600
2025-01-23,82.2957992553711,88.63999938964844,88.76000213623047,87.0999984741211,88.06999969482422,2284000
2025-01-24,82.15653991699219,88.48999786376953,89.26000213623047,88.02999877929688,88.58000183105469,1714500
2025-01-27,85.8145523071289,92.43000030517578,93.30000305175781,90.55000305175781,91.05000305175781,4198500
2025-01-28,83.32636260986328,89.75,92.26000213623047,89.36000061035156,91.97000122070312,2251200
2025-01-29,81.59949493408203,87.88999938964844,89.81999969482422,87.55999755859375,89.33999633789062,2644300
2025-01-30,82.65789031982422,89.02999877929688,89.66000366210938,88.0999984741211,89.01000213623047,2704400
2025-01-31,82.89000701904297,89.27999877929688,90.0199966430664,88.5999984741211,88.83999633789062,2567600
2025-02-03,82.9364242553711,89.33000183105469,90.04000091552734,87.91999816894531,88.98999786376953,2125500
2025-02-04,82.21224975585938,88.55000305175781,89.23999786376953,87.9000015258789,88.69999694824219,1732500
2025-02-05,83.41919708251953,89.8499984741211,90.26000213623047,88.54000091552734,89.83000183105469,1570800
2025-02-06,83.78129577636719,90.23999786376953,90.43000030517578,89.4000015258789,90.25,1741700
2025-02-07,83.1035385131836,89.51000213623047,90.38999938964844,88.97000122070312,90.1500015258789,1532600
2025-02-10,83.25209045410156,89.66999816894531,90.06999969482422,88.69999694824219,89.80000305175781,1875500
2025-02-11,84.69115447998047,91.22000122070312,91.30999755859375,89.37999725341797,89.41999816894531,1769100
2025-02-12,83.30779266357422,89.7300033569336,90.45999908447266,88.86000061035156,89.7300033569336,2078000
2025-02-13,83.43777465820312,89.87000274658203,90.62999725341797,89.66000366210938,90.05999755859375,2445500
2025-02-14,81.66447448730469,87.95999908447266,90.5,87.95999908447266,89.27999877929688,3411300
2025-02-18,82.9178466796875,89.30999755859375,90.20999908447266,87.75,87.87000274658203,4455800
2025-02-19,82.8714370727539,89.26000213623047,89.83000183105469,89.01000213623047,89.25,1647000
2025-02-20,84.70044708251953,91.2300033569336,91.44000244140625,88.5199966430664,89.01000213623047,2658800
2025-02-21,85.59172058105469,92.19000244140625,92.69999694824219,90.80000305175781,90.95999908447266,3041900
2025-02-24,85.93524932861328,92.55999755859375,93.55000305175781,91.2699966430664,91.9000015258789,2140200
2025-02-25,86.65013885498047,93.33000183105469,96.02999877929688,92.80999755859375,93.16999816894531,4404600
2025-02-26,85.0718002319336,91.62999725341797,92.70999908447266,90.94000244140625,92.0199966430664,3345700
2025-02-27,86.76153564453125,93.44999694824219,93.94999694824219,91.33999633789062,91.62999725341797,2201700
2025-02-28,87.36502075195312,94.0999984741211,95.05999755859375,93.20999908447266,94.08000183105469,3198300
2025-03-03,88.9990463256836,95.86000061035156,96.06999969482422,93.69999694824219,93.86000061035156,2162500
2025-03-04,87.4671630859375,94.20999908447266,97.68000030517578,94.18000030517578,96.48999786376953,2583800
2025-03-05,87.85708618164062,94.62999725341797,95.30000305175781,93.02999877929688,93.08000183105469,2011400
2025-03-06,88.36772918701172,95.18000030517578,95.68000030517578,92.9000015258789,94.94000244140625,2899100
2025-03-07,90.73521423339844,97.7300033569336,98.0,95.44000244140625,95.73999786376953,2669400
2025-03-10,91.46867370605469,98.5199966430664,101.05999755859375,98.08999633789062,98.63999938964844,3772500
2025-03-11,90.64236450195312,97.62999725341797,99.80000305175781,97.02999877929688,98.7699966430664,3416100
2025-03-12,88.46985626220703,95.29000091552734,96.98999786376953,95.08000183105469,96.86000061035156,2965800
2025-03-13,88.2841567993164,95.08999633789062,96.75,94.0999984741211,95.62000274658203,3287400
2025-03-14,97.43588256835938,103.22000122070312,103.66999816894531,99.29000091552734,100.41999816894531,8718500
2025-03-17,97.14326477050781,102.91000366210938,104.19000244140625,102.47000122070312,103.61000061035156,8458000
2025-03-18,99.05950164794922,104.94000244140625,105.62999725341797,101.33999633789062,101.87000274658203,5314200
2025-03-19,98.5025634765625,104.3499984741211,105.98999786376953,103.41000366210938,104.98999786376953,6221300
2025-03-20,98.72911071777344,104.58999633789062,105.62000274658203,104.19999694824219,104.63999938964844,5277400
2025-03-21,100.4282455444336,106.38999938964844,107.37000274658203,103.98999786376953,104.69000244140625,9215000
2025-03-24,98.46480560302734,104.30999755859375,106.45999908447266,104.27999877929688,105.12999725341797,4169100
2025-03-25,94.82110595703125,100.44999694824219,101.58999633789062,97.62999725341797,101.5199966430664,6703100
2025-03-26,95.42523956298828,101.08999633789062,101.66999816894531,99.86000061035156,100.4000015258789,2785900
2025-03-27,96.8411865234375,102.58999633789062,103.62000274658203,101.11000061035156,101.62000274658203,3196900
2025-03-28,97.79458618164062,103.5999984741211,103.94000244140625,102.30000305175781,103.30000305175781,2689700
2025-03-31,98.38929748535156,104.2300033569336,105.79000091552734,103.36000061035156,104.66000366210938,4198100
2025-04-01,98.74799346923828,104.61000061035156,105.0,103.80000305175781,105.0,2476300
2025-04-02,97.99282836914062,103.80999755859375,105.05999755859375,103.47000122070312,105.0,2045100
2025-04-03,101.06070709228516,107.05999755859375,109.08000183105469,105.04000091552734,105.91000366210938,4681300
2025-04-04,95.32140350341797,100.9800033569336,109.0,100.80000305175781,108.68000030517578,4773200
2025-04-07,92.70662689208984,98.20999908447266,100.66999816894531,95.6500015258789,98.94000244140625,4560500
2025-04-08,89.51603698730469,94.83000183105469,99.51000213623047,93.8499984741211,99.51000213623047,4335700
2025-04-09,90.18624114990234,95.54000091552734,96.55000305175781,91.18000030517578,93.83999633789062,6752600
2025-04-10,89.82754516601562,95.16000366210938,98.1500015258789,93.75,95.54000091552734,4907700
2025-04-11,91.2529296875,96.66999816894531,96.91999816894531,93.37999725341797,95.23999786376953,3419500
2025-04-14,94.24527740478516,99.83999633789062,100.11000061035156,95.75,96.66999816894531,2927800
2025-04-15,94.87774658203125,100.51000213623047,101.55999755859375,99.27999877929688,99.9800033569336,2615100
2025-04-16,95.57627868652344,101.25,102.55000305175781,100.58999633789062,101.6500015258789,2261900
2025-04-17,97.78515625,103.58999633789062,104.31999969482422,101.4000015258789,101.4000015258789,1860100
2025-04-21,96.40696716308594,102.12999725341797,104.22000122070312,100.79000091552734,103.16000366210938,2793700
2025-04-22,98.52145385742188,104.37000274658203,105.26000213623047,102.77999877929688,102.91000366210938,2276300
2025-04-23,96.54855346679688,102.27999877929688,103.47000122070312,100.6500015258789,103.47000122070312,2368400
2025-04-24,95.10430145263672,100.75,102.95999908447266,100.72000122070312,102.83000183105469,3691200
2025-04-25,94.57568359375,100.19000244140625,100.97000122070312,99.19999694824219,100.5999984741211,1716700
2025-04-28,95.2647705078125,100.91999816894531,101.11000061035156,99.58999633789062,99.91000366210938,2756700
2025-04-29,97.88898468017578,103.69999694824219,104.55999755859375,100.44999694824219,100.83000183105469,2401900
2025-04-30,99.83354949951172,105.76000213623047,106.06999969482422,103.93000030517578,104.94999694824219,3934700
2025-05-01,100.34329986572266,106.30000305175781,106.83999633789062,104.38999938964844,105.98999786376953,3154600
2025-05-02,100.88135528564453,106.87000274658203,107.30000305175781,105.87999725341797,106.80000305175781,3524700
2025-05-05,100.98518371582031,106.9800033569336,107.6500015258789,105.81999969482422,107.45999908447266,2708600
2025-05-06,100.4565658569336,106.41999816894531,107.2699966430664,105.93000030517578,106.7699966430664,2818000
2025-05-07,98.88015747070312,104.75,106.95999908447266,104.04000091552734,105.55999755859375,5264900
2025-05-08,97.49252319335938,103.27999877929688,105.08000183105469,103.19000244140625,104.55000305175781,2933400
2025-05-09,99.11614990234375,105.0,105.54000091552734,102.97000122070312,103.56999969482422,3043400
2025-05-12,94.84943389892578,100.4800033569336,102.81999969482422,99.66999816894531,102.81999969482422,3494700
2025-05-13,92.81047058105469,98.31999969482422,101.30000305175781,97.7300033569336,100.95999908447266,3157600
2025-05-14,92.72551727294922,98.2300033569336,98.38999938964844,97.06999969482422,98.05000305175781,2967900
2025-05-15,95.12317657470703,100.7699966430664,100.83999633789062,98.80999755859375,99.1500015258789,2455300
2025-05-16,96.58631896972656,102.31999969482422,102.3499984741211,100.79000091552734,101.13999938964844,2966800
2025-05-19,97.20933532714844,102.9800033569336,103.0999984741211,101.2300033569336,102.04000091552734,1579900
2025-05-20,97.15270233154297,102.91999816894531,103.25,101.79000091552734,102.20999908447266,1902500
2025-05-21,95.83114624023438,101.5199966430664,103.12999725341797,101.38999938964844,102.83000183105469,3019100
2025-05-22,94.32080841064453,99.91999816894531,101.88999938964844,99.0999984741211,101.80000305175781,2992700
2025-05-23,94.54736328125,100.16000366210938,101.16000366210938,99.41999816894531,100.62999725341797,1853100
2025-05-27,94.9155044555664,100.55000305175781,101.08000183105469,99.94000244140625,100.0999984741211,2094800
2025-05-28,94.05650329589844,99.63999938964844,100.55999755859375,98.93000030517578,100.41999816894531,1901700
2025-05-29,94.72669982910156,100.3499984741211,100.36000061035156,98.56999969482422,99.16999816894531,1811300
2025-05-30,94.72669982910156,100.3499984741211,100.7699966430664,99.51000213623047,100.08000183105469,5068700
2025-06-02,94.29248809814453,99.88999938964844,100.0,98.48999786376953,99.8499984741211,2935600
2025-06-03,94.26416778564453,99.86000061035156,100.01000213623047,98.43000030517578,99.45999908447266,2867400
2025-06-04,94.61344909667969,100.2300033569336,100.93000030517578,99.18000030517578,100.0,3852500
2025-06-05,94.66064453125,100.27999877929688,100.76000213623047,99.80999755859375,100.62999725341797,2989800
2025-06-06,93.40515899658203,98.94999694824219,100.3499984741211,98.66000366210938,99.63999938964844,2805500
2025-06-09,93.47123718261719,99.0199966430664,99.62000274658203,97.88999938964844,98.6500015258789,2643200
2025-06-10,94.29248809814453,99.88999938964844,100.44000244140625,98.93000030517578,100.18000030517578,3863500
2025-06-11,93.85826873779297,99.43000030517578,100.41999816894531,98.73999786376953,99.69999694824219,3617200
2025-06-12,94.42464447021484,100.02999877929688,100.27999877929688,99.33999633789062,99.72000122070312,2803800
2025-06-13,93.8741226196289,98.38999938964844,99.68000030517578,98.06999969482422,98.73999786376953,2301100
2025-06-16,94.45613098144531,99.0,100.37999725341797,97.9000015258789,98.23999786376953,4456700
2025-06-17,94.27484130859375,98.80999755859375,99.5199966430664,98.13999938964844,99.02999877929688,1881200
2025-06-18,94.81868743896484,99.37999725341797,99.66999816894531,98.02999877929688,99.01000213623047,3549400
2025-06-20,95.58197021484375,100.18000030517578,100.58999633789062,99.16000366210938,99.36000061035156,5035100
2025-06-23,97.82411193847656,102.52999877929688,103.0199966430664,100.31999969482422,100.62999725341797,5335800
2025-06-24,98.45381927490234,103.19000244140625,103.70999908447266,101.02999877929688,102.43000030517578,4688600
2025-06-25,97.14669036865234,101.81999969482422,102.94000244140625,101.41000366210938,102.45999908447266,2327200
2025-06-26,95.74415588378906,100.3499984741211,102.44999694824219,99.73999786376953,102.19999694824219,4204200
2025-06-27,96.0303955078125,100.6500015258789,101.2699966430664,99.7300033569336,100.0,3004400
2025-06-30,98.01493072509766,102.7300033569336,102.79000091552734,99.30000305175781,100.3499984741211,3899200
2025-07-01,98.9594955444336,103.72000122070312,104.33000183105469,102.08000183105469,102.69999694824219,3405600
2025-07-02,98.43473815917969,103.16999816894531,103.87000274658203,102.91000366210938,103.38999938964844,1951500
2025-07-03,98.19621276855469,102.91999816894531,103.13999938964844,101.06999969482422,102.61000061035156,1246300
2025-07-07,97.17532348632812,101.8499984741211,103.11000061035156,101.06999969482422,102.87000274658203,2110400
2025-07-08,97.87181854248047,102.58000183105469,102.81999969482422,100.76000213623047,100.76000213623047,2209800
2025-07-09,98.6637191772461,103.41000366210938,103.48999786376953,101.20999908447266,102.5,1952200
2025-07-10,99.19801330566406,103.97000122070312,104.45999908447266,102.4000015258789,103.4000015258789,2712400
2025-07-11,98.04354858398438,102.76000213623047,103.75,102.06999969482422,103.29000091552734,1804500
2025-07-14,98.50151824951172,103.23999786376953,103.44000244140625,101.86000061035156,102.47000122070312,2649800
2025-07-15,97.27072143554688,101.94999694824219,103.23999786376953,101.45999908447266,103.16999816894531,1969700
2025-07-16,99.02627563476562,103.79000091552734,103.80000305175781,102.0,102.22000122070312,1580300
2025-07-17,99.45562744140625,104.23999786376953,104.58000183105469,103.30000305175781,103.72000122070312,2061700
2025-07-18,100.31431579589844,105.13999938964844,105.54000091552734,104.19000244140625,104.4000015258789,5210600
2025-07-21,101.51648712158203,106.4000015258789,106.8499984741211,105.51000213623047,105.8499984741211,2576500
2025-07-22,105.18978118896484,110.25,110.48999786376953,106.47000122070312,106.91000366210938,3734800
2025-07-23,104.69365692138672,109.7300033569336,110.69999694824219,109.19999694824219,109.66000366210938,4709200
2025-07-24,108.68179321289062,113.91000366210938,115.76000213623047,112.41000366210938,112.97000122070312,6095800
2025-07-25,106.36333465576172,111.4800033569336,113.80000305175781,110.4800033569336,113.80000305175781,3420700
2025-07-28,103.80633544921875,108.80000305175781,111.43000030517578,108.52999877929688,110.87999725341797,4044200
2025-07-29,104.31200408935547,109.33000183105469,110.13999938964844,107.3499984741211,109.29000091552734,3494800
2025-07-30,102.0603256225586,106.97000122070312,109.37000274658203,106.04000091552734,108.12000274658203,4169100
2025-07-31,100.26660919189453,105.08999633789062,107.12000274658203,104.76000213623047,105.94999694824219,4962300
2025-08-01,101.97445678710938,106.87999725341797,112.75,106.0999984741211,107.08000183105469,3429500
2025-08-04,102.27023315429688,107.19000244140625,107.88999938964844,106.1500015258789,106.76000213623047,2977200
2025-08-05,100.12349700927734,104.94000244140625,107.12000274658203,104.69000244140625,107.04000091552734,2534400
2025-08-06,100.45742797851562,105.29000091552734,106.63999938964844,105.06999969482422,105.2300033569336,2064400
2025-08-07,101.335205078125,106.20999908447266,106.62999725341797,104.27999877929688,105.47000122070312,2285200
2025-08-08,99.70368957519531,104.5,106.68000030517578,104.2300033569336,106.31999969482422,1964400
2025-08-11,99.01673889160156,103.77999877929688,104.63999938964844,103.26000213623047,104.08000183105469,2492500
2025-08-12,97.63328552246094,102.33000183105469,104.63999938964844,101.27999877929688,103.66000366210938,6153300
2025-08-13,97.14669036865234,101.81999969482422,102.87999725341797,101.26000213623047,102.33999633789062,3751600
2025-08-14,96.41204071044922,101.05000305175781,101.43000030517578,99.75,101.33999633789062,2249100
2025-08-15,97.02266693115234,101.69000244140625,102.66000366210938,100.86000061035156,101.27999877929688,2849900
2025-08-18,95.93498229980469,100.55000305175781,102.30000305175781,100.12999725341797,101.8499984741211,2682600
2025-08-19,97.71915435791016,102.41999816894531,102.58000183105469,101.11000061035156,101.66000366210938,2798800
2025-08-20,98.13896179199219,102.86000061035156,103.55999755859375,102.43000030517578,103.33999633789062,4009200
2025-08-21,98.08171844482422,102.80000305175781,103.30999755859375,102.19999694824219,102.52999877929688,1897900
2025-08-22,99.02627563476562,103.79000091552734,104.61000061035156,102.98999786376953,103.13999938964844,2387800
2025-08-25,98.2439193725586,102.97000122070312,104.08000183105469,102.93000030517578,103.80999755859375,1565600
2025-08-26,96.7364273071289,101.38999938964844,101.83000183105469,99.0,100.98999786376953,4864500
2025-08-27,95.55335235595703,100.1500015258789,102.19000244140625,100.1500015258789,101.69999694824219,3804200
2025-08-28,93.25395965576172,97.73999786376953,100.18000030517578,97.5199966430664,100.12999725341797,3276600
2025-08-29,94.5896987915039,99.13999938964844,99.25,97.86000061035156,97.86000061035156,3262900
2025-09-02,93.5974349975586,98.0999984741211,99.81999969482422,97.62000274658203,98.16999816894531,4349900
2025-09-03,92.61470031738281,97.06999969482422,99.5199966430664,96.91000366210938,97.94999694824219,3401800
2025-09-04,91.07860565185547,95.45999908447266,97.83999633789062,94.9000015258789,97.83999633789062,3967200
2025-09-05,91.7369384765625,96.1500015258789,96.93000030517578,95.55999755859375,96.56999969482422,5239400
2025-09-08,89.57112121582031,93.87999725341797,94.01000213623047,91.30000305175781,93.04000091552734,9020300
2025-09-09,90.16266632080078,94.5,94.62999725341797,93.11000061035156,94.08000183105469,8185700
2025-09-10,89.71424102783203,94.02999877929688,94.76000213623047,93.6500015258789,94.0199966430664,2614400
2025-09-11,91.19309997558594,95.58000183105469,95.75,93.69000244140625,94.06999969482422,2838900
2025-09-12,91.0118179321289,95.38999938964844,95.91000366210938,95.0,95.33000183105469,2930000
2025-09-15,90.28142547607422,93.56999969482422,95.23999786376953,92.2699966430664,95.0,4768900
2025-09-16,90.28142547607422,93.56999969482422,94.27999877929688,93.38999938964844,93.4000015258789,2549700
2025-09-17,91.46820068359375,94.80000305175781,96.37999725341797,93.5199966430664,93.61000061035156,3476700
2025-09-18,89.69286346435547,92.95999908447266,94.38999938964844,92.5999984741211,94.0,2717100
2025-09-19,90.31037139892578,93.5999984741211,94.31999969482422,92.38999938964844,92.98999786376953,5261500
2025-09-22,90.96646881103516,94.27999877929688,94.70999908447266,93.61000061035156,94.20999908447266,3935700
2025-09-23,91.03401184082031,94.3499984741211,95.05000305175781,94.12000274658203,94.44000244140625,1924900
2025-09-24,90.41650390625,93.70999908447266,94.55999755859375,93.4000015258789,94.18000030517578,2133500
2025-09-25,90.6770248413086,93.9800033569336,95.31999969482422,93.70999908447266,94.16000366210938,2579500
2025-09-26,91.96027374267578,95.30999755859375,95.5199966430664,93.95999908447266,93.95999908447266,2786100
2025-09-29,92.8093490600586,96.19000244140625,96.81999969482422,94.8499984741211,95.54000091552734,4540200
2025-09-30,93.09879302978516,96.48999786376953,97.26000213623047,95.73999786376953,96.44000244140625,3696000
2025-10-01,92.3462142944336,95.70999908447266,97.19000244140625,95.05999755859375,96.94999694824219,3328600
2025-10-02,92.10499572753906,95.45999908447266,96.41999816894531,94.81999969482422,95.94999694824219,2149600
2025-10-03,92.09534454345703,95.44999694824219,97.05000305175781,95.13999938964844,95.30000305175781,2359500
2025-10-06,90.6866683959961,93.98999786376953,94.93000030517578,93.80999755859375,94.70999908447266,1656300
2025-10-07,91.79624938964844,95.13999938964844,95.1500015258789,93.27999877929688,94.20999908447266,3420300
2025-10-08,93.03126525878906,96.41999816894531,96.5,94.62999725341797,94.83000183105469,4330200
2025-10-09,93.22423553466797,96.62000274658203,97.3499984741211,96.12000274658203,96.9800033569336,1894900
2025-10-10,94.15049743652344,97.58000183105469,97.80999755859375,95.5199966430664,97.5,2703600
2025-10-13,92.72250366210938,96.0999984741211,97.2699966430664,95.29000091552734,96.19999694824219,2626400
2025-10-14,93.87068939208984,97.29000091552734,97.62999725341797,95.9800033569336,96.18000030517578,2361100
2025-10-15,94.61361694335938,98.05999755859375,98.5199966430664,96.94000244140625,96.97000122070312,1984000
2025-10-16,94.61361694335938,98.05999755859375,99.47000122070312,97.5999984741211,97.70999908447266,2172200
2025-10-17,94.05401611328125,97.4800033569336,98.52999877929688,96.5,98.29000091552734,2654800
2025-10-20,95.39515686035156,98.87000274658203,98.91999816894531,96.94999694824219,97.12999725341797,2378400
2025-10-21,95.1828842163086,98.6500015258789,100.12000274658203,98.05999755859375,98.37999725341797,1804800
2025-10-22,94.26628112792969,97.69999694824219,99.33999633789062,97.61000061035156,98.5199966430664,2637600
2025-10-23,94.81623077392578,98.2699966430664,100.5,95.33999633789062,100.0,3984000
2025-10-24,95.02850341796875,98.48999786376953,99.20999908447266,97.51000213623047,98.6500015258789,2108900
2025-10-27,94.16978454589844,97.5999984741211,98.36000061035156,97.11000061035156,97.91000366210938,2369600
2025-10-28,91.25592803955078,94.58000183105469,95.0,90.06999969482422,94.0,10161000
2025-10-29,89.07536315917969,92.31999969482422,95.31999969482422,92.2699966430664,94.23999786376953,4055600
2025-10-30,88.11050415039062,91.31999969482422,94.0199966430664,90.9000015258789,92.44000244140625,2800800
2025-10-31,87.04916381835938,90.22000122070312,90.91999816894531,89.97000122070312,90.5999984741211,2582200
2025-11-03,86.37376403808594,89.5199966430664,89.58000183105469,87.81999969482422,89.37000274658203,3551900
2025-11-04,87.1456527709961,90.31999969482422,91.79000091552734,89.68000030517578,90.08999633789062,2808700
2025-11-05,86.67288208007812,89.83000183105469,90.58999633789062,89.27999877929688,90.0,2012500
2025-11-06,84.72386169433594,87.80999755859375,90.27999877929688,87.72000122070312,89.55000305175781,2568200
2025-11-07,86.39306640625,89.54000091552734,89.5999984741211,87.70999908447266,87.70999908447266,3568100
2025-11-10,88.60257720947266,91.83000183105469,92.08000183105469,88.76000213623047,88.76000213623047,4615200
2025-11-11,90.9182357788086,94.2300033569336,94.44000244140625,92.22000122070312,92.31999969482422,2866600
2025-11-12,90.3779067993164,93.66999816894531,94.0999984741211,92.56999969482422,93.7699966430664,2451200
2025-11-13,87.42545318603516,90.61000061035156,93.23999786376953,90.5199966430664,93.20999908447266,3430200
2025-11-14,88.45784759521484,91.68000030517578,92.30000305175781,90.37000274658203,91.43000030517578,3279200
2025-11-17,87.3675765991211,90.55000305175781,91.7699966430664,90.19999694824219,91.69999694824219,2335700
2025-11-18,87.84034729003906,91.04000091552734,91.80000305175781,90.0999984741211,90.4000015258789,2443200
2025-11-19,87.8499984741211,91.05000305175781,91.48999786376953,89.47000122070312,91.2300033569336,2177300
2025-11-20,86.95268249511719,90.12000274658203,91.58999633789062,89.1500015258789,90.8499984741211,2639300
2025-11-21,86.84654235839844,90.01000213623047,91.29000091552734,89.62999725341797,90.69999694824219,3163300
2025-11-24,85.8913345336914,89.0199966430664,90.19999694824219,88.11000061035156,89.86000061035156,3947500
2025-11-25,86.25798797607422,89.4000015258789,90.41000366210938,89.36000061035156,89.37999725341797,2453300
2025-11-26,87.3675765991211,90.55000305175781,91.0,89.26000213623047,89.44000244140625,2768600
2025-11-28,88.07190704345703,91.27999877929688,91.37999725341797,90.01000213623047,90.66000366210938,1291600
2025-12-01,85.38961791992188,88.5,89.8499984741211,87.8499984741211,89.8499984741211,4164500
2025-12-02,85.1773452758789,88.27999877929688,89.69000244140625,87.88999938964844,89.18000030517578,2768800
2025-12-03,85.22559356689453,88.33000183105469,88.9000015258789,87.16000366210938,88.5,2507300
2025-12-04,85.4957504272461,88.61000061035156,89.06999969482422,87.62999725341797,88.08999633789062,2330500
2025-12-05,86.14219665527344,89.27999877929688,89.5,88.25,88.52999877929688,2706400
2025-12-08,87.6280746459961,90.81999969482422,91.04000091552734,88.05999755859375,89.20999908447266,2593200
2025-12-09,87.02986145019531,90.19999694824219,91.76000213623047,89.87999725341797,91.0199966430664,2514700
2025-12-10,87.45439910888672,90.63999938964844,92.18000030517578,90.13999938964844,90.18000030517578,2589400
2025-12-11,88.61222076416016,91.83999633789062,92.31999969482422,90.94000244140625,91.27999877929688,2024600
2025-12-12,87.76315307617188,90.95999908447266,92.19999694824219,90.80999755859375,91.76000213623047,2432100
2025-12-15,87.36581420898438,89.48999786376953,90.36000061035156,87.80999755859375,90.06999969482422,4454700
2025-12-16,85.81355285644531,87.9000015258789,89.72000122070312,87.54000091552734,89.33000183105469,3491200
2025-12-17,86.1552505493164,88.25,89.04000091552734,87.11000061035156,87.48999786376953,3114600
2025-12-18,84.83729553222656,86.9000015258789,88.75,86.83000183105469,88.4800033569336,3449700
2025-12-19,84.05628204345703,86.0999984741211,86.94999694824219,86.05999755859375,86.76000213623047,4474600
2025-12-22,84.37844848632812,86.43000030517578,86.80999755859375,84.20999908447266,85.12000274658203,2615800
2025-12-23,85.3449478149414,87.41999816894531,87.47000122070312,86.13999938964844,86.7699966430664,3261100
2025-12-24,85.76473999023438,87.8499984741211,88.58999633789062,86.16999816894531,87.41999816894531,912500
2025-12-26,86.18453979492188,88.27999877929688,88.62999725341797,87.75,87.91999816894531,1380500
2025-12-29,86.55552673339844,88.66000366210938,89.16000366210938,88.27999877929688,88.45999908447266,2178100
2025-12-30,86.98507690429688,89.0999984741211,89.20999908447266,88.37000274658203,88.6500015258789,1896200
2025-12-31,86.76053619384766,88.87000274658203,89.23999786376953,88.55000305175781,88.77999877929688,2032600
2026-01-02,86.59456634521484,88.69999694824219,89.22000122070312,87.58999633789062,88.8499984741211,1855500
2026-01-05,86.32121276855469,88.41999816894531,88.54000091552734,86.16000366210938,87.91000366210938,3970900
2026-01-06,85.06182861328125,87.12999725341797,88.88999938964844,87.0999984741211,88.05000305175781,2657800
2026-01-07,83.07025146484375,85.08999633789062,88.0199966430664,85.0,88.0,3002300
2026-01-08,82.51377868652344,84.5199966430664,86.12000274658203,84.45999908447266,84.61000061035156,2107200
2026-01-09,81.68396759033203,83.66999816894531,84.45999908447266,83.20999908447266,84.23999786376953,2036600
2026-01-12,82.9726333618164,84.98999786376953,85.61000061035156,84.16000366210938,84.27999877929688,2565400
2026-01-13,84.74942779541016,86.80999755859375,86.94999694824219,84.12999725341797,84.48999786376953,3590200
2026-01-14,86.56527709960938,88.66999816894531,90.36000061035156,86.79000091552734,87.0,3368700
2026-01-15,88.26398468017578,90.41000366210938,90.62000274658203,87.76000213623047,88.86000061035156,3057900
2026-01-16,88.71306610107422,90.87000274658203,91.25,89.4800033569336,89.54000091552734,3155500
2026-01-20,84.74942779541016,86.80999755859375,90.76000213623047,86.61000061035156,90.56999969482422,4473400
2026-01-21,85.10088348388672,87.16999816894531,88.0,86.41000366210938,87.2699966430664,2320900
2026-01-22,84.14414978027344,86.19000244140625,87.97000122070312,86.1500015258789,87.12000274658203,2493900
2026-01-23,84.54441833496094,86.5999984741211,87.05000305175781,85.26000213623047,85.80999755859375,2553100
2026-01-26,85.17898559570312,87.25,87.9000015258789,86.91000366210938,87.16999816894531,2559700
2026-01-27,84.69085693359375,86.75,87.80999755859375,86.5999984741211,86.91000366210938,3412900
2026-01-28,82.87500762939453,84.88999938964844,86.87000274658203,84.68000030517578,86.52999877929688,2276900
2026-01-29,84.85681915283203,86.91999816894531,87.04000091552734,84.80999755859375,84.87999725341797,3640500
2026-01-30,84.74942779541016,86.80999755859375,87.0,85.04000091552734,87.0,3879500
2026-02-02,82.9433364868164,84.95999908447266,86.86000061035156,84.76000213623047,86.63999938964844,3748400
2026-02-03,82.40640258789062,84.41000366210938,85.12999725341797,83.91000366210938,84.6500015258789,3498100
2026-02-04,84.06604766845703,86.11000061035156,87.30999755859375,84.20999908447266,84.62000274658203,3615300
2026-02-05,76.509765625,78.37000274658203,81.68000030517578,77.88999938964844,79.75,13697000
2026-02-06,78.9601821899414,80.87999725341797,81.37999725341797,77.01000213623047,79.06999969482422,6737200
2026-02-09,81.10796356201172,83.08000183105469,83.23999786376953,79.80000305175781,81.04000091552734,3556100
2026-02-10,82.53330993652344,84.54000091552734,85.13999938964844,82.83000183105469,83.33000183105469,3761400
2026-02-11,84.02699279785156,86.06999969482422,86.22000122070312,82.76000213623047,84.0,2748200
2026-02-12,85.72569274902344,87.80999755859375,91.08999633789062,86.9000015258789,87.37000274658203,6021600
2026-02-13,88.23468780517578,90.37999725341797,90.98999786376953,87.88999938964844,88.37000274658203,3292200
2026-02-17,89.6795654296875,91.86000061035156,91.94999694824219,89.26000213623047,90.44000244140625,2970100
2026-02-18,85.3547134399414,87.43000030517578,91.86000061035156,87.2300033569336,91.56999969482422,4538900
2026-02-19,84.4175033569336,86.47000122070312,88.52999877929688,86.18000030517578,87.55000305175781,2973400
2026-02-20,85.92094421386719,88.01000213623047,88.3499984741211,85.9000015258789,86.58000183105469,3287000
2026-02-23,85.61830139160156,87.69999694824219,88.66000366210938,86.6500015258789,87.83999633789062,3133100
2026-02-24,86.53599548339844,88.63999938964844,90.0,87.0,87.5999984741211,3137800
2026-02-25,83.99771118164062,86.04000091552734,89.0199966430664,85.81999969482422,88.5,3576300
2026-02-26,84.34915924072266,86.4000015258789,87.45999908447266,85.2699966430664,86.55000305175781,2194800
2026-02-27,87.41463470458984,89.54000091552734,89.6500015258789,85.80000305175781,86.56999969482422,6837800
2026-03-02,87.40486907958984,89.52999877929688,90.12999725341797,88.36000061035156,88.93000030517578,3201000
2026-03-03,88.11754608154297,90.26000213623047,90.79000091552734,87.81999969482422,88.2699966430664,3745100
2026-03-04,88.98641967773438,91.1500015258789,91.30999755859375,89.11000061035156,89.94000244140625,2599400
2026-03-05,87.97109985351562,90.11000061035156,90.54000091552734,88.9000015258789,90.4000015258789,3617400
2026-03-06,88.28350830078125,90.43000030517578,90.95999908447266,89.37000274658203,89.58000183105469,2656700
2026-03-09,87.6001205444336,89.7300033569336,90.26000213623047,87.94000244140625,90.11000061035156,2770400
2026-03-10,86.41883850097656,88.5199966430664,90.58999633789062,88.26000213623047,89.54000091552734,2350400
2026-03-11,85.48162841796875,87.55999755859375,88.75,87.36000061035156,88.06999969482422,3019100
2026-03-12,84.06604766845703,86.11000061035156,88.0999984741211,86.01000213623047,87.37999725341797,2789800
2026-03-13,86.46109771728516,87.47000122070312,87.6500015258789,85.91999816894531,86.04000091552734,2232800
2026-03-16,86.51051330566406,87.5199966430664,88.19999694824219,87.0999984741211,88.0199966430664,2390100
2026-03-17,86.9157943725586,87.93000030517578,88.69000244140625,87.37999725341797,88.13999938964844,2101900
2026-03-18,83.93062591552734,84.91000366210938,87.1500015258789,84.81999969482422,87.1500015258789,2391900
2026-03-19,84.08877563476562,85.06999969482422,85.43000030517578,83.7699966430664,84.87000274658203,1822700
2026-03-20,81.4100341796875,82.36000061035156,86.0199966430664,81.69999694824219,85.12999725341797,5086800
2026-03-23,80.39192199707031,81.33000183105469,83.43000030517578,80.20999908447266,82.37000274658203,2788400
2026-03-24,77.68351745605469,78.58999633789062,81.5,78.30000305175781,80.25,3450300
2026-03-25,76.07231903076172,76.95999908447266,79.33000183105469,75.95999908447266,79.13999938964844,5064200
2026-03-26,77.07067108154297,77.97000122070312,78.01000213623047,76.01000213623047,76.68000030517578,2962300
2026-03-27,77.68351745605469,78.58999633789062,79.25,77.80000305175781,77.93000030517578,2456900
2026-03-30,78.76094818115234,79.68000030517578,81.43000030517578,79.0,79.7699966430664,3174400
2026-03-31,80.37214660644531,81.30999755859375,81.4800033569336,79.47000122070312,80.1500015258789,3719800
2026-04-01,79.89768981933594,80.83000183105469,81.66999816894531,80.0199966430664,80.7699966430664,2485900
2026-04-02,83.8021240234375,84.77999877929688,87.04000091552734,80.29000091552734,81.20999908447266,6078100
2026-04-06,85.57147979736328,86.56999969482422,87.45999908447266,84.12999725341797,84.30999755859375,2339500
2026-04-07,83.93062591552734,84.91000366210938,86.55999755859375,84.72000122070312,86.43000030517578,2173300
2026-04-08,84.53358459472656,85.5199966430664,86.37999725341797,83.58999633789062,84.94999694824219,3920900
2026-04-09,85.57147979736328,86.56999969482422,87.58999633789062,84.4800033569336,84.91999816894531,3591200
2026-04-10,85.29470825195312,86.29000091552734,87.16999816894531,86.05000305175781,86.55000305175781,2128000
2026-04-13,86.07559967041016,87.08000183105469,87.0999984741211,85.72000122070312,86.2300033569336,2339800
2026-04-14,85.27493286132812,86.2699966430664,87.22000122070312,85.12000274658203,87.05000305175781,2775200
2026-04-15,84.64231872558594,85.62999725341797,87.05000305175781,85.44999694824219,86.4800033569336,2696200
2026-04-16,85.8680191040039,86.87000274658203,86.9000015258789,85.66999816894531,85.79000091552734,2534800
2026-04-17,87.6867904663086,88.70999908447266,89.0,86.44000244140625,86.95999908447266,3436500
2026-04-20,86.55005645751953,87.55999755859375,88.94999694824219,87.36000061035156,88.25,2395000
2026-04-21,83.94050598144531,84.91999816894531,87.91999816894531,84.29000091552734,87.76000213623047,3552000
2026-04-22,85.01793670654297,86.01000213623047,87.12999725341797,85.05999755859375,85.75,2920100
2026-04-23,86.51051330566406,87.5199966430664,89.68000030517578,86.55000305175781,88.9000015258789,3865300
2026-04-24,85.34412384033203,86.33999633789062,87.43000030517578,84.68000030517578,87.41999816894531,2893800
2026-04-27,82.47758483886719,83.44000244140625,86.5999984741211,83.30000305175781,85.9800033569336,3145900
2026-04-28,85.17608642578125,86.16999816894531,86.22000122070312,83.4800033569336,84.38999938964844,2818400
2026-04-29,84.87955474853516,85.87000274658203,87.05999755859375,85.63999938964844,85.63999938964844,2884100
2026-04-30,87.75598907470703,88.77999877929688,88.94999694824219,85.66999816894531,85.88999938964844,3094700
2026-05-01,88.23045349121094,89.26000213623047,90.5,88.55999755859375,89.20999908447266,3292600
2026-05-04,89.13983917236328,90.18000030517578,90.8499984741211,88.47000122070312,88.66999816894531,3064100
2026-05-05,88.07229614257812,89.0999984741211,90.48999786376953,88.87999725341797,90.0,2755800
2026-05-06,89.19914245605469,90.23999786376953,90.87000274658203,89.25,89.7300033569336,2535700
2026-05-07,90.01957702636719,91.06999969482422,91.3499984741211,89.88999938964844,90.0,3134000
2026-05-08,89.52533721923828,90.56999969482422,92.11000061035156,90.44999694824219,91.12000274658203,4123500
2026-05-11,89.62418365478516,90.66999816894531,92.30999755859375,90.44000244140625,90.95999908447266,3640500
2026-05-12,90.44461059570312,91.5,92.80999755859375,89.87000274658203,90.22000122070312,3809300
2026-05-13,88.5863037109375,89.62000274658203,90.70999908447266,87.30000305175781,90.70999908447266,5158800
2026-05-14,86.30294036865234,87.30999755859375,90.01000213623047,87.11000061035156,89.72000122070312,3610300
2026-05-15,85.66044616699219,86.66000366210938,87.86000061035156,85.47000122070312,87.06999969482422,3732800
2026-05-18,88.8828353881836,89.91999816894531,90.05999755859375,86.66000366210938,86.66000366210938,3529300
2026-05-19,91.2749252319336,92.33999633789062,92.68000030517578,89.80999755859375,89.80999755859375,4051200
2026-05-20,91.57146453857422,92.63999938964844,92.79000091552734,91.0999984741211,91.12000274658203,3290500
2026-05-21,90.97838592529297,92.04000091552734,93.79000091552734,91.80000305175781,92.23999786376953,2863000
2026-05-22,90.40507507324219,91.45999908447266,92.66999816894531,90.58000183105469,92.41999816894531,3045300
2026-05-26,89.59453582763672,90.63999938964844,92.26000213623047,90.58000183105469,91.47000122070312,3548700
2026-05-27,89.82188415527344,90.87000274658203,92.11000061035156,90.01000213623047,90.80000305175781,3012000
2026-05-28,90.03933715820312,91.08999633789062,92.22000122070312,90.62000274658203,90.95999908447266,3284800
2026-05-29,90.44461059570312,91.5,91.9800033569336,90.23999786376953,90.94000244140625,5347300
2026-06-01,89.98003387451172,91.02999877929688,91.23999786376953,89.94000244140625,90.52999877929688,3737600
2026-06-02,88.8828353881836,89.91999816894531,91.29000091552734,88.62000274658203,90.80000305175781,3090900
2026-06-03,87.59783172607422,88.62000274658203,91.45999908447266,88.5999984741211,89.16999816894531,4456600
2026-06-04,92.70819854736328,93.79000091552734,94.16000366210938,89.81999969482422,90.66999816894531,6458700
2026-06-05,93.4001235961914,94.48999786376953,95.06999969482422,93.62999725341797,93.9000015258789,5481700
2026-06-08,90.73126983642578,91.79000091552734,94.0999984741211,91.47000122070312,93.97000122070312,4094500
2026-06-09,91.50227355957031,92.56999969482422,93.6500015258789,91.30999755859375,92.2300033569336,4352300
2026-06-10,92.30292510986328,93.37999725341797,93.5999984741211,91.66000366210938,93.19000244140625,4173200
2026-06-11,90.97838592529297,92.04000091552734,93.62999725341797,91.43000030517578,93.25,4060600
2026-06-12,91.09700775146484,92.16000366210938,93.6500015258789,91.87000274658203,92.5,4401200
2026-06-15,88.73999786376953,88.73999786376953,91.4000015258789,87.98999786376953,91.0,5846700
2026-06-16,88.12999725341797,88.12999725341797,89.63999938964844,87.61000061035156,89.1500015258789,4115300
2026-06-17,85.7699966430664,85.7699966430664,88.05999755859375,85.43000030517578,87.5,3943400
2026-06-18,82.05000305175781,82.05000305175781,86.33999633789062,81.81999969482422,86.31999969482422,7437300
2026-06-22,83.12000274658203,83.12000274658203,84.36000061035156,81.20999908447266,81.43000030517578,4758900
2026-06-23,84.33000183105469,84.33000183105469,84.7300033569336,82.75,84.2699966430664,3716700
2026-06-24,82.13999938964844,82.13999938964844,84.52999877929688,81.0199966430664,84.23999786376953,6329100
2026-06-25,79.52999877929688,79.52999877929688,82.33999633789062,78.2699966430664,82.13999938964844,5001800
2026-06-26,82.62000274658203,82.62000274658203,82.75,80.0199966430664,80.37000274658203,6122800
2026-06-29,78.62999725341797,78.62999725341797,82.63999938964844,78.01000213623047,82.22000122070312,4641300
2026-06-30,75.7300033569336,75.7300033569336,79.18000030517578,75.38999938964844,78.02999877929688,6130600
2026-07-01,76.52999877929688,76.52999877929688,77.23999786376953,74.33000183105469,75.62000274658203,4547800
2026-07-02,76.5999984741211,76.5999984741211,78.91999816894531,76.38999938964844,77.68000030517578,4060600
2026-07-06,74.91999816894531,74.91999816894531,76.2699966430664,73.75,76.0,3735100
2026-07-07,77.22000122070312,77.22000122070312,78.0,75.80999755859375,75.80999755859375,4366700
2026-07-08,76.9000015258789,76.9000015258789,77.47000122070312,76.37000274658203,76.91000366210938,3647500
2026-07-09,76.68000030517578,76.68000030517578,77.37000274658203,75.86000061035156,76.22000122070312,3552300
2026-07-10,79.66000366210938,79.66000366210938,79.83999633789062,77.93000030517578,78.16999816894531,5364200
2026-07-13,79.83999633789062,79.83999633789062,80.81999969482422,79.73999786376953,80.36000061035156,3280900
2026-07-14,79.05000305175781,79.05000305175781,79.68000030517578,78.0999984741211,79.6500015258789,2914900
2026-07-15,79.47000122070312,79.47000122070312,80.76000213623047,78.69000244140625,79.0999984741211,3512900
2026-07-16,78.7300033569336,78.7300033569336,80.31999969482422,78.30000305175781,79.79000091552734,3375300
2026-07-17,79.16999816894531,79.16999816894531,80.69000244140625,78.62999725341797,80.05000305175781,2934200
2026-07-20,78.18000030517578,78.18000030517578,79.2300033569336,77.31999969482422,79.0,3713700
2026-07-21,76.19999694824219,76.19999694824219,78.0999984741211,76.04000091552734,77.87000274658203,3829000
2026-07-22,77.5,77.5,77.75,76.37999725341797,77.0,3919800
2026-07-23,74.56999969482422,74.56999969482422,78.23999786376953,73.77999877929688,77.77999877929688,8116200
2026-07-24,74.9000015258789,74.9000015258789,76.76000213623047,74.7300033569336,75.56999969482422,4195400
