Date,Adj Close,Close,High,Low,Open,Volume
2015-01-02,46.06679153442383,62.4900016784668,62.959999084472656,62.06999969482422,62.18000030517578,12600000
2015-01-05,44.636634826660156,60.54999923706055,62.279998779296875,60.22999954223633,62.060001373291016,20100600
2015-01-06,43.47926712036133,58.97999954223633,60.75,58.349998474121094,60.63999938964844,29074100
2015-01-07,43.54560852050781,59.06999969482422,59.88999938964844,58.66999816894531,59.88999938964844,23843200
2015-01-08,44.51870346069336,60.38999938964844,60.900001525878906,59.970001220703125,59.970001220703125,16971100
2015-01-09,43.744651794433594,59.34000015258789,60.790000915527344,59.290000915527344,60.720001220703125,15396200
2015-01-12,43.368690490722656,58.83000183105469,59.400001525878906,58.27000045776367,59.279998779296875,15455200
2015-01-13,43.37605667114258,58.84000015258789,59.70000076293945,58.369998931884766,59.2599983215332,21644700
2015-01-14,41.879573822021484,56.810001373291016,58.84000015258789,55.27000045776367,58.84000015258789,49602300
2015-01-15,40.537899017333984,54.9900016784668,56.61000061035156,54.5,55.72999954223633,42458100
2015-01-16,41.23084259033203,55.93000030517578,56.0,54.63999938964844,54.65999984741211,29368900
2015-01-20,41.068660736083984,55.709999084472656,56.38999938964844,55.41999816894531,56.040000915527344,23477700
2015-01-21,41.201351165771484,55.88999938964844,56.41999816894531,55.189998626708984,55.45000076293945,21842400
2015-01-22,42.4545783996582,57.59000015258789,57.72999954223633,55.959999084472656,56.380001068115234,31423500
2015-01-23,41.78372573852539,56.68000030517578,57.869998931884766,56.65999984741211,57.720001220703125,15458300
2015-01-26,41.85007095336914,56.77000045776367,56.9900016784668,56.20000076293945,56.40999984741211,12577700
2015-01-27,41.42988967895508,56.20000076293945,56.61000061035156,55.7599983215332,56.04999923706055,15220500
2015-01-28,40.36095428466797,54.75,56.68000030517578,54.75,56.619998931884766,24354400
2015-01-29,41.039188385009766,55.66999816894531,55.88999938964844,54.68000030517578,55.27000045776367,20393300
2015-01-30,40.08821105957031,54.380001068115234,55.5,54.369998931884766,54.9900016784668,26943700
2015-02-02,40.89173889160156,55.470001220703125,55.650001525878906,54.27000045776367,54.529998779296875,20308900
2015-02-03,41.81322479248047,56.720001220703125,56.779998779296875,55.869998931884766,55.90999984741211,18812500
2015-02-04,41.562583923339844,56.380001068115234,57.06999969482422,56.279998779296875,56.31999969482422,14934100
2015-02-05,41.85007095336914,56.77000045776367,57.040000915527344,56.459999084472656,56.86000061035156,11293900
2015-02-06,42.67573165893555,57.88999938964844,58.72999954223633,57.540000915527344,57.75,25214000
2015-02-09,42.62411880493164,57.81999969482422,58.099998474121094,57.22999954223633,57.41999816894531,14372400
2015-02-10,43.095924377441406,58.459999084472656,58.709999084472656,58.04999923706055,58.41999816894531,16367300
2015-02-11,43.02957534790039,58.369998931884766,58.65999984741211,57.84000015258789,58.060001373291016,13061900
2015-02-12,43.91421127319336,59.56999969482422,59.709999084472656,58.54999923706055,58.93000030517578,23211300
2015-02-13,43.987918853759766,59.66999816894531,60.220001220703125,59.34000015258789,59.459999084472656,16479100
2015-02-17,44.304908752441406,60.099998474121094,60.13999938964844,59.31999969482422,59.36000061035156,15308800
2015-02-18,43.76676940917969,59.369998931884766,60.099998474121094,59.119998931884766,60.099998474121094,14278100
2015-02-19,43.663570404052734,59.22999954223633,59.47999954223633,58.79999923706055,59.150001525878906,11256500
2015-02-20,44.0837516784668,59.79999923706055,59.88999938964844,58.349998474121094,58.959999084472656,15379000
2015-02-23,43.752037048339844,59.349998474121094,59.529998779296875,58.79999923706055,59.5,16814000
2015-02-24,44.83568572998047,60.81999969482422,61.25,60.08000183105469,60.25,22937700
2015-02-25,45.07157897949219,61.13999938964844,61.27000045776367,60.75,60.7599983215332,18307900
2015-02-26,45.39595031738281,61.58000183105469,61.70000076293945,60.90999984741211,61.029998779296875,15444800
2015-02-27,45.17478561401367,61.279998779296875,61.91999816894531,61.130001068115234,61.130001068115234,15225900
2015-03-02,45.53601837158203,61.77000045776367,61.83000183105469,61.029998779296875,61.279998779296875,13047300
2015-03-03,45.683448791503906,61.970001220703125,61.9900016784668,61.5,61.650001525878906,13706900
2015-03-04,45.80139923095703,62.130001068115234,62.16999816894531,61.349998474121094,61.63999938964844,16625500
2015-03-05,45.70555877685547,62.0,62.22999954223633,61.599998474121094,62.20000076293945,10931300
2015-03-06,44.88727951049805,60.88999938964844,62.869998931884766,60.79999923706055,62.15999984741211,22719200
2015-03-09,45.336971282958984,61.5,61.630001068115234,60.79999923706055,60.84000015258789,13001500
2015-03-10,44.20171356201172,59.959999084472656,61.0099983215332,59.959999084472656,60.7599983215332,16357700
2015-03-11,44.408103942871094,60.2400016784668,60.650001525878906,59.959999084472656,60.130001068115234,13015600
2015-03-12,45.241146087646484,61.369998931884766,61.45000076293945,60.650001525878906,60.650001525878906,18159600
2015-03-13,44.968379974365234,61.0,61.86000061035156,60.43000030517578,61.400001525878906,16506200
2015-03-16,45.59497833251953,61.849998474121094,61.91999816894531,61.25,61.5,15182900
2015-03-17,45.41806411743164,61.61000061035156,61.65999984741211,60.91999816894531,61.34000015258789,11718300
2015-03-18,45.52126693725586,61.75,62.04999923706055,61.09000015258789,61.38999938964844,15697900
2015-03-19,45.11581039428711,61.20000076293945,61.650001525878906,60.7599983215332,61.56999969482422,11523800
2015-03-20,45.52126693725586,61.75,62.099998474121094,61.150001525878906,61.31999969482422,18368300
2015-03-23,45.07157897949219,61.13999938964844,62.08000183105469,61.119998931884766,61.75,15112900
2015-03-24,44.5703010559082,60.459999084472656,61.2400016784668,60.45000076293945,60.970001220703125,12128700
2015-03-25,43.943687438964844,59.61000061035156,60.63999938964844,59.59000015258789,60.529998779296875,14950900
2015-03-26,43.89209747314453,59.540000915527344,59.790000915527344,58.869998931884766,59.459999084472656,14039600
2015-03-27,43.89944839477539,59.54999923706055,59.779998779296875,59.0,59.4900016784668,11755800
2015-03-30,44.938899993896484,60.959999084472656,61.459999084472656,60.61000061035156,60.880001068115234,20656500
2015-03-31,44.65877151489258,60.58000183105469,60.939998626708984,60.41999816894531,60.720001220703125,17346700
2015-04-01,44.488059997558594,59.95000076293945,60.56999969482422,59.72999954223633,60.40999984741211,18100600
2015-04-02,44.911075592041016,60.52000045776367,60.70000076293945,60.0,60.06999969482422,12697800
2015-04-06,44.87397003173828,60.470001220703125,60.75,59.650001525878906,59.91999816894531,12025200
2015-04-07,45.15595245361328,60.849998474121094,61.5,60.849998474121094,61.150001525878906,11505500
2015-04-08,45.30437469482422,61.04999923706055,61.560001373291016,60.939998626708984,61.060001373291016,11734000
2015-04-09,45.61605453491211,61.470001220703125,61.58000183105469,60.83000183105469,61.27000045776367,11728500
2015-04-10,45.7867317199707,61.70000076293945,61.779998779296875,61.20000076293945,61.349998474121094,9869700
2015-04-13,46.061302185058594,62.06999969482422,62.27000045776367,61.5,61.63999938964844,15468700
2015-04-14,46.78111267089844,63.040000915527344,63.61000061035156,62.7400016784668,62.959999084472656,33775400
2015-04-15,47.649356842041016,64.20999908447266,64.4800033569336,63.0099983215332,63.08000183105469,28732200
2015-04-16,47.3525276184082,63.810001373291016,64.2699966430664,63.65999984741211,64.08000183105469,16640500
2015-04-17,46.632713317871094,62.84000015258789,63.400001525878906,62.4900016784668,63.25,20221200
2015-04-20,46.92955017089844,63.2400016784668,63.52000045776367,63.13999938964844,63.220001220703125,12755300
2015-04-21,46.23940658569336,62.310001373291016,63.599998474121094,62.130001068115234,63.33000183105469,14985100
2015-04-22,46.70692443847656,62.939998626708984,63.150001525878906,62.029998779296875,62.650001525878906,14484700
2015-04-23,46.603023529052734,62.79999923706055,63.209999084472656,62.599998474121094,62.790000915527344,12851300
2015-04-24,46.454612731933594,62.599998474121094,62.84000015258789,62.34000015258789,62.630001068115234,9597500
2015-04-27,46.26166915893555,62.34000015258789,63.150001525878906,62.310001373291016,62.70000076293945,11146400
2015-04-28,46.573333740234375,62.7599983215332,62.779998779296875,61.77000045776367,62.4900016784668,12307800
2015-04-29,47.19669723510742,63.599998474121094,63.88999938964844,62.459999084472656,62.560001373291016,17601200
2015-04-30,46.94438934326172,63.2599983215332,63.880001068115234,62.91999816894531,63.58000183105469,16840900
2015-05-01,47.20411682128906,63.61000061035156,63.869998931884766,63.33000183105469,63.70000076293945,11640100
2015-05-04,48.027828216552734,64.72000122070312,64.87000274658203,63.63999938964844,63.68000030517578,14972500
2015-05-05,47.790367126464844,64.4000015258789,65.31999969482422,64.29000091552734,64.51000213623047,17692400
2015-05-06,47.43416213989258,63.91999816894531,65.06999969482422,63.41999816894531,64.52999877929688,18087900
2015-05-07,47.86457443237305,64.5,64.5999984741211,63.25,63.66999816894531,15039900
2015-05-08,48.599239349365234,65.48999786376953,65.6500015258789,64.5999984741211,64.97000122070312,16802600
2015-05-11,48.56955337524414,65.44999694824219,65.63999938964844,65.08000183105469,65.26000213623047,13798800
2015-05-12,48.50276184082031,65.36000061035156,65.54000091552734,64.76000213623047,65.30999755859375,12762200
2015-05-13,48.62150573730469,65.5199966430664,65.62999725341797,65.05999755859375,65.41999816894531,11874100
2015-05-14,49.014801025390625,66.05000305175781,66.18000030517578,65.70999908447266,65.83000183105469,11855500
2015-05-15,48.88864517211914,65.87999725341797,66.16000366210938,65.44000244140625,66.12999725341797,11152100
2015-05-18,49.28938293457031,66.41999816894531,66.54000091552734,65.80000305175781,65.80000305175781,10510900
2015-05-19,49.72721481323242,67.01000213623047,67.19000244140625,66.56999969482422,66.7699966430664,14282700
2015-05-20,49.33390808105469,66.4800033569336,67.02999877929688,66.4000015258789,66.94999694824219,12446000
2015-05-21,49.460052490234375,66.6500015258789,66.68000030517578,66.01000213623047,66.13999938964844,12934500
2015-05-22,49.32648849487305,66.47000122070312,66.83000183105469,66.31999969482422,66.62999725341797,9296900
2015-05-26,48.77734375,65.7300033569336,66.29000091552734,65.30999755859375,66.19999694824219,15571300
2015-05-27,49.32648849487305,66.47000122070312,66.6500015258789,65.81999969482422,65.94999694824219,10963700
2015-05-28,49.12611770629883,66.19999694824219,66.4000015258789,65.73999786376953,66.36000061035156,11797400
2015-05-29,48.814456939697266,65.77999877929688,66.22000122070312,65.36000061035156,66.18000030517578,14310700
2015-06-01,49.037071228027344,66.08000183105469,66.66000366210938,65.97000122070312,65.98999786376953,11899300
2015-06-02,48.9925422668457,66.0199966430664,66.38999938964844,65.58000183105469,65.83000183105469,12784200
2015-06-03,49.49715042114258,66.69999694824219,67.12999725341797,66.2699966430664,66.43000030517578,12927300
2015-06-04,49.22259521484375,66.33000183105469,67.05000305175781,66.01000213623047,66.30999755859375,13863300
2015-06-05,50.03147506713867,67.41999816894531,67.83999633789062,67.01000213623047,67.37000274658203,20801100
2015-06-08,49.63815689086914,66.88999938964844,67.55000305175781,66.80999755859375,67.45999908447266,14558700
2015-06-09,49.85336685180664,67.18000030517578,67.2699966430664,66.47000122070312,66.94999694824219,13263500
2015-06-10,50.65481185913086,68.26000213623047,68.5,67.47000122070312,67.58999633789062,17478900
2015-06-11,50.84775161743164,68.5199966430664,68.68000030517578,68.1500015258789,68.36000061035156,13739900
2015-06-12,50.64738464355469,68.25,68.54000091552734,67.87000274658203,68.30999755859375,11804700
2015-06-15,50.4544563293457,67.98999786376953,68.20999908447266,67.30000305175781,67.58000183105469,14082300
2015-06-16,50.736454010009766,68.37000274658203,68.5199966430664,67.62000274658203,67.7699966430664,11692800
2015-06-17,50.56576156616211,68.13999938964844,68.68000030517578,68.04000091552734,68.41000366210938,14521900
2015-06-18,51.04069519042969,68.77999877929688,68.81999969482422,67.9000015258789,68.3499984741211,16759600
2015-06-19,50.5212516784668,68.08000183105469,68.66999816894531,67.91999816894531,68.45999908447266,21606400
2015-06-22,51.17428207397461,68.95999908447266,69.29000091552734,68.75,68.87000274658203,14306700
2015-06-23,51.76051330566406,69.75,69.81999969482422,69.19000244140625,69.3499984741211,15736900
2015-06-24,51.21879196166992,69.0199966430664,69.7699966430664,68.91000366210938,69.51000213623047,16995000
2015-06-25,50.944244384765625,68.6500015258789,69.47000122070312,68.63999938964844,69.31999969482422,13314300
2015-06-26,51.1668701171875,68.94999694824219,69.29000091552734,68.7699966430664,68.94000244140625,14489200
2015-06-29,49.868202209472656,67.19999694824219,68.26000213623047,67.16000366210938,67.68000030517578,19934400
2015-06-30,50.283756256103516,67.76000213623047,68.11000061035156,67.16000366210938,67.88999938964844,20677400
2015-07-01,50.843971252441406,68.06999969482422,68.38999938964844,67.77999877929688,68.12000274658203,13964400
2015-07-02,50.43317413330078,67.5199966430664,68.12999725341797,67.19000244140625,67.94999694824219,12822900
2015-07-06,50.2912483215332,67.33000183105469,67.45999908447266,66.54000091552734,66.87999725341797,13527100
2015-07-07,49.8953857421875,66.80000305175781,67.22000122070312,65.30000305175781,67.08999633789062,22421500
2015-07-08,48.87206268310547,65.43000030517578,66.16000366210938,65.20999908447266,66.0,17707200
2015-07-09,49.3799934387207,66.11000061035156,66.69999694824219,65.98999786376953,66.48999786376953,14984700
2015-07-10,50.08209228515625,67.05000305175781,67.4000015258789,66.83000183105469,67.22000122070312,12356100
2015-07-13,50.85892868041992,68.08999633789062,68.13999938964844,67.68000030517578,67.88999938964844,16175600
2015-07-14,51.56850051879883,69.04000091552734,69.0999984741211,67.76000213623047,67.9800033569336,20185100
2015-07-15,51.6805534362793,69.19000244140625,69.43000030517578,68.8499984741211,69.2300033569336,16891600
2015-07-16,51.9569091796875,69.55999755859375,69.94999694824219,69.41000366210938,69.62999725341797,18035700
2015-07-17,51.695491790771484,69.20999908447266,69.48999786376953,68.91999816894531,69.3499984741211,14040700
2015-07-20,51.73283004760742,69.26000213623047,69.7699966430664,69.18000030517578,69.5,11512900
2015-07-21,51.61333084106445,69.0999984741211,69.54000091552734,68.87000274658203,69.16000366210938,11659900
2015-07-22,52.345333099365234,70.08000183105469,70.29000091552734,69.19999694824219,69.27999877929688,15493000
2015-07-23,52.01666259765625,69.63999938964844,70.61000061035156,69.45999908447266,70.19000244140625,14331800
2015-07-24,51.47141647338867,68.91000366210938,69.55999755859375,68.68000030517578,69.44000244140625,12413900
2015-07-27,50.79914474487305,68.01000213623047,68.22000122070312,67.56999969482422,68.1500015258789,16801600
2015-07-28,50.829044342041016,68.05000305175781,68.5999984741211,67.7699966430664,68.55000305175781,14932400
2015-07-29,51.49378967285156,68.94000244140625,69.0999984741211,68.16000366210938,68.31999969482422,13059200
2015-07-30,51.56850051879883,69.04000091552734,69.44999694824219,68.54000091552734,68.93000030517578,10197200
2015-07-31,51.187564849853516,68.52999877929688,69.04000091552734,68.4000015258789,69.01000213623047,11911800
2015-08-03,51.187564849853516,68.52999877929688,68.83999633789062,68.0,68.58999633789062,9980600
2015-08-04,51.135292053222656,68.45999908447266,68.94999694824219,68.30999755859375,68.47000122070312,10964000
2015-08-05,51.33695983886719,68.7300033569336,69.41999816894531,68.55999755859375,69.05000305175781,11302900
2015-08-06,50.978416442871094,68.25,68.94000244140625,68.0,68.75,10803400
2015-08-07,50.829044342041016,68.05000305175781,68.73999786376953,67.55000305175781,68.33000183105469,11453300
2015-08-10,51.45647048950195,68.88999938964844,69.01000213623047,68.22000122070312,68.22000122070312,12661400
2015-08-11,50.963478088378906,68.2300033569336,68.4000015258789,67.8499984741211,68.2300033569336,14800300
2015-08-12,50.224021911621094,67.23999786376953,67.55000305175781,66.06999969482422,67.41000366210938,21069000
2015-08-13,50.455570220947266,67.55000305175781,67.80000305175781,66.97000122070312,67.25,11930600
2015-08-14,50.709529876708984,67.88999938964844,67.91000366210938,67.4000015258789,67.41999816894531,11248800
2015-08-17,50.843971252441406,68.06999969482422,68.23999786376953,67.4000015258789,67.62000274658203,10326500
2015-08-18,50.948551177978516,68.20999908447266,68.36000061035156,67.83999633789062,67.9800033569336,10617500
2015-08-19,50.492919921875,67.5999984741211,68.30999755859375,67.36000061035156,67.93000030517578,15198200
2015-08-20,49.25300216674805,65.94000244140625,67.04000091552734,65.94000244140625,66.80999755859375,20972300
2015-08-21,47.50516891479492,63.599998474121094,65.44000244140625,63.56999969482422,65.08999633789062,28235500
2015-08-24,45.0029296875,60.25,62.91999816894531,50.06999969482422,59.290000915527344,36339100
2015-08-25,44.74898910522461,59.90999984741211,63.31999969482422,59.72999954223633,63.099998474121094,31772500
2015-08-26,46.98979568481445,62.90999984741211,62.97999954223633,60.54999923706055,61.79999923706055,33576800
2015-08-27,48.162479400634766,64.4800033569336,64.7300033569336,63.13999938964844,63.97999954223633,29045700
2015-08-28,47.90105438232422,64.12999725341797,64.45999908447266,63.599998474121094,64.29000091552734,16687300
2015-08-31,47.87864303588867,64.0999984741211,64.3499984741211,63.470001220703125,63.61000061035156,14223400
2015-09-01,45.89925003051758,61.45000076293945,62.849998474121094,60.9900016784668,62.849998474121094,23637300
2015-09-02,46.7358283996582,62.56999969482422,62.90999984741211,61.540000915527344,62.619998931884766,17757900
2015-09-03,46.8179817199707,62.68000030517578,63.65999984741211,62.45000076293945,62.880001068115234,17065400
2015-09-04,45.936607360839844,61.5,61.91999816894531,60.75,61.79999923706055,20189000
2015-09-08,47.17652130126953,63.15999984741211,63.20000076293945,62.33000183105469,62.77000045776367,13385100
2015-09-09,46.444515228271484,62.18000030517578,64.33999633789062,62.0,63.939998626708984,13889500
2015-09-10,46.80304718017578,62.65999984741211,63.0,61.45000076293945,61.86000061035156,15751100
2015-09-11,46.72835159301758,62.560001373291016,62.65999984741211,61.9900016784668,62.380001068115234,12766700
2015-09-14,46.593894958496094,62.380001068115234,62.689998626708984,62.119998931884766,62.63999938964844,10202800
2015-09-15,47.49022674560547,63.58000183105469,63.88999938964844,62.5099983215332,62.7599983215332,14023500
2015-09-16,47.90850830078125,64.13999938964844,64.29000091552734,63.209999084472656,63.88999938964844,12235900
2015-09-17,46.795570373535156,62.650001525878906,64.63999938964844,62.38999938964844,64.13999938964844,21249200
2015-09-18,45.5183219909668,60.939998626708984,61.83000183105469,60.779998779296875,61.83000183105469,31008000
2015-09-21,45.89925003051758,61.45000076293945,61.90999984741211,61.08000183105469,61.52000045776367,13136400
2015-09-22,45.49591064453125,60.90999984741211,61.09000015258789,60.41999816894531,60.599998474121094,14811900
2015-09-23,45.294227600097656,60.63999938964844,61.150001525878906,60.31999969482422,60.79999923706055,11712200
2015-09-24,44.98051834106445,60.220001220703125,60.380001068115234,59.459999084472656,60.0099983215332,17293400
2015-09-25,45.9141960144043,61.470001220703125,61.86000061035156,60.869998931884766,61.27000045776367,18384300
2015-09-28,44.80126190185547,59.97999954223633,61.0099983215332,59.689998626708984,60.91999816894531,17452200
2015-09-29,44.69668960571289,59.84000015258789,60.130001068115234,58.72999954223633,59.97999954223633,19334900
2015-09-30,45.54072189331055,60.970001220703125,61.0,60.11000061035156,60.70000076293945,18743800
2015-10-01,45.876853942871094,61.41999816894531,61.869998931884766,60.540000915527344,61.119998931884766,16863200
2015-10-02,45.74895477294922,60.810001373291016,60.86000061035156,58.529998779296875,59.59000015258789,20435100
2015-10-05,46.659271240234375,62.02000045776367,62.2400016784668,61.220001220703125,61.2400016784668,13471100
2015-10-06,46.68184280395508,62.04999923706055,62.36000061035156,61.619998931884766,62.11000061035156,12134800
2015-10-07,46.74201965332031,62.130001068115234,63.029998779296875,61.7599983215332,62.54999923706055,12773100
2015-10-08,46.74201965332031,62.130001068115234,62.25,61.43000030517578,61.849998474121094,13964600
2015-10-09,46.59154510498047,61.93000030517578,62.54999923706055,61.58000183105469,62.38999938964844,12112000
2015-10-12,46.433570861816406,61.720001220703125,62.0099983215332,61.400001525878906,61.84000015258789,10857400
2015-10-13,46.3056755065918,61.54999923706055,62.15999984741211,61.310001373291016,61.38999938964844,15621900
2015-10-14,45.132049560546875,59.9900016784668,60.970001220703125,59.540000915527344,60.7599983215332,28989400
2015-10-15,46.561466217041016,61.88999938964844,61.959999084472656,60.099998474121094,60.470001220703125,18147900
2015-10-16,46.967716217041016,62.43000030517578,62.650001525878906,62.09000015258789,62.43000030517578,17456600
2015-10-19,46.80974197387695,62.220001220703125,62.77000045776367,61.90999984741211,62.0,14510400
2015-10-20,47.03541946411133,62.52000045776367,62.81999969482422,62.08000183105469,62.36000061035156,11545100
2015-10-21,46.689361572265625,62.060001373291016,62.959999084472656,62.04999923706055,62.880001068115234,12113400
2015-10-22,47.53950119018555,63.189998626708984,63.58000183105469,62.41999816894531,62.41999816894531,15295700
2015-10-23,48.05107116699219,63.869998931884766,64.19000244140625,63.5,63.630001068115234,16985200
2015-10-26,48.073638916015625,63.900001525878906,63.9900016784668,63.40999984741211,63.84000015258789,13880200
2015-10-27,47.87803649902344,63.63999938964844,63.86000061035156,63.310001373291016,63.529998779296875,8831900
2015-10-28,49.27737045288086,65.5,65.73999786376953,63.689998626708984,63.70000076293945,17962000
2015-10-29,49.05918502807617,65.20999908447266,65.83000183105469,64.87999725341797,65.26000213623047,12753700
2015-10-30,48.33695602416992,64.25,65.33999633789062,64.12999725341797,65.30000305175781,15731400
2015-11-02,49.307437896728516,65.54000091552734,65.75,64.38999938964844,64.44999694824219,15253300
2015-11-03,49.488014221191406,65.77999877929688,66.0999984741211,65.16999816894531,65.29000091552734,11519500
2015-11-04,49.54066848754883,65.8499984741211,66.1500015258789,65.62999725341797,66.01000213623047,11388400
2015-11-05,49.984561920166016,66.44000244140625,66.66999816894531,65.75,65.79000091552734,12715900
2015-11-06,51.504249572753906,68.45999908447266,69.02999877929688,68.0999984741211,68.37000274658203,23262700
2015-11-09,50.69926452636719,67.38999938964844,68.72000122070312,67.08000183105469,68.69999694824219,17143800
2015-11-10,50.91741943359375,67.68000030517578,67.8499984741211,66.93000030517578,67.19000244140625,13239700
2015-11-11,50.669166564941406,67.3499984741211,68.16999816894531,67.25,68.0999984741211,8513900
2015-11-12,49.65353775024414,66.0,66.9000015258789,65.94999694824219,66.86000061035156,13576900
2015-11-13,49.322505950927734,65.55999755859375,66.16999816894531,65.2300033569336,65.83999633789062,11837000
2015-11-16,50.037208557128906,66.51000213623047,66.58000183105469,65.16999816894531,65.45999908447266,11041100
2015-11-17,49.751319885253906,66.12999725341797,66.73999786376953,65.88999938964844,66.66999816894531,12354800
2015-11-18,50.7443962097168,67.44999694824219,67.55000305175781,66.37000274658203,66.4800033569336,12911400
2015-11-19,50.902400970458984,67.66000366210938,67.81999969482422,67.04000091552734,67.58000183105469,12839500
2015-11-20,50.81211471557617,67.54000091552734,68.11000061035156,67.37999725341797,67.98999786376953,11209600
2015-11-23,50.3155632019043,66.87999725341797,67.58000183105469,66.77999877929688,67.30999755859375,11339000
2015-11-24,50.240325927734375,66.77999877929688,67.13999938964844,66.04000091552734,66.16999816894531,10910000
2015-11-25,50.30051803588867,66.86000061035156,67.12000274658203,66.55000305175781,66.93000030517578,7772000
2015-11-27,50.53374099731445,67.16999816894531,67.33000183105469,66.63999938964844,67.0,4052500
2015-11-30,50.16510009765625,66.68000030517578,67.5199966430664,66.68000030517578,67.27999877929688,15147500
2015-12-01,50.86475372314453,67.61000061035156,67.83000183105469,66.98999786376953,67.33999633789062,12708800
2015-12-02,50.15006637573242,66.66000366210938,67.87999725341797,66.4800033569336,67.83000183105469,13440900
2015-12-03,49.5030517578125,65.80000305175781,67.02999877929688,65.58000183105469,66.83000183105469,14626900
2015-12-04,51.075439453125,67.88999938964844,68.0,66.02999877929688,66.0999984741211,17786000
2015-12-07,50.405845642089844,67.0,67.75,66.4000015258789,67.66000366210938,11686000
2015-12-08,49.62343215942383,65.95999908447266,66.95999908447266,65.69999694824219,66.25,13084500
2015-12-09,49.24727249145508,65.45999908447266,66.58000183105469,65.04000091552734,65.61000061035156,16770200
2015-12-10,49.360111236572266,65.61000061035156,66.5,65.08000183105469,65.54000091552734,12839000
2015-12-11,48.201534271240234,64.06999969482422,65.16000366210938,63.5099983215332,64.80000305175781,17889300
2015-12-14,48.35199737548828,64.2699966430664,64.76000213623047,63.599998474121094,64.2300033569336,17638200
2015-12-15,49.728755950927734,66.0999984741211,66.6500015258789,65.06999969482422,65.06999969482422,18126600
2015-12-16,50.80458450317383,67.52999877929688,67.73999786376953,65.91000366210938,66.91000366210938,21720000
2015-12-17,49.86418151855469,66.27999877929688,68.0,66.08000183105469,67.9000015258789,18122100
2015-12-18,48.449806213378906,64.4000015258789,65.97000122070312,64.4000015258789,65.97000122070312,23819600
2015-12-21,49.307437896728516,65.54000091552734,65.55999755859375,64.83000183105469,65.0199966430664,18869300
2015-12-22,49.41278076171875,65.68000030517578,66.0,64.9800033569336,65.91999816894531,12149500
2015-12-23,50.20274353027344,66.7300033569336,66.8499984741211,66.05000305175781,66.12000274658203,12524500
2015-12-24,50.10491943359375,66.5999984741211,66.88999938964844,66.31999969482422,66.62000274658203,4468200
2015-12-28,49.93940353393555,66.37999725341797,66.44999694824219,65.70999908447266,66.29000091552734,6610600
2015-12-29,50.45851516723633,67.06999969482422,67.30000305175781,66.73999786376953,66.83999633789062,9820800
2015-12-30,50.097389221191406,66.58999633789062,67.05000305175781,66.44999694824219,67.04000091552734,7190700
2015-12-31,49.67609405517578,66.02999877929688,66.77999877929688,66.0,66.19000244140625,14654300
2016-01-04,48.18406295776367,63.619998931884766,64.05999755859375,63.0099983215332,63.95000076293945,25393200
2016-01-05,48.26738357543945,63.72999954223633,64.12999725341797,63.040000915527344,63.70000076293945,16566700
2016-01-06,47.57060241699219,62.810001373291016,63.130001068115234,62.34000015258789,62.720001220703125,22961500
2016-01-07,45.64686584472656,60.27000045776367,62.0,60.08000183105469,61.459999084472656,27630900
2016-01-08,44.62441635131836,58.91999816894531,61.27000045776367,58.849998474121094,61.130001068115234,22373300
2016-01-11,44.55625915527344,58.83000183105469,59.220001220703125,58.040000915527344,58.83000183105469,20925500
2016-01-12,44.65472412109375,58.959999084472656,59.560001373291016,58.099998474121094,59.45000076293945,22971600
2016-01-13,43.427764892578125,57.34000015258789,59.68000030517578,56.90999984741211,59.459999084472656,28808100
2016-01-14,44.0791015625,58.20000076293945,59.380001068115234,57.290000915527344,58.15999984741211,31296300
2016-01-15,43.2005500793457,57.040000915527344,57.56999969482422,56.220001220703125,56.45000076293945,38131700
2016-01-19,43.177825927734375,57.0099983215332,57.970001220703125,56.5099983215332,57.72999954223633,22818900
2016-01-20,42.041770935058594,55.5099983215332,56.18000030517578,54.65999984741211,55.630001068115234,34646100
2016-01-21,41.84485626220703,55.25,56.52000045776367,55.060001373291016,55.7400016784668,31301100
2016-01-22,43.13239288330078,56.95000076293945,57.15999984741211,56.29999923706055,56.439998626708984,22732200
2016-01-25,42.155372619628906,55.65999984741211,56.849998474121094,55.599998474121094,56.47999954223633,21114400
2016-01-26,43.23084259033203,57.08000183105469,57.150001525878906,55.810001373291016,55.849998474121094,17535700
2016-01-27,43.2005500793457,57.040000915527344,58.27000045776367,56.560001373291016,57.08000183105469,20560000
2016-01-28,43.382328033447266,57.279998779296875,57.970001220703125,56.630001068115234,57.52000045776367,15497900
2016-01-29,45.06369400024414,59.5,59.540000915527344,57.5099983215332,57.83000183105469,26992200
2016-02-01,44.57898712158203,58.86000061035156,59.650001525878906,58.439998626708984,59.15999984741211,16807900
2016-02-02,43.19298553466797,57.029998779296875,57.97999954223633,56.75,57.880001068115234,22448200
2016-02-03,43.48078536987305,57.40999984741211,57.79999923706055,55.02000045776367,57.369998931884766,31543200
2016-02-04,44.23057174682617,58.400001525878906,58.52000045776367,57.060001373291016,57.060001373291016,21651300
2016-02-05,43.738304138183594,57.75,59.13999938964844,57.41999816894531,58.58000183105469,22001300
2016-02-08,42.82187271118164,56.540000915527344,56.91999816894531,55.540000915527344,56.689998626708984,28267600
2016-02-09,42.564361572265625,56.20000076293945,56.689998626708984,55.130001068115234,55.290000915527344,26300000
2016-02-10,42.04934310913086,55.52000045776367,57.40999984741211,55.470001220703125,56.56999969482422,22389600
2016-02-11,40.19377899169922,53.06999969482422,53.90999984741211,52.5,53.900001525878906,44334700
2016-02-12,43.541378021240234,57.4900016784668,57.56999969482422,55.16999816894531,55.650001525878906,37011400
2016-02-16,44.19270324707031,58.349998474121094,58.599998474121094,57.63999938964844,58.22999954223633,23730700
2016-02-17,44.51080322265625,58.77000045776367,59.25,58.38999938964844,58.849998474121094,21580100
2016-02-18,43.783729553222656,57.810001373291016,58.86000061035156,57.25,58.84000015258789,17037800
2016-02-19,43.79129409790039,57.81999969482422,58.16999816894531,57.08000183105469,57.5,15658200
2016-02-22,44.35934066772461,58.56999969482422,58.880001068115234,58.41999816894531,58.5099983215332,14882800
2016-02-23,42.503761291503906,56.119998931884766,58.09000015258789,55.959999084472656,57.900001525878906,31772500
2016-02-24,42.51890563964844,56.13999938964844,56.209999084472656,54.33000183105469,55.20000076293945,25560100
2016-02-25,43.177825927734375,57.0099983215332,57.029998779296875,56.040000915527344,56.130001068115234,14473300
2016-02-26,43.57923889160156,57.540000915527344,58.11000061035156,57.13999938964844,57.63999938964844,20947500
2016-02-29,42.640098571777344,56.29999923706055,57.61000061035156,56.290000915527344,57.40999984741211,19554100
2016-03-01,44.83648681640625,59.20000076293945,59.20000076293945,56.66999816894531,56.7599983215332,23958100
2016-03-02,45.2606086730957,59.7599983215332,59.900001525878906,58.959999084472656,59.20000076293945,20943100
2016-03-03,45.412071228027344,59.959999084472656,59.959999084472656,59.099998474121094,59.58000183105469,15790600
2016-03-04,45.48023986816406,60.04999923706055,60.54999923706055,59.529998779296875,60.099998474121094,18459000
2016-03-07,45.396942138671875,59.939998626708984,60.04999923706055,59.31999969482422,59.540000915527344,12832400
2016-03-08,44.51837158203125,58.779998779296875,59.5,58.68000030517578,59.209999084472656,14132900
2016-03-09,44.7758903503418,59.119998931884766,59.540000915527344,58.68000030517578,59.150001525878906,13238800
2016-03-10,44.38962936401367,58.61000061035156,59.66999816894531,57.810001373291016,59.59000015258789,21139200
2016-03-11,44.94251251220703,59.34000015258789,59.5099983215332,58.650001525878906,59.38999938964844,21055000
2016-03-14,44.7758903503418,59.119998931884766,59.310001373291016,58.599998474121094,59.150001525878906,13436100
2016-03-15,44.83648681640625,59.20000076293945,59.209999084472656,58.43000030517578,58.540000915527344,10910500
2016-03-16,44.62441635131836,58.91999816894531,59.75,58.470001220703125,58.97999954223633,17423900
2016-03-17,44.495670318603516,58.75,59.130001068115234,57.9900016784668,58.77000045776367,19405700
2016-03-18,45.80592346191406,60.47999954223633,60.970001220703125,59.65999984741211,60.04999923706055,29570200
2016-03-21,45.7907600402832,60.459999084472656,60.81999969482422,59.959999084472656,60.220001220703125,12684400
2016-03-22,45.6241455078125,60.2400016784668,60.58000183105469,59.619998931884766,59.9900016784668,12042700
2016-03-23,45.396942138671875,59.939998626708984,60.5099983215332,59.86000061035156,60.34000015258789,11658700
2016-03-24,45.048553466796875,59.47999954223633,59.5099983215332,58.869998931884766,59.29999923706055,12921200
2016-03-28,44.987953186035156,59.400001525878906,59.75,59.18000030517578,59.529998779296875,11159700
2016-03-29,44.70772933959961,59.029998779296875,59.33000183105469,58.529998779296875,59.33000183105469,15933400
2016-03-30,45.22273254394531,59.709999084472656,60.22999954223633,59.380001068115234,59.459999084472656,13307100
2016-03-31,44.85161590576172,59.220001220703125,59.93000030517578,59.11000061035156,59.45000076293945,14904700
2016-04-01,45.34391784667969,59.869998931884766,60.060001373291016,58.560001373291016,59.02000045776367,15417500
2016-04-04,45.16844177246094,59.20000076293945,59.56999969482422,58.959999084472656,59.439998626708984,12305000
2016-04-05,44.52753829956055,58.36000061035156,58.83000183105469,58.209999084472656,58.59000015258789,12886600
2016-04-06,44.870872497558594,58.810001373291016,58.880001068115234,57.95000076293945,58.18000030517578,12167900
2016-04-07,43.73402786254883,57.31999969482422,58.43000030517578,57.06999969482422,58.2599983215332,19226800
2016-04-08,44.05448913574219,57.7400016784668,58.58000183105469,57.689998626708984,57.709999084472656,13547700
2016-04-11,44.40544891357422,58.20000076293945,58.880001068115234,57.90999984741211,57.90999984741211,17627800
2016-04-12,45.2294807434082,59.279998779296875,59.38999938964844,58.20000076293945,58.34000015258789,17779200
2016-04-13,47.14455795288086,61.790000915527344,62.15999984741211,60.380001068115234,60.47999954223633,37516800
2016-04-14,47.75492858886719,62.59000015258789,62.90999984741211,61.61000061035156,61.689998626708984,24249900
2016-04-15,47.205589294433594,61.869998931884766,62.900001525878906,61.45000076293945,62.880001068115234,19290700
2016-04-18,47.51078796386719,62.27000045776367,62.58000183105469,61.529998779296875,61.63999938964844,13813100
2016-04-19,48.31191635131836,63.31999969482422,63.47999954223633,62.54999923706055,62.54999923706055,19255600
2016-04-20,49.01385498046875,64.23999786376953,64.30999755859375,63.150001525878906,63.47999954223633,14594400
2016-04-21,48.525550842285156,63.599998474121094,64.66000366210938,63.34000015258789,64.26000213623047,15395800
2016-04-22,48.80784606933594,63.970001220703125,64.37999725341797,63.63999938964844,63.63999938964844,12444700
2016-04-25,48.525550842285156,63.599998474121094,63.95000076293945,63.150001525878906,63.599998474121094,10687200
2016-04-26,48.777347564697266,63.93000030517578,64.06999969482422,63.33000183105469,63.810001373291016,12048000
2016-04-27,48.91465759277344,64.11000061035156,64.63999938964844,63.599998474121094,63.86000061035156,15284100
2016-04-28,48.525550842285156,63.599998474121094,64.41999816894531,63.349998474121094,63.63999938964844,12852500
2016-04-29,48.22036361694336,63.20000076293945,63.61000061035156,62.70000076293945,63.09000015258789,16376400
2016-05-02,48.67050552368164,63.790000915527344,64.0,63.13999938964844,63.689998626708984,10247300
2016-05-03,47.73204803466797,62.560001373291016,62.90999984741211,61.79999923706055,62.900001525878906,19120300
2016-05-04,46.97669219970703,61.56999969482422,62.2599983215332,61.27000045776367,61.75,17030200
2016-05-05,46.72489929199219,61.2400016784668,62.0,61.060001373291016,61.599998474121094,14033900
2016-05-06,46.99958038330078,61.599998474121094,61.68000030517578,60.59000015258789,60.70000076293945,11057900
2016-05-09,46.7020263671875,61.209999084472656,61.88999938964844,61.04999923706055,61.369998931884766,11197100
2016-05-10,47.335296630859375,62.040000915527344,62.2599983215332,61.349998474121094,61.54999923706055,11897200
2016-05-11,47.15980911254883,61.810001373291016,62.599998474121094,61.810001373291016,61.970001220703125,11254000
2016-05-12,47.12929916381836,61.77000045776367,62.560001373291016,61.369998931884766,62.27000045776367,11071700
2016-05-13,46.694393157958984,61.20000076293945,62.400001525878906,61.02000045776367,61.70000076293945,15122300
2016-05-16,47.04536819458008,61.65999984741211,61.9900016784668,61.0,61.209999084472656,10951300
2016-05-17,47.04536819458008,61.65999984741211,62.15999984741211,61.150001525878906,61.43000030517578,12180900
2016-05-18,48.86126708984375,64.04000091552734,64.16999816894531,61.689998626708984,61.70000076293945,24007100
2016-05-19,48.36532211303711,63.38999938964844,64.22000122070312,62.900001525878906,63.529998779296875,16076200
2016-05-20,48.45688247680664,63.5099983215332,64.19000244140625,63.369998931884766,63.86000061035156,11862000
2016-05-23,48.418724060058594,63.459999084472656,63.869998931884766,63.15999984741211,63.45000076293945,9347500
2016-05-24,49.24275207519531,64.54000091552734,64.7699966430664,63.810001373291016,63.939998626708984,13839400
2016-05-25,49.9904670715332,65.5199966430664,66.19999694824219,64.91999816894531,64.94000244140625,18935200
2016-05-26,49.616615295410156,65.02999877929688,65.58000183105469,64.91000366210938,65.56999969482422,9428400
2016-05-27,49.921810150146484,65.43000030517578,65.45999908447266,65.05000305175781,65.20999908447266,10116000
2016-05-31,49.79973220825195,65.2699966430664,65.81999969482422,64.95999908447266,65.7300033569336,15139400
2016-06-01,50.12018585205078,65.69000244140625,65.91999816894531,64.26000213623047,64.76000213623047,14031000
2016-06-02,50.21172332763672,65.80999755859375,65.80999755859375,65.16000366210938,65.5199966430664,10637600
2016-06-03,49.31904220581055,64.63999938964844,64.86000061035156,63.54999923706055,64.25,20261700
2016-06-06,49.8073616027832,65.27999877929688,65.76000213623047,64.5999984741211,64.63999938964844,13193500
2016-06-07,49.639503479003906,65.05999755859375,65.73999786376953,65.04000091552734,65.44999694824219,9924100
2016-06-08,49.78446578979492,65.25,65.4800033569336,64.91999816894531,64.93000030517578,9428000
2016-06-09,49.40297317504883,64.75,64.9000015258789,64.2699966430664,64.79000091552734,10817800
2016-06-10,48.70865249633789,63.84000015258789,64.06999969482422,63.58000183105469,63.93000030517578,16678400
2016-06-13,48.27376937866211,63.27000045776367,64.33999633789062,63.2599983215332,63.47999954223633,14314900
2016-06-14,47.36582565307617,62.08000183105469,63.470001220703125,61.68000030517578,62.68000030517578,19509300
2016-06-15,47.281890869140625,61.970001220703125,62.97999954223633,61.90999984741211,62.40999984741211,16982100
2016-06-16,47.47264862060547,62.220001220703125,62.29999923706055,60.900001525878906,61.45000076293945,16791200
2016-06-17,47.51841735839844,62.279998779296875,62.709999084472656,61.93000030517578,62.29999923706055,15751500
2016-06-20,47.58708190917969,62.369998931884766,63.849998474121094,62.34000015258789,63.45000076293945,12213200
2016-06-21,48.02961349487305,62.95000076293945,63.0,62.13999938964844,62.72999954223633,11611600
2016-06-22,47.84648513793945,62.709999084472656,63.709999084472656,62.68000030517578,62.95000076293945,12643500
2016-06-23,48.868900299072266,64.05000305175781,64.1500015258789,63.529998779296875,63.70000076293945,16583600
2016-06-24,45.473636627197266,59.599998474121094,61.70000076293945,59.34000015258789,60.47999954223633,44108700
2016-06-27,43.95528793334961,57.61000061035156,58.75,57.04999923706055,58.709999084472656,37300700
2016-06-28,45.4125862121582,59.52000045776367,59.54999923706055,58.2599983215332,59.189998626708984,29088700
2016-06-29,46.694393157958984,61.20000076293945,61.209999084472656,60.0,60.36000061035156,21483000
2016-06-30,47.41159439086914,62.13999938964844,62.189998626708984,61.02000045776367,61.630001068115234,21343600
2016-07-01,47.10402297973633,61.2599983215332,62.0099983215332,61.15999984741211,61.65999984741211,14217800
2016-07-05,45.78917694091797,59.54999923706055,60.599998474121094,59.099998474121094,60.45000076293945,23357700
2016-07-06,46.281280517578125,60.189998626708984,60.290000915527344,58.7599983215332,59.0099983215332,20429800
2016-07-07,46.58116912841797,60.58000183105469,61.13999938964844,60.15999984741211,60.52000045776367,13771400
2016-07-08,47.54231262207031,61.83000183105469,62.16999816894531,61.33000183105469,61.33000183105469,16998800
2016-07-11,47.88064193725586,62.27000045776367,62.95000076293945,62.13999938964844,62.41999816894531,13151400
2016-07-12,48.59574508666992,63.20000076293945,63.560001373291016,62.88999938964844,63.029998779296875,16588100
2016-07-13,48.56497573852539,63.15999984741211,63.43000030517578,62.63999938964844,63.08000183105469,18526900
2016-07-14,49.30314636230469,64.12000274658203,64.9800033569336,64.05000305175781,64.73999786376953,28985900
2016-07-15,49.34926986694336,64.18000030517578,64.80000305175781,63.61000061035156,64.75,17607100
2016-07-18,49.18010711669922,63.959999084472656,64.4000015258789,63.900001525878906,64.12999725341797,10824400
2016-07-19,49.10321807861328,63.86000061035156,64.0999984741211,63.459999084472656,63.61000061035156,9737400
2016-07-20,49.15705871582031,63.93000030517578,64.2300033569336,63.709999084472656,64.11000061035156,10411100
2016-07-21,48.972496032714844,63.689998626708984,64.18000030517578,63.630001068115234,64.0,9808700
2016-07-22,49.24163055419922,64.04000091552734,64.08999633789062,63.599998474121094,63.900001525878906,8195700
2016-07-25,49.11091232299805,63.869998931884766,64.16999816894531,63.68000030517578,63.97999954223633,8168300
2016-07-26,49.31083679199219,64.12999725341797,64.26000213623047,63.709999084472656,63.97999954223633,8067800
2016-07-27,49.464603424072266,64.33000183105469,64.69000244140625,64.05999755859375,64.08000183105469,11806800
2016-07-28,49.287757873535156,64.0999984741211,64.19000244140625,63.720001220703125,64.0,10013400
2016-07-29,49.18779373168945,63.970001220703125,64.29000091552734,63.75,63.79999923706055,13210400
2016-08-01,49.05707550048828,63.79999923706055,64.30999755859375,63.61000061035156,64.1500015258789,11422600
2016-08-02,48.94174575805664,63.650001525878906,64.01000213623047,63.380001068115234,63.59000015258789,13550000
2016-08-03,49.71835708618164,64.66000366210938,64.66999816894531,63.650001525878906,63.689998626708984,13122300
2016-08-04,49.64146041870117,64.55999755859375,64.81999969482422,64.2699966430664,64.48999786376953,9873000
2016-08-05,50.9793815612793,66.30000305175781,66.37000274658203,65.06999969482422,65.13999938964844,20752700
2016-08-08,50.825599670410156,66.0999984741211,66.48999786376953,65.83999633789062,66.06999969482422,11359200
2016-08-09,50.64875030517578,65.87000274658203,66.27999877929688,65.69000244140625,66.18000030517578,10097000
2016-08-10,50.19509506225586,65.27999877929688,66.06999969482422,65.16000366210938,65.91999816894531,11556100
2016-08-11,50.33348846435547,65.45999908447266,65.69000244140625,65.0199966430664,65.2699966430664,9604500
2016-08-12,50.22585678100586,65.31999969482422,65.3499984741211,64.86000061035156,64.97000122070312,7685400
2016-08-15,50.533409118652344,65.72000122070312,65.83000183105469,65.45999908447266,65.55999755859375,8371600
2016-08-16,50.525718688964844,65.70999908447266,65.95999908447266,65.23999786376953,65.36000061035156,10128900
2016-08-17,50.66411590576172,65.88999938964844,65.9800033569336,65.54000091552734,65.80000305175781,11868100
2016-08-18,50.71025848388672,65.94999694824219,65.98999786376953,65.52999877929688,65.62000274658203,9313600
2016-08-19,50.64105987548828,65.86000061035156,65.91000366210938,65.22000122070312,65.72000122070312,9084900
2016-08-22,50.59490966796875,65.80000305175781,65.87999725341797,65.41000366210938,65.75,9055600
2016-08-23,50.57184982299805,65.7699966430664,66.33999633789062,65.76000213623047,66.06999969482422,8949600
2016-08-24,50.71025848388672,65.94999694824219,66.2300033569336,65.7699966430664,65.98999786376953,10167200
2016-08-25,50.80252456665039,66.06999969482422,66.13999938964844,65.79000091552734,65.91000366210938,9978700
2016-08-26,50.91786575317383,66.22000122070312,66.87999725341797,65.8499984741211,66.33000183105469,14038600
2016-08-29,51.47917556762695,66.94999694824219,67.0999984741211,66.45999908447266,66.48999786376953,14583100
2016-08-30,51.90209197998047,67.5,67.5999984741211,66.94999694824219,66.94999694824219,13791200
2016-08-31,51.90209197998047,67.5,67.7699966430664,66.86000061035156,67.45999908447266,14952300
2016-09-01,51.67910385131836,67.20999908447266,67.72000122070312,66.6500015258789,67.63999938964844,12226500
2016-09-02,51.89438247680664,67.48999786376953,67.58000183105469,66.9800033569336,67.4000015258789,13720700
2016-09-06,51.8559455871582,67.44000244140625,67.55000305175781,66.70999908447266,67.5,16649400
2016-09-07,51.640647888183594,67.16000366210938,67.58999633789062,66.95999908447266,67.16000366210938,10070400
2016-09-08,51.7098503112793,67.25,67.68000030517578,67.0,67.22000122070312,12253000
2016-09-09,51.248504638671875,66.6500015258789,67.43000030517578,66.63999938964844,67.02999877929688,19686900
2016-09-12,51.56377410888672,67.05999755859375,67.30000305175781,65.76000213623047,66.13999938964844,16453000
2016-09-13,51.15624237060547,66.52999877929688,66.86000061035156,65.81999969482422,66.11000061035156,18876100
2016-09-14,51.056278228759766,66.4000015258789,67.25,66.20999908447266,66.2699966430664,12648600
2016-09-15,51.24081802368164,66.63999938964844,66.93000030517578,66.08999633789062,66.29000091552734,12531300
2016-09-16,50.61028289794922,65.81999969482422,66.26000213623047,65.44000244140625,66.08999633789062,25161500
2016-09-19,50.894805908203125,66.19000244140625,66.63999938964844,65.8499984741211,66.1500015258789,13466900
2016-09-20,51.1024169921875,66.45999908447266,66.8499984741211,66.23999786376953,66.75,10092200
2016-09-21,51.39460754394531,66.83999633789062,67.12999725341797,66.30999755859375,66.83999633789062,14116800
2016-09-22,51.81751251220703,67.38999938964844,67.41999816894531,66.83999633789062,66.98999786376953,12781700
2016-09-23,51.7098503112793,67.25,67.9000015258789,67.18000030517578,67.38999938964844,13967400
2016-09-26,50.579551696777344,65.77999877929688,66.80000305175781,65.54000091552734,66.5999984741211,16408100
2016-09-27,51.0255126953125,66.36000061035156,66.41000366210938,65.11000061035156,65.41000366210938,13711400
2016-09-28,51.29463195800781,66.70999908447266,66.7699966430664,65.98999786376953,66.58000183105469,11278000
2016-09-29,50.479591369628906,65.6500015258789,67.20999908447266,65.3499984741211,66.69999694824219,18727200
2016-09-30,51.20235824584961,66.58999633789062,67.05999755859375,66.08000183105469,66.08000183105469,21680100
2016-10-03,51.14086151123047,66.51000213623047,66.91999816894531,66.26000213623047,66.3499984741211,14901700
2016-10-04,51.58232116699219,66.5999984741211,67.18000030517578,66.0999984741211,66.20999908447266,17226900
2016-10-05,52.42654037475586,67.69000244140625,68.06999969482422,66.80000305175781,66.88999938964844,16280000
2016-10-06,52.565956115722656,67.87000274658203,67.97000122070312,67.05000305175781,67.7300033569336,17485000
2016-10-07,52.75182342529297,68.11000061035156,68.18000030517578,67.4000015258789,67.79000091552734,18497000
2016-10-10,53.162322998046875,68.63999938964844,69.05999755859375,68.2300033569336,68.33999633789062,13027500
2016-10-11,52.9067268371582,68.30999755859375,68.81999969482422,67.93000030517578,68.5,15657100
2016-10-12,52.7673225402832,68.12999725341797,68.58999633789062,68.05000305175781,68.26000213623047,11899800
2016-10-13,52.46525573730469,67.73999786376953,67.87000274658203,66.81999969482422,67.45999908447266,17890000
2016-10-14,52.29486846923828,67.5199966430664,69.02999877929688,67.30000305175781,68.80000305175781,24163800
2016-10-17,52.023799896240234,67.16999816894531,67.79000091552734,66.73999786376953,67.41999816894531,14963400
2016-10-18,52.43429183959961,67.69999694824219,68.20999908447266,67.54000091552734,67.8499984741211,11870300
2016-10-19,52.93772506713867,68.3499984741211,68.5,67.80999755859375,67.80999755859375,12705800
2016-10-20,52.868011474609375,68.26000213623047,68.68000030517578,67.94000244140625,68.08000183105469,14122000
2016-10-21,53.046142578125,68.48999786376953,68.52999877929688,67.69999694824219,67.80999755859375,12175700
2016-10-24,53.34044647216797,68.87000274658203,69.05000305175781,68.5,68.97000122070312,10197100
2016-10-25,53.28624725341797,68.80000305175781,68.93000030517578,68.37999725341797,68.87999725341797,9945100
2016-10-26,53.54182052612305,69.12999725341797,69.25,68.37000274658203,68.37000274658203,9801300
2016-10-27,53.61927795410156,69.2300033569336,69.7699966430664,69.0999984741211,69.48999786376953,14210700
2016-10-28,53.52635955810547,69.11000061035156,69.55000305175781,68.47000122070312,69.52999877929688,12766500
2016-10-31,53.642520904541016,69.26000213623047,69.58000183105469,69.2300033569336,69.43000030517578,14336300
2016-11-01,53.41792297363281,68.97000122070312,69.77999877929688,68.33000183105469,69.4800033569336,15564500
2016-11-02,53.19330596923828,68.68000030517578,68.8499984741211,68.01000213623047,68.6500015258789,12449800
2016-11-03,52.960960388183594,68.37999725341797,69.19000244140625,68.22000122070312,68.86000061035156,10369700
2016-11-04,52.48075866699219,67.76000213623047,68.55999755859375,67.63999938964844,68.48999786376953,13571300
2016-11-07,54.12272644042969,69.87999725341797,69.97000122070312,69.0,69.08000183105469,16515100
2016-11-08,54.2389030456543,70.02999877929688,70.55000305175781,69.23999786376953,69.69999694824219,17531700
2016-11-09,56.732826232910156,73.25,74.1500015258789,71.31999969482422,71.45999908447266,50948400
2016-11-10,59.36616134643555,76.6500015258789,77.25,74.22000122070312,74.22000122070312,56192300
2016-11-11,59.397117614746094,76.69000244140625,76.72000122070312,75.7699966430664,76.30000305175781,27574300
2016-11-14,61.58124542236328,79.51000213623047,80.44000244140625,77.25,77.25,46130700
2016-11-15,61.46507263183594,79.36000061035156,79.41000366210938,77.77999877929688,78.37000274658203,28126300
2016-11-16,59.94701385498047,77.4000015258789,78.3499984741211,76.87999725341797,78.22000122070312,26054900
2016-11-17,60.427215576171875,78.0199966430664,78.45999908447266,77.5999984741211,77.93000030517578,19306700
2016-11-18,60.1871337890625,77.70999908447266,78.41999816894531,77.55000305175781,77.95999908447266,19770000
2016-11-21,60.45045471191406,78.05000305175781,78.16999816894531,77.29000091552734,78.0,11983500
2016-11-22,60.822227478027344,78.52999877929688,78.55999755859375,77.76000213623047,78.3499984741211,14410100
2016-11-23,61.077781677246094,78.86000061035156,79.23999786376953,77.88999938964844,78.87000274658203,13373700
2016-11-25,61.054595947265625,78.83000183105469,79.44999694824219,78.47000122070312,79.0999984741211,6185700
2016-11-28,60.65956115722656,78.31999969482422,78.87000274658203,78.0199966430664,78.18000030517578,13007200
2016-11-29,61.12430191040039,78.91999816894531,79.16000366210938,78.38999938964844,78.38999938964844,14144100
2016-11-30,62.0924186706543,80.16999816894531,80.52999877929688,79.69999694824219,79.91999816894531,25351900
2016-12-01,63.34711837768555,81.79000091552734,82.27999877929688,80.6500015258789,80.6500015258789,23823600
2016-12-02,63.19997024536133,81.5999984741211,81.83000183105469,80.9000015258789,81.80000305175781,16931500
2016-12-05,64.48566436767578,83.26000213623047,83.29000091552734,82.29000091552734,82.30000305175781,18529800
2016-12-06,64.81868743896484,83.69000244140625,83.80999755859375,82.43000030517578,83.5999984741211,16130000
2016-12-07,65.11300659179688,84.06999969482422,84.08999633789062,82.8499984741211,83.55000305175781,18996900
2016-12-08,65.92621612548828,85.12000274658203,85.5,83.94000244140625,84.2300033569336,20844900
2016-12-09,66.21280670166016,85.48999786376953,85.5,84.13999938964844,85.0199966430664,14567200
2016-12-12,65.62419128417969,84.7300033569336,85.79000091552734,84.29000091552734,85.36000061035156,14511300
2016-12-13,65.64742279052734,84.76000213623047,85.66999816894531,83.81999969482422,84.9800033569336,16669000
2016-12-14,65.62419128417969,84.7300033569336,86.12000274658203,83.76000213623047,83.87999725341797,22622600
2016-12-15,66.60779571533203,86.0,86.48999786376953,84.9000015258789,85.4000015258789,19438900
2016-12-16,65.78681945800781,84.94000244140625,86.29000091552734,84.88999938964844,86.29000091552734,23008500
2016-12-19,66.16633605957031,85.43000030517578,85.44000244140625,84.19000244140625,84.80000305175781,21685100
2016-12-20,67.0182876586914,86.52999877929688,86.54000091552734,85.55000305175781,85.79000091552734,14587300
2016-12-21,67.18866729736328,86.75,86.80999755859375,86.02999877929688,86.43000030517578,11400500
2016-12-22,67.29710388183594,86.88999938964844,87.16999816894531,86.20999908447266,86.44000244140625,13924200
2016-12-23,67.42102813720703,87.05000305175781,87.1500015258789,86.4000015258789,87.0,10759400
2016-12-27,67.48297882080078,87.12999725341797,87.16000366210938,86.75,87.05000305175781,6946400
2016-12-28,66.99504089355469,86.5,87.38999938964844,86.3499984741211,87.16000366210938,9455600
2016-12-29,66.5226058959961,85.88999938964844,86.66999816894531,85.04000091552734,86.58000183105469,14689000
2016-12-30,66.83240509033203,86.29000091552734,86.41999816894531,85.66000366210938,86.0999984741211,13617800
2017-01-03,67.56046295166016,87.2300033569336,87.76000213623047,85.9800033569336,87.33999633789062,20550700
2017-01-04,67.68505096435547,86.91000366210938,87.18000030517578,86.4000015258789,86.95999908447266,15266600
2017-01-05,67.06202697753906,86.11000061035156,87.11000061035156,85.26000213623047,86.80999755859375,14300800
2017-01-06,67.06983184814453,86.12000274658203,86.62000274658203,85.94000244140625,86.38999938964844,12893300
2017-01-09,67.11653137207031,86.18000030517578,86.7699966430664,85.5199966430664,85.7300033569336,12806600
2017-01-10,67.31123352050781,86.43000030517578,86.9000015258789,85.72000122070312,86.06999969482422,13989000
2017-01-11,67.81744384765625,87.08000183105469,87.08000183105469,85.91000366210938,86.43000030517578,14713100
2017-01-12,67.16326904296875,86.23999786376953,87.2699966430664,86.0199966430664,86.76000213623047,21337400
2017-01-13,67.5215072631836,86.69999694824219,88.16999816894531,86.0999984741211,87.11000061035156,28296000
2017-01-17,65.06829833984375,83.55000305175781,85.22000122070312,83.27999877929688,84.93000030517578,30024600
2017-01-18,65.37203979492188,83.94000244140625,84.2300033569336,83.02999877929688,83.62999725341797,21270100
2017-01-19,64.87359619140625,83.30000305175781,84.66999816894531,83.12000274658203,84.05999755859375,16555600
2017-01-20,65.16175842285156,83.66999816894531,83.83000183105469,83.29000091552734,83.43000030517578,18436800
2017-01-23,65.19292449951172,83.70999908447266,84.0,83.20999908447266,83.30000305175781,12179200
2017-01-24,65.9795150756836,84.72000122070312,85.0,83.55999755859375,83.91999816894531,15175300
2017-01-25,66.9997329711914,86.02999877929688,86.16999816894531,85.16999816894531,85.83999633789062,17551000
2017-01-26,67.56046295166016,86.75,86.94999694824219,85.94999694824219,85.94999694824219,15962800
2017-01-27,67.70063781738281,86.93000030517578,86.9800033569336,86.2699966430664,86.66000366210938,12535400
2017-01-30,66.9997329711914,86.02999877929688,86.5,85.31999969482422,86.19000244140625,13661900
2017-01-31,65.90941619873047,84.62999725341797,86.1500015258789,84.08999633789062,85.5999984741211,15655100
2017-02-01,66.15861511230469,84.94999694824219,86.0999984741211,84.68000030517578,85.54000091552734,15430900
2017-02-02,65.87824249267578,84.58999633789062,84.91000366210938,84.16000366210938,84.33999633789062,11081400
2017-02-03,67.89533996582031,87.18000030517578,87.30999755859375,85.87000274658203,86.19000244140625,17885200
2017-02-06,67.57603454589844,86.7699966430664,87.44999694824219,86.61000061035156,86.79000091552734,11828400
2017-02-07,67.53710174560547,86.72000122070312,87.4000015258789,86.4800033569336,87.13999938964844,9392800
2017-02-08,66.9452133178711,85.95999908447266,86.30999755859375,85.37000274658203,86.18000030517578,13970900
2017-02-09,67.9109115600586,87.19999694824219,87.33000183105469,85.95999908447266,85.95999908447266,13749100
2017-02-10,67.7551498413086,87.0,87.4800033569336,86.88999938964844,87.4800033569336,10992500
2017-02-13,68.6507568359375,88.1500015258789,88.73999786376953,87.43000030517578,87.44000244140625,18739100
2017-02-14,69.74888610839844,89.55999755859375,89.69999694824219,88.11000061035156,88.30000305175781,17932100
2017-02-15,70.5510025024414,90.58999633789062,90.87000274658203,89.3499984741211,90.08000183105469,17381800
2017-02-16,70.50430297851562,90.52999877929688,91.04000091552734,89.7699966430664,90.4000015258789,17672700
2017-02-17,70.27066802978516,90.2300033569336,90.47000122070312,89.69000244140625,89.81999969482422,15776600
2017-02-21,70.87811279296875,91.01000213623047,91.1500015258789,90.45999908447266,90.51000213623047,14068300
2017-02-22,70.91706085205078,91.05999755859375,91.30000305175781,90.41999816894531,90.5199966430664,11839000
2017-02-23,70.97157287597656,91.12999725341797,91.33999633789062,90.5199966430664,91.18000030517578,11067000
2017-02-24,70.34854888916016,90.33000183105469,90.54000091552734,89.7300033569336,90.18000030517578,15062300
2017-02-27,70.42640686035156,90.43000030517578,90.7300033569336,90.0199966430664,90.31999969482422,12361000
2017-02-28,70.57439422607422,90.62000274658203,90.81999969482422,89.58999633789062,89.8499984741211,15183500
2017-03-01,72.89517974853516,93.5999984741211,93.9800033569336,92.61000061035156,92.79000091552734,24451400
2017-03-02,71.75817108154297,92.13999938964844,93.91999816894531,92.02999877929688,93.87000274658203,16862500
2017-03-03,72.27217102050781,92.80000305175781,93.11000061035156,92.13999938964844,92.13999938964844,12817500
2017-03-06,71.5868148803711,91.91999816894531,92.31999969482422,91.0999984741211,92.25,15059200
2017-03-07,71.18963623046875,91.41000366210938,92.08999633789062,91.20999908447266,91.63999938964844,11156800
2017-03-08,71.03386688232422,91.20999908447266,92.8499984741211,91.0999984741211,92.68000030517578,17378400
2017-03-09,71.31426239013672,91.56999969482422,92.13999938964844,91.1500015258789,91.5999984741211,13726200
2017-03-10,71.08839416503906,91.27999877929688,92.0,90.52999877929688,91.94999694824219,13729900
2017-03-13,71.15071868896484,91.36000061035156,91.77999877929688,90.93000030517578,91.30999755859375,10004300
2017-03-14,71.26753997802734,91.51000213623047,91.6500015258789,90.7699966430664,91.0199966430664,10237700
2017-03-15,71.4388427734375,91.7300033569336,92.55000305175781,91.12999725341797,91.80000305175781,16601400
2017-03-16,71.36875915527344,91.63999938964844,92.80999755859375,91.56999969482422,92.02999877929688,14492000
2017-03-17,70.62110900878906,90.68000030517578,92.04000091552734,90.6500015258789,91.83000183105469,21734700
2017-03-20,70.11489868164062,90.02999877929688,91.16999816894531,89.79000091552734,90.2699966430664,14623600
2017-03-21,68.05888366699219,87.38999938964844,90.63999938964844,87.05999755859375,90.36000061035156,33089200
2017-03-22,68.16791534423828,87.52999877929688,88.06999969482422,86.01000213623047,86.88999938964844,21741000
2017-03-23,68.05888366699219,87.38999938964844,88.5,87.08999633789062,87.20999908447266,16090100
2017-03-24,67.98100280761719,87.29000091552734,88.08999633789062,86.7699966430664,87.79000091552734,16093200
2017-03-27,67.94205474853516,87.23999786376953,87.4000015258789,85.2300033569336,85.52999877929688,16689300
2017-03-28,69.0012435913086,88.5999984741211,89.0199966430664,86.9800033569336,87.0199966430664,16264400
2017-03-29,68.74421691894531,88.2699966430664,88.81999969482422,88.08000183105469,88.5999984741211,10207600
2017-03-30,69.33611297607422,89.02999877929688,89.45999908447266,88.12000274658203,88.19999694824219,11631000
2017-03-31,68.40933990478516,87.83999633789062,88.73999786376953,87.75,88.70999908447266,16987600
2017-04-03,68.16009521484375,87.5199966430664,88.16999816894531,86.5999984741211,87.98999786376953,19831800
2017-04-04,68.38727569580078,87.30999755859375,87.66999816894531,86.72000122070312,86.88999938964844,14280800
2017-04-05,67.51001739501953,86.19000244140625,88.54000091552734,86.12999725341797,88.41999816894531,17635500
2017-04-06,67.73716735839844,86.4800033569336,86.91000366210938,85.25,85.9800033569336,14379600
2017-04-07,67.50218200683594,86.18000030517578,86.80999755859375,85.70999908447266,85.93000030517578,13097100
2017-04-10,67.26719665527344,85.87999725341797,86.69000244140625,85.4000015258789,86.08000183105469,15081600
2017-04-11,67.14970397949219,85.7300033569336,85.79000091552734,84.80000305175781,85.54000091552734,14690500
2017-04-12,66.89122772216797,85.4000015258789,85.94999694824219,85.02999877929688,85.93000030517578,14730600
2017-04-13,66.10797119140625,84.4000015258789,86.98999786376953,84.4000015258789,85.5,30529800
2017-04-17,67.25154113769531,85.86000061035156,86.08000183105469,84.37000274658203,84.44000244140625,19071700
2017-04-18,66.70323944091797,85.16000366210938,85.62999725341797,84.73999786376953,85.36000061035156,14127000
2017-04-19,66.15495300292969,84.45999908447266,85.91999816894531,84.36000061035156,85.5,17588500
2017-04-20,67.00871276855469,85.55000305175781,85.77999877929688,84.55000305175781,84.9800033569336,15635800
2017-04-21,66.20195770263672,84.5199966430664,85.68000030517578,84.51000213623047,85.5,19820600
2017-04-24,68.53609466552734,87.5,88.05000305175781,86.41999816894531,86.55000305175781,25468300
2017-04-25,69.1313705444336,88.26000213623047,89.12999725341797,88.26000213623047,88.55000305175781,18253800
2017-04-26,69.26451873779297,88.43000030517578,89.05000305175781,88.13999938964844,88.3499984741211,12832200
2017-04-27,68.62225341796875,87.61000061035156,88.37000274658203,87.01000213623047,88.37000274658203,13329000
2017-04-28,68.14447021484375,87.0,87.8499984741211,86.94999694824219,87.5999984741211,10755600
2017-05-01,68.19144439697266,87.05999755859375,87.73999786376953,86.55999755859375,87.36000061035156,15712300
2017-05-02,67.7528076171875,86.5,86.87999725341797,86.0199966430664,86.70999908447266,14414200
2017-05-03,68.14447021484375,87.0,87.0999984741211,86.0199966430664,86.05999755859375,11540500
2017-05-04,68.2227783203125,87.0999984741211,87.7300033569336,86.56999969482422,87.69000244140625,11540100
2017-05-05,68.14447021484375,87.0,87.33999633789062,86.41999816894531,87.25,9436000
2017-05-08,68.2227783203125,87.0999984741211,87.31999969482422,86.6500015258789,87.04000091552734,8162200
2017-05-09,67.94865417480469,86.75,87.83999633789062,86.5,87.26000213623047,10273900
2017-05-10,68.48126220703125,87.43000030517578,87.4800033569336,86.47000122070312,86.52999877929688,8334900
2017-05-11,68.2697982788086,87.16000366210938,87.4800033569336,86.3499984741211,87.08999633789062,10907400
2017-05-12,68.08181762695312,86.91999816894531,87.05000305175781,86.33999633789062,86.68000030517578,8738800
2017-05-15,68.41078186035156,87.33999633789062,87.48999786376953,86.86000061035156,87.0999984741211,8835600
2017-05-16,68.62225341796875,87.61000061035156,88.08999633789062,87.33999633789062,87.36000061035156,9795000
2017-05-17,66.00613403320312,84.2699966430664,87.61000061035156,83.97000122070312,87.61000061035156,24679700
2017-05-18,65.76329803466797,83.95999908447266,84.80000305175781,83.36000061035156,84.06999969482422,23350100
2017-05-19,66.40559387207031,84.77999877929688,85.33999633789062,84.1500015258789,84.20999908447266,13412900
2017-05-22,66.34294128417969,84.69999694824219,85.29000091552734,84.20999908447266,85.18000030517578,11636000
2017-05-23,67.17321014404297,85.76000213623047,86.06999969482422,84.51000213623047,84.75,11753000
2017-05-24,67.13404083251953,85.70999908447266,85.97000122070312,85.23999786376953,85.87999725341797,9833800
2017-05-25,66.85205841064453,85.3499984741211,86.08000183105469,85.08000183105469,85.98999786376953,12238500
2017-05-26,66.85989379882812,85.36000061035156,85.55999755859375,85.0199966430664,85.11000061035156,8113500
2017-05-30,65.71631622314453,83.9000015258789,85.1500015258789,83.77999877929688,85.12999725341797,12603200
2017-05-31,64.34558868408203,82.1500015258789,83.81999969482422,81.63999938964844,83.7300033569336,28327900
2017-06-01,65.05836486816406,83.05999755859375,83.08000183105469,81.6500015258789,82.45999908447266,17123500
2017-06-02,64.72940826416016,82.63999938964844,82.98999786376953,81.9800033569336,82.29000091552734,14998500
2017-06-05,64.84691619873047,82.79000091552734,83.51000213623047,82.58000183105469,82.63999938964844,9080200
2017-06-06,64.98004150390625,82.95999908447266,83.22000122070312,82.12999725341797,82.29000091552734,12196800
2017-06-07,65.72415924072266,83.91000366210938,84.11000061035156,83.0999984741211,83.30999755859375,13711100
2017-06-08,66.53876495361328,84.94999694824219,85.7300033569336,83.88999938964844,83.91000366210938,17951000
2017-06-09,68.11311340332031,86.95999908447266,87.05000305175781,85.38999938964844,85.51000213623047,19120200
2017-06-12,68.1288070678711,86.9800033569336,87.73999786376953,86.88999938964844,86.95999908447266,16053400
2017-06-13,68.35594940185547,87.2699966430664,87.8499984741211,86.9800033569336,87.55000305175781,12557200
2017-06-14,68.21495819091797,87.08999633789062,87.30999755859375,85.81999969482422,86.7699966430664,16175700
2017-06-15,67.80763244628906,86.56999969482422,87.08000183105469,86.23999786376953,86.25,12509700
2017-06-16,67.50218200683594,86.18000030517578,86.95999908447266,86.0199966430664,86.8499984741211,16936600
2017-06-19,68.98255157470703,88.06999969482422,88.2300033569336,86.8499984741211,86.97000122070312,15972300
2017-06-20,68.55176544189453,87.5199966430664,87.91999816894531,87.37000274658203,87.75,11197800
2017-06-21,68.23846435546875,87.12000274658203,87.55000305175781,86.76000213623047,87.4800033569336,10005900
2017-06-22,68.16009521484375,87.0199966430664,87.36000061035156,86.6500015258789,86.93000030517578,12180600
2017-06-23,68.03478240966797,86.86000061035156,88.0,86.61000061035156,87.66000366210938,18812000
2017-06-26,68.33243560791016,87.23999786376953,87.66999816894531,86.62000274658203,87.01000213623047,10082400
2017-06-27,68.9668960571289,88.05000305175781,88.94000244140625,87.5,87.70999908447266,15415200
2017-06-28,70.35330963134766,89.81999969482422,90.06999969482422,88.5999984741211,88.5999984741211,17466200
2017-06-29,71.39502716064453,91.1500015258789,92.6500015258789,90.30999755859375,92.33999633789062,27697800
2017-06-30,71.59086608886719,91.4000015258789,92.0,91.16000366210938,91.95999908447266,16892700
2017-07-03,73.04786682128906,92.75,93.4800033569336,91.41000366210938,91.55999755859375,13208100
2017-07-05,73.78031158447266,93.68000030517578,93.79000091552734,92.61000061035156,93.12000274658203,17535400
2017-07-06,73.5440444946289,93.37999725341797,94.51000213623047,92.87999725341797,93.54000091552734,16596100
2017-07-07,73.91421508789062,93.8499984741211,94.16999816894531,93.2300033569336,93.95999908447266,12817800
2017-07-10,73.39441680908203,93.19000244140625,93.68000030517578,93.08999633789062,93.5,13987200
2017-07-11,73.11087799072266,92.83000183105469,93.33000183105469,92.27999877929688,93.33000183105469,13262300
2017-07-12,72.85884857177734,92.51000213623047,92.83000183105469,92.06999969482422,92.61000061035156,13540100
2017-07-13,73.32352447509766,93.0999984741211,93.37999725341797,92.33999633789062,92.69000244140625,12820100
2017-07-14,72.65408325195312,92.25,92.61000061035156,90.58000183105469,90.80999755859375,22235200
2017-07-17,71.97675323486328,91.38999938964844,91.98999786376953,91.25,91.81999969482422,14374200
2017-07-18,71.7247314453125,91.06999969482422,91.58000183105469,90.31999969482422,90.44999694824219,14719400
2017-07-19,71.82711029052734,91.19999694824219,91.62000274658203,91.0,91.33999633789062,11651200
2017-07-20,71.82711029052734,91.19999694824219,91.72000122070312,90.9000015258789,91.1500015258789,11561700
2017-07-21,71.58296966552734,90.88999938964844,91.36000061035156,90.5199966430664,91.05999755859375,10971300
2017-07-24,71.8901138305664,91.27999877929688,91.54000091552734,90.91000366210938,90.95999908447266,10725100
2017-07-25,73.08724975585938,92.80000305175781,93.5199966430664,92.2699966430664,92.37000274658203,16447700
2017-07-26,72.40206146240234,91.93000030517578,93.19000244140625,91.68000030517578,93.0999984741211,11815500
2017-07-27,72.102783203125,91.55000305175781,92.05999755859375,91.16000366210938,91.83000183105469,12332400
2017-07-28,71.8901138305664,91.27999877929688,91.75,90.91000366210938,91.44999694824219,9351900
2017-07-31,72.29966735839844,91.80000305175781,92.36000061035156,91.5,91.51000213623047,11520300
2017-08-01,73.26837158203125,93.02999877929688,93.13999938964844,92.27999877929688,92.48999786376953,12523700
2017-08-02,73.33138275146484,93.11000061035156,93.20999908447266,92.51000213623047,92.87000274658203,10165600
2017-08-03,72.8509750366211,92.5,93.12999725341797,92.23999786376953,92.69999694824219,11078800
2017-08-04,73.76457977294922,93.66000366210938,94.4000015258789,93.47000122070312,93.5,14324000
2017-08-07,74.04808044433594,94.0199966430664,94.19000244140625,93.70999908447266,93.88999938964844,7978300
2017-08-08,73.78031158447266,93.68000030517578,95.22000122070312,93.5999984741211,93.94999694824219,13745400
2017-08-09,73.66215515136719,93.52999877929688,93.68000030517578,92.83000183105469,92.9800033569336,11214400
2017-08-10,72.60681915283203,92.19000244140625,93.06999969482422,92.06999969482422,92.9000015258789,13252300
2017-08-11,72.00040435791016,91.41999816894531,92.66999816894531,91.23999786376953,92.12999725341797,10679500
2017-08-14,72.84307098388672,92.48999786376953,92.9000015258789,92.33000183105469,92.37000274658203,10994800
2017-08-15,73.03214263916016,92.7300033569336,93.55999755859375,92.6500015258789,93.30999755859375,8812700
2017-08-16,72.52804565429688,92.08999633789062,93.2300033569336,91.87999725341797,93.04000091552734,11085400
2017-08-17,71.39395904541016,90.6500015258789,91.95999908447266,90.5,91.76000213623047,13837500
2017-08-18,71.46483612060547,90.73999786376953,91.54000091552734,90.19000244140625,90.30999755859375,13040700
2017-08-21,71.3781967163086,90.62999725341797,90.94000244140625,90.16000366210938,90.8499984741211,11502100
2017-08-22,72.11067199707031,91.55999755859375,91.70999908447266,91.0,91.06999969482422,9211800
2017-08-23,72.197265625,91.66999816894531,92.33999633789062,90.83999633789062,90.87000274658203,8811300
2017-08-24,72.07914733886719,91.5199966430664,92.12000274658203,91.41000366210938,91.93000030517578,8623200
2017-08-25,72.37054443359375,91.88999938964844,92.4800033569336,91.80000305175781,91.87999725341797,11794600
2017-08-28,72.14216613769531,91.5999984741211,92.19000244140625,91.12999725341797,92.16000366210938,7292900
2017-08-29,71.74835968017578,91.0999984741211,91.30999755859375,90.30999755859375,90.44999694824219,10886100
2017-08-30,71.91376495361328,91.30999755859375,91.87999725341797,91.19000244140625,91.25,9165300
2017-08-31,71.58296966552734,90.88999938964844,91.8499984741211,90.80000305175781,91.80999755859375,13217400
2017-09-01,72.22090911865234,91.69999694824219,92.36000061035156,90.94999694824219,91.25,9815800
2017-09-05,70.49610137939453,89.51000213623047,91.11000061035156,89.0199966430664,91.0199966430664,16897300
2017-09-06,70.96867370605469,90.11000061035156,90.5199966430664,89.63999938964844,90.0,11845700
2017-09-07,69.72428131103516,88.52999877929688,90.12999725341797,88.08000183105469,90.11000061035156,14592300
2017-09-08,69.63766479492188,88.41999816894531,89.41999816894531,88.23999786376953,88.30999755859375,14242200
2017-09-11,70.71664428710938,89.79000091552734,90.25,88.94999694824219,89.38999938964844,13219000
2017-09-12,71.58296966552734,90.88999938964844,91.25,90.0999984741211,90.16999816894531,14003800
2017-09-13,71.7877426147461,91.1500015258789,91.5,90.31999969482422,90.61000061035156,12485400
2017-09-14,71.64598846435547,90.97000122070312,91.52999877929688,90.73999786376953,91.19999694824219,10562800
2017-09-15,72.15789031982422,91.62000274658203,91.70999908447266,90.76000213623047,91.08000183105469,18171800
2017-09-18,73.18175506591797,92.91999816894531,93.13999938964844,91.8499984741211,91.93000030517578,11318700
2017-09-19,73.9850845336914,93.94000244140625,94.36000061035156,92.5199966430664,92.70999908447266,12626100
2017-09-20,74.50489807128906,94.5999984741211,95.29000091552734,93.70999908447266,94.0999984741211,15311600
2017-09-21,74.84353637695312,95.02999877929688,95.37000274658203,94.19000244140625,94.45999908447266,10851500
2017-09-22,74.68602752685547,94.83000183105469,94.9800033569336,94.43000030517578,94.69999694824219,8358300
2017-09-25,74.12686157226562,94.12000274658203,94.87999725341797,93.44999694824219,94.51000213623047,10463400
2017-09-26,73.7960433959961,93.69999694824219,94.02999877929688,93.33999633789062,93.77999877929688,9358100
2017-09-27,74.961669921875,95.18000030517578,95.72000122070312,94.58000183105469,94.97000122070312,15090200
2017-09-28,75.11917877197266,95.37999725341797,95.87999725341797,94.91000366210938,95.58999633789062,10270400
2017-09-29,75.22158813476562,95.51000213623047,95.5199966430664,95.0199966430664,95.30000305175781,11438400
2017-10-02,76.26904296875,96.83999633789062,96.87999725341797,95.45999908447266,95.7699966430664,13797200
2017-10-03,76.67072296142578,97.3499984741211,97.43000030517578,96.7699966430664,96.83000183105469,9633500
2017-10-04,75.89100646972656,96.36000061035156,97.44000244140625,96.27999877929688,97.30000305175781,12166600
2017-10-05,76.91292572021484,97.08999633789062,97.4000015258789,95.55000305175781,96.0,14236200
2017-10-06,76.77826690673828,96.91999816894531,97.63999938964844,96.47000122070312,97.55000305175781,10231900
2017-10-09,76.37425994873047,96.41000366210938,97.06999969482422,96.13999938964844,96.95999908447266,7765100
2017-10-10,76.94462585449219,97.12999725341797,97.18000030517578,96.23999786376953,96.45999908447266,10631500
2017-10-11,76.71488952636719,96.83999633789062,97.01000213623047,96.13999938964844,96.83000183105469,14283600
2017-10-12,76.04154968261719,95.98999786376953,97.5,95.62000274658203,97.30000305175781,18251600
2017-10-13,75.93852996826172,95.86000061035156,96.70999908447266,94.95999908447266,95.4800033569336,13190600
2017-10-16,77.5070571899414,97.83999633789062,97.94999694824219,96.33999633789062,96.33999633789062,12434000
2017-10-17,77.33277893066406,97.62000274658203,98.18000030517578,97.31999969482422,98.06999969482422,10335700
2017-10-18,77.62589263916016,97.98999786376953,98.55000305175781,97.62999725341797,98.1500015258789,10158600
2017-10-19,77.72096252441406,98.11000061035156,98.19999694824219,97.08999633789062,97.19000244140625,9133900
2017-10-20,78.83001708984375,99.51000213623047,99.88999938964844,98.7300033569336,99.27999877929688,15326600
2017-10-23,78.69535827636719,99.33999633789062,99.98999786376953,99.23999786376953,99.51000213623047,9238600
2017-10-24,79.94698333740234,100.91999816894531,101.19000244140625,99.76000213623047,99.87999725341797,13000800
2017-10-25,80.02620697021484,101.0199966430664,101.44999694824219,100.19000244140625,101.25,14632700
2017-10-26,80.59657287597656,101.73999786376953,102.41999816894531,101.31999969482422,101.3499984741211,13054400
2017-10-27,80.62032318115234,101.7699966430664,102.2300033569336,101.05000305175781,101.43000030517578,10400400
2017-10-30,80.3351821899414,101.41000366210938,101.93000030517578,100.87000274658203,101.12999725341797,8839500
2017-10-31,79.701416015625,100.61000061035156,101.69999694824219,100.56999969482422,101.37000274658203,8690200
2017-11-01,79.94698333740234,100.91999816894531,101.69999694824219,100.7300033569336,101.0999984741211,8418200
2017-11-02,80.4777603149414,101.58999633789062,101.7699966430664,100.16000366210938,100.87000274658203,8731800
2017-11-03,80.3351821899414,101.41000366210938,101.52999877929688,100.7300033569336,101.0999984741211,7103500
2017-11-06,79.83607482910156,100.77999877929688,101.69000244140625,100.66000366210938,101.33999633789062,8121500
2017-11-07,78.22793579101562,98.75,100.75,98.25,100.55999755859375,18822600
2017-11-08,77.3486557006836,97.63999938964844,98.37000274658203,97.1500015258789,98.2699966430664,18524700
2017-11-09,77.3406982421875,97.62999725341797,98.22000122070312,96.80999755859375,97.12000274658203,13697800
2017-11-10,77.24565124511719,97.51000213623047,98.33999633789062,97.5,97.80999755859375,9314000
2017-11-13,77.52291870117188,97.86000061035156,98.05000305175781,96.62000274658203,96.69000244140625,9303100
2017-11-14,77.05554962158203,97.2699966430664,97.77999877929688,96.8499984741211,97.33999633789062,11043800
2017-11-15,77.78434753417969,98.19000244140625,98.73999786376953,95.94999694824219,96.38999938964844,15384100
2017-11-16,78.00613403320312,98.47000122070312,99.05999755859375,98.30999755859375,98.52999877929688,9808000
2017-11-17,77.7447280883789,98.13999938964844,98.41000366210938,97.56999969482422,97.81999969482422,9017900
2017-11-20,78.43392181396484,99.01000213623047,99.1500015258789,97.76000213623047,98.44999694824219,9483200
2017-11-21,78.37053680419922,98.93000030517578,99.55000305175781,98.91000366210938,99.5,13389400
2017-11-22,78.14081573486328,98.63999938964844,99.5199966430664,98.58999633789062,99.02999877929688,7342200
2017-11-24,77.8873062133789,98.31999969482422,98.9000015258789,98.26000213623047,98.83000183105469,3680000
2017-11-27,77.578369140625,97.93000030517578,99.12999725341797,97.93000030517578,98.30999755859375,13076200
2017-11-28,80.29554748535156,101.36000061035156,101.69999694824219,97.97000122070312,98.20999908447266,16773000
2017-11-29,82.17301940917969,103.7300033569336,104.22000122070312,101.95999908447266,102.41000366210938,21105500
2017-11-30,82.79885864257812,104.5199966430664,106.66000366210938,104.04000091552734,104.73999786376953,23945900
2017-12-01,83.01273345947266,104.79000091552734,105.31999969482422,102.19999694824219,104.9000015258789,19683500
2017-12-04,84.7238540649414,106.94999694824219,108.4000015258789,106.7699966430664,107.7300033569336,23576600
2017-12-05,83.74947357177734,105.72000122070312,107.41000366210938,104.12000274658203,105.58000183105469,17193900
2017-12-06,83.1236572265625,104.93000030517578,105.76000213623047,104.52999877929688,105.55000305175781,15476200
2017-12-07,82.87808227539062,104.62000274658203,105.19000244140625,103.7300033569336,103.94999694824219,13371800
2017-12-08,83.91582489013672,105.93000030517578,105.94000244140625,104.33999633789062,104.75,13506900
2017-12-11,83.67024993896484,105.62000274658203,106.05999755859375,105.30999755859375,105.72000122070312,10591200
2017-12-12,84.6446304321289,106.8499984741211,107.37000274658203,105.54000091552734,106.91000366210938,15508800
2017-12-13,83.5831069946289,105.51000213623047,107.11000061035156,105.4800033569336,106.69999694824219,15020300
2017-12-14,82.9097671508789,104.66000366210938,106.44999694824219,104.63999938964844,106.12000274658203,13034200
2017-12-15,84.0821762084961,106.13999938964844,106.5199966430664,105.19999694824219,105.79000091552734,29350600
2017-12-18,84.73176574707031,106.95999908447266,107.62999725341797,106.4800033569336,107.19000244140625,12713100
2017-12-19,84.37529754638672,106.51000213623047,107.48999786376953,106.44000244140625,107.3499984741211,12149900
2017-12-20,84.0821762084961,106.13999938964844,107.7300033569336,106.08999633789062,107.5999984741211,13091500
2017-12-21,85.42097473144531,107.83000183105469,108.06999969482422,106.55999755859375,106.58999633789062,12323700
2017-12-22,85.11994934082031,107.44999694824219,108.45999908447266,106.80999755859375,108.19999694824219,14573400
2017-12-26,84.779296875,107.0199966430664,107.98999786376953,106.4000015258789,107.19999694824219,7403700
2017-12-27,84.93773651123047,107.22000122070312,107.29000091552734,106.66999816894531,106.66999816894531,9496500
2017-12-28,85.38929748535156,107.79000091552734,107.83999633789062,107.16000366210938,107.4000015258789,7440600
2017-12-29,84.71592712402344,106.94000244140625,108.27999877929688,106.94000244140625,108.08999633789062,8925700
2018-01-02,85.5160140991211,107.94999694824219,108.0199966430664,106.80999755859375,107.62999725341797,13578800
2018-01-03,85.60317993164062,108.05999755859375,108.48999786376953,107.4800033569336,107.86000061035156,11901000
2018-01-04,86.8294906616211,109.04000091552734,110.02999877929688,108.19999694824219,108.36000061035156,12953700
2018-01-05,86.27204132080078,108.33999633789062,109.55000305175781,107.77999877929688,109.26000213623047,14155000
2018-01-08,86.39949035644531,108.5,108.68000030517578,107.69999694824219,108.1500015258789,12466500
2018-01-09,86.83745574951172,109.05000305175781,109.62999725341797,108.48999786376953,108.72000122070312,13292300
2018-01-10,87.79301452636719,110.25,110.69999694824219,109.38999938964844,109.47000122070312,15834500
2018-01-11,88.26286315917969,110.83999633789062,110.93000030517578,110.05000305175781,110.66999816894531,13676800
2018-01-12,89.72008514404297,112.66999816894531,112.8499984741211,110.83999633789062,111.6500015258789,18884200
2018-01-16,89.40157318115234,112.2699966430664,113.43000030517578,111.06999969482422,111.51000213623047,22703300
2018-01-17,89.97491455078125,112.98999786376953,113.30000305175781,111.30999755859375,111.88999938964844,14940300
2018-01-18,90.18991088867188,113.26000213623047,113.72000122070312,112.2699966430664,112.76000213623047,14572900
2018-01-19,89.9908218383789,113.01000213623047,114.33999633789062,112.80000305175781,113.94000244140625,18785500
2018-01-22,91.0419692993164,114.33000183105469,114.38999938964844,112.5,112.66000366210938,12475700
2018-01-23,90.9464111328125,114.20999908447266,114.63999938964844,113.3499984741211,113.66999816894531,12320800
2018-01-24,92.1090087890625,115.66999816894531,116.0,114.66000366210938,114.86000061035156,15904500
2018-01-25,92.13288116455078,115.69999694824219,116.16999816894531,115.08000183105469,116.04000091552734,13510000
2018-01-26,92.6266098022461,116.31999969482422,116.31999969482422,114.95999908447266,115.69999694824219,13883900
2018-01-29,92.53106689453125,116.19999694824219,117.3499984741211,116.0199966430664,116.0199966430664,11679900
2018-01-30,91.66309356689453,115.11000061035156,116.5999984741211,114.9800033569336,115.52999877929688,14279100
2018-01-31,92.1090087890625,115.66999816894531,116.66000366210938,115.16000366210938,115.6500015258789,13141400
2018-02-01,93.06458282470703,116.87000274658203,116.98999786376953,115.4800033569336,115.7699966430664,13800600
2018-02-02,91.00215911865234,114.27999877929688,116.91999816894531,114.08999633789062,116.48999786376953,16477300
2018-02-05,86.63838958740234,108.80000305175781,114.58999633789062,103.9800033569336,113.0,30097600
2018-02-06,89.27416229248047,112.11000061035156,112.4800033569336,106.61000061035156,106.8499984741211,33114800
2018-02-07,89.87936401367188,112.87000274658203,114.44999694824219,111.1500015258789,111.55000305175781,21878300
2018-02-08,85.90576934814453,107.87999725341797,113.11000061035156,107.83999633789062,113.11000061035156,27425800
2018-02-09,87.62579345703125,110.04000091552734,111.05000305175781,106.2300033569336,109.0999984741211,28188000
2018-02-12,88.97952270507812,111.73999786376953,112.7300033569336,110.06999969482422,111.16999816894531,18043300
2018-02-13,89.52899169921875,112.43000030517578,113.05000305175781,110.80000305175781,111.31999969482422,16358200
2018-02-14,91.59938049316406,115.02999877929688,115.2699966430664,112.52999877929688,112.62999725341797,15186900
2018-02-15,91.98160552978516,115.51000213623047,115.98999786376953,114.22000122070312,115.73999786376953,12130200
2018-02-16,91.32066345214844,114.68000030517578,116.06999969482422,114.5,114.55000305175781,13214300
2018-02-20,91.34452819824219,114.70999908447266,115.38999938964844,113.97000122070312,114.6500015258789,13461500
2018-02-21,91.7267837524414,115.19000244140625,117.44999694824219,114.66999816894531,115.0,14212500
2018-02-22,91.5595703125,114.9800033569336,116.43000030517578,114.76000213623047,115.5,17070400
2018-02-23,93.41497039794922,117.30999755859375,117.38999938964844,115.30999755859375,115.30999755859375,12162500
2018-02-26,94.57758331298828,118.7699966430664,118.9000015258789,117.31999969482422,118.13999938964844,16511200
2018-02-27,93.45476531982422,117.36000061035156,119.33000183105469,117.3499984741211,118.91000366210938,17563300
2018-02-28,91.9736328125,115.5,118.48999786376953,115.33999633789062,117.81999969482422,17735600
2018-03-01,90.32527160644531,113.43000030517578,116.63999938964844,112.6500015258789,115.4800033569336,18690000
2018-03-02,90.2376937866211,113.31999969482422,113.55999755859375,111.12000274658203,112.38999938964844,18353700
2018-03-05,91.62327575683594,115.05999755859375,115.93000030517578,111.88999938964844,112.05000305175781,13933000
2018-03-06,91.70291137695312,115.16000366210938,115.81999969482422,114.31999969482422,115.63999938964844,10674400
2018-03-07,91.36048126220703,114.7300033569336,115.0999984741211,113.11000061035156,113.75,13006500
2018-03-08,91.3684310913086,114.73999786376953,115.2300033569336,113.20999908447266,115.11000061035156,11173700
2018-03-09,93.99626159667969,118.04000091552734,118.08000183105469,115.66999816894531,116.55000305175781,15366600
2018-03-12,93.69367980957031,117.66000366210938,118.75,117.25,118.0,12339300
2018-03-13,92.57088470458984,116.25,118.47000122070312,115.83000183105469,118.19999694824219,13312300
2018-03-14,91.53567504882812,114.94999694824219,116.58999633789062,114.5999984741211,116.55999755859375,12905100
2018-03-15,91.76659393310547,115.23999786376953,116.0,114.83000183105469,115.87000274658203,8748000
2018-03-16,91.92586517333984,115.44000244140625,116.5999984741211,115.33999633789062,115.33999633789062,19888900
2018-03-19,91.20122528076172,114.52999877929688,115.44999694824219,113.30000305175781,115.0999984741211,13214900
2018-03-20,91.28881072998047,114.63999938964844,115.44999694824219,114.44999694824219,114.87000274658203,9921200
2018-03-21,91.3684310913086,114.73999786376953,116.62999725341797,114.20999908447266,114.80999755859375,13633000
2018-03-22,87.55411529541016,109.94999694824219,113.5999984741211,109.54000091552734,113.19999694824219,22550400
2018-03-23,85.2129898071289,107.01000213623047,110.91999816894531,106.76000213623047,110.2699966430664,23081500
2018-03-26,87.8408203125,110.30999755859375,111.16000366210938,108.6500015258789,109.19000244140625,20217500
2018-03-27,86.13668823242188,108.16999816894531,111.69000244140625,107.30000305175781,111.06999969482422,18039900
2018-03-28,86.00133514404297,108.0,109.16999816894531,106.6500015258789,108.27999877929688,19189300
2018-03-29,87.57005310058594,109.97000122070312,110.77999877929688,107.77999877929688,108.5,13274600
2018-04-02,85.88188171386719,107.8499984741211,110.7300033569336,106.08000183105469,109.95999908447266,18822500
2018-04-03,87.06041717529297,109.33000183105469,109.5,107.26000213623047,108.36000061035156,14050700
2018-04-04,88.38228607177734,110.98999786376953,111.20999908447266,107.0199966430664,107.0999984741211,15302600
2018-04-05,89.54279327392578,111.87999725341797,112.83000183105469,111.38999938964844,111.62999725341797,16627000
2018-04-06,87.309814453125,109.08999633789062,111.55000305175781,107.81999969482422,110.55000305175781,18906000
2018-04-09,88.35826110839844,110.4000015258789,112.9800033569336,109.88999938964844,110.01000213623047,15974300
2018-04-10,90.04701232910156,112.51000213623047,112.87000274658203,111.41999816894531,112.12999725341797,13951400
2018-04-11,88.53436279296875,110.62000274658203,111.80999755859375,110.5199966430664,111.66000366210938,14503300
2018-04-12,90.73529815673828,113.37000274658203,114.38999938964844,111.5,111.55999755859375,16435500
2018-04-13,88.27824401855469,110.30000305175781,115.1500015258789,109.05000305175781,115.0199966430664,39152800
2018-04-16,88.20622253417969,110.20999908447266,111.47000122070312,109.79000091552734,110.94000244140625,16580500
2018-04-17,88.20622253417969,110.20999908447266,111.91999816894531,109.98999786376953,111.37000274658203,15501400
2018-04-18,87.49390411376953,109.31999969482422,111.06999969482422,108.88999938964844,110.52999877929688,16081400
2018-04-19,89.41474914550781,111.72000122070312,111.87000274658203,109.5,109.52999877929688,17911000
2018-04-20,89.21464538574219,111.47000122070312,112.73999786376953,110.87999725341797,112.30000305175781,15584400
2018-04-23,88.78247833251953,110.93000030517578,111.94999694824219,110.62999725341797,111.56999969482422,11285800
2018-04-24,88.36630249023438,110.41000366210938,112.9000015258789,109.58999633789062,111.75,16453100
2018-04-25,88.03011322021484,109.98999786376953,110.52999877929688,108.5999984741211,110.2699966430664,13548200
2018-04-26,88.11817169189453,110.0999984741211,110.81999969482422,109.33999633789062,109.97000122070312,10299500
2018-04-27,87.55793762207031,109.4000015258789,110.16000366210938,109.12999725341797,109.55000305175781,9384000
2018-04-30,87.06173706054688,108.77999877929688,110.30000305175781,108.75,109.75,13744900
2018-05-01,87.06173706054688,108.77999877929688,108.97000122070312,107.54000091552734,108.44999694824219,10503400
2018-05-02,86.3734130859375,107.91999816894531,109.48999786376953,107.7300033569336,108.11000061035156,12162100
2018-05-03,85.82918548583984,107.23999786376953,107.7699966430664,105.18000030517578,107.58999633789062,15379100
2018-05-04,86.78157806396484,108.43000030517578,108.73999786376953,105.9800033569336,106.43000030517578,11967900
2018-05-07,87.53392028808594,109.37000274658203,109.68000030517578,108.36000061035156,108.76000213623047,9356700
2018-05-08,88.83048248291016,110.98999786376953,111.33999633789062,109.27999877929688,109.52999877929688,12543200
2018-05-09,90.76732635498047,113.41000366210938,113.63999938964844,111.02999877929688,111.44000244140625,11368100
2018-05-10,91.47161102294922,114.29000091552734,114.44000244140625,112.75,113.19000244140625,9159700
2018-05-11,91.12747955322266,113.86000061035156,114.7300033569336,113.66999816894531,114.48999786376953,10253000
2018-05-14,91.15947723388672,113.9000015258789,114.69999694824219,113.73999786376953,114.11000061035156,8710700
2018-05-15,90.46319580078125,113.02999877929688,113.91000366210938,112.56999969482422,113.91000366210938,11536200
2018-05-16,90.71128845214844,113.33999633789062,113.69000244140625,112.62999725341797,112.88999938964844,7571100
2018-05-17,90.40715789794922,112.95999908447266,113.41000366210938,112.19999694824219,113.19999694824219,8617200
2018-05-18,88.9425048828125,111.12999725341797,112.80000305175781,110.83999633789062,112.75,11806300
2018-05-21,89.7588882446289,112.1500015258789,112.54000091552734,111.91999816894531,112.05000305175781,9441900
2018-05-22,90.44718933105469,113.01000213623047,114.29000091552734,112.29000091552734,112.3499984741211,11507600
2018-05-23,90.031005859375,112.48999786376953,112.7699966430664,111.12000274658203,112.51000213623047,11453900
2018-05-24,89.02257537841797,111.2300033569336,112.1500015258789,110.12000274658203,112.13999938964844,14084800
2018-05-25,88.56637573242188,110.66000366210938,111.08000183105469,110.19999694824219,110.45999908447266,8283500
2018-05-29,84.78073120117188,105.93000030517578,109.19999694824219,104.95999908447266,109.18000030517578,30643800
2018-05-30,86.71755981445312,108.3499984741211,108.5999984741211,106.6500015258789,107.63999938964844,17490800
2018-05-31,85.64511108398438,107.01000213623047,108.19000244140625,106.41999816894531,107.94999694824219,19808200
2018-06-01,86.75759887695312,108.4000015258789,108.94000244140625,107.80000305175781,108.33999633789062,13594200
2018-06-04,86.79759979248047,108.44999694824219,109.26000213623047,108.2699966430664,108.98999786376953,9415400
2018-06-05,86.30940246582031,107.83999633789062,108.30999755859375,107.06999969482422,108.23999786376953,10415200
2018-06-06,88.32625579833984,110.36000061035156,110.73999786376953,108.4800033569336,108.66000366210938,15453600
2018-06-07,88.67840576171875,110.80000305175781,111.5,110.02999877929688,111.18000030517578,13444400
2018-06-08,88.92652893066406,111.11000061035156,111.13999938964844,110.05999755859375,110.62000274658203,10383200
2018-06-11,88.70243072509766,110.83000183105469,111.91000366210938,110.7699966430664,111.12000274658203,12642900
2018-06-12,88.19020080566406,110.19000244140625,111.52999877929688,109.5199966430664,111.13999938964844,15294100
2018-06-13,88.01412963867188,109.97000122070312,111.44999694824219,109.58000183105469,110.45999908447266,14979700
2018-06-14,86.46146392822266,108.02999877929688,110.36000061035156,107.77999877929688,110.27999877929688,20487300
2018-06-15,86.357421875,107.9000015258789,108.37999725341797,106.2699966430664,107.80000305175781,26028600
2018-06-18,86.58152770996094,108.18000030517578,108.4000015258789,106.69000244140625,107.26000213623047,9786800
2018-06-19,86.07727813720703,107.55000305175781,107.87999725341797,106.5999984741211,106.9000015258789,12707200
2018-06-20,86.06926727294922,107.54000091552734,108.63999938964844,107.44000244140625,108.18000030517578,8876900
2018-06-21,86.04525756835938,107.51000213623047,108.20999908447266,106.52999877929688,107.0999984741211,11048700
2018-06-22,84.63666534423828,105.75,108.37000274658203,105.51000213623047,108.16000366210938,19478900
2018-06-25,83.86833953857422,104.79000091552734,105.69999694824219,103.95999908447266,105.66000366210938,16907600
2018-06-26,83.92435455322266,104.86000061035156,105.20999908447266,103.11000061035156,104.70999908447266,17086800
2018-06-27,82.6277847290039,103.23999786376953,105.91999816894531,103.2300033569336,104.68000030517578,16276800
2018-06-28,83.98038482666016,104.93000030517578,105.45999908447266,103.51000213623047,103.68000030517578,14491300
2018-06-29,83.3961181640625,104.19999694824219,106.9000015258789,104.1500015258789,106.68000030517578,18972400
2018-07-02,84.1004409790039,105.08000183105469,105.08999633789062,103.37999725341797,103.72000122070312,11130000
2018-07-03,82.9239501953125,103.61000061035156,105.77999877929688,103.5199966430664,105.41000366210938,8311700
2018-07-05,83.46308898925781,103.72000122070312,104.37999725341797,103.52999877929688,104.12999725341797,10723400
2018-07-06,83.73664855957031,104.05999755859375,104.5,102.19999694824219,103.12000274658203,12173700
2018-07-09,86.32778930664062,107.27999877929688,107.45999908447266,104.70999908447266,104.70999908447266,13900800
2018-07-10,85.79667663574219,106.62000274658203,108.4000015258789,106.52999877929688,108.0199966430664,14575900
2018-07-11,85.61162567138672,106.38999938964844,107.05999755859375,106.20999908447266,106.30999755859375,10186500
2018-07-12,85.98178100585938,106.8499984741211,107.55999755859375,105.97000122070312,107.41999816894531,12456800
2018-07-13,85.58745574951172,106.36000061035156,107.80000305175781,105.13999938964844,107.30000305175781,21289100
2018-07-16,88.9832763671875,110.58000183105469,110.7699966430664,106.9800033569336,107.05000305175781,24662600
2018-07-17,88.9189224243164,110.5,110.93000030517578,109.75,110.69000244140625,14821900
2018-07-18,89.74774932861328,111.52999877929688,112.12000274658203,110.19999694824219,110.41999816894531,14244900
2018-07-19,88.42804718017578,109.88999938964844,111.08999633789062,109.7300033569336,111.05999755859375,16775300
2018-07-20,89.54655456542969,111.27999877929688,111.73999786376953,109.77999877929688,110.0,13578100
2018-07-23,91.21228790283203,113.3499984741211,114.23999786376953,110.93000030517578,111.05999755859375,18140000
2018-07-24,91.85606384277344,114.1500015258789,114.77999877929688,113.41999816894531,113.55000305175781,14000400
2018-07-25,92.68488311767578,115.18000030517578,115.5199966430664,113.37999725341797,113.87999725341797,13329100
2018-07-26,92.41934204101562,114.8499984741211,115.58999633789062,114.58000183105469,115.41999816894531,11897800
2018-07-27,93.36885070800781,116.02999877929688,116.30000305175781,114.80999755859375,115.18000030517578,12802700
2018-07-30,93.93218231201172,116.7300033569336,117.61000061035156,116.05999755859375,116.27999877929688,13411600
2018-07-31,92.49980926513672,114.94999694824219,117.08000183105469,114.81999969482422,117.08000183105469,15843800
2018-08-01,93.0711441040039,115.66000366210938,116.69000244140625,115.27999877929688,115.75,13531600
2018-08-02,93.4654541015625,116.1500015258789,116.25,114.33000183105469,114.56999969482422,11058100
2018-08-03,94.22187805175781,117.08999633789062,117.12999725341797,115.94000244140625,116.0,11016100
2018-08-06,94.24600982666016,117.12000274658203,117.52999877929688,116.18000030517578,116.79000091552734,9857400
2018-08-07,94.59201049804688,117.55000305175781,118.29000091552734,117.33000183105469,117.73999786376953,10562100
2018-08-08,94.78514099121094,117.79000091552734,118.2699966430664,117.27999877929688,117.33000183105469,8997100
2018-08-09,94.05286407470703,116.87999725341797,117.72000122070312,116.69999694824219,117.51000213623047,9694200
2018-08-10,93.12748718261719,115.7300033569336,115.94999694824219,114.68000030517578,115.5,12630600
2018-08-13,91.64683532714844,113.88999938964844,115.87999725341797,113.81999969482422,115.55999755859375,10336300
2018-08-14,92.25839233398438,114.6500015258789,115.04000091552734,113.6500015258789,114.2699966430664,10597600
2018-08-15,91.49394226074219,113.69999694824219,114.33000183105469,112.97000122070312,113.81999969482422,10152100
2018-08-16,92.3549575805664,114.7699966430664,115.30999755859375,114.30000305175781,114.3499984741211,10118600
2018-08-17,92.3549575805664,114.7699966430664,115.06999969482422,114.30000305175781,114.63999938964844,8505100
2018-08-20,92.23426055908203,114.62000274658203,115.05000305175781,114.11000061035156,114.58999633789062,8618700
2018-08-21,92.79753112792969,115.31999969482422,116.38999938964844,114.87999725341797,115.37000274658203,10976700
2018-08-22,92.515869140625,114.97000122070312,115.41000366210938,114.77999877929688,115.30999755859375,8314700
2018-08-23,92.32276916503906,114.7300033569336,115.1500015258789,114.43000030517578,114.95999908447266,9265400
2018-08-24,92.28251647949219,114.68000030517578,115.22000122070312,114.44999694824219,114.9800033569336,8845700
2018-08-27,93.91606903076172,116.70999908447266,117.27999877929688,115.16999816894531,115.22000122070312,13768000
2018-08-28,93.45738983154297,116.13999938964844,117.02999877929688,115.97000122070312,117.0,8302600
2018-08-29,93.151611328125,115.76000213623047,116.37000274658203,115.36000061035156,116.3499984741211,7221700
2018-08-30,92.69294738769531,115.19000244140625,116.04000091552734,114.9800033569336,115.58999633789062,8991800
2018-08-31,92.20207977294922,114.58000183105469,114.83999633789062,113.81999969482422,114.83000183105469,13065700
2018-09-04,92.66072082519531,115.1500015258789,115.23999786376953,113.62999725341797,114.33999633789062,10174200
2018-09-05,92.2101058959961,114.58999633789062,115.69999694824219,114.25,115.0,11462400
2018-09-06,91.8158187866211,114.0999984741211,114.69999694824219,113.5,114.5,9877600
2018-09-07,91.99284362792969,114.31999969482422,114.7699966430664,113.62999725341797,114.5,10955600
2018-09-10,91.50199890136719,113.70999908447266,114.97000122070312,113.66000366210938,114.8499984741211,8276900
2018-09-11,92.08137512207031,114.43000030517578,114.58000183105469,113.18000030517578,113.54000091552734,9333800
2018-09-12,90.99502563476562,113.08000183105469,114.87999725341797,112.8499984741211,114.25,10800800
2018-09-13,91.34906768798828,113.5199966430664,114.12999725341797,112.66999816894531,113.37000274658203,12470800
2018-09-14,91.33300018310547,113.5,114.48999786376953,113.2300033569336,113.80999755859375,10337900
2018-09-17,91.6065902709961,113.83999633789062,114.43000030517578,113.30000305175781,113.79000091552734,9561300
2018-09-18,91.97673797607422,114.30000305175781,114.66000366210938,113.55999755859375,114.33000183105469,7944200
2018-09-19,94.64834594726562,117.62000274658203,118.05999755859375,114.44000244140625,114.44000244140625,16052800
2018-09-20,95.46107482910156,118.62999725341797,119.23999786376953,118.08000183105469,118.5,15590000
2018-09-21,94.83342742919922,117.8499984741211,119.2300033569336,117.73999786376953,119.12999725341797,24788200
2018-09-24,93.92411804199219,116.72000122070312,118.45999908447266,116.43000030517578,117.76000213623047,12492500
2018-09-25,93.65857696533203,116.38999938964844,117.97000122070312,116.31999969482422,117.04000091552734,9308300
2018-09-26,92.55611419677734,115.0199966430664,116.87000274658203,114.66000366210938,116.75,14023600
2018-09-27,92.15377807617188,114.5199966430664,115.76000213623047,114.16000366210938,115.41999816894531,13283000
2018-09-28,90.8018798828125,112.83999633789062,114.23999786376953,112.5199966430664,113.6500015258789,15815100
2018-10-01,91.33300018310547,113.5,114.61000061035156,113.04000091552734,113.37000274658203,10146300
2018-10-02,91.71119689941406,113.97000122070312,114.12000274658203,112.80999755859375,113.36000061035156,13753100
2018-10-03,92.57221984863281,115.04000091552734,115.66000366210938,114.4800033569336,114.94000244140625,17142000
2018-10-04,93.40686798095703,115.2699966430664,116.80999755859375,114.20999908447266,114.55000305175781,16357400
2018-10-05,92.88013458251953,114.62000274658203,116.0999984741211,114.0199966430664,115.83000183105469,13777600
2018-10-08,93.44737243652344,115.31999969482422,115.77999877929688,113.3499984741211,114.25,14370900
2018-10-09,92.79911041259766,114.5199966430664,115.02999877929688,113.66999816894531,114.66999816894531,14069500
2018-10-10,90.3276138305664,111.47000122070312,114.94999694824219,111.47000122070312,114.69999694824219,23086400
2018-10-11,87.62109375,108.12999725341797,111.47000122070312,107.37999725341797,110.97000122070312,33705600
2018-10-12,86.66490936279297,106.94999694824219,110.83000183105469,105.5999984741211,110.37000274658203,32075700
2018-10-15,86.17060089111328,106.33999633789062,108.8499984741211,106.31999969482422,107.19999694824219,18903200
2018-10-16,88.01817321777344,108.62000274658203,108.77999877929688,106.7300033569336,107.16000366210938,19302800
2018-10-17,88.9986801147461,109.83000183105469,110.80000305175781,108.2300033569336,108.37999725341797,18794500
2018-10-18,87.58867645263672,108.08999633789062,109.83999633789062,107.80999755859375,109.0199966430664,17582500
2018-10-19,87.44282531738281,107.91000366210938,109.22000122070312,107.2699966430664,107.6500015258789,15234500
2018-10-22,86.18682098388672,106.36000061035156,108.33999633789062,106.11000061035156,108.1500015258789,16199100
2018-10-23,85.287353515625,105.25,106.16000366210938,103.69999694824219,104.19999694824219,21407500
2018-10-24,83.69908905029297,103.29000091552734,105.02999877929688,102.91000366210938,104.76000213623047,23168900
2018-10-25,84.97132110595703,104.86000061035156,105.9000015258789,103.72000122070312,104.18000030517578,17464700
2018-10-26,83.80443572998047,103.41999816894531,104.55999755859375,102.7300033569336,104.0,19174900
2018-10-29,84.96321105957031,104.8499984741211,106.62999725341797,103.69999694824219,104.45999908447266,18445200
2018-10-30,86.46234130859375,106.69999694824219,106.9800033569336,104.86000061035156,105.70999908447266,18019700
2018-10-31,88.34226989746094,109.0199966430664,110.4800033569336,107.79000091552734,108.08000183105469,20860000
2018-11-01,88.30987548828125,108.9800033569336,110.22000122070312,108.31999969482422,109.62000274658203,13065000
2018-11-02,87.82368469238281,108.37999725341797,110.80999755859375,107.48999786376953,109.9000015258789,19009200
2018-11-05,88.39900970458984,109.08999633789062,109.29000091552734,108.41999816894531,108.61000061035156,10276400
2018-11-06,88.81229400634766,109.5999984741211,109.66999816894531,107.76000213623047,108.66999816894531,10825000
2018-11-07,90.33573150634766,111.4800033569336,111.7300033569336,109.3499984741211,110.37000274658203,12679600
2018-11-08,91.06501770019531,112.37999725341797,112.93000030517578,111.0,111.01000213623047,11662500
2018-11-09,90.1817398071289,111.29000091552734,112.36000061035156,110.83000183105469,112.2300033569336,10432200
2018-11-12,88.28556060791016,108.94999694824219,111.94000244140625,108.5999984741211,111.41999816894531,13279700
2018-11-13,88.8041763305664,109.58999633789062,111.12000274658203,109.0999984741211,109.0999984741211,13746100
2018-11-14,86.97283935546875,107.33000183105469,110.70999908447266,105.9800033569336,110.2300033569336,18361400
2018-11-15,89.19314575195312,110.06999969482422,110.08000183105469,106.80999755859375,108.23999786376953,19100000
2018-11-16,89.12831115722656,109.98999786376953,110.76000213623047,108.55000305175781,109.44999694824219,13798600
2018-11-19,89.80899810791016,110.83000183105469,111.19999694824219,109.52999877929688,109.95999908447266,13987000
2018-11-20,87.88040161132812,108.44999694824219,110.48999786376953,107.9800033569336,109.77999877929688,18936200
2018-11-21,87.22403717041016,107.63999938964844,109.61000061035156,107.63999938964844,109.02999877929688,10619600
2018-11-23,86.42182922363281,106.6500015258789,107.38999938964844,106.05999755859375,106.73999786376953,6488400
2018-11-26,88.53677368164062,109.26000213623047,109.9800033569336,107.44999694824219,107.72000122070312,13948300
2018-11-27,88.9095230102539,109.72000122070312,110.02999877929688,108.62999725341797,108.76000213623047,9238200
2018-11-28,89.89813232421875,110.94000244140625,111.4000015258789,108.87000274658203,109.80000305175781,13977300
2018-11-29,89.18502044677734,110.05999755859375,110.80000305175781,109.63999938964844,110.2699966430664,11144300
2018-11-30,90.10071563720703,111.19000244140625,111.31999969482422,109.58000183105469,109.8499984741211,18652700
2018-12-03,90.95156860351562,112.23999786376953,112.88999938964844,111.73999786376953,112.37999725341797,16034500
2018-12-04,86.89180755615234,107.2300033569336,111.5999984741211,106.7300033569336,111.5999984741211,23555900
2018-12-06,85.23873138427734,105.19000244140625,105.36000061035156,102.87999725341797,105.01000213623047,27213900
2018-12-07,83.69908905029297,103.29000091552734,106.9800033569336,102.91000366210938,105.16000366210938,19248600
2018-12-10,82.1351547241211,101.36000061035156,103.48999786376953,99.27999877929688,102.87000274658203,23636400
2018-12-11,81.33291625976562,100.37000274658203,103.66000366210938,100.20999908447266,103.12999725341797,16860700
2018-12-12,81.85965728759766,101.0199966430664,102.9000015258789,100.05999755859375,101.66000366210938,22621500
2018-12-13,81.94068908691406,101.12000274658203,101.97000122070312,100.66999816894531,101.55000305175781,17250900
2018-12-14,81.26809692382812,100.29000091552734,101.94000244140625,99.86000061035156,99.98999786376953,19879500
2018-12-17,80.23089599609375,99.01000213623047,100.55999755859375,98.44000244140625,99.7699966430664,25113500
2018-12-18,79.85002136230469,98.54000091552734,100.88999938964844,98.12000274658203,99.41999816894531,20837200
2018-12-19,78.8371353149414,97.29000091552734,100.58000183105469,96.5999984741211,98.41000366210938,28767900
2018-12-20,78.15644073486328,96.44999694824219,98.27999877929688,95.69000244140625,96.61000061035156,31825200
2018-12-21,76.30887603759766,94.16999816894531,98.43000030517578,93.69000244140625,96.68000030517578,41313900
2018-12-24,74.66390228271484,92.13999938964844,94.22000122070312,92.13999938964844,92.88999938964844,17009300
2018-12-26,77.75936889648438,95.95999908447266,95.95999908447266,91.11000061035156,92.69000244140625,22542900
2018-12-27,78.6345443725586,97.04000091552734,97.1500015258789,93.55000305175781,94.81999969482422,20304700
2018-12-28,78.46436309814453,96.83000183105469,98.31999969482422,96.44000244140625,97.94999694824219,17963300
2018-12-31,79.10452270507812,97.62000274658203,98.80999755859375,96.7699966430664,97.58999633789062,13237200
2019-01-02,80.4739761352539,99.30999755859375,99.77999877929688,95.94000244140625,95.94999694824219,15670900
2019-01-03,79.33030700683594,97.11000061035156,98.88999938964844,96.69000244140625,98.63999938964844,16286400
2019-01-04,82.2548599243164,100.69000244140625,100.93000030517578,98.27999877929688,99.11000061035156,16935200
2019-01-07,82.31204223632812,100.76000213623047,101.47000122070312,99.70999908447266,100.43000030517578,15430700
2019-01-08,82.15681457519531,100.56999969482422,101.81999969482422,99.55000305175781,101.62999725341797,13578800
2019-01-09,82.01795196533203,100.4000015258789,101.48999786376953,99.93000030517578,100.80999755859375,14230300
2019-01-10,82.0097885131836,100.38999938964844,100.7300033569336,99.2699966430664,100.0199966430664,14376100
2019-01-11,81.61766815185547,99.91000366210938,100.16999816894531,98.94999694824219,99.88999938964844,15439900
2019-01-14,82.4590835571289,100.94000244140625,101.36000061035156,98.66000366210938,98.87000274658203,21258500
2019-01-15,83.0635986328125,101.68000030517578,102.47000122070312,98.5999984741211,98.88999938964844,26504900
2019-01-16,83.73346710205078,102.5,103.44999694824219,101.80000305175781,102.25,18533000
2019-01-17,84.07655334472656,102.91999816894531,103.5,101.91999816894531,102.11000061035156,14247600
2019-01-18,85.44081115722656,104.58999633789062,104.9000015258789,102.83000183105469,103.7699966430664,16428700
2019-01-22,84.09290313720703,102.94000244140625,103.58999633789062,102.12999725341797,103.08000183105469,17083700
2019-01-23,83.8805160522461,102.68000030517578,103.69999694824219,101.97000122070312,103.44000244140625,12146700
2019-01-24,83.92951202392578,102.73999786376953,103.08999633789062,101.94000244140625,102.12999725341797,11296800
2019-01-25,84.46051788330078,103.38999938964844,104.30999755859375,102.73999786376953,103.51000213623047,14369400
2019-01-28,84.86080169677734,103.87999725341797,104.23999786376953,102.58999633789062,102.88999938964844,12283100
2019-01-29,85.09771728515625,104.16999816894531,105.11000061035156,103.7300033569336,103.87999725341797,9743300
2019-01-30,85.29376220703125,104.41000366210938,105.23999786376953,103.77999877929688,104.13999938964844,12526300
2019-01-31,84.55035400390625,103.5,103.80000305175781,102.7300033569336,103.41000366210938,17520600
2019-02-01,84.86080169677734,103.87999725341797,104.8499984741211,103.5199966430664,104.0,13000800
2019-02-04,85.16305541992188,104.25,104.25,103.01000213623047,103.79000091552734,9871500
2019-02-05,84.7872543334961,103.79000091552734,104.55000305175781,103.29000091552734,104.5199966430664,12763000
2019-02-06,84.7464370727539,103.73999786376953,104.62000274658203,103.47000122070312,103.70999908447266,8745000
2019-02-07,83.63542938232422,102.37999725341797,103.5,101.44000244140625,103.25,13177500
2019-02-08,82.80220031738281,101.36000061035156,102.33999633789062,100.05999755859375,102.08000183105469,12892600
2019-02-11,82.41006469726562,100.87999725341797,102.01000213623047,100.7699966430664,101.76000213623047,10978500
2019-02-12,83.81513977050781,102.5999984741211,102.91999816894531,101.88999938964844,101.94999694824219,12852300
2019-02-13,84.2154312133789,103.08999633789062,103.8499984741211,102.9000015258789,102.9000015258789,10754100
2019-02-14,83.66808319091797,102.41999816894531,103.0999984741211,101.3499984741211,102.47000122070312,11518500
2019-02-15,86.22504425048828,105.55000305175781,105.69999694824219,103.66000366210938,103.9000015258789,14716900
2019-02-19,85.92277526855469,105.18000030517578,105.37000274658203,103.80999755859375,104.91000366210938,12764900
2019-02-20,86.33940887451172,105.69000244140625,105.80000305175781,104.87999725341797,105.20999908447266,10030300
2019-02-21,86.1596908569336,105.47000122070312,105.98999786376953,104.95999908447266,105.44999694824219,8400100
2019-02-22,85.7757339477539,105.0,106.08999633789062,104.77999877929688,105.69999694824219,10647300
2019-02-25,86.67434692382812,106.0999984741211,107.2699966430664,105.69000244140625,105.75,11230700
2019-02-26,86.01265716552734,105.29000091552734,105.47000122070312,103.94000244140625,104.5,15465400
2019-02-27,85.90646362304688,105.16000366210938,105.37999725341797,104.51000213623047,105.18000030517578,9968800
2019-02-28,85.25292205810547,104.36000061035156,105.20999908447266,104.18000030517578,105.01000213623047,15156900
2019-03-01,85.31009674072266,104.43000030517578,105.91000366210938,104.19999694824219,105.0999984741211,13813300
2019-03-04,85.11402893066406,104.19000244140625,105.91999816894531,103.2699966430664,104.91999816894531,12466300
2019-03-05,85.0487060546875,104.11000061035156,104.55000305175781,103.26000213623047,104.12999725341797,10856600
2019-03-06,84.7300796508789,103.72000122070312,104.56999969482422,103.55000305175781,103.86000061035156,9070800
2019-03-07,84.1174087524414,102.97000122070312,103.47000122070312,102.16000366210938,103.25,12705700
2019-03-08,84.15008544921875,103.01000213623047,103.2300033569336,101.98999786376953,101.98999786376953,10582400
2019-03-11,85.24474334716797,104.3499984741211,104.55000305175781,103.66000366210938,103.9800033569336,9763200
2019-03-12,84.99150085449219,104.04000091552734,104.79000091552734,103.75,104.58999633789062,10219100
2019-03-13,85.27741241455078,104.38999938964844,104.9800033569336,103.94999694824219,104.19000244140625,13022200
2019-03-14,86.05349731445312,105.33999633789062,105.87000274658203,104.45999908447266,104.5,10926500
2019-03-15,87.04195404052734,106.55000305175781,106.80000305175781,105.2300033569336,105.41000366210938,24811700
2019-03-18,87.56478881835938,107.19000244140625,107.79000091552734,106.5,106.55000305175781,12935500
2019-03-19,87.24617004394531,106.80000305175781,108.4000015258789,106.55000305175781,108.19999694824219,12889300
2019-03-20,85.38360595703125,104.5199966430664,106.6500015258789,104.41000366210938,106.43000030517578,14920700
2019-03-21,84.03572082519531,102.87000274658203,103.48999786376953,102.27999877929688,103.48999786376953,19751000
2019-03-22,81.49513244628906,99.76000213623047,102.31999969482422,99.5199966430664,101.81999969482422,31115200
2019-03-25,80.81707000732422,98.93000030517578,100.56999969482422,98.08999633789062,99.58999633789062,21032300
2019-03-26,81.6258316040039,99.91999816894531,100.4000015258789,98.81999969482422,99.81999969482422,15987100
2019-03-27,81.34806060791016,99.58000183105469,100.44999694824219,99.08000183105469,99.87999725341797,12753200
2019-03-28,82.27117919921875,100.70999908447266,100.80000305175781,99.73999786376953,100.0,12454100
2019-03-29,82.69599914550781,101.2300033569336,101.98999786376953,100.58999633789062,101.54000091552734,14523400
2019-04-01,85.48165893554688,104.63999938964844,104.68000030517578,102.12000274658203,102.1500015258789,17499300
2019-04-02,85.89010620117188,105.13999938964844,105.44000244140625,104.33000183105469,104.5999984741211,10295400
2019-04-03,86.06166076660156,105.3499984741211,106.36000061035156,104.79000091552734,105.80999755859375,11499200
2019-04-04,86.89306640625,105.55999755859375,105.7300033569336,104.44999694824219,104.55000305175781,11952100
2019-04-05,86.68724060058594,105.30999755859375,106.11000061035156,104.98999786376953,105.80000305175781,9933700
2019-04-08,86.96715545654297,105.6500015258789,105.6500015258789,104.91000366210938,105.11000061035156,8056300
2019-04-09,86.32508087158203,104.87000274658203,105.19999694824219,104.25,105.08000183105469,9092200
2019-04-10,86.71195220947266,105.33999633789062,105.72000122070312,104.47000122070312,105.12999725341797,10882300
2019-04-11,87.444580078125,106.2300033569336,106.7300033569336,105.55999755859375,105.70999908447266,11183800
2019-04-12,91.54393005371094,111.20999908447266,111.8499984741211,108.87999725341797,109.44000244140625,25834100
2019-04-15,90.49850463867188,109.94000244140625,111.0,109.12000274658203,110.91999816894531,15163800
2019-04-16,91.45338439941406,111.0999984741211,111.38999938964844,109.86000061035156,109.9000015258789,11583200
2019-04-17,94.08751678466797,114.30000305175781,114.66000366210938,111.01000213623047,111.69999694824219,17791900
2019-04-18,93.39603424072266,113.45999908447266,114.94999694824219,113.33000183105469,114.52999877929688,12501900
2019-04-22,93.51129913330078,113.5999984741211,113.93000030517578,112.66000366210938,112.83000183105469,7975900
2019-04-23,93.62652587890625,113.73999786376953,114.37000274658203,112.8499984741211,113.0,9193100
2019-04-24,93.47012329101562,113.55000305175781,114.1500015258789,112.80999755859375,113.26000213623047,9245700
2019-04-25,93.51953887939453,113.61000061035156,114.1500015258789,112.5,113.01000213623047,9311800
2019-04-26,94.2274169921875,114.47000122070312,114.58000183105469,113.5999984741211,113.94999694824219,7889300
2019-04-29,95.58562469482422,116.12000274658203,117.16000366210938,114.44999694824219,114.5999984741211,14242200
2019-04-30,95.52804565429688,116.05000305175781,116.72000122070312,115.26000213623047,116.43000030517578,11389100
2019-05-01,94.79540252685547,115.16000366210938,117.0,115.11000061035156,115.72000122070312,10412900
2019-05-02,95.0011978149414,115.41000366210938,115.77999877929688,114.58000183105469,115.16999816894531,8613300
2019-05-03,95.58562469482422,116.12000274658203,116.68000030517578,115.66999816894531,116.0,8185400
2019-05-06,94.73780822753906,115.08999633789062,115.47000122070312,113.72000122070312,114.18000030517578,9387000
2019-05-07,93.19023132324219,113.20999908447266,114.02999877929688,112.29000091552734,114.02999877929688,15017700
2019-05-08,92.69635772705078,112.61000061035156,113.66999816894531,112.45999908447266,112.66000366210938,9575800
2019-05-09,92.62224578857422,112.5199966430664,112.73999786376953,110.58000183105469,111.13999938964844,12205900
2019-05-10,92.61402893066406,112.51000213623047,112.83999633789062,110.54000091552734,111.75,13189000
2019-05-13,90.09513854980469,109.44999694824219,110.44999694824219,108.9800033569336,110.08000183105469,13783700
2019-05-14,90.8113021850586,110.31999969482422,111.72000122070312,109.5,109.55000305175781,10503600
2019-05-15,90.46559143066406,109.9000015258789,110.9000015258789,108.61000061035156,109.20999908447266,10142000
2019-05-16,91.62623596191406,111.30999755859375,112.16999816894531,110.58999633789062,110.62000274658203,9672700
2019-05-17,91.1817398071289,110.7699966430664,111.75,109.83000183105469,110.0,9570100
2019-05-20,91.65916442871094,111.3499984741211,111.80999755859375,110.37000274658203,110.58000183105469,8518200
2019-05-21,91.97196197509766,111.7300033569336,111.91999816894531,111.22000122070312,111.44000244140625,7967900
2019-05-22,91.22286987304688,110.81999969482422,111.79000091552734,110.75,111.4000015258789,7918900
2019-05-23,89.42839813232422,108.63999938964844,109.79000091552734,107.5,109.63999938964844,14558000
2019-05-24,90.3091812133789,109.70999908447266,109.95999908447266,109.19000244140625,109.5199966430664,8537300
2019-05-28,89.32962036132812,108.5199966430664,109.83000183105469,108.44000244140625,109.19999694824219,11665500
2019-05-29,89.0826644897461,108.22000122070312,108.4000015258789,107.05999755859375,107.44999694824219,9966400
2019-05-30,88.12779998779297,107.05999755859375,109.18000030517578,106.54000091552734,108.6500015258789,10367800
2019-05-31,87.22232055664062,105.95999908447266,106.58999633789062,104.83999633789062,105.55999755859375,10952800
2019-06-03,87.63389587402344,106.45999908447266,106.86000061035156,105.30000305175781,105.80000305175781,11680700
2019-06-04,90.33387756347656,109.73999786376953,109.9000015258789,107.12999725341797,107.8499984741211,12858600
2019-06-05,90.6548843383789,110.12999725341797,110.37999725341797,108.63999938964844,109.86000061035156,8340500
2019-06-06,90.85247802734375,110.37000274658203,110.87000274658203,108.93000030517578,110.1500015258789,8726700
2019-06-07,89.8564453125,109.16000366210938,110.0199966430664,108.95999908447266,109.69999694824219,10618900
2019-06-10,90.8277587890625,110.33999633789062,111.20999908447266,110.22000122070312,110.75,11380600
2019-06-11,91.10765075683594,110.68000030517578,111.56999969482422,110.37000274658203,110.81999969482422,9847700
2019-06-12,89.94698333740234,109.2699966430664,110.9000015258789,108.88999938964844,110.69999694824219,9670500
2019-06-13,90.16923522949219,109.54000091552734,110.16000366210938,109.05000305175781,109.45999908447266,8406900
2019-06-14,90.39971923828125,109.81999969482422,110.30000305175781,108.62999725341797,109.56999969482422,9077400
2019-06-17,89.90583038330078,109.22000122070312,110.37000274658203,109.05999755859375,109.69999694824219,8128600
2019-06-18,91.13233947753906,110.70999908447266,111.41000366210938,108.9800033569336,109.01000213623047,11057300
2019-06-19,90.47380828857422,109.91000366210938,111.58999633789062,109.69999694824219,110.81999969482422,13126500
2019-06-20,90.70428466796875,110.19000244140625,111.08999633789062,109.02999877929688,110.87999725341797,13638000
2019-06-21,90.0869140625,109.44000244140625,111.66999816894531,109.08999633789062,110.19000244140625,27089500
2019-06-24,89.44486236572266,108.66000366210938,109.7699966430664,108.54000091552734,109.27999877929688,13039600
2019-06-25,88.70402526855469,107.76000213623047,108.9800033569336,107.66999816894531,108.68000030517578,18660100
2019-06-26,89.29667663574219,108.4800033569336,109.30999755859375,108.16000366210938,108.30000305175781,10324600
2019-06-27,89.59303283691406,108.83999633789062,109.55000305175781,108.44000244140625,108.83999633789062,10906600
2019-06-28,92.02957916259766,111.80000305175781,112.43000030517578,110.9000015258789,111.04000091552734,21634700
2019-07-01,93.57713317871094,113.68000030517578,114.5199966430664,113.08000183105469,113.2300033569336,12724500
2019-07-02,93.6759033203125,113.80000305175781,114.19999694824219,113.22000122070312,113.51000213623047,10174900
2019-07-03,93.52672576904297,112.81999969482422,113.87000274658203,112.26000213623047,113.33999633789062,6849400
2019-07-05,94.08211517333984,113.48999786376953,114.2699966430664,112.91999816894531,113.51000213623047,7929400
2019-07-08,93.56814575195312,112.87000274658203,113.4800033569336,112.5,112.95999908447266,6917200
2019-07-09,93.96605682373047,113.3499984741211,113.48999786376953,112.1500015258789,112.27999877929688,8947300
2019-07-10,93.69251251220703,113.0199966430664,113.83000183105469,112.73999786376953,113.37000274658203,9242300
2019-07-11,94.58779907226562,114.0999984741211,114.36000061035156,113.12000274658203,113.37000274658203,11595200
2019-07-12,95.58258819580078,115.30000305175781,115.3499984741211,113.93000030517578,114.12999725341797,10783400
2019-07-15,94.42200469970703,113.9000015258789,115.56999969482422,113.52999877929688,115.54000091552734,12946600
2019-07-16,95.43336486816406,115.12000274658203,115.5,112.91999816894531,113.4800033569336,16945000
2019-07-17,94.4966049194336,113.98999786376953,114.94000244140625,113.7300033569336,114.43000030517578,13120900
2019-07-18,95.06031799316406,114.66999816894531,115.06999969482422,113.55000305175781,113.93000030517578,9397200
2019-07-19,94.12358093261719,113.54000091552734,115.12000274658203,113.4000015258789,114.88999938964844,10402800
2019-07-22,94.7287368774414,114.2699966430664,114.44999694824219,112.7699966430664,112.91000366210938,9061100
2019-07-23,96.46131896972656,116.36000061035156,116.44999694824219,114.81999969482422,114.87999725341797,12752200
2019-07-24,96.8509521484375,116.83000183105469,116.87999725341797,115.5199966430664,115.58000183105469,10011000
2019-07-25,95.92247009277344,115.70999908447266,117.23999786376953,115.31999969482422,116.88999938964844,10138400
2019-07-26,96.34525299072266,116.22000122070312,116.51000213623047,115.52999877929688,115.7699966430664,12800400
2019-07-29,96.03855895996094,115.8499984741211,117.18000030517578,115.79000091552734,116.45999908447266,8500400
2019-07-30,95.82299041748047,115.58999633789062,116.08000183105469,114.76000213623047,115.19000244140625,7121100
2019-07-31,96.16287994384766,116.0,116.18000030517578,114.86000061035156,116.0999984741211,13648000
2019-08-01,93.62619018554688,112.94000244140625,116.80000305175781,112.5999984741211,115.33000183105469,15664500
2019-08-02,93.61790466308594,112.93000030517578,113.43000030517578,111.4000015258789,112.4000015258789,11025500
2019-08-05,90.83248901367188,109.56999969482422,110.9800033569336,108.2699966430664,110.79000091552734,15855300
2019-08-06,91.54542541503906,110.43000030517578,110.5,108.33999633789062,110.05000305175781,10203500
2019-08-07,89.55581665039062,108.02999877929688,108.27999877929688,105.94000244140625,108.0,17320900
2019-08-08,91.07288360595703,109.86000061035156,110.08000183105469,108.72000122070312,109.05000305175781,10903300
2019-08-09,90.97341918945312,109.73999786376953,110.44999694824219,108.29000091552734,109.3499984741211,9980800
2019-08-12,89.26569366455078,107.68000030517578,108.51000213623047,107.20999908447266,108.44000244140625,9393700
2019-08-13,90.64180755615234,109.33999633789062,110.33000183105469,107.02999877929688,107.94999694824219,12124700
2019-08-14,86.8781967163086,104.80000305175781,106.91000366210938,104.44999694824219,106.30000305175781,19491800
2019-08-15,87.20979309082031,105.19999694824219,106.37999725341797,104.33999633789062,104.81999969482422,13365600
2019-08-16,89.2988510131836,107.72000122070312,107.9800033569336,105.87000274658203,106.37000274658203,11830600
2019-08-19,90.10297393798828,108.69000244140625,109.75,108.41999816894531,109.62999725341797,8265400
2019-08-20,88.95896911621094,107.30999755859375,108.44000244140625,107.23999786376953,107.8499984741211,8374000
2019-08-21,89.20764923095703,107.61000061035156,108.43000030517578,107.44999694824219,108.20999908447266,8189300
2019-08-22,90.12783813476562,108.72000122070312,109.2699966430664,107.93000030517578,108.37000274658203,9343400
2019-08-23,87.88957214355469,106.0199966430664,108.77999877929688,105.11000061035156,108.0,14762300
2019-08-26,88.59420776367188,106.87000274658203,106.98999786376953,106.01000213623047,106.62000274658203,8209500
2019-08-27,87.65745544433594,105.73999786376953,107.55999755859375,104.83999633789062,107.3499984741211,14331800
2019-08-28,88.53614807128906,106.80000305175781,107.20999908447266,105.04000091552734,105.08000183105469,10585500
2019-08-29,90.5423355102539,109.22000122070312,109.88999938964844,108.0199966430664,108.13999938964844,10002200
2019-08-30,91.07288360595703,109.86000061035156,110.55999755859375,109.47000122070312,109.83999633789062,10170300
2019-09-03,89.99519348144531,108.55999755859375,108.98999786376953,107.31999969482422,108.9800033569336,9868800
2019-09-04,91.08119201660156,109.87000274658203,110.22000122070312,108.55999755859375,109.44999694824219,6929200
2019-09-05,93.1536636352539,112.37000274658203,113.72000122070312,111.19999694824219,111.25,13224700
2019-09-06,93.35262298583984,112.61000061035156,112.9800033569336,111.95999908447266,112.66000366210938,7836600
2019-09-09,95.66548156738281,115.4000015258789,116.05999755859375,113.5999984741211,113.70999908447266,13985100
2019-09-10,96.88411712646484,116.87000274658203,117.2699966430664,115.7300033569336,116.30000305175781,14333100
2019-09-11,97.14937591552734,117.19000244140625,117.19999694824219,115.37999725341797,116.88999938964844,9919200
2019-09-12,97.74625396728516,117.91000366210938,118.47000122070312,115.91999816894531,116.55000305175781,12283500
2019-09-13,99.66952514648438,120.2300033569336,120.4000015258789,118.75,119.0,16257200
2019-09-16,98.78250122070312,119.16000366210938,119.87000274658203,118.37999725341797,118.9000015258789,11993900
2019-09-17,98.29338073730469,118.56999969482422,118.61000061035156,117.23999786376953,118.41999816894531,10735400
2019-09-18,99.2799072265625,119.76000213623047,120.08000183105469,117.75,118.31999969482422,10665600
2019-09-19,98.96488189697266,119.37999725341797,120.33999633789062,119.08999633789062,119.69999694824219,9382600
2019-09-20,98.56698608398438,118.9000015258789,120.33999633789062,118.87000274658203,119.73999786376953,21862800
2019-09-23,98.55038452148438,118.87999725341797,119.12000274658203,117.68000030517578,117.77999877929688,9135100
2019-09-24,97.26544189453125,117.33000183105469,119.26000213623047,117.04000091552734,118.75,11696500
2019-09-25,97.82085418701172,118.0,118.36000061035156,117.12000274658203,117.2699966430664,9389400
2019-09-26,97.01676177978516,117.02999877929688,118.05000305175781,116.94999694824219,117.87999725341797,9899200
2019-09-27,97.5887451171875,117.72000122070312,118.63999938964844,117.27999877929688,117.95999908447266,10207800
2019-09-30,97.56390380859375,117.69000244140625,118.7699966430664,117.22000122070312,118.36000061035156,9755000
2019-10-01,95.78985595703125,115.55000305175781,119.0,115.41000366210938,118.4000015258789,11250300
2019-10-02,93.8831787109375,113.25,114.9000015258789,112.93000030517578,114.80999755859375,12548700
2019-10-03,93.74945831298828,112.19000244140625,112.91000366210938,110.5199966430664,112.2699966430664,12735200
2019-10-04,95.78006744384766,114.62000274658203,114.94000244140625,112.2699966430664,112.33999633789062,9453100
2019-10-07,95.5711441040039,114.37000274658203,115.5,114.06999969482422,114.19000244140625,6771600
2019-10-08,93.4402847290039,111.81999969482422,113.05999755859375,111.66000366210938,113.05999755859375,10806300
2019-10-09,94.11712646484375,112.62999725341797,113.16000366210938,112.06999969482422,112.66999816894531,7273700
2019-10-10,95.43743133544922,114.20999908447266,115.4000015258789,113.0,113.13999938964844,10994100
2019-10-11,97.05021667480469,116.13999938964844,117.98999786376953,115.87000274658203,116.02999877929688,15076500
2019-10-14,97.30926513671875,116.44999694824219,116.87000274658203,115.66000366210938,115.8499984741211,8779000
2019-10-15,100.2423324584961,119.95999908447266,121.58999633789062,117.87000274658203,118.8499984741211,23379000
2019-10-16,100.00833129882812,119.68000030517578,120.62000274658203,119.37999725341797,119.95999908447266,11087700
2019-10-17,100.5682144165039,120.3499984741211,121.56999969482422,119.87999725341797,120.75,10818500
2019-10-18,100.74369049072266,120.55999755859375,121.0199966430664,119.86000061035156,120.0,10417400
2019-10-21,103.24224090576172,123.55000305175781,123.7699966430664,121.98999786376953,122.05000305175781,12714600
2019-10-22,104.27839660644531,124.79000091552734,125.0999984741211,123.12000274658203,123.44999694824219,12549100
2019-10-23,104.55416870117188,125.12000274658203,125.1500015258789,124.16999816894531,124.19999694824219,8828300
2019-10-24,104.47895812988281,125.02999877929688,125.66000366210938,124.06999969482422,125.29000091552734,8020500
2019-10-25,105.3145980834961,126.02999877929688,126.6500015258789,124.75,125.0,9055700
2019-10-28,105.7157211303711,126.51000213623047,127.20999908447266,126.4000015258789,126.56999969482422,9522200
2019-10-29,105.64883422851562,126.43000030517578,127.41999816894531,125.94000244140625,126.05999755859375,9797300
2019-10-30,105.06390380859375,125.7300033569336,126.26000213623047,124.91999816894531,126.05000305175781,8513700
2019-10-31,104.3870620727539,124.91999816894531,125.7300033569336,123.86000061035156,125.48999786376953,11589100
2019-11-01,106.79366302490234,127.80000305175781,127.98999786376953,126.0199966430664,126.19999694824219,11682600
2019-11-04,107.64602661132812,128.82000732421875,129.4199981689453,128.55999755859375,129.0800018310547,9159900
2019-11-05,107.8799819946289,129.10000610351562,130.3000030517578,128.83999633789062,129.38999938964844,13747600
2019-11-06,108.047119140625,129.3000030517578,129.83999633789062,128.5800018310547,128.69000244140625,11231100
2019-11-07,108.63202667236328,130.0,131.2899932861328,129.9199981689453,130.42999267578125,13528900
2019-11-08,108.94960021972656,130.3800048828125,130.39999389648438,129.25,129.8800048828125,9293400
2019-11-11,108.56520080566406,129.9199981689453,130.10000610351562,129.35000610351562,129.60000610351562,8679000
2019-11-12,107.93013000488281,129.16000366210938,130.6199951171875,129.00999450683594,129.6300048828125,9099000
2019-11-13,107.36188507080078,128.47999572753906,128.82000732421875,127.41999816894531,128.1300048828125,8023300
2019-11-14,107.4621810913086,128.60000610351562,128.83999633789062,127.58999633789062,127.72000122070312,8483400
2019-11-15,108.23933410644531,129.52999877929688,129.52999877929688,128.39999389648438,129.22999572753906,10163600
2019-11-18,109.15013885498047,130.6199951171875,130.64999389648438,128.99000549316406,129.55999755859375,8749300
2019-11-19,109.11671447753906,130.5800018310547,131.25,130.17999267578125,130.99000549316406,8824500
2019-11-20,108.3228759765625,129.6300048828125,130.6199951171875,128.94000244140625,130.3000030517578,11782800
2019-11-21,108.57353973388672,129.92999267578125,130.72000122070312,129.38999938964844,130.0,7705500
2019-11-22,109.29220581054688,130.7899932861328,131.22000122070312,130.10000610351562,130.14999389648438,8167900
2019-11-25,109.87716674804688,131.49000549316406,132.07000732421875,130.8699951171875,131.25,10068500
2019-11-26,110.0275650024414,131.6699981689453,131.82000732421875,130.36000061035156,131.82000732421875,10490700
2019-11-27,110.35345458984375,132.05999755859375,132.42999267578125,131.64999389648438,132.2899932861328,6607900
2019-11-29,110.1027603149414,131.75999450683594,132.41000366210938,131.4499969482422,131.8699951171875,5712000
2019-12-02,109.86044311523438,131.47000122070312,132.74000549316406,131.35000610351562,132.30999755859375,8615600
2019-12-03,108.44823455810547,129.77999877929688,129.9600067138672,128.58999633789062,129.77000427246094,10361300
2019-12-04,110.58743286132812,132.33999633789062,132.47000122070312,129.99000549316406,130.3800048828125,10318200
2019-12-05,111.18910217285156,133.05999755859375,133.30999755859375,132.17999267578125,132.67999267578125,9587400
2019-12-06,112.84362030029297,135.0399932861328,135.77999877929688,134.64999389648438,134.69000244140625,10170600
2019-12-09,112.31719207763672,134.41000366210938,135.4600067138672,134.41000366210938,134.6300048828125,8498200
2019-12-10,112.39237976074219,134.5,134.77000427246094,132.8800048828125,133.25,7532900
2019-12-11,112.1249771118164,134.17999267578125,135.02000427246094,134.00999450683594,134.2899932861328,9011900
2019-12-12,115.33381652832031,138.02000427246094,138.47000122070312,134.2100067138672,134.49000549316406,13717400
2019-12-13,114.32269287109375,136.80999755859375,138.8300018310547,136.22000122070312,137.9499969482422,10592100
2019-12-16,114.76560974121094,137.33999633789062,138.83999633789062,137.32000732421875,138.3800048828125,11372000
2019-12-17,115.46752166748047,138.17999267578125,138.6699981689453,137.22999572753906,137.72999572753906,11546800
2019-12-18,115.35050201416016,138.0399932861328,139.02000427246094,137.72000122070312,138.14999389648438,10381500
2019-12-19,114.7739486694336,137.35000610351562,138.22000122070312,137.10000610351562,137.75999450683594,9350400
2019-12-20,114.6820297241211,137.24000549316406,138.8800048828125,136.89999389648438,138.02000427246094,29992600
2019-12-23,114.64862060546875,137.1999969482422,137.91000366210938,136.8800048828125,137.60000610351562,9738400
2019-12-24,114.96614837646484,137.5800018310547,137.6300048828125,137.05999755859375,137.3300018310547,3324300
2019-12-26,116.18614959716797,139.0399932861328,139.10000610351562,137.77999877929688,137.88999938964844,6770900
2019-12-27,116.26972198486328,139.13999938964844,139.77000427246094,138.6699981689453,139.3000030517578,7868200
2019-12-30,115.84357452392578,138.6300048828125,140.0800018310547,138.47000122070312,139.89999389648438,6963000
2019-12-31,116.48695373535156,139.39999389648438,139.47999572753906,138.2899932861328,138.50999450683594,7201600
2020-01-02,117.89920043945312,141.08999633789062,141.10000610351562,139.25999450683594,139.7899932861328,10803700
2020-01-03,116.34333801269531,138.33999633789062,139.22999572753906,137.0800018310547,137.5,10386800
2020-01-06,116.25082397460938,138.22999572753906,138.27000427246094,136.5,136.55999755859375,10259000
2020-01-07,114.27454376220703,135.8800048828125,137.86000061035156,135.82000732421875,137.27999877929688,10531300
2020-01-08,115.16594696044922,136.94000244140625,137.5800018310547,135.60000610351562,135.6999969482422,9695300
2020-01-09,115.58647918701172,137.44000244140625,138.22999572753906,137.0399932861328,138.0500030517578,9469000
2020-01-10,114.43431091308594,136.07000732421875,137.25,135.80999755859375,137.2100067138672,10190900
2020-01-13,115.38463592529297,137.1999969482422,137.1999969482422,135.75999450683594,136.19000244140625,12355200
2020-01-14,116.73025512695312,138.8000030517578,140.75999450683594,137.69000244140625,137.94000244140625,24906000
2020-01-15,114.98095703125,136.72000122070312,138.60000610351562,136.14999389648438,137.85000610351562,16293400
2020-01-16,115.42667388916016,137.25,137.89999389648438,136.83999633789062,137.4499969482422,10783800
2020-01-17,116.22563171386719,138.1999969482422,138.2899932861328,137.32000732421875,137.5399932861328,14697700
2020-01-21,115.0818862915039,136.83999633789062,138.07000732421875,136.69000244140625,137.19000244140625,8474200
2020-01-22,114.94730377197266,136.67999267578125,137.39999389648438,136.3800048828125,137.24000549316406,7549100
2020-01-23,114.82955932617188,136.5399932861328,136.74000549316406,134.72000122070312,135.7100067138672,9345700
2020-01-24,111.97856140136719,133.14999389648438,136.42999267578125,132.32000732421875,136.3699951171875,15166400
2020-01-27,111.03668212890625,132.02999877929688,132.94000244140625,129.7100067138672,130.27000427246094,12860500
2020-01-28,113.0550537109375,134.42999267578125,134.97000122070312,132.47999572753906,132.83999633789062,13062800
2020-01-29,112.8868408203125,134.22999572753906,135.5399932861328,133.69000244140625,134.80999755859375,9326000
2020-01-30,114.2829360961914,135.88999938964844,136.1300048828125,132.69000244140625,132.69000244140625,9048900
2020-01-31,111.31420135498047,132.36000061035156,134.8300018310547,131.47000122070312,134.49000549316406,12785200
2020-02-03,112.16358947753906,133.3699951171875,134.24000549316406,132.66000366210938,132.66000366210938,10021100
2020-02-04,113.77831268310547,135.2899932861328,136.60000610351562,135.0800018310547,135.5500030517578,9157100
2020-02-05,115.71265411376953,137.58999633789062,137.72999572753906,136.00999450683594,136.57000732421875,10150700
2020-02-06,115.7293930053711,137.61000061035156,138.2899932861328,137.11000061035156,138.24000549316406,8992300
2020-02-07,115.35940551757812,137.1699981689453,137.6699981689453,136.3000030517578,136.72999572753906,6379800
2020-02-10,115.83878326416016,137.74000549316406,137.85000610351562,136.75,136.9499969482422,5960700
2020-02-11,116.05741882324219,138.0,138.82000732421875,137.77999877929688,138.25999450683594,6578600
2020-02-12,116.05741882324219,138.0,139.2899932861328,137.8000030517578,138.60000610351562,7958000
2020-02-13,115.95649719238281,137.8800048828125,138.33999633789062,136.39999389648438,137.75,7447500
2020-02-14,115.60328674316406,137.4600067138672,138.19000244140625,136.94000244140625,137.83999633789062,6627600
2020-02-18,114.07269287109375,135.63999938964844,137.7100067138672,135.0500030517578,137.33999633789062,8996400
2020-02-19,115.62850952148438,137.49000549316406,138.38999938964844,136.33999633789062,136.91000366210938,7071200
2020-02-20,115.62850952148438,137.49000549316406,138.36000061035156,136.52999877929688,137.1699981689453,7422800
2020-02-21,114.21562957763672,135.80999755859375,136.9199981689453,134.9199981689453,136.5500030517578,9772800
2020-02-24,111.1460189819336,132.16000366210938,133.1999969482422,130.8000030517578,131.44000244140625,13618400
2020-02-25,106.18412780761719,126.26000213623047,132.22999572753906,125.58999633789062,131.0,20797200
2020-02-26,106.50370025634766,126.63999938964844,128.9499969482422,126.33999633789062,126.93000030517578,24825600
2020-02-27,102.07167053222656,121.37000274658203,125.62000274658203,121.30000305175781,122.91000366210938,23005500
2020-02-28,97.64801788330078,116.11000061035156,118.48999786376953,112.66000366210938,117.5199966430664,45931400
2020-03-02,102.19779205322266,121.5199966430664,121.58000183105469,114.45999908447266,116.62999725341797,27355400
2020-03-03,98.36286926269531,116.95999908447266,122.94999694824219,116.23999786376953,120.97000122070312,32547700
2020-03-04,100.79334259033203,119.8499984741211,120.19000244140625,114.69999694824219,118.33000183105469,25795900
2020-03-05,95.84829711914062,113.97000122070312,116.43000030517578,112.58000183105469,115.66999816894531,25025600
2020-03-06,90.89484405517578,108.08000183105469,110.31999969482422,105.0199966430664,106.26000213623047,38159400
2020-03-09,78.5826416015625,93.44000244140625,99.2300033569336,93.0,96.56999969482422,40352000
2020-03-10,84.68827056884766,100.69999694824219,101.27999877929688,94.58000183105469,99.0,31102700
2020-03-11,80.70196533203125,95.95999908447266,100.05000305175781,94.55000305175781,97.69999694824219,38127000
2020-03-12,74.04969024658203,88.05000305175781,96.95999908447266,86.31999969482422,89.58999633789062,49725200
2020-03-13,87.38787841796875,103.91000366210938,103.98999786376953,92.0,95.98999786376953,38543300
2020-03-16,74.31038665771484,88.36000061035156,93.9800033569336,84.55000305175781,85.19999694824219,38589700
2020-03-17,78.85176849365234,93.76000213623047,97.44000244140625,87.5,90.88999938964844,35239800
2020-03-18,70.5511474609375,83.88999938964844,90.79000091552734,80.36000061035156,87.66999816894531,41525600
2020-03-19,71.7369384765625,85.30000305175781,88.11000061035156,76.91000366210938,81.55999755859375,32175100
2020-03-20,70.22313690185547,83.5,89.45999908447266,82.4800033569336,86.30000305175781,30150800
2020-03-23,66.46388244628906,79.02999877929688,83.75,78.08999633789062,82.68000030517578,32536600
2020-03-24,74.36927032470703,88.43000030517578,90.0999984741211,82.9000015258789,84.9000015258789,34363200
2020-03-25,77.14454650878906,91.7300033569336,95.1500015258789,84.54000091552734,89.23999786376953,38111700
2020-03-26,82.51851654052734,98.12000274658203,98.56999969482422,93.54000091552734,94.08000183105469,29826300
2020-03-27,76.63993835449219,91.12999725341797,94.83999633789062,90.55000305175781,93.19000244140625,30041500
2020-03-30,78.63312530517578,93.5,94.08999633789062,89.30000305175781,90.6500015258789,21656900
2020-03-31,75.7148666381836,90.02999877929688,94.16999816894531,89.33999633789062,92.05000305175781,23379300
2020-04-01,70.94642639160156,84.36000061035156,86.55999755859375,83.25,85.0999984741211,28029600
2020-04-02,73.59555053710938,87.51000213623047,87.91000366210938,82.95999908447266,83.51000213623047,24018000
2020-04-03,71.42021179199219,84.05000305175781,87.4800033569336,82.7699966430664,86.0,21199400
2020-04-06,76.01728057861328,89.45999908447266,90.98999786376953,87.69999694824219,88.98999786376953,26820800
2020-04-07,77.01998138427734,90.63999938964844,94.5,90.37999725341797,94.44999694824219,22563800
2020-04-08,80.12998962402344,94.30000305175781,94.86000061035156,90.55000305175781,92.0999984741211,22903300
2020-04-09,87.31877136230469,102.76000213623047,104.38999938964844,96.88999938964844,96.91999816894531,42055900
2020-04-13,83.43546295166016,98.19000244140625,103.11000061035156,97.30000305175781,103.11000061035156,26911900
2020-04-14,81.14969635009766,95.5,102.0,93.63999938964844,101.0199966430664,46151300
2020-04-15,77.1474380493164,90.79000091552734,92.02999877929688,90.12999725341797,91.1500015258789,30118600
2020-04-16,74.20735168457031,87.33000183105469,90.56999969482422,87.05000305175781,90.2300033569336,32449600
2020-04-17,80.87777709960938,95.18000030517578,95.69999694824219,90.95999908447266,92.0,30191900
2020-04-20,77.92920684814453,91.70999908447266,94.70999908447266,90.45999908447266,92.47000122070312,23679400
2020-04-21,75.66890716552734,89.05000305175781,91.37999725341797,88.33000183105469,88.62000274658203,23035000
2020-04-22,75.91531372070312,89.33999633789062,91.87000274658203,89.18000030517578,90.69000244140625,16662400
2020-04-23,75.95780181884766,89.38999938964844,91.27999877929688,89.26000213623047,89.73999786376953,16638800
2020-04-24,77.07945251464844,90.70999908447266,91.0999984741211,88.48999786376953,90.63999938964844,15809200
2020-04-27,80.40190887451172,94.62000274658203,95.62999725341797,91.54000091552734,91.94000244140625,22870200
2020-04-28,80.97123718261719,95.29000091552734,98.36000061035156,95.02999877929688,97.80999755859375,20238900
2020-04-29,83.15506744384766,97.86000061035156,99.44999694824219,97.2699966430664,99.08000183105469,20462600
2020-04-30,81.37061309814453,95.76000213623047,96.83999633789062,94.55000305175781,95.5999984741211,19127600
2020-05-01,79.23778533935547,93.25,93.73999786376953,91.83999633789062,93.5,18547700
2020-05-04,78.29457092285156,92.13999938964844,92.66999816894531,90.80000305175781,92.0199966430664,15725900
2020-05-05,78.17562103271484,92.0,94.20999908447266,91.9000015258789,93.6500015258789,18064100
2020-05-06,76.70557403564453,90.2699966430664,92.76000213623047,89.93000030517578,92.16000366210938,20978000
2020-05-07,77.50433349609375,91.20999908447266,92.91000366210938,90.58000183105469,91.33999633789062,16771900
2020-05-08,78.77042388916016,92.69999694824219,94.08000183105469,92.11000061035156,92.80000305175781,20487800
2020-05-11,76.45065307617188,89.97000122070312,91.11000061035156,89.33000183105469,91.11000061035156,31907600
2020-05-12,73.95243072509766,87.02999877929688,90.79000091552734,86.9000015258789,90.1500015258789,27962900
2020-05-13,71.40324401855469,84.02999877929688,86.86000061035156,83.4000015258789,86.37999725341797,35451600
2020-05-14,74.36880493164062,87.5199966430664,88.11000061035156,82.4000015258789,82.72000122070312,35152500
2020-05-15,72.99222564697266,85.9000015258789,87.27999877929688,85.30000305175781,86.8499984741211,26099000
2020-05-18,76.85850524902344,90.44999694824219,91.1500015258789,87.87999725341797,88.69000244140625,30504400
2020-05-19,75.34598541259766,88.66999816894531,91.19999694824219,88.58999633789062,90.05000305175781,19597300
2020-05-20,77.6063003540039,91.33000183105469,92.38999938964844,90.37000274658203,90.70999908447266,20552400
2020-05-21,76.62059020996094,90.16999816894531,91.76000213623047,89.66999816894531,90.2699966430664,14621400
2020-05-22,76.02577209472656,89.47000122070312,90.36000061035156,88.72000122070312,90.01000213623047,13557900
2020-05-26,81.42159271240234,95.81999969482422,97.5,92.61000061035156,92.88999938964844,41233900
2020-05-27,86.13762664794922,101.37000274658203,102.58000183105469,98.80000305175781,102.06999969482422,39402000
2020-05-28,84.85453033447266,99.86000061035156,102.94999694824219,99.4000015258789,102.94000244140625,24713900
2020-05-29,82.68769836425781,97.30999755859375,99.18000030517578,96.77999877929688,98.66000366210938,26526400
2020-06-01,83.78384399414062,98.5999984741211,99.51000213623047,97.37999725341797,97.75,15176800
2020-06-02,84.06427764892578,98.93000030517578,100.41999816894531,97.93000030517578,100.27999877929688,21195000
2020-06-03,88.60184478759766,104.2699966430664,104.91999816894531,101.05999755859375,101.58000183105469,25941100
2020-06-04,90.44579315185547,106.44000244140625,106.61000061035156,102.79000091552734,103.81999969482422,26784700
2020-06-05,94.51599884033203,111.2300033569336,115.7699966430664,109.52999877929688,114.93000030517578,42231000
2020-06-08,96.40242004394531,113.44999694824219,114.19000244140625,111.94000244140625,113.41000366210938,24881800
2020-06-09,93.92969512939453,110.54000091552734,111.62999725341797,109.01000213623047,110.6500015258789,17031100
2020-06-10,90.12287902832031,106.05999755859375,110.51000213623047,105.8499984741211,110.45999908447266,24913300
2020-06-11,82.60271453857422,97.20999908447266,101.58000183105469,96.54000091552734,100.02999877929688,36259200
2020-06-12,84.863037109375,99.87000274658203,101.12999725341797,97.33000183105469,100.70999908447266,24856800
2020-06-15,86.03565979003906,101.25,101.43000030517578,95.87000274658203,96.41999816894531,22153600
2020-06-16,86.72395324707031,102.05999755859375,105.68000030517578,99.30999755859375,105.37000274658203,22193600
2020-06-17,84.53163146972656,99.4800033569336,102.54000091552734,99.20999908447266,102.52999877929688,15639800
2020-06-18,84.07278442382812,98.94000244140625,100.5199966430664,98.12999725341797,98.66999816894531,16591900
2020-06-19,83.1125717163086,97.80999755859375,100.5999984741211,96.7300033569336,100.52999877929688,40371200
2020-06-22,82.21186828613281,96.75,97.94999694824219,96.54000091552734,97.25,16216900
2020-06-23,83.21456146240234,97.93000030517578,99.97000122070312,97.8499984741211,98.97000122070312,15381400
2020-06-24,80.43592071533203,94.66000366210938,96.83999633789062,94.30999755859375,96.75,22919800
2020-06-25,83.24002838134766,97.95999908447266,98.20999908447266,94.26000213623047,94.3499984741211,25743600
2020-06-26,78.67694091796875,92.58999633789062,95.37000274658203,92.0,95.11000061035156,41896300
2020-06-29,79.02534484863281,93.0,94.48999786376953,92.18000030517578,93.4000015258789,18499700
2020-06-30,79.92605590820312,94.05999755859375,94.66000366210938,92.56999969482422,92.83000183105469,19137000
2020-07-01,79.24628448486328,93.26000213623047,95.70999908447266,93.02999877929688,94.88999938964844,18755700
2020-07-02,79.50369262695312,92.66000366210938,94.95999908447266,91.93000030517578,94.73999786376953,27845600
2020-07-06,81.51144409179688,95.0,95.19999694824219,93.4800033569336,94.43000030517578,18625300
2020-07-07,79.21196746826172,92.31999969482422,94.0999984741211,92.0,93.81999969482422,25757200
2020-07-08,80.05281829833984,93.30000305175781,93.33999633789062,91.80000305175781,92.29000091552734,18762200
2020-07-09,78.31962585449219,91.27999877929688,94.12000274658203,90.77999877929688,93.5199966430664,25600800
2020-07-10,82.60111236572266,96.2699966430664,96.83999633789062,91.87000274658203,92.0,28954200
2020-07-13,83.78518676757812,97.6500015258789,99.2699966430664,96.2300033569336,98.7300033569336,32079200
2020-07-14,84.26567840576172,98.20999908447266,99.94999694824219,96.63999938964844,98.37000274658203,42731700
2020-07-15,85.56985473632812,99.7300033569336,101.29000091552734,98.6500015258789,100.88999938964844,22508400
2020-07-16,85.81008911132812,100.01000213623047,101.22000122070312,98.55000305175781,98.77999877929688,16886900
2020-07-17,84.2227783203125,98.16000366210938,100.08000183105469,98.13999938964844,100.0,16137700
2020-07-20,83.48486328125,97.30000305175781,98.38999938964844,97.26000213623047,97.43000030517578,14458100
2020-07-21,85.29527282714844,99.41000366210938,100.05000305175781,97.63999938964844,97.70999908447266,17798100
2020-07-22,84.67752075195312,98.69000244140625,100.12999725341797,97.52999877929688,99.6500015258789,14271200
2020-07-23,84.92634582519531,98.9800033569336,99.3499984741211,97.97000122070312,98.5,12870200
2020-07-24,84.32575225830078,98.27999877929688,99.80000305175781,97.94000244140625,99.5999984741211,12744200
2020-07-27,83.14165496826172,96.9000015258789,97.62999725341797,96.16999816894531,97.51000213623047,11959100
2020-07-28,83.50204467773438,97.31999969482422,97.88999938964844,96.5,96.5,11754300
2020-07-29,85.52696228027344,99.68000030517578,99.70999908447266,97.0,97.06999969482422,12743500
2020-07-30,83.24464416503906,97.0199966430664,97.73999786376953,96.05000305175781,97.54000091552734,14834800
2020-07-31,82.9186019897461,96.63999938964844,96.93000030517578,95.25,96.4800033569336,14535000
2020-08-03,82.45525360107422,96.0999984741211,97.56999969482422,95.8499984741211,97.0199966430664,12962800
2020-08-04,81.98333740234375,95.55000305175781,95.94999694824219,95.02999877929688,95.91000366210938,13366200
2020-08-05,83.40763854980469,97.20999908447266,98.47000122070312,95.72000122070312,95.87000274658203,15260900
2020-08-06,83.43340301513672,97.23999786376953,98.0999984741211,96.54000091552734,97.58000183105469,10482100
2020-08-07,85.26952362060547,99.37999725341797,99.48999786376953,96.55999755859375,96.93000030517578,14743700
2020-08-10,86.35064697265625,100.63999938964844,102.04000091552734,100.02999877929688,100.11000061035156,14989900
2020-08-11,89.07913208007812,103.81999969482422,106.16000366210938,103.51000213623047,103.86000061035156,31518600
2020-08-12,88.32408142089844,102.94000244140625,106.43000030517578,101.70999908447266,106.16000366210938,19240800
2020-08-13,87.83502197265625,102.37000274658203,103.36000061035156,101.63999938964844,102.0,13598600
2020-08-14,87.86935424804688,102.41000366210938,103.30999755859375,101.41999816894531,101.5,12134400
2020-08-17,85.55267333984375,99.70999908447266,102.0,99.52999877929688,101.5,14988000
2020-08-18,84.36007690429688,98.31999969482422,99.91000366210938,98.12000274658203,99.91000366210938,13246500
2020-08-19,84.55738830566406,98.55000305175781,100.58999633789062,98.33999633789062,98.91999816894531,13533000
2020-08-20,83.54493713378906,97.37000274658203,98.02999877929688,96.80000305175781,97.26000213623047,13672600
2020-08-21,83.50204467773438,97.31999969482422,98.56999969482422,96.94000244140625,97.2699966430664,12228300
2020-08-24,85.85298156738281,100.05999755859375,100.20999908447266,97.41999816894531,98.44999694824219,17898300
2020-08-25,86.23052215576172,100.5,101.9800033569336,99.80000305175781,101.2699966430664,13648900
2020-08-26,85.02071380615234,99.08999633789062,100.2699966430664,99.05000305175781,99.94000244140625,12052400
2020-08-27,87.81785583496094,102.3499984741211,102.6500015258789,99.0,99.0,22163900
2020-08-28,88.17821502685547,102.7699966430664,103.25,101.80999755859375,103.13999938964844,13756700
2020-08-31,85.96453857421875,100.19000244140625,102.18000030517578,100.0199966430664,102.12000274658203,14219400
2020-09-01,85.92163848876953,100.13999938964844,100.87000274658203,99.04000091552734,99.55000305175781,11595600
2020-09-02,87.21723175048828,101.6500015258789,101.94000244140625,99.55999755859375,99.94999694824219,14475700
2020-09-03,86.94266510009766,101.33000183105469,104.98999786376953,100.63999938964844,103.31999969482422,23281200
2020-09-04,88.82173156738281,103.5199966430664,105.20999908447266,101.37000274658203,104.05000305175781,26325500
2020-09-08,85.73287963867188,99.91999816894531,103.56999969482422,99.4800033569336,102.9800033569336,22108600
2020-09-09,86.5479965209961,100.87000274658203,101.69000244140625,99.55999755859375,100.80000305175781,13434000
2020-09-10,85.6556625366211,99.83000183105469,102.41999816894531,99.63999938964844,101.4000015258789,15922800
2020-09-11,86.71959686279297,101.06999969482422,101.36000061035156,99.58999633789062,99.97000122070312,13784300
2020-09-14,87.92080688476562,102.47000122070312,103.45999908447266,101.37000274658203,101.51000213623047,19017400
2020-09-15,85.18375396728516,99.27999877929688,102.8499984741211,99.13999938964844,102.7300033569336,23683000
2020-09-16,85.54413604736328,99.69999694824219,101.12999725341797,98.76000213623047,99.43000030517578,19270600
2020-09-17,84.56598663330078,98.55999755859375,99.33999633789062,97.70999908447266,98.69999694824219,18290100
2020-09-18,84.38578033447266,98.3499984741211,99.48999786376953,97.44000244140625,97.88999938964844,20121600
2020-09-21,81.77741241455078,95.30999755859375,96.05000305175781,93.81999969482422,95.19999694824219,28378800
2020-09-22,80.88509368896484,94.2699966430664,95.66000366210938,93.66999816894531,94.95999908447266,19257000
2020-09-23,79.57231140136719,92.73999786376953,95.3499984741211,92.66000366210938,94.77999877929688,19952700
2020-09-24,79.50369262695312,92.66000366210938,94.30000305175781,91.37999725341797,92.31999969482422,18366500
2020-09-25,80.19867706298828,93.47000122070312,93.72000122070312,91.87000274658203,92.05000305175781,13293100
2020-09-28,82.5067367553711,96.16000366210938,96.93000030517578,94.3499984741211,95.05999755859375,20894100
2020-09-29,81.81173706054688,95.3499984741211,96.02999877929688,94.33000183105469,96.02999877929688,12848200
2020-09-30,82.60111236572266,96.2699966430664,97.19999694824219,95.26000213623047,95.3499984741211,16400600
2020-10-01,83.20173645019531,96.97000122070312,97.7699966430664,96.02999877929688,97.12000274658203,15778700
2020-10-02,83.9910888671875,97.88999938964844,98.58999633789062,95.08999633789062,95.25,15149600
2020-10-05,85.76637268066406,99.04000091552734,99.25,97.52999877929688,98.31999969482422,13871900
2020-10-06,84.88306427001953,98.0199966430664,100.86000061035156,97.51000213623047,100.06999969482422,19220400
2020-10-07,86.36388397216797,99.7300033569336,100.3499984741211,98.66999816894531,98.95999908447266,16358500
2020-10-08,88.1391372680664,101.77999877929688,101.91999816894531,99.9000015258789,100.51000213623047,15659000
2020-10-09,87.6368637084961,101.19999694824219,102.11000061035156,100.11000061035156,102.0,13689100
2020-10-12,88.710693359375,102.44000244140625,103.0,100.8499984741211,101.0999984741211,16058000
2020-10-13,87.2731704711914,100.77999877929688,103.22000122070312,100.26000213623047,103.0,21697300
2020-10-14,86.7882080078125,100.22000122070312,101.93000030517578,100.0999984741211,101.02999877929688,15204100
2020-10-15,88.0871810913086,101.72000122070312,101.77999877929688,99.04000091552734,99.0999984741211,17171200
2020-10-16,87.90532684326172,101.51000213623047,102.33000183105469,100.72000122070312,101.41000366210938,13275000
2020-10-19,86.42451477050781,99.80000305175781,101.87000274658203,99.55999755859375,101.5999984741211,11725700
2020-10-20,86.91812133789062,100.37000274658203,101.7699966430664,100.12000274658203,100.30999755859375,11257100
2020-10-21,86.05213165283203,99.37000274658203,100.98999786376953,99.33000183105469,100.36000061035156,10730500
2020-10-22,89.09172821044922,102.87999725341797,103.23999786376953,99.30999755859375,99.31999969482422,14837200
2020-10-23,89.89707946777344,103.80999755859375,104.44999694824219,102.93000030517578,103.5,15087600
2020-10-26,87.67150115966797,101.23999786376953,102.69999694824219,100.25,102.6500015258789,12410700
2020-10-27,86.01750183105469,99.33000183105469,100.91999816894531,99.16000366210938,100.51000213623047,10391700
2020-10-28,83.6014404296875,96.54000091552734,98.30000305175781,96.06999969482422,97.5,16389500
2020-10-29,84.14698028564453,97.16999816894531,97.9800033569336,95.23999786376953,96.12000274658203,14208800
2020-10-30,84.900390625,98.04000091552734,98.41999816894531,96.2300033569336,97.91000366210938,15194500
2020-11-02,86.81420135498047,100.25,100.87999725341797,97.86000061035156,99.38999938964844,15011600
2020-11-03,89.5506820678711,103.41000366210938,104.73999786376953,102.69000244140625,103.0199966430664,17482600
2020-11-04,86.81420135498047,100.25,102.06999969482422,98.93000030517578,101.0,18886500
2020-11-05,90.36470031738281,104.3499984741211,105.0999984741211,101.0,101.05999755859375,17837400
2020-11-06,89.1609878540039,102.95999908447266,105.0999984741211,102.38999938964844,105.02999877929688,12552800
2020-11-09,101.23271179199219,116.9000015258789,118.9000015258789,110.3499984741211,113.16000366210938,47792400
2020-11-10,100.90362548828125,116.5199966430664,117.44999694824219,114.69000244140625,117.3499984741211,20539300
2020-11-11,99.39684295654297,114.77999877929688,116.95999908447266,113.95999908447266,116.88999938964844,14443400
2020-11-12,98.17581939697266,113.37000274658203,113.95999908447266,112.05999755859375,112.52999877929688,22063000
2020-11-13,98.79066467285156,114.08000183105469,114.86000061035156,113.56999969482422,114.69999694824219,11847900
2020-11-16,101.57910919189453,117.30000305175781,118.61000061035156,115.7300033569336,117.79000091552734,19858600
2020-11-17,100.54857635498047,116.11000061035156,116.44000244140625,114.58000183105469,115.38999938964844,14553200
2020-11-18,99.80384826660156,115.25,118.61000061035156,115.19999694824219,117.33999633789062,12571200
2020-11-19,100.07230377197266,115.55999755859375,115.81999969482422,113.55999755859375,114.18000030517578,10202500
2020-11-20,99.21498107910156,114.56999969482422,115.6500015258789,114.08999633789062,114.43000030517578,12718900
2020-11-23,102.07270812988281,117.87000274658203,118.16999816894531,115.56999969482422,116.05000305175781,13209200
2020-11-24,106.79227447509766,123.31999969482422,123.5,119.70999908447266,120.06999969482422,20121600
2020-11-25,105.67518615722656,122.02999877929688,122.37999725341797,120.47000122070312,121.37000274658203,11715600
2020-11-27,104.97373962402344,121.22000122070312,122.3499984741211,121.08000183105469,122.0,5983600
2020-11-30,102.08135986328125,117.87999725341797,120.72000122070312,117.7699966430664,120.0,14411800
2020-12-01,103.69209289550781,119.73999786376953,121.58000183105469,119.62999725341797,120.33999633789062,12668900
2020-12-02,105.683837890625,122.04000091552734,122.30999755859375,119.2699966430664,119.69999694824219,10811300
2020-12-03,104.99105072021484,121.23999786376953,121.88999938964844,120.36000061035156,121.8499984741211,12904400
2020-12-04,105.94363403320312,122.33999633789062,123.29000091552734,121.69000244140625,122.4800033569336,13583700
2020-12-07,105.5452651977539,121.87999725341797,122.16999816894531,120.20999908447266,121.1500015258789,9724300
2020-12-08,105.6491928100586,122.0,122.33000183105469,120.76000213623047,121.04000091552734,9592100
2020-12-09,104.82650756835938,121.05000305175781,123.30000305175781,120.44000244140625,123.16999816894531,13073900
2020-12-10,104.15105438232422,120.2699966430664,120.77999877929688,119.55999755859375,119.98999786376953,13668400
2020-12-11,103.53619384765625,119.55999755859375,120.0199966430664,118.37000274658203,118.94000244140625,9981600
2020-12-14,102.44507598876953,118.30000305175781,121.41999816894531,118.11000061035156,121.33999633789062,12112400
2020-12-15,104.19435119628906,120.31999969482422,120.9000015258789,118.62000274658203,119.29000091552734,12590200
2020-12-16,104.4974365234375,120.66999816894531,121.08000183105469,119.86000061035156,120.30000305175781,11169400
2020-12-17,103.63146209716797,119.66999816894531,121.44999694824219,119.58000183105469,121.26000213623047,11618000
2020-12-18,103.12054443359375,119.08000183105469,119.87999725341797,118.2699966430664,119.13999938964844,28954800
2020-12-21,106.99147033691406,123.55000305175781,125.0,121.08999633789062,123.16999816894531,28323600
2020-12-22,105.36341094970703,121.66999816894531,123.5199966430664,121.61000061035156,123.38999938964844,11788200
2020-12-23,108.30773162841797,125.06999969482422,126.5199966430664,122.3499984741211,122.77999877929688,14973200
2020-12-24,107.83145904541016,124.5199966430664,125.55000305175781,123.56999969482422,125.08999633789062,4164900
2020-12-28,108.54156494140625,125.33999633789062,126.6500015258789,124.79000091552734,125.81999969482422,8072600
2020-12-29,108.25578308105469,125.01000213623047,126.27999877929688,124.88999938964844,126.19999694824219,8389200
2020-12-30,108.55886840820312,125.36000061035156,125.8499984741211,124.9000015258789,125.48999786376953,7398000
2020-12-31,110.03970336914062,127.06999969482422,127.33000183105469,124.81999969482422,125.08999633789062,8580200
2021-01-04,109.00053405761719,125.87000274658203,127.86000061035156,124.77999877929688,127.5,16819900
2021-01-05,109.5936279296875,125.6500015258789,126.30000305175781,123.7699966430664,124.98999786376953,13731200
2021-01-06,114.73968505859375,131.5500030517578,132.77000427246094,127.87999725341797,129.8800048828125,24909100
2021-01-07,118.50762939453125,135.8699951171875,138.19000244140625,134.9199981689453,135.69000244140625,21940400
2021-01-08,118.63849639892578,136.02000427246094,136.35000610351562,134.1199951171875,135.97000122070312,12035100
2021-01-11,120.4090805053711,138.0500030517578,138.1999969482422,134.11000061035156,134.5800018310547,15937900
2021-01-12,122.30180358886719,140.22000122070312,141.66000366210938,138.8300018310547,139.44000244140625,18033500
2021-01-13,122.41515350341797,140.35000610351562,140.7899932861328,138.10000610351562,138.58999633789062,14816800
2021-01-14,123.13036346435547,141.1699981689453,142.75,140.0,140.49000549316406,18565600
2021-01-15,120.92367553710938,138.63999938964844,141.64999389648438,137.00999450683594,137.42999267578125,27881000
2021-01-19,120.40034484863281,138.0399932861328,140.6999969482422,137.82000732421875,139.86000061035156,19843800
2021-01-20,118.59487915039062,135.97000122070312,138.1699981689453,135.44000244140625,137.82000732421875,16028800
2021-01-21,117.60054016113281,134.8300018310547,136.16000366210938,134.32000732421875,135.69000244140625,13411700
2021-01-22,116.69343566894531,133.7899932861328,134.39999389648438,132.1999969482422,132.69000244140625,12933200
2021-01-25,115.23685455322266,132.1199951171875,133.1699981689453,130.05999755859375,132.13999938964844,14212800
2021-01-26,114.76585388183594,131.5800018310547,133.1699981689453,131.33999633789062,132.75,11307800
2021-01-27,111.52120971679688,127.86000061035156,129.85000610351562,127.3499984741211,129.58999633789062,17603900
2021-01-28,113.48369598388672,130.11000061035156,132.1699981689453,128.99000549316406,129.89999389648438,13761800
2021-01-29,112.22769927978516,128.6699981689453,131.72000122070312,128.19000244140625,131.19000244140625,14808100
2021-02-01,113.05630493164062,129.6199951171875,130.07000732421875,128.47999572753906,129.39999389648438,11080700
2021-02-02,116.53644561767578,133.61000061035156,134.38999938964844,131.22000122070312,131.94000244140625,12253600
2021-02-03,117.87092590332031,135.13999938964844,135.75999450683594,133.50999450683594,133.64999389648438,10600800
2021-02-04,120.58351135253906,138.25,138.66000366210938,135.47000122070312,135.47000122070312,12419500
2021-02-05,120.3480224609375,137.97999572753906,139.49000549316406,137.3800048828125,139.38999938964844,10051300
2021-02-08,122.23202514648438,140.13999938964844,140.3000030517578,138.17999267578125,138.1999969482422,10136400
2021-02-09,121.74357604980469,139.5800018310547,139.97999572753906,138.5399932861328,139.42999267578125,8614800
2021-02-10,121.8133544921875,139.66000366210938,140.8699951171875,139.0399932861328,140.0,10323200
2021-02-11,121.47315979003906,139.27000427246094,140.5500030517578,138.22000122070312,139.66000366210938,9201000
2021-02-12,123.20018768310547,141.25,141.61000061035156,139.0,139.0500030517578,8324600
2021-02-16,126.16568756103516,144.64999389648438,145.32000732421875,142.39999389648438,143.5500030517578,12130600
2021-02-17,126.5582046508789,145.10000610351562,145.3800048828125,143.1199951171875,143.9499969482422,10810100
2021-02-18,126.98555755615234,145.58999633789062,145.7899932861328,143.39999389648438,144.0,10587800
2021-02-19,129.1050262451172,148.02000427246094,148.83999633789062,145.86000061035156,145.86000061035156,11969800
2021-02-22,130.31741333007812,149.41000366210938,150.19000244140625,146.7899932861328,146.8699951171875,11488400
2021-02-23,131.36407470703125,150.61000061035156,152.30999755859375,149.58999633789062,151.50999450683594,16234400
2021-02-24,133.6754608154297,153.25999450683594,153.75999450683594,150.11000061035156,150.11000061035156,15061400
2021-02-25,131.86122131347656,151.17999267578125,154.89999389648438,150.58999633789062,154.27000427246094,18127700
2021-02-26,128.3636474609375,147.1699981689453,150.8699951171875,146.50999450683594,150.3000030517578,19829200
2021-03-01,131.26812744140625,150.5,151.3800048828125,148.47999572753906,149.52000427246094,14845500
2021-03-02,130.84072875976562,150.00999450683594,151.77999877929688,149.83999633789062,150.0800018310547,14221700
2021-03-03,133.3701629638672,152.91000366210938,154.97999572753906,150.82000732421875,151.22999572753906,14324100
2021-03-04,131.32046508789062,150.55999755859375,154.3800048828125,148.6199951171875,152.61000061035156,20093900
2021-03-05,131.62576293945312,150.91000366210938,153.49000549316406,147.97000122070312,153.22000122070312,18465100
2021-03-08,133.3701629638672,152.91000366210938,155.4600067138672,150.75,152.47000122070312,17133300
2021-03-09,132.4281768798828,151.8300018310547,154.25,149.82000732421875,151.5,16238800
2021-03-10,135.30648803710938,155.1300048828125,156.16000366210938,151.50999450683594,151.91000366210938,14342200
2021-03-11,134.5999755859375,154.32000732421875,156.14999389648438,153.36000061035156,154.11000061035156,11771500
2021-03-12,136.19613647460938,156.14999389648438,157.6300048828125,155.07000732421875,156.86000061035156,12849500
2021-03-15,135.51583862304688,155.3699951171875,156.9199981689453,153.9600067138672,156.35000610351562,12101100
2021-03-16,133.8935089111328,153.50999450683594,154.60000610351562,152.19000244140625,154.08999633789062,12805600
2021-03-17,135.27162170410156,155.08999633789062,156.8800048828125,153.0500030517578,155.33999633789062,13952400
2021-03-18,137.50442504882812,157.64999389648438,161.69000244140625,157.11000061035156,157.60000610351562,21898500
2021-03-19,135.31521606445312,155.13999938964844,155.94000244140625,151.19000244140625,155.50999450683594,54418800
2021-03-22,131.6780548095703,150.97000122070312,153.97000122070312,150.61000061035156,152.8000030517578,19944800
2021-03-23,130.36105346679688,149.4600067138672,152.1199951171875,148.9600067138672,150.3300018310547,17076300
2021-03-24,131.37278747558594,150.6199951171875,153.17999267578125,149.86000061035156,150.0,13079800
2021-03-25,133.05621337890625,152.5500030517578,152.97000122070312,149.3300018310547,150.0,15608300
2021-03-26,135.27162170410156,155.08999633789062,155.4499969482422,152.5500030517578,154.3000030517578,16754400
2021-03-29,133.1695556640625,152.67999267578125,153.72999572753906,151.0399932861328,152.1199951171875,17570300
2021-03-30,134.73953247070312,154.47999572753906,155.8699951171875,153.8800048828125,154.4600067138672,13184300
2021-03-31,132.77708435058594,152.22999572753906,154.49000549316406,152.1199951171875,153.27999877929688,16736700
2021-04-01,134.0679473876953,153.7100067138672,153.7899932861328,151.5500030517578,151.89999389648438,16561500
2021-04-05,134.7786102294922,153.6199951171875,154.94000244140625,152.60000610351562,154.39999389648438,13508000
2021-04-06,133.83103942871094,152.5399932861328,154.27999877929688,151.86000061035156,152.7899932861328,13071600
2021-04-07,135.92794799804688,154.92999267578125,155.22999572753906,152.64999389648438,153.10000610351562,16903500
2021-04-08,136.09463500976562,155.1199951171875,155.50999450683594,152.30999755859375,154.0,12335500
2021-04-09,137.11233520507812,156.27999877929688,157.0399932861328,154.97000122070312,155.80999755859375,12122400
2021-04-12,136.8228302001953,155.9499969482422,157.25,155.57000732421875,155.5800018310547,12273400
2021-04-13,135.1909637451172,154.08999633789062,155.1999969482422,152.42999267578125,154.75,16113600
2021-04-14,132.66421508789062,151.2100067138672,153.8300018310547,150.92999267578125,151.47000122070312,19939600
2021-04-15,133.50643920898438,152.1699981689453,152.1999969482422,149.32000732421875,151.25,17694100
2021-04-16,134.4978485107422,153.3000030517578,154.50999450683594,152.69000244140625,153.8699951171875,13773400
2021-04-19,133.9275665283203,152.64999389648438,153.8800048828125,152.22000122070312,153.4199981689453,11900200
2021-04-20,130.96214294433594,149.27000427246094,151.75,148.64999389648438,151.74000549316406,13716700
2021-04-21,132.07640075683594,150.5399932861328,150.61000061035156,146.7899932861328,147.7899932861328,12236700
2021-04-22,129.295166015625,147.3699951171875,150.3000030517578,147.25999450683594,150.22999572753906,15256100
2021-04-23,131.76927185058594,150.19000244140625,151.1300048828125,146.69000244140625,147.17999267578125,14041900
2021-04-26,132.09390258789062,150.55999755859375,152.4600067138672,150.3800048828125,150.77999877929688,10799100
2021-04-27,132.6992950439453,151.25,151.57000732421875,150.11000061035156,150.5,12821200
2021-04-28,133.55909729003906,152.22999572753906,152.88999938964844,151.39999389648438,152.42999267578125,8943700
2021-04-29,136.15603637695312,155.19000244140625,155.27999877929688,153.1999969482422,153.5399932861328,12976900
2021-04-30,134.9453125,153.80999755859375,154.49000549316406,153.00999450683594,154.10000610351562,11705100
2021-05-03,134.5504913330078,153.36000061035156,155.47999572753906,153.1300048828125,154.85000610351562,11801100
2021-05-04,136.41046142578125,155.47999572753906,155.63999938964844,152.13999938964844,152.8699951171875,12977700
2021-05-05,138.2002716064453,157.52000427246094,158.27999877929688,154.6300048828125,156.0,10506700
2021-05-06,140.98147583007812,160.69000244140625,160.82000732421875,157.16000366210938,158.07000732421875,13542400
2021-05-07,141.46401977539062,161.24000549316406,161.5,157.02000427246094,157.22000122070312,14257800
2021-05-10,141.4464569091797,161.22000122070312,163.72999572753906,161.1199951171875,161.5,14014300
2021-05-11,139.0951690673828,158.5399932861328,162.38999938964844,158.0399932861328,161.0800018310547,15451700
2021-05-12,138.13885498046875,157.4499969482422,160.77999877929688,157.02999877929688,159.61000061035156,14381700
2021-05-13,141.692138671875,161.5,162.4499969482422,157.67999267578125,158.17999267578125,15395000
2021-05-14,143.894287109375,164.00999450683594,164.4499969482422,161.99000549316406,162.38999938964844,10584000
2021-05-17,144.4733428955078,164.6699981689453,164.85000610351562,163.02999877929688,163.3699951171875,9886800
2021-05-18,142.4378662109375,162.35000610351562,165.5,162.24000549316406,164.67999267578125,11098100
2021-05-19,141.34996032714844,161.11000061035156,161.17999267578125,158.63999938964844,161.0,13278900
2021-05-20,141.10427856445312,160.8300018310547,161.86000061035156,159.52000427246094,160.8300018310547,10426000
2021-05-21,142.70986938476562,162.66000366210938,163.22000122070312,160.94000244140625,161.33999633789062,10249000
2021-05-24,143.48191833496094,163.5399932861328,164.22999572753906,162.1199951171875,163.36000061035156,9440300
2021-05-25,141.99917602539062,161.85000610351562,165.6999969482422,161.55999755859375,163.85000610351562,12609100
2021-05-26,141.98165893554688,161.8300018310547,163.74000549316406,161.30999755859375,163.57000732421875,13058300
2021-05-27,144.1925811767578,164.35000610351562,164.75,162.57000732421875,163.9499969482422,15707500
2021-05-28,144.09605407714844,164.24000549316406,164.94000244140625,163.25999450683594,164.67999267578125,10291300
2021-06-01,145.68406677246094,166.0500030517578,166.91000366210938,165.47999572753906,165.8699951171875,9445400
2021-06-02,145.69284057617188,166.05999755859375,167.44000244140625,165.52999877929688,167.25999450683594,10498600
2021-06-03,145.789306640625,166.1699981689453,167.25,164.66000366210938,165.41000366210938,13354400
2021-06-04,146.02621459960938,166.44000244140625,166.6699981689453,165.02999877929688,166.2100067138672,8510800
2021-06-07,145.34190368652344,165.66000366210938,167.10000610351562,165.13999938964844,167.0,7267200
2021-06-08,144.7628173828125,165.0,165.75999450683594,163.16000366210938,164.49000549316406,10370700
2021-06-09,142.95553588867188,162.94000244140625,164.22000122070312,162.27999877929688,164.13999938964844,12377400
2021-06-10,140.72703552246094,160.39999389648438,165.24000549316406,160.30999755859375,164.36000061035156,12119400
2021-06-11,140.63050842285156,160.2899932861328,161.1999969482422,159.05999755859375,160.42999267578125,13683800
2021-06-14,138.2441864013672,157.57000732421875,160.3300018310547,156.66000366210938,160.14999389648438,19917900
2021-06-15,136.14723205566406,155.17999267578125,156.9199981689453,154.1300048828125,156.6999969482422,24485500
2021-06-16,137.1035614013672,156.27000427246094,157.6199951171875,153.11000061035156,154.72999572753906,25321200
2021-06-17,133.146728515625,151.75999450683594,157.4600067138672,151.25,157.10000610351562,29722400
2021-06-18,129.7777099609375,147.9199981689453,149.6999969482422,147.55999755859375,149.3000030517578,43595700
2021-06-21,131.97984313964844,150.42999267578125,151.1999969482422,149.02000427246094,149.0800018310547,18664800
2021-06-22,131.78684997558594,150.2100067138672,150.97000122070312,148.66000366210938,150.60000610351562,14251200
2021-06-23,132.58523559570312,151.1199951171875,152.0399932861328,150.08999633789062,150.1999969482422,12733300
2021-06-24,133.80471801757812,152.50999450683594,153.1199951171875,151.22000122070312,151.9199981689453,13733200
2021-06-25,135.1558380126953,154.0500030517578,154.5,151.6699981689453,152.58999633789062,15484900
2021-06-28,135.4015350341797,154.3300018310547,154.47999572753906,152.1199951171875,153.6999969482422,14125800
2021-06-29,135.2348175048828,154.13999938964844,156.30999755859375,153.61000061035156,155.0,14528700
2021-06-30,136.4630889892578,155.5399932861328,156.0800018310547,153.7100067138672,153.75,12531000
2021-07-01,137.81423950195312,157.0800018310547,157.13999938964844,155.4199981689453,156.25999450683594,10479400
2021-07-02,137.68186950683594,156.02999877929688,156.32000732421875,155.1199951171875,155.9499969482422,11424000
2021-07-06,135.3699951171875,153.41000366210938,155.77999877929688,152.35000610351562,155.77999877929688,15083400
2021-07-07,135.52882385253906,153.58999633789062,154.27999877929688,151.5500030517578,152.00999450683594,12271800
2021-07-08,133.19041442871094,150.94000244140625,152.52999877929688,150.0399932861328,151.61000061035156,17834600
2021-07-09,137.4524383544922,155.77000427246094,156.14999389648438,152.5800018310547,153.0500030517578,13694500
2021-07-12,139.4202117919922,158.0,159.16000366210938,153.94000244140625,154.35000610351562,19940400
2021-07-13,137.34652709960938,155.64999389648438,157.38999938964844,153.5,156.0500030517578,22671700
2021-07-14,136.87887573242188,155.1199951171875,157.27999877929688,152.9499969482422,155.9499969482422,14622800
2021-07-15,137.1788787841797,155.4600067138672,156.52999877929688,153.6999969482422,153.89999389648438,11539300
2021-07-16,134.04638671875,151.91000366210938,156.27999877929688,151.02000427246094,155.9600067138672,14002700
2021-07-19,129.687255859375,146.97000122070312,149.82000732421875,145.7100067138672,148.5500030517578,22172900
2021-07-20,132.1050567626953,149.7100067138672,151.1199951171875,146.3300018310547,146.52000427246094,15385200
2021-07-21,134.8846435546875,152.86000061035156,153.64999389648438,151.36000061035156,152.0500030517578,12356700
2021-07-22,133.18161010742188,150.92999267578125,153.44000244140625,149.97000122070312,152.8800048828125,9913300
2021-07-23,132.92568969726562,150.63999938964844,152.83999633789062,150.25,151.47999572753906,9666100
2021-07-26,133.81690979003906,151.64999389648438,151.9600067138672,150.1699981689453,150.19000244140625,8208000
2021-07-27,133.64044189453125,151.4499969482422,152.49000549316406,149.8000030517578,150.39999389648438,11218700
2021-07-28,133.86102294921875,151.6999969482422,152.77000427246094,150.8800048828125,152.2899932861328,9217300
2021-07-29,135.0081787109375,153.0,153.8699951171875,151.91000366210938,153.13999938964844,9063500
2021-07-30,133.93162536621094,151.77999877929688,153.6699981689453,151.1999969482422,152.5800018310547,9805200
2021-08-02,133.3933563232422,151.1699981689453,154.4499969482422,151.07000732421875,152.02999877929688,10203200
2021-08-03,134.91110229492188,152.88999938964844,153.32000732421875,149.52000427246094,151.9499969482422,10394800
2021-08-04,133.45513916015625,151.24000549316406,153.3699951171875,150.91000366210938,151.25,10155000
2021-08-05,135.1405487060547,153.14999389648438,153.69000244140625,152.00999450683594,152.27999877929688,9151500
2021-08-06,138.97901916503906,157.5,157.82000732421875,155.11000061035156,155.19000244140625,13328800
2021-08-09,138.82896423339844,157.3300018310547,158.5500030517578,155.89999389648438,157.52000427246094,9516900
2021-08-10,140.53204345703125,159.25999450683594,159.97999572753906,156.30999755859375,156.74000549316406,8667000
2021-08-11,142.20860290527344,161.16000366210938,161.5,159.0800018310547,160.0,9156500
2021-08-12,142.7645263671875,161.7899932861328,162.3699951171875,160.5500030517578,161.8800048828125,8844200
2021-08-13,141.16738891601562,159.97999572753906,162.16000366210938,159.57000732421875,161.7899932861328,8980900
2021-08-16,140.2408905029297,158.92999267578125,159.02999877929688,156.77999877929688,158.94000244140625,8755800
2021-08-17,138.54661560058594,157.00999450683594,158.86000061035156,155.27000427246094,157.57000732421875,9347200
2021-08-18,137.28480529785156,155.5800018310547,158.00999450683594,155.33999633789062,156.30999755859375,8065500
2021-08-19,136.13763427734375,154.27999877929688,155.55999755859375,153.00999450683594,153.16000366210938,9517700
2021-08-20,136.52590942382812,154.72000122070312,154.89999389648438,153.16000366210938,154.35000610351562,6974100
2021-08-23,138.27308654785156,156.6999969482422,157.08999633789062,155.24000549316406,155.3300018310547,7934600
2021-08-24,139.1289825439453,157.6699981689453,158.5500030517578,156.8699951171875,157.0,7670900
2021-08-25,141.996826171875,160.9199981689453,161.77999877929688,157.8000030517578,158.50999450683594,11335000
2021-08-26,142.72926330566406,161.75,163.8300018310547,161.14999389648438,162.25999450683594,11027500
2021-08-27,143.87637329101562,163.0500030517578,163.16000366210938,161.25999450683594,161.75,8780200
2021-08-30,141.57330322265625,160.44000244140625,163.49000549316406,159.8800048828125,163.2100067138672,7937600
2021-08-31,141.1409149169922,159.9499969482422,161.3699951171875,159.35000610351562,160.44000244140625,12340800
2021-09-01,140.9379425048828,159.72000122070312,160.75999450683594,158.97000122070312,160.22000122070312,8729900
2021-09-02,141.59091186523438,160.4600067138672,161.61000061035156,159.42999267578125,160.02000427246094,8813300
2021-09-03,140.73497009277344,159.49000549316406,160.88999938964844,159.14999389648438,160.38999938964844,7959700
2021-09-07,140.4879150390625,159.2100067138672,161.3800048828125,158.9600067138672,159.99000549316406,9285600
2021-09-08,139.8613739013672,158.5,159.5800018310547,158.0399932861328,158.88999938964844,7852700
2021-09-09,140.47023010253906,159.19000244140625,160.8300018310547,158.0800018310547,158.27000427246094,7904300
2021-09-10,138.85545349121094,157.36000061035156,160.72000122070312,157.22000122070312,160.55999755859375,8311600
2021-09-13,141.0614776611328,159.86000061035156,160.0500030517578,158.07000732421875,158.52999877929688,10052800
2021-09-14,138.59954833984375,157.07000732421875,161.33999633789062,156.25999450683594,160.4499969482422,11685600
2021-09-15,139.56141662597656,158.16000366210938,158.69000244140625,156.47000122070312,156.72000122070312,11691500
2021-09-16,139.4996337890625,158.08999633789062,160.85000610351562,157.22000122070312,159.41000366210938,10880900
2021-09-17,139.13783264160156,157.67999267578125,159.00999450683594,157.0,157.3800048828125,25581600
2021-09-20,134.97293090820312,152.9600067138672,154.55999755859375,150.49000549316406,153.88999938964844,15819900
2021-09-21,134.9905242919922,152.97999572753906,154.5500030517578,152.5800018310547,153.52999877929688,8999900
2021-09-22,137.57595825195312,155.91000366210938,157.25,155.10000610351562,155.1999969482422,11236200
2021-09-23,142.22625732421875,161.17999267578125,161.7100067138672,157.6699981689453,158.0,12336100
2021-09-24,143.86753845214844,163.0399932861328,163.58999633789062,160.82000732421875,161.44000244140625,10102400
2021-09-27,147.34420776367188,166.97999572753906,167.39999389648438,164.61000061035156,165.0,13220900
2021-09-28,146.55006408691406,166.0800018310547,169.3000030517578,165.66000366210938,167.6999969482422,13387900
2021-09-29,146.43531799316406,165.9499969482422,166.89999389648438,165.0399932861328,166.2100067138672,7777100
2021-09-30,144.4410858154297,163.69000244140625,166.99000549316406,162.7899932861328,166.9199981689453,13161200
2021-10-01,147.4765625,167.1300048828125,168.3000030517578,163.60000610351562,164.0,11285000
2021-10-04,147.31773376464844,166.9499969482422,170.44000244140625,165.72999572753906,166.97000122070312,14120000
2021-10-05,149.72348022460938,168.66000366210938,170.13999938964844,166.6699981689453,167.2100067138672,12292900
2021-10-06,150.0430450439453,169.02000427246094,169.10000610351562,166.0,167.99000549316406,8692600
2021-10-07,150.992919921875,170.08999633789062,171.50999450683594,169.5399932861328,171.1999969482422,10195400
2021-10-08,151.10829162597656,170.22000122070312,171.33999633789062,169.3000030517578,170.02000427246094,8190100
2021-10-11,147.93031311035156,166.63999938964844,171.2899932861328,166.4600067138672,170.8000030517578,12154700
2021-10-12,146.79396057128906,165.36000061035156,166.69000244140625,164.77000427246094,165.75,13032600
2021-10-13,142.92352294921875,161.0,165.41000366210938,160.60000610351562,164.07000732421875,22753500
2021-10-14,145.11619567871094,163.47000122070312,164.00999450683594,160.05999755859375,161.75,15176800
2021-10-15,147.9036407470703,166.61000061035156,167.1699981689453,164.13999938964844,165.35000610351562,14267400
2021-10-18,147.85040283203125,166.5500030517578,168.61000061035156,165.91000366210938,166.47999572753906,12672900
2021-10-19,149.6436004638672,168.57000732421875,168.64999389648438,166.5800018310547,167.39999389648438,8053900
2021-10-20,151.65869140625,170.83999633789062,170.8699951171875,167.4600067138672,168.3000030517578,8185600
2021-10-21,150.46914672851562,169.5,171.3300018310547,168.67999267578125,170.75999450683594,8415200
2021-10-22,152.4931640625,171.77999877929688,172.08999633789062,169.6999969482422,170.02999877929688,8817900
2021-10-25,151.74749755859375,170.94000244140625,172.9600067138672,170.47999572753906,172.7100067138672,10159200
2021-10-26,152.15586853027344,171.39999389648438,172.49000549316406,170.5399932861328,171.0,8015100
2021-10-27,148.98667907714844,167.8300018310547,170.6999969482422,167.33999633789062,170.32000732421875,9847000
2021-10-28,151.2326202392578,170.36000061035156,170.50999450683594,167.9600067138672,168.3000030517578,7212900
2021-10-29,150.81536865234375,169.88999938964844,172.24000549316406,169.38999938964844,171.17999267578125,8140100
2021-11-01,150.7354736328125,169.8000030517578,172.3300018310547,169.00999450683594,172.0399932861328,7435500
2021-11-02,151.3302764892578,170.47000122070312,171.69000244140625,168.9199981689453,169.8000030517578,7173800
2021-11-03,151.38352966308594,170.52999877929688,171.1300048828125,169.14999389648438,170.1300048828125,8402700
2021-11-04,149.39500427246094,168.2899932861328,170.1999969482422,166.49000549316406,170.0,9574200
2021-11-05,149.18199157714844,168.0500030517578,170.08999633789062,167.41000366210938,168.89999389648438,7975600
2021-11-08,150.0785675048828,169.05999755859375,170.9199981689453,168.74000549316406,169.0500030517578,6413700
2021-11-09,148.9422607421875,167.77999877929688,168.47000122070312,166.60000610351562,167.35000610351562,7990300
2021-11-10,148.80023193359375,167.6199951171875,168.9499969482422,167.08999633789062,167.4499969482422,6999200
2021-11-11,148.79136657714844,167.61000061035156,168.67999267578125,166.89999389648438,167.52000427246094,5815300
2021-11-12,148.12554931640625,166.86000061035156,167.74000549316406,165.72000122070312,167.64999389648438,8113400
2021-11-15,147.85923767089844,166.55999755859375,167.7899932861328,166.0,167.2100067138672,6492500
2021-11-16,146.79396057128906,165.36000061035156,167.07000732421875,165.1199951171875,167.05999755859375,9706100
2021-11-17,146.00390625,164.47000122070312,165.55999755859375,163.38999938964844,165.2100067138672,9909600
2021-11-18,144.7433319091797,163.0500030517578,164.85000610351562,162.55999755859375,164.38999938964844,8122500
2021-11-19,142.8524932861328,160.9199981689453,162.11000061035156,159.4499969482422,161.3000030517578,12193600
2021-11-22,145.8974151611328,164.35000610351562,165.97999572753906,162.99000549316406,164.16000366210938,14549900
2021-11-23,149.38613891601562,168.27999877929688,168.55999755859375,165.3699951171875,165.5,12354400
2021-11-24,148.21435546875,166.9600067138672,169.44000244140625,166.44000244140625,168.4600067138672,9629800
2021-11-26,143.74908447265625,161.92999267578125,162.64999389648438,158.82000732421875,162.13999938964844,13619300
2021-11-29,143.127685546875,161.22999572753906,164.77999877929688,159.82000732421875,163.30999755859375,12104400
2021-11-30,140.9971160888672,158.8300018310547,160.6300048828125,158.2899932861328,159.16000366210938,18922600
2021-12-01,140.1626739501953,157.88999938964844,163.27000427246094,157.8000030517578,161.0,12253400
2021-12-02,143.10995483398438,161.2100067138672,163.25,158.8000030517578,159.8300018310547,12969900
2021-12-03,140.51776123046875,158.2899932861328,161.8300018310547,157.19000244140625,161.5,12681800
2021-12-06,142.17784118652344,160.16000366210938,162.61000061035156,159.4600067138672,161.00999450683594,11186500
2021-12-07,144.3172149658203,162.57000732421875,163.38999938964844,161.16000366210938,161.8800048828125,9851600
2021-12-08,142.66604614257812,160.7100067138672,163.27000427246094,160.1699981689453,162.66000366210938,11705700
2021-12-09,142.44412231445312,160.4600067138672,160.92999267578125,158.64999389648438,159.64999389648438,11189600
2021-12-10,141.8760223388672,159.82000732421875,161.6999969482422,159.1300048828125,161.32000732421875,10405400
2021-12-13,140.1893310546875,157.9199981689453,159.7899932861328,157.27999877929688,159.5,12069000
2021-12-14,141.2634735107422,159.1300048828125,160.88999938964844,157.3000030517578,157.4499969482422,12563600
2021-12-15,140.2070770263672,157.94000244140625,159.85000610351562,157.35000610351562,159.85000610351562,14014200
2021-12-16,142.39976501464844,160.41000366210938,161.82000732421875,158.6999969482422,160.38999938964844,19542800
2021-12-17,139.15953063964844,156.75999450683594,159.3800048828125,155.17999267578125,159.32000732421875,28082000
2021-12-20,136.6561737060547,153.94000244140625,154.6999969482422,151.83999633789062,154.50999450683594,15148000
2021-12-21,138.5647735595703,156.08999633789062,157.17999267578125,155.08999633789062,155.41000366210938,11291300
2021-12-22,139.10630798339844,156.6999969482422,157.05999755859375,155.24000549316406,155.75,7273000
2021-12-23,139.60340881347656,157.25999450683594,159.1199951171875,157.2100067138672,157.61000061035156,8055200
2021-12-27,140.40237426757812,158.16000366210938,158.1999969482422,156.33999633789062,157.60000610351562,6188100
2021-12-28,140.8284912109375,158.63999938964844,160.14999389648438,158.0800018310547,158.1999969482422,6342300
2021-12-29,140.75747680664062,158.55999755859375,159.6300048828125,158.14999389648438,158.85000610351562,6398900
2021-12-30,140.6864471435547,158.47999572753906,160.24000549316406,158.3699951171875,159.11000061035156,6948200
2021-12-31,140.57106018066406,158.35000610351562,159.2899932861328,157.9600067138672,158.4499969482422,5805900
2022-01-03,143.54490661621094,161.6999969482422,162.63999938964844,159.50999450683594,159.86000061035156,13120900
2022-01-04,148.98667907714844,167.8300018310547,168.5800018310547,164.22999572753906,164.30999755859375,20195800
2022-01-05,146.26287841796875,163.77999877929688,168.36000061035156,163.72999572753906,167.82000732421875,17539400
2022-01-06,147.8167724609375,165.52000427246094,167.3699951171875,163.8699951171875,166.91000366210938,14047500
2022-01-07,149.28138732910156,167.16000366210938,167.52999877929688,165.05999755859375,165.6699981689453,13913300
2022-01-10,149.42428588867188,167.32000732421875,169.30999755859375,165.52999877929688,169.07000732421875,12922500
2022-01-11,149.57608032226562,167.49000549316406,168.52000427246094,166.30999755859375,168.25999450683594,11854100
2022-01-12,150.4244842529297,168.44000244140625,169.58999633789062,167.17999267578125,168.4600067138672,12568000
2022-01-13,150.23695373535156,168.22999572753906,169.80999755859375,167.88999938964844,168.33999633789062,13623400
2022-01-14,141.0028533935547,157.88999938964844,161.02999877929688,156.89999389648438,160.75999450683594,40158400
2022-01-18,135.0908660888672,151.27000427246094,155.77999877929688,150.5399932861328,155.77999877929688,32324800
2022-01-19,133.00115966796875,148.92999267578125,152.22999572753906,148.5500030517578,151.57000732421875,22380000
2022-01-20,131.86703491210938,147.66000366210938,150.61000061035156,147.36000061035156,148.99000549316406,14860800
2022-01-21,129.5629425048828,145.0800018310547,147.50999450683594,144.27000427246094,147.5,20705400
2022-01-24,129.4468231201172,144.9499969482422,145.47999572753906,139.57000732421875,142.27999877929688,28471400
2022-01-25,130.85787963867188,146.52999877929688,146.85000610351562,140.7899932861328,143.64999389648438,18915900
2022-01-26,132.09921264648438,147.9199981689453,150.57000732421875,145.9600067138672,148.72000122070312,20709100
2022-01-27,129.76834106445312,145.30999755859375,150.3800048828125,144.1300048828125,149.4199981689453,17536800
2022-01-28,130.92926025390625,146.61000061035156,146.75999450683594,142.1699981689453,144.19000244140625,14117000
2022-01-31,132.7064666748047,148.60000610351562,148.7899932861328,144.6699981689453,145.63999938964844,13985700
2022-02-01,134.98373413085938,151.14999389648438,151.47000122070312,148.3000030517578,148.69000244140625,14584900
2022-02-02,133.90313720703125,149.94000244140625,150.94000244140625,148.07000732421875,150.5,12441100
2022-02-03,132.79574584960938,148.6999969482422,151.64999389648438,148.2899932861328,150.0,12474900
2022-02-04,136.24293518066406,152.55999755859375,153.5,148.77000427246094,149.10000610351562,16654400
2022-02-07,136.69837951660156,153.07000732421875,153.6199951171875,150.85000610351562,153.27000427246094,12572300
2022-02-08,139.27037048339844,155.9499969482422,158.47999572753906,154.8000030517578,155.0,20411400
2022-02-09,139.850830078125,156.60000610351562,157.42999267578125,155.82000732421875,156.58999633789062,9131100
2022-02-10,139.27037048339844,155.9499969482422,159.02999877929688,155.22000122070312,156.66000366210938,16455600
2022-02-11,137.4574432373047,153.9199981689453,158.19000244140625,152.97000122070312,155.61000061035156,16830000
2022-02-14,136.180419921875,152.49000549316406,153.67999267578125,150.32000732421875,152.72999572753906,17026500
2022-02-15,138.17189025878906,154.72000122070312,155.94000244140625,153.85000610351562,154.50999450683594,9500000
2022-02-16,138.4219207763672,155.0,156.10000610351562,153.74000549316406,153.74000549316406,9076500
2022-02-17,135.23377990722656,151.42999267578125,153.72999572753906,150.6699981689453,153.0,11367500
2022-02-18,135.8678436279297,152.13999938964844,154.13999938964844,151.1300048828125,152.1300048828125,11733300
2022-02-22,135.626708984375,151.8699951171875,153.24000549316406,150.41000366210938,150.60000610351562,11333500
2022-02-23,132.786865234375,148.69000244140625,153.3000030517578,147.97000122070312,153.1199951171875,11799000
2022-02-24,129.08963012695312,144.5500030517578,144.99000549316406,139.77999877929688,142.94000244140625,25655100
2022-02-25,132.14382934570312,147.97000122070312,150.1300048828125,144.91000366210938,145.25,18367700
2022-02-28,126.6337661743164,141.8000030517578,145.05999755859375,140.8800048828125,143.5500030517578,31315300
2022-03-01,121.85595703125,136.4499969482422,140.47999572753906,133.5800018310547,140.0399932861328,36840400
2022-03-02,124.38326263427734,139.27999877929688,140.0399932861328,136.61000061035156,137.2899932861328,19405600
2022-03-03,123.49917602539062,138.2899932861328,140.97999572753906,137.05999755859375,139.83999633789062,16640800
2022-03-04,120.0252456665039,134.39999389648438,135.4199981689453,132.39999389648438,134.94000244140625,21016000
2022-03-07,115.39032745361328,129.2100067138672,132.69000244140625,128.9499969482422,132.1699981689453,27560100
2022-03-08,114.57766723632812,128.3000030517578,131.7899932861328,127.2699966430664,129.63999938964844,19207800
2022-03-09,119.16789245605469,133.44000244140625,135.24000549316406,132.44000244140625,132.89999389648438,17536200
2022-03-10,117.75688934326172,131.86000061035156,133.4499969482422,130.32000732421875,131.86000061035156,15604200
2022-03-11,115.10454559326172,128.88999938964844,134.0800018310547,128.4199981689453,132.49000549316406,20061800
2022-03-14,116.24764251708984,130.1699981689453,132.9199981689453,129.22999572753906,129.4600067138672,15786900
2022-03-15,118.31058502197266,132.47999572753906,133.5500030517578,131.1300048828125,131.8000030517578,15096600
2022-03-16,123.59740447998047,138.39999389648438,138.49000549316406,134.42999267578125,134.8699951171875,20354900
2022-03-17,125.16020202636719,140.14999389648438,140.19000244140625,135.9199981689453,136.86000061035156,17050500
2022-03-18,125.11557006835938,140.10000610351562,140.85000610351562,138.4600067138672,140.19000244140625,23656500
2022-03-21,124.71371459960938,139.64999389648438,140.75999450683594,138.72999572753906,140.35000610351562,12676100
2022-03-22,127.36602783203125,142.6199951171875,143.92999267578125,141.72000122070312,142.27000427246094,13548600
2022-03-23,124.82978057861328,139.77999877929688,141.58999633789062,139.1999969482422,140.97999572753906,12093200
2022-03-24,125.6424560546875,140.69000244140625,140.7100067138672,139.11000061035156,140.3000030517578,10017600
2022-03-25,126.74092102050781,141.9199981689453,143.17999267578125,140.8000030517578,141.08999633789062,8383500
2022-03-28,125.80321502685547,140.8699951171875,140.97000122070312,137.89999389648438,140.0,10818100
2022-03-29,126.08008575439453,141.17999267578125,143.60000610351562,140.24000549316406,143.35000610351562,11316500
2022-03-30,125.50851440429688,140.5399932861328,142.1199951171875,139.91000366210938,141.89999389648438,8771000
2022-03-31,121.7398681640625,136.32000732421875,140.35000610351562,136.25999450683594,139.8300018310547,17353900
2022-04-01,120.83788299560547,135.30999755859375,137.41000366210938,133.8000030517578,137.39999389648438,15721300
2022-04-04,121.37371063232422,135.91000366210938,136.94000244140625,132.88999938964844,134.1199951171875,17416400
2022-04-05,119.96125793457031,133.33999633789062,135.39999389648438,133.00999450683594,134.07000732421875,12110300
2022-04-06,118.29689025878906,131.49000549316406,132.55999755859375,130.9600067138672,131.5800018310547,12914700
2022-04-07,117.93701171875,131.08999633789062,131.9199981689453,128.72999572753906,130.9499969482422,12994200
2022-04-08,120.09619140625,133.49000549316406,133.89999389648438,131.49000549316406,131.6699981689453,13126900
2022-04-11,119.65535736083984,133.0,134.89999389648438,132.57000732421875,133.0,10466400
2022-04-12,118.34185028076172,131.5399932861328,134.5800018310547,130.6999969482422,132.13999938964844,12989900
2022-04-13,114.52728271484375,127.30000305175781,129.25,126.01000213623047,126.94000244140625,30838000
2022-04-14,113.4656753540039,126.12000274658203,128.3000030517578,125.0199966430664,126.5,18835200
2022-04-18,115.5708999633789,128.4600067138672,129.24000549316406,125.54000091552734,125.66999816894531,11834400
2022-04-19,117.96397399902344,131.1199951171875,131.32000732421875,128.22999572753906,128.4499969482422,15015400
2022-04-20,118.3778305053711,131.5800018310547,133.50999450683594,131.33999633789062,132.52000427246094,13430200
2022-04-21,117.46019744873047,130.55999755859375,132.80999755859375,129.9600067138672,132.22000122070312,12174200
2022-04-22,114.08644104003906,126.80999755859375,130.52000427246094,126.69000244140625,130.27999877929688,14318800
2022-04-25,114.05044555664062,126.7699966430664,127.12000274658203,123.11000061035156,126.01000213623047,17149000
2022-04-26,110.67670440673828,123.0199966430664,126.41000366210938,122.87000274658203,124.63999938964844,17209500
2022-04-27,109.23725128173828,121.41999816894531,123.55999755859375,121.22000122070312,122.33000183105469,17215200
2022-04-28,110.96461486816406,123.33999633789062,123.6500015258789,121.13999938964844,122.80999755859375,13015600
2022-04-29,107.38394165039062,119.36000061035156,123.61000061035156,118.9000015258789,123.05000305175781,14874800
2022-05-02,108.36457061767578,120.44999694824219,120.70999908447266,118.22000122070312,119.87999725341797,18545000
2022-05-03,110.68572235107422,123.02999877929688,124.16999816894531,120.77999877929688,121.52999877929688,15720900
2022-05-04,114.34735107421875,127.0999984741211,127.4000015258789,122.73999786376953,122.80000305175781,17128500
2022-05-05,111.48640441894531,123.91999816894531,126.0999984741211,122.16000366210938,125.25,15055400
2022-05-06,111.30648040771484,123.72000122070312,124.29000091552734,121.18000030517578,123.80000305175781,14417900
2022-05-09,109.63310241699219,121.86000061035156,123.33000183105469,120.5,122.11000061035156,14312300
2022-05-10,106.96110534667969,118.88999938964844,123.77999877929688,117.55999755859375,123.11000061035156,16382400
2022-05-11,106.28634643554688,118.13999938964844,122.88999938964844,117.94000244140625,119.30000305175781,14630300
2022-05-12,106.19638061523438,118.04000091552734,118.31999969482422,115.37000274658203,117.0,16318800
2022-05-13,107.14102935791016,119.08999633789062,120.25,117.95999908447266,119.41000366210938,10443200
2022-05-16,106.39432525634766,118.26000213623047,119.45999908447266,117.2300033569336,118.54000091552734,10269000
2022-05-17,109.92098999023438,122.18000030517578,122.97000122070312,120.80999755859375,121.04000091552734,11160200
2022-05-18,108.04069519042969,120.08999633789062,121.97000122070312,119.52999877929688,121.30000305175781,12664900
2022-05-19,106.43930053710938,118.30999755859375,119.6500015258789,117.62999725341797,118.19000244140625,12765800
2022-05-20,105.56661224365234,117.33999633789062,119.66999816894531,115.0199966430664,119.45999908447266,13150100
2022-05-23,112.09819030761719,124.5999984741211,126.56999969482422,120.44999694824219,120.45999908447266,24376700
2022-05-24,113.68159484863281,126.36000061035156,127.48999786376953,123.11000061035156,124.36000061035156,19324900
2022-05-25,114.47329711914062,127.23999786376953,127.86000061035156,125.16999816894531,126.27999877929688,12780400
2022-05-26,116.45254516601562,129.44000244140625,130.19000244140625,128.2100067138672,128.3699951171875,15990900
2022-05-27,118.09896087646484,131.27000427246094,131.27000427246094,129.13999938964844,130.16000366210938,11177800
2022-05-31,118.9626235961914,132.22999572753906,133.14999389648438,129.7100067138672,130.17999267578125,17015000
2022-06-01,116.87540435791016,129.91000366210938,132.8699951171875,128.6699981689453,132.8699951171875,10768000
2022-06-02,118.75569152832031,132.0,132.00999450683594,128.6699981689453,129.89999389648438,8374800
2022-06-03,117.1003189086914,130.16000366210938,131.77000427246094,129.99000549316406,131.2100067138672,8596000
2022-06-06,116.71346282958984,129.72999572753906,132.38999938964844,129.4600067138672,131.08999633789062,11323500
2022-06-07,117.01934814453125,130.07000732421875,130.32000732421875,128.6199951171875,128.8300018310547,6722200
2022-06-08,115.15703582763672,128.0,129.4499969482422,126.9000015258789,129.0,8422100
2022-06-09,112.73692321777344,125.30999755859375,128.10000610351562,125.2699966430664,127.37000274658203,13560100
2022-06-10,107.55487060546875,119.55000305175781,123.4000015258789,119.31999969482422,122.58999633789062,12945200
2022-06-13,104.35208129882812,115.98999786376953,117.94999694824219,115.05999755859375,116.86000061035156,16805600
2022-06-14,102.61571502685547,114.05999755859375,117.31999969482422,113.22000122070312,115.55000305175781,13357900
2022-06-15,103.83027648925781,115.41000366210938,116.94999694824219,113.16999816894531,115.62000274658203,14083500
2022-06-16,102.0489501953125,113.43000030517578,114.26000213623047,111.87000274658203,113.86000061035156,16724900
2022-06-17,101.6890640258789,113.02999877929688,114.62999725341797,112.16000366210938,113.54000091552734,30919900
2022-06-21,104.20811462402344,115.83000183105469,117.02999877929688,115.04000091552734,115.87000274658203,11680500
2022-06-22,103.62333679199219,115.18000030517578,116.19999694824219,114.38999938964844,114.87999725341797,9842700
2022-06-23,102.48975372314453,113.91999816894531,115.18000030517578,111.4800033569336,115.01000213623047,11851500
2022-06-24,105.54864501953125,117.31999969482422,117.81999969482422,112.83000183105469,113.2300033569336,14841100
2022-06-27,104.70294952392578,116.37999725341797,118.5,115.63999938964844,118.05999755859375,11280500
2022-06-28,104.19913482666016,115.81999969482422,119.29000091552734,115.5999984741211,117.66999816894531,11590900
2022-06-29,103.7313232421875,115.30000305175781,116.81999969482422,114.7300033569336,116.0,9338400
2022-06-30,101.31121826171875,112.61000061035156,114.08000183105469,110.93000030517578,113.16999816894531,15172600
2022-07-01,102.60671997070312,114.05000305175781,114.41999816894531,111.16000366210938,112.6500015258789,10573600
2022-07-05,102.21644592285156,112.62000274658203,112.70999908447266,109.30000305175781,110.7699966430664,12514200
2022-07-06,101.55388641357422,111.88999938964844,112.98999786376953,110.79000091552734,111.7300033569336,10656200
2022-07-07,104.1224594116211,114.72000122070312,114.9000015258789,113.4000015258789,113.5,10347400
2022-07-08,103.79571533203125,114.36000061035156,115.6500015258789,113.61000061035156,115.16000366210938,8807800
2022-07-11,102.43428039550781,112.86000061035156,114.2300033569336,112.22000122070312,113.55000305175781,7939500
2022-07-12,102.53411102294922,112.97000122070312,115.18000030517578,112.26000213623047,112.58000183105469,11250900
2022-07-13,101.57203674316406,111.91000366210938,112.4800033569336,110.37999725341797,111.75,12979900
2022-07-14,98.02323150634766,108.0,108.2300033569336,106.05999755859375,107.98999786376953,26204800
2022-07-15,102.51595306396484,112.94999694824219,113.87999725341797,107.66999816894531,109.16000366210938,18863900
2022-07-18,101.46314239501953,111.79000091552734,115.83999633789062,111.29000091552734,114.7699966430664,13977900
2022-07-19,103.97724151611328,114.55999755859375,114.94000244140625,112.66999816894531,113.12999725341797,11862300
2022-07-20,103.9590835571289,114.54000091552734,114.73999786376953,113.4800033569336,114.0999984741211,11667500
2022-07-21,104.66703033447266,115.31999969482422,115.52999877929688,113.37000274658203,114.44000244140625,11595900
2022-07-22,104.15876007080078,114.76000213623047,116.25,113.66999816894531,115.23999786376953,7645500
2022-07-25,104.57625579833984,115.22000122070312,116.45999908447266,114.7699966430664,115.83999633789062,9394000
2022-07-26,102.94255065917969,113.41999816894531,115.58000183105469,113.02999877929688,114.58000183105469,10675100
2022-07-27,104.59442901611328,115.23999786376953,115.73999786376953,113.30000305175781,114.01000213623047,9337400
2022-07-28,104.20411682128906,114.80999755859375,115.9800033569336,113.52999877929688,115.25,10384800
2022-07-29,104.70333862304688,115.36000061035156,116.5,114.79000091552734,115.58999633789062,12944500
2022-08-01,103.65958404541016,114.20999908447266,115.11000061035156,113.06999969482422,114.5,14740400
2022-08-02,102.04400634765625,112.43000030517578,114.4000015258789,112.2699966430664,113.91999816894531,14942900
2022-08-03,103.11498260498047,113.61000061035156,114.0999984741211,111.70999908447266,113.44999694824219,14394500
2022-08-04,101.98046875,112.36000061035156,113.31999969482422,111.0199966430664,112.8499984741211,18033900
2022-08-05,105.06637573242188,115.76000213623047,116.19000244140625,112.05000305175781,112.52999877929688,14174600
2022-08-08,103.78662872314453,114.3499984741211,116.69999694824219,114.18000030517578,116.25,10332500
2022-08-09,104.72148895263672,115.37999725341797,115.98999786376953,114.37000274658203,114.75,10233800
2022-08-10,107.45342254638672,118.38999938964844,119.37000274658203,117.5,117.95999908447266,12847300
2022-08-11,109.04175567626953,120.13999938964844,121.19999694824219,119.30999755859375,119.9000015258789,11684900
2022-08-12,110.84793853759766,122.12999725341797,122.25,119.44000244140625,120.66999816894531,9906700
2022-08-15,111.14745330810547,122.45999908447266,122.72000122070312,120.5999984741211,121.13999938964844,8456200
2022-08-16,112.20936584472656,123.62999725341797,124.23999786376953,121.87000274658203,122.29000091552734,9555000
2022-08-17,111.26544189453125,122.58999633789062,123.16000366210938,121.69000244140625,122.30000305175781,8149300
2022-08-18,110.40319061279297,121.63999938964844,122.47000122070312,120.55000305175781,122.23999786376953,9531800
2022-08-19,107.6712646484375,118.62999725341797,120.98999786376953,118.11000061035156,120.62000274658203,13464500
2022-08-22,105.89231872558594,116.66999816894531,117.16000366210938,115.5,116.75,8967600
2022-08-23,104.84852600097656,115.5199966430664,117.29000091552734,115.37999725341797,116.69000244140625,7607000
2022-08-24,105.10269165039062,115.80000305175781,116.41000366210938,114.44999694824219,115.29000091552734,9771300
2022-08-25,107.5986557006836,118.55000305175781,118.73999786376953,115.68000030517578,116.16000366210938,10758900
2022-08-26,104.07707214355469,114.66999816894531,119.98999786376953,114.5999984741211,119.45999908447266,11276200
2022-08-29,103.82292938232422,114.38999938964844,114.86000061035156,113.45999908447266,114.0,8117300
2022-08-30,103.84109497070312,114.41000366210938,115.58000183105469,113.36000061035156,115.0,10745400
2022-08-31,103.22392272949219,113.7300033569336,115.02999877929688,113.33999633789062,114.4800033569336,10738300
2022-09-01,103.93185424804688,114.51000213623047,114.62999725341797,111.91000366210938,113.29000091552734,9979800
2022-09-02,103.20574951171875,113.70999908447266,117.44999694824219,113.19000244140625,115.87000274658203,10666600
2022-09-06,103.23299407958984,113.73999786376953,114.75,112.06999969482422,114.33000183105469,9751900
2022-09-07,105.19345092773438,115.9000015258789,116.11000061035156,112.76000213623047,113.12999725341797,10647900
2022-09-08,107.64402770996094,118.5999984741211,118.79000091552734,114.62999725341797,115.27999877929688,11435000
2022-09-09,108.16136932373047,119.16999816894531,120.05000305175781,118.66999816894531,119.13999938964844,9299700
2022-09-12,109.44112396240234,120.58000183105469,121.55000305175781,119.79000091552734,120.62000274658203,8614600
2022-09-13,105.63818359375,116.38999938964844,118.91999816894531,115.77999877929688,118.06999969482422,12904600
2022-09-14,105.39312744140625,116.12000274658203,117.83999633789062,114.87999725341797,116.69999694824219,9345700
2022-09-15,106.9814682006836,117.87000274658203,119.37999725341797,115.76000213623047,116.12000274658203,10821400
2022-09-16,106.26443481445312,117.08000183105469,117.4000015258789,115.37000274658203,117.38999938964844,14844100
2022-09-19,107.24468231201172,118.16000366210938,118.7300033569336,115.51000213623047,116.0,8201300
2022-09-20,105.1299057006836,115.83000183105469,117.69000244140625,114.63999938964844,117.41000366210938,9619000
2022-09-21,102.09846496582031,112.48999786376953,116.5999984741211,112.41999816894531,116.54000091552734,12606300
2022-09-22,100.93670654296875,111.20999908447266,113.5999984741211,111.06999969482422,113.37999725341797,11684500
2022-09-23,99.05792236328125,109.13999938964844,110.33999633789062,107.16000366210938,110.05000305175781,18138600
2022-09-26,96.92500305175781,106.79000091552734,109.61000061035156,106.05999755859375,108.0,15753600
2022-09-27,96.07185363769531,105.8499984741211,108.16999816894531,104.6500015258789,107.75,12793600
2022-09-28,98.01415252685547,107.98999786376953,108.7300033569336,105.63999938964844,105.94999694824219,12762600
2022-09-29,96.35320281982422,106.16000366210938,107.27999877929688,104.4000015258789,106.94999694824219,12713900
2022-09-30,94.84656524658203,104.5,107.62000274658203,104.4000015258789,106.05999755859375,15973400
2022-10-03,97.77816772460938,107.7300033569336,108.36000061035156,104.45999908447266,105.62000274658203,12248100
2022-10-04,102.35259246826172,112.7699966430664,112.98999786376953,109.86000061035156,110.61000061035156,16013600
2022-10-05,101.0888671875,110.38999938964844,110.94999694824219,108.83000183105469,109.75,10943500
2022-10-06,99.02842712402344,108.13999938964844,110.19000244140625,107.94000244140625,109.45999908447266,11521400
2022-10-07,97.0504379272461,105.9800033569336,107.70999908447266,105.2699966430664,107.5199966430664,11681100
2022-10-10,96.14385223388672,104.98999786376953,107.30999755859375,104.5199966430664,106.7300033569336,8931700
2022-10-11,93.36915588378906,101.95999908447266,104.54000091552734,101.8499984741211,104.37000274658203,12739700
2022-10-12,94.88011169433594,103.61000061035156,104.7300033569336,101.27999877929688,101.80000305175781,13181000
2022-10-13,100.15481567382812,109.37000274658203,109.9000015258789,101.76000213623047,101.9800033569336,22398700
2022-10-14,101.82146453857422,111.19000244140625,115.23999786376953,110.72000122070312,111.95999908447266,33387100
2022-10-17,106.09797668457031,115.86000061035156,117.01000213623047,114.31999969482422,115.41000366210938,22276300
2022-10-18,108.8268814086914,118.83999633789062,120.13999938964844,116.95999908447266,119.66000366210938,21539700
2022-10-19,106.6932144165039,116.51000213623047,118.83000183105469,115.66999816894531,117.98999786376953,17072000
2022-10-20,106.34521484375,116.12999725341797,118.70999908447266,115.6500015258789,117.16000366210938,12207400
2022-10-21,111.93126678466797,122.2300033569336,122.38999938964844,116.33000183105469,116.45999908447266,20593300
2022-10-24,112.06861114501953,122.37999725341797,123.0999984741211,121.33000183105469,122.06999969482422,12624200
2022-10-25,112.3616714477539,122.69999694824219,123.2699966430664,120.88999938964844,121.8499984741211,11289100
2022-10-26,113.65286254882812,124.11000061035156,125.19999694824219,122.87999725341797,123.0,11667000
2022-10-27,114.1015853881836,124.5999984741211,126.19999694824219,124.20999908447266,125.19999694824219,10727600
2022-10-28,115.4568862915039,126.08000183105469,126.27999877929688,124.05000305175781,125.29000091552734,11859500
2022-10-31,115.27373504638672,125.87999725341797,127.43000030517578,125.58999633789062,125.69999694824219,13295200
2022-11-01,117.35247039794922,128.14999389648438,128.27999877929688,126.33000183105469,126.87000274658203,13386900
2022-11-02,116.27189636230469,126.97000122070312,130.36000061035156,126.63999938964844,127.6500015258789,16546100
2022-11-03,116.4825210571289,127.19999694824219,128.17999267578125,125.91000366210938,126.30999755859375,12474400
2022-11-04,119.66928100585938,130.67999267578125,130.8300018310547,128.4600067138672,129.49000549316406,14953200
2022-11-07,120.30113983154297,131.3699951171875,132.2899932861328,130.47999572753906,131.0,12011200
2022-11-08,120.37442016601562,131.4499969482422,132.05999755859375,130.13999938964844,131.24000549316406,9884100
2022-11-09,118.80848693847656,129.74000549316406,131.42999267578125,129.22000122070312,131.32000732421875,9494000
2022-11-10,123.69857788085938,135.0800018310547,135.25,132.52999877929688,132.6300048828125,16351600
2022-11-11,123.90003204345703,135.3000030517578,136.1699981689453,133.77999877929688,135.19000244140625,10704700
2022-11-14,122.62713623046875,133.91000366210938,135.72999572753906,133.91000366210938,134.8000030517578,11085600
2022-11-15,121.73887634277344,132.94000244140625,135.7100067138672,131.60000610351562,134.67999267578125,14038300
2022-11-16,121.9036865234375,133.1199951171875,133.55999755859375,132.02999877929688,133.0,7893400
2022-11-17,121.37255859375,132.5399932861328,132.88999938964844,131.27999877929688,132.0,8820200
2022-11-18,122.5630111694336,133.83999633789062,134.6699981689453,132.27999877929688,134.57000732421875,9468500
2022-11-21,121.83959197998047,133.0500030517578,134.55999755859375,132.75,133.74000549316406,7800500
2022-11-22,123.66189575195312,135.0399932861328,135.27000427246094,133.69000244140625,134.0,9185700
2022-11-23,124.98056030273438,136.47999572753906,136.5,134.86000061035156,134.94000244140625,7316200
2022-11-25,125.2187271118164,136.74000549316406,137.13999938964844,136.05999755859375,136.47999572753906,3220500
2022-11-28,123.03007507324219,134.35000610351562,136.7100067138672,134.19000244140625,136.07000732421875,9906900
2022-11-29,125.0538558959961,136.55999755859375,136.63999938964844,134.41000366210938,134.66000366210938,7925300
2022-11-30,126.53736114501953,138.17999267578125,138.17999267578125,133.19000244140625,136.08999633789062,14761200
2022-12-01,124.76081085205078,136.24000549316406,138.66000366210938,135.42999267578125,138.17999267578125,8858500
2022-12-02,123.7718276977539,135.16000366210938,135.35000610351562,133.33999633789062,134.49000549316406,8931900
2022-12-05,120.30113983154297,131.3699951171875,134.57000732421875,130.60000610351562,134.24000549316406,10154500
2022-12-06,120.50261688232422,131.58999633789062,135.11000061035156,129.8699951171875,133.38999938964844,13966700
2022-12-07,120.42020416259766,131.5,133.0800018310547,130.3300018310547,131.30999755859375,11739400
2022-12-08,121.6839370727539,132.8800048828125,132.97999572753906,131.42999267578125,132.3300018310547,8907300
2022-12-09,121.02460479736328,132.16000366210938,133.75999450683594,132.0,132.1999969482422,7957800
2022-12-12,122.90187072753906,134.2100067138672,134.64999389648438,131.60000610351562,132.39999389648438,8841600
2022-12-13,122.78282928466797,134.0800018310547,137.08999633789062,133.0800018310547,136.88999938964844,10025400
2022-12-14,122.16926574707031,133.41000366210938,135.7100067138672,132.75999450683594,133.77999877929688,9966100
2022-12-15,119.13816833496094,130.10000610351562,132.0800018310547,129.0500030517578,131.14999389648438,12087800
2022-12-16,118.39640045166016,129.2899932861328,129.89999389648438,128.42999267578125,129.14999389648438,21133700
2022-12-19,119.10153198242188,130.05999755859375,131.3300018310547,129.08999633789062,129.64999389648438,9017200
2022-12-20,119.67845916748047,130.69000244140625,132.0500030517578,130.1999969482422,130.97000122070312,8549900
2022-12-21,121.02460479736328,132.16000366210938,132.97999572753906,131.77000427246094,132.17999267578125,8051700
2022-12-22,119.6509780883789,130.66000366210938,131.3000030517578,128.41000366210938,131.10000610351562,8648200
2022-12-23,120.21875762939453,131.27999877929688,131.44000244140625,129.63999938964844,130.5800018310547,5091900
2022-12-27,120.63996887207031,131.74000549316406,132.22000122070312,130.5500030517578,131.57000732421875,5411000
2022-12-28,121.29931640625,132.4600067138672,133.41000366210938,131.00999450683594,131.85000610351562,8827700
2022-12-29,121.99530029296875,133.22000122070312,133.27000427246094,132.30999755859375,132.92999267578125,6585200
2022-12-30,122.80113983154297,134.10000610351562,134.3300018310547,132.44000244140625,132.80999755859375,9292500
2023-01-03,123.73518371582031,135.1199951171875,136.74000549316406,133.88999938964844,135.24000549316406,11054800
2023-01-04,124.88902282714844,136.3800048828125,137.67999267578125,135.57000732421875,135.99000549316406,11687600
2023-01-05,124.86137390136719,135.35000610351562,135.7100067138672,133.6999969482422,135.66000366210938,8381300
2023-01-06,127.25064849853516,137.94000244140625,138.3800048828125,134.49000549316406,136.1300048828125,10029100
2023-01-09,126.72482299804688,137.3699951171875,138.8800048828125,136.8800048828125,138.60000610351562,8482300
2023-01-10,127.85951232910156,138.60000610351562,138.72000122070312,137.30999755859375,137.7899932861328,9048700
2023-01-11,128.80967712402344,139.6300048828125,139.75,138.10000610351562,138.89999389648438,8703700
2023-01-12,128.6804962158203,139.49000549316406,140.86000061035156,139.22000122070312,140.0,11001700
2023-01-13,131.92776489257812,143.00999450683594,143.49000549316406,134.8000030517578,135.60000610351562,20200000
2023-01-17,129.8890380859375,140.8000030517578,141.5399932861328,139.22999572753906,141.1699981689453,14292900
2023-01-18,125.98678588867188,136.57000732421875,140.72999572753906,136.41000366210938,138.9199981689453,13392600
2023-01-19,124.30787658691406,134.75,135.89999389648438,133.58999633789062,135.32000732421875,13303400
2023-01-20,124.6122817993164,135.0800018310547,135.49000549316406,133.5500030517578,135.16000366210938,13092500
2023-01-23,126.6325454711914,137.27000427246094,137.9600067138672,134.82000732421875,135.1199951171875,10487100
2023-01-24,127.72109985351562,138.4499969482422,140.2899932861328,135.0,136.4199981689453,6945000
2023-01-25,128.33921813964844,139.1199951171875,139.1199951171875,137.25,138.0500030517578,8967000
2023-01-26,129.13255310058594,139.97999572753906,140.05999755859375,138.36000061035156,139.4199981689453,7487600
2023-01-27,129.4462127685547,140.32000732421875,141.25999450683594,139.75,140.61000061035156,7489900
2023-01-30,128.34841918945312,139.1300048828125,140.08999633789062,138.91000366210938,139.22999572753906,6729300
2023-01-31,129.11410522460938,139.9600067138672,140.07000732421875,138.25,139.8800048828125,9188700
2023-02-01,128.7727813720703,139.58999633789062,140.8800048828125,138.1199951171875,138.2100067138672,8841800
2023-02-02,128.17315673828125,138.94000244140625,140.4600067138672,138.0,140.0,11822100
2023-02-03,130.1565399169922,141.08999633789062,142.3300018310547,138.1300048828125,138.17999267578125,11501200
2023-02-06,130.92221069335938,141.9199981689453,142.24000549316406,140.02999877929688,140.22999572753906,8406200
2023-02-07,132.5181427001953,143.64999389648438,144.33999633789062,141.17999267578125,141.3800048828125,10447900
2023-02-08,131.58641052246094,142.63999938964844,144.0399932861328,142.27999877929688,142.64999389648438,6958000
2023-02-09,129.5384979248047,140.4199981689453,143.33999633789062,139.8699951171875,143.1199951171875,6443100
2023-02-10,130.1103973388672,141.0399932861328,141.27999877929688,138.58999633789062,139.77999877929688,6582900
2023-02-13,131.52186584472656,142.57000732421875,142.72999572753906,140.74000549316406,141.3000030517578,7134600
2023-02-14,132.10302734375,143.1999969482422,143.80999755859375,141.60000610351562,142.5,9249400
2023-02-15,132.65652465820312,143.8000030517578,143.88999938964844,141.3000030517578,141.61000061035156,6728300
2023-02-16,130.82997131347656,141.82000732421875,143.38999938964844,141.67999267578125,142.91000366210938,8165300
2023-02-17,131.2174072265625,142.24000549316406,142.8300018310547,140.07000732421875,140.97999572753906,7948800
2023-02-21,128.80967712402344,139.6300048828125,141.33999633789062,138.75,140.69000244140625,9996300
2023-02-22,127.82259368896484,138.55999755859375,139.42999267578125,137.44000244140625,138.9199981689453,11107500
2023-02-23,128.84657287597656,139.6699981689453,140.1699981689453,137.94000244140625,138.72999572753906,8068000
2023-02-24,130.00892639160156,140.92999267578125,141.36000061035156,138.92999267578125,139.11000061035156,9126900
2023-02-27,131.14364624023438,142.16000366210938,143.30999755859375,141.72000122070312,142.11000061035156,10014700
2023-02-28,132.2414093017578,143.35000610351562,143.75999450683594,141.89999389648438,142.94000244140625,11019800
2023-03-01,131.50343322753906,142.5500030517578,143.4600067138672,141.8000030517578,142.10000610351562,7139200
2023-03-02,130.13807678222656,141.07000732421875,142.42999267578125,139.5399932861328,142.24000549316406,11106800
2023-03-03,132.52740478515625,143.66000366210938,143.74000549316406,141.0800018310547,141.50999450683594,9513100
2023-03-06,131.7524871826172,142.82000732421875,144.0399932861328,142.66000366210938,143.44000244140625,9261300
2023-03-07,127.8779296875,138.6199951171875,142.30999755859375,137.80999755859375,142.00999450683594,11747600
2023-03-08,127.12151336669922,137.8000030517578,138.58999633789062,136.88999938964844,138.0,10002500
2023-03-09,120.23958587646484,130.33999633789062,137.35000610351562,129.22000122070312,136.75999450683594,25888100
2023-03-10,123.29307556152344,133.64999389648438,135.25999450683594,127.81999969482422,128.9600067138672,37599700
2023-03-13,121.07907104492188,131.25,133.8800048828125,129.41000366210938,131.2100067138672,42901100
2023-03-14,124.18791198730469,134.6199951171875,135.52999877929688,131.2899932861328,135.27999877929688,29648100
2023-03-15,118.32076263427734,128.25999450683594,130.99000549316406,126.7300033569336,130.97999572753906,34280600
2023-03-16,120.61781311035156,130.75,131.9499969482422,126.0199966430664,128.00999450683594,24558500
2023-03-17,116.06062316894531,125.80999755859375,128.47999572753906,125.44999694824219,128.3800048828125,38396000
2023-03-20,117.28755187988281,127.13999938964844,129.47000122070312,126.01000213623047,126.98999786376953,22875500
2023-03-21,120.43331909179688,130.5500030517578,131.72999572753906,130.19000244140625,130.58999633789062,17807800
2023-03-22,117.32447814941406,127.18000030517578,130.66000366210938,127.08000183105469,130.55999755859375,17250200
2023-03-23,117.01080322265625,126.83999633789062,129.52999877929688,126.0199966430664,127.9000015258789,16677600
2023-03-24,115.23038482666016,124.91000366210938,125.68000030517578,123.11000061035156,125.62999725341797,22311100
2023-03-27,118.53294372558594,128.49000549316406,129.3800048828125,126.29000091552734,126.79000091552734,18853900
2023-03-28,118.89273071289062,128.8800048828125,129.33999633789062,127.73999786376953,128.7100067138672,10820500
2023-03-29,119.13258361816406,129.13999938964844,130.22000122070312,127.7699966430664,130.10000610351562,14595300
2023-03-30,118.77279663085938,128.75,130.1199951171875,127.6500015258789,129.9499969482422,12134700
2023-03-31,120.21190643310547,130.30999755859375,130.33999633789062,128.85000610351562,129.66000366210938,13105200
2023-04-03,120.07354736328125,130.16000366210938,131.44000244140625,129.41000366210938,129.91000366210938,11775400
2023-04-04,118.46837615966797,128.4199981689453,130.58999633789062,127.41000366210938,130.5,11579900
2023-04-05,118.64502716064453,127.61000061035156,128.14999389648438,126.45999908447266,126.80000305175781,9614700
2023-04-06,118.5148696899414,127.47000122070312,128.0800018310547,126.86000061035156,127.0,8760200
2023-04-10,118.90534973144531,127.88999938964844,128.22999572753906,126.22000122070312,126.54000091552734,9477300
2023-04-11,119.49111938476562,128.52000427246094,128.94000244140625,127.54000091552734,128.3000030517578,10516300
2023-04-12,119.47250366210938,128.5,130.42999267578125,128.05999755859375,129.17999267578125,11821000
2023-04-13,119.92808532714844,128.99000549316406,129.0399932861328,126.83000183105469,128.4600067138672,12450200
2023-04-14,128.9838104248047,138.72999572753906,139.1199951171875,134.89999389648438,135.14999389648438,43931300
2023-04-17,130.0065155029297,139.8300018310547,140.05999755859375,137.66000366210938,139.9499969482422,16050500
2023-04-18,131.4662322998047,141.39999389648438,141.77999877929688,139.02999877929688,140.27000427246094,13760100
2023-04-19,131.29888916015625,141.22000122070312,141.5,140.39999389648438,141.22999572753906,9158100
2023-04-20,130.91766357421875,140.80999755859375,141.42999267578125,139.83999633789062,139.91000366210938,10586200
2023-04-21,130.6666259765625,140.5399932861328,141.11000061035156,138.77999877929688,139.74000549316406,11842500
2023-04-24,130.84329223632812,140.72999572753906,141.10000610351562,140.0399932861328,140.4600067138672,7567500
2023-04-25,127.99828338623047,137.6699981689453,139.9600067138672,137.6300048828125,139.60000610351562,10629300
2023-04-26,125.72969818115234,135.22999572753906,137.80999755859375,134.0,137.6199951171875,14416100
2023-04-27,127.42185974121094,137.0500030517578,137.91000366210938,135.66000366210938,136.0,9041100
2023-04-28,128.52822875976562,138.24000549316406,138.32000732421875,135.6699981689453,136.55999755859375,9887300
2023-05-01,131.2802734375,141.1999969482422,143.3699951171875,140.8300018310547,142.25999450683594,20415800
2023-05-02,129.16046142578125,138.9199981689453,142.41000366210938,138.42999267578125,141.39999389648438,14113400
2023-05-03,126.42701721191406,135.97999572753906,138.6699981689453,135.75999450683594,138.44000244140625,12930900
2023-05-04,124.69767761230469,134.1199951171875,135.72000122070312,131.80999755859375,134.9600067138672,17089200
2023-05-05,127.13365173339844,136.74000549316406,137.8800048828125,135.91000366210938,136.44000244140625,11261400
2023-05-08,127.4404296875,137.07000732421875,137.97000122070312,136.47999572753906,137.49000549316406,7484900
2023-05-09,126.82678985595703,136.41000366210938,136.9499969482422,135.2100067138672,135.92999267578125,7343600
2023-05-10,126.89189910888672,136.47999572753906,138.05999755859375,134.8699951171875,137.9499969482422,8133400
2023-05-11,126.49211120605469,136.0500030517578,136.80999755859375,134.89999389648438,135.0,7057300
2023-05-12,124.67909240722656,134.10000610351562,136.99000549316406,133.1300048828125,136.82000732421875,9988600
2023-05-15,125.72969818115234,135.22999572753906,135.6699981689453,133.9600067138672,134.27000427246094,7639500
2023-05-16,124.88362121582031,134.32000732421875,135.94000244140625,133.9600067138672,135.4600067138672,6477200
2023-05-17,128.72348022460938,138.4499969482422,138.58999633789062,135.4600067138672,135.89999389648438,12711500
2023-05-18,129.6997528076172,139.5,139.72999572753906,137.75999450683594,138.27000427246094,10999600
2023-05-19,129.4021759033203,139.17999267578125,140.49000549316406,138.1300048828125,139.7899932861328,13492200
2023-05-22,128.33297729492188,138.02999877929688,141.63999938964844,137.66000366210938,141.0,11402500
2023-05-23,126.994140625,136.58999633789062,139.02999877929688,136.4600067138672,137.5399932861328,9514900
2023-05-24,125.83196258544922,135.33999633789062,136.35000610351562,135.0800018310547,135.39999389648438,8578000
2023-05-25,126.13878631591797,135.6699981689453,136.27000427246094,134.5800018310547,134.82000732421875,8472500
2023-05-26,127.31956481933594,136.94000244140625,137.60000610351562,135.6300048828125,136.11000061035156,8579900
2023-05-30,127.80306243896484,137.4600067138672,137.72000122070312,136.02000427246094,136.8000030517578,7399900
2023-05-31,126.17599487304688,135.7100067138672,136.83999633789062,134.39999389648438,136.72999572753906,14219900
2023-06-01,127.91462707519531,137.5800018310547,138.22999572753906,135.4499969482422,136.52000427246094,12248100
2023-06-02,130.60157775878906,140.47000122070312,141.47999572753906,139.33999633789062,139.55999755859375,12922500
2023-06-05,129.3185272216797,139.08999633789062,140.11000061035156,138.1300048828125,140.11000061035156,8511900
2023-06-06,129.55096435546875,139.33999633789062,140.10000610351562,138.2100067138672,138.67999267578125,9329500
2023-06-07,130.80612182617188,140.69000244140625,141.27000427246094,138.8300018310547,139.5500030517578,9281400
2023-06-08,130.84329223632812,140.72999572753906,140.88999938964844,139.47999572753906,140.6699981689453,7368100
2023-06-09,131.10362243652344,141.00999450683594,141.8000030517578,140.2100067138672,140.35000610351562,7249100
2023-06-12,131.0943145751953,141.0,141.32000732421875,139.75999450683594,141.07000732421875,7596600
2023-06-13,132.0426788330078,142.02000427246094,142.8699951171875,140.13999938964844,140.47999572753906,7701600
2023-06-14,131.54989624023438,141.49000549316406,143.61000061035156,140.6999969482422,143.0,9068700
2023-06-15,133.03750610351562,143.08999633789062,143.39999389648438,140.02999877929688,140.58999633789062,9343100
2023-06-16,133.19554138183594,143.25999450683594,143.97000122070312,142.5,143.0500030517578,13813500
2023-06-20,132.51687622070312,142.52999877929688,143.0,141.0399932861328,142.61000061035156,8428600
2023-06-21,132.3216094970703,142.32000732421875,144.02000427246094,141.69000244140625,142.89999389648438,9926500
2023-06-22,129.7740936279297,139.5800018310547,142.60000610351562,138.9499969482422,142.30999755859375,10075200
2023-06-23,129.09536743164062,138.85000610351562,139.17999267578125,137.6199951171875,138.5399932861328,9919500
2023-06-26,129.4114990234375,139.19000244140625,140.00999450683594,137.69000244140625,138.8699951171875,8429700
2023-06-27,129.4207763671875,139.1999969482422,139.83999633789062,138.5399932861328,139.0,8154000
2023-06-28,128.8536376953125,138.58999633789062,139.2100067138672,137.9600067138672,139.16000366210938,7558600
2023-06-29,133.35360717773438,143.42999267578125,143.55999755859375,139.85000610351562,140.07000732421875,15423200
2023-06-30,135.222412109375,145.44000244140625,146.0,143.66000366210938,144.60000610351562,14212800
2023-07-03,136.3102264404297,146.61000061035156,147.47999572753906,146.0,146.19000244140625,8021600
2023-07-05,135.4021759033203,144.63999938964844,145.42999267578125,144.36000061035156,144.94000244140625,8934900
2023-07-06,134.06350708007812,143.2100067138672,143.38999938964844,141.44000244140625,143.02000427246094,9709500
2023-07-07,135.12132263183594,144.33999633789062,145.83999633789062,143.0,143.91000366210938,8981500
2023-07-10,135.87957763671875,145.14999389648438,145.99000549316406,144.5,144.5,9100100
2023-07-11,138.0045928955078,147.4199981689453,147.82000732421875,145.7100067138672,146.33999633789062,11260900
2023-07-12,138.68797302246094,148.14999389648438,149.8699951171875,147.0,147.4499969482422,11323200
2023-07-13,139.3620147705078,148.8699951171875,149.3699951171875,147.75,148.6999969482422,11234900
2023-07-14,140.20452880859375,149.77000427246094,152.88999938964844,148.41000366210938,151.5500030517578,27028400
2023-07-17,143.58396911621094,153.3800048828125,153.75,150.35000610351562,150.35000610351562,17262400
2023-07-18,143.84605407714844,153.66000366210938,154.39999389648438,152.82000732421875,153.3800048828125,13491700
2023-07-19,144.39840698242188,154.25,155.2100067138672,152.22000122070312,152.75,12510000
2023-07-20,146.17701721191406,156.14999389648438,156.58999633789062,154.41000366210938,154.52999877929688,9935900
2023-07-21,145.0537109375,154.9499969482422,156.13999938964844,154.69000244140625,155.8000030517578,10636400
2023-07-24,147.9088897705078,158.0,158.7899932861328,154.72999572753906,154.97000122070312,14381400
2023-07-25,146.80426025390625,156.82000732421875,157.72000122070312,155.9600067138672,157.3000030517578,9944700
2023-07-26,147.68421936035156,157.75999450683594,158.25,156.27999877929688,156.7100067138672,8728600
2023-07-27,146.05538940429688,156.02000427246094,158.77999877929688,155.5500030517578,157.77000427246094,10778400
2023-07-28,146.88853454589844,156.91000366210938,157.60000610351562,156.44000244140625,157.27999877929688,9103800
2023-07-31,147.8714599609375,157.9600067138672,159.3800048828125,157.14999389648438,157.17999267578125,8892700
2023-08-01,147.1412811279297,157.17999267578125,158.0,156.14999389648438,157.42999267578125,6853900
2023-08-02,145.4749298095703,155.39999389648438,155.69000244140625,153.94000244140625,155.55999755859375,8299400
2023-08-03,146.36427307128906,156.35000610351562,156.9199981689453,154.35000610351562,155.0,6084000
2023-08-04,146.05538940429688,156.02000427246094,157.8000030517578,155.6999969482422,156.39999389648438,6209400
2023-08-07,146.7480926513672,156.75999450683594,157.6999969482422,156.60000610351562,156.60000610351562,7251800
2023-08-08,145.92430114746094,155.8800048828125,155.97999572753906,152.58999633789062,154.32000732421875,8623400
2023-08-09,143.9677734375,153.7899932861328,155.52000427246094,153.47000122070312,155.32000732421875,6277800
2023-08-10,143.75247192382812,153.55999755859375,155.44000244140625,153.08999633789062,154.3800048828125,5995100
2023-08-11,144.58563232421875,154.4499969482422,154.52000427246094,152.6300048828125,153.02999877929688,5180700
2023-08-14,144.8851776123047,154.77000427246094,154.9199981689453,152.9199981689453,153.61000061035156,5044300
2023-08-15,141.1968231201172,150.8300018310547,153.27000427246094,150.22999572753906,152.85000610351562,10300300
2023-08-16,140.59768676757812,150.19000244140625,150.9600067138672,149.67999267578125,150.60000610351562,6978200
2023-08-17,139.13734436035156,148.6300048828125,151.25999450683594,148.39999389648438,150.8800048828125,9953900
2023-08-18,139.45562744140625,148.97000122070312,149.5,147.44000244140625,147.64999389648438,8517500
2023-08-21,139.9330596923828,149.47999572753906,150.10000610351562,148.02000427246094,149.64999389648438,8327000
2023-08-22,137.03103637695312,146.3800048828125,149.63999938964844,145.85000610351562,149.25999450683594,9673300
2023-08-23,137.95782470703125,147.3699951171875,147.58999633789062,145.4600067138672,146.35000610351562,7858000
2023-08-24,137.82675170898438,147.22999572753906,149.41000366210938,146.99000549316406,147.5,6534000
2023-08-25,137.65826416015625,147.0500030517578,148.6199951171875,145.85000610351562,147.27999877929688,6695500
2023-08-28,138.13568115234375,147.55999755859375,148.61000061035156,147.1300048828125,147.57000732421875,5094100
2023-08-29,139.25901794433594,148.75999450683594,148.85000610351562,147.17999267578125,147.7100067138672,6337000
2023-08-30,138.6973419189453,148.16000366210938,149.14999389648438,147.19000244140625,148.6199951171875,6277300
2023-08-31,136.98422241210938,146.3300018310547,148.35000610351562,145.9600067138672,148.25999450683594,10933900
2023-09-01,137.4429168701172,146.82000732421875,148.0800018310547,145.6999969482422,146.08999633789062,7903500
2023-09-05,135.9263916015625,145.1999969482422,148.2100067138672,145.00999450683594,147.16000366210938,7854700
2023-09-06,135.7017364501953,144.9600067138672,145.5399932861328,144.11000061035156,144.6999969482422,8629200
2023-09-07,134.5409393310547,143.72000122070312,145.27000427246094,143.38999938964844,144.1300048828125,8373700
2023-09-08,134.64389038085938,143.8300018310547,144.1199951171875,142.64999389648438,143.3699951171875,7107900
2023-09-11,135.23367309570312,144.4600067138672,145.0500030517578,143.69000244140625,144.75,6854200
2023-09-12,136.99359130859375,146.33999633789062,147.32000732421875,144.0500030517578,144.5,8363200
2023-09-13,137.05909729003906,146.41000366210938,147.6999969482422,145.82000732421875,147.33999633789062,8325900
2023-09-14,139.71771240234375,149.25,149.89999389648438,147.52000427246094,147.83999633789062,10034900
2023-09-15,139.3058319091797,148.80999755859375,149.72999572753906,148.30999755859375,148.9199981689453,19863400
2023-09-18,139.59603881835938,149.1199951171875,149.13999938964844,147.75,148.16000366210938,6512400
2023-09-19,139.4181671142578,148.92999267578125,149.72000122070312,147.2100067138672,149.5,7943400
2023-09-20,138.82843017578125,148.3000030517578,150.25,148.13999938964844,149.64999389648438,7332000
2023-09-21,137.74249267578125,147.13999938964844,148.85000610351562,146.6300048828125,147.5800018310547,8052400
2023-09-22,136.42254638671875,145.72999572753906,147.50999450683594,145.19000244140625,147.2899932861328,7071700
2023-09-25,137.0965576171875,146.4499969482422,146.52000427246094,143.6999969482422,145.35000610351562,7044700
2023-09-26,135.6736297607422,144.92999267578125,145.83999633789062,144.22999572753906,144.60000610351562,7468400
2023-09-27,136.46937561035156,145.77999877929688,146.08999633789062,144.50999450683594,145.19000244140625,6717800
2023-09-28,138.1637420654297,147.58999633789062,148.8699951171875,146.00999450683594,146.27999877929688,8868100
2023-09-29,135.7578887939453,145.02000427246094,148.75999450683594,144.86000061035156,148.60000610351562,11917800
2023-10-02,134.5877227783203,143.77000427246094,145.6199951171875,142.6300048828125,144.8300018310547,9170600
2023-10-03,133.595458984375,142.7100067138672,143.58999633789062,142.35000610351562,143.1999969482422,9431100
2023-10-04,134.194580078125,143.35000610351562,143.47000122070312,141.92999267578125,143.19000244140625,8128700
2023-10-05,134.76040649414062,142.89999389648438,143.10000610351562,140.8300018310547,142.0399932861328,8576200
2023-10-06,136.8350830078125,145.10000610351562,145.8800048828125,142.13999938964844,142.91000366210938,10270600
2023-10-09,136.5238800048828,144.77000427246094,145.39999389648438,143.5,143.66000366210938,6964900
2023-10-10,137.35374450683594,145.64999389648438,146.77000427246094,145.27999877929688,145.4199981689453,11288800
2023-10-11,137.8252716064453,146.14999389648438,147.22999572753906,145.02000427246094,146.50999450683594,8698200
2023-10-12,137.50465393066406,145.80999755859375,146.9600067138672,145.1300048828125,146.3000030517578,10484400
2023-10-13,139.5699005126953,148.0,153.11000061035156,147.83999633789062,148.5,29427000
2023-10-16,139.42843627929688,147.85000610351562,149.52000427246094,146.72000122070312,149.4499969482422,12663500
2023-10-17,139.1266632080078,147.52999877929688,149.30999755859375,146.7899932861328,147.57000732421875,11482700
2023-10-18,137.5989227294922,145.91000366210938,147.47999572753906,145.3699951171875,146.58999633789062,9620300
2023-10-19,137.01426696777344,145.2899932861328,147.02000427246094,144.8800048828125,145.47999572753906,11143600
2023-10-20,134.8075408935547,142.9499969482422,145.13999938964844,142.1199951171875,144.57000732421875,13332900
2023-10-23,132.96861267089844,141.0,143.67999267578125,140.72999572753906,142.94000244140625,10133400
2023-10-24,133.12890625,141.1699981689453,141.72999572753906,140.36000061035156,141.19000244140625,8881400
2023-10-25,132.4027862548828,140.39999389648438,141.17999267578125,139.50999450683594,140.57000732421875,8242600
2023-10-26,132.7423095703125,140.75999450683594,141.6699981689453,139.42999267578125,139.75999450683594,9109400
2023-10-27,127.9610595703125,135.69000244140625,139.10000610351562,135.19000244140625,138.9499969482422,17434700
2023-10-30,129.592529296875,137.4199981689453,138.0399932861328,136.0399932861328,136.44000244140625,9855500
2023-10-31,131.13909912109375,139.05999755859375,139.24000549316406,137.47000122070312,137.7100067138672,9672500
2023-11-01,131.0259552001953,138.94000244140625,140.52999877929688,138.47000122070312,139.25,9432000
2023-11-02,133.36468505859375,141.4199981689453,141.47999572753906,139.22999572753906,140.08999633789062,10186200
2023-11-03,134.85467529296875,143.0,143.77000427246094,141.85000610351562,142.19000244140625,9538700
2023-11-06,135.87318420410156,144.0800018310547,144.19000244140625,142.7899932861328,143.1699981689453,7625100
2023-11-07,135.80715942382812,144.00999450683594,144.25999450683594,142.82000732421875,143.50999450683594,6297900
2023-11-08,136.47674560546875,144.72000122070312,144.83999633789062,143.6199951171875,144.11000061035156,7618200
2023-11-09,136.0712127685547,144.2899932861328,145.64999389648438,143.6999969482422,145.44000244140625,7992500
2023-11-10,138.08929443359375,146.42999267578125,146.47999572753906,144.0800018310547,144.94000244140625,7983300
2023-11-13,137.4763641357422,145.77999877929688,146.25,145.16000366210938,145.6999969482422,6676300
2023-11-14,139.98483276367188,148.44000244140625,149.25,146.52000427246094,146.67999267578125,9927700
2023-11-15,141.21075439453125,149.74000549316406,150.16000366210938,148.4600067138672,148.4600067138672,8365300
2023-11-16,142.82337951660156,151.4499969482422,151.52999877929688,150.08999633789062,150.08999633789062,8126200
2023-11-17,144.11534118652344,152.82000732421875,152.86000061035156,151.5399932861328,152.1999969482422,7812400
2023-11-20,144.55856323242188,153.2899932861328,153.75,151.9199981689453,152.0800018310547,7019000
2023-11-21,144.2567901611328,152.97000122070312,153.6300048828125,152.57000732421875,153.1999969482422,7083500
2023-11-22,144.5963134765625,153.3300018310547,153.8800048828125,152.89999389648438,153.41000366210938,5174500
2023-11-24,144.79429626464844,153.5399932861328,154.44000244140625,153.27999877929688,153.58999633789062,3496900
2023-11-27,144.46426391601562,153.19000244140625,153.52999877929688,152.7100067138672,153.42999267578125,6259100
2023-11-28,144.79429626464844,153.5399932861328,153.8699951171875,152.72000122070312,153.22000122070312,6582700
2023-11-29,145.52987670898438,154.32000732421875,155.6300048828125,154.0,154.1699981689453,9126100
2023-11-30,147.1896514892578,156.0800018310547,156.1300048828125,154.3800048828125,154.91000366210938,9869800
2023-12-01,147.90635681152344,156.83999633789062,157.86000061035156,155.82000732421875,155.82000732421875,8916000
2023-12-04,148.99087524414062,157.99000549316406,158.0500030517578,155.8800048828125,156.02000427246094,9607500
2023-12-05,148.97198486328125,157.97000122070312,158.5,156.97000122070312,157.25999450683594,9135600
2023-12-06,147.4065399169922,156.30999755859375,159.22000122070312,156.0,158.83999633789062,9366000
2023-12-07,147.85919189453125,156.7899932861328,157.30999755859375,156.14999389648438,156.69000244140625,8130900
2023-12-08,149.49066162109375,158.52000427246094,158.77999877929688,156.97999572753906,157.25999450683594,7369400
2023-12-11,150.0376434326172,159.10000610351562,159.3000030517578,158.14999389648438,158.52000427246094,8093900
2023-12-12,151.3767547607422,160.52000427246094,160.64999389648438,158.8800048828125,159.22999572753906,10223000
2023-12-13,151.88600158691406,161.05999755859375,162.02999877929688,159.77000427246094,160.52000427246094,12379100
2023-12-14,154.6491241455078,163.99000549316406,164.83999633789062,161.7100067138672,161.8300018310547,13643000
2023-12-15,155.81846618652344,165.22999572753906,165.27999877929688,162.38999938964844,163.0800018310547,20309300
2023-12-18,156.76148986816406,166.22999572753906,167.1300048828125,165.6300048828125,165.9199981689453,8469600
2023-12-19,158.8550262451172,168.4499969482422,168.47000122070312,165.5500030517578,166.0,10345700
2023-12-20,157.0632781982422,166.5500030517578,169.41000366210938,166.4499969482422,167.99000549316406,10734700
2023-12-21,157.95916748046875,167.5,168.08999633789062,165.67999267578125,166.83999633789062,7601700
2023-12-22,157.8648681640625,167.39999389648438,168.22999572753906,167.22999572753906,167.5,6576300
2023-12-26,158.7984619140625,168.38999938964844,168.77000427246094,167.17999267578125,167.4600067138672,4683600
2023-12-27,159.75094604492188,169.39999389648438,169.47000122070312,167.5800018310547,167.83999633789062,6428600
2023-12-28,160.5996856689453,170.3000030517578,170.66000366210938,169.0,169.35000610351562,6320100
2023-12-29,160.41107177734375,170.10000610351562,170.69000244140625,169.6300048828125,170.0,6435100
2024-01-02,162.27828979492188,172.0800018310547,172.1699981689453,168.91000366210938,169.08999633789062,9977400
2024-01-03,161.5709991455078,171.3300018310547,172.0399932861328,170.3699951171875,171.86000061035156,9852300
2024-01-04,162.64320373535156,171.41000366210938,173.35000610351562,170.5399932861328,170.63999938964844,11972500
2024-01-05,163.45921325683594,172.27000427246094,173.3800048828125,171.47000122070312,171.47000122070312,10066000
2024-01-08,163.22201538085938,172.02000427246094,172.36000061035156,169.49000549316406,172.02000427246094,11229900
2024-01-09,161.93157958984375,170.66000366210938,171.7899932861328,170.10000610351562,171.6199951171875,9923600
2024-01-10,162.27317810058594,171.02000427246094,171.0800018310547,168.9499969482422,170.0,9670200
2024-01-11,161.58999633789062,170.3000030517578,170.36000061035156,168.63999938964844,170.3300018310547,11919500
2024-01-12,160.40391540527344,169.0500030517578,176.30999755859375,168.89999389648438,173.8000030517578,19436500
2024-01-16,159.3981170654297,167.99000549316406,168.08999633789062,164.3000030517578,164.8699951171875,17206400
2024-01-17,158.54415893554688,167.08999633789062,169.07000732421875,166.49000549316406,167.33999633789062,11107500
2024-01-18,158.85726928710938,167.4199981689453,167.52999877929688,165.24000549316406,167.1199951171875,9382300
2024-01-19,161.5994873046875,170.30999755859375,170.57000732421875,167.0800018310547,167.5500030517578,13115700
2024-01-22,161.4097137451172,170.11000061035156,171.97999572753906,169.7100067138672,170.4600067138672,12837500
2024-01-23,160.3470001220703,168.99000549316406,169.75,168.44000244140625,169.6699981689453,8360800
2024-01-24,161.77978515625,170.5,171.00999450683594,168.86000061035156,169.36000061035156,9967100
2024-01-25,164.09494018554688,172.94000244140625,172.99000549316406,170.91000366210938,172.30999755859375,8873500
2024-01-26,163.46868896484375,172.27999877929688,173.05999755859375,171.77999877929688,172.61000061035156,7443000
2024-01-29,163.8956756591797,172.72999572753906,172.83999633789062,171.3000030517578,172.24000549316406,6971200
2024-01-30,167.25466918945312,176.27000427246094,176.75999450683594,172.8300018310547,172.8300018310547,10822100
2024-01-31,165.44235229492188,174.36000061035156,178.3000030517578,174.33999633789062,176.1999969482422,11521800
2024-02-01,164.84454345703125,173.72999572753906,174.83999633789062,171.42999267578125,173.63999938964844,9354800
2024-02-02,165.7934112548828,174.72999572753906,175.82000732421875,173.25999450683594,173.3000030517578,8607600
2024-02-05,165.5751953125,174.5,175.08999633789062,172.9199981689453,173.86000061035156,7820200
2024-02-06,166.14451599121094,175.10000610351562,175.8699951171875,173.75999450683594,174.61000061035156,6764800
2024-02-07,166.45761108398438,175.42999267578125,175.8699951171875,173.9600067138672,175.69000244140625,7225500
2024-02-08,165.85983276367188,174.8000030517578,175.30999755859375,173.57000732421875,175.0,6060300
2024-02-09,166.05909729003906,175.00999450683594,175.10000610351562,173.6699981689453,175.0,6296700
2024-02-12,166.7991943359375,175.7899932861328,176.80999755859375,173.6999969482422,174.77999877929688,8539300
2024-02-13,165.34744262695312,174.25999450683594,176.22999572753906,172.6199951171875,175.32000732421875,8397600
2024-02-14,167.0269317626953,176.02999877929688,176.10000610351562,174.4199981689453,175.07000732421875,7056700
2024-02-15,170.6705322265625,179.8699951171875,180.2100067138672,176.14999389648438,176.14999389648438,8723400
2024-02-16,169.87347412109375,179.02999877929688,179.97999572753906,178.16000366210938,179.61000061035156,8152600
2024-02-20,170.5376739501953,179.72999572753906,180.4600067138672,178.41000366210938,179.19000244140625,9668000
2024-02-21,171.64784240722656,180.89999389648438,180.99000549316406,178.52000427246094,179.9499969482422,7024000
2024-02-22,173.70684814453125,183.07000732421875,183.4199981689453,181.24000549316406,181.82000732421875,9296500
2024-02-23,174.57981872558594,183.99000549316406,185.1999969482422,183.19000244140625,183.80999755859375,7105800
2024-02-26,173.98204040527344,183.36000061035156,184.4600067138672,182.47999572753906,183.75,7145400
2024-02-27,174.0674285888672,183.4499969482422,183.5399932861328,182.24000549316406,183.30999755859375,5717100
2024-02-28,174.94985961914062,184.3800048828125,185.1999969482422,182.9600067138672,183.42999267578125,6131600
2024-02-29,176.5439453125,186.05999755859375,186.42999267578125,183.85000610351562,185.66000366210938,9643000
2024-03-01,175.81333923339844,185.2899932861328,186.44000244140625,185.10000610351562,185.6999969482422,6311800
2024-03-04,177.1322021484375,186.67999267578125,187.58999633789062,184.27000427246094,184.7100067138672,7063600
2024-03-05,178.90658569335938,188.5500030517578,189.3000030517578,186.36000061035156,186.36000061035156,6617800
2024-03-06,179.83645629882812,189.52999877929688,190.07000732421875,187.6300048828125,189.25,7572900
2024-03-07,178.26136779785156,187.8699951171875,190.5,186.6300048828125,189.91000366210938,7618300
2024-03-08,178.5934600830078,188.22000122070312,190.4600067138672,187.9199981689453,188.44000244140625,6172200
2024-03-11,178.65988159179688,188.2899932861328,188.44000244140625,186.22000122070312,187.27999877929688,5762600
2024-03-12,180.130615234375,189.83999633789062,190.16000366210938,187.91000366210938,188.9499969482422,5708400
2024-03-13,181.59185791015625,191.3800048828125,191.72999572753906,189.83999633789062,190.36000061035156,7795500
2024-03-14,178.35623168945312,187.97000122070312,191.6300048828125,187.10000610351562,191.02999877929688,10310900
2024-03-15,180.56710815429688,190.3000030517578,190.94000244140625,186.47999572753906,186.47999572753906,17214200
2024-03-18,182.80636596679688,192.66000366210938,192.6999969482422,189.88999938964844,190.6300048828125,9013800
2024-03-19,183.87857055664062,193.7899932861328,193.92999267578125,192.3800048828125,192.7100067138672,8478700
2024-03-20,186.28868103027344,196.3300018310547,196.55999755859375,193.61000061035156,194.19000244140625,9367000
2024-03-21,188.8790740966797,199.05999755859375,199.42999267578125,196.3300018310547,196.52000427246094,11203800
2024-03-22,186.5638427734375,196.6199951171875,200.47999572753906,196.5399932861328,199.00999450683594,8108800
2024-03-25,184.85594177246094,194.82000732421875,196.94000244140625,194.36000061035156,196.60000610351562,8620000
2024-03-26,185.7193603515625,195.72999572753906,196.66000366210938,194.05999755859375,194.58999633789062,5961500
2024-03-27,189.3155059814453,199.52000427246094,199.60000610351562,196.3800048828125,196.5,8725800
2024-03-28,190.05564880371094,200.3000030517578,200.72000122070312,198.5399932861328,199.49000549316406,8628300
2024-04-01,188.7651824951172,198.94000244140625,200.94000244140625,198.57000732421875,199.99000549316406,7309000
2024-04-02,188.6892852783203,198.86000061035156,199.77999877929688,198.0800018310547,198.38999938964844,7014700
2024-04-03,188.15794372558594,198.3000030517578,199.55999755859375,197.6999969482422,199.0399932861328,9353400
2024-04-04,186.72633361816406,195.64999389648438,199.67999267578125,195.5500030517578,199.14999389648438,9243800
2024-04-05,188.44422912597656,197.4499969482422,198.1199951171875,195.11000061035156,196.16000366210938,6532300
2024-04-08,189.42726135253906,198.47999572753906,198.97999572753906,197.6199951171875,197.6199951171875,8001000
2024-04-09,188.15792846679688,197.14999389648438,198.8800048828125,194.91000366210938,198.07000732421875,7351500
2024-04-10,186.55455017089844,195.47000122070312,197.07000732421875,194.17999267578125,195.5500030517578,7681400
2024-04-11,186.51637268066406,195.42999267578125,196.57000732421875,193.24000549316406,196.0,10137700
2024-04-12,174.452880859375,182.7899932861328,188.92999267578125,182.5399932861328,188.32000732421875,31532300
2024-04-15,174.54830932617188,182.88999938964844,187.4600067138672,182.1999969482422,184.5,14766600
2024-04-16,172.5536651611328,180.8000030517578,183.16000366210938,179.64999389648438,182.89999389648438,16451800
2024-04-17,171.8665008544922,180.0800018310547,182.4199981689453,179.1999969482422,181.3699951171875,9017100
2024-04-18,172.98313903808594,181.25,183.36000061035156,179.97000122070312,181.10000610351562,9557700
2024-04-19,177.3256072998047,185.8000030517578,185.8800048828125,181.41000366210938,182.39999389648438,13402300
2024-04-22,180.77098083496094,189.41000366210938,190.1300048828125,185.97999572753906,185.99000549316406,11529700
2024-04-23,183.3764190673828,192.13999938964844,192.22999572753906,190.52000427246094,191.1300048828125,9144400
2024-04-24,184.27354431152344,193.0800018310547,193.22999572753906,190.1699981689453,190.52999877929688,6964900
2024-04-25,184.55032348632812,193.3699951171875,193.94000244140625,191.17999267578125,192.25,9802300
2024-04-26,184.66485595703125,193.49000549316406,194.8699951171875,193.05999755859375,193.57000732421875,6413700
2024-04-29,184.46446228027344,193.27999877929688,194.25999450683594,192.42999267578125,193.47999572753906,5387800
2024-04-30,182.9946746826172,191.74000549316406,194.99000549316406,191.63999938964844,192.80999755859375,8153700
2024-05-01,183.1092071533203,191.86000061035156,194.4600067138672,190.7899932861328,192.27000427246094,7445300
2024-05-02,182.9183349609375,191.66000366210938,193.5,189.52000427246094,193.07000732421875,6501700
2024-05-03,181.8207550048828,190.50999450683594,192.52999877929688,188.4600067138672,192.0,8922800
2024-05-06,183.2427978515625,192.0,192.1999969482422,189.82000732421875,191.72999572753906,7911100
2024-05-07,183.00421142578125,191.75,192.92999267578125,191.64999389648438,191.6999969482422,7688800
2024-05-08,186.72633361816406,195.64999389648438,196.64999389648438,191.0,191.0,9227600
2024-05-09,188.4919891357422,197.5,197.58999633789062,195.10000610351562,195.1699981689453,7977300
2024-05-10,189.7040557861328,198.77000427246094,199.33999633789062,198.27000427246094,198.5399932861328,7529800
2024-05-13,189.66586303710938,198.72999572753906,199.85000610351562,198.0399932861328,198.8000030517578,7049200
2024-05-14,192.31906127929688,201.50999450683594,201.5800018310547,198.16000366210938,199.0,8596200
2024-05-15,192.8916778564453,202.11000061035156,202.69000244140625,199.77000427246094,202.00999450683594,8370000
2024-05-16,193.2352752685547,202.47000122070312,204.47999572753906,201.99000549316406,202.22000122070312,8497900
2024-05-17,195.44947814941406,204.7899932861328,205.0500030517578,202.80999755859375,203.80999755859375,9260500
2024-05-20,186.65953063964844,195.5800018310547,205.8800048828125,195.39999389648438,204.38999938964844,17373300
2024-05-21,190.4197998046875,199.52000427246094,199.89999389648438,196.60000610351562,197.0,14420800
2024-05-22,189.26502990722656,198.30999755859375,200.94000244140625,197.69000244140625,199.0,9425300
2024-05-23,187.93841552734375,196.9199981689453,198.3000030517578,196.07000732421875,197.80999755859375,8069400
2024-05-24,191.5555419921875,200.7100067138672,200.75999450683594,197.55999755859375,197.75,7356200
2024-05-28,190.40074157714844,199.5,200.41000366210938,198.66000366210938,199.86000061035156,6910200
2024-05-29,189.0740966796875,198.11000061035156,198.99000549316406,196.88999938964844,198.0,6120000
2024-05-30,190.23849487304688,199.3300018310547,199.85000610351562,198.39999389648438,198.55999755859375,6829100
2024-05-31,193.3879852294922,202.6300048828125,203.3000030517578,198.35000610351562,199.3000030517578,14417900
2024-06-03,192.6149139404297,201.82000732421875,202.4199981689453,199.19000244140625,202.30999755859375,6444300
2024-06-04,190.07623291015625,199.16000366210938,201.97999572753906,198.27999877929688,200.16000366210938,6848300
2024-06-05,188.26290893554688,197.25999450683594,199.82000732421875,196.9199981689453,199.75999450683594,8351600
2024-06-06,187.92886352539062,196.91000366210938,198.02000427246094,195.3300018310547,197.25999450683594,7640300
2024-06-07,190.83021545410156,199.9499969482422,200.9199981689453,197.00999450683594,197.42999267578125,6964500
2024-06-10,190.50572204589844,199.61000061035156,200.83999633789062,198.44000244140625,199.24000549316406,6070800
2024-06-11,185.4951934814453,194.36000061035156,197.94000244140625,193.60000610351562,197.91000366210938,9235300
2024-06-12,182.7942657470703,191.52999877929688,196.72000122070312,191.30999755859375,196.0,12751300
2024-06-13,184.82711791992188,193.66000366210938,194.5800018310547,190.8800048828125,192.32000732421875,8587800
2024-06-14,184.94161987304688,193.77999877929688,194.86000061035156,191.4199981689453,191.4499969482422,6874000
2024-06-17,186.08689880371094,194.97999572753906,195.5800018310547,192.63999938964844,193.47999572753906,8725400
2024-06-18,188.0147705078125,197.0,197.9600067138672,194.1300048828125,194.60000610351562,9023000
2024-06-20,189.60858154296875,198.6699981689453,199.4499969482422,196.11000061035156,196.38999938964844,8731100
2024-06-21,187.34671020507812,196.3000030517578,197.1699981689453,194.22000122070312,196.7100067138672,20972100
2024-06-24,189.80902099609375,198.8800048828125,199.22999572753906,197.10000610351562,197.80999755859375,9785900
2024-06-25,189.03598022460938,198.07000732421875,200.07000732421875,197.74000549316406,198.08999633789062,6862500
2024-06-26,188.42515563964844,197.42999267578125,197.94000244140625,196.27999877929688,197.4499969482422,7758600
2024-06-27,190.0857696533203,199.1699981689453,199.86000061035156,196.89999389648438,197.44000244140625,7913500
2024-06-28,193.0348358154297,202.25999450683594,202.60000610351562,199.3000030517578,200.00999450683594,15307600
2024-07-01,196.07936096191406,205.4499969482422,207.08999633789062,202.66000366210938,202.83999633789062,10205800
2024-07-02,199.30520629882812,208.8300018310547,208.86000061035156,204.77000427246094,205.2899932861328,7802900
2024-07-03,199.1715850830078,208.69000244140625,210.3800048828125,207.64999389648438,209.5500030517578,5560900
2024-07-05,196.53248596191406,204.7899932861328,207.3699951171875,204.52000427246094,206.99000549316406,8093100
2024-07-08,196.89715576171875,205.1699981689453,206.89999389648438,203.97000122070312,205.0399932861328,8707000
2024-07-09,199.25794982910156,207.6300048828125,209.75999450683594,205.4499969482422,205.6300048828125,9058900
2024-07-10,199.4210968017578,207.8000030517578,207.97000122070312,205.5800018310547,206.13999938964844,8328500
2024-07-11,199.085205078125,207.4499969482422,208.10000610351562,205.3800048828125,206.2100067138672,10658100
2024-07-12,196.67640686035156,204.94000244140625,207.4499969482422,202.10000610351562,204.0,15443400
2024-07-15,201.58038330078125,210.0500030517578,211.61000061035156,206.72000122070312,207.19000244140625,10719700
2024-07-16,205.0064239501953,213.6199951171875,213.74000549316406,208.0800018310547,210.0,11557000
2024-07-17,208.12535095214844,216.8699951171875,217.55999755859375,213.27000427246094,213.8000030517578,11572500
2024-07-18,201.51318359375,209.97999572753906,216.63999938964844,209.24000549316406,215.6300048828125,12415100
2024-07-19,201.32125854492188,209.77999877929688,212.35000610351562,208.9199981689453,211.1999969482422,8095900
2024-07-22,201.80111694335938,210.27999877929688,212.1699981689453,209.7100067138672,210.4600067138672,7663200
2024-07-23,201.8490753173828,210.3300018310547,211.47999572753906,209.35000610351562,211.02000427246094,5557300
2024-07-24,200.17926025390625,208.58999633789062,212.02999877929688,208.07000732421875,209.5500030517578,7119000
2024-07-25,200.25601196289062,208.6699981689453,210.19000244140625,208.0500030517578,208.64999389648438,6403800
2024-07-26,203.68209838867188,212.24000549316406,213.16000366210938,208.6199951171875,209.24000549316406,8027800
2024-07-29,202.34811401367188,210.85000610351562,213.61000061035156,210.5500030517578,212.64999389648438,6533600
2024-07-30,206.5131072998047,215.19000244140625,215.7899932861328,212.9600067138672,213.22999572753906,8850700
2024-07-31,204.21949768066406,212.8000030517578,216.38999938964844,212.6699981689453,214.77999877929688,9071600
2024-08-01,199.57467651367188,207.9600067138672,213.8300018310547,206.3800048828125,213.1999969482422,10918600
2024-08-02,191.11029052734375,199.13999938964844,204.6699981689453,196.88999938964844,203.8800048828125,18041700
2024-08-05,187.04124450683594,194.89999389648438,196.1699981689453,190.89999389648438,194.0500030517578,13927000
2024-08-06,192.26190185546875,200.33999633789062,202.60000610351562,194.0,195.39999389648438,10605800
2024-08-07,192.31947326660156,200.39999389648438,205.75,200.1999969482422,203.50999450683594,9204400
2024-08-08,195.83187866210938,204.05999755859375,204.91000366210938,201.7899932861328,202.47000122070312,7761200
2024-08-09,197.5017547607422,205.8000030517578,206.47000122070312,202.89999389648438,203.47000122070312,5540200
2024-08-12,197.8760528564453,206.19000244140625,207.13999938964844,203.66000366210938,206.41000366210938,6936000
2024-08-13,199.5554656982422,207.94000244140625,208.08999633789062,205.39999389648438,207.72999572753906,6387800
2024-08-14,201.76271057128906,210.24000549316406,210.75999450683594,207.1199951171875,207.74000549316406,6999800
2024-08-15,203.01988220214844,211.5500030517578,213.88999938964844,211.10000610351562,213.0,7001000
2024-08-16,205.34230041503906,213.97000122070312,214.08999633789062,211.58999633789062,211.69000244140625,7931200
2024-08-19,206.7626190185547,215.4499969482422,215.52999877929688,213.82000732421875,214.0,6090800
2024-08-20,205.87013244628906,214.52000427246094,216.0,213.67999267578125,215.0,5640000
2024-08-21,205.94691467285156,214.60000610351562,215.0,212.83999633789062,214.42999267578125,5202300
2024-08-22,207.89505004882812,216.6300048828125,216.8000030517578,214.33999633789062,214.5800018310547,5247100
2024-08-23,209.50732421875,218.30999755859375,219.19000244140625,216.5,217.60000610351562,7214000
2024-08-26,210.3326416015625,219.1699981689453,219.67999267578125,218.0500030517578,219.00999450683594,5105200
2024-08-27,211.30189514160156,220.17999267578125,220.4199981689453,219.19000244140625,219.50999450683594,5185200
2024-08-28,212.36715698242188,221.2899932861328,222.2100067138672,219.19000244140625,219.25,6506400
2024-08-29,213.2500762939453,222.2100067138672,222.97999572753906,218.94000244140625,222.14999389648438,6416100
2024-08-30,215.7356414794922,224.8000030517578,225.47999572753906,221.92999267578125,222.5,8574100
2024-09-03,211.4170684814453,220.3000030517578,224.10000610351562,219.24000549316406,222.3000030517578,8956100
2024-09-04,210.4862060546875,219.3300018310547,222.07000732421875,217.2100067138672,221.0399932861328,7389500
2024-09-05,208.85476684570312,217.6300048828125,220.8000030517578,216.02999877929688,220.14999389648438,8067900
2024-09-06,203.8931884765625,212.4600067138672,218.74000549316406,211.08999633789062,217.60000610351562,7777000
2024-09-09,208.06781005859375,216.80999755859375,218.14999389648438,214.17999267578125,215.19000244140625,8935100
2024-09-10,197.27142333984375,205.55999755859375,218.63999938964844,200.61000061035156,218.60000610351562,28406900
2024-09-11,198.87405395507812,207.22999572753906,207.6999969482422,201.8300018310547,205.25,13658700
2024-09-12,198.2694854736328,206.60000610351562,208.77999877929688,204.88999938964844,207.64999389648438,9054400
2024-09-13,196.08143615722656,204.32000732421875,207.85000610351562,203.02000427246094,206.86000061035156,10226700
2024-09-16,199.4786834716797,207.86000061035156,208.2100067138672,205.58999633789062,205.8300018310547,8634900
2024-09-17,200.8126220703125,209.25,209.92999267578125,207.66000366210938,207.72999572753906,7573300
2024-09-18,199.16197204589844,207.52999877929688,211.33999633789062,206.6999969482422,209.00999450683594,8259900
2024-09-19,201.99302673339844,210.47999572753906,211.91000366210938,207.33999633789062,209.77999877929688,11635200
2024-09-20,202.57846069335938,211.08999633789062,211.4199981689453,209.5,209.92999267578125,20885000
2024-09-23,202.91433715820312,211.44000244140625,211.8000030517578,209.99000549316406,211.0,7223500
2024-09-24,203.0582733154297,211.58999633789062,212.9499969482422,210.3699951171875,211.14999389648438,7323200
2024-09-25,201.7147216796875,210.19000244140625,212.24000549316406,208.61000061035156,211.67999267578125,8976500
2024-09-26,201.32125854492188,209.77999877929688,211.6999969482422,209.00999450683594,211.1300048828125,7807500
2024-09-27,202.01222229003906,210.5,212.44000244140625,209.3300018310547,210.64999389648438,7032500
2024-09-30,202.3577117919922,210.86000061035156,210.9600067138672,205.25999450683594,206.30999755859375,8663800
2024-10-01,198.69174194335938,207.0399932861328,209.08999633789062,206.19000244140625,208.89999389648438,8540100
2024-10-02,198.93167114257812,207.2899932861328,208.9499969482422,205.69000244140625,207.0800018310547,5810900
2024-10-03,196.9547119140625,205.22999572753906,206.49000549316406,204.33999633789062,206.1699981689453,7251300
2024-10-04,203.94537353515625,211.22000122070312,211.6699981689453,206.91000366210938,209.3000030517578,10211700
2024-10-07,203.6653594970703,210.92999267578125,213.3300018310547,209.69000244140625,211.02999877929688,6718900
2024-10-08,203.4915771484375,210.75,211.3300018310547,208.3800048828125,210.5800018310547,6021800
2024-10-09,206.069580078125,213.4199981689453,214.24000549316406,209.3800048828125,209.6999969482422,7024000
2024-10-10,205.5095977783203,212.83999633789062,214.80999755859375,211.47000122070312,214.80999755859375,7927100
2024-10-11,214.63409423828125,222.2899932861328,224.6300048828125,215.16000366210938,215.6699981689453,18320700
2024-10-14,213.85202026367188,221.47999572753906,223.6999969482422,218.8800048828125,223.1999969482422,9048900
2024-10-15,214.73068237304688,222.38999938964844,225.4499969482422,221.82000732421875,223.66000366210938,9235800
2024-10-16,215.93760681152344,223.63999938964844,223.67999267578125,221.0399932861328,222.3300018310547,6382500
2024-10-17,216.6907501220703,224.4199981689453,225.85000610351562,223.30999755859375,224.27000427246094,6470200
2024-10-18,217.60800170898438,225.3699951171875,225.9199981689453,223.10000610351562,225.0,7000500
2024-10-21,215.3196563720703,223.0,225.6999969482422,222.89999389648438,225.22000122070312,5870000
2024-10-22,216.40106201171875,224.1199951171875,225.27999877929688,221.10000610351562,223.02000427246094,9586800
2024-10-23,215.7155303955078,223.41000366210938,224.8000030517578,222.52999877929688,223.66000366210938,6180500
2024-10-24,217.2314453125,224.97999572753906,225.05999755859375,221.66000366210938,221.8300018310547,6002200
2024-10-25,214.65341186523438,222.30999755859375,225.6199951171875,220.8800048828125,225.0,6369700
2024-10-28,217.7335662841797,225.5,225.63999938964844,222.9499969482422,223.35000610351562,6843000
2024-10-29,215.22308349609375,222.89999389648438,226.75,222.80999755859375,225.2100067138672,6580000
2024-10-30,216.6811065673828,224.41000366210938,226.30999755859375,221.5800018310547,222.5399932861328,7110900
2024-10-31,214.27684020996094,221.9199981689453,225.69000244140625,221.82000732421875,224.6999969482422,7829900
2024-11-01,215.26171875,222.94000244140625,226.14999389648438,222.6999969482422,223.55999755859375,6923500
2024-11-04,212.21055603027344,219.77999877929688,223.75999450683594,219.1699981689453,222.64999389648438,8229600
2024-11-05,213.8616485595703,221.49000549316406,221.9600067138672,220.0,220.02999877929688,5600700
2024-11-06,238.55101013183594,247.05999755859375,248.0,234.77000427246094,235.0,23987800
2024-11-07,228.2388458251953,236.3800048828125,244.57000732421875,235.22000122070312,244.5,16451100
2024-11-08,228.8181610107422,236.97999572753906,239.33999633789062,235.77999877929688,239.33999633789062,9502100
2024-11-11,231.04861450195312,239.2899932861328,242.10000610351562,239.0,240.0,9017100
2024-11-12,231.30929565429688,239.55999755859375,241.4600067138672,238.75999450683594,240.5500030517578,6861000
2024-11-13,232.8542022705078,241.16000366210938,244.08999633789062,240.30999755859375,240.5800018310547,11472600
2024-11-14,233.5397491455078,241.8699951171875,244.2899932861328,241.0500030517578,242.4199981689453,10172200
2024-11-15,236.8612518310547,245.30999755859375,246.4199981689453,241.4600067138672,241.4600067138672,11518800
2024-11-18,236.59091186523438,245.02999877929688,247.92999267578125,242.67999267578125,247.75999450683594,9051400
2024-11-19,234.7177276611328,243.08999633789062,245.14999389648438,241.5500030517578,242.25,6792700
2024-11-20,232.48728942871094,240.77999877929688,244.61000061035156,238.63999938964844,244.39999389648438,9015300
2024-11-21,236.33021545410156,244.75999450683594,245.49000549316406,242.11000061035156,243.22999572753906,8783500
2024-11-22,239.98968505859375,248.5500030517578,249.14999389648438,243.02999877929688,243.61000061035156,7997300
2024-11-25,241.66973876953125,250.2899932861328,254.30999755859375,249.05999755859375,249.58999633789062,10295400
2024-11-26,241.36077880859375,249.97000122070312,251.0,248.33999633789062,250.49000549316406,6212100
2024-11-27,241.18698120117188,249.7899932861328,251.19000244140625,248.77000427246094,249.35000610351562,5472300
2024-11-29,241.11940002441406,249.72000122070312,251.77000427246094,249.4499969482422,249.86000061035156,5494800
2024-12-02,237.76889038085938,246.25,250.25,245.02999877929688,249.5500030517578,8899700
2024-12-03,236.3881378173828,244.82000732421875,249.0399932861328,244.6300048828125,248.22999572753906,6657700
2024-12-04,235.01705932617188,243.39999389648438,245.35000610351562,242.22999572753906,244.6999969482422,7346300
2024-12-05,237.02542114257812,245.47999572753906,247.17999267578125,244.6199951171875,245.38999938964844,6572500
2024-12-06,238.84068298339844,247.36000061035156,247.74000549316406,244.83999633789062,245.6999969482422,5519700
2024-12-09,235.4129180908203,243.80999755859375,247.8699951171875,243.75999450683594,247.1300048828125,7076500
2024-12-10,234.49563598632812,242.86000061035156,247.9600067138672,242.22000122070312,243.88999938964844,9108300
2024-12-11,235.142578125,243.52999877929688,244.27000427246094,242.17999267578125,244.0,7884400
2024-12-12,233.21145629882812,241.52999877929688,244.10000610351562,241.0399932861328,243.0,6113800
2024-12-13,231.67620849609375,239.94000244140625,242.72000122070312,239.13999938964844,242.07000732421875,10392700
2024-12-16,231.32861328125,239.5800018310547,240.6699981689453,237.52000427246094,240.61000061035156,9032000
2024-12-17,230.15061950683594,238.36000061035156,239.02000427246094,236.6300048828125,238.64999389648438,8083600
2024-12-18,222.4358367919922,230.3699951171875,239.07000732421875,229.52999877929688,239.0,11322400
2024-12-19,224.9365997314453,232.9600067138672,236.36000061035156,232.27000427246094,232.27000427246094,11790800
2024-12-20,229.41680908203125,237.60000610351562,239.2100067138672,231.58999633789062,231.9199981689453,32348400
2024-12-23,230.17959594726562,238.38999938964844,238.6199951171875,234.8800048828125,236.07000732421875,8611500
2024-12-24,233.96458435058594,242.30999755859375,242.49000549316406,239.07000732421875,239.42999267578125,3729100
2024-12-26,234.76602172851562,243.13999938964844,243.25999450683594,240.7899932861328,241.42999267578125,4451800
2024-12-27,232.86386108398438,241.1699981689453,243.38999938964844,240.0399932861328,242.72000122070312,5730200
2024-12-30,231.0775909423828,239.32000732421875,240.83999633789062,237.11000061035156,238.77000427246094,5723800
2024-12-31,231.45416259765625,239.7100067138672,241.44000244140625,239.02999877929688,240.0500030517578,4871000
2025-01-02,231.73416137695312,240.0,243.27999877929688,239.4499969482422,240.9199981689453,9220900
2025-01-03,234.90118408203125,243.27999877929688,244.8800048828125,240.25999450683594,243.88999938964844,9491100
2025-01-06,233.75595092773438,240.85000610351562,245.69000244140625,240.5800018310547,243.6999969482422,9917800
2025-01-07,236.00759887695312,243.1699981689453,245.25999450683594,240.89999389648438,242.13999938964844,8753400
2025-01-08,235.96878051757812,243.1300048828125,244.25,240.5,242.75,8675300
2025-01-10,232.8048095703125,239.8699951171875,243.80999755859375,238.74000549316406,243.08999633789062,10256800
2025-01-13,237.01698303222656,244.2100067138672,244.5399932861328,239.0,239.6699981689453,10005300
2025-01-14,240.1809539794922,247.47000122070312,247.72000122070312,242.19000244140625,242.66000366210938,12407400
2025-01-15,244.917236328125,252.35000610351562,253.6699981689453,243.67999267578125,250.39999389648438,18448500
2025-01-16,246.78067016601562,254.27000427246094,257.0400085449219,252.3300018310547,254.0,15292300
2025-01-17,251.5266571044922,259.1600036621094,260.6199951171875,252.13999938964844,254.13999938964844,17678100
2025-01-21,255.28265380859375,263.0299987792969,264.25,259.5,260.07000732421875,13712100
2025-01-22,255.09825134277344,262.8399963378906,263.3800048828125,260.25,262.8999938964844,9021900
2025-01-23,258.11663818359375,265.95001220703125,266.8599853515625,263.80999755859375,264.69000244140625,10749700
2025-01-24,257.039306640625,264.8399963378906,267.1000061035156,263.010009765625,263.69000244140625,7666300
2025-01-27,258.01959228515625,265.8500061035156,265.9700012207031,262.260009765625,264.1700134277344,7522300
2025-01-28,259.2715759277344,267.1400146484375,267.3299865722656,264.8299865722656,265.8500061035156,7375400
2025-01-29,258.7280578613281,266.5799865722656,270.67999267578125,265.6099853515625,267.2099914550781,7684900
2025-01-30,260.3294677734375,268.2300109863281,269.70001220703125,266.6199951171875,268.6300048828125,8753500
2025-01-31,259.4268798828125,267.29998779296875,270.82000732421875,266.9599914550781,269.2300109863281,7193800
2025-02-03,258.9512939453125,266.80999755859375,268.1700134277344,261.70001220703125,261.8299865722656,8381400
2025-02-04,260.04803466796875,267.94000244140625,269.8399963378906,266.8299865722656,269.8399963378906,5626000
2025-02-05,262.4646911621094,270.42999267578125,270.6400146484375,268.3299865722656,268.9100036621094,5704400
2025-02-06,268.74407958984375,276.8999938964844,276.9800109863281,271.19000244140625,272.45001220703125,7264400
2025-02-07,267.676513671875,275.79998779296875,278.54998779296875,274.7099914550781,277.2699890136719,6857900
2025-02-10,263.0567321777344,271.0400085449219,276.17999267578125,269.5899963378906,276.1499938964844,8627400
2025-02-11,266.890380859375,274.989990234375,276.2200012207031,269.6600036621094,270.260009765625,7196400
2025-02-12,267.33685302734375,275.45001220703125,276.45001220703125,273.25,274.0799865722656,6683900
2025-02-13,268.1811828613281,276.32000732421875,276.9700012207031,273.80999755859375,275.5,8398700
2025-02-14,268.4432067871094,276.5899963378906,279.2300109863281,276.45001220703125,277.3699951171875,5688600
2025-02-18,271.7043151855469,279.95001220703125,279.9700012207031,276.0199890136719,276.760009765625,7919800
2025-02-19,271.02490234375,279.25,280.25,277.2200012207031,278.3800048828125,7007200
2025-02-20,258.9415588378906,266.79998779296875,278.739990234375,265.739990234375,278.67999267578125,13846700
2025-02-21,256.4570007324219,264.239990234375,269.20001220703125,262.8399963378906,268.32000732421875,12835600
2025-02-24,253.6424102783203,261.3399963378906,267.0,258.6099853515625,265.489990234375,10372800
2025-02-25,249.81845092773438,257.3999938964844,263.0,253.35000610351562,262.2300109863281,9608400
2025-02-26,251.1675262451172,258.7900085449219,260.9100036621094,256.92999267578125,257.1600036621094,5943600
2025-02-27,251.41986083984375,259.04998779296875,263.6400146484375,257.8599853515625,260.17999267578125,8204400
2025-02-28,256.85491943359375,264.6499938964844,264.80999755859375,257.8900146484375,260.7300109863281,10467100
2025-03-03,252.94363403320312,260.6199951171875,266.32000732421875,257.82000732421875,264.0,9058300
2025-03-04,242.87905883789062,250.25,257.2300109863281,245.9499969482422,255.27999877929688,13465600
2025-03-05,244.12135314941406,251.52999877929688,253.0500030517578,247.8300018310547,251.25,7861400
2025-03-06,239.27833557128906,246.5399932861328,249.36000061035156,243.85000610351562,248.11000061035156,9983200
2025-03-07,235.14382934570312,242.27999877929688,246.72000122070312,239.4199981689453,245.22999572753906,20498700
2025-03-10,225.380126953125,232.22000122070312,237.50999450683594,228.6999969482422,236.2100067138672,18887200
2025-03-11,222.39085388183594,229.13999938964844,233.32000732421875,226.69000244140625,231.75,18143000
2025-03-12,221.18736267089844,227.89999389648438,234.32000732421875,227.25999450683594,234.0,16054000
2025-03-13,218.55718994140625,225.19000244140625,229.5,224.22999572753906,229.3000030517578,16467900
2025-03-14,225.59364318847656,232.44000244140625,233.13999938964844,227.5800018310547,228.1199951171875,11962100
2025-03-17,227.03976440429688,233.92999267578125,235.6699981689453,230.4600067138672,231.17999267578125,9586000
2025-03-18,228.04913330078125,234.97000122070312,236.1699981689453,233.52000427246094,234.32000732421875,10344900
2025-03-19,232.06719970703125,239.11000061035156,242.3300018310547,234.88999938964844,235.74000549316406,10120600
2025-03-20,231.9701385498047,239.00999450683594,241.75999450683594,236.1999969482422,236.55999755859375,8328500
2025-03-21,234.5129852294922,241.6300048828125,242.3000030517578,236.5,237.80999755859375,19326900
2025-03-24,240.75357055664062,248.05999755859375,248.69000244140625,244.41000366210938,245.47999572753906,9422700
2025-03-25,243.733154296875,251.1300048828125,251.82000732421875,247.6199951171875,249.30999755859375,9287700
2025-03-26,243.63609313964844,251.02999877929688,254.6699981689453,249.77999877929688,252.60000610351562,12779300
2025-03-27,240.81179809570312,248.1199951171875,250.63999938964844,247.17999267578125,249.52999877929688,8022500
2025-03-28,235.69705200195312,242.85000610351562,249.50999450683594,241.11000061035156,246.94000244140625,11978400
2025-03-31,238.0748748779297,245.3000030517578,245.86000061035156,237.36000061035156,239.41000366210938,13603000
2025-04-01,236.4832000732422,243.66000366210938,245.69000244140625,240.8800048828125,242.6199951171875,8054700
2025-04-02,238.57957458496094,245.82000732421875,247.25,241.4600067138672,241.60000610351562,7758800
2025-04-03,221.9541015625,228.69000244140625,235.13999938964844,227.3000030517578,234.27000427246094,17188500
2025-04-04,205.34344482421875,210.27999877929688,217.6999969482422,208.92999267578125,215.30999755859375,27170700
2025-04-07,209.40577697753906,214.44000244140625,222.0500030517578,202.16000366210938,205.77000427246094,22914400
2025-04-08,211.7787322998047,216.8699951171875,227.83999633789062,213.25,223.52000427246094,19485700
2025-04-09,228.83860778808594,234.33999633789062,237.47999572753906,211.0,212.5,24022400
2025-04-10,221.7783203125,227.11000061035156,230.35000610351562,220.10000610351562,230.0,18896400
2025-04-11,230.65493774414062,236.1999969482422,238.5800018310547,225.0,226.30999755859375,20284500
2025-04-14,229.20965576171875,234.72000122070312,239.77999877929688,233.6300048828125,237.10000610351562,13017800
2025-04-15,227.65699768066406,233.1300048828125,238.64999389648438,232.82000732421875,236.10000610351562,10912900
2025-04-16,224.21963500976562,229.61000061035156,233.5800018310547,227.92999267578125,232.0,9322300
2025-04-17,226.5144805908203,231.9600067138672,234.33999633789062,230.5500030517578,230.8000030517578,9557900
2025-04-21,223.61419677734375,228.99000549316406,231.80999755859375,226.33999633789062,230.6300048828125,8716200
2025-04-22,230.0592498779297,235.58999633789062,235.99000549316406,231.3699951171875,231.97999572753906,10701400
2025-04-23,235.22508239746094,240.8800048828125,246.7899932861328,240.0,240.22000122070312,14126800
2025-04-24,238.8968048095703,244.63999938964844,245.47000122070312,237.5800018310547,239.74000549316406,9055200
2025-04-25,237.83238220214844,243.5500030517578,245.6199951171875,241.75,244.64999389648438,8588600
2025-04-28,237.5101318359375,243.22000122070312,246.83999633789062,240.83999633789062,244.55999755859375,7394300
2025-04-29,238.87725830078125,244.6199951171875,245.25,241.69000244140625,242.19000244140625,7216800
2025-04-30,238.87725830078125,244.6199951171875,245.22000122070312,238.42999267578125,241.2100067138672,12991700
2025-05-01,241.09397888183594,246.88999938964844,248.4499969482422,242.1699981689453,242.83999633789062,8689600
2025-05-02,246.58203125,252.50999450683594,253.6199951171875,249.4600067138672,251.25999450683594,7165000
2025-05-05,246.630859375,252.55999755859375,255.16000366210938,250.58999633789062,251.17999267578125,5450700
2025-05-06,243.3985595703125,249.25,252.64999389648438,249.0,250.0,6369900
2025-05-07,243.5352783203125,249.38999938964844,252.4499969482422,248.8300018310547,249.85000610351562,8724100
2025-05-08,247.51950073242188,253.47000122070312,255.8800048828125,251.5500030517578,251.57000732421875,8320100
2025-05-09,247.13865661621094,253.0800018310547,255.50999450683594,252.33999633789062,254.5,5087600
2025-05-12,253.94500732421875,260.04998779296875,263.6000061035156,258.70001220703125,262.8999938964844,9603900
2025-05-13,256.8355712890625,263.010009765625,263.6700134277344,260.3900146484375,261.0299987792969,8589000
2025-05-14,259.4037780761719,265.6400146484375,266.6400146484375,262.2900085449219,263.0,8643100
2025-05-15,261.2103271484375,267.489990234375,269.5199890136719,264.760009765625,266.9700012207031,9214600
2025-05-16,261.2787170410156,267.55999755859375,268.4599914550781,264.7099914550781,267.5,8932900
2025-05-19,258.66162109375,264.8800048828125,268.32000732421875,261.92999267578125,265.54998779296875,12145000
2025-05-20,259.44287109375,265.67999267578125,266.6600036621094,262.29998779296875,262.5199890136719,8436300
2025-05-21,254.91180419921875,261.0400085449219,265.6499938964844,260.7300109863281,264.3500061035156,7464000
2025-05-22,254.55050659179688,260.6700134277344,262.29998779296875,258.8699951171875,259.44000244140625,6514100
2025-05-23,254.58950805664062,260.7099914550781,261.989990234375,256.0,256.80999755859375,6671800
2025-05-27,259.06201171875,265.2900085449219,265.29998779296875,261.989990234375,262.0400085449219,7506600
2025-05-28,257.3042907714844,263.489990234375,266.7200012207031,262.8999938964844,266.239990234375,5535400
2025-05-29,258.16357421875,264.3699951171875,265.4100036621094,262.5299987792969,264.79998779296875,5081200
2025-05-30,257.80230712890625,264.0,265.3299865722656,262.7300109863281,263.45001220703125,10977700
2025-06-02,258.4468078613281,264.6600036621094,265.0299987792969,261.8999938964844,263.0199890136719,6011200
2025-06-03,260.01898193359375,266.2699890136719,266.5799865722656,262.8800048828125,263.7300109863281,6998400
2025-06-04,258.01708984375,264.2200012207031,267.1199951171875,264.17999267578125,265.9200134277344,5915700
2025-06-05,255.80043029785156,261.95001220703125,264.739990234375,260.30999755859375,264.739990234375,8173800
2025-06-06,259.49163818359375,265.7300109863281,266.6499938964844,264.260009765625,264.3299865722656,7738100
2025-06-09,260.4779357910156,266.739990234375,267.8999938964844,263.3500061035156,266.0,8285000
2025-06-10,262.2943115234375,268.6000061035156,268.8999938964844,265.8500061035156,265.8800048828125,7538100
2025-06-11,261.8548583984375,268.1499938964844,269.6199951171875,265.7900085449219,268.67999267578125,7434100
2025-06-12,261.9427490234375,268.239990234375,268.2900085449219,265.1400146484375,266.8599853515625,6618000
2025-06-13,258.72998046875,264.95001220703125,267.0199890136719,262.7099914550781,265.0799865722656,7098300
2025-06-16,264.0129699707031,270.3599853515625,271.7300109863281,266.8500061035156,267.0,8566000
2025-06-17,263.1927185058594,269.5199890136719,270.5899963378906,267.79998779296875,268.1700134277344,6739300
2025-06-18,267.5284423828125,273.9599914550781,277.7200012207031,269.7200012207031,270.0,9586400
2025-06-20,268.5440368652344,275.0,277.29998779296875,273.80999755859375,275.57000732421875,13969700
2025-06-23,271.7372741699219,278.2699890136719,278.54998779296875,272.1099853515625,275.05999755859375,8094600
2025-06-24,274.6570739746094,281.260009765625,282.7099914550781,279.510009765625,280.2099914550781,9267900
2025-06-25,277.3913269042969,284.05999755859375,284.2799987792969,280.9100036621094,281.5,6826900
2025-06-26,281.97125244140625,288.75,289.4100036621094,284.4700012207031,284.70001220703125,8942100
2025-06-27,280.36968994140625,287.1099853515625,288.70001220703125,285.0400085449219,285.80999755859375,17868600
2025-06-30,283.1040344238281,289.9100036621094,292.6499938964844,288.9200134277344,290.3999938964844,12689200
2025-07-01,283.59228515625,290.4100036621094,291.1300048828125,286.5899963378906,290.8900146484375,9338300
2025-07-02,285.1449890136719,292.0,292.82000732421875,289.70001220703125,292.0400085449219,8158700
2025-07-03,290.4435729980469,296.0,296.3999938964844,291.2099914550781,292.1499938964844,6541600
2025-07-07,286.4892272949219,291.9700012207031,296.0400085449219,290.0799865722656,295.25,8825700
2025-07-08,277.47174072265625,282.7799987792969,289.70001220703125,280.30999755859375,289.2699890136719,15440900
2025-07-09,277.84466552734375,283.1600036621094,287.20001220703125,282.4800109863281,287.17999267578125,11273800
2025-07-10,282.7801818847656,288.19000244140625,288.30999755859375,283.0,283.0,8410900
2025-07-11,281.4751281738281,286.8599853515625,287.3800048828125,283.6499938964844,285.5199890136719,7384700
2025-07-14,283.2806701660156,288.70001220703125,289.29998779296875,285.260009765625,287.07000732421875,9079900
2025-07-15,281.1710205078125,286.54998779296875,291.95001220703125,285.4800109863281,288.0,12526100
2025-07-16,280.4547119140625,285.82000732421875,290.7300109863281,283.010009765625,288.3999938964844,9979800
2025-07-17,284.4580993652344,289.8999938964844,290.29998779296875,283.44000244140625,283.44000244140625,8509500
2025-07-18,285.8023986816406,291.2699890136719,292.5,288.2300109863281,289.5199890136719,12217000
2025-07-21,285.50799560546875,290.9700012207031,294.17999267578125,290.5799865722656,291.0,7898100
2025-07-22,285.9593811035156,291.42999267578125,293.6300048828125,289.17999267578125,291.5,6717500
2025-07-23,291.1893310546875,296.760009765625,296.989990234375,292.54998779296875,292.8399963378906,7083500
2025-07-24,290.9832763671875,296.54998779296875,299.5899963378906,296.20001220703125,297.4200134277344,7001200
2025-07-25,293.0144348144531,298.6199951171875,298.8999938964844,295.9599914550781,296.70001220703125,5918500
2025-07-28,292.6807861328125,298.2799987792969,299.42999267578125,296.82000732421875,297.6600036621094,5840400
2025-07-29,291.4640808105469,297.0400085449219,301.2900085449219,296.20001220703125,300.0,7635700
2025-07-30,294.0054626464844,299.6300048828125,300.6099853515625,297.3800048828125,297.4200134277344,8061700
2025-07-31,290.6790771484375,296.239990234375,300.9800109863281,295.5,299.1400146484375,14749700
2025-08-01,283.93804931640625,289.3699951171875,291.79998779296875,284.239990234375,290.3999938964844,12007100
2025-08-04,288.7362365722656,294.260009765625,294.32000732421875,290.260009765625,290.260009765625,6649500
2025-08-05,285.9004821777344,291.3699951171875,295.7900085449219,287.239990234375,294.69000244140625,7182300
2025-08-06,285.880859375,291.3500061035156,293.2900085449219,290.1600036621094,292.29998779296875,6330200
2025-08-07,281.5536804199219,286.94000244140625,293.4599914550781,286.4100036621094,292.94000244140625,8057100
2025-08-08,283.33953857421875,288.760009765625,291.2300109863281,284.7099914550781,288.9800109863281,6634100
2025-08-11,284.1244812011719,289.55999755859375,291.32000732421875,288.7799987792969,289.3999938964844,5510100
2025-08-12,287.3527526855469,292.8500061035156,294.75,290.3399963378906,291.5,8570900
2025-08-13,285.0762939453125,290.5299987792969,294.54998779296875,287.1600036621094,293.95001220703125,8420400
2025-08-14,288.6381530761719,294.1600036621094,294.20001220703125,289.6400146484375,290.5799865722656,6322400
2025-08-15,285.0370178222656,290.489990234375,295.5,289.82000732421875,294.8399963378906,7340500
2025-08-18,286.0574951171875,291.5299987792969,291.8999938964844,288.4100036621094,290.0,5386900
2025-08-19,285.2038269042969,290.6600036621094,292.4800109863281,289.5299987792969,290.8299865722656,6031500
2025-08-20,286.754150390625,292.239990234375,293.3299865722656,287.2699890136719,290.80999755859375,7374200
2025-08-21,285.9986267089844,291.4700012207031,292.7699890136719,289.4700012207031,291.94000244140625,6624000
2025-08-22,290.6790771484375,296.239990234375,297.1600036621094,290.1300048828125,293.20001220703125,8552800
2025-08-25,289.3642272949219,294.8999938964844,297.3500061035156,294.1400146484375,296.239990234375,5856300
2025-08-26,292.9653625488281,298.57000732421875,298.739990234375,293.5,294.1600036621094,6714700
2025-08-27,293.66204833984375,299.2799987792969,301.07000732421875,297.0400085449219,297.25,6056500
2025-08-28,295.4184265136719,301.07000732421875,301.239990234375,298.70001220703125,300.0199890136719,6410500
2025-08-29,295.7618713378906,301.4200134277344,302.95001220703125,299.7300109863281,302.0400085449219,6796400
2025-09-02,294.07415771484375,299.70001220703125,300.4599914550781,294.5,300.260009765625,7221900
2025-09-03,293.8877258300781,299.510009765625,300.57000732421875,296.3800048828125,300.57000732421875,6316900
2025-09-04,298.1168212890625,303.82000732421875,304.42999267578125,298.2799987792969,300.0,6605800
2025-09-05,288.8540344238281,294.3800048828125,305.1499938964844,294.30999755859375,303.6499938964844,9837700
2025-09-08,287.41162109375,292.9100036621094,296.4599914550781,291.44000244140625,294.8900146484375,8188500
2025-09-09,292.2588806152344,297.8500061035156,299.0,292.30999755859375,292.6000061035156,7848200
2025-09-10,294.89837646484375,300.5400085449219,301.5400085449219,295.3999938964844,296.70001220703125,7787300
2025-09-11,299.82415771484375,305.55999755859375,305.7300109863281,300.7900085449219,301.239990234375,7942500
2025-09-12,301.1488037109375,306.9100036621094,307.54998779296875,303.70001220703125,305.0,6846700
2025-09-15,303.1014404296875,308.8999938964844,309.95001220703125,307.1700134277344,307.1700134277344,7122000
2025-09-16,303.385986328125,309.19000244140625,310.8999938964844,307.1300048828125,310.0,10525600
2025-09-17,305.89794921875,311.75,312.9100036621094,308.7699890136719,310.3900146484375,8657800
2025-09-18,307.35015869140625,313.2300109863281,313.44000244140625,309.6099853515625,311.7900085449219,8050700
2025-09-19,308.87109375,314.7799987792969,315.79998779296875,309.1199951171875,313.6000061035156,23568600
2025-09-22,306.5749816894531,312.44000244140625,313.70001220703125,309.55999755859375,309.79998779296875,7520200
2025-09-23,306.869384765625,312.739990234375,316.30999755859375,310.5799865722656,311.82000732421875,8584400
2025-09-24,307.53662109375,313.4200134277344,316.5799865722656,311.6700134277344,314.04998779296875,7310500
2025-09-25,307.5660705566406,313.45001220703125,315.6499938964844,311.79998779296875,314.1199951171875,7083200
2025-09-26,310.12701416015625,316.05999755859375,317.80999755859375,313.70001220703125,314.8999938964844,7258100
2025-09-29,309.7640075683594,315.69000244140625,318.010009765625,313.6600036621094,317.05999755859375,6462400
2025-09-30,309.50885009765625,315.42999267578125,317.4100036621094,310.1099853515625,316.25,11823300
2025-10-01,304.8774719238281,310.7099914550781,314.5899963378906,307.4100036621094,313.9700012207031,9235200
2025-10-02,301.77679443359375,307.54998779296875,310.55999755859375,306.1400146484375,310.0,7600000
2025-10-03,304.2102355957031,310.0299987792969,311.6600036621094,308.2099914550781,308.510009765625,6029900
2025-10-06,304.85113525390625,309.17999267578125,311.75,305.1300048828125,310.17999267578125,7214500
2025-10-07,303.3819885253906,307.69000244140625,310.010009765625,304.70001220703125,309.3500061035156,8454200
2025-10-08,299.7732238769531,304.0299987792969,308.7799987792969,303.54998779296875,308.2099914550781,6489900
2025-10-09,301.2522277832031,305.5299987792969,308.0400085449219,303.3900146484375,305.04998779296875,7060300
2025-10-10,296.6772155761719,300.8900146484375,310.4700012207031,300.80999755859375,305.6600036621094,8597400
2025-10-13,303.6580810546875,307.9700012207031,309.4599914550781,305.45001220703125,305.6000061035156,10788700
2025-10-14,297.85052490234375,302.0799865722656,307.0,294.2099914550781,305.8399963378906,16178800
2025-10-15,301.4100036621094,305.69000244140625,312.1199951171875,305.44000244140625,306.3900146484375,11354800
2025-10-16,294.3600769042969,298.5400085449219,308.67999267578125,297.07000732421875,305.3500061035156,10549400
2025-10-17,293.3938293457031,297.55999755859375,299.54998779296875,294.20001220703125,299.1600036621094,10153500
2025-10-20,298.1265869140625,302.3599853515625,303.69000244140625,298.1600036621094,298.5,6894900
2025-10-21,292.9303894042969,297.0899963378906,304.04998779296875,297.0,301.6600036621094,7372700
2025-10-22,289.9920959472656,294.1099853515625,298.05999755859375,290.5400085449219,297.7699890136719,8054100
2025-10-23,290.4161376953125,294.5400085449219,296.3699951171875,292.510009765625,294.3800048828125,5438800
2025-10-24,296.2335205078125,300.44000244140625,302.6000061035156,295.45001220703125,296.0799865722656,7228300
2025-10-27,299.89154052734375,304.1499938964844,304.5299987792969,301.010009765625,302.1600036621094,5642200
2025-10-28,301.0845947265625,305.3599853515625,307.9700012207031,303.1600036621094,304.8599853515625,6336000
2025-10-29,301.2325134277344,305.510009765625,308.25,303.010009765625,303.510009765625,7520300
2025-10-30,305.1075134277344,309.44000244140625,312.6099853515625,305.1000061035156,305.7900085449219,7514600
2025-10-31,306.7639465332031,311.1199951171875,312.8699951171875,307.25,308.5400085449219,7721300
2025-11-03,305.0187683105469,309.3500061035156,312.32000732421875,306.2099914550781,311.0,7770000
2025-11-04,304.920166015625,309.25,312.2200012207031,305.1000061035156,306.7099914550781,7085200
2025-11-05,307.3161315917969,311.67999267578125,313.1000061035156,305.6300048828125,309.6099853515625,6865200
2025-11-06,309.03179931640625,313.4200134277344,314.8399963378906,310.260009765625,310.989990234375,7206100
2025-11-07,309.8106994628906,314.2099914550781,314.42999267578125,307.6400146484375,311.8900146484375,7302300
2025-11-10,312.45318603515625,316.8900146484375,319.55999755859375,314.2099914550781,315.0,5794100
2025-11-11,311.200927734375,315.6199951171875,319.04998779296875,315.2799987792969,317.5,5030200
2025-11-12,315.92388916015625,320.4100036621094,322.25,316.2099914550781,316.260009765625,10578300
2025-11-13,305.1469421386719,309.4800109863281,320.6300048828125,309.1000061035156,319.2300109863281,8973300
2025-11-14,299.35906982421875,303.6099853515625,307.6400146484375,301.2300109863281,307.510009765625,10327000
2025-11-17,296.1644592285156,300.3699951171875,305.5899963378906,297.6700134277344,304.0,8344000
2025-11-18,295.2179260253906,299.4100036621094,302.95001220703125,297.0199890136719,299.5,8077300
2025-11-19,299.02386474609375,303.2699890136719,304.45001220703125,299.2699890136719,299.739990234375,5546600
2025-11-20,294.2023620605469,298.3800048828125,309.9200134277344,298.1600036621094,306.3399963378906,7501600
2025-11-21,293.8473815917969,298.0199890136719,301.67999267578125,292.80999755859375,301.2900085449219,11766800
2025-11-24,293.8276672363281,298.0,299.82000732421875,294.510009765625,298.239990234375,10940200
2025-11-25,298.75762939453125,303.0,304.5,295.55999755859375,300.04998779296875,8877200
2025-11-26,303.33270263671875,307.6400146484375,308.5299987792969,303.20001220703125,305.0,7910900
2025-11-28,308.6965026855469,313.0799865722656,313.7200012207031,308.239990234375,309.1000061035156,4322400
2025-12-01,304.59478759765625,308.9200134277344,314.0400085449219,308.5400085449219,312.95001220703125,7727300
2025-12-02,303.5693359375,307.8800048828125,310.4800109863281,307.0899963378906,308.739990234375,7249000
2025-12-03,307.75982666015625,312.1300048828125,312.3599853515625,306.79998779296875,307.20001220703125,8535300
2025-12-04,311.6742858886719,316.1000061035156,318.489990234375,313.0,313.260009765625,9627800
2025-12-05,310.6291198730469,315.0400085449219,318.4800109863281,314.67999267578125,315.6400146484375,6518900
2025-12-08,310.79669189453125,315.2099914550781,316.4700012207031,313.3500061035156,315.05999755859375,7417200
2025-12-09,296.30255126953125,300.510009765625,318.79998779296875,300.0199890136719,314.95001220703125,18049200
2025-12-10,305.76806640625,310.1099853515625,311.19000244140625,298.4599914550781,300.5,18874100
2025-12-11,312.9363098144531,317.3800048828125,318.0,309.239990234375,309.239990234375,9721900
2025-12-12,314.06036376953125,318.5199890136719,320.2699890136719,316.6000061035156,319.67999267578125,8982900
2025-12-15,315.5393371582031,320.0199890136719,322.8800048828125,318.3900146484375,319.5899963378906,10864100
2025-12-16,311.1319580078125,315.54998779296875,319.5199890136719,314.3999938964844,319.0899963378906,8331300
2025-12-17,310.5699462890625,314.9800109863281,319.3699951171875,314.6600036621094,318.42999267578125,8718700
2025-12-18,308.6176452636719,313.0,317.70001220703125,312.2200012207031,316.0,11444900
2025-12-19,312.7686767578125,317.2099914550781,318.55999755859375,313.19000244140625,313.7900085449219,24494400
2025-12-22,318.5663757324219,323.0899963378906,323.2300109863281,317.510009765625,317.510009765625,8354600
2025-12-23,321.3666076660156,325.92999267578125,327.7799987792969,323.0899963378906,323.6099853515625,6668300
2025-12-24,324.5612487792969,329.1700134277344,329.989990234375,325.5,326.239990234375,4289300
2025-12-26,323.31890869140625,327.9100036621094,330.8599853515625,326.5400085449219,329.1099853515625,4158300
2025-12-29,319.2171325683594,323.75,327.7699890136719,323.5299987792969,327.0,8635300
2025-12-30,318.89178466796875,323.4200134277344,324.94000244140625,322.489990234375,324.80999755859375,7904300
2025-12-31,317.70855712890625,322.2200012207031,324.8800048828125,322.0400085449219,324.3399963378906,5048500
2026-01-02,320.92291259765625,325.4800109863281,325.7300109863281,320.739990234375,322.5,8054000
2026-01-05,329.3630676269531,334.0400085449219,337.25,325.19000244140625,325.5,10752600
2026-01-06,331.41326904296875,334.6099853515625,335.8699951171875,330.6499938964844,332.6199951171875,7660800
2026-01-07,323.8660888671875,326.989990234375,332.1499938964844,324.6000061035156,331.1400146484375,9815200
2026-01-08,326.63934326171875,329.7900085449219,331.3999938964844,325.6499938964844,326.3900146484375,11737100
2026-01-09,326.0450744628906,329.19000244140625,331.8999938964844,328.1700134277344,329.3399963378906,6738100
2026-01-12,321.38995361328125,324.489990234375,326.0199890136719,321.2300109863281,321.8800048828125,12805100
2026-01-13,307.9297790527344,310.8999938964844,326.8599853515625,310.57000732421875,324.29998779296875,19371200
2026-01-14,304.9287414550781,307.8699951171875,311.760009765625,306.1199951171875,308.20001220703125,25951500
2026-01-15,306.30548095703125,309.260009765625,312.94000244140625,307.75,308.4700012207031,14751400
2026-01-16,309.48480224609375,312.4700012207031,317.2099914550781,310.0,310.3500061035156,14652500
2026-01-20,299.8477478027344,302.739990234375,311.1499938964844,301.8599853515625,306.2099914550781,12900600
2026-01-21,299.15447998046875,302.0400085449219,305.3999938964844,301.1499938964844,303.42999267578125,10270100
2026-01-22,300.729248046875,303.6300048828125,308.20001220703125,302.8999938964844,304.8599853515625,10535800
2026-01-23,294.8757019042969,297.7200012207031,302.3699951171875,296.510009765625,302.0,11107900
2026-01-26,298.16400146484375,301.0400085449219,301.7799987792969,297.45001220703125,297.80999755859375,11752700
2026-01-27,297.44097900390625,300.30999755859375,301.9700012207031,298.1499938964844,301.3299865722656,11527400
2026-01-28,297.89654541015625,300.7699890136719,301.9200134277344,298.04998779296875,300.2699890136719,9556700
2026-01-29,303.49261474609375,306.4200134277344,306.8299865722656,302.2200012207031,302.3999938964844,11580000
2026-01-30,302.9676818847656,305.8900146484375,307.92999267578125,302.55999755859375,305.25,11953200
2026-02-02,305.1961975097656,308.1400146484375,309.29998779296875,301.3699951171875,304.4599914550781,9839400
2026-02-03,311.8420715332031,314.8500061035156,316.25,309.1000061035156,309.7300109863281,12688000
2026-02-04,314.2389221191406,317.2699890136719,319.30999755859375,314.4100036621094,314.4100036621094,9848800
2026-02-05,307.1968688964844,310.1600036621094,316.010009765625,305.5400085449219,315.0,9388000
2026-02-06,319.3199462890625,322.3999938964844,324.25,314.7099914550781,314.7099914550781,17797400
2026-02-09,319.0228271484375,322.1000061035156,326.3999938964844,320.1099853515625,321.3399963378906,11477500
2026-02-10,315.2392883300781,318.2799987792969,326.1300048828125,315.1199951171875,322.54998779296875,9902200
2026-02-11,307.8505859375,310.82000732421875,325.2799987792969,308.7300109863281,323.239990234375,8703500
2026-02-12,299.74871826171875,302.6400146484375,313.6199951171875,300.0199890136719,312.2799987792969,13443400
2026-02-13,299.6595458984375,302.54998779296875,304.2900085449219,296.5199890136719,298.5199890136719,9114500
2026-02-17,304.19580078125,307.1300048828125,308.239990234375,302.5,302.760009765625,8896800
2026-02-18,305.8300476074219,308.7799987792969,312.2799987792969,307.2200012207031,308.4599914550781,7209600
2026-02-19,305.1070251464844,308.04998779296875,309.17999267578125,305.1199951171875,307.1700134277344,6737700
2026-02-20,307.82086181640625,310.7900085449219,311.0,305.67999267578125,308.3999938964844,7792700
2026-02-23,294.82623291015625,297.6700134277344,311.0,295.1000061035156,308.79998779296875,12955400
2026-02-24,294.459716796875,297.29998779296875,299.75,291.3800048828125,296.82000732421875,13554100
2026-02-25,300.4023742675781,303.29998779296875,303.6600036621094,297.010009765625,298.6400146484375,8095500
2026-02-26,303.20538330078125,306.1300048828125,309.010009765625,303.6400146484375,304.5799865722656,7007800
2026-02-27,297.4310607910156,300.29998779296875,302.95001220703125,294.45001220703125,300.0,18620800
2026-03-02,294.7172546386719,297.55999755859375,299.9800109863281,293.2099914550781,294.80999755859375,8508900
2026-03-03,297.3914489746094,300.260009765625,302.3900146484375,289.5,292.2900085449219,10278200
2026-03-04,296.52978515625,299.3900146484375,301.0,295.82000732421875,299.989990234375,8055700
2026-03-05,290.74554443359375,293.54998779296875,301.239990234375,292.42999267578125,297.9800109863281,12732500
2026-03-06,286.7144470214844,289.4800109863281,289.989990234375,283.7099914550781,286.3399963378906,13496500
2026-03-09,287.1502685546875,289.9200134277344,291.1000061035156,280.45001220703125,285.5,12241100
2026-03-10,285.97161865234375,288.7300109863281,292.75,287.17999267578125,289.2900085449219,8344900
2026-03-11,284.7731628417969,287.5199890136719,290.4800109863281,284.8599853515625,288.80999755859375,10205000
2026-03-12,280.18743896484375,282.8900146484375,283.8800048828125,279.1000061035156,282.8299865722656,13760500
2026-03-13,280.7321472167969,283.44000244140625,287.19000244140625,282.95001220703125,284.6700134277344,9091200
2026-03-16,283.4261474609375,286.1600036621094,289.2699890136719,284.6099853515625,286.3399963378906,8149000
2026-03-17,284.1492004394531,286.8900146484375,291.760009765625,285.95001220703125,289.0,8961200
2026-03-18,284.99102783203125,287.739990234375,289.4100036621094,285.1199951171875,286.8299865722656,10057000
2026-03-19,285.2188720703125,287.9700012207031,289.510009765625,284.6199951171875,286.8800048828125,9846700
2026-03-20,283.82232666015625,286.55999755859375,290.7099914550781,285.2699890136719,288.0799865722656,22436500
2026-03-23,287.14031982421875,289.9100036621094,295.75,287.9700012207031,294.30999755859375,11470800
2026-03-24,289.6065368652344,292.3999938964844,295.4800109863281,285.3699951171875,286.1700134277344,11092300
2026-03-25,292.59771728515625,295.4200134277344,297.6400146484375,292.44000244140625,294.1499938964844,12188200
2026-03-26,288.87359619140625,291.6600036621094,294.989990234375,290.7300109863281,292.5799865722656,8669200
2026-03-27,280.13787841796875,282.8399963378906,290.1099853515625,281.75,289.1400146484375,9873300
2026-03-30,281.0589904785156,283.7699890136719,287.25,282.3299865722656,284.739990234375,11734400
2026-03-31,291.3497314453125,294.1600036621094,295.07000732421875,284.95001220703125,288.4700012207031,12956900
2026-04-01,292.5580749511719,295.3800048828125,298.7200012207031,292.9100036621094,295.3900146484375,11267200
2026-04-02,291.7855224609375,294.6000061035156,295.6199951171875,288.7200012207031,291.9100036621094,6669300
2026-04-06,294.125,295.45001220703125,296.8299865722656,293.20001220703125,294.05999755859375,7142600
2026-04-07,296.0662536621094,297.3999938964844,298.17999267578125,292.70001220703125,293.1400146484375,7849100
2026-04-08,306.5888366699219,307.9700012207031,311.260009765625,305.3299865722656,307.9700012207031,10590200
2026-04-09,308.938232421875,310.3299865722656,311.260009765625,306.1099853515625,306.95001220703125,6586600
2026-04-10,308.4803161621094,309.8699951171875,310.3500061035156,306.7200012207031,310.0,6069700
2026-04-13,312.2732238769531,313.67999267578125,313.739990234375,305.4599914550781,307.4700012207031,8318200
2026-04-14,309.7247009277344,311.1199951171875,314.32000732421875,308.8699951171875,309.82000732421875,11455500
2026-04-15,304.5579833984375,305.92999267578125,314.239990234375,304.260009765625,313.95001220703125,9885800
2026-04-16,308.5599670410156,309.95001220703125,309.95001220703125,305.20001220703125,305.3500061035156,8208600
2026-04-17,308.8984375,310.2900085449219,314.8999938964844,310.0899963378906,312.4700012207031,11082400
2026-04-20,315.5683898925781,316.989990234375,317.1300048828125,310.3699951171875,310.8500061035156,10772000
2026-04-21,311.5962829589844,313.0,320.239990234375,312.75,317.489990234375,7084300
2026-04-22,311.6161804199219,313.0199890136719,315.1499938964844,311.94000244140625,314.8500061035156,5545900
2026-04-23,310.29217529296875,311.69000244140625,314.989990234375,308.8900146484375,313.5199890136719,6969700
2026-04-24,306.8974609375,308.2799987792969,311.1499938964844,307.8900146484375,311.1499938964844,5215300
2026-04-27,310.232421875,311.6300048828125,312.5799865722656,306.8800048828125,306.8800048828125,7925300
2026-04-28,310.0532531738281,311.45001220703125,315.45001220703125,311.1700134277344,315.20001220703125,7398600
2026-04-29,307.86309814453125,309.25,312.04998779296875,307.2900085449219,310.57000732421875,8031800
2026-04-30,311.82525634765625,313.2300109863281,314.1000061035156,306.57000732421875,307.07000732421875,8865400
2026-05-01,311.06866455078125,312.4700012207031,316.0799865722656,311.8299865722656,313.95001220703125,6135400
2026-05-04,306.270263671875,307.6499938964844,310.6499938964844,306.510009765625,310.6199951171875,7338200
2026-05-05,308.0124206542969,309.3999938964844,310.9700012207031,306.79998779296875,307.7099914550781,6316800
2026-05-06,313.4877624511719,314.8999938964844,316.260009765625,311.3500061035156,311.45001220703125,8629500
2026-05-07,304.8964538574219,306.2699890136719,316.29998779296875,306.1400146484375,314.6499938964844,8359600
2026-05-08,300.74517822265625,302.1000061035156,308.989990234375,300.5,308.25,9464300
2026-05-11,298.6545715332031,300.0,303.19000244140625,298.8800048828125,302.1000061035156,9512000
2026-05-12,303.5126953125,304.8800048828125,306.05999755859375,295.54998779296875,300.0199890136719,9498200
2026-05-13,298.9034729003906,300.25,303.0,300.07000732421875,302.2699890136719,7709500
2026-05-14,298.56500244140625,299.9100036621094,303.75,298.80999755859375,302.25,7364300
2026-05-15,296.4743957519531,297.80999755859375,300.7900085449219,296.45001220703125,300.2099914550781,8699300
2026-05-18,299.3813171386719,300.7300109863281,301.260009765625,297.2200012207031,298.0,7546300
2026-05-19,294.3738708496094,295.70001220703125,301.7900085449219,295.260009765625,301.0899963378906,8066900
2026-05-20,300.625732421875,301.9800109863281,302.92999267578125,293.6700134277344,296.70001220703125,9327000
2026-05-21,301.6411437988281,303.0,303.9800109863281,300.2099914550781,301.2300109863281,7874400
2026-05-22,305.0059814453125,306.3800048828125,307.45001220703125,303.8399963378906,304.67999267578125,5973900
2026-05-26,305.3643493652344,306.739990234375,309.92999267578125,305.44000244140625,308.489990234375,7725400
2026-05-27,297.93780517578125,299.2799987792969,305.8999938964844,295.75,305.0,11779200
2026-05-28,295.3992614746094,296.7300109863281,301.07000732421875,295.75,297.57000732421875,9757700
2026-05-29,297.9676818847656,299.30999755859375,299.8800048828125,295.20001220703125,296.3999938964844,13969000
2026-06-01,295.2499084472656,296.5799865722656,299.54998779296875,295.2699890136719,297.69000244140625,7930000
2026-06-02,299.6102600097656,300.9599914550781,302.07000732421875,295.2699890136719,296.5,8296200
2026-06-03,299.50079345703125,300.8500061035156,301.9599914550781,296.55999755859375,299.9200134277344,7003900
2026-06-04,309.4957580566406,310.8900146484375,312.9100036621094,304.44000244140625,305.739990234375,10345200
2026-06-05,310.9691162109375,312.3699951171875,315.0,309.6000061035156,314.2900085449219,9118800
2026-06-08,309.7147521972656,311.1099853515625,316.29998779296875,310.7799987792969,313.25,6827000
2026-06-09,311.2976379394531,312.70001220703125,316.4200134277344,309.010009765625,313.510009765625,11594600
2026-06-10,307.75360107421875,309.1400146484375,314.75,309.0299987792969,312.55999755859375,7446200
2026-06-11,312.0840759277344,313.489990234375,314.7200012207031,308.8800048828125,309.55999755859375,9116600
2026-06-12,319.28167724609375,320.7200012207031,321.29998779296875,315.54998779296875,315.9700012207031,7426200
2026-06-15,317.96759033203125,319.3999938964844,325.9200134277344,318.8399963378906,323.9200134277344,7988900
2026-06-16,329.6549377441406,331.1400146484375,331.75,324.0199890136719,324.29998779296875,11094900
2026-06-17,331.9645080566406,333.4599914550781,337.7699890136719,331.5,332.17999267578125,12246400
2026-06-18,323.761474609375,325.2200012207031,338.0899963378906,324.1600036621094,336.95001220703125,20111000
2026-06-22,329.993408203125,331.4800109863281,332.7699890136719,326.75,329.70001220703125,10182500
2026-06-23,332.6414794921875,334.1400146484375,335.3699951171875,327.2099914550781,329.4700012207031,7582200
2026-06-24,331.95458984375,333.45001220703125,334.5299987792969,329.7699890136719,333.07000732421875,7907400
2026-06-25,333.6170654296875,335.1199951171875,343.45001220703125,334.760009765625,334.9599914550781,10043100
2026-06-26,327.57427978515625,329.04998779296875,336.3999938964844,327.5,336.0,17640900
2026-06-29,327.91278076171875,329.3900146484375,332.3900146484375,327.20001220703125,328.2799987792969,7981800
2026-06-30,325.86199951171875,327.3299865722656,330.44000244140625,326.67999267578125,328.8900146484375,8080100
2026-07-01,332.5718078613281,334.07000732421875,335.6400146484375,325.010009765625,328.3699951171875,15210200
2026-07-02,332.9700012207031,334.4700012207031,340.0,331.7699890136719,338.0199890136719,8413900
2026-07-06,337.7200012207031,337.7200012207031,339.7200012207031,334.1099853515625,335.0,8673500
2026-07-07,339.2200012207031,339.2200012207031,341.3999938964844,337.0899963378906,340.9800109863281,7115800
2026-07-08,330.6199951171875,330.6199951171875,336.5299987792969,330.1300048828125,336.5299987792969,18505200
2026-07-09,335.4700012207031,335.4700012207031,337.0,330.80999755859375,331.4599914550781,15570600
2026-07-10,336.4700012207031,336.4700012207031,338.5899963378906,335.7699890136719,337.4700012207031,6299000
2026-07-13,334.5299987792969,334.5299987792969,338.3500061035156,332.5,338.3399963378906,7120300
2026-07-14,342.8900146484375,342.8900146484375,344.7300109863281,325.75,327.0,14537900
2026-07-15,346.9100036621094,346.9100036621094,351.239990234375,344.04998779296875,345.8500061035156,10750000
2026-07-16,343.1499938964844,343.1499938964844,349.3399963378906,341.1099853515625,349.2799987792969,12432400
2026-07-17,341.1000061035156,341.1000061035156,346.1300048828125,335.04998779296875,339.0299987792969,9250900
2026-07-20,338.8699951171875,338.8699951171875,344.260009765625,337.3699951171875,341.79998779296875,7723300
2026-07-21,345.2300109863281,345.2300109863281,345.739990234375,337.29998779296875,340.1199951171875,6015300
2026-07-22,348.2099914550781,348.2099914550781,349.07000732421875,344.25,345.07000732421875,8040200
2026-07-23,349.8999938964844,349.8999938964844,349.9200134277344,345.4200134277344,346.5799865722656,10913000
2026-07-24,353.2099914550781,353.2099914550781,353.3699951171875,347.5,350.6400146484375,7515900
