Date,Adj Close,Close,High,Low,Open,Volume
2015-01-02,54.643367767333984,67.69999694824219,69.33000183105469,67.33999633789062,69.0,4212000
2015-01-05,53.335819244384766,66.08000183105469,67.37999725341797,65.88999938964844,67.19000244140625,7335600
2015-01-06,53.456886291503906,66.2300033569336,66.80000305175781,65.36000061035156,66.52999877929688,5247400
2015-01-07,55.04694747924805,68.19999694824219,68.38999938964844,66.83999633789062,66.86000061035156,4719600
2015-01-08,56.209224700927734,69.63999938964844,69.98999786376953,68.83000183105469,68.94000244140625,5536700
2015-01-09,55.151878356933594,68.33000183105469,69.62999725341797,68.2699966430664,69.55000305175781,5644000
2015-01-12,54.76445388793945,67.8499984741211,68.72000122070312,67.63999938964844,68.61000061035156,4604800
2015-01-13,54.77252960205078,67.86000061035156,69.41000366210938,67.3499984741211,68.5,6034500
2015-01-14,54.393157958984375,67.38999938964844,67.66000366210938,66.86000061035156,67.1500015258789,4810800
2015-01-15,53.55374526977539,66.3499984741211,68.20999908447266,66.22000122070312,67.63999938964844,5288300
2015-01-16,55.0683479309082,67.98999786376953,68.11000061035156,65.9000015258789,66.0,4817200
2015-01-20,53.877708435058594,66.5199966430664,68.37999725341797,66.25,68.01000213623047,5924700
2015-01-21,54.525672912597656,67.31999969482422,67.87000274658203,66.75,67.27999877929688,5182000
2015-01-22,56.33186721801758,69.55000305175781,69.62999725341797,67.4000015258789,67.68000030517578,7069200
2015-01-23,56.461448669433594,69.70999908447266,70.13999938964844,69.12999725341797,69.5199966430664,4862600
2015-01-26,57.052734375,70.44000244140625,70.5,69.41999816894531,69.69000244140625,5062700
2015-01-27,56.57484436035156,69.8499984741211,70.01000213623047,69.2699966430664,69.63999938964844,5846600
2015-01-28,56.06458282470703,69.22000122070312,71.11000061035156,69.1500015258789,70.23999786376953,5372700
2015-01-29,56.6396484375,69.93000030517578,70.23999786376953,68.8499984741211,69.43000030517578,6409400
2015-01-30,54.882057189941406,67.76000213623047,69.62000274658203,67.66999816894531,69.47000122070312,8963700
2015-02-02,55.40852355957031,68.41000366210938,68.48999786376953,66.16999816894531,67.58000183105469,5695300
2015-02-03,56.396671295166016,69.62999725341797,69.66000366210938,68.3499984741211,69.08000183105469,5101400
2015-02-04,57.239009857177734,70.66999816894531,71.31999969482422,69.43000030517578,69.51000213623047,6143700
2015-02-05,57.88695526123047,71.47000122070312,71.5,70.7300033569336,70.80999755859375,4924500
2015-02-06,58.235252380371094,71.9000015258789,72.25,71.2699966430664,71.52999877929688,4836300
2015-02-09,57.465789794921875,70.94999694824219,71.83000183105469,70.7699966430664,71.44999694824219,2800400
2015-02-10,58.1218376159668,71.76000213623047,71.88999938964844,71.04000091552734,71.0999984741211,4090000
2015-02-11,57.85456466674805,71.43000030517578,71.87000274658203,71.12000274658203,71.58999633789062,3049600
2015-02-12,58.470115661621094,72.19000244140625,72.23999786376953,71.44000244140625,71.58000183105469,3437000
2015-02-13,58.356727600097656,72.05000305175781,72.33000183105469,71.83999633789062,72.05999755859375,2560100
2015-02-17,58.69692611694336,72.47000122070312,72.58999633789062,71.5,71.79000091552734,3690600
2015-02-18,58.7374153137207,72.5199966430664,72.75,72.12000274658203,72.47000122070312,3765300
2015-02-19,58.551109313964844,72.29000091552734,72.8499984741211,72.08999633789062,72.54000091552734,3023000
2015-02-20,59.57975769042969,73.55999755859375,73.56999969482422,71.75,72.12999725341797,4289900
2015-02-23,59.717437744140625,73.7300033569336,74.33999633789062,73.2699966430664,73.93000030517578,4902900
2015-02-24,60.46259689331055,74.6500015258789,75.81999969482422,73.93000030517578,75.61000061035156,9780200
2015-02-25,60.28443145751953,74.43000030517578,75.9800033569336,73.25,75.9000015258789,9318100
2015-02-26,60.017112731933594,74.0999984741211,75.02999877929688,73.55999755859375,74.51000213623047,7552300
2015-02-27,60.009037017822266,74.08999633789062,74.7699966430664,73.6500015258789,73.86000061035156,4913700
2015-03-02,60.818973541259766,75.08999633789062,75.20999908447266,73.5199966430664,73.5199966430664,5187200
2015-03-03,60.75420379638672,75.01000213623047,75.19000244140625,74.22000122070312,74.9000015258789,3591100
2015-03-04,59.952362060546875,74.0199966430664,74.94000244140625,73.91000366210938,74.86000061035156,4988500
2015-03-05,60.38969802856445,74.55999755859375,74.98999786376953,74.37999725341797,74.37999725341797,3516500
2015-03-06,59.53925704956055,73.51000213623047,74.37999725341797,73.33000183105469,73.95999908447266,5833200
2015-03-09,60.14672088623047,74.26000213623047,74.41999816894531,73.41999816894531,73.52999877929688,3292100
2015-03-10,59.174781799316406,73.05999755859375,74.1500015258789,73.05999755859375,73.76000213623047,3844600
2015-03-11,59.182884216308594,73.06999969482422,73.58999633789062,73.05000305175781,73.16999816894531,3526700
2015-03-12,60.69747543334961,74.94000244140625,74.9800033569336,73.5,73.5,3572700
2015-03-13,60.065731048583984,74.16000366210938,75.1500015258789,73.73999786376953,74.94000244140625,4138200
2015-03-16,61.102455139160156,75.44000244140625,75.55000305175781,74.69000244140625,74.69000244140625,4163300
2015-03-17,60.397804260253906,74.56999969482422,75.16999816894531,74.55999755859375,74.9800033569336,3902800
2015-03-18,60.357303619384766,74.5199966430664,74.72000122070312,72.62999725341797,74.47000122070312,7011500
2015-03-19,60.38969802856445,74.55999755859375,74.9800033569336,74.16000366210938,74.69000244140625,3786200
2015-03-20,60.932369232177734,75.2300033569336,75.5999984741211,74.25,74.63999938964844,8080500
2015-03-23,61.045753479003906,75.37000274658203,76.16999816894531,75.13999938964844,75.55000305175781,5934600
2015-03-24,61.240142822265625,75.61000061035156,76.25,75.2300033569336,75.45999908447266,4899900
2015-03-25,60.14672088623047,74.26000213623047,75.83000183105469,74.19999694824219,75.69000244140625,4142900
2015-03-26,59.01277542114258,72.86000061035156,73.69000244140625,72.4800033569336,73.55999755859375,7672900
2015-03-27,59.66884994506836,73.66999816894531,73.75,72.76000213623047,72.76000213623047,3651700
2015-03-30,60.584083557128906,74.80000305175781,74.98999786376953,73.81999969482422,73.8499984741211,3959700
2015-03-31,60.25199890136719,74.38999938964844,75.37000274658203,74.2699966430664,74.51000213623047,4518300
2015-04-01,60.25199890136719,74.38999938964844,74.8499984741211,73.69999694824219,74.31999969482422,5902500
2015-04-02,60.616485595703125,74.83999633789062,75.06999969482422,74.16999816894531,74.25,3379000
2015-04-06,60.794677734375,75.05999755859375,75.63999938964844,74.20999908447266,74.2300033569336,4714000
2015-04-07,60.02522277832031,74.11000061035156,75.5,74.05000305175781,75.0,3124800
2015-04-08,60.592193603515625,74.80999755859375,74.94999694824219,74.0999984741211,74.19000244140625,3439200
2015-04-09,60.13861083984375,74.25,75.16000366210938,73.29000091552734,74.61000061035156,4473100
2015-04-10,60.665077209472656,74.9000015258789,74.94000244140625,74.05000305175781,74.5,3140400
2015-04-13,59.782230377197266,73.80999755859375,75.23999786376953,73.7699966430664,75.0,3448900
2015-04-14,59.91991424560547,73.9800033569336,74.30999755859375,73.01000213623047,73.79000091552734,3679500
2015-04-15,59.45826721191406,73.41000366210938,74.62999725341797,73.37999725341797,74.05999755859375,3088300
2015-04-16,60.000946044921875,74.08000183105469,74.73999786376953,73.63999938964844,73.7699966430664,3846100
2015-04-17,58.76171112060547,72.55000305175781,73.88999938964844,72.47000122070312,73.5999984741211,5547400
2015-04-20,59.0135612487793,72.62999725341797,73.12999725341797,72.55000305175781,72.88999938964844,3610900
2015-04-21,59.50923538208008,73.23999786376953,73.51000213623047,72.80999755859375,72.86000061035156,4046400
2015-04-22,59.37111282348633,73.06999969482422,73.37000274658203,72.55999755859375,73.19000244140625,3152500
2015-04-23,59.61486053466797,73.37000274658203,73.9000015258789,72.91999816894531,72.94999694824219,4170800
2015-04-24,59.4442024230957,73.16000366210938,73.62000274658203,72.98999786376953,73.41999816894531,2401000
2015-04-27,58.37168884277344,71.83999633789062,73.56999969482422,71.79000091552734,73.56999969482422,5629100
2015-04-28,58.29045486450195,71.73999786376953,72.27999877929688,71.05000305175781,71.5999984741211,4181000
2015-04-29,57.23417663574219,70.44000244140625,71.58000183105469,69.91000366210938,71.52999877929688,4526700
2015-04-30,55.95036315917969,68.86000061035156,70.88999938964844,68.5999984741211,70.37000274658203,10950700
2015-05-01,57.4454231262207,70.69999694824219,70.7699966430664,67.5999984741211,67.66999816894531,9932000
2015-05-04,57.89231872558594,71.25,71.41000366210938,70.56999969482422,70.88999938964844,4888600
2015-05-05,57.226051330566406,70.43000030517578,71.41000366210938,70.37000274658203,71.16000366210938,4017500
2015-05-06,57.50230026245117,70.7699966430664,70.87000274658203,69.94000244140625,70.43000030517578,4356300
2015-05-07,58.737327575683594,72.29000091552734,72.68000030517578,70.87000274658203,70.87999725341797,5523400
2015-05-08,59.525482177734375,73.26000213623047,73.93000030517578,72.98999786376953,73.05000305175781,4171200
2015-05-11,59.49296951293945,73.22000122070312,73.93000030517578,72.95999908447266,73.02999877929688,3940400
2015-05-12,59.858612060546875,73.66999816894531,73.93000030517578,72.94000244140625,73.3499984741211,3850000
2015-05-13,59.40360641479492,73.11000061035156,73.87999725341797,73.0,73.87999725341797,3292400
2015-05-14,58.71296310424805,72.26000213623047,73.44000244140625,72.0199966430664,73.23999786376953,5763000
2015-05-15,59.387332916259766,73.08999633789062,73.11000061035156,72.04000091552734,72.44000244140625,4784800
2015-05-18,59.36296463012695,73.05999755859375,73.27999877929688,72.62000274658203,73.22000122070312,4982900
2015-05-19,58.36356735229492,71.83000183105469,73.75,71.80000305175781,73.68000030517578,8728300
2015-05-20,55.657875061035156,68.5,69.6500015258789,68.11000061035156,68.66000366210938,16012500
2015-05-21,55.836612701416016,68.72000122070312,69.87999725341797,68.25,68.5,8765500
2015-05-22,56.50289535522461,69.54000091552734,69.83999633789062,68.62000274658203,68.86000061035156,4862500
2015-05-26,56.53539276123047,69.58000183105469,69.95999908447266,69.19000244140625,69.5199966430664,6815900
2015-05-27,57.4616813659668,70.72000122070312,71.16999816894531,69.83999633789062,69.94000244140625,5265300
2015-05-28,57.2422981262207,70.44999694824219,70.87999725341797,70.33000183105469,70.48999786376953,2814500
2015-05-29,56.86041259765625,69.9800033569336,70.7300033569336,69.77999877929688,70.22000122070312,4131300
2015-06-01,56.99038314819336,70.13999938964844,70.38999938964844,69.69999694824219,69.95999908447266,4165400
2015-06-02,56.998531341552734,70.1500015258789,70.69000244140625,69.7699966430664,69.86000061035156,4807600
2015-06-03,57.40480422973633,70.6500015258789,71.08000183105469,70.1500015258789,70.19000244140625,3433100
2015-06-04,56.99038314819336,70.13999938964844,70.77999877929688,69.80000305175781,70.04000091552734,4554600
2015-06-05,56.706024169921875,69.79000091552734,70.25,69.72000122070312,70.05000305175781,4291500
2015-06-08,55.80412673950195,68.68000030517578,69.94000244140625,68.68000030517578,69.69999694824219,4433000
2015-06-09,55.682228088378906,68.52999877929688,69.02999877929688,67.7699966430664,68.79000091552734,5228600
2015-06-10,56.202239990234375,69.16999816894531,69.27999877929688,68.3499984741211,68.73999786376953,4768600
2015-06-11,56.09661865234375,69.04000091552734,70.1500015258789,68.93000030517578,69.33000183105469,3605600
2015-06-12,56.08851623535156,69.02999877929688,69.63999938964844,68.7300033569336,68.75,4350900
2015-06-15,56.15349578857422,69.11000061035156,69.19000244140625,68.4800033569336,68.86000061035156,4989000
2015-06-16,56.389137268066406,69.4000015258789,69.5999984741211,68.83000183105469,68.87000274658203,3426000
2015-06-17,56.608524322509766,69.66999816894531,69.95999908447266,69.12999725341797,69.4000015258789,3380600
2015-06-18,56.998531341552734,70.1500015258789,70.69999694824219,69.76000213623047,69.76000213623047,4462400
2015-06-19,56.868507385253906,69.98999786376953,70.48999786376953,69.70999908447266,69.93000030517578,11947400
2015-06-22,57.112281799316406,70.29000091552734,70.73999786376953,70.05999755859375,70.48999786376953,4052800
2015-06-23,57.36416244506836,70.5999984741211,70.97000122070312,70.30000305175781,70.93000030517578,3634300
2015-06-24,56.94166564941406,70.08000183105469,70.98999786376953,70.05999755859375,70.55000305175781,3543900
2015-06-25,56.60040283203125,69.66000366210938,70.8499984741211,69.62999725341797,70.44999694824219,3398400
2015-06-26,55.747257232666016,68.61000061035156,69.7300033569336,68.4800033569336,69.5,9297500
2015-06-29,54.86973190307617,67.52999877929688,69.08999633789062,67.5,68.30000305175781,5311200
2015-06-30,54.41471481323242,66.97000122070312,68.19999694824219,66.69000244140625,68.19000244140625,10150900
2015-07-01,54.63408660888672,67.23999786376953,67.79000091552734,66.95999908447266,67.44999694824219,5782900
2015-07-02,54.1953239440918,66.69999694824219,67.7699966430664,66.41000366210938,67.44999694824219,6064900
2015-07-06,53.82969665527344,66.25,66.80000305175781,65.9800033569336,66.33000183105469,10279900
2015-07-07,54.73971939086914,67.37000274658203,67.43000030517578,65.83000183105469,66.45999908447266,8437900
2015-07-08,54.057193756103516,66.52999877929688,67.41000366210938,66.4800033569336,66.58999633789062,4941600
2015-07-09,54.45532989501953,67.0199966430664,67.5199966430664,66.8499984741211,67.30000305175781,3767900
2015-07-10,55.12971878051758,67.8499984741211,68.2699966430664,67.22000122070312,67.45999908447266,4157900
2015-07-13,55.49536895751953,68.30000305175781,68.66000366210938,68.05000305175781,68.4000015258789,4158300
2015-07-14,55.5684814453125,68.38999938964844,68.4000015258789,67.56999969482422,68.0,4981900
2015-07-15,55.470985412597656,68.2699966430664,68.66999816894531,67.93000030517578,68.16000366210938,3532800
2015-07-16,55.43849563598633,68.2300033569336,68.52999877929688,67.33999633789062,67.94999694824219,5654600
2015-07-17,54.86973190307617,67.52999877929688,68.0999984741211,67.05000305175781,67.93000030517578,6601200
2015-07-20,54.42096710205078,66.69999694824219,67.0999984741211,66.0,66.5,5332000
2015-07-21,54.16801452636719,66.38999938964844,66.91999816894531,66.16999816894531,66.58000183105469,5375100
2015-07-22,55.02474594116211,67.44000244140625,67.51000213623047,66.5999984741211,66.5999984741211,4921000
2015-07-23,55.23687744140625,67.69999694824219,68.16000366210938,67.22000122070312,67.62000274658203,4169300
2015-07-24,54.8126106262207,67.18000030517578,67.93000030517578,67.08000183105469,67.88999938964844,3629000
2015-07-27,54.69838333129883,67.04000091552734,67.41999816894531,66.72000122070312,67.04000091552734,3422500
2015-07-28,55.3184700012207,67.80000305175781,68.0,66.66000366210938,67.25,4398000
2015-07-29,56.08543014526367,68.73999786376953,68.87000274658203,67.77999877929688,67.95999908447266,5205900
2015-07-30,56.183326721191406,68.86000061035156,69.0,68.0199966430664,68.37999725341797,3566900
2015-07-31,56.59130859375,69.36000061035156,69.80000305175781,68.81999969482422,69.23999786376953,4316400
2015-08-03,56.224117279052734,68.91000366210938,69.3499984741211,68.31999969482422,69.16999816894531,5576800
2015-08-04,56.59130859375,69.36000061035156,69.83999633789062,68.77999877929688,69.11000061035156,3132500
2015-08-05,57.064510345458984,69.94000244140625,70.20999908447266,69.5199966430664,69.91999816894531,3914900
2015-08-06,56.55048370361328,69.30999755859375,70.0999984741211,69.0999984741211,69.94000244140625,4840900
2015-08-07,56.729957580566406,69.52999877929688,69.62999725341797,68.95999908447266,69.30000305175781,3310300
2015-08-10,56.76261520385742,69.56999969482422,70.18000030517578,69.41999816894531,69.9800033569336,5759400
2015-08-11,56.640228271484375,69.41999816894531,69.63999938964844,68.87000274658203,68.88999938964844,5486000
2015-08-12,56.2730712890625,68.97000122070312,69.05000305175781,68.06999969482422,68.94999694824219,5001700
2015-08-13,58.1007080078125,71.20999908447266,71.91999816894531,69.01000213623047,69.1500015258789,8551500
2015-08-14,58.83502197265625,72.11000061035156,72.27999877929688,71.13999938964844,71.29000091552734,5864600
2015-08-17,59.13691711425781,72.4800033569336,72.58000183105469,71.4000015258789,71.87000274658203,5238500
2015-08-18,59.57749938964844,73.0199966430664,73.5,72.70999908447266,73.16999816894531,10796100
2015-08-19,60.67897033691406,74.37000274658203,74.52999877929688,72.25,72.56999969482422,11734100
2015-08-20,59.70804214477539,73.18000030517578,74.77999877929688,73.18000030517578,73.95999908447266,7023200
2015-08-21,58.01912307739258,71.11000061035156,73.08000183105469,71.01000213623047,72.54000091552734,8210600
2015-08-24,55.734588623046875,68.30999755859375,70.06999969482422,64.22000122070312,67.61000061035156,10961200
2015-08-25,54.65758514404297,66.98999786376953,70.19000244140625,66.9000015258789,70.0199966430664,7464100
2015-08-26,56.09358215332031,68.75,69.33000183105469,66.33000183105469,68.69999694824219,6497100
2015-08-27,56.34649658203125,69.05999755859375,69.6500015258789,67.75,69.26000213623047,6607900
2015-08-28,55.84880828857422,68.44999694824219,69.33999633789062,68.0999984741211,69.04000091552734,6282600
2015-08-31,56.436248779296875,69.16999816894531,69.45999908447266,68.23999786376953,68.5,6775100
2015-09-01,55.27767562866211,67.75,68.47000122070312,67.38999938964844,67.87999725341797,7114300
2015-09-02,56.33019256591797,69.04000091552734,69.05999755859375,68.08000183105469,68.69999694824219,4452600
2015-09-03,56.379154205322266,69.0999984741211,69.94000244140625,68.88999938964844,69.20999908447266,3419500
2015-09-04,55.3184700012207,67.80000305175781,68.5,67.27999877929688,68.30000305175781,3235700
2015-09-08,56.55048370361328,69.30999755859375,69.3499984741211,68.1500015258789,68.51000213623047,4103000
2015-09-09,55.5714111328125,68.11000061035156,69.9000015258789,67.94000244140625,69.8499984741211,4096800
2015-09-10,55.424530029296875,67.93000030517578,68.62999725341797,67.5999984741211,67.87000274658203,4538100
2015-09-11,55.99565505981445,68.62999725341797,68.66999816894531,67.58000183105469,67.77999877929688,3415200
2015-09-14,55.604042053222656,68.1500015258789,69.0,67.9800033569336,68.5999984741211,2645100
2015-09-15,56.65654754638672,69.44000244140625,69.86000061035156,68.01000213623047,68.58000183105469,5798900
2015-09-16,57.170589447021484,70.06999969482422,70.26000213623047,69.19000244140625,69.43000030517578,3765500
2015-09-17,57.50510787963867,70.4800033569336,71.58999633789062,69.87000274658203,70.25,4367400
2015-09-18,55.63667297363281,68.19000244140625,70.0,68.0,69.93000030517578,8800900
2015-09-21,56.787086486816406,69.5999984741211,70.02999877929688,68.31999969482422,68.38999938964844,5276100
2015-09-22,56.02831268310547,68.66999816894531,69.23999786376953,68.02999877929688,68.93000030517578,3926200
2015-09-23,56.0772705078125,68.7300033569336,68.91999816894531,68.33000183105469,68.56999969482422,2391100
2015-09-24,55.873287200927734,68.4800033569336,68.66999816894531,67.4800033569336,68.30000305175781,4180000
2015-09-25,56.04462814331055,68.69000244140625,69.52999877929688,68.3499984741211,69.13999938964844,3628600
2015-09-28,54.788124084472656,67.1500015258789,68.98999786376953,67.05000305175781,68.44000244140625,5607500
2015-09-29,54.47808074951172,66.7699966430664,67.98999786376953,66.22000122070312,67.1500015258789,4355300
2015-09-30,56.23228454589844,68.91999816894531,69.01000213623047,67.70999908447266,67.70999908447266,4936000
2015-10-01,56.94211959838867,69.79000091552734,69.8499984741211,68.33000183105469,69.04000091552734,5185200
2015-10-02,57.30113983154297,70.2300033569336,70.26000213623047,68.16000366210938,68.81999969482422,4389900
2015-10-05,58.557613372802734,71.7699966430664,71.8499984741211,70.6500015258789,70.8499984741211,4492000
2015-10-06,58.08440399169922,71.19000244140625,71.79000091552734,70.75,71.48999786376953,5256800
2015-10-07,58.57393264770508,71.79000091552734,71.93000030517578,71.08999633789062,71.61000061035156,4679400
2015-10-08,59.699893951416016,73.16999816894531,73.2699966430664,70.75,70.86000061035156,3966000
2015-10-09,59.83045959472656,73.33000183105469,73.44999694824219,72.5999984741211,73.05000305175781,3403500
2015-10-12,60.22206115722656,73.80999755859375,73.9800033569336,73.11000061035156,73.19000244140625,2789400
2015-10-13,59.53671646118164,72.97000122070312,73.95999908447266,72.80000305175781,73.66999816894531,4102000
2015-10-14,58.77793502807617,72.04000091552734,73.22000122070312,71.55999755859375,72.9000015258789,3758200
2015-10-15,59.27560806274414,72.6500015258789,72.79000091552734,71.69999694824219,72.47000122070312,3016300
2015-10-16,59.38168716430664,72.77999877929688,73.4000015258789,72.56999969482422,73.12000274658203,4149500
2015-10-19,60.143402099609375,73.43000030517578,73.44999694824219,72.2699966430664,72.37000274658203,3765600
2015-10-20,59.66017532348633,72.83999633789062,73.41000366210938,72.54000091552734,73.37000274658203,3632100
2015-10-21,59.56186294555664,72.72000122070312,73.41999816894531,72.52999877929688,73.2300033569336,2982700
2015-10-22,60.13520812988281,73.41999816894531,73.63999938964844,72.16000366210938,72.73999786376953,3810200
2015-10-23,60.241703033447266,73.55000305175781,73.93000030517578,72.55999755859375,73.77999877929688,3344500
2015-10-26,60.741310119628906,74.16000366210938,74.41999816894531,73.0,73.62000274658203,4114400
2015-10-27,60.241703033447266,73.55000305175781,74.20999908447266,73.16000366210938,74.0,3387800
2015-10-28,60.62665939331055,74.0199966430664,74.19000244140625,72.80000305175781,73.75,3770000
2015-10-29,60.50380325317383,73.87000274658203,74.11000061035156,73.01000213623047,74.0,2942000
2015-10-30,60.47103500366211,73.83000183105469,74.56999969482422,73.77999877929688,73.83999633789062,4418900
2015-11-02,60.4218864440918,73.7699966430664,74.29000091552734,73.05000305175781,73.9000015258789,3880200
2015-11-03,60.569297790527344,73.94999694824219,74.11000061035156,73.30000305175781,73.77999877929688,3174200
2015-11-04,59.873111724853516,73.0999984741211,74.19999694824219,73.0199966430664,74.16999816894531,5475900
2015-11-05,60.26626205444336,73.58000183105469,74.06999969482422,73.01000213623047,73.36000061035156,3334400
2015-11-06,59.9058723449707,73.13999938964844,73.58000183105469,72.6500015258789,73.19000244140625,4223300
2015-11-09,58.98853302001953,72.0199966430664,73.12000274658203,71.47000122070312,72.98999786376953,5622000
2015-11-10,60.0697021484375,73.33999633789062,73.37999725341797,71.94999694824219,71.98999786376953,3789300
2015-11-11,59.0704460144043,72.12000274658203,73.25,72.11000061035156,73.25,3213700
2015-11-12,59.553672790527344,72.70999908447266,73.75,71.80000305175781,71.91999816894531,5641300
2015-11-13,57.40774917602539,70.08999633789062,72.37000274658203,69.93000030517578,72.12000274658203,6960900
2015-11-16,58.67729568481445,71.63999938964844,71.70999908447266,69.75,69.86000061035156,5583600
2015-11-17,59.6683464050293,72.8499984741211,74.37000274658203,72.5999984741211,74.1500015258789,10214000
2015-11-18,60.184383392333984,73.4800033569336,74.58000183105469,71.5999984741211,74.27999877929688,9541400
2015-11-19,60.11064910888672,73.38999938964844,74.11000061035156,73.13999938964844,73.4800033569336,7321800
2015-11-20,62.05998992919922,75.7699966430664,76.0199966430664,73.83000183105469,73.9000015258789,6589700
2015-11-23,62.797149658203125,76.66999816894531,77.26000213623047,75.77999877929688,75.77999877929688,5280900
2015-11-24,63.38685607910156,77.38999938964844,77.94000244140625,76.29000091552734,76.44000244140625,5431700
2015-11-25,63.56705093383789,77.61000061035156,78.12999725341797,76.80999755859375,77.4000015258789,5265000
2015-11-27,63.345924377441406,77.33999633789062,78.0,77.1500015258789,77.9000015258789,2255300
2015-11-30,62.73982620239258,76.5999984741211,77.47000122070312,76.43000030517578,77.38999938964844,6815000
2015-12-01,63.173927307128906,77.12999725341797,77.37999725341797,76.45999908447266,76.91000366210938,3477300
2015-12-02,62.49409866333008,76.30000305175781,77.31999969482422,76.23999786376953,76.87999725341797,7085400
2015-12-03,61.52763748168945,75.12000274658203,76.5199966430664,74.87999725341797,76.19000244140625,5191700
2015-12-04,62.8708610534668,76.76000213623047,76.87000274658203,75.08999633789062,75.33000183105469,4374800
2015-12-07,62.616947174072266,76.44999694824219,76.72000122070312,75.7300033569336,76.45999908447266,3277900
2015-12-08,63.206668853759766,77.16999816894531,77.48999786376953,75.93000030517578,76.31999969482422,4019600
2015-12-09,62.346675872802734,76.12000274658203,77.62999725341797,75.87000274658203,76.9000015258789,3039400
2015-12-10,62.38759994506836,76.16999816894531,76.75,75.91999816894531,75.97000122070312,2942700
2015-12-11,61.43751525878906,75.01000213623047,76.12999725341797,74.7699966430664,75.36000061035156,3686500
2015-12-14,61.96169662475586,75.6500015258789,75.95999908447266,74.7699966430664,75.26000213623047,4430900
2015-12-15,61.347408294677734,74.9000015258789,76.76000213623047,74.8499984741211,76.12999725341797,4646300
2015-12-16,62.3548469543457,76.12999725341797,76.33999633789062,73.88999938964844,75.04000091552734,5063200
2015-12-17,61.347408294677734,74.9000015258789,76.5999984741211,74.66000366210938,76.22000122070312,4419200
2015-12-18,60.52017593383789,73.88999938964844,74.7699966430664,73.87000274658203,74.76000213623047,6948400
2015-12-21,61.33922576904297,74.88999938964844,75.0999984741211,74.04000091552734,74.5,3418500
2015-12-22,61.56038284301758,75.16000366210938,75.44999694824219,74.31999969482422,74.91000366210938,3428300
2015-12-23,62.379451751708984,76.16000366210938,76.43000030517578,75.44000244140625,76.11000061035156,3258200
2015-12-24,62.477691650390625,76.27999877929688,76.63999938964844,75.75,75.83000183105469,1758900
2015-12-28,62.608787536621094,76.44000244140625,76.55999755859375,75.86000061035156,75.98999786376953,2860300
2015-12-29,63.173927307128906,77.12999725341797,77.66999816894531,76.83000183105469,76.93000030517578,2661100
2015-12-30,62.952781677246094,76.86000061035156,77.52999877929688,76.79000091552734,76.9800033569336,2209200
2015-12-31,62.2811393737793,76.04000091552734,76.93000030517578,76.0199966430664,76.45999908447266,2388200
2016-01-04,61.658653259277344,75.27999877929688,75.56999969482422,74.5,74.69000244140625,6534600
2016-01-05,61.78972625732422,75.44000244140625,76.47000122070312,74.91000366210938,75.44000244140625,5198800
2016-01-06,60.561134338378906,73.94000244140625,74.75,73.4000015258789,74.51000213623047,5326500
2016-01-07,59.02948760986328,72.06999969482422,73.87999725341797,71.75,72.83999633789062,6401600
2016-01-08,58.05479431152344,70.87999725341797,72.80000305175781,70.68000030517578,72.66999816894531,5325500
2016-01-11,59.52909851074219,72.68000030517578,73.08999633789062,71.29000091552734,71.44999694824219,5443300
2016-01-12,60.012351989746094,73.2699966430664,74.27999877929688,72.37000274658203,73.27999877929688,4649500
2016-01-13,57.25212097167969,69.9000015258789,73.7300033569336,69.54000091552734,73.63999938964844,7755300
2016-01-14,57.26032638549805,69.91000366210938,70.61000061035156,67.6500015258789,69.8499984741211,8323000
2016-01-15,56.73401641845703,68.98999786376953,70.36000061035156,67.73999786376953,67.75,7995100
2016-01-19,57.120521545410156,69.45999908447266,71.04000091552734,68.79000091552734,70.80999755859375,6642800
2016-01-20,55.97744369506836,68.06999969482422,69.5199966430664,66.93000030517578,68.87000274658203,9844100
2016-01-21,57.00539016723633,69.31999969482422,69.94000244140625,68.25,68.56999969482422,7615500
2016-01-22,57.97576904296875,70.5,70.9000015258789,70.19000244140625,70.36000061035156,5722200
2016-01-25,57.48234558105469,69.9000015258789,71.0,69.83999633789062,70.66000366210938,5640100
2016-01-26,57.564598083496094,70.0,70.69000244140625,69.5999984741211,70.66999816894531,4638400
2016-01-27,57.194549560546875,69.55000305175781,70.94999694824219,69.0199966430664,70.0199966430664,5342100
2016-01-28,56.93138885498047,69.2300033569336,70.0,68.91999816894531,69.88999938964844,5036200
2016-01-29,58.929691314697266,71.66000366210938,71.7699966430664,69.55000305175781,70.0,6143600
2016-02-01,59.75204086303711,72.66000366210938,72.88999938964844,70.54000091552734,70.54000091552734,5385000
2016-02-02,59.10239028930664,71.87000274658203,72.62999725341797,71.30999755859375,72.30000305175781,5250800
2016-02-03,55.44292449951172,67.41999816894531,71.37999725341797,65.05999755859375,71.37999725341797,17607500
2016-02-04,55.887001037597656,67.95999908447266,68.31999969482422,66.30000305175781,67.83999633789062,8986900
2016-02-05,54.14360046386719,65.83999633789062,68.5199966430664,65.5199966430664,68.08000183105469,7501800
2016-02-08,52.26043701171875,63.54999923706055,65.38999938964844,62.619998931884766,65.37999725341797,8311000
2016-02-09,52.75383377075195,64.1500015258789,64.86000061035156,62.900001525878906,63.06999969482422,6025600
2016-02-10,52.679832458496094,64.05999755859375,65.4000015258789,64.0,64.44999694824219,4219000
2016-02-11,52.137062072753906,63.400001525878906,63.970001220703125,62.68000030517578,63.08000183105469,4746300
2016-02-12,53.3459358215332,64.87000274658203,64.93000030517578,63.400001525878906,63.400001525878906,4260000
2016-02-16,55.451148986816406,67.43000030517578,67.69000244140625,65.55000305175781,66.9000015258789,7764900
2016-02-17,55.919891357421875,68.0,68.27999877929688,67.55999755859375,68.0,6145300
2016-02-18,55.68962097167969,67.72000122070312,68.33000183105469,66.94000244140625,68.27999877929688,5887600
2016-02-19,56.34751892089844,68.5199966430664,68.56999969482422,66.83999633789062,67.77999877929688,4967900
2016-02-22,57.12874984741211,69.47000122070312,69.87000274658203,68.5199966430664,68.5199966430664,6246600
2016-02-23,55.83766555786133,67.9000015258789,71.4800033569336,67.83999633789062,71.45999908447266,10980400
2016-02-24,56.42976760864258,68.62000274658203,69.25,64.8499984741211,66.08999633789062,12532500
2016-02-25,56.49553298950195,68.69999694824219,69.62999725341797,67.9000015258789,68.62000274658203,5839600
2016-02-26,56.8244743347168,69.0999984741211,69.8499984741211,68.83000183105469,69.4000015258789,5287900
2016-02-29,55.53339767456055,67.52999877929688,69.75,67.47000122070312,68.83999633789062,6373100
2016-03-01,56.77512741088867,69.04000091552734,69.12999725341797,66.91999816894531,68.18000030517578,5590400
2016-03-02,56.81624984741211,69.08999633789062,69.52999877929688,68.47000122070312,68.8499984741211,4286200
2016-03-03,57.50703811645508,69.93000030517578,69.97000122070312,68.5,68.58999633789062,4530900
2016-03-04,57.88530349731445,70.38999938964844,70.9800033569336,69.4800033569336,69.69000244140625,5022600
2016-03-07,58.19778823852539,70.7699966430664,71.19999694824219,69.83000183105469,69.8499984741211,4779000
2016-03-08,58.37873077392578,70.98999786376953,71.87999725341797,70.1500015258789,70.31999969482422,5702400
2016-03-09,58.263587951660156,70.8499984741211,71.66000366210938,70.5,71.08999633789062,3358300
2016-03-10,58.14024353027344,70.69999694824219,71.7300033569336,69.83999633789062,71.25,3961700
2016-03-11,59.307979583740234,72.12000274658203,72.25,71.22000122070312,71.36000061035156,3912300
2016-03-14,59.82605743408203,72.75,73.0999984741211,71.95999908447266,72.0,4127400
2016-03-15,60.11387634277344,73.0999984741211,74.31999969482422,72.22000122070312,72.30000305175781,5604600
2016-03-16,60.6730842590332,73.77999877929688,74.23999786376953,72.55999755859375,72.68000030517578,5099500
2016-03-17,60.87044906616211,74.0199966430664,74.2300033569336,73.18000030517578,73.5199966430664,4150000
2016-03-18,61.61875534057617,74.93000030517578,75.16000366210938,73.97000122070312,74.08000183105469,6499900
2016-03-21,61.85724639892578,75.22000122070312,75.36000061035156,74.30000305175781,74.6500015258789,5383400
2016-03-22,61.88195037841797,75.25,75.5999984741211,74.7300033569336,74.7300033569336,5431300
2016-03-23,61.495426177978516,74.77999877929688,75.5199966430664,74.63999938964844,75.26000213623047,3778000
2016-03-24,61.48721694946289,74.7699966430664,74.87999725341797,73.83000183105469,74.3499984741211,3677400
2016-03-28,61.668121337890625,74.98999786376953,75.29000091552734,74.69000244140625,74.87000274658203,2925900
2016-03-29,62.22731399536133,75.66999816894531,75.97000122070312,74.79000091552734,75.04000091552734,4421400
2016-03-30,62.51512908935547,76.0199966430664,76.2699966430664,75.68000030517578,75.88999938964844,3170200
2016-03-31,62.2931022644043,75.75,76.37999725341797,75.61000061035156,76.0,3681600
2016-04-01,62.90985870361328,76.5,76.75,75.33999633789062,75.62999725341797,3548300
2016-04-04,62.64670944213867,76.18000030517578,77.5,76.05000305175781,77.5,3847300
2016-04-05,62.391807556152344,75.87000274658203,76.52999877929688,75.55000305175781,75.6500015258789,4080500
2016-04-06,62.57270812988281,76.08999633789062,76.4000015258789,75.48999786376953,75.83000183105469,4577800
2016-04-07,61.96417236328125,75.3499984741211,76.0,74.88999938964844,75.87000274658203,4450700
2016-04-08,61.70100784301758,75.02999877929688,75.79000091552734,74.66999816894531,75.62000274658203,3758700
2016-04-11,61.799686431884766,75.1500015258789,76.08000183105469,75.01000213623047,75.08999633789062,3852100
2016-04-12,62.27665710449219,75.7300033569336,76.01000213623047,75.19999694824219,75.37999725341797,3864100
2016-04-13,63.04145812988281,76.66000366210938,76.80000305175781,75.62999725341797,76.11000061035156,4192900
2016-04-14,62.90985870361328,76.5,76.91000366210938,75.94000244140625,76.51000213623047,3670500
2016-04-15,63.575958251953125,77.30999755859375,77.45999908447266,76.33999633789062,76.58999633789062,4967200
2016-04-18,63.84833526611328,77.36000061035156,77.62999725341797,76.88999938964844,77.12000274658203,3613400
2016-04-19,63.06428909301758,76.41000366210938,77.62999725341797,75.93000030517578,77.33999633789062,4822000
2016-04-20,63.0064811706543,76.33999633789062,76.80999755859375,76.0199966430664,76.61000061035156,4043900
2016-04-21,62.5855712890625,75.83000183105469,76.97000122070312,75.75,76.97000122070312,4000600
2016-04-22,62.76713943481445,76.05000305175781,76.30999755859375,75.30000305175781,75.86000061035156,2754800
2016-04-25,62.882686614990234,76.19000244140625,76.19000244140625,75.4000015258789,75.66999816894531,3258300
2016-04-26,62.98998260498047,76.31999969482422,76.69999694824219,75.6500015258789,76.33999633789062,3480500
2016-04-27,63.501705169677734,76.94000244140625,77.2300033569336,76.16999816894531,76.48999786376953,3245800
2016-04-28,62.222408294677734,75.38999938964844,76.62999725341797,75.22000122070312,76.29000091552734,3188900
2016-04-29,62.74237060546875,76.0199966430664,76.12999725341797,74.86000061035156,75.45999908447266,6631900
2016-05-02,62.84141540527344,76.13999938964844,76.7300033569336,75.0199966430664,75.33000183105469,4256400
2016-05-03,62.48653030395508,75.70999908447266,76.08999633789062,75.13999938964844,75.87999725341797,3020500
2016-05-04,62.5855712890625,75.83000183105469,76.08999633789062,74.8499984741211,75.12999725341797,2764700
2016-05-05,62.01605987548828,75.13999938964844,75.91999816894531,75.0199966430664,75.80000305175781,4079100
2016-05-06,62.346214294433594,75.54000091552734,75.62000274658203,74.55999755859375,75.11000061035156,3420800
2016-05-09,62.59381866455078,75.83999633789062,76.33999633789062,75.5199966430664,75.80000305175781,3153800
2016-05-10,63.54295349121094,76.98999786376953,77.19999694824219,75.93000030517578,76.12000274658203,4664900
2016-05-11,62.0078125,75.12999725341797,76.72000122070312,75.0,76.52999877929688,4770200
2016-05-12,62.230655670166016,75.4000015258789,75.81999969482422,75.01000213623047,75.31999969482422,3898100
2016-05-13,61.90879821777344,75.01000213623047,76.30000305175781,74.98999786376953,75.08000183105469,5646900
2016-05-16,63.55122375488281,77.0,77.36000061035156,75.01000213623047,75.0199966430664,6820800
2016-05-17,62.78366470336914,76.06999969482422,76.66000366210938,75.55999755859375,76.36000061035156,9063100
2016-05-18,64.87175750732422,78.5999984741211,79.48999786376953,77.36000061035156,77.5,13724600
2016-05-19,65.91168212890625,79.86000061035156,80.0,78.2300033569336,78.61000061035156,7037500
2016-05-20,65.878662109375,79.81999969482422,80.33000183105469,79.51000213623047,80.12999725341797,4900600
2016-05-23,65.09458923339844,78.87000274658203,79.95999908447266,78.79000091552734,79.5999984741211,5122000
2016-05-24,65.69712829589844,79.5999984741211,79.94999694824219,78.93000030517578,79.06999969482422,5556000
2016-05-25,65.97772216796875,79.94000244140625,80.61000061035156,79.6500015258789,79.66000366210938,4137500
2016-05-26,66.1593017578125,80.16000366210938,80.41000366210938,79.69999694824219,79.94000244140625,3805100
2016-05-27,66.31610107421875,80.3499984741211,80.69000244140625,79.97000122070312,80.16000366210938,2683500
2016-05-31,66.13451385498047,80.12999725341797,80.4800033569336,79.76000213623047,80.3499984741211,5581100
2016-06-01,66.25006866455078,80.2699966430664,80.55999755859375,79.48999786376953,80.12999725341797,4205800
2016-06-02,66.65450286865234,80.76000213623047,80.76000213623047,79.81999969482422,80.41999816894531,4693900
2016-06-03,66.03550720214844,80.01000213623047,80.55999755859375,79.55999755859375,80.47000122070312,3685300
2016-06-06,64.74794006347656,78.44999694824219,79.26000213623047,77.95999908447266,79.1500015258789,6643100
2016-06-07,65.64759063720703,79.54000091552734,80.13999938964844,78.63999938964844,78.7699966430664,5259700
2016-06-08,65.10286712646484,78.87999725341797,79.48999786376953,78.5,79.33000183105469,4251100
2016-06-09,64.92951202392578,78.66999816894531,79.05999755859375,78.41999816894531,78.75,3367000
2016-06-10,64.63240814208984,78.30999755859375,78.51000213623047,77.94000244140625,78.4000015258789,3883400
2016-06-13,63.96388244628906,77.5,78.44999694824219,77.41999816894531,78.29000091552734,4697600
2016-06-14,62.79191970825195,76.08000183105469,77.30000305175781,75.61000061035156,77.22000122070312,8076700
2016-06-15,63.5842399597168,77.04000091552734,77.9800033569336,76.43000030517578,76.4800033569336,6237000
2016-06-16,64.516845703125,78.16999816894531,78.36000061035156,76.6500015258789,76.86000061035156,5775100
2016-06-17,64.72321319580078,78.41999816894531,78.7300033569336,77.77999877929688,77.87000274658203,7968600
2016-06-20,64.8635025024414,78.58999633789062,79.51000213623047,78.51000213623047,78.94000244140625,4146600
2016-06-21,64.64892578125,78.33000183105469,78.83000183105469,78.08000183105469,78.6500015258789,3765000
2016-06-22,64.66543579101562,78.3499984741211,79.23999786376953,78.22000122070312,78.58999633789062,3572400
2016-06-23,64.84700012207031,78.56999969482422,79.12000274658203,77.95999908447266,78.95999908447266,3701900
2016-06-24,63.600730895996094,77.05999755859375,78.05000305175781,76.4000015258789,76.5199966430664,5995300
2016-06-27,62.98998260498047,76.31999969482422,76.66000366210938,75.3499984741211,76.3499984741211,5755800
2016-06-28,64.40131378173828,78.02999877929688,78.06999969482422,76.5199966430664,76.98999786376953,4652000
2016-06-29,64.17847442626953,77.76000213623047,78.69999694824219,77.48999786376953,78.25,5958800
2016-06-30,65.34220886230469,79.16999816894531,79.80000305175781,77.5199966430664,77.76000213623047,7606600
2016-07-01,65.69712829589844,79.5999984741211,80.2300033569336,79.20999908447266,79.33999633789062,4136600
2016-07-05,65.54854583740234,79.41999816894531,79.5999984741211,78.81999969482422,79.4800033569336,4100800
2016-07-06,66.10153198242188,80.08999633789062,80.11000061035156,79.33999633789062,79.4000015258789,4372800
2016-07-07,66.42341613769531,80.4800033569336,80.56999969482422,79.87000274658203,79.91000366210938,3838100
2016-07-08,67.95854187011719,82.33999633789062,82.41999816894531,80.9800033569336,81.04000091552734,5307200
2016-07-11,68.33820343017578,82.80000305175781,83.26000213623047,82.68000030517578,82.68000030517578,3479400
2016-07-12,68.45372772216797,82.94000244140625,83.6500015258789,82.62000274658203,83.11000061035156,5347200
2016-07-13,67.3890609741211,81.6500015258789,82.9000015258789,81.29000091552734,82.9000015258789,5405700
2016-07-14,67.78520202636719,82.12999725341797,82.48999786376953,81.69999694824219,82.20999908447266,3332100
2016-07-15,67.40555572509766,81.66999816894531,82.75,81.54000091552734,82.23999786376953,5409100
2016-07-18,67.90289306640625,81.91999816894531,82.51000213623047,81.56999969482422,81.88999938964844,3728000
2016-07-19,67.48846435546875,81.41999816894531,82.05000305175781,81.16999816894531,81.75,5296100
2016-07-20,67.31436157226562,81.20999908447266,81.8499984741211,80.73999786376953,81.83000183105469,6853500
2016-07-21,66.43576049804688,80.1500015258789,80.83999633789062,79.66999816894531,80.58999633789062,6020600
2016-07-22,66.85020446777344,80.6500015258789,80.7699966430664,80.20999908447266,80.45999908447266,3384900
2016-07-25,67.13202667236328,80.98999786376953,81.18000030517578,80.43000030517578,80.86000061035156,2865500
2016-07-26,67.1900405883789,81.05999755859375,81.62000274658203,80.75,80.79000091552734,2889200
2016-07-27,66.94139099121094,80.76000213623047,81.94999694824219,80.5,81.37999725341797,2946600
2016-07-28,68.19300079345703,82.2699966430664,82.41000366210938,80.69000244140625,80.76000213623047,4343500
2016-07-29,68.20128631591797,82.27999877929688,82.54000091552734,81.87999725341797,81.97000122070312,3471400
2016-08-01,68.22615814208984,82.30999755859375,82.54000091552734,81.70999908447266,81.91000366210938,2912800
2016-08-02,67.94434356689453,81.97000122070312,82.62000274658203,81.30000305175781,82.55999755859375,3768200
2016-08-03,67.98578643798828,82.0199966430664,82.0199966430664,81.02999877929688,81.9000015258789,3398600
2016-08-04,67.09060668945312,80.94000244140625,82.08999633789062,80.5199966430664,81.18000030517578,4027700
2016-08-05,67.73712158203125,81.72000122070312,82.16000366210938,81.43000030517578,81.43000030517578,3706000
2016-08-08,67.65425109863281,81.62000274658203,81.87999725341797,81.30000305175781,81.72000122070312,2410800
2016-08-09,67.4221420288086,81.33999633789062,82.0,81.12999725341797,81.33999633789062,3172300
2016-08-10,67.12373352050781,80.9800033569336,81.83999633789062,80.55999755859375,81.62999725341797,3785200
2016-08-11,67.64591979980469,81.61000061035156,82.08999633789062,80.79000091552734,81.56999969482422,4117700
2016-08-12,67.73712158203125,81.72000122070312,82.12999725341797,81.0,81.0,4095000
2016-08-15,67.5879135131836,81.54000091552734,82.68000030517578,81.30999755859375,82.08999633789062,5315400
2016-08-16,67.53817749023438,81.4800033569336,82.31999969482422,80.80999755859375,81.5999984741211,6050200
2016-08-17,63.72527313232422,76.87999725341797,78.05000305175781,75.80999755859375,77.66999816894531,19108700
2016-08-18,63.3522834777832,76.43000030517578,77.0,76.3499984741211,76.87999725341797,7807000
2016-08-19,64.50440979003906,77.81999969482422,77.87000274658203,76.16999816894531,76.31999969482422,6491200
2016-08-22,64.06513214111328,77.29000091552734,78.58000183105469,77.19999694824219,78.0,4502700
2016-08-23,64.07340240478516,77.30000305175781,78.0,77.26000213623047,77.83999633789062,3252600
2016-08-24,63.79155731201172,76.95999908447266,78.13999938964844,76.79000091552734,78.04000091552734,5404300
2016-08-25,64.21429443359375,77.47000122070312,77.70999908447266,76.68000030517578,76.68000030517578,4935500
2016-08-26,63.741851806640625,76.9000015258789,77.98999786376953,76.63999938964844,77.43000030517578,3827400
2016-08-29,63.97394943237305,77.18000030517578,77.3499984741211,76.75,76.91000366210938,4544200
2016-08-30,63.459991455078125,76.55999755859375,77.41000366210938,76.43000030517578,77.13999938964844,3026100
2016-08-31,63.459991455078125,76.55999755859375,76.72000122070312,76.2699966430664,76.58999633789062,4638600
2016-09-01,63.360557556152344,76.44000244140625,76.83999633789062,75.87999725341797,76.69000244140625,3852200
2016-09-02,63.79155731201172,76.95999908447266,77.08000183105469,76.55000305175781,76.75,3314900
2016-09-06,63.00413131713867,76.01000213623047,77.0,75.55999755859375,76.88999938964844,4779700
2016-09-07,62.531681060791016,75.44000244140625,76.0,75.01000213623047,75.97000122070312,5481100
2016-09-08,61.44580841064453,74.12999725341797,75.05999755859375,73.91999816894531,74.56999969482422,7495400
2016-09-09,59.48963165283203,71.7699966430664,73.7699966430664,71.7699966430664,73.54000091552734,7632800
2016-09-12,60.09473419189453,72.5,72.66000366210938,70.86000061035156,71.19999694824219,6165800
2016-09-13,58.91769027709961,71.08000183105469,72.0999984741211,70.87999725341797,71.93000030517578,5405700
2016-09-14,58.950862884521484,71.12000274658203,71.58999633789062,70.88999938964844,71.05000305175781,5596400
2016-09-15,59.108333587646484,71.30999755859375,71.52999877929688,70.41000366210938,70.83000183105469,3942800
2016-09-16,58.809913635253906,70.94999694824219,71.18000030517578,70.43000030517578,71.0199966430664,6527100
2016-09-19,59.108333587646484,71.30999755859375,71.6500015258789,70.9000015258789,70.94999694824219,5222600
2016-09-20,59.15807342529297,71.37000274658203,72.08999633789062,71.30000305175781,71.69999694824219,4488100
2016-09-21,59.72170639038086,72.05000305175781,72.12000274658203,71.11000061035156,71.36000061035156,4511800
2016-09-22,59.74659729003906,72.08000183105469,72.58999633789062,71.76000213623047,72.25,4210800
2016-09-23,59.97037124633789,72.3499984741211,72.9800033569336,71.7300033569336,72.19000244140625,6053000
2016-09-26,58.69389343261719,70.80999755859375,72.08000183105469,70.76000213623047,71.91999816894531,7550300
2016-09-27,59.265838623046875,71.5,71.69999694824219,70.7300033569336,71.01000213623047,4821900
2016-09-28,59.48134231567383,71.76000213623047,72.41999816894531,71.26000213623047,71.87999725341797,8176200
2016-09-29,59.688568115234375,72.01000213623047,73.58000183105469,72.01000213623047,72.47000122070312,6404500
2016-09-30,59.85432815551758,72.20999908447266,72.4800033569336,71.37999725341797,72.05999755859375,6714200
2016-10-03,59.83776092529297,72.19000244140625,72.44000244140625,71.94999694824219,72.05999755859375,5366800
2016-10-04,60.2604866027832,72.69999694824219,73.05000305175781,72.18000030517578,72.23999786376953,6389100
2016-10-05,59.88751220703125,72.25,73.22000122070312,72.20999908447266,72.66000366210938,4503700
2016-10-06,59.75489807128906,72.08999633789062,72.2699966430664,70.29000091552734,70.48999786376953,6920000
2016-10-07,59.100067138671875,71.30000305175781,72.87000274658203,71.08999633789062,72.0,5418500
2016-10-10,58.82653045654297,70.97000122070312,71.8499984741211,70.9000015258789,71.75,4335100
2016-10-11,58.097076416015625,70.08999633789062,70.9800033569336,69.97000122070312,70.9000015258789,4919400
2016-10-12,59.11662292480469,71.31999969482422,71.77999877929688,70.25,70.2699966430664,5764100
2016-10-13,58.934261322021484,71.0999984741211,71.36000061035156,70.33000183105469,71.06999969482422,4403500
2016-10-14,59.1414909362793,71.3499984741211,71.93000030517578,71.23999786376953,71.56999969482422,5659900
2016-10-17,58.29185104370117,69.9800033569336,71.08000183105469,69.94000244140625,70.6500015258789,4986800
2016-10-18,58.50843811035156,70.23999786376953,70.66000366210938,69.56999969482422,70.52999877929688,5955100
2016-10-19,57.96698760986328,69.58999633789062,70.23999786376953,68.88999938964844,70.22000122070312,6770200
2016-10-20,58.21686553955078,69.88999938964844,70.12000274658203,69.37000274658203,69.52999877929688,6163800
2016-10-21,58.8499641418457,70.6500015258789,70.91999816894531,69.38999938964844,69.45999908447266,5725000
2016-10-24,59.124847412109375,70.9800033569336,71.55000305175781,70.80000305175781,71.05999755859375,4524700
2016-10-25,57.0340576171875,68.47000122070312,69.58999633789062,68.30999755859375,69.41000366210938,8714200
2016-10-26,56.117794036865234,67.37000274658203,68.0199966430664,67.0,67.19000244140625,9071900
2016-10-27,55.942874908447266,67.16000366210938,68.0,66.95999908447266,67.75,5300400
2016-10-28,55.834571838378906,67.02999877929688,67.66999816894531,66.70999908447266,67.16000366210938,8565100
2016-10-31,55.51803970336914,66.6500015258789,66.9800033569336,66.37999725341797,66.70999908447266,6272400
2016-11-01,54.668399810791016,65.62999725341797,66.69000244140625,65.18000030517578,66.44000244140625,6392300
2016-11-02,55.44306564331055,66.55999755859375,67.2699966430664,65.66000366210938,65.72000122070312,5432300
2016-11-03,55.468048095703125,66.58999633789062,67.08000183105469,66.41999816894531,67.05999755859375,4572300
2016-11-04,55.184852600097656,66.25,67.12000274658203,66.22000122070312,66.73999786376953,4748900
2016-11-07,56.00117111206055,67.2300033569336,67.66999816894531,67.01000213623047,67.11000061035156,4539700
2016-11-08,55.65131759643555,66.80999755859375,67.25,66.63999938964844,67.12000274658203,6790100
2016-11-09,56.5092887878418,67.83999633789062,68.16000366210938,64.87000274658203,65.5,7621100
2016-11-10,57.85871887207031,69.45999908447266,70.4800033569336,68.25,68.4000015258789,9759600
2016-11-11,58.0836181640625,69.7300033569336,70.05999755859375,69.16000366210938,69.31999969482422,6572300
2016-11-14,58.31684875488281,70.01000213623047,70.44999694824219,69.69000244140625,70.04000091552734,9023400
2016-11-15,57.5172004699707,69.05000305175781,69.8499984741211,68.04000091552734,68.83999633789062,11251900
2016-11-16,55.82622528076172,67.0199966430664,68.83999633789062,65.12000274658203,66.2300033569336,17592100
2016-11-17,56.600894927978516,67.94999694824219,68.04000091552734,66.55000305175781,67.0199966430664,9521500
2016-11-18,57.7337532043457,69.30999755859375,69.58000183105469,67.7699966430664,67.91999816894531,10624600
2016-11-21,57.81706619262695,69.41000366210938,69.69999694824219,68.83000183105469,69.41999816894531,6062400
2016-11-22,59.6329460144043,71.58999633789062,71.97000122070312,69.69999694824219,70.19000244140625,10677700
2016-11-23,59.782901763916016,71.7699966430664,72.37000274658203,71.62000274658203,71.83000183105469,5490800
2016-11-25,60.14939498901367,72.20999908447266,72.33999633789062,71.5999984741211,71.9000015258789,2710600
2016-11-28,59.3080940246582,71.19999694824219,72.18000030517578,71.1500015258789,71.83999633789062,5315900
2016-11-29,58.899932861328125,70.70999908447266,71.69000244140625,70.55000305175781,71.33999633789062,5870400
2016-11-30,58.76666259765625,70.55000305175781,71.11000061035156,70.44000244140625,70.75,6377300
2016-12-01,59.1414909362793,71.0,71.0199966430664,69.91999816894531,70.33999633789062,7626900
2016-12-02,60.23270034790039,72.30999755859375,72.80999755859375,71.08000183105469,71.13999938964844,7248600
2016-12-05,60.524234771728516,72.66000366210938,73.13999938964844,72.38999938964844,72.41999816894531,7497000
2016-12-06,60.357635498046875,72.45999908447266,73.11000061035156,72.33999633789062,72.58000183105469,6478500
2016-12-07,63.639583587646484,76.4000015258789,76.47000122070312,72.5199966430664,72.62000274658203,9268200
2016-12-08,62.673336029052734,75.23999786376953,76.37000274658203,74.97000122070312,75.47000122070312,7711500
2016-12-09,62.21518325805664,74.69000244140625,75.38999938964844,74.52999877929688,75.0999984741211,5553800
2016-12-12,62.06524658203125,74.51000213623047,74.95999908447266,74.05999755859375,74.29000091552734,6036500
2016-12-13,62.18187713623047,74.6500015258789,75.19000244140625,74.37000274658203,74.87000274658203,6357700
2016-12-14,61.273921966552734,73.55999755859375,75.2300033569336,73.44999694824219,74.70999908447266,6790100
2016-12-15,61.36554718017578,73.66999816894531,74.48999786376953,73.5,73.7300033569336,6211200
2016-12-16,60.77413558959961,72.95999908447266,74.16000366210938,72.6500015258789,73.87999725341797,7663200
2016-12-19,60.7408332824707,72.91999816894531,73.5199966430664,72.55999755859375,72.62000274658203,5056300
2016-12-20,61.8653450012207,74.2699966430664,74.4800033569336,72.80000305175781,73.05000305175781,5348500
2016-12-21,61.79869842529297,74.19000244140625,74.31999969482422,73.80000305175781,74.08999633789062,2942800
2016-12-22,60.81578063964844,73.01000213623047,74.08999633789062,72.87999725341797,73.55000305175781,4008500
2016-12-23,60.2243766784668,72.30000305175781,73.29000091552734,72.23999786376953,73.0999984741211,3591800
2016-12-27,60.16606140136719,72.2300033569336,72.75,71.95999908447266,72.58999633789062,3868800
2016-12-28,59.61629104614258,71.56999969482422,72.47000122070312,71.45999908447266,72.44999694824219,4227400
2016-12-29,59.424705505371094,71.33999633789062,71.9000015258789,71.23999786376953,71.5,4009800
2016-12-30,59.24146270751953,71.12000274658203,72.08000183105469,70.77999877929688,71.62999725341797,3877700
2017-01-03,59.09984588623047,70.94999694824219,71.91999816894531,70.48999786376953,71.70999908447266,6412200
2017-01-04,59.816200256347656,71.80999755859375,72.2300033569336,71.05000305175781,71.18000030517578,5863700
2017-01-05,59.199790954589844,71.06999969482422,71.79000091552734,70.76000213623047,71.44000244140625,4420200
2017-01-06,59.09984588623047,70.94999694824219,71.4000015258789,70.54000091552734,71.19999694824219,4645500
2017-01-09,59.199790954589844,71.06999969482422,71.31999969482422,70.9000015258789,70.93000030517578,3563600
2017-01-10,59.31642532348633,71.20999908447266,71.69999694824219,70.66999816894531,70.94999694824219,4133800
2017-01-11,59.358062744140625,71.26000213623047,71.37000274658203,70.55999755859375,71.16000366210938,3432200
2017-01-12,59.6246223449707,71.58000183105469,71.63999938964844,70.80000305175781,71.25,4310600
2017-01-13,60.09942626953125,72.1500015258789,72.61000061035156,71.38999938964844,71.4000015258789,6948000
2017-01-17,60.291015625,72.37999725341797,73.20999908447266,71.38999938964844,71.62000274658203,5468500
2017-01-18,59.45803451538086,71.37999725341797,72.0999984741211,71.05999755859375,72.0999984741211,8788300
2017-01-19,59.64126968383789,71.5999984741211,72.6500015258789,71.1500015258789,71.29000091552734,6274000
2017-01-20,59.77456283569336,71.76000213623047,71.93000030517578,71.26000213623047,71.62999725341797,5613900
2017-01-23,60.753936767578125,72.58000183105469,72.83999633789062,71.23999786376953,71.23999786376953,5361300
2017-01-24,61.94256591796875,74.0,74.02999877929688,72.51000213623047,72.61000061035156,5736800
2017-01-25,61.155696868896484,73.05999755859375,74.75,73.04000091552734,74.29000091552734,5372700
2017-01-26,61.29801559448242,73.2300033569336,73.83000183105469,72.87000274658203,73.37999725341797,5268800
2017-01-27,61.31476974487305,73.25,73.43000030517578,72.72000122070312,73.29000091552734,4183700
2017-01-30,61.582618713378906,73.56999969482422,73.63999938964844,72.56999969482422,73.08999633789062,3856000
2017-01-31,61.17245864868164,73.08000183105469,73.54000091552734,72.75,72.83999633789062,4537500
2017-02-01,60.56139373779297,72.3499984741211,73.02999877929688,72.31999969482422,72.91000366210938,4006600
2017-02-02,60.22657012939453,71.94999694824219,72.79000091552734,71.9000015258789,72.7300033569336,3538300
2017-02-03,61.34823226928711,73.29000091552734,73.4000015258789,71.79000091552734,72.12000274658203,6311700
2017-02-06,60.77901840209961,72.61000061035156,73.19999694824219,72.4000015258789,72.95999908447266,5166800
2017-02-07,60.46932601928711,72.23999786376953,72.98999786376953,72.11000061035156,72.8499984741211,3749500
2017-02-08,60.645103454589844,72.44999694824219,72.7699966430664,72.20999908447266,72.61000061035156,4029600
2017-02-09,61.54912185668945,73.52999877929688,73.69000244140625,72.43000030517578,72.44999694824219,4041000
2017-02-10,61.917449951171875,73.97000122070312,74.04000091552734,73.11000061035156,73.41999816894531,3661300
2017-02-13,61.858863830566406,73.9000015258789,74.26000213623047,73.58000183105469,74.08000183105469,3007800
2017-02-14,63.382301330566406,75.72000122070312,75.88999938964844,73.95999908447266,74.05999755859375,8106600
2017-02-15,64.37840270996094,76.91000366210938,77.47000122070312,75.3499984741211,75.47000122070312,10410300
2017-02-16,63.88452911376953,76.31999969482422,77.4000015258789,75.66000366210938,76.91000366210938,4686200
2017-02-17,64.23609924316406,76.73999786376953,76.73999786376953,75.94000244140625,76.16000366210938,5446200
2017-02-21,64.66299438476562,77.25,77.5199966430664,76.45999908447266,77.5,5294100
2017-02-22,64.28633117675781,76.80000305175781,77.44999694824219,76.5999984741211,77.33000183105469,3711600
2017-02-23,63.44926834106445,75.80000305175781,77.20999908447266,75.7300033569336,77.1500015258789,5663400
2017-02-24,63.700382232666016,76.0999984741211,76.33999633789062,75.41000366210938,75.91000366210938,11147700
2017-02-27,63.9682502746582,76.41999816894531,76.44999694824219,75.69000244140625,76.19999694824219,4005300
2017-02-28,62.252281188964844,74.37000274658203,75.93000030517578,74.16999816894531,75.91000366210938,10698500
2017-03-01,68.17863464355469,81.44999694824219,82.8499984741211,80.5999984741211,81.27999877929688,21443900
2017-03-02,67.29974365234375,80.4000015258789,81.4000015258789,80.27999877929688,81.37000274658203,8424000
2017-03-03,68.3711929321289,81.68000030517578,81.87000274658203,80.55999755859375,80.5999984741211,6554000
2017-03-06,67.81871032714844,81.0199966430664,81.5,81.0199966430664,81.2699966430664,6611900
2017-03-07,67.66801452636719,80.83999633789062,81.31999969482422,80.6500015258789,81.0,4718000
2017-03-08,68.0782241821289,81.33000183105469,81.72000122070312,80.83999633789062,80.83999633789062,4869200
2017-03-09,67.94429016113281,81.16999816894531,81.80999755859375,81.06999969482422,81.36000061035156,3806600
2017-03-10,68.2874755859375,81.58000183105469,82.0,81.44000244140625,81.55999755859375,4091100
2017-03-13,68.2874755859375,81.58000183105469,81.98999786376953,81.36000061035156,81.58000183105469,4303500
2017-03-14,68.58882141113281,81.94000244140625,82.18000030517578,81.30999755859375,81.68000030517578,4383400
2017-03-15,69.70211029052734,83.2699966430664,83.31999969482422,81.9800033569336,82.0,4786400
2017-03-16,69.6602554321289,83.22000122070312,84.0,83.06999969482422,83.31999969482422,4847300
2017-03-17,69.91975402832031,83.52999877929688,83.73999786376953,82.9800033569336,83.62000274658203,5706500
2017-03-20,68.93201446533203,82.3499984741211,83.52999877929688,82.13999938964844,83.52999877929688,6068300
2017-03-21,68.57205963134766,81.91999816894531,83.30000305175781,81.70999908447266,82.81999969482422,5110800
2017-03-22,68.93201446533203,82.3499984741211,82.93000030517578,81.79000091552734,82.25,4569100
2017-03-23,69.01571655273438,82.44999694824219,83.05000305175781,82.12000274658203,82.3499984741211,3407200
2017-03-24,68.81482696533203,82.20999908447266,82.88999938964844,81.88999938964844,82.5199966430664,3456900
2017-03-27,68.2707290649414,81.55999755859375,82.05999755859375,81.04000091552734,81.2699966430664,4498100
2017-03-28,68.97386932373047,82.4000015258789,82.6500015258789,81.47000122070312,81.5199966430664,4351300
2017-03-29,68.81482696533203,82.20999908447266,82.62000274658203,81.72000122070312,82.26000213623047,3968400
2017-03-30,68.89015197753906,82.30000305175781,82.55000305175781,81.88999938964844,82.08999633789062,3740800
2017-03-31,68.81482696533203,82.20999908447266,82.55000305175781,81.80999755859375,82.01000213623047,4557000
2017-04-03,68.67252349853516,82.04000091552734,83.13999938964844,81.75,83.11000061035156,5422900
2017-04-04,68.29586029052734,81.58999633789062,82.08000183105469,81.26000213623047,81.91000366210938,4994700
2017-04-05,68.32096099853516,81.62000274658203,82.69000244140625,81.56999969482422,81.75,4083100
2017-04-06,68.61392974853516,81.97000122070312,82.45999908447266,81.79000091552734,81.87000274658203,3471800
2017-04-07,68.7562255859375,82.13999938964844,82.4000015258789,81.91000366210938,81.91000366210938,3243700
2017-04-10,68.99058532714844,82.41999816894531,82.98999786376953,82.08000183105469,82.08000183105469,2987900
2017-04-11,68.98225402832031,82.41000366210938,82.75,81.76000213623047,82.27999877929688,3111700
2017-04-12,68.53022003173828,81.87000274658203,82.16999816894531,81.29000091552734,81.8499984741211,3713800
2017-04-13,67.85220336914062,81.05999755859375,81.91999816894531,81.05000305175781,81.62999725341797,3846400
2017-04-17,68.59719848632812,81.94999694824219,81.9800033569336,81.05000305175781,81.05999755859375,3308100
2017-04-18,68.74787139892578,82.12999725341797,82.31999969482422,81.6500015258789,81.80000305175781,3036500
2017-04-19,68.63066864013672,81.98999786376953,82.73999786376953,81.95999908447266,82.48999786376953,3937300
2017-04-20,69.71886444091797,83.29000091552734,83.55999755859375,82.33000183105469,82.41999816894531,4538900
2017-04-21,69.86952209472656,83.47000122070312,83.69999694824219,82.97000122070312,83.26000213623047,5233500
2017-04-24,70.75215148925781,84.16999816894531,84.47000122070312,83.58000183105469,84.0,4553600
2017-04-25,71.03797149658203,84.51000213623047,85.30999755859375,84.06999969482422,84.77999877929688,5825200
2017-04-26,71.64317321777344,85.2300033569336,85.6500015258789,84.41000366210938,84.61000061035156,4407700
2017-04-27,71.67678833007812,85.2699966430664,85.76000213623047,84.86000061035156,85.44999694824219,6586300
2017-04-28,71.34896087646484,84.87999725341797,85.29000091552734,84.05000305175781,85.16000366210938,4795000
2017-05-01,70.94546508789062,84.4000015258789,85.0999984741211,84.2300033569336,84.83999633789062,3842000
2017-05-02,71.76925659179688,85.37999725341797,85.43000030517578,84.19000244140625,84.76000213623047,4251500
2017-05-03,71.89533996582031,85.52999877929688,86.0,85.13999938964844,85.41000366210938,3711800
2017-05-04,71.78604125976562,85.4000015258789,85.86000061035156,85.0,85.7699966430664,3429400
2017-05-05,72.29041290283203,86.0,86.0,85.08999633789062,85.69999694824219,3027900
2017-05-08,72.29041290283203,86.0,86.18000030517578,85.41000366210938,86.0,4111000
2017-05-09,72.1643295288086,85.8499984741211,86.25,85.61000061035156,86.19999694824219,5666200
2017-05-10,72.3408203125,86.05999755859375,86.12999725341797,85.44999694824219,85.87000274658203,5151900
2017-05-11,71.1976547241211,84.69999694824219,85.81999969482422,84.18000030517578,85.75,6382000
2017-05-12,71.29850006103516,84.81999969482422,85.02999877929688,84.29000091552734,84.69999694824219,3569200
2017-05-15,71.60955047607422,85.19000244140625,86.05999755859375,84.8499984741211,85.19000244140625,7388000
2017-05-16,71.75243377685547,85.36000061035156,86.19999694824219,85.02999877929688,86.0,5682600
2017-05-17,70.39909362792969,83.75,85.36000061035156,83.66999816894531,85.36000061035156,4973500
2017-05-18,70.65126037597656,84.05000305175781,84.44000244140625,83.62999725341797,83.75,4590800
2017-05-19,71.10519409179688,84.58999633789062,84.91999816894531,83.9000015258789,84.16000366210938,3882900
2017-05-22,70.65126037597656,84.05000305175781,84.91999816894531,83.9800033569336,84.83000183105469,7376500
2017-05-23,69.21385192871094,82.33999633789062,84.19000244140625,82.1500015258789,84.13999938964844,9510000
2017-05-24,67.12079620361328,79.8499984741211,80.27999877929688,78.4000015258789,79.33000183105469,18988900
2017-05-25,68.36488342285156,81.33000183105469,81.66000366210938,79.9800033569336,80.05999755859375,10284700
2017-05-26,68.0118179321289,80.91000366210938,81.4800033569336,80.55999755859375,81.26000213623047,4571600
2017-05-30,66.7509536743164,79.41000366210938,80.80999755859375,79.27999877929688,80.7699966430664,6942300
2017-05-31,66.21296691894531,78.7699966430664,79.63999938964844,78.0999984741211,79.5199966430664,8678100
2017-06-01,67.60833740234375,80.43000030517578,80.43000030517578,78.29000091552734,78.7699966430664,6340100
2017-06-02,67.43181610107422,80.22000122070312,80.73999786376953,80.02999877929688,80.02999877929688,4387700
2017-06-05,66.77616119384766,79.44000244140625,80.33000183105469,79.41000366210938,80.25,3426600
2017-06-06,66.15412139892578,78.69999694824219,79.19000244140625,78.5199966430664,78.86000061035156,7719900
2017-06-07,65.38920593261719,77.79000091552734,78.93000030517578,77.69999694824219,78.80000305175781,5741200
2017-06-08,65.26311492919922,77.63999938964844,78.4800033569336,77.55000305175781,77.79000091552734,7231000
2017-06-09,66.11212158203125,78.6500015258789,78.8499984741211,77.70999908447266,77.7699966430664,5979000
2017-06-12,66.4315185546875,79.02999877929688,79.13999938964844,78.36000061035156,78.47000122070312,6262700
2017-06-13,66.95269012451172,79.6500015258789,79.80999755859375,78.91000366210938,79.04000091552734,4459000
2017-06-14,67.71760559082031,80.55999755859375,81.04000091552734,79.31999969482422,79.80999755859375,5195000
2017-06-15,67.57472229003906,80.38999938964844,80.48999786376953,79.69999694824219,80.0999984741211,6004900
2017-06-16,67.0787582397461,79.80000305175781,80.36000061035156,79.23999786376953,80.13999938964844,7752900
2017-06-19,68.15470886230469,81.08000183105469,81.3499984741211,79.56999969482422,80.2300033569336,4477800
2017-06-20,67.6335678100586,80.45999908447266,81.44999694824219,80.37000274658203,81.0,4234300
2017-06-21,66.52399444580078,79.13999938964844,80.80999755859375,79.04000091552734,80.4800033569336,4752000
2017-06-22,65.85150909423828,78.33999633789062,79.3499984741211,78.30000305175781,79.19999694824219,8240900
2017-06-23,63.94336700439453,76.06999969482422,78.41000366210938,75.83000183105469,78.37999725341797,13573700
2017-06-26,64.47294616699219,76.69999694824219,76.94999694824219,76.30000305175781,76.33000183105469,5210800
2017-06-27,64.16194152832031,76.33000183105469,77.11000061035156,75.79000091552734,76.4800033569336,7801700
2017-06-28,64.74193572998047,77.0199966430664,77.22000122070312,76.5199966430664,76.62999725341797,4368400
2017-06-29,64.38890838623047,76.5999984741211,77.19000244140625,76.16000366210938,77.0999984741211,3877400
2017-06-30,65.17062377929688,77.52999877929688,77.94000244140625,76.52999877929688,76.52999877929688,4681300
2017-07-03,65.78425598144531,78.26000213623047,78.44999694824219,77.98999786376953,78.0,2287900
2017-07-05,65.03614807128906,77.37000274658203,78.38999938964844,77.02999877929688,78.23999786376953,3930000
2017-07-06,64.3804931640625,76.58999633789062,77.30000305175781,76.43000030517578,77.06999969482422,4439700
2017-07-07,64.85121154785156,77.1500015258789,77.30000305175781,76.6500015258789,76.7300033569336,3904900
2017-07-10,64.65789031982422,76.91999816894531,77.47000122070312,76.8499984741211,77.30000305175781,4611900
2017-07-11,64.0947036743164,76.25,77.12000274658203,76.0199966430664,76.9800033569336,5139100
2017-07-12,64.06947326660156,76.22000122070312,76.91999816894531,76.02999877929688,76.5999984741211,4379300
2017-07-13,64.3216323852539,76.5199966430664,76.91000366210938,76.27999877929688,76.51000213623047,4648200
2017-07-14,63.93498611450195,76.05999755859375,76.69999694824219,75.73999786376953,76.52999877929688,4778400
2017-07-17,64.24600219726562,76.43000030517578,76.66999816894531,75.94000244140625,76.05999755859375,3960600
2017-07-18,63.850887298583984,75.95999908447266,76.41000366210938,75.87999725341797,76.23999786376953,3174100
2017-07-19,64.58226013183594,76.83000183105469,77.1500015258789,76.20999908447266,76.23999786376953,4233600
2017-07-20,60.9929313659668,72.55999755859375,76.13999938964844,71.58000183105469,75.95999908447266,23892100
2017-07-21,62.06886672973633,73.83999633789062,74.11000061035156,72.72000122070312,72.75,11614600
2017-07-24,62.81272506713867,74.30999755859375,74.76000213623047,73.05999755859375,73.5,7749200
2017-07-25,63.979225158691406,75.69000244140625,76.18000030517578,74.51000213623047,74.69000244140625,6507000
2017-07-26,64.22433471679688,75.9800033569336,76.33000183105469,75.30000305175781,75.69000244140625,4481600
2017-07-27,65.08650970458984,77.0,77.68000030517578,75.80999755859375,75.83000183105469,6934800
2017-07-28,64.64697265625,76.4800033569336,77.3499984741211,76.19999694824219,76.95999908447266,5000600
2017-07-31,65.42464447021484,77.4000015258789,77.5199966430664,76.37000274658203,76.56999969482422,6833300
2017-08-01,65.78813171386719,77.83000183105469,77.95999908447266,76.25,77.2699966430664,3741200
2017-08-02,65.81346893310547,77.86000061035156,78.1500015258789,77.5,77.56999969482422,3739000
2017-08-03,65.85575103759766,77.91000366210938,78.91000366210938,77.86000061035156,78.13999938964844,3833200
2017-08-04,66.24456787109375,78.37000274658203,78.56999969482422,77.68000030517578,78.45999908447266,2493000
2017-08-07,66.20230102539062,78.31999969482422,78.83999633789062,78.08999633789062,78.5,4236500
2017-08-08,65.26402282714844,77.20999908447266,78.33000183105469,77.12999725341797,78.2699966430664,4411300
2017-08-09,66.2192153930664,78.33999633789062,78.36000061035156,76.5999984741211,77.0,3508400
2017-08-10,65.0949935913086,77.01000213623047,77.98999786376953,76.62000274658203,77.80000305175781,4028600
2017-08-11,65.30630493164062,77.26000213623047,77.51000213623047,76.66999816894531,76.76000213623047,3089300
2017-08-14,65.69512939453125,77.72000122070312,78.12999725341797,77.18000030517578,77.80000305175781,3602800
2017-08-15,62.80428695678711,74.30000305175781,77.9000015258789,74.18000030517578,77.9000015258789,9113400
2017-08-16,63.69182205200195,75.3499984741211,75.55000305175781,74.61000061035156,74.66000366210938,4900400
2017-08-17,62.652137756347656,74.12000274658203,75.52999877929688,74.11000061035156,75.2699966430664,6006800
2017-08-18,62.24638366699219,73.63999938964844,74.19000244140625,73.22000122070312,74.0199966430664,5153600
2017-08-21,62.423892974853516,73.8499984741211,74.48999786376953,73.33999633789062,73.87000274658203,8139500
2017-08-22,64.08909606933594,75.81999969482422,75.93000030517578,73.91000366210938,74.08000183105469,7612800
2017-08-23,61.7138557434082,73.01000213623047,73.41000366210938,70.76000213623047,71.94999694824219,26364300
2017-08-24,61.375762939453125,72.61000061035156,73.87000274658203,72.31999969482422,73.19999694824219,10580200
2017-08-25,62.001251220703125,73.3499984741211,73.62999725341797,72.52999877929688,72.62999725341797,6425500
2017-08-28,62.381649017333984,73.80000305175781,75.2300033569336,73.62999725341797,74.4000015258789,6499800
2017-08-29,62.085784912109375,73.44999694824219,74.16999816894531,73.27999877929688,73.72000122070312,6833300
2017-08-30,62.47461700439453,73.91000366210938,74.2699966430664,73.41000366210938,73.5,6621500
2017-08-31,62.45772171020508,73.88999938964844,74.83000183105469,73.88999938964844,74.5,9008900
2017-09-01,63.10011291503906,74.6500015258789,74.77999877929688,73.72000122070312,74.19000244140625,4817300
2017-09-05,63.970760345458984,75.68000030517578,76.13999938964844,75.02999877929688,75.2699966430664,8208700
2017-09-06,65.48380279541016,77.47000122070312,77.5199966430664,76.41999816894531,76.5,8196700
2017-09-07,65.66132354736328,77.68000030517578,78.73999786376953,76.5,78.33000183105469,10408600
2017-09-08,66.40516662597656,78.55999755859375,79.3499984741211,77.62999725341797,78.05000305175781,11616600
2017-09-11,65.50914764404297,77.5,78.25,76.58999633789062,77.94000244140625,7582200
2017-09-12,66.48970031738281,78.66000366210938,78.80000305175781,77.52999877929688,77.87999725341797,5239100
2017-09-13,65.81346893310547,77.86000061035156,79.43000030517578,77.72000122070312,78.83000183105469,7471900
2017-09-14,66.32064056396484,78.45999908447266,78.58999633789062,77.9000015258789,77.9000015258789,5601200
2017-09-15,65.92335510253906,77.98999786376953,78.77999877929688,77.94999694824219,78.43000030517578,14518200
2017-09-18,65.65288543701172,77.66999816894531,78.19000244140625,77.30999755859375,77.83000183105469,8341900
2017-09-19,65.50071716308594,77.48999786376953,78.1500015258789,77.19999694824219,77.75,5989100
2017-09-20,65.85575103759766,77.91000366210938,78.08000183105469,77.19999694824219,77.2300033569336,6672100
2017-09-21,65.96562194824219,78.04000091552734,78.20999908447266,77.48999786376953,78.0,6188200
2017-09-22,66.126220703125,78.2300033569336,78.44000244140625,78.0,78.08000183105469,5981200
2017-09-25,67.06448364257812,79.33999633789062,79.5199966430664,78.26000213623047,78.26000213623047,8822400
2017-09-26,67.02220916748047,79.29000091552734,79.81999969482422,78.94000244140625,79.54000091552734,5260600
2017-09-27,66.97151947021484,79.2300033569336,79.80000305175781,78.62999725341797,79.55999755859375,5100400
2017-09-28,67.15745544433594,79.44999694824219,79.69000244140625,78.9000015258789,79.0999984741211,4631700
2017-09-29,67.57166290283203,79.94000244140625,80.1500015258789,79.33000183105469,79.58000183105469,4451600
2017-10-02,68.29011535644531,80.79000091552734,81.2699966430664,79.8499984741211,80.04000091552734,7335000
2017-10-03,68.76348876953125,81.3499984741211,81.61000061035156,80.86000061035156,80.88999938964844,3967700
2017-10-04,68.85649108886719,81.45999908447266,81.73999786376953,81.05999755859375,81.31999969482422,4277500
2017-10-05,69.53270721435547,82.26000213623047,82.73999786376953,81.27999877929688,81.37999725341797,5202900
2017-10-06,69.194580078125,81.86000061035156,82.63999938964844,81.58999633789062,82.1500015258789,4076400
2017-10-09,69.09315490722656,81.73999786376953,82.41000366210938,81.52999877929688,81.9000015258789,3815400
2017-10-10,68.55216979980469,81.0999984741211,81.87000274658203,81.0199966430664,81.63999938964844,4070400
2017-10-11,68.64515686035156,81.20999908447266,81.55999755859375,81.04000091552734,81.16999816894531,4912100
2017-10-12,68.949462890625,81.56999969482422,81.83000183105469,80.73999786376953,81.19999694824219,3463000
2017-10-13,69.59185028076172,82.33000183105469,82.5199966430664,81.56999969482422,81.72000122070312,5530000
2017-10-16,68.63670349121094,81.19999694824219,82.44000244140625,81.0999984741211,82.23999786376953,4688000
2017-10-17,68.56061553955078,81.11000061035156,81.68000030517578,80.2300033569336,81.27999877929688,5517700
2017-10-18,68.25631713867188,80.75,81.31999969482422,80.70999908447266,81.16000366210938,4062000
2017-10-19,68.69587707519531,81.2699966430664,81.4000015258789,80.43000030517578,80.68000030517578,3339400
2017-10-20,67.65616607666016,80.04000091552734,81.63999938964844,79.94000244140625,81.55999755859375,6506600
2017-10-23,67.96893310546875,80.41000366210938,81.19999694824219,80.12000274658203,80.2300033569336,5818100
2017-10-24,68.9544906616211,81.16000366210938,81.16000366210938,79.73999786376953,79.86000061035156,4930400
2017-10-25,68.8100357055664,80.98999786376953,81.55000305175781,80.52999877929688,81.13999938964844,4258900
2017-10-26,69.26884460449219,81.52999877929688,82.4800033569336,80.95999908447266,81.11000061035156,5134000
2017-10-27,68.4872055053711,80.61000061035156,81.0199966430664,79.41999816894531,80.75,7317100
2017-10-30,67.4676742553711,79.41000366210938,80.31999969482422,79.4000015258789,80.2699966430664,7204600
2017-10-31,67.92643737792969,79.94999694824219,80.20999908447266,79.44999694824219,79.5,5066600
2017-11-01,67.90096282958984,79.91999816894531,80.5,79.41999816894531,79.62000274658203,4605500
2017-11-02,65.12274169921875,76.6500015258789,79.30000305175781,75.36000061035156,79.19999694824219,11445200
2017-11-03,66.20173645019531,77.91999816894531,78.11000061035156,76.62000274658203,76.98999786376953,5412000
2017-11-06,65.7684555053711,77.41000366210938,78.37000274658203,77.2699966430664,78.30999755859375,3870900
2017-11-07,65.95536041259766,77.62999725341797,78.31999969482422,77.22000122070312,77.70999908447266,4611900
2017-11-08,66.34616088867188,78.08999633789062,78.5199966430664,77.19000244140625,77.5,4745700
2017-11-09,66.33769226074219,78.08000183105469,78.30999755859375,77.38999938964844,77.9000015258789,4536400
2017-11-10,65.83641052246094,77.48999786376953,78.0199966430664,77.27999877929688,77.93000030517578,7451900
2017-11-13,65.8703842163086,77.52999877929688,77.87999725341797,77.19000244140625,77.5,6964100
2017-11-14,67.31473541259766,79.2300033569336,79.26000213623047,77.13999938964844,77.16999816894531,6499200
2017-11-15,66.58406829833984,78.37000274658203,79.04000091552734,78.2699966430664,79.0,5200400
2017-11-16,67.5186538696289,79.47000122070312,79.55000305175781,78.2300033569336,78.69999694824219,5529000
2017-11-17,68.1558609008789,80.22000122070312,80.5,79.16999816894531,79.51000213623047,6966500
2017-11-20,69.20935821533203,81.45999908447266,81.9000015258789,80.37999725341797,81.27999877929688,7507100
2017-11-21,68.47020721435547,80.58999633789062,82.22000122070312,79.5,79.69999694824219,13081200
2017-11-22,67.5951156616211,79.55999755859375,81.18000030517578,79.55000305175781,80.83999633789062,7001400
2017-11-24,67.3232192993164,79.23999786376953,79.94999694824219,79.11000061035156,79.93000030517578,2842000
2017-11-27,67.82450103759766,79.83000183105469,80.77999877929688,79.54000091552734,79.94999694824219,6651100
2017-11-28,69.39629364013672,81.68000030517578,81.73999786376953,79.69000244140625,79.69000244140625,7636900
2017-11-29,70.77264404296875,83.30000305175781,84.36000061035156,81.5999984741211,81.75,10573500
2017-11-30,70.8321304321289,83.37000274658203,84.68000030517578,83.0999984741211,83.44999694824219,9110000
2017-12-01,71.56279754638672,84.2300033569336,84.41999816894531,82.12000274658203,83.23999786376953,4935300
2017-12-04,74.79981231689453,88.04000091552734,88.4800033569336,84.70999908447266,84.94000244140625,13046100
2017-12-05,73.3299789428711,86.30999755859375,88.55000305175781,86.27999877929688,88.02999877929688,9666000
2017-12-06,70.00798797607422,82.4000015258789,86.08999633789062,82.37000274658203,83.5,12291000
2017-12-07,71.05300903320312,83.62999725341797,83.73999786376953,82.2300033569336,82.41000366210938,10391100
2017-12-08,72.72677612304688,85.5999984741211,85.7300033569336,83.8499984741211,83.8499984741211,7696300
2017-12-11,72.67578125,85.54000091552734,86.0999984741211,85.20999908447266,85.58000183105469,6775400
2017-12-12,72.20848846435547,84.98999786376953,85.70999908447266,84.87999725341797,85.52999877929688,7125600
2017-12-13,72.72677612304688,85.5999984741211,85.79000091552734,85.11000061035156,85.3499984741211,5956700
2017-12-14,72.70977020263672,85.58000183105469,86.3499984741211,85.37999725341797,86.04000091552734,3908500
2017-12-15,73.65282440185547,86.69000244140625,87.13999938964844,85.97000122070312,85.9800033569336,7933000
2017-12-18,74.29004669189453,87.44000244140625,88.08999633789062,87.04000091552734,87.12000274658203,7188500
2017-12-19,75.49647521972656,88.86000061035156,89.33000183105469,87.2300033569336,87.8499984741211,5659300
2017-12-20,76.62647247314453,90.19000244140625,90.94000244140625,88.93000030517578,89.2300033569336,6527400
2017-12-21,77.08528900146484,90.7300033569336,91.02999877929688,89.9000015258789,89.95999908447266,5826400
2017-12-22,77.47608184814453,91.19000244140625,91.25,90.19000244140625,90.91000366210938,3620900
2017-12-26,78.07080078125,91.88999938964844,92.08000183105469,91.11000061035156,91.30000305175781,2757600
2017-12-27,78.25772857666016,92.11000061035156,92.4000015258789,91.88999938964844,91.95999908447266,2761200
2017-12-28,78.89492797851562,92.86000061035156,92.94000244140625,92.16999816894531,92.54000091552734,3563800
2017-12-29,78.962890625,92.94000244140625,93.55000305175781,92.91000366210938,93.41000366210938,3372000
2018-01-02,77.84142303466797,91.62000274658203,93.45999908447266,91.5199966430664,93.0199966430664,6572600
2018-01-03,78.1812515258789,92.0199966430664,92.08999633789062,91.16999816894531,91.75,4572000
2018-01-04,78.79301452636719,92.73999786376953,92.81999969482422,91.58000183105469,92.19000244140625,3542800
2018-01-05,80.49221801757812,94.73999786376953,94.80000305175781,93.76000213623047,94.0,5524200
2018-01-08,79.61711120605469,93.70999908447266,95.12999725341797,93.66999816894531,94.37999725341797,6191600
2018-01-09,80.33079528808594,94.55000305175781,94.91999816894531,93.55999755859375,94.31999969482422,4112200
2018-01-10,80.00792694091797,94.16999816894531,94.83000183105469,93.8499984741211,94.45999908447266,2778000
2018-01-11,81.34183502197266,95.73999786376953,95.77999877929688,94.01000213623047,94.54000091552734,3172600
2018-01-12,85.69183349609375,100.86000061035156,102.27999877929688,95.62999725341797,96.01000213623047,14247600
2018-01-16,85.78527069091797,100.97000122070312,105.5999984741211,100.08999633789062,101.5,13570400
2018-01-17,86.3885269165039,101.68000030517578,102.29000091552734,100.55999755859375,101.26000213623047,5296100
2018-01-18,86.11665344238281,101.36000061035156,102.12999725341797,100.80999755859375,102.0199966430664,5956600
2018-01-19,89.16674041748047,104.94999694824219,105.3499984741211,102.47000122070312,104.27999877929688,9558300
2018-01-22,91.00191497802734,107.11000061035156,107.37999725341797,105.3499984741211,107.0,7084300
2018-01-23,91.35157775878906,107.11000061035156,108.30999755859375,106.1500015258789,107.0,6118200
2018-01-24,91.01897430419922,106.72000122070312,107.63999938964844,105.9000015258789,107.38999938964844,4127500
2018-01-25,90.72898864746094,106.37999725341797,108.9800033569336,106.11000061035156,108.94000244140625,4864800
2018-01-26,91.59892272949219,107.4000015258789,107.4000015258789,105.52999877929688,106.63999938964844,4017200
2018-01-29,91.12128448486328,106.83999633789062,108.37999725341797,106.68000030517578,108.0,3787300
2018-01-30,89.70555114746094,105.18000030517578,106.13999938964844,104.62999725341797,105.70999908447266,6360800
2018-01-31,89.32176971435547,104.7300033569336,106.19999694824219,104.54000091552734,105.66999816894531,7082200
2018-02-01,88.57974243164062,103.86000061035156,105.08000183105469,103.25,103.83999633789062,4922900
2018-02-02,86.56694793701172,101.5,103.86000061035156,101.1500015258789,103.8499984741211,6247900
2018-02-05,83.22369384765625,97.58000183105469,103.11000061035156,97.04000091552734,101.37999725341797,8339800
2018-02-06,85.47528076171875,100.22000122070312,100.91999816894531,94.80999755859375,95.29000091552734,9031200
2018-02-07,85.21942138671875,99.91999816894531,102.31999969482422,99.75,100.0,5257300
2018-02-08,81.03177642822266,95.01000213623047,100.11000061035156,94.88999938964844,99.91999816894531,7673100
2018-02-09,82.8740005493164,97.16999816894531,98.16000366210938,92.51000213623047,96.19000244140625,9667800
2018-02-12,83.3942642211914,97.77999877929688,99.0,97.16999816894531,98.25,8067600
2018-02-13,81.92729949951172,96.05999755859375,97.61000061035156,94.87000274658203,96.95999908447266,5541700
2018-02-14,82.6693115234375,96.93000030517578,97.4000015258789,94.4000015258789,95.08999633789062,8395800
2018-02-15,82.31109619140625,96.51000213623047,98.19000244140625,95.62000274658203,98.18000030517578,5729300
2018-02-16,82.1405258178711,96.30999755859375,97.66999816894531,95.79000091552734,96.4800033569336,5331500
2018-02-20,81.57763671875,95.6500015258789,97.68000030517578,95.43000030517578,96.55000305175781,6648700
2018-02-21,81.313232421875,95.33999633789062,97.19999694824219,95.22000122070312,96.0,4248700
2018-02-22,82.63517761230469,96.88999938964844,97.18000030517578,95.7300033569336,96.0199966430664,4461200
2018-02-23,83.14689636230469,97.48999786376953,97.62000274658203,96.62000274658203,97.33000183105469,4358200
2018-02-26,83.16397094726562,97.51000213623047,97.9800033569336,96.70999908447266,97.91999816894531,4733600
2018-02-27,81.69703674316406,95.79000091552734,98.41000366210938,95.4800033569336,97.62000274658203,8503300
2018-02-28,76.4092025756836,89.58999633789062,92.22000122070312,86.75,87.4000015258789,34109800
2018-03-01,75.01901245117188,87.95999908447266,89.69999694824219,87.11000061035156,89.56999969482422,15153400
2018-03-02,72.78447723388672,85.33999633789062,87.33999633789062,85.08000183105469,86.87999725341797,12476800
2018-03-05,73.62882232666016,86.33000183105469,87.0199966430664,85.05000305175781,85.05999755859375,8324600
2018-03-06,74.30260467529297,87.12000274658203,87.19999694824219,86.29000091552734,86.5,6359000
2018-03-07,73.4411849975586,86.11000061035156,86.80999755859375,85.51000213623047,86.48999786376953,6417100
2018-03-08,73.48382568359375,86.16000366210938,86.80999755859375,85.45999908447266,86.44000244140625,4711800
2018-03-09,74.43903350830078,87.27999877929688,87.33000183105469,86.2300033569336,86.75,6370400
2018-03-12,74.78019714355469,87.68000030517578,88.05999755859375,87.01000213623047,87.25,5797500
2018-03-13,73.46675872802734,86.13999938964844,88.0199966430664,85.9000015258789,87.7300033569336,5792000
2018-03-14,73.67144775390625,86.37999725341797,86.91999816894531,85.26000213623047,86.73999786376953,7045600
2018-03-15,72.95503997802734,85.54000091552734,86.6500015258789,85.29000091552734,86.55000305175781,4737800
2018-03-16,74.20024108886719,87.0,87.33999633789062,85.52999877929688,85.52999877929688,8772400
2018-03-19,73.16825103759766,85.79000091552734,87.0199966430664,85.30000305175781,86.61000061035156,6767000
2018-03-20,73.11713409423828,85.7300033569336,86.44999694824219,85.06999969482422,86.19000244140625,4797800
2018-03-21,74.41345977783203,87.25,87.9800033569336,85.66999816894531,85.88999938964844,6808700
2018-03-22,73.09149932861328,85.69999694824219,87.2699966430664,85.6500015258789,86.5,12067700
2018-03-23,71.44544219970703,83.7699966430664,86.12999725341797,83.73999786376953,85.94000244140625,7383700
2018-03-26,76.161865234375,89.30000305175781,90.33000183105469,87.6500015258789,88.36000061035156,13886800
2018-03-27,73.31322479248047,85.95999908447266,89.0,85.51000213623047,89.0,10944900
2018-03-28,73.24501037597656,85.87999725341797,86.93000030517578,85.08000183105469,86.08999633789062,7725100
2018-03-29,74.83989715576172,87.75,88.0,85.97000122070312,86.2300033569336,8515600
2018-04-02,72.14482879638672,84.58999633789062,87.55000305175781,83.08000183105469,87.3499984741211,9611700
2018-04-03,72.87830352783203,85.44999694824219,86.01000213623047,84.33999633789062,85.0199966430664,7352900
2018-04-04,75.10427856445312,88.05999755859375,88.2699966430664,84.1500015258789,84.31999969482422,7860800
2018-04-05,75.69278717041016,88.75,89.05000305175781,88.2300033569336,88.51000213623047,5098000
2018-04-06,75.25779724121094,88.23999786376953,89.1500015258789,87.22000122070312,88.13999938964844,8757100
2018-04-09,72.69918060302734,85.23999786376953,88.5999984741211,85.06999969482422,88.45999908447266,7343900
2018-04-10,74.31962585449219,87.13999938964844,87.29000091552734,85.37999725341797,85.88999938964844,5633700
2018-04-11,73.90174865722656,86.6500015258789,87.7699966430664,86.2300033569336,86.36000061035156,4643900
2018-04-12,74.234375,87.04000091552734,87.30000305175781,86.66999816894531,86.93000030517578,3931300
2018-04-13,73.54352569580078,86.2300033569336,87.62999725341797,85.7699966430664,87.3499984741211,4826100
2018-04-16,73.39852905273438,86.05999755859375,86.9800033569336,85.86000061035156,86.75,5093300
2018-04-17,73.48382568359375,86.16000366210938,86.93000030517578,86.04000091552734,86.58000183105469,5132200
2018-04-18,73.6970443725586,86.41000366210938,87.44999694824219,86.05999755859375,86.3499984741211,5119500
2018-04-19,72.39215087890625,84.87999725341797,86.30000305175781,83.9800033569336,86.30000305175781,5719400
2018-04-20,71.31752014160156,83.62000274658203,85.55999755859375,83.27999877929688,85.37999725341797,7568700
2018-04-23,71.94012451171875,84.3499984741211,84.56999969482422,83.44999694824219,84.16999816894531,5084400
2018-04-24,71.05736541748047,82.91000366210938,85.06999969482422,82.55999755859375,84.7300033569336,5437000
2018-04-25,69.83180236816406,81.4800033569336,82.76000213623047,81.30999755859375,82.55999755859375,10821900
2018-04-26,71.3744888305664,83.27999877929688,84.08000183105469,81.63999938964844,81.75,9228400
2018-04-27,71.99154663085938,84.0,84.44999694824219,82.91000366210938,83.16000366210938,3985900
2018-04-30,70.64601135253906,82.43000030517578,84.37999725341797,82.43000030517578,84.30000305175781,4193700
2018-05-01,71.10022735595703,82.95999908447266,82.9800033569336,81.16000366210938,81.75,3967400
2018-05-02,71.95726013183594,83.95999908447266,85.22000122070312,82.51000213623047,82.66000366210938,6604200
2018-05-03,70.9887924194336,82.83000183105469,83.55999755859375,81.36000061035156,83.51000213623047,5679100
2018-05-04,72.18867492675781,84.2300033569336,84.73999786376953,82.20999908447266,82.58999633789062,3242700
2018-05-07,71.86297607421875,83.8499984741211,84.5199966430664,83.33999633789062,84.37999725341797,4805900
2018-05-08,72.2057876586914,84.25,84.27999877929688,83.0,83.43000030517578,3725700
2018-05-09,72.35151672363281,84.41999816894531,85.12999725341797,83.2699966430664,84.01000213623047,4222400
2018-05-10,72.90858459472656,85.06999969482422,85.5,84.08999633789062,84.80999755859375,5140900
2018-05-11,74.94834899902344,87.44999694824219,87.73999786376953,85.19999694824219,85.19999694824219,6844500
2018-05-14,74.20271301269531,86.58000183105469,87.93000030517578,86.05999755859375,87.69000244140625,5065400
2018-05-15,73.43994903564453,85.69000244140625,86.6500015258789,85.20999908447266,85.69999694824219,4735500
2018-05-16,73.28568267822266,85.51000213623047,86.12999725341797,85.18000030517578,86.01000213623047,3975100
2018-05-17,73.25138092041016,85.47000122070312,86.18000030517578,85.20999908447266,85.5999984741211,3180900
2018-05-18,73.99703979492188,86.33999633789062,86.87000274658203,85.22000122070312,85.30999755859375,5824100
2018-05-21,74.89691925048828,87.38999938964844,87.55000305175781,86.58999633789062,86.83999633789062,4311300
2018-05-22,73.4913558959961,85.75,90.3499984741211,85.58000183105469,90.05000305175781,10770300
2018-05-23,81.15332794189453,94.69000244140625,95.13999938964844,90.5199966430664,90.69999694824219,26304800
2018-05-24,82.69600677490234,96.48999786376953,96.75,93.06999969482422,93.8499984741211,10167500
2018-05-25,82.86740112304688,96.69000244140625,97.48999786376953,96.05000305175781,96.69999694824219,7642200
2018-05-29,82.08748626708984,95.77999877929688,96.75,95.4000015258789,95.5,5033600
2018-05-30,83.4930419921875,97.41999816894531,97.9800033569336,96.05000305175781,96.30999755859375,4928200
2018-05-31,81.42758178710938,95.01000213623047,97.83000183105469,94.86000061035156,97.4000015258789,7602100
2018-06-01,82.13035583496094,95.83000183105469,96.33999633789062,95.16000366210938,95.44000244140625,4786000
2018-06-04,83.63874816894531,97.58999633789062,97.9000015258789,95.88999938964844,95.94999694824219,5010400
2018-06-05,83.56161499023438,97.5,97.69000244140625,96.73999786376953,97.12000274658203,3836700
2018-06-06,84.41009521484375,98.48999786376953,98.63999938964844,97.13999938964844,97.9800033569336,4138000
2018-06-07,85.07858276367188,99.2699966430664,99.6500015258789,98.68000030517578,98.68000030517578,4242200
2018-06-08,85.89277648925781,100.22000122070312,100.30000305175781,98.51000213623047,99.11000061035156,3680400
2018-06-11,86.13275146484375,100.5,100.93000030517578,100.0,100.44000244140625,3568300
2018-06-12,86.13275146484375,100.5,101.33000183105469,99.86000061035156,101.25,3401900
2018-06-13,85.2414321899414,99.45999908447266,100.83000183105469,99.44000244140625,100.5999984741211,4309700
2018-06-14,84.98430633544922,99.16000366210938,99.9800033569336,98.66000366210938,99.5,4129900
2018-06-15,85.00143432617188,99.18000030517578,99.66999816894531,98.16999816894531,98.36000061035156,6197800
2018-06-18,84.49578857421875,98.58999633789062,99.38999938964844,98.30999755859375,98.43000030517578,3766100
2018-06-19,84.12725830078125,98.16000366210938,98.75,97.63999938964844,97.95999908447266,6228100
2018-06-20,84.36721801757812,98.44000244140625,98.94000244140625,97.68000030517578,98.0,4419700
2018-06-21,84.89860534667969,99.05999755859375,99.38999938964844,97.87000274658203,98.33999633789062,4388100
2018-06-22,84.1786880493164,98.22000122070312,99.47000122070312,98.0,99.36000061035156,5477300
2018-06-25,83.00453186035156,96.8499984741211,98.4800033569336,96.20999908447266,97.76000213623047,4219200
2018-06-26,83.24451446533203,97.12999725341797,97.66999816894531,96.94000244140625,97.36000061035156,4443400
2018-06-27,82.54174041748047,96.30999755859375,98.23999786376953,96.20999908447266,97.27999877929688,3296500
2018-06-28,82.27606201171875,96.0,96.73999786376953,95.19999694824219,96.0199966430664,3945100
2018-06-29,81.90753936767578,95.56999969482422,97.43000030517578,95.56999969482422,96.5999984741211,4212900
2018-07-02,81.3075942993164,94.87000274658203,95.55000305175781,93.95999908447266,95.36000061035156,6036300
2018-07-03,81.4704360961914,95.05999755859375,96.19999694824219,94.88999938964844,95.25,2193100
2018-07-05,81.86466979980469,95.5199966430664,95.68000030517578,94.80000305175781,95.41999816894531,3182400
2018-07-06,82.39604949951172,96.13999938964844,96.51000213623047,94.51000213623047,95.25,3818600
2018-07-09,83.09881591796875,96.95999908447266,97.7300033569336,96.26000213623047,96.55999755859375,2646000
2018-07-10,84.85575103759766,99.01000213623047,99.41000366210938,97.63999938964844,97.98999786376953,4547800
2018-07-11,84.5129165649414,98.61000061035156,98.9000015258789,97.56999969482422,98.5,3796900
2018-07-12,84.24725341796875,98.30000305175781,99.06999969482422,97.91000366210938,99.0199966430664,2995100
2018-07-13,85.3442611694336,99.58000183105469,100.73999786376953,98.87000274658203,99.0,5197600
2018-07-16,85.38710021972656,99.62999725341797,99.8499984741211,98.75,99.66999816894531,2502200
2018-07-17,85.9184799194336,100.25,100.45999908447266,99.37999725341797,99.5999984741211,2866300
2018-07-18,86.60411834716797,101.05000305175781,101.0999984741211,100.2300033569336,100.33999633789062,2922700
2018-07-19,86.89550018310547,101.38999938964844,101.9800033569336,100.81999969482422,101.0,2742300
2018-07-20,86.26986694335938,100.66000366210938,101.25,100.44999694824219,101.11000061035156,5424700
2018-07-23,86.69837188720703,101.16000366210938,101.4800033569336,100.12999725341797,100.16000366210938,3626200
2018-07-24,86.11280822753906,100.0,101.4800033569336,99.58000183105469,101.2699966430664,3017400
2018-07-25,85.26890563964844,99.0199966430664,100.05999755859375,97.83999633789062,99.88999938964844,4288700
2018-07-26,84.83834075927734,98.5199966430664,99.41999816894531,97.9800033569336,99.0999984741211,3063400
2018-07-27,84.39054870605469,98.0,99.4000015258789,97.54000091552734,99.0,3718900
2018-07-30,85.4928207397461,99.27999877929688,99.54000091552734,98.05000305175781,98.06999969482422,4518400
2018-07-31,85.54447174072266,99.33999633789062,100.16000366210938,98.95999908447266,99.38999938964844,3239400
2018-08-01,84.35612487792969,97.95999908447266,99.31999969482422,97.70999908447266,98.98999786376953,2942100
2018-08-02,83.9083251953125,97.44000244140625,97.88999938964844,96.73999786376953,97.69999694824219,4253500
2018-08-03,84.07196044921875,97.62999725341797,98.44999694824219,97.4800033569336,97.83000183105469,3546800
2018-08-06,84.17527770996094,97.75,98.02999877929688,97.3499984741211,97.5199966430664,3247200
2018-08-07,85.06224822998047,98.77999877929688,99.0,97.37999725341797,97.66000366210938,2754800
2018-08-08,85.13973236083984,98.87000274658203,99.30000305175781,98.5199966430664,98.80999755859375,1816100
2018-08-09,86.0611572265625,99.94000244140625,100.58000183105469,98.87999725341797,99.43000030517578,4206500
2018-08-10,84.65750122070312,98.30999755859375,99.62000274658203,98.02999877929688,99.16999816894531,3068300
2018-08-13,83.60694885253906,97.08999633789062,98.61000061035156,97.04000091552734,98.30999755859375,3399300
2018-08-14,84.73501586914062,98.4000015258789,98.56999969482422,96.23999786376953,97.44999694824219,3754500
2018-08-15,83.383056640625,96.83000183105469,97.94999694824219,96.26000213623047,97.75,3979200
2018-08-16,84.11502075195312,97.68000030517578,98.2300033569336,97.16000366210938,97.26000213623047,4325100
2018-08-17,84.37334442138672,97.9800033569336,98.2300033569336,97.33000183105469,97.66999816894531,2575800
2018-08-20,85.22588348388672,98.97000122070312,99.13999938964844,97.91000366210938,97.9800033569336,3467000
2018-08-21,85.888916015625,99.73999786376953,100.29000091552734,98.80999755859375,99.29000091552734,5599900
2018-08-22,90.86624145507812,105.5199966430664,109.80000305175781,104.2699966430664,104.97000122070312,24973400
2018-08-23,92.26988983154297,107.1500015258789,107.63999938964844,106.19999694824219,106.93000030517578,7492700
2018-08-24,91.96849822998047,106.80000305175781,108.01000213623047,106.66000366210938,106.83999633789062,5107100
2018-08-27,92.11488342285156,106.97000122070312,107.98999786376953,106.7699966430664,107.41000366210938,3119400
2018-08-28,93.23435974121094,108.2699966430664,108.38999938964844,106.88999938964844,106.88999938964844,3794600
2018-08-29,93.58743286132812,108.68000030517578,108.86000061035156,107.62000274658203,108.25,3297800
2018-08-30,92.89850616455078,107.87999725341797,108.48999786376953,107.58999633789062,108.29000091552734,2533300
2018-08-31,93.64768981933594,108.75,108.83000183105469,107.69000244140625,107.77999877929688,4263300
2018-09-04,94.663818359375,109.93000030517578,110.2300033569336,108.02999877929688,108.38999938964844,3883800
2018-09-05,93.35491943359375,108.41000366210938,110.77999877929688,108.37999725341797,109.66000366210938,4722900
2018-09-06,94.190185546875,109.37999725341797,109.68000030517578,108.27999877929688,108.44000244140625,3621600
2018-09-07,94.37103271484375,109.58999633789062,110.48999786376953,108.81999969482422,108.98999786376953,3826200
2018-09-10,96.78218078613281,112.38999938964844,112.88999938964844,110.23999786376953,110.72000122070312,6210600
2018-09-11,98.3236312866211,114.18000030517578,114.52999877929688,112.0999984741211,112.94999694824219,5757700
2018-09-12,98.4614028930664,114.33999633789062,114.54000091552734,112.83999633789062,114.30999755859375,5515400
2018-09-13,97.09220886230469,112.75,113.69999694824219,112.01000213623047,113.48999786376953,4856500
2018-09-14,98.07389068603516,113.88999938964844,114.2300033569336,112.16000366210938,113.26000213623047,5294700
2018-09-17,97.94474029541016,113.73999786376953,114.1500015258789,113.41000366210938,113.68000030517578,4780000
2018-09-18,99.50336456298828,115.55000305175781,115.72000122070312,113.22000122070312,113.30000305175781,4439400
2018-09-19,100.11475372314453,116.26000213623047,116.5,115.4800033569336,115.69000244140625,3587400
2018-09-20,100.4936752319336,116.69999694824219,116.86000061035156,116.0199966430664,116.0199966430664,4663800
2018-09-21,100.61421966552734,116.83999633789062,117.3499984741211,116.33999633789062,116.94000244140625,9171800
2018-09-24,99.03837585449219,115.01000213623047,116.58000183105469,114.83000183105469,116.20999908447266,5647500
2018-09-25,99.20196533203125,115.19999694824219,116.0,114.94000244140625,115.31999969482422,3999100
2018-09-26,98.8488998413086,114.79000091552734,116.19000244140625,114.7699966430664,115.77999877929688,4293700
2018-09-27,98.59918212890625,114.5,115.18000030517578,113.56999969482422,114.58999633789062,4419900
2018-09-28,98.87474060058594,114.81999969482422,117.69999694824219,114.68000030517578,116.62999725341797,5745200
2018-10-01,98.22889709472656,114.06999969482422,115.62999725341797,114.04000091552734,115.58000183105469,4430100
2018-10-02,96.95441436767578,112.58999633789062,114.7699966430664,112.56999969482422,114.37999725341797,5055600
2018-10-03,96.2310791015625,111.75,113.51000213623047,111.54000091552734,113.0,6153900
2018-10-04,95.39579772949219,110.77999877929688,111.83000183105469,110.0199966430664,111.75,5750200
2018-10-05,94.50021362304688,109.73999786376953,111.11000061035156,108.38999938964844,110.63999938964844,5278500
2018-10-08,94.63799285888672,109.9000015258789,110.08999633789062,108.7699966430664,109.5199966430664,4187000
2018-10-09,94.0093765258789,109.16999816894531,110.9800033569336,109.1500015258789,110.08999633789062,3425800
2018-10-10,91.52931213378906,106.29000091552734,111.11000061035156,106.05999755859375,110.93000030517578,5258200
2018-10-11,89.75540924072266,104.2300033569336,108.73999786376953,103.80999755859375,106.38999938964844,6025200
2018-10-12,90.72846984863281,105.36000061035156,107.02999877929688,104.0199966430664,105.75,4504400
2018-10-15,90.13429260253906,104.66999816894531,105.91000366210938,104.63999938964844,105.36000061035156,3802200
2018-10-16,91.26235961914062,105.9800033569336,106.55999755859375,104.2300033569336,105.05000305175781,3637300
2018-10-17,88.21397399902344,102.44000244140625,103.31999969482422,101.38999938964844,102.37000274658203,5960100
2018-10-18,85.86312103271484,99.70999908447266,102.37000274658203,99.5199966430664,102.16000366210938,7071800
2018-10-19,85.75978088378906,99.58999633789062,100.55999755859375,98.94999694824219,99.77999877929688,4686600
2018-10-22,84.72642517089844,98.38999938964844,100.26000213623047,98.18000030517578,99.88999938964844,3770500
2018-10-23,84.90811920166016,98.12000274658203,98.87999725341797,95.5999984741211,96.83999633789062,6968500
2018-10-24,83.5322265625,96.52999877929688,100.70999908447266,96.31999969482422,98.31999969482422,5724500
2018-10-25,84.76101684570312,97.94999694824219,98.77999877929688,95.76000213623047,97.05999755859375,4534900
2018-10-26,81.15251922607422,93.77999877929688,96.62999725341797,93.0999984741211,96.36000061035156,6600000
2018-10-29,80.35639190673828,92.86000061035156,95.55000305175781,91.61000061035156,94.86000061035156,4245000
2018-10-30,81.98324584960938,94.73999786376953,95.0199966430664,92.98999786376953,93.11000061035156,4913000
2018-10-31,82.39861297607422,95.22000122070312,97.55000305175781,95.04000091552734,95.81999969482422,5792000
2018-11-01,84.31968688964844,97.44000244140625,97.80999755859375,94.5999984741211,95.29000091552734,4626900
2018-11-02,83.78315734863281,96.81999969482422,99.11000061035156,95.80000305175781,98.41999816894531,4535500
2018-11-05,83.99950408935547,97.06999969482422,97.63999938964844,95.69000244140625,96.6500015258789,3309700
2018-11-06,84.3802490234375,97.51000213623047,97.58999633789062,96.33000183105469,96.77999877929688,2432200
2018-11-07,87.05418395996094,100.5999984741211,100.66000366210938,96.9000015258789,98.0999984741211,6632600
2018-11-08,86.07633972167969,99.47000122070312,100.69000244140625,98.9800033569336,99.38999938964844,4918600
2018-11-09,83.78315734863281,96.81999969482422,99.05000305175781,96.43000030517578,98.94999694824219,5187000
2018-11-12,82.77072143554688,95.6500015258789,97.66000366210938,95.4000015258789,96.5999984741211,6183400
2018-11-13,82.71878051757812,95.58999633789062,96.19999694824219,93.7699966430664,94.94999694824219,5196700
2018-11-14,82.13037872314453,94.91000366210938,97.4000015258789,94.38999938964844,96.66999816894531,4380800
2018-11-15,81.06598663330078,93.68000030517578,94.44000244140625,91.58000183105469,94.11000061035156,6747700
2018-11-16,80.6938705444336,93.25,93.47000122070312,92.01000213623047,92.83999633789062,4090600
2018-11-19,79.04972839355469,91.3499984741211,93.9000015258789,90.58000183105469,93.30999755859375,5898000
2018-11-20,74.57585144042969,86.18000030517578,89.62000274658203,84.75,85.86000061035156,10061000
2018-11-21,76.4709701538086,88.37000274658203,89.0199966430664,86.20999908447266,86.55000305175781,7344500
2018-11-23,75.98638916015625,87.80999755859375,88.5999984741211,87.54000091552734,88.0199966430664,3008400
2018-11-26,77.28439331054688,89.30999755859375,89.4800033569336,87.30000305175781,88.66999816894531,5151100
2018-11-27,79.30066680908203,91.63999938964844,91.63999938964844,89.11000061035156,89.11000061035156,5608100
2018-11-28,81.07463836669922,93.69000244140625,93.73999786376953,90.62000274658203,92.04000091552734,6964000
2018-11-29,80.65062713623047,93.19999694824219,93.55000305175781,91.95999908447266,93.3499984741211,5398800
2018-11-30,81.6630859375,94.37000274658203,94.52999877929688,92.45999908447266,92.94999694824219,6881000
2018-12-03,81.59384155273438,94.29000091552734,96.05999755859375,93.83999633789062,95.48999786376953,5645500
2018-12-04,78.16704559326172,90.33000183105469,95.0999984741211,89.93000030517578,94.5199966430664,6114000
2018-12-06,78.70357513427734,90.94999694824219,91.0199966430664,87.4800033569336,88.83999633789062,5954300
2018-12-07,77.36227416992188,89.4000015258789,92.29000091552734,89.05000305175781,90.37000274658203,4968600
2018-12-10,77.38823699951172,89.43000030517578,90.27999877929688,87.30000305175781,89.73999786376953,3262700
2018-12-11,77.43150329589844,89.4800033569336,92.08000183105469,89.0,90.3499984741211,4137000
2018-12-12,79.70735931396484,92.11000061035156,93.73999786376953,87.66999816894531,89.98999786376953,10837300
2018-12-13,81.59384155273438,94.29000091552734,94.5,92.13999938964844,92.80000305175781,7984600
2018-12-14,80.7890625,93.36000061035156,94.94999694824219,92.97000122070312,93.68000030517578,7103900
2018-12-17,78.27088928222656,90.44999694824219,92.88999938964844,89.80000305175781,92.79000091552734,6047700
2018-12-18,79.14490509033203,91.45999908447266,92.95999908447266,90.75,91.37000274658203,4574500
2018-12-19,78.16704559326172,90.33000183105469,93.95999908447266,89.68000030517578,91.76000213623047,5188700
2018-12-20,77.15458679199219,89.16000366210938,90.94999694824219,87.43000030517578,89.61000061035156,6819300
2018-12-21,75.83926391601562,87.63999938964844,91.45999908447266,87.54000091552734,89.51000213623047,8070300
2018-12-24,74.38546752929688,85.95999908447266,88.37999725341797,85.9000015258789,87.06999969482422,3121700
2018-12-26,78.78144073486328,91.04000091552734,91.05000305175781,86.4800033569336,86.51000213623047,4335100
2018-12-27,79.49105072021484,91.86000061035156,91.91999816894531,88.33000183105469,89.56999969482422,4700400
2018-12-28,79.49970245361328,91.87000274658203,93.20999908447266,91.19000244140625,92.2300033569336,3825300
2018-12-31,79.92372131347656,92.36000061035156,93.63999938964844,91.5199966430664,92.80000305175781,4034100
2019-01-02,79.84583282470703,92.2699966430664,92.83999633789062,90.77999877929688,91.22000122070312,4198200
2019-01-03,78.89395141601562,91.16999816894531,92.5199966430664,90.6500015258789,91.6500015258789,3798900
2019-01-04,81.23038482666016,93.87000274658203,94.43000030517578,91.88999938964844,91.94999694824219,4107400
2019-01-07,82.77072143554688,95.6500015258789,96.80000305175781,93.68000030517578,93.68000030517578,4885000
2019-01-08,84.48412322998047,97.62999725341797,97.86000061035156,95.61000061035156,96.66000366210938,4663500
2019-01-09,83.96488952636719,97.02999877929688,98.22000122070312,96.68000030517578,97.37999725341797,5692200
2019-01-10,83.05628204345703,95.9800033569336,96.52999877929688,94.66999816894531,96.36000061035156,4494000
2019-01-11,84.19853210449219,97.30000305175781,97.61000061035156,95.4000015258789,95.72000122070312,3682100
2019-01-14,83.86105346679688,96.91000366210938,97.19000244140625,96.18000030517578,96.33999633789062,2931600
2019-01-15,82.13037872314453,94.91000366210938,95.7699966430664,94.26000213623047,95.7699966430664,4922000
2019-01-16,81.30827331542969,93.95999908447266,95.38999938964844,93.8499984741211,94.81999969482422,4579200
2019-01-17,79.65544128417969,92.05000305175781,92.72000122070312,91.20999908447266,92.62999725341797,6947600
2019-01-18,82.19092559814453,94.9800033569336,95.02999877929688,92.68000030517578,92.83000183105469,7206500
2019-01-22,79.63387298583984,91.55999755859375,93.41000366210938,90.75,93.41000366210938,5950000
2019-01-23,79.86870574951172,91.83000183105469,92.23999786376953,90.2300033569336,91.16000366210938,4842300
2019-01-24,79.8426284790039,91.80000305175781,92.16999816894531,91.11000061035156,91.83999633789062,4047200
2019-01-25,81.59949493408203,93.81999969482422,93.86000061035156,92.55000305175781,92.55000305175781,4750900
2019-01-28,81.01675415039062,93.1500015258789,93.36000061035156,92.01000213623047,93.08000183105469,3631900
2019-01-29,81.26029968261719,93.43000030517578,93.52999877929688,92.1500015258789,92.41000366210938,3125500
2019-01-30,83.2780990600586,95.75,96.4000015258789,93.5199966430664,93.76000213623047,4965900
2019-01-31,83.63469696044922,96.16000366210938,97.48999786376953,94.91000366210938,95.29000091552734,5400500
2019-02-01,84.46096801757812,97.11000061035156,97.16000366210938,95.83999633789062,96.20999908447266,5324100
2019-02-04,85.12197875976562,97.87000274658203,98.01000213623047,96.91000366210938,97.63999938964844,2801400
2019-02-05,85.32200622558594,98.0999984741211,98.58000183105469,97.4800033569336,97.66999816894531,3667000
2019-02-06,84.5305404663086,97.19000244140625,98.2300033569336,96.8499984741211,97.91999816894531,2952600
2019-02-07,84.26093292236328,96.87999725341797,97.13999938964844,95.93000030517578,96.48999786376953,3990200
2019-02-08,84.51314544677734,97.16999816894531,97.3499984741211,95.9800033569336,96.45999908447266,6217700
2019-02-11,84.26093292236328,96.87999725341797,97.44000244140625,96.6500015258789,97.19000244140625,3045600
2019-02-12,86.5135498046875,99.47000122070312,99.88999938964844,97.26000213623047,97.55000305175781,3553200
2019-02-13,88.24433898925781,101.45999908447266,101.76000213623047,99.88999938964844,99.94999694824219,6576400
2019-02-14,88.28785705566406,101.51000213623047,101.95999908447266,99.80000305175781,100.80000305175781,3009800
2019-02-15,90.66224670410156,104.23999786376953,104.5,102.43000030517578,102.73999786376953,4666100
2019-02-19,91.37542724609375,105.05999755859375,105.70999908447266,103.80000305175781,104.0199966430664,3342800
2019-02-20,91.89728546142578,105.66000366210938,105.91000366210938,104.80000305175781,105.66000366210938,3328300
2019-02-21,91.77550506591797,105.5199966430664,106.3499984741211,105.04000091552734,105.51000213623047,3395400
2019-02-22,92.42781829833984,106.2699966430664,106.3499984741211,105.4000015258789,105.88999938964844,2734600
2019-02-25,91.33197021484375,105.01000213623047,107.0,104.62999725341797,107.0,4665100
2019-02-26,91.34932708740234,105.02999877929688,105.08000183105469,102.73999786376953,103.2300033569336,7954700
2019-02-27,93.60198974609375,107.62000274658203,109.91999816894531,105.20999908447266,109.01000213623047,8874700
2019-02-28,91.40153503417969,105.08999633789062,107.51000213623047,104.0999984741211,107.51000213623047,8144300
2019-03-01,90.41873168945312,103.95999908447266,106.0999984741211,103.25,105.9000015258789,4655200
2019-03-04,89.7490234375,103.19000244140625,104.88999938964844,102.30999755859375,104.66000366210938,4015300
2019-03-05,89.59246063232422,103.01000213623047,103.75,102.44000244140625,103.44999694824219,3460100
2019-03-06,89.00972747802734,102.33999633789062,103.54000091552734,102.20999908447266,103.26000213623047,2730700
2019-03-07,87.59204864501953,100.70999908447266,102.05999755859375,100.41000366210938,102.02999877929688,4704800
2019-03-08,86.39179992675781,99.33000183105469,100.55999755859375,98.0,99.77999877929688,6181300
2019-03-11,87.32243347167969,100.4000015258789,100.69999694824219,97.55000305175781,99.83000183105469,4598900
2019-03-12,87.72249603271484,100.86000061035156,101.23999786376953,99.58000183105469,100.4000015258789,4928400
2019-03-13,87.99213409423828,101.16999816894531,101.91999816894531,100.61000061035156,101.0999984741211,6268200
2019-03-14,87.67901611328125,100.80999755859375,101.26000213623047,100.25,100.9800033569336,5393400
2019-03-15,87.09628295898438,100.13999938964844,101.1500015258789,99.43000030517578,101.06999969482422,6677500
2019-03-18,88.60963439941406,101.87999725341797,101.9800033569336,99.98999786376953,99.98999786376953,4471400
2019-03-19,89.97512817382812,103.44999694824219,104.3499984741211,102.44000244140625,102.48999786376953,5801500
2019-03-20,90.096923828125,103.58999633789062,104.37999725341797,102.12000274658203,103.77999877929688,4636000
2019-03-21,92.4974136352539,106.3499984741211,106.69000244140625,103.69999694824219,103.87999725341797,4835300
2019-03-22,91.27975463867188,104.94999694824219,107.02999877929688,104.91999816894531,106.05000305175781,4106600
2019-03-25,92.21908569335938,106.02999877929688,106.80000305175781,104.76000213623047,104.76000213623047,3994500
2019-03-26,92.15821075439453,105.95999908447266,107.22000122070312,105.51000213623047,106.86000061035156,4633200
2019-03-27,93.40194702148438,107.38999938964844,108.04000091552734,105.98999786376953,106.04000091552734,4230100
2019-03-28,94.25428771972656,108.37000274658203,108.88999938964844,107.72000122070312,107.87999725341797,4099900
2019-03-29,95.21099853515625,109.47000122070312,109.94000244140625,108.44000244140625,108.77999877929688,5318700
2019-04-01,94.74134063720703,108.93000030517578,111.20999908447266,105.83999633789062,110.20999908447266,10408000
2019-04-02,95.59368896484375,109.91000366210938,110.02999877929688,108.86000061035156,108.9000015258789,3722400
2019-04-03,97.35057830810547,111.93000030517578,112.20999908447266,110.0,110.55000305175781,4127200
2019-04-04,98.55953979492188,113.31999969482422,113.3499984741211,111.70999908447266,112.13999938964844,3007800
2019-04-05,100.0033187866211,114.9800033569336,115.25,113.62999725341797,113.62999725341797,3776800
2019-04-08,100.70781707763672,115.79000091552734,116.16999816894531,114.9000015258789,115.0,4988100
2019-04-09,98.40298461914062,113.13999938964844,115.26000213623047,112.87999725341797,115.2300033569336,3694400
2019-04-10,98.9422378540039,113.76000213623047,113.8499984741211,111.9000015258789,113.81999969482422,4434900
2019-04-11,100.1337890625,115.12999725341797,115.22000122070312,113.36000061035156,113.87000274658203,2540500
2019-04-12,101.11656951904297,116.26000213623047,116.80999755859375,115.36000061035156,115.58000183105469,3214100
2019-04-15,101.916748046875,117.18000030517578,117.41999816894531,116.2300033569336,116.41999816894531,3110800
2019-04-16,101.78628540039062,117.02999877929688,117.94000244140625,116.55999755859375,117.5,2687800
2019-04-17,101.86456298828125,117.12000274658203,118.2300033569336,116.91999816894531,117.5,3874700
2019-04-18,98.9248275756836,113.73999786376953,117.06999969482422,113.69999694824219,117.0199966430664,6321400
2019-04-22,98.65518188476562,113.43000030517578,115.30999755859375,113.05000305175781,113.5199966430664,4674200
2019-04-23,99.17053985595703,113.54000091552734,114.73999786376953,112.04000091552734,112.98999786376953,4033900
2019-04-24,99.54612731933594,113.97000122070312,114.81999969482422,113.55000305175781,113.81999969482422,2940200
2019-04-25,99.22293853759766,113.5999984741211,114.1500015258789,112.62999725341797,113.58000183105469,4164800
2019-04-26,98.24468231201172,112.4800033569336,113.87000274658203,112.05999755859375,113.48999786376953,4064500
2019-04-29,98.01759338378906,112.22000122070312,112.51000213623047,110.58999633789062,112.0199966430664,3186900
2019-04-30,98.82115173339844,113.13999938964844,113.30000305175781,111.19999694824219,111.56999969482422,3367100
2019-05-01,96.68994140625,110.69999694824219,113.04000091552734,110.69999694824219,113.04000091552734,2953100
2019-05-02,97.9215087890625,112.11000061035156,112.16999816894531,110.37000274658203,110.5999984741211,3206000
2019-05-03,98.13985443115234,112.36000061035156,113.12999725341797,112.1500015258789,112.62000274658203,2575200
2019-05-06,97.2576904296875,111.3499984741211,111.66999816894531,110.0999984741211,111.04000091552734,2730500
2019-05-07,93.56305694580078,107.12000274658203,110.0,106.16999816894531,110.0,4885500
2019-05-08,93.22240447998047,106.7300033569336,107.70999908447266,106.20999908447266,107.08000183105469,3366500
2019-05-09,92.83808135986328,106.29000091552734,106.5,104.62999725341797,105.73999786376953,2919700
2019-05-10,93.14379119873047,106.63999938964844,107.26000213623047,103.75,105.69000244140625,3795300
2019-05-13,91.41438293457031,104.66000366210938,105.0199966430664,103.5199966430664,104.75,4714900
2019-05-14,92.36640930175781,105.75,106.55999755859375,104.5999984741211,105.01000213623047,2961900
2019-05-15,93.99976348876953,107.62000274658203,108.05000305175781,105.12999725341797,105.41000366210938,5104200
2019-05-16,94.8470230102539,108.58999633789062,109.5999984741211,108.05000305175781,108.2699966430664,2860300
2019-05-17,95.22258758544922,109.0199966430664,110.04000091552734,107.5,107.63999938964844,3712900
2019-05-20,95.37979888916016,109.19999694824219,110.13999938964844,108.08999633789062,108.08999633789062,4452200
2019-05-21,97.0393295288086,111.0999984741211,111.70999908447266,107.62000274658203,107.75,6415500
2019-05-22,85.54485321044922,97.94000244140625,102.51000213623047,95.41000366210938,101.25,22721500
2019-05-23,82.80224609375,94.80000305175781,97.5,94.22000122070312,97.19000244140625,12687500
2019-05-24,83.30010986328125,95.37000274658203,95.76000213623047,94.38999938964844,95.43000030517578,7096200
2019-05-28,80.2430648803711,91.87000274658203,95.68000030517578,91.66999816894531,95.19000244140625,11747200
2019-05-29,81.4309310913086,93.2300033569336,93.76000213623047,91.5999984741211,91.79000091552734,9281500
2019-05-30,81.99868774414062,93.87999725341797,94.7300033569336,93.38999938964844,93.83999633789062,5709600
2019-05-31,81.47461700439453,93.27999877929688,94.05999755859375,92.29000091552734,92.5,6530400
2019-06-03,81.96373748779297,93.83999633789062,95.05999755859375,92.9000015258789,93.02999877929688,8393900
2019-06-04,84.57532501220703,96.83000183105469,97.05000305175781,95.01000213623047,95.01000213623047,5560500
2019-06-05,84.06873321533203,96.25,97.54000091552734,95.29000091552734,97.54000091552734,5136800
2019-06-06,84.05998229980469,96.23999786376953,96.7699966430664,95.12999725341797,96.30000305175781,4569600
2019-06-07,84.51419830322266,96.76000213623047,97.62000274658203,96.69999694824219,96.9800033569336,3974600
2019-06-10,84.12113189697266,96.30999755859375,98.41999816894531,96.13999938964844,97.5,5789500
2019-06-11,84.15607452392578,96.3499984741211,97.62999725341797,96.12000274658203,97.27999877929688,3256100
2019-06-12,84.13860321044922,96.33000183105469,97.04000091552734,96.13999938964844,96.20999908447266,2878600
2019-06-13,86.13878631591797,98.62000274658203,98.66999816894531,96.7300033569336,96.8499984741211,3617400
2019-06-14,87.02096557617188,99.62999725341797,99.98999786376953,98.5,98.98999786376953,4437100
2019-06-17,87.41402435302734,100.08000183105469,100.75,99.33000183105469,99.7699966430664,4212700
2019-06-18,86.74147033691406,99.30999755859375,101.56999969482422,99.19999694824219,100.69000244140625,3960900
2019-06-19,86.2348861694336,98.7300033569336,99.33000183105469,97.52999877929688,99.19000244140625,5558100
2019-06-20,88.60189819335938,101.44000244140625,101.83000183105469,99.75,99.91000366210938,5355300
2019-06-21,88.07781219482422,100.83999633789062,102.95999908447266,100.77999877929688,101.80999755859375,7188200
2019-06-24,86.4881591796875,99.0199966430664,101.04000091552734,98.98999786376953,100.69999694824219,4920200
2019-06-25,85.7894058227539,98.22000122070312,100.19000244140625,98.0999984741211,99.6500015258789,4767800
2019-06-26,86.68031311035156,99.23999786376953,100.02999877929688,98.08999633789062,98.61000061035156,4399900
2019-06-27,86.7851333618164,99.36000061035156,99.95999908447266,98.9000015258789,99.29000091552734,3395800
2019-06-28,88.13897705078125,100.91000366210938,101.18000030517578,99.30999755859375,99.38999938964844,4298900
2019-07-01,89.26569366455078,102.19999694824219,103.7699966430664,101.44000244140625,102.0999984741211,4072900
2019-07-02,89.69367980957031,102.69000244140625,102.94999694824219,101.81999969482422,102.25,2560200
2019-07-03,90.09546661376953,103.1500015258789,103.62999725341797,102.63999938964844,103.05000305175781,1851200
2019-07-05,91.03006744384766,104.22000122070312,104.37000274658203,102.72000122070312,102.79000091552734,2536400
2019-07-08,91.41438293457031,104.66000366210938,105.18000030517578,103.79000091552734,104.12000274658203,3882900
2019-07-09,91.58906555175781,104.86000061035156,105.16000366210938,103.81999969482422,103.81999969482422,3719600
2019-07-10,90.03435516357422,103.08000183105469,104.66000366210938,102.12000274658203,104.66000366210938,4302200
2019-07-11,91.59779357910156,104.87000274658203,105.12999725341797,103.5999984741211,104.12000274658203,2977700
2019-07-12,93.80762481689453,107.4000015258789,107.76000213623047,105.36000061035156,105.4000015258789,4814200
2019-07-15,94.30548095703125,107.97000122070312,108.30999755859375,107.23999786376953,107.72000122070312,4492200
2019-07-16,93.02149963378906,106.5,108.22000122070312,106.44000244140625,107.4800033569336,4722400
2019-07-17,91.65020751953125,104.93000030517578,106.70999908447266,104.87999725341797,106.36000061035156,5159100
2019-07-18,90.61956024169922,103.75,104.30000305175781,103.33999633789062,104.05999755859375,5147100
2019-07-19,89.52776336669922,102.5,104.30999755859375,102.47000122070312,104.19000244140625,4190700
2019-07-22,89.57142639160156,102.55000305175781,103.26000213623047,101.95999908447266,102.79000091552734,4501200
2019-07-23,90.09829711914062,102.5999984741211,103.51000213623047,102.27999877929688,102.44000244140625,5064200
2019-07-24,90.27393341064453,102.80000305175781,103.98999786376953,102.22000122070312,102.44999694824219,5989100
2019-07-25,89.6153335571289,102.05000305175781,103.47000122070312,101.7699966430664,102.47000122070312,4215100
2019-07-26,90.91497802734375,103.52999877929688,103.9000015258789,101.58999633789062,102.29000091552734,4785700
2019-07-29,91.29261016845703,103.95999908447266,104.38999938964844,103.63999938964844,103.68000030517578,3909600
2019-07-30,91.125732421875,103.7699966430664,104.2300033569336,102.97000122070312,103.4000015258789,3981400
2019-07-31,89.0445327758789,101.4000015258789,103.80000305175781,100.83999633789062,103.22000122070312,5533400
2019-08-01,87.36726379394531,99.48999786376953,102.97000122070312,99.20999908447266,101.73999786376953,5469600
2019-08-02,87.13894653320312,99.2300033569336,100.13999938964844,98.8499984741211,99.44999694824219,3917900
2019-08-05,85.21578216552734,97.04000091552734,97.66000366210938,96.11000061035156,97.58999633789062,4685100
2019-08-06,85.9885482788086,97.91999816894531,98.08999633789062,95.9000015258789,97.19999694824219,4167800
2019-08-07,86.39250946044922,98.37999725341797,98.76000213623047,96.01000213623047,97.0,3686700
2019-08-08,88.22785186767578,100.47000122070312,100.4800033569336,99.16000366210938,99.69000244140625,3495800
2019-08-09,86.54179382324219,98.55000305175781,100.75,98.18000030517578,100.37000274658203,5370900
2019-08-12,84.37276458740234,96.08000183105469,97.9000015258789,95.94999694824219,97.66999816894531,2878800
2019-08-13,84.81182861328125,96.58000183105469,98.38999938964844,95.1500015258789,95.2699966430664,5129600
2019-08-14,82.1861572265625,93.58999633789062,95.31999969482422,93.54000091552734,94.80000305175781,5746100
2019-08-15,82.00175476074219,93.37999725341797,94.55999755859375,91.81999969482422,94.31999969482422,4745100
2019-08-16,82.47595977783203,93.91999816894531,94.9800033569336,93.37999725341797,94.19999694824219,4368300
2019-08-19,83.46824645996094,95.05000305175781,96.02999877929688,94.6500015258789,95.2699966430664,7212000
2019-08-20,85.94465637207031,97.87000274658203,99.12000274658203,95.37999725341797,95.81999969482422,9298100
2019-08-21,94.84028625488281,108.0,110.23999786376953,107.11000061035156,110.0199966430664,19753500
2019-08-22,94.98082733154297,108.16000366210938,108.61000061035156,106.93000030517578,108.37999725341797,7264400
2019-08-23,93.4264907836914,106.38999938964844,107.83999633789062,105.76000213623047,107.08999633789062,5520700
2019-08-26,93.43529510498047,106.4000015258789,107.5999984741211,105.55000305175781,107.5999984741211,4720200
2019-08-27,93.11913299560547,106.04000091552734,107.52999877929688,105.9800033569336,107.08000183105469,3722600
2019-08-28,94.9983901977539,108.18000030517578,108.58000183105469,105.31999969482422,105.5999984741211,4187800
2019-08-29,98.87103271484375,112.58999633789062,112.86000061035156,109.05999755859375,109.37000274658203,5996600
2019-08-30,98.52855682373047,112.19999694824219,113.23999786376953,111.83999633789062,113.23999786376953,4610100
2019-09-03,97.6328353881836,111.18000030517578,112.5199966430664,110.6500015258789,111.37000274658203,3893500
2019-09-04,98.2826919555664,111.91999816894531,112.04000091552734,109.5,111.56999969482422,4114000
2019-09-05,100.29365539550781,114.20999908447266,115.25,113.0199966430664,113.19000244140625,3662500
2019-09-06,100.73269653320312,114.70999908447266,115.4000015258789,114.08999633789062,114.7300033569336,3462600
2019-09-09,100.802978515625,114.79000091552734,115.4000015258789,114.04000091552734,114.88999938964844,3782200
2019-09-10,101.23323822021484,115.27999877929688,115.95999908447266,112.94999694824219,114.47000122070312,4771600
2019-09-11,99.66138458251953,113.48999786376953,115.66999816894531,113.1500015258789,115.44999694824219,4073700
2019-09-12,100.00385284423828,113.87999725341797,115.13999938964844,113.86000061035156,114.08000183105469,3471400
2019-09-13,99.54721069335938,113.36000061035156,115.1500015258789,113.1500015258789,114.47000122070312,3476500
2019-09-16,98.90617370605469,112.62999725341797,113.88999938964844,112.13999938964844,112.6500015258789,2433400
2019-09-17,98.99398803710938,112.7300033569336,112.87999725341797,110.87999725341797,111.72000122070312,2827300
2019-09-18,98.87981414794922,112.5999984741211,113.13999938964844,111.55999755859375,112.4800033569336,2246400
2019-09-19,98.2387466430664,111.87000274658203,112.87999725341797,111.68000030517578,112.63999938964844,2369100
2019-09-20,97.43965148925781,110.95999908447266,113.19000244140625,110.94999694824219,112.93000030517578,6226500
2019-09-23,96.98300170898438,110.44000244140625,112.0199966430664,109.58999633789062,110.19000244140625,5319700
2019-09-24,96.61418151855469,110.0199966430664,112.22000122070312,109.75,111.26000213623047,3937700
2019-09-25,97.25524139404297,110.75,111.25,109.95999908447266,110.20999908447266,2908900
2019-09-26,97.22889709472656,110.72000122070312,111.41999816894531,109.38999938964844,111.08000183105469,3992600
2019-09-27,96.19270324707031,109.54000091552734,111.83999633789062,108.80999755859375,111.4800033569336,3939600
2019-09-30,96.56150817871094,109.95999908447266,110.30000305175781,108.95999908447266,109.83000183105469,4024400
2019-10-01,96.17510223388672,109.5199966430664,111.93000030517578,108.8499984741211,110.08999633789062,3966100
2019-10-02,93.39136505126953,106.3499984741211,109.30999755859375,105.91999816894531,109.30999755859375,5040700
2019-10-03,93.408935546875,106.37000274658203,106.69999694824219,104.58999633789062,106.27999877929688,5002800
2019-10-04,94.33099365234375,107.41999816894531,107.79000091552734,106.29000091552734,106.91999816894531,4311800
2019-10-07,95.04230499267578,108.2300033569336,108.95999908447266,107.19999694824219,107.62999725341797,3686800
2019-10-08,93.52308654785156,106.5,108.2300033569336,106.4800033569336,106.88999938964844,3261700
2019-10-09,93.34744262695312,106.30000305175781,107.66000366210938,105.63999938964844,107.19000244140625,3224000
2019-10-10,95.00714874267578,108.19000244140625,108.5,106.44999694824219,106.45999908447266,3218500
2019-10-11,97.30790710449219,110.80999755859375,111.6500015258789,109.4000015258789,109.88999938964844,4498500
2019-10-14,97.1849594116211,110.66999816894531,111.23999786376953,110.26000213623047,110.44999694824219,2129900
2019-10-15,98.72174072265625,112.41999816894531,113.0,111.19999694824219,111.61000061035156,3340700
2019-10-16,98.64271545410156,112.33000183105469,112.77999877929688,111.72000122070312,112.20999908447266,2900400
2019-10-17,98.87981414794922,112.5999984741211,113.41999816894531,111.95999908447266,112.86000061035156,2615600
2019-10-18,99.0905532836914,112.83999633789062,113.12000274658203,112.05000305175781,112.16000366210938,3712300
2019-10-21,98.30899810791016,111.94999694824219,113.80999755859375,111.4000015258789,113.31999969482422,2827300
2019-10-22,99.25328063964844,112.47000122070312,113.52999877929688,111.61000061035156,111.70999908447266,3574700
2019-10-23,98.40611267089844,111.51000213623047,112.2699966430664,110.76000213623047,111.95999908447266,2181200
2019-10-24,97.84131622314453,110.87000274658203,112.91999816894531,110.45999908447266,111.66999816894531,2084800
2019-10-25,98.46786499023438,111.58000183105469,112.55000305175781,110.3499984741211,110.58999633789062,2260000
2019-10-28,98.52081298828125,111.63999938964844,112.48999786376953,111.02999877929688,111.97000122070312,2489300
2019-10-29,96.65876007080078,109.52999877929688,111.5199966430664,109.20999908447266,111.2699966430664,3034800
2019-10-30,98.20313262939453,111.27999877929688,111.45999908447266,109.19000244140625,109.87999725341797,3064900
2019-10-31,98.49434661865234,111.61000061035156,112.98999786376953,110.80000305175781,112.33999633789062,3413100
2019-11-01,99.6768569946289,112.94999694824219,112.97000122070312,110.1500015258789,111.91999816894531,2801800
2019-11-04,99.3856430053711,112.62000274658203,113.63999938964844,111.70999908447266,113.05999755859375,2518000
2019-11-05,99.01500701904297,112.19999694824219,112.75,111.02999877929688,112.66000366210938,2360400
2019-11-06,99.4297866821289,112.66999816894531,113.80999755859375,111.41999816894531,113.0,3229200
2019-11-07,99.36798858642578,112.5999984741211,114.16000366210938,112.12000274658203,113.44999694824219,2656300
2019-11-08,100.60348510742188,114.0,114.06999969482422,112.26000213623047,112.73999786376953,2792400
2019-11-11,101.00061798095703,114.44999694824219,114.48999786376953,112.72000122070312,113.22000122070312,2936700
2019-11-12,100.8858871459961,114.31999969482422,115.54000091552734,114.19000244140625,114.37999725341797,4174600
2019-11-13,99.5886001586914,112.8499984741211,114.41000366210938,111.94000244140625,112.97000122070312,4252300
2019-11-14,101.08003234863281,114.54000091552734,114.83999633789062,112.69999694824219,113.5199966430664,2852400
2019-11-15,101.9448471069336,115.5199966430664,115.69999694824219,113.5,115.12000274658203,3623200
2019-11-18,101.50359344482422,115.0199966430664,116.80000305175781,115.0199966430664,115.73999786376953,5506900
2019-11-19,100.07398223876953,113.4000015258789,115.12000274658203,112.87999725341797,115.12000274658203,7154000
2019-11-20,103.98342895507812,117.83000183105469,121.22000122070312,116.95999908447266,118.27999877929688,16114700
2019-11-21,103.26860046386719,117.0199966430664,119.0,116.68000030517578,118.98999786376953,5747800
2019-11-22,104.30995178222656,118.19999694824219,118.19999694824219,116.75,117.08999633789062,4473300
2019-11-25,103.25093841552734,117.0,119.1500015258789,116.69000244140625,118.81999969482422,4468900
2019-11-26,103.93927001953125,117.77999877929688,118.33999633789062,116.94999694824219,117.55999755859375,4752300
2019-11-27,104.53937530517578,118.45999908447266,118.95999908447266,117.69999694824219,118.05999755859375,2946000
2019-11-29,103.52452087402344,117.30999755859375,118.75,117.08999633789062,118.44999694824219,1596000
2019-12-02,102.36846160888672,116.0,117.88999938964844,115.95999908447266,117.5999984741211,3324300
2019-12-03,101.0888671875,114.55000305175781,115.26000213623047,113.61000061035156,114.80000305175781,5091700
2019-12-04,101.89192962646484,115.45999908447266,117.45999908447266,114.87000274658203,115.0,4147400
2019-12-05,101.99781036376953,115.58000183105469,116.27999877929688,114.95999908447266,115.97000122070312,2651200
2019-12-06,102.61554718017578,116.27999877929688,117.31999969482422,116.02999877929688,116.18000030517578,2463100
2019-12-09,104.0186996459961,117.87000274658203,118.33000183105469,116.13999938964844,116.33000183105469,2589500
2019-12-10,102.79206085205078,116.4800033569336,117.86000061035156,116.37999725341797,117.77999877929688,2561600
2019-12-11,103.83338165283203,117.66000366210938,117.66999816894531,115.2300033569336,115.69999694824219,3611200
2019-12-12,104.30995178222656,118.19999694824219,118.79000091552734,117.19999694824219,117.66999816894531,2533200
2019-12-13,104.57467651367188,118.5,118.61000061035156,116.81999969482422,117.66999816894531,3118900
2019-12-16,105.96900177001953,120.08000183105469,121.16999816894531,119.27999877929688,119.47000122070312,3749100
2019-12-17,105.29830932617188,119.31999969482422,121.45999908447266,119.2300033569336,120.69000244140625,3533900
2019-12-18,105.28947448730469,119.30999755859375,120.19000244140625,119.2699966430664,119.66000366210938,3309500
2019-12-19,106.08372497558594,120.20999908447266,120.56999969482422,118.9000015258789,119.33000183105469,4501900
2019-12-20,105.66014862060547,119.7300033569336,120.27999877929688,119.30000305175781,119.7300033569336,5996100
2019-12-23,105.53658294677734,119.58999633789062,120.58000183105469,119.30999755859375,120.02999877929688,3190300
2019-12-24,105.6954345703125,119.7699966430664,120.12999725341797,119.38999938964844,119.58999633789062,1126000
2019-12-26,105.66014862060547,119.7300033569336,120.30000305175781,119.4800033569336,119.93000030517578,1714200
2019-12-27,106.10137939453125,120.2300033569336,120.68000030517578,119.62000274658203,119.86000061035156,2419700
2019-12-30,105.94252014160156,120.05000305175781,120.75,118.94000244140625,120.55000305175781,2327900
2019-12-31,105.68661499023438,119.76000213623047,119.83000183105469,118.44000244140625,119.56999969482422,2651300
2020-01-02,106.30435943603516,120.45999908447266,120.45999908447266,119.26000213623047,120.05000305175781,2788800
2020-01-03,105.54539489746094,119.5999984741211,119.81999969482422,118.05000305175781,118.70999908447266,2774200
2020-01-06,106.20729064941406,120.3499984741211,120.38999938964844,118.30000305175781,118.6500015258789,3635400
2020-01-07,105.57189178466797,119.62999725341797,120.66000366210938,119.20999908447266,120.48999786376953,4191100
2020-01-08,107.24859619140625,121.52999877929688,122.7300033569336,119.58000183105469,120.1500015258789,4030100
2020-01-09,107.70751190185547,122.05000305175781,122.87999725341797,121.5,121.56999969482422,2932400
2020-01-10,106.7809066772461,121.0,121.95999908447266,120.93000030517578,121.69999694824219,2391100
2020-01-13,106.82504272460938,121.05000305175781,121.70999908447266,120.69999694824219,120.97000122070312,3817200
2020-01-14,105.96018981933594,120.06999969482422,121.68000030517578,119.62000274658203,120.8499984741211,3823400
2020-01-15,105.47481536865234,119.5199966430664,120.19000244140625,119.19999694824219,119.94999694824219,3673700
2020-01-16,105.25416564941406,119.2699966430664,120.05000305175781,118.87999725341797,119.94000244140625,3781000
2020-01-17,107.98106384277344,122.36000061035156,122.48999786376953,119.58000183105469,119.75,5913800
2020-01-21,107.20098114013672,120.93000030517578,121.75,120.16000366210938,121.16999816894531,3477800
2020-01-22,108.06971740722656,121.91000366210938,122.9000015258789,120.69999694824219,121.19999694824219,4843500
2020-01-23,108.77890014648438,122.70999908447266,123.13999938964844,121.05000305175781,121.2300033569336,3365200
2020-01-24,106.58045196533203,120.2300033569336,122.87000274658203,119.4800033569336,122.58000183105469,3670600
2020-01-27,106.16381072998047,119.76000213623047,120.86000061035156,118.25,118.25,3497400
2020-01-28,107.39600372314453,121.1500015258789,121.68000030517578,119.22000122070312,120.05999755859375,3228600
2020-01-29,106.74887084960938,120.41999816894531,122.41000366210938,120.36000061035156,121.4000015258789,2566900
2020-01-30,106.12834167480469,119.72000122070312,120.37000274658203,118.56999969482422,119.52999877929688,3471800
2020-01-31,103.04341888427734,116.23999786376953,119.66999816894531,116.08999633789062,119.47000122070312,4370300
2020-02-03,103.87670135498047,117.18000030517578,119.22000122070312,116.72000122070312,117.0,3979400
2020-02-04,105.80036163330078,119.3499984741211,120.30999755859375,118.31999969482422,118.80999755859375,4119600
2020-02-05,108.26473999023438,122.12999725341797,122.3499984741211,119.93000030517578,120.5199966430664,3215300
2020-02-06,107.71514129638672,121.51000213623047,122.87000274658203,121.5,122.44000244140625,2469100
2020-02-07,107.68852996826172,121.4800033569336,121.95999908447266,120.79000091552734,121.6500015258789,2068800
2020-02-10,107.4491958618164,121.20999908447266,121.81999969482422,120.45999908447266,120.9000015258789,2975800
2020-02-11,109.06258392333984,123.02999877929688,123.19000244140625,121.16000366210938,121.30999755859375,2316300
2020-02-12,110.83551025390625,125.02999877929688,125.19999694824219,123.62000274658203,123.9000015258789,2727500
2020-02-13,110.60504150390625,124.7699966430664,125.2699966430664,123.97000122070312,124.23999786376953,2532100
2020-02-14,111.18122863769531,125.41999816894531,125.55999755859375,124.48999786376953,125.1500015258789,2774700
2020-02-18,109.23986053466797,123.2300033569336,125.91000366210938,122.81999969482422,124.63999938964844,3430000
2020-02-19,109.426025390625,123.44000244140625,124.4800033569336,123.16000366210938,123.66999816894531,3170500
2020-02-20,112.20067596435547,126.56999969482422,126.7300033569336,123.01000213623047,123.7699966430664,4696000
2020-02-21,111.08370208740234,125.30999755859375,126.19999694824219,124.41999816894531,125.75,3861600
2020-02-24,108.95620727539062,122.91000366210938,124.41999816894531,122.01000213623047,122.31999969482422,5399600
2020-02-25,105.0645751953125,118.5199966430664,124.38999938964844,118.5199966430664,124.38999938964844,6522600
2020-02-26,100.43721008300781,113.30000305175781,120.44999694824219,111.95999908447266,120.30000305175781,12739800
2020-02-27,95.40203857421875,107.62000274658203,112.54000091552734,107.52999877929688,110.0999984741211,8830100
2020-02-28,94.47124481201172,106.56999969482422,107.16999816894531,102.93000030517578,104.06999969482422,9987300
2020-03-02,98.43376922607422,111.04000091552734,111.18000030517578,105.08999633789062,107.19999694824219,8794000
2020-03-03,96.23531341552734,108.55999755859375,113.02999877929688,107.1500015258789,111.30999755859375,8337500
2020-03-04,100.4283218383789,113.29000091552734,113.55000305175781,109.55999755859375,110.70999908447266,5206700
2020-03-05,95.31340026855469,107.5199966430664,111.23999786376953,106.87999725341797,110.27999877929688,6619100
2020-03-06,93.35430145263672,105.30999755859375,106.05000305175781,102.16999816894531,103.94999694824219,7886900
2020-03-09,83.52332305908203,94.22000122070312,99.81999969482422,93.1500015258789,97.81999969482422,8188200
2020-03-10,92.21073913574219,104.0199966430664,104.13999938964844,95.05000305175781,98.25,9289500
2020-03-11,87.89362335205078,99.1500015258789,103.30999755859375,97.76000213623047,100.33000183105469,6205500
2020-03-12,79.71150970458984,89.91999816894531,94.9000015258789,89.11000061035156,91.20999908447266,9903400
2020-03-13,85.53559112548828,96.48999786376953,96.55999755859375,88.37999725341797,93.66000366210938,10007100
2020-03-16,64.34894561767578,72.58999633789062,87.5999984741211,71.18000030517578,85.55000305175781,14770800
2020-03-17,65.41271209716797,73.79000091552734,75.62000274658203,64.25,73.55000305175781,15323900
2020-03-18,57.63835906982422,65.0199966430664,70.12000274658203,61.0,68.51000213623047,11133900
2020-03-19,61.93773651123047,69.87000274658203,73.20999908447266,60.0,64.41000366210938,12141200
2020-03-20,58.82624435424805,66.36000061035156,72.9800033569336,65.52999877929688,72.25,11541400
2020-03-23,60.10276794433594,67.80000305175781,69.11000061035156,63.04999923706055,65.22000122070312,9594400
2020-03-24,68.52423858642578,77.30000305175781,77.58999633789062,72.05000305175781,72.76000213623047,9004100
2020-03-25,74.21536254882812,83.72000122070312,86.98999786376953,78.31999969482422,80.11000061035156,9907500
2020-03-26,78.10697174072266,88.11000061035156,90.94000244140625,85.94999694824219,86.08000183105469,10103600
2020-03-27,77.10527801513672,86.9800033569336,89.72000122070312,83.4000015258789,84.08000183105469,6885800
2020-03-30,78.63887786865234,88.70999908447266,89.54000091552734,85.43000030517578,87.4000015258789,5717100
2020-03-31,76.2808609008789,86.05000305175781,88.94000244140625,85.52999877929688,88.06999969482422,5523700
2020-04-01,71.2900390625,80.41999816894531,83.91999816894531,79.08000183105469,80.73999786376953,8115400
2020-04-02,73.45301818847656,82.86000061035156,83.2699966430664,79.25,79.8499984741211,8246500
2020-04-03,72.8679428100586,82.19999694824219,84.23999786376953,81.1500015258789,82.12999725341797,6448500
2020-04-06,78.69204711914062,88.7699966430664,89.37000274658203,84.0,87.08999633789062,9422300
2020-04-07,80.63343811035156,90.95999908447266,96.18000030517578,90.75,94.95999908447266,7854900
2020-04-08,83.63855743408203,94.3499984741211,94.7699966430664,90.58999633789062,91.44999694824219,4715600
2020-04-09,84.48958587646484,95.30999755859375,98.4000015258789,94.7699966430664,96.44000244140625,6543100
2020-04-13,84.3920669555664,95.19999694824219,95.83999633789062,93.04000091552734,95.38999938964844,5489700
2020-04-14,87.82273864746094,99.06999969482422,99.81999969482422,96.81999969482422,97.83999633789062,5655000
2020-04-15,83.62966918945312,94.33999633789062,95.9000015258789,92.55999755859375,94.88999938964844,7379600
2020-04-16,81.94540405273438,92.44000244140625,96.08000183105469,91.79000091552734,94.0,9034700
2020-04-17,86.07635498046875,97.0999984741211,98.66999816894531,95.33999633789062,96.5,7136000
2020-04-20,84.33000946044922,95.12999725341797,97.80999755859375,94.52999877929688,95.25,5271900
2020-04-21,82.58243560791016,92.62000274658203,93.69999694824219,91.48999786376953,92.08999633789062,5541500
2020-04-22,84.65991973876953,94.94999694824219,96.02999877929688,93.16000366210938,93.80000305175781,4770900
2020-04-23,84.61534118652344,94.9000015258789,96.66000366210938,94.81999969482422,95.26000213623047,4096200
2020-04-24,88.0481185913086,98.75,99.66000366210938,95.72000122070312,96.06999969482422,5432100
2020-04-27,90.91914367675781,101.97000122070312,102.97000122070312,99.30999755859375,99.31999969482422,5336500
2020-04-28,92.30116271972656,103.5199966430664,106.56999969482422,102.43000030517578,105.44999694824219,5588400
2020-04-29,94.6550521850586,106.16000366210938,107.80000305175781,105.18000030517578,106.7300033569336,5205500
2020-04-30,93.39786529541016,104.75,106.72000122070312,103.47000122070312,104.70999908447266,4814100
2020-05-01,93.13929748535156,104.45999908447266,104.69000244140625,102.30999755859375,102.5,3811100
2020-05-04,95.7160873413086,107.3499984741211,107.37999725341797,102.83000183105469,103.41000366210938,4088100
2020-05-05,98.21266174316406,110.1500015258789,111.69000244140625,108.87999725341797,108.93000030517578,5237000
2020-05-06,97.7400894165039,109.62000274658203,111.52999877929688,108.94999694824219,110.29000091552734,4435200
2020-05-07,99.79083251953125,111.91999816894531,113.12999725341797,111.06999969482422,111.1500015258789,3206700
2020-05-08,101.85047149658203,114.2300033569336,114.62999725341797,112.0999984741211,113.7699966430664,3951300
2020-05-11,101.10150146484375,113.38999938964844,114.75,112.56999969482422,113.0999984741211,3863700
2020-05-12,99.18450927734375,111.23999786376953,115.05000305175781,111.18000030517578,114.81999969482422,3685200
2020-05-13,98.4623031616211,110.43000030517578,113.38999938964844,108.80999755859375,111.88999938964844,6643300
2020-05-14,98.4266357421875,110.38999938964844,110.41999816894531,106.19999694824219,107.25,6097900
2020-05-15,101.44924926757812,113.77999877929688,114.16000366210938,108.41999816894531,108.70999908447266,8950400
2020-05-18,104.07955169677734,116.7300033569336,118.4000015258789,116.44999694824219,118.0,7729700
2020-05-19,104.20437622070312,116.87000274658203,118.5999984741211,115.44999694824219,116.0,7041000
2020-05-20,104.31137084960938,116.98999786376953,122.69000244140625,115.5199966430664,122.61000061035156,19289700
2020-05-21,107.56580352783203,120.63999938964844,121.25,117.0,118.9000015258789,9727900
2020-05-22,109.0013198852539,122.25,122.54000091552734,119.06999969482422,121.0,6064700
2020-05-26,110.19609069824219,123.58999633789062,125.83999633789062,123.33999633789062,124.94000244140625,7684000
2020-05-27,114.1370849609375,128.00999450683594,128.4600067138672,123.26000213623047,125.30999755859375,7615500
2020-05-28,114.23513793945312,128.1199951171875,131.39999389648438,126.70999908447266,128.89999389648438,7994100
2020-05-29,116.22350311279297,130.35000610351562,130.52999877929688,127.69000244140625,128.10000610351562,7402000
2020-06-01,115.30511474609375,129.32000732421875,130.13999938964844,128.3000030517578,129.88999938964844,5136200
2020-06-02,117.67681884765625,131.97999572753906,132.4600067138672,130.22000122070312,131.16000366210938,6023200
2020-06-03,118.44364929199219,132.83999633789062,133.38999938964844,131.33999633789062,132.5,4585200
2020-06-04,114.73448181152344,128.67999267578125,131.8699951171875,127.93000030517578,131.35000610351562,7448700
2020-06-05,116.77630615234375,130.97000122070312,131.38999938964844,128.4600067138672,130.22999572753906,5550400
2020-06-08,116.6336441040039,130.80999755859375,131.24000549316406,129.42999267578125,130.1199951171875,4951600
2020-06-09,115.52803802490234,129.57000732421875,131.42999267578125,129.2100067138672,129.55999755859375,4472600
2020-06-10,116.00057220458984,130.10000610351562,131.24000549316406,128.97000122070312,130.30999755859375,3708400
2020-06-11,110.50817108154297,123.94000244140625,128.80999755859375,123.25,127.2300033569336,5998600
2020-06-12,112.38951110839844,126.05000305175781,128.38999938964844,123.47000122070312,126.76000213623047,4463100
2020-06-15,113.88744354248047,127.7300033569336,127.97000122070312,123.08999633789062,123.4000015258789,5063000
2020-06-16,117.46282958984375,131.74000549316406,132.14999389648438,128.60000610351562,131.83999633789062,5023900
2020-06-17,120.94911193847656,135.64999389648438,136.77999877929688,133.1300048828125,133.2899932861328,7238800
2020-06-18,119.96833801269531,134.5500030517578,136.0399932861328,133.30999755859375,135.22000122070312,3898100
2020-06-19,119.32635498046875,133.8300018310547,137.2899932861328,132.35000610351562,137.2899932861328,6684300
2020-06-22,120.119873046875,134.72000122070312,135.02000427246094,132.77999877929688,132.9199981689453,3449200
2020-06-23,119.7275619506836,134.27999877929688,136.7100067138672,134.1699981689453,136.38999938964844,3384200
2020-06-24,117.67681884765625,131.97999572753906,134.4499969482422,128.97000122070312,133.27000427246094,4150100
2020-06-25,117.4896240234375,131.77000427246094,132.00999450683594,129.64999389648438,131.35000610351562,4022800
2020-06-26,115.38538360595703,129.41000366210938,132.83999633789062,128.92999267578125,132.1199951171875,5710700
2020-06-29,119.04996490478516,133.52000427246094,133.5399932861328,129.30999755859375,130.3699951171875,3328000
2020-06-30,120.47657012939453,135.1199951171875,135.94000244140625,133.1300048828125,134.3000030517578,4462400
2020-07-01,120.9312744140625,135.6300048828125,136.2899932861328,134.75,135.39999389648438,4802300
2020-07-02,121.0025863647461,135.7100067138672,138.17999267578125,135.11000061035156,137.24000549316406,3522900
2020-07-06,121.04719543457031,135.75999450683594,138.25,135.25999450683594,137.4199981689453,3698700
2020-07-07,120.38739013671875,135.02000427246094,136.75999450683594,134.33999633789062,134.50999450683594,2991700
2020-07-08,121.03829193115234,135.75,136.36000061035156,134.4199981689453,135.6699981689453,2753700
2020-07-09,120.9134750366211,135.61000061035156,136.94000244140625,134.0500030517578,136.3300018310547,3397700
2020-07-10,122.53622436523438,137.42999267578125,137.63999938964844,134.82000732421875,136.25999450683594,3252200
2020-07-13,121.75155639648438,136.5500030517578,140.7899932861328,135.89999389648438,138.4499969482422,4227000
2020-07-14,124.88116455078125,140.05999755859375,140.1699981689453,135.8000030517578,136.08999633789062,4360700
2020-07-15,125.91545867919922,141.22000122070312,142.33999633789062,139.1199951171875,142.27999877929688,3496200
2020-07-16,127.27964782714844,142.75,144.94000244140625,140.83999633789062,141.22000122070312,4124800
2020-07-17,128.74192810058594,144.38999938964844,144.6300048828125,141.88999938964844,144.2899932861328,3898800
2020-07-20,128.4833526611328,144.10000610351562,144.7100067138672,142.89999389648438,143.3300018310547,2769000
2020-07-21,129.78114318847656,145.0,145.9199981689453,143.50999450683594,143.9499969482422,2628300
2020-07-22,132.94961547851562,148.5399932861328,149.14999389648438,145.16000366210938,145.16000366210938,4613000
2020-07-23,131.1237335205078,146.5,149.64999389648438,145.39999389648438,149.3000030517578,3664800
2020-07-24,131.59811401367188,147.02999877929688,147.6199951171875,145.39999389648438,146.7899932861328,3740100
2020-07-27,133.46873474121094,149.1199951171875,149.42999267578125,147.22999572753906,147.22999572753906,2791100
2020-07-28,132.2067108154297,147.7100067138672,149.77999877929688,147.42999267578125,149.3000030517578,3571600
2020-07-29,133.10179138183594,148.7100067138672,149.80999755859375,148.0,148.0399932861328,2732600
2020-07-30,133.54034423828125,149.1999969482422,149.89999389648438,146.89999389648438,147.8699951171875,2574600
2020-07-31,133.28079223632812,148.91000366210938,149.9199981689453,146.61000061035156,149.47000122070312,3928300
2020-08-03,134.49803161621094,150.27000427246094,151.35000610351562,149.5,149.89999389648438,3136700
2020-08-04,133.9609832763672,149.6699981689453,150.74000549316406,148.77999877929688,149.75,2381400
2020-08-05,134.4890594482422,150.25999450683594,150.4600067138672,148.7100067138672,149.94000244140625,3039700
2020-08-06,135.3214874267578,151.19000244140625,152.24000549316406,149.63999938964844,150.25,2449900
2020-08-07,136.74462890625,152.77999877929688,154.1199951171875,151.6999969482422,151.9499969482422,2904700
2020-08-10,137.58592224121094,153.72000122070312,154.7100067138672,153.02000427246094,153.22999572753906,3065300
2020-08-11,137.72018432617188,153.8699951171875,155.4199981689453,152.8699951171875,155.05999755859375,3723000
2020-08-12,140.19052124023438,156.6300048828125,157.97999572753906,154.55999755859375,156.1300048828125,3791200
2020-08-13,139.35813903808594,155.6999969482422,157.14999389648438,155.13999938964844,156.36000061035156,2272300
2020-08-14,138.140869140625,154.33999633789062,156.0800018310547,153.91000366210938,155.57000732421875,3404900
2020-08-17,141.7836456298828,158.41000366210938,158.72000122070312,155.85000610351562,157.25999450683594,5159600
2020-08-18,141.33615112304688,157.91000366210938,160.60000610351562,157.0,159.8000030517578,5741400
2020-08-19,141.66734313964844,158.27999877929688,162.88999938964844,156.25999450683594,161.0,9727100
2020-08-20,141.9359130859375,158.5800018310547,159.16000366210938,156.5,156.5800018310547,4288500
2020-08-21,144.7462921142578,161.72000122070312,162.0800018310547,158.47000122070312,159.08999633789062,4568800
2020-08-24,148.24588012695312,165.6300048828125,165.64999389648438,163.00999450683594,163.69000244140625,4872700
2020-08-25,148.50543212890625,165.9199981689453,167.42999267578125,164.3699951171875,166.38999938964844,3490900
2020-08-26,152.5063018798828,170.38999938964844,170.5,167.02999877929688,167.66000366210938,5319000
2020-08-27,148.8545379638672,166.30999755859375,171.32000732421875,165.33999633789062,170.6999969482422,4425000
2020-08-28,148.1384735107422,165.50999450683594,166.88999938964844,164.08999633789062,166.0800018310547,3291400
2020-08-31,147.404541015625,164.69000244140625,166.3699951171875,163.67999267578125,165.77000427246094,3421300
2020-09-01,150.00018310546875,167.58999633789062,167.63999938964844,164.11000061035156,164.41000366210938,4284400
2020-09-02,152.59576416015625,170.49000549316406,170.8300018310547,166.60000610351562,167.86000061035156,4262700
2020-09-03,144.5672607421875,161.52000427246094,170.47999572753906,160.36000061035156,169.6999969482422,5734400
2020-09-04,139.97572326660156,156.38999938964844,163.1699981689453,153.44000244140625,162.92999267578125,6303800
2020-09-08,137.60382080078125,153.74000549316406,156.86000061035156,151.88999938964844,153.94000244140625,4892800
2020-09-09,142.7861328125,159.52999877929688,161.19000244140625,155.10000610351562,155.88999938964844,4382600
2020-09-10,141.7120819091797,158.3300018310547,162.92999267578125,157.05999755859375,160.08999633789062,4129200
2020-09-11,144.89842224121094,161.88999938964844,162.58999633789062,159.44000244140625,160.35000610351562,4870800
2020-09-14,147.85203552246094,165.19000244140625,165.8000030517578,163.0,163.1699981689453,3583300
2020-09-15,151.2890625,169.02999877929688,169.8800048828125,166.6199951171875,167.44000244140625,3998100
2020-09-16,149.2125244140625,166.7100067138672,171.72000122070312,166.11000061035156,170.3699951171875,3814700
2020-09-17,146.59007263183594,163.77999877929688,165.9199981689453,161.9199981689453,163.11000061035156,3717800
2020-09-18,143.29629516601562,160.10000610351562,163.85000610351562,158.50999450683594,161.36000061035156,5484700
2020-09-21,142.8488006591797,159.60000610351562,159.6199951171875,155.1999969482422,157.9499969482422,3929500
2020-09-22,144.5941162109375,161.5500030517578,161.7899932861328,159.63999938964844,160.02999877929688,3526300
2020-09-23,141.96267700195312,158.61000061035156,162.91000366210938,157.75999450683594,162.44000244140625,3245500
2020-09-24,141.88214111328125,158.52000427246094,160.85000610351562,156.80999755859375,158.77000427246094,3888600
2020-09-25,142.8040313720703,159.5500030517578,160.1999969482422,156.60000610351562,157.89999389648438,2828600
2020-09-28,145.52496337890625,162.58999633789062,163.10000610351562,160.50999450683594,161.58999633789062,2815700
2020-09-29,145.22959899902344,162.25999450683594,163.97000122070312,162.2100067138672,163.47999572753906,2212000
2020-09-30,148.45175170898438,165.86000061035156,167.6199951171875,162.47999572753906,162.97999572753906,4198600
2020-10-01,149.62425231933594,167.1699981689453,168.27999877929688,165.3699951171875,167.33999633789062,2677200
2020-10-02,149.01560974121094,166.49000549316406,167.4600067138672,164.0500030517578,164.47000122070312,2026600
2020-10-05,150.85044860839844,168.5399932861328,168.97000122070312,167.00999450683594,168.11000061035156,2437400
2020-10-06,147.67308044433594,164.99000549316406,168.97999572753906,164.4199981689453,168.47999572753906,2765600
2020-10-07,150.787841796875,168.47000122070312,169.80999755859375,166.63999938964844,167.72000122070312,2587400
2020-10-08,152.93594360351562,170.8699951171875,171.61000061035156,168.24000549316406,169.49000549316406,3105700
2020-10-09,155.04820251464844,173.22999572753906,175.0,171.3699951171875,171.3699951171875,4593700
2020-10-12,154.60069274902344,172.72999572753906,174.83999633789062,172.3699951171875,174.83999633789062,3377900
2020-10-13,156.9278106689453,175.3300018310547,175.94000244140625,172.6300048828125,172.86000061035156,2987800
2020-10-14,155.3883514404297,173.61000061035156,175.89999389648438,171.2100067138672,175.1199951171875,3474800
2020-10-15,157.6617431640625,176.14999389648438,176.39999389648438,171.00999450683594,171.55999755859375,3631600
2020-10-16,159.04905700683594,177.6999969482422,180.6699981689453,176.72999572753906,176.7899932861328,3879100
2020-10-19,156.74884033203125,175.1300048828125,179.91000366210938,174.82000732421875,178.22999572753906,4073200
2020-10-20,159.04798889160156,177.08999633789062,179.27000427246094,174.50999450683594,175.5,3603800
2020-10-21,156.7218780517578,174.5,179.61000061035156,174.32000732421875,177.0399932861328,3431800
2020-10-22,153.80294799804688,171.25,175.25,170.7100067138672,174.94000244140625,3266800
2020-10-23,154.60231018066406,172.13999938964844,172.1699981689453,169.22000122070312,171.4600067138672,2963100
2020-10-26,151.00082397460938,168.1300048828125,171.22999572753906,165.86000061035156,169.97000122070312,4380800
2020-10-27,148.31544494628906,165.13999938964844,169.4499969482422,165.00999450683594,169.0500030517578,4425700
2020-10-28,144.9744415283203,161.4199981689453,164.47000122070312,159.4199981689453,161.2899932861328,4947700
2020-10-29,144.3727264404297,160.75,164.0500030517578,160.63999938964844,162.25999450683594,3697800
2020-10-30,141.9927520751953,158.10000610351562,160.6999969482422,155.77000427246094,159.8699951171875,3948900
2020-11-02,143.90570068359375,160.22999572753906,162.7100067138672,158.13999938964844,159.88999938964844,2978900
2020-11-03,147.87538146972656,164.64999389648438,165.47000122070312,161.3000030517578,162.3699951171875,2908200
2020-11-04,151.08168029785156,168.22000122070312,171.44000244140625,165.25,165.41000366210938,5006500
2020-11-05,152.00672912597656,169.25,173.55999755859375,168.39999389648438,171.4199981689453,4088100
2020-11-06,151.35110473632812,168.52000427246094,169.50999450683594,167.44000244140625,169.39999389648438,2672900
2020-11-09,137.81640625,153.4499969482422,170.25,152.92999267578125,169.5,10765200
2020-11-10,139.84619140625,155.7100067138672,157.33999633789062,153.00999450683594,155.60000610351562,5925100
2020-11-11,141.90286254882812,158.0,159.6199951171875,157.0,157.63999938964844,4551700
2020-11-12,141.88491821289062,157.97999572753906,160.0,156.63999938964844,159.27999877929688,3893900
2020-11-13,143.00755310058594,159.22999572753906,159.97999572753906,157.75999450683594,158.42999267578125,4036000
2020-11-16,145.405517578125,161.89999389648438,162.0,158.66000366210938,159.07000732421875,5005400
2020-11-17,143.57337951660156,159.86000061035156,161.5,156.55999755859375,159.8000030517578,5642100
2020-11-18,131.79010009765625,146.74000549316406,154.30999755859375,146.72000122070312,150.3699951171875,18087800
2020-11-19,134.35865783691406,149.60000610351562,151.25,148.0,148.58999633789062,9393700
2020-11-20,134.6550750732422,149.92999267578125,150.9600067138672,148.88999938964844,149.3300018310547,6005800
2020-11-23,138.01402282714844,153.6699981689453,154.13999938964844,150.11000061035156,150.27999877929688,6978500
2020-11-24,139.17254638671875,154.9600067138672,156.0,153.7100067138672,154.4499969482422,7190200
2020-11-25,139.1007537841797,154.8800048828125,156.4600067138672,154.00999450683594,155.3300018310547,5228300
2020-11-27,138.91213989257812,154.6699981689453,157.3699951171875,154.05999755859375,155.69000244140625,2081300
2020-11-30,139.9449920654297,155.82000732421875,155.86000061035156,151.38999938964844,154.4600067138672,7292400
2020-12-01,137.7715301513672,153.39999389648438,156.77999877929688,152.72000122070312,155.82000732421875,6103700
2020-12-02,136.34352111816406,151.80999755859375,153.0,150.44000244140625,152.39999389648438,5133100
2020-12-03,136.48721313476562,151.97000122070312,153.14999389648438,151.36000061035156,151.99000549316406,4870100
2020-12-04,134.71791076660156,150.0,152.39999389648438,149.8300018310547,151.75,4709100
2020-12-07,136.50515747070312,151.99000549316406,152.5800018310547,149.30999755859375,150.11000061035156,7306800
2020-12-08,135.8316192626953,151.24000549316406,153.02999877929688,150.4600067138672,152.66000366210938,6737300
2020-12-09,143.81588745117188,160.1300048828125,160.97999572753906,157.22000122070312,159.5,11093300
2020-12-10,143.89671325683594,160.22000122070312,161.4499969482422,158.0,159.49000549316406,6647400
2020-12-11,141.74119567871094,157.82000732421875,160.11000061035156,157.47999572753906,159.77000427246094,5292600
2020-12-14,143.77996826171875,160.08999633789062,162.44000244140625,158.3699951171875,158.77000427246094,4654000
2020-12-15,146.68983459472656,163.3300018310547,164.2899932861328,160.94000244140625,161.1300048828125,4764700
2020-12-16,146.5730743408203,163.1999969482422,166.19000244140625,162.57000732421875,164.1199951171875,4443500
2020-12-17,146.87843322753906,163.5399932861328,165.41000366210938,163.0800018310547,164.63999938964844,4471500
2020-12-18,146.5730743408203,163.1999969482422,165.32000732421875,161.88999938964844,163.13999938964844,11916900
2020-12-21,147.5879669189453,164.3300018310547,165.86000061035156,161.27000427246094,162.02000427246094,5153100
2020-12-22,147.83941650390625,164.61000061035156,165.86000061035156,163.6199951171875,164.02000427246094,3274200
2020-12-23,145.88157653808594,162.42999267578125,165.6300048828125,162.3000030517578,165.0,3613700
2020-12-24,146.18690490722656,162.77000427246094,163.1999969482422,162.10000610351562,162.42999267578125,1044600
2020-12-28,145.53126525878906,162.0399932861328,163.8300018310547,161.61000061035156,163.25,2635000
2020-12-29,144.18408203125,160.5399932861328,163.3000030517578,159.47999572753906,162.9499969482422,3326100
2020-12-30,144.20204162597656,160.55999755859375,161.69000244140625,160.17999267578125,160.60000610351562,3227000
2020-12-31,144.15713500976562,160.50999450683594,160.86000061035156,159.25999450683594,160.61000061035156,2335300
2021-01-04,144.04042053222656,160.3800048828125,161.3800048828125,157.1300048828125,160.77000427246094,7243400
2021-01-05,144.52540588378906,160.9199981689453,162.0800018310547,159.1199951171875,159.44000244140625,3911900
2021-01-06,146.45632934570312,163.07000732421875,165.14999389648438,158.0,158.3699951171875,4937000
2021-01-07,147.03115844726562,163.7100067138672,164.83999633789062,162.7899932861328,163.4499969482422,4144100
2021-01-08,148.23463439941406,165.0500030517578,166.25,163.0399932861328,163.74000549316406,4971200
2021-01-11,149.37521362304688,166.32000732421875,167.39999389648438,164.3000030517578,164.91000366210938,3005200
2021-01-12,151.77320861816406,168.99000549316406,170.24000549316406,165.16000366210938,166.2899932861328,4036900
2021-01-13,152.5276641845703,169.8300018310547,171.69000244140625,169.22000122070312,170.1300048828125,3291800
2021-01-14,153.03057861328125,170.38999938964844,172.5800018310547,169.97000122070312,170.35000610351562,4090900
2021-01-15,153.88380432128906,171.33999633789062,172.00999450683594,168.0,168.49000549316406,3727200
2021-01-19,153.9018096923828,170.75999450683594,173.80999755859375,170.63999938964844,172.89999389648438,4683100
2021-01-20,155.37091064453125,172.38999938964844,174.0500030517578,169.64999389648438,171.24000549316406,3899800
2021-01-21,155.3258056640625,172.33999633789062,175.07000732421875,172.25999450683594,173.58999633789062,5322600
2021-01-22,155.37991333007812,172.39999389648438,174.1199951171875,171.02999877929688,171.88999938964844,3612300
2021-01-25,156.91204833984375,174.10000610351562,175.14999389648438,171.44000244140625,172.91000366210938,4764100
2021-01-26,156.55157470703125,173.6999969482422,174.89999389648438,173.0,174.2899932861328,2496200
2021-01-27,151.1529083251953,167.7100067138672,171.86000061035156,167.0399932861328,171.0399932861328,4762700
2021-01-28,155.3258056640625,172.33999633789062,173.72999572753906,167.75999450683594,168.88999938964844,3816600
2021-01-29,150.37783813476562,166.85000610351562,171.8000030517578,166.5,171.5500030517578,4400500
2021-02-01,147.24139404296875,163.3699951171875,168.19000244140625,162.13999938964844,167.1199951171875,3898500
2021-02-02,150.20660400390625,166.66000366210938,167.7899932861328,163.44000244140625,163.8800048828125,3181900
2021-02-03,153.1086883544922,169.8800048828125,170.22000122070312,166.11000061035156,166.25999450683594,2996500
2021-02-04,155.94772338867188,173.02999877929688,173.13999938964844,169.80999755859375,170.52999877929688,2679800
2021-02-05,157.75025939941406,175.02999877929688,175.1999969482422,173.19000244140625,174.67999267578125,2562700
2021-02-08,161.48155212402344,179.1699981689453,179.2100067138672,175.50999450683594,175.97999572753906,3421800
2021-02-09,160.22877502441406,177.77999877929688,179.4600067138672,177.3800048828125,178.8300018310547,2723800
2021-02-10,159.74209594726562,177.24000549316406,179.0,175.13999938964844,179.0,2837900
2021-02-11,158.3811492919922,175.72999572753906,177.63999938964844,174.8800048828125,176.99000549316406,2783900
2021-02-12,159.66998291015625,177.16000366210938,177.6699981689453,175.41000366210938,175.77000427246094,2035500
2021-02-16,156.8760528564453,174.05999755859375,177.3000030517578,173.92999267578125,176.27000427246094,2947700
2021-02-17,159.64297485351562,177.1300048828125,177.47000122070312,173.5,173.85000610351562,2244100
2021-02-18,159.66998291015625,177.16000366210938,178.0500030517578,175.35000610351562,175.9600067138672,2758700
2021-02-19,160.01242065429688,177.5399932861328,179.10000610351562,176.77999877929688,177.50999450683594,2842000
2021-02-22,155.388916015625,172.41000366210938,176.49000549316406,172.1999969482422,176.22000122070312,3767700
2021-02-23,151.94601440429688,168.58999633789062,170.91000366210938,165.0,170.75,5149500
2021-02-24,146.2860565185547,162.30999755859375,169.61000061035156,160.11000061035156,168.66000366210938,9972300
2021-02-25,142.87022399902344,158.52000427246094,163.5,157.9499969482422,163.49000549316406,6639300
2021-02-26,143.97879028320312,159.75,162.4199981689453,159.1300048828125,160.33999633789062,6030400
2021-03-01,145.9525909423828,161.94000244140625,163.5,160.75999450683594,160.75999450683594,3361100
2021-03-02,146.95297241210938,163.0500030517578,164.7899932861328,162.39999389648438,162.42999267578125,4330900
2021-03-03,142.66290283203125,158.2899932861328,162.8300018310547,158.22999572753906,162.19000244140625,5238500
2021-03-04,138.58912658691406,153.77000427246094,158.27999877929688,150.83999633789062,157.1699981689453,7792700
2021-03-05,142.9242706298828,158.5800018310547,159.08999633789062,151.07000732421875,154.9499969482422,5143100
2021-03-08,146.8358154296875,162.9199981689453,165.3000030517578,159.2899932861328,159.74000549316406,4613400
2021-03-09,149.6027374267578,165.99000549316406,169.22000122070312,165.0,165.74000549316406,4585200
2021-03-10,151.8289337158203,168.4600067138672,170.39999389648438,166.4600067138672,167.0,3394900
2021-03-11,153.89279174804688,170.75,173.1300048828125,170.36000061035156,170.82000732421875,4989600
2021-03-12,154.6138458251953,171.5500030517578,171.8300018310547,169.22999572753906,170.0800018310547,3638700
2021-03-15,157.00222778320312,174.1999969482422,175.30999755859375,172.55999755859375,172.55999755859375,3745200
2021-03-16,158.0206298828125,175.3300018310547,176.52000427246094,173.97000122070312,174.02000427246094,3737200
2021-03-17,157.21852111816406,174.44000244140625,175.9199981689453,173.8800048828125,174.80999755859375,3119900
2021-03-18,157.6060333251953,174.8699951171875,176.6300048828125,172.30999755859375,172.91000366210938,3888100
2021-03-19,161.76995849609375,179.49000549316406,180.5500030517578,174.24000549316406,174.24000549316406,8525100
2021-03-22,163.93301391601562,181.88999938964844,183.60000610351562,178.33999633789062,179.5500030517578,4700200
2021-03-23,162.59010314941406,180.39999389648438,183.8000030517578,179.94000244140625,181.25,3324400
2021-03-24,162.84246826171875,180.67999267578125,184.14999389648438,180.64999389648438,181.1199951171875,3555400
2021-03-25,166.88919067382812,185.1699981689453,186.1699981689453,179.52000427246094,179.7100067138672,4543300
2021-03-26,172.6934356689453,191.61000061035156,191.85000610351562,185.33999633789062,185.83999633789062,4795200
2021-03-29,169.99859619140625,188.6199951171875,192.91000366210938,187.7899932861328,192.0,3970900
2021-03-30,171.26039123535156,190.02000427246094,191.02000427246094,186.6999969482422,186.88999938964844,3547600
2021-03-31,171.40457153320312,190.17999267578125,192.17999267578125,189.1699981689453,190.99000549316406,3564200
2021-04-01,172.4320526123047,191.32000732421875,191.8800048828125,189.69000244140625,191.1999969482422,3192200
2021-04-05,174.60414123535156,193.72999572753906,194.6699981689453,191.25,191.86000061035156,3507200
2021-04-06,175.02772521972656,194.1999969482422,194.97000122070312,192.49000549316406,192.88999938964844,2917700
2021-04-07,174.55003356933594,193.6699981689453,194.75,192.67999267578125,193.5,3276300
2021-04-08,175.03672790527344,194.2100067138672,195.11000061035156,193.2899932861328,194.27000427246094,2684300
2021-04-09,178.91220092773438,198.50999450683594,198.6699981689453,194.3000030517578,195.39999389648438,3168500
2021-04-12,180.84095764160156,200.64999389648438,200.97999572753906,198.16000366210938,198.16000366210938,3647900
2021-04-13,180.00274658203125,199.72000122070312,201.22000122070312,199.02000427246094,200.7100067138672,2964500
2021-04-14,181.6250457763672,201.52000427246094,204.17999267578125,200.72000122070312,201.0500030517578,3371900
2021-04-15,184.3739471435547,204.57000732421875,205.07000732421875,200.61000061035156,200.64999389648438,3656300
2021-04-16,187.69064331054688,208.25,208.97999572753906,205.27000427246094,206.57000732421875,6359800
2021-04-19,183.86923217773438,204.00999450683594,207.2899932861328,203.49000549316406,206.00999450683594,3828800
2021-04-20,183.2907257080078,202.77000427246094,204.0,200.42999267578125,203.4199981689453,3006200
2021-04-21,184.3212127685547,203.91000366210938,204.92999267578125,203.22000122070312,203.8000030517578,2716600
2021-04-22,181.96194458007812,201.3000030517578,204.85000610351562,199.24000549316406,203.8800048828125,3713000
2021-04-23,181.62745666503906,200.92999267578125,201.88999938964844,199.50999450683594,201.7899932861328,3634000
2021-04-26,180.0546417236328,199.19000244140625,200.92999267578125,198.3000030517578,200.8300018310547,3017000
2021-04-27,179.92813110351562,199.0500030517578,201.1300048828125,198.67999267578125,200.07000732421875,3453900
2021-04-28,177.22532653808594,196.05999755859375,199.83999633789062,195.6999969482422,199.74000549316406,4939200
2021-04-29,179.37667846679688,198.44000244140625,199.42999267578125,196.92999267578125,197.30999755859375,3860200
2021-04-30,177.39703369140625,196.25,198.25999450683594,195.27000427246094,197.8000030517578,4255500
2021-05-03,180.06362915039062,199.1999969482422,200.0800018310547,197.8699951171875,198.75,4629500
2021-05-04,181.05801391601562,200.3000030517578,200.49000549316406,196.77999877929688,198.6999969482422,4150100
2021-05-05,180.78680419921875,200.0,203.10000610351562,198.8000030517578,201.5399932861328,3715300
2021-05-06,186.1561737060547,205.94000244140625,206.05999755859375,200.42999267578125,201.3000030517578,4525200
2021-05-07,188.37989807128906,208.39999389648438,209.24000549316406,204.6999969482422,206.05999755859375,3694800
2021-05-10,191.01028442382812,211.30999755859375,215.22000122070312,208.50999450683594,209.5399932861328,4476900
2021-05-11,185.6138153076172,205.33999633789062,209.66000366210938,201.22000122070312,208.00999450683594,4449200
2021-05-12,176.7552947998047,195.5399932861328,203.97000122070312,194.8000030517578,203.1999969482422,5406600
2021-05-13,181.09413146972656,200.33999633789062,202.75,197.60000610351562,197.8300018310547,4494000
2021-05-14,179.80154418945312,198.91000366210938,202.22000122070312,197.22000122070312,201.7100067138672,3743000
2021-05-17,175.48072814941406,194.1300048828125,198.6999969482422,192.1300048828125,197.63999938964844,5798800
2021-05-18,174.23330688476562,192.75,196.0,191.72000122070312,194.0,5691500
2021-05-19,172.39830017089844,190.72000122070312,191.64999389648438,186.3800048828125,189.5399932861328,6797900
2021-05-20,174.82992553710938,193.41000366210938,194.88999938964844,191.3800048828125,191.75999450683594,4397700
2021-05-21,173.980224609375,192.47000122070312,195.8699951171875,191.3300018310547,194.35000610351562,4032700
2021-05-24,172.3441162109375,190.66000366210938,193.52000427246094,190.50999450683594,193.24000549316406,3396200
2021-05-25,174.4773712158203,193.02000427246094,193.3300018310547,190.61000061035156,191.1699981689453,4089300
2021-05-26,175.00161743164062,193.60000610351562,194.25,192.52000427246094,192.58999633789062,3565600
2021-05-27,175.15530395507812,193.77000427246094,195.6199951171875,193.57000732421875,194.33999633789062,5126500
2021-05-28,176.1134490966797,194.8300018310547,197.83999633789062,194.67999267578125,197.0,3619400
2021-06-01,173.41973876953125,191.85000610351562,196.10000610351562,191.5399932861328,195.0,4105600
2021-06-02,172.44351196289062,190.77000427246094,193.17999267578125,190.05999755859375,192.3000030517578,3997700
2021-06-03,172.01864624023438,190.3000030517578,190.8300018310547,188.47999572753906,190.0,3469200
2021-06-04,171.6661834716797,189.91000366210938,191.38999938964844,188.2899932861328,190.3800048828125,4210500
2021-06-07,171.9734344482422,190.25,191.11000061035156,188.5399932861328,189.9499969482422,2913500
2021-06-08,173.01300048828125,191.39999389648438,192.69000244140625,190.25,191.16000366210938,3604600
2021-06-09,172.28985595703125,190.60000610351562,192.5,190.36000061035156,192.0,3638900
2021-06-10,170.6446990966797,188.77999877929688,191.64999389648438,187.35000610351562,190.8699951171875,3905800
2021-06-11,172.47962951660156,190.80999755859375,191.69000244140625,189.3000030517578,189.8800048828125,3127800
2021-06-14,171.4401092529297,189.66000366210938,190.5,188.2100067138672,190.1199951171875,3257700
2021-06-15,169.83114624023438,187.8800048828125,189.64999389648438,186.75,189.47000122070312,4472600
2021-06-16,168.31253051757812,186.1999969482422,188.1999969482422,184.5800018310547,188.0,4175800
2021-06-17,168.89105224609375,186.83999633789062,188.16000366210938,184.4600067138672,186.5,4260900
2021-06-18,168.92718505859375,186.8800048828125,187.89999389648438,184.49000549316406,184.72999572753906,9316900
2021-06-21,170.73507690429688,188.8800048828125,190.5399932861328,187.69000244140625,187.97000122070312,4539400
2021-06-22,173.30221557617188,191.72000122070312,192.67999267578125,189.57000732421875,189.9199981689453,3995700
2021-06-23,172.77796936035156,191.13999938964844,192.1699981689453,190.85000610351562,191.14999389648438,2835900
2021-06-24,173.32936096191406,191.75,193.08999633789062,190.92999267578125,192.67999267578125,2767800
2021-06-25,174.1519317626953,192.66000366210938,192.86000061035156,191.1999969482422,192.1199951171875,4149500
2021-06-28,174.64910888671875,193.2100067138672,194.1699981689453,191.3800048828125,192.58999633789062,2510600
2021-06-29,175.54400634765625,194.1999969482422,195.85000610351562,193.0399932861328,193.0399932861328,2628800
2021-06-30,175.33607482910156,193.97000122070312,195.25999450683594,193.85000610351562,194.1300048828125,2715900
2021-07-01,177.0083770751953,195.82000732421875,196.10000610351562,193.85000610351562,194.5,2456300
2021-07-02,176.908935546875,195.7100067138672,196.52000427246094,195.2100067138672,196.38999938964844,2553000
2021-07-06,176.04115295410156,194.75,196.3800048828125,192.77999877929688,195.8000030517578,2588300
2021-07-07,177.06263732910156,195.8800048828125,196.4600067138672,193.2899932861328,193.6699981689453,3647100
2021-07-08,174.2784881591797,192.8000030517578,194.14999389648438,191.16000366210938,193.38999938964844,3993600
2021-07-09,176.5654296875,195.3300018310547,196.75,194.17999267578125,194.17999267578125,2436300
2021-07-12,176.7823944091797,195.57000732421875,196.4199981689453,194.30999755859375,194.89999389648438,2405600
2021-07-13,175.6163330078125,194.27999877929688,196.14999389648438,193.74000549316406,195.92999267578125,3191900
2021-07-14,174.22427368164062,192.74000549316406,195.39999389648438,192.60000610351562,195.1699981689453,2943300
2021-07-15,176.9451141357422,195.75,195.92999267578125,191.52000427246094,191.52000427246094,3188000
2021-07-16,177.29762268066406,196.13999938964844,198.86000061035156,195.82000732421875,196.94000244140625,4920700
2021-07-19,174.36891174316406,192.89999389648438,193.6699981689453,190.0399932861328,191.97999572753906,5214000
2021-07-20,176.19332885742188,194.11000061035156,195.41000366210938,191.1699981689453,191.67999267578125,2882400
2021-07-21,177.1192169189453,195.1300048828125,195.42999267578125,193.92999267578125,194.55999755859375,2112900
2021-07-22,178.6078338623047,196.77000427246094,196.9600067138672,194.7899932861328,196.11000061035156,3244100
2021-07-23,182.30213928222656,200.83999633789062,201.4199981689453,197.61000061035156,198.0,3358100
2021-07-26,179.48831176757812,197.74000549316406,197.91000366210938,193.83999633789062,196.30999755859375,3422200
2021-07-27,175.6487579345703,193.50999450683594,197.72000122070312,191.49000549316406,197.67999267578125,4106100
2021-07-28,174.63211059570312,192.38999938964844,195.38999938964844,192.0,193.6699981689453,2152500
2021-07-29,175.74855041503906,193.6199951171875,194.32000732421875,191.9600067138672,193.25,2532800
2021-07-30,174.90440368652344,192.69000244140625,195.3000030517578,192.4199981689453,192.60000610351562,2841600
2021-08-02,173.3341064453125,190.9600067138672,194.22000122070312,190.85000610351562,193.80999755859375,3051700
2021-08-03,176.04812622070312,193.9499969482422,194.61000061035156,191.47000122070312,191.5800018310547,2335100
2021-08-04,172.37193298339844,189.89999389648438,194.27999877929688,189.80999755859375,193.05999755859375,3162200
2021-08-05,173.07997131347656,190.67999267578125,192.5800018310547,189.99000549316406,190.97000122070312,2335500
2021-08-06,172.6079559326172,190.16000366210938,192.60000610351562,189.82000732421875,191.72999572753906,2855000
2021-08-09,170.63824462890625,187.99000549316406,190.16000366210938,187.83999633789062,189.75,2296200
2021-08-10,172.21763610839844,189.72999572753906,190.86000061035156,187.3699951171875,188.13999938964844,2548300
2021-08-11,176.5655059814453,194.52000427246094,194.7100067138672,191.0,191.2899932861328,3367300
2021-08-12,174.278076171875,192.0,194.9199981689453,190.7899932861328,194.25999450683594,2753600
2021-08-13,172.92567443847656,190.50999450683594,192.35000610351562,189.75999450683594,191.92999267578125,2400900
2021-08-16,175.6215057373047,193.47999572753906,193.88999938964844,189.13999938964844,189.94000244140625,3485800
2021-08-17,165.43710327148438,182.25999450683594,187.85000610351562,182.0800018310547,187.42999267578125,8256400
2021-08-18,181.29464721679688,199.72999572753906,203.72000122070312,188.5,189.25,16992700
2021-08-19,183.89064025878906,202.58999633789062,203.32000732421875,198.4600067138672,198.75,5378300
2021-08-20,188.9918975830078,208.2100067138672,208.88999938964844,202.55999755859375,202.75,4915700
2021-08-23,187.04037475585938,206.05999755859375,209.49000549316406,205.72999572753906,208.80999755859375,4195200
2021-08-24,184.61679077148438,203.38999938964844,206.4499969482422,202.85000610351562,206.16000366210938,4110400
2021-08-25,187.14927673339844,206.17999267578125,206.8300018310547,203.07000732421875,203.41000366210938,2628800
2021-08-26,186.668212890625,205.64999389648438,206.97999572753906,204.0500030517578,205.2899932861328,3250400
2021-08-27,186.8950958251953,205.89999389648438,207.52999877929688,204.75,205.3699951171875,3128100
2021-08-30,186.06910705566406,204.99000549316406,209.41000366210938,204.88999938964844,208.4499969482422,3986100
2021-08-31,185.07061767578125,203.88999938964844,206.58999633789062,203.3300018310547,206.3699951171875,4877800
2021-09-01,184.65309143066406,203.42999267578125,205.0399932861328,201.5500030517578,204.5500030517578,2835000
2021-09-02,187.12203979492188,206.14999389648438,206.6300048828125,203.6999969482422,203.77000427246094,2655800
2021-09-03,186.96774291992188,205.97999572753906,206.8300018310547,204.14999389648438,204.89999389648438,2260900
2021-09-07,186.21434020996094,205.14999389648438,207.24000549316406,204.91000366210938,205.6999969482422,2591900
2021-09-08,185.25218200683594,204.08999633789062,204.4199981689453,201.5,204.35000610351562,3344800
2021-09-09,184.27186584472656,203.00999450683594,204.72000122070312,202.49000549316406,204.47000122070312,2566100
2021-09-10,185.47006225585938,204.3300018310547,206.5800018310547,204.16000366210938,204.77999877929688,2505600
2021-09-13,187.03128051757812,206.0500030517578,207.24000549316406,204.75,205.72000122070312,3159000
2021-09-14,185.32476806640625,204.1699981689453,207.41000366210938,203.9199981689453,206.5500030517578,2488600
2021-09-15,186.63186645507812,205.61000061035156,206.2100067138672,201.47999572753906,204.1699981689453,2956600
2021-09-16,189.2369842529297,208.47999572753906,209.3300018310547,205.66000366210938,205.66000366210938,3365500
2021-09-17,189.7362060546875,209.02999877929688,211.97999572753906,207.36000061035156,207.36000061035156,5835200
2021-09-20,186.32330322265625,205.27000427246094,208.4600067138672,203.02999877929688,206.52000427246094,3640400
2021-09-21,187.23098754882812,206.27000427246094,208.22999572753906,205.36000061035156,206.66000366210938,2681200
2021-09-22,189.609130859375,208.88999938964844,210.27999877929688,206.72999572753906,208.0500030517578,3169000
2021-09-23,188.78311157226562,207.97999572753906,211.64999389648438,207.7899932861328,210.0,3128800
2021-09-24,188.6833038330078,207.8699951171875,208.8000030517578,206.88999938964844,208.07000732421875,2275800
2021-09-27,191.1885223388672,210.6300048828125,212.25,207.5,207.6300048828125,2886100
2021-09-28,186.46852111816406,205.42999267578125,209.4600067138672,204.69000244140625,209.10000610351562,4030200
2021-09-29,187.98435974121094,207.10000610351562,208.35000610351562,205.9199981689453,206.16000366210938,2678300
2021-09-30,184.1357421875,202.86000061035156,207.4600067138672,202.27000427246094,206.92999267578125,3828600
2021-10-01,184.89817810058594,203.6999969482422,205.41000366210938,201.8300018310547,203.72999572753906,3016400
2021-10-04,185.63340759277344,204.50999450683594,204.58999633789062,201.5800018310547,202.83999633789062,5195600
2021-10-05,185.4155731201172,204.27000427246094,207.75,204.16000366210938,205.8699951171875,3482800
2021-10-06,185.17051696777344,204.0,205.19000244140625,201.91000366210938,202.89999389648438,3079600
2021-10-07,188.7104949951172,207.89999389648438,209.61000061035156,205.6199951171875,205.9199981689453,3001100
2021-10-08,187.13111877441406,206.16000366210938,207.75999450683594,204.4499969482422,205.58999633789062,3042000
2021-10-11,189.57286071777344,208.85000610351562,211.74000549316406,207.83999633789062,208.11000061035156,3267900
2021-10-12,190.4351348876953,209.8000030517578,211.72999572753906,209.72999572753906,209.85000610351562,2793600
2021-10-13,192.54100036621094,212.1199951171875,213.6300048828125,210.60000610351562,210.6300048828125,3275600
2021-10-14,196.47132873535156,216.4499969482422,216.55999755859375,213.44000244140625,214.33999633789062,3177100
2021-10-15,198.93118286132812,219.16000366210938,219.99000549316406,217.38999938964844,218.75999450683594,2930500
2021-10-18,201.2730712890625,221.74000549316406,222.7100067138672,218.27000427246094,218.39999389648438,2786000
2021-10-19,203.06768798828125,222.91000366210938,223.77000427246094,221.50999450683594,221.85000610351562,2976300
2021-10-20,204.9807586669922,225.00999450683594,225.3000030517578,222.69000244140625,224.0,2293700
2021-10-21,207.17623901367188,227.4199981689453,227.66000366210938,224.50999450683594,224.91000366210938,2883100
2021-10-22,208.40606689453125,228.77000427246094,229.86000061035156,227.47999572753906,227.47999572753906,2207500
2021-10-25,211.1845703125,231.82000732421875,232.17999267578125,228.11000061035156,228.5500030517578,3018500
2021-10-26,210.5013427734375,231.07000732421875,233.6699981689453,230.5,233.11000061035156,2801000
2021-10-27,211.13905334472656,231.77000427246094,234.9600067138672,231.6199951171875,231.6199951171875,2801700
2021-10-28,211.1299285888672,231.75999450683594,234.67999267578125,231.25,232.9600067138672,2421700
2021-10-29,213.00657653808594,233.82000732421875,234.74000549316406,230.5,230.77999877929688,3316300
2021-11-01,211.12081909179688,231.75,235.89999389648438,230.2100067138672,235.0,3861500
2021-11-02,212.286865234375,233.02999877929688,234.13999938964844,231.2899932861328,232.32000732421875,2167300
2021-11-03,213.44381713867188,234.3000030517578,234.67999267578125,232.0800018310547,232.88999938964844,2629100
2021-11-04,216.61402893066406,237.77999877929688,238.92999267578125,234.94000244140625,235.0,2508800
2021-11-05,214.57345581054688,235.5399932861328,239.27000427246094,235.0500030517578,239.0,2356500
2021-11-08,213.89019775390625,234.7899932861328,238.0800018310547,233.16000366210938,236.5500030517578,2797200
2021-11-09,213.0885467529297,233.91000366210938,237.27000427246094,233.0399932861328,235.05999755859375,2307500
2021-11-10,211.849609375,232.5500030517578,235.77999877929688,231.30999755859375,232.6199951171875,2402900
2021-11-11,211.6400909423828,232.32000732421875,234.72999572753906,231.3000030517578,234.32000732421875,1921300
2021-11-12,215.2840118408203,236.32000732421875,236.72000122070312,232.05999755859375,234.42999267578125,2462900
2021-11-15,214.00865173339844,234.9199981689453,237.14999389648438,234.3300018310547,236.10000610351562,2219900
2021-11-16,222.99095153808594,244.77999877929688,246.72000122070312,239.38999938964844,240.60000610351562,5223200
2021-11-17,223.85638427734375,245.72999572753906,255.22000122070312,245.25,250.02000427246094,6823900
2021-11-18,225.3595428466797,247.3800048828125,250.0,245.22999572753906,246.4499969482422,3468600
2021-11-19,227.3090362548828,249.52000427246094,250.74000549316406,245.75,247.77000427246094,3685000
2021-11-22,229.88714599609375,252.35000610351562,256.3900146484375,249.85000610351562,250.25999450683594,4460500
2021-11-23,229.4862823486328,251.91000366210938,252.6699981689453,248.60000610351562,251.13999938964844,2550600
2021-11-24,230.1422119140625,252.6300048828125,253.41000366210938,249.0,249.4199981689453,1952500
2021-11-26,225.6419219970703,247.69000244140625,252.11000061035156,247.14999389648438,249.6199951171875,1891000
2021-11-29,226.4527130126953,248.5800018310547,252.49000549316406,248.3800048828125,250.30999755859375,3209100
2021-11-30,222.81785583496094,244.58999633789062,250.44000244140625,244.50999450683594,247.75999450683594,6235900
2021-12-01,223.5010986328125,245.33999633789062,252.3699951171875,245.22000122070312,248.3000030517578,4018600
2021-12-02,228.10159301757812,250.38999938964844,251.67999267578125,245.83999633789062,247.00999450683594,3706700
2021-12-03,226.55287170410156,248.69000244140625,253.85000610351562,247.07000732421875,252.52000427246094,3972000
2021-12-06,228.82122802734375,251.17999267578125,254.3300018310547,250.4199981689453,252.49000549316406,3008500
2021-12-07,234.04119873046875,256.9100036621094,257.5400085449219,252.39999389648438,253.50999450683594,3405400
2021-12-08,233.88636779785156,256.739990234375,258.6300048828125,254.5500030517578,256.5899963378906,3820700
2021-12-09,235.1708221435547,258.1499938964844,260.82000732421875,254.86000061035156,255.77000427246094,3812700
2021-12-10,238.11329650878906,261.3800048828125,261.4800109863281,257.7200012207031,258.4100036621094,2547700
2021-12-13,234.34181213378906,257.239990234375,263.30999755859375,256.2900085449219,262.8500061035156,3915300
2021-12-14,229.98731994628906,252.4600067138672,256.82000732421875,250.50999450683594,255.9199981689453,5100500
2021-12-15,234.61514282226562,257.5400085449219,258.3399963378906,249.25,249.60000610351562,4939300
2021-12-16,230.69790649414062,253.24000549316406,259.5,253.10000610351562,259.2300109863281,4457200
2021-12-17,226.0063018798828,248.08999633789062,253.2899932861328,247.4499969482422,252.33999633789062,10173200
2021-12-20,223.75616455078125,245.6199951171875,245.94000244140625,242.3000030517578,245.22000122070312,3900900
2021-12-21,224.99513244628906,246.97999572753906,248.41000366210938,243.5800018310547,247.7100067138672,2963800
2021-12-22,227.47299194335938,249.6999969482422,249.9499969482422,246.1300048828125,247.11000061035156,1771900
2021-12-23,227.82827758789062,250.08999633789062,251.7100067138672,249.0399932861328,250.24000549316406,2060300
2021-12-27,231.116943359375,253.6999969482422,253.77999877929688,251.13999938964844,251.13999938964844,1590200
2021-12-28,231.40847778320312,254.02000427246094,254.88999938964844,252.82000732421875,254.0,1531500
2021-12-29,234.64247131347656,257.57000732421875,258.5400085449219,254.9600067138672,255.00999450683594,1617500
2021-12-30,233.5675048828125,256.3900146484375,259.25,256.05999755859375,258.3500061035156,1488100
2021-12-31,235.47145080566406,258.4800109863281,259.7699890136719,255.85000610351562,256.1499938964844,1774200
2022-01-03,232.7658233642578,255.50999450683594,260.20001220703125,253.07000732421875,259.20001220703125,5302100
2022-01-04,236.68307495117188,259.80999755859375,260.8299865722656,255.60000610351562,255.63999938964844,3638200
2022-01-05,232.073486328125,254.75,259.44000244140625,254.72000122070312,258.7099914550781,3808600
2022-01-06,234.84286499023438,257.7900085449219,258.45001220703125,255.0,257.6400146484375,3616300
2022-01-07,228.7392578125,251.08999633789062,257.3800048828125,250.7100067138672,255.6999969482422,4945500
2022-01-10,225.6419219970703,247.69000244140625,248.10000610351562,240.57000732421875,247.88999938964844,6292400
2022-01-11,227.2908172607422,249.5,249.9499969482422,244.67999267578125,247.91000366210938,3415000
2022-01-12,228.4022216796875,250.72000122070312,254.7100067138672,249.94000244140625,251.19000244140625,2825500
2022-01-13,228.3839874267578,250.6999969482422,253.75,250.08999633789062,253.0800018310547,2243400
2022-01-14,221.73377990722656,243.39999389648438,248.6999969482422,241.47000122070312,247.3000030517578,3258500
2022-01-18,217.90415954589844,238.41000366210938,239.60000610351562,234.27000427246094,239.1999969482422,4612500
2022-01-19,214.5132598876953,234.6999969482422,241.16000366210938,234.27000427246094,239.6300048828125,4146800
2022-01-20,204.66958618164062,223.92999267578125,237.58999633789062,223.33999633789062,236.27000427246094,5946600
2022-01-21,205.66586303710938,225.02000427246094,229.85000610351562,221.5,222.88999938964844,5724400
2022-01-24,212.36541748046875,232.35000610351562,232.7100067138672,220.1999969482422,220.52999877929688,4911600
2022-01-25,210.22666931152344,230.00999450683594,231.94000244140625,224.50999450683594,227.5,4099200
2022-01-26,208.48094177246094,228.10000610351562,235.0,225.74000549316406,232.55999755859375,4349200
2022-01-27,206.4976043701172,225.92999267578125,233.1699981689453,223.9499969482422,230.66000366210938,3425800
2022-01-28,214.77833557128906,234.99000549316406,235.13999938964844,224.47999572753906,227.99000549316406,3215500
2022-01-31,216.93536376953125,237.35000610351562,237.61000061035156,232.66000366210938,233.99000549316406,4485900
2022-02-01,217.84933471679688,238.35000610351562,239.47999572753906,233.82000732421875,238.4499969482422,2723800
2022-02-02,218.54400634765625,239.11000061035156,240.7100067138672,236.4499969482422,238.61000061035156,2442900
2022-02-03,213.9740447998047,234.11000061035156,239.49000549316406,233.80999755859375,236.0,2512000
2022-02-04,209.3675079345703,229.07000732421875,234.14999389648438,225.1699981689453,234.14999389648438,3456700
2022-02-07,207.49383544921875,227.02000427246094,230.97999572753906,224.52999877929688,230.52000427246094,2990100
2022-02-08,211.8261260986328,231.75999450683594,232.6199951171875,225.86000061035156,227.1999969482422,2572400
2022-02-09,213.56272888183594,233.66000366210938,236.47999572753906,232.83999633789062,234.52000427246094,2115100
2022-02-10,207.84115600585938,227.39999389648438,232.86000061035156,225.7899932861328,230.69000244140625,3053800
2022-02-11,206.4792938232422,225.91000366210938,229.72000122070312,224.75999450683594,227.52000427246094,2192800
2022-02-14,206.51589965820312,225.9499969482422,227.02000427246094,223.1199951171875,223.77000427246094,2025700
2022-02-15,208.48094177246094,228.10000610351562,230.05999755859375,226.97999572753906,228.30999755859375,1843600
2022-02-16,207.48468017578125,227.00999450683594,228.1699981689453,223.50999450683594,226.52000427246094,2461300
2022-02-17,204.54164123535156,223.7899932861328,227.22000122070312,223.25,225.92999267578125,2482200
2022-02-18,203.5362548828125,222.69000244140625,225.72000122070312,220.4199981689453,222.9499969482422,4241500
2022-02-22,196.13294982910156,214.58999633789062,221.4499969482422,210.75999450683594,218.2899932861328,7641100
2022-02-23,196.58995056152344,215.08999633789062,227.75,214.1300048828125,222.0,8936900
2022-02-24,195.054443359375,213.41000366210938,214.25999450683594,206.24000549316406,209.69000244140625,5749300
2022-02-25,200.32815551757812,219.17999267578125,219.69000244140625,210.2100067138672,214.27000427246094,4613300
2022-02-28,202.0464630126953,221.05999755859375,221.3000030517578,215.82000732421875,217.25999450683594,5440400
2022-03-01,202.44862365722656,221.5,224.44000244140625,220.22999572753906,221.3800048828125,3953200
2022-03-02,208.99281311035156,228.66000366210938,230.00999450683594,220.11000061035156,220.60000610351562,4513700
2022-03-03,206.81748962402344,226.27999877929688,230.72000122070312,225.05999755859375,229.1199951171875,3180700
2022-03-04,204.79757690429688,224.07000732421875,226.69000244140625,221.75,224.5800018310547,3144400
2022-03-07,203.14324951171875,222.25999450683594,227.97999572753906,222.0800018310547,224.02999877929688,4022700
2022-03-08,204.05723571777344,223.25999450683594,229.6199951171875,222.0800018310547,222.25999450683594,3725900
2022-03-09,206.451904296875,225.8800048828125,230.27999877929688,225.58999633789062,227.97999572753906,3428500
2022-03-10,204.8889617919922,224.1699981689453,224.38999938964844,219.08999633789062,223.0,3318700
2022-03-11,203.09756469726562,222.2100067138672,227.55999755859375,221.99000549316406,223.89999389648438,2616300
2022-03-14,207.02769470214844,226.50999450683594,227.7100067138672,221.0800018310547,223.97999572753906,3607700
2022-03-15,211.19552612304688,231.07000732421875,232.35000610351562,227.50999450683594,227.8000030517578,3413600
2022-03-16,211.43312072753906,231.3300018310547,234.42999267578125,226.7899932861328,233.1300048828125,3497400
2022-03-17,214.2208251953125,234.3800048828125,234.41000366210938,228.32000732421875,230.0,3323900
2022-03-18,215.3998260498047,235.6699981689453,236.25999450683594,229.92999267578125,231.64999389648438,9149800
2022-03-21,208.02395629882812,227.60000610351562,238.3699951171875,225.69000244140625,236.5,4349200
2022-03-22,208.81910705566406,228.47000122070312,229.8699951171875,225.36000061035156,227.64999389648438,3248800
2022-03-23,201.91848754882812,220.9199981689453,227.9499969482422,219.8300018310547,227.0,3728100
2022-03-24,200.31900024414062,219.1699981689453,221.9600067138672,217.9600067138672,220.8300018310547,3399200
2022-03-25,194.60655212402344,212.9199981689453,220.9600067138672,211.38999938964844,220.72999572753906,6831700
2022-03-28,195.3926239013672,213.77999877929688,213.89999389648438,207.4199981689453,211.3800048828125,6579600
2022-03-29,200.6846160888672,219.57000732421875,221.33999633789062,216.5399932861328,217.75999450683594,4993600
2022-03-30,191.47161865234375,209.49000549316406,217.14999389648438,208.92999267578125,215.75,7090900
2022-03-31,184.7994842529297,202.19000244140625,208.74000549316406,201.99000549316406,206.85000610351562,7318500
2022-04-01,184.99143981933594,202.39999389648438,204.16000366210938,201.39999389648438,204.10000610351562,4827200
2022-04-04,186.5635223388672,204.1199951171875,204.25999450683594,199.77000427246094,201.5500030517578,5426100
2022-04-05,187.2489471435547,204.8699951171875,208.13999938964844,201.6699981689453,203.2100067138672,4707100
2022-04-06,183.39193725585938,200.64999389648438,202.85000610351562,196.63999938964844,201.1999969482422,6356100
2022-04-07,185.21075439453125,202.63999938964844,204.1999969482422,197.5500030517578,199.11000061035156,4411600
2022-04-08,188.88507080078125,206.66000366210938,207.72000122070312,200.5399932861328,201.02999877929688,5065500
2022-04-11,186.9930419921875,204.58999633789062,208.4499969482422,203.35000610351562,204.66000366210938,3576200
2022-04-12,186.5817413330078,204.13999938964844,210.58999633789062,203.39999389648438,209.00999450683594,4354700
2022-04-13,187.8339385986328,205.50999450683594,206.85000610351562,203.22000122070312,203.6300048828125,2803400
2022-04-14,183.96775817871094,201.27999877929688,207.3000030517578,201.02999877929688,206.22999572753906,4001400
2022-04-18,181.4451446533203,198.52000427246094,202.0,197.3300018310547,200.6199951171875,3800400
2022-04-19,186.3272247314453,203.0399932861328,203.50999450683594,197.6999969482422,198.1699981689453,3392900
2022-04-20,191.5580596923828,208.74000549316406,210.05999755859375,205.19000244140625,205.83999633789062,3906100
2022-04-21,188.15342712402344,205.02999877929688,210.85000610351562,204.27999877929688,210.4199981689453,3797600
2022-04-22,180.83946228027344,197.05999755859375,204.30999755859375,196.10000610351562,204.1199951171875,4216300
2022-04-25,183.88619995117188,200.3800048828125,200.74000549316406,194.6699981689453,197.0500030517578,3895900
2022-04-26,183.16122436523438,199.58999633789062,204.3699951171875,198.24000549316406,198.91000366210938,3959100
2022-04-27,183.1428985595703,199.57000732421875,203.4600067138672,198.97000122070312,199.25,3028100
2022-04-28,188.25436401367188,205.13999938964844,207.14999389648438,200.02999877929688,201.6199951171875,3250400
2022-04-29,181.4542999267578,197.72999572753906,205.17999267578125,197.0800018310547,203.49000549316406,4217600
2022-05-02,186.41903686523438,203.13999938964844,204.64999389648438,197.72000122070312,198.1199951171875,3697800
2022-05-03,185.0333251953125,201.6300048828125,204.92999267578125,200.2100067138672,202.47000122070312,3002600
2022-05-04,190.10812377929688,207.16000366210938,207.9600067138672,198.25,200.72999572753906,4452400
2022-05-05,179.79331970214844,195.9199981689453,204.61000061035156,193.52000427246094,203.91000366210938,4262900
2022-05-06,176.46209716796875,192.2899932861328,195.4499969482422,189.66000366210938,194.1699981689453,3910700
2022-05-09,179.93093872070312,196.07000732421875,198.47000122070312,188.25,189.58999633789062,3998300
2022-05-10,176.3152618408203,192.1300048828125,199.0399932861328,190.25,198.11000061035156,3638700
2022-05-11,172.3141632080078,187.77000427246094,195.19000244140625,187.3000030517578,192.83999633789062,4598000
2022-05-12,175.920654296875,191.6999969482422,194.83999633789062,187.22999572753906,187.77000427246094,4292900
2022-05-13,178.03134155273438,194.0,197.41000366210938,190.35000610351562,191.27000427246094,2911900
2022-05-16,178.7012481689453,194.72999572753906,196.22000122070312,189.5,192.57000732421875,4405300
2022-05-17,178.0588836669922,194.02999877929688,199.47000122070312,187.8699951171875,198.9199981689453,8210000
2022-05-18,168.6892852783203,183.82000732421875,191.4600067138672,179.75999450683594,187.5,7847600
2022-05-19,172.39675903320312,187.86000061035156,191.80999755859375,182.67999267578125,182.67999267578125,5132100
2022-05-20,169.4876708984375,184.69000244140625,189.25999450683594,179.22000122070312,188.92999267578125,5722600
2022-05-23,170.91928100585938,186.25,186.8300018310547,181.38999938964844,186.5,3546700
2022-05-24,169.42343139648438,184.6199951171875,187.8000030517578,182.38999938964844,184.97999572753906,4486500
2022-05-25,173.02992248535156,188.5500030517578,189.88999938964844,182.25999450683594,182.60000610351562,3986300
2022-05-26,179.43544006347656,195.52999877929688,197.0500030517578,190.27999877929688,190.57000732421875,3337900
2022-05-27,183.1979217529297,199.6300048828125,199.66000366210938,195.8699951171875,196.72000122070312,2779200
2022-05-31,179.22433471679688,195.3000030517578,198.75,194.38999938964844,197.60000610351562,4733900
2022-06-01,175.93902587890625,191.72000122070312,197.13999938964844,191.63999938964844,196.38999938964844,3290200
2022-06-02,179.98602294921875,196.1300048828125,196.22000122070312,191.75,192.55999755859375,3359200
2022-06-03,179.3619842529297,195.4499969482422,197.9499969482422,193.25,193.97000122070312,2262700
2022-06-06,180.57333374023438,196.77000427246094,198.77999877929688,194.1999969482422,196.0,2691600
2022-06-07,179.5455322265625,195.64999389648438,196.1999969482422,189.00999450683594,190.35000610351562,3269700
2022-06-08,176.60891723632812,192.4499969482422,194.7100067138672,191.3800048828125,193.89999389648438,2775700
2022-06-09,178.28829956054688,194.27999877929688,198.74000549316406,191.89999389648438,192.11000061035156,2999500
2022-06-10,170.99270629882812,186.3300018310547,192.24000549316406,186.14999389648438,189.3000030517578,3564600
2022-06-13,166.3400115966797,181.25999450683594,184.5,180.11000061035156,182.3300018310547,3899300
2022-06-14,163.2932891845703,177.94000244140625,182.86000061035156,176.42999267578125,180.8300018310547,4037200
2022-06-15,164.2752227783203,179.00999450683594,181.02000427246094,176.3000030517578,179.39999389648438,4164200
2022-06-16,157.48431396484375,171.61000061035156,174.92999267578125,170.47999572753906,174.5,5536300
2022-06-17,158.27354431152344,172.47000122070312,175.27999877929688,170.13999938964844,170.94000244140625,8499000
2022-06-21,158.19093322753906,172.3800048828125,176.4199981689453,171.38999938964844,176.08999633789062,4753300
2022-06-22,159.310546875,173.60000610351562,175.3699951171875,170.1199951171875,171.33999633789062,4434100
2022-06-23,161.81578063964844,176.3300018310547,176.44000244140625,173.60000610351562,174.52000427246094,3611500
2022-06-24,167.7899627685547,182.83999633789062,182.94000244140625,177.1300048828125,177.75999450683594,5346100
2022-06-27,169.0563507080078,184.22000122070312,185.32000732421875,182.1300048828125,183.0,2829200
2022-06-28,160.33834838867188,174.72000122070312,185.61000061035156,174.57000732421875,184.47999572753906,4980300
2022-06-29,161.604736328125,176.10000610351562,177.38999938964844,174.16000366210938,174.97000122070312,2802600
2022-06-30,160.29246520996094,174.6699981689453,176.0800018310547,170.75999450683594,172.0399932861328,4415400
2022-07-01,162.7610626220703,177.36000061035156,178.58999633789062,174.63999938964844,175.8300018310547,3095500
2022-07-05,165.0736083984375,179.8800048828125,179.94000244140625,174.47999572753906,175.0500030517578,3226300
2022-07-06,164.32107543945312,179.05999755859375,182.9499969482422,177.44000244140625,180.77999877929688,2177600
2022-07-07,166.62452697753906,181.57000732421875,182.0800018310547,178.8300018310547,179.8699951171875,2935600
2022-07-08,166.6795654296875,181.6300048828125,182.9600067138672,179.4199981689453,180.89999389648438,2024700
2022-07-11,165.28468322753906,180.11000061035156,183.0,179.66000366210938,181.22000122070312,2285100
2022-07-12,166.10140991210938,181.0,185.39999389648438,180.10000610351562,181.99000549316406,3184700
2022-07-13,167.35865783691406,182.3699951171875,183.77000427246094,177.5500030517578,178.77000427246094,2935400
2022-07-14,167.62477111816406,182.66000366210938,182.9499969482422,178.69000244140625,179.41000366210938,3261900
2022-07-15,169.7721710205078,185.0,186.13999938964844,183.9600067138672,185.7100067138672,2901400
2022-07-18,170.4971160888672,185.7899932861328,189.0800018310547,185.19000244140625,186.61000061035156,2965800
2022-07-19,174.2256622314453,188.77999877929688,189.55999755859375,184.82000732421875,186.57000732421875,2683900
2022-07-20,176.30215454101562,191.02999877929688,191.44000244140625,187.99000549316406,188.38999938964844,2427300
2022-07-21,178.6371307373047,193.55999755859375,193.77999877929688,189.4199981689453,191.24000549316406,3266100
2022-07-22,180.5014190673828,195.5800018310547,199.1199951171875,194.24000549316406,194.82000732421875,3329500
2022-07-25,179.78155517578125,194.8000030517578,195.85000610351562,193.1699981689453,195.6999969482422,2492200
2022-07-26,174.05955505371094,188.60000610351562,190.97000122070312,187.61000061035156,188.17999267578125,3647200
2022-07-27,175.27781677246094,189.9199981689453,190.88999938964844,183.6999969482422,188.6999969482422,3713900
2022-07-28,176.08995056152344,190.8000030517578,191.72000122070312,183.74000549316406,187.49000549316406,6034600
2022-07-29,176.76365661621094,191.52999877929688,192.49000549316406,188.72000122070312,189.80999755859375,4507100
2022-08-01,179.1262969970703,194.08999633789062,195.25999450683594,191.27999877929688,191.5500030517578,3349500
2022-08-02,173.45968627929688,187.9499969482422,193.39999389648438,187.8699951171875,193.27000427246094,3401800
2022-08-03,180.353759765625,195.4199981689453,195.97999572753906,189.6300048828125,189.6300048828125,3292700
2022-08-04,181.9595947265625,197.16000366210938,199.0500030517578,195.4199981689453,195.75999450683594,3534100
2022-08-05,183.73158264160156,199.0800018310547,199.22999572753906,195.3300018310547,195.88999938964844,2409700
2022-08-08,186.27879333496094,201.83999633789062,204.30999755859375,199.77999877929688,200.0,3040800
2022-08-09,180.15069580078125,195.1999969482422,200.75,193.72000122070312,200.75,3914500
2022-08-10,185.90037536621094,201.42999267578125,201.66000366210938,198.60000610351562,199.27000427246094,4094400
2022-08-11,186.59255981445312,202.17999267578125,204.2899932861328,200.07000732421875,200.10000610351562,3337200
2022-08-12,190.55181884765625,206.47000122070312,206.60000610351562,201.72999572753906,203.35000610351562,3014100
2022-08-15,192.0007781982422,208.0399932861328,209.02000427246094,204.89999389648438,206.0,4075500
2022-08-16,197.61203002929688,214.1199951171875,217.38999938964844,206.5,206.66000366210938,5892200
2022-08-17,198.76565551757812,215.3699951171875,221.19000244140625,211.5,212.00999450683594,8082100
2022-08-18,199.7808380126953,216.47000122070312,218.08999633789062,214.57000732421875,215.11000061035156,3011800
2022-08-19,195.0648193359375,211.36000061035156,215.83999633789062,209.85000610351562,215.5,3347300
2022-08-22,193.80044555664062,209.99000549316406,212.5800018310547,208.47999572753906,209.2100067138672,4136600
2022-08-23,191.47476196289062,207.47000122070312,211.36000061035156,207.27999877929688,210.0,2533900
2022-08-24,192.3422393798828,208.41000366210938,210.5500030517578,205.77999877929688,206.80999755859375,2634300
2022-08-25,194.69564819335938,210.9600067138672,211.1699981689453,207.9499969482422,208.58999633789062,2634700
2022-08-26,185.4943084716797,200.99000549316406,212.6300048828125,200.94000244140625,211.72999572753906,3720500
2022-08-29,185.56817626953125,201.07000732421875,203.61000061035156,199.0800018310547,200.1199951171875,3273800
2022-08-30,182.0149383544922,197.22000122070312,203.3000030517578,196.41000366210938,202.4600067138672,3906900
2022-08-31,179.17239379882812,194.13999938964844,197.42999267578125,194.0,197.10000610351562,5145100
2022-09-01,180.6675567626953,195.75999450683594,195.9499969482422,192.61000061035156,193.7899932861328,3462200
2022-09-02,180.43679809570312,195.50999450683594,199.02999877929688,194.2899932861328,197.39999389648438,3165900
2022-09-06,178.08338928222656,192.9600067138672,196.80999755859375,191.25,196.1699981689453,3128800
2022-09-07,185.7804412841797,201.3000030517578,201.94000244140625,193.5800018310547,193.7100067138672,4086500
2022-09-08,188.6229705810547,204.3800048828125,204.50999450683594,198.72999572753906,200.64999389648438,3564200
2022-09-09,189.79502868652344,205.64999389648438,206.52999877929688,203.32000732421875,203.97999572753906,3176400
2022-09-12,190.4872283935547,206.39999389648438,209.4199981689453,205.5,206.0,3218700
2022-09-13,178.7017364501953,193.6300048828125,202.88999938964844,192.9499969482422,201.25999450683594,4441400
2022-09-14,177.55734252929688,192.38999938964844,195.22000122070312,190.2100067138672,194.5500030517578,3963700
2022-09-15,176.3114013671875,191.0399932861328,194.49000549316406,190.00999450683594,193.32000732421875,3309700
2022-09-16,177.0220184326172,191.80999755859375,193.07000732421875,188.75,189.0,10187800
2022-09-19,180.0584259033203,195.10000610351562,195.89999389648438,190.6699981689453,190.91000366210938,3351900
2022-09-20,175.73001098632812,190.41000366210938,194.17999267578125,188.67999267578125,192.6199951171875,3650200
2022-09-21,173.83802795410156,188.36000061035156,194.80999755859375,188.32000732421875,191.91000366210938,2925700
2022-09-22,173.61654663085938,188.1199951171875,189.77999877929688,186.50999450683594,188.0,2864500
2022-09-23,173.6257781982422,188.1300048828125,189.16000366210938,185.55999755859375,186.75,3382500
2022-09-26,171.67845153808594,186.02000427246094,190.0,185.69000244140625,188.05999755859375,2938700
2022-09-27,173.2012481689453,187.6699981689453,190.86000061035156,186.2100067138672,187.94000244140625,3866500
2022-09-28,179.5323486328125,194.52999877929688,195.47000122070312,190.13999938964844,192.4499969482422,5384900
2022-09-29,175.77613830566406,190.4600067138672,192.42999267578125,188.80999755859375,192.0,3622800
2022-09-30,173.33041381835938,187.80999755859375,191.08999633789062,185.9600067138672,189.42999267578125,6049000
2022-10-03,178.96937561035156,193.9199981689453,195.8000030517578,191.02999877929688,191.61000061035156,4346500
2022-10-04,182.1995391845703,197.4199981689453,199.66000366210938,196.3300018310547,196.97000122070312,4139100
2022-10-05,183.68539428710938,199.02999877929688,200.32000732421875,194.0,195.32000732421875,3196100
2022-10-06,184.56216430664062,199.97999572753906,202.2899932861328,198.32000732421875,198.4499969482422,3304900
2022-10-07,182.00572204589844,197.2100067138672,198.50999450683594,195.33999633789062,198.02000427246094,3466800
2022-10-10,179.8738250732422,194.89999389648438,196.9600067138672,192.7100067138672,195.9499969482422,2449700
2022-10-11,181.28585815429688,196.42999267578125,198.3699951171875,193.97000122070312,194.94000244140625,2766000
2022-10-12,178.92323303222656,193.8699951171875,198.3800048828125,193.77999877929688,197.7899932861328,2353900
2022-10-13,178.26797485351562,193.16000366210938,194.92999267578125,185.47999572753906,189.8300018310547,4851100
2022-10-14,174.3917999267578,188.9600067138672,196.9600067138672,188.72999572753906,194.83999633789062,4142800
2022-10-17,179.1262969970703,194.08999633789062,195.22000122070312,192.08999633789062,192.25,3504800
2022-10-18,179.2747344970703,193.1999969482422,198.57000732421875,192.55999755859375,196.1999969482422,3804300
2022-10-19,170.6821746826172,183.94000244140625,188.47000122070312,180.22000122070312,187.27999877929688,5362300
2022-10-20,165.4486846923828,178.3000030517578,185.39999389648438,177.47000122070312,183.38999938964844,4095600
2022-10-21,169.22532653808594,182.3699951171875,182.6699981689453,176.5,178.13999938964844,3583600
2022-10-24,174.08766174316406,187.61000061035156,188.50999450683594,183.5800018310547,183.5800018310547,3704900
2022-10-25,179.87791442871094,193.85000610351562,195.0800018310547,188.88999938964844,189.89999389648438,3245700
2022-10-26,179.59950256347656,193.5500030517578,195.61000061035156,191.27999877929688,194.22999572753906,2567200
2022-10-27,179.70159912109375,193.66000366210938,196.47999572753906,192.52999877929688,195.24000549316406,2457600
2022-10-28,184.40615844726562,198.72999572753906,199.74000549316406,192.85000610351562,193.5,3292200
2022-10-31,180.89859008789062,194.9499969482422,197.97000122070312,194.36000061035156,196.99000549316406,3550200
2022-11-01,179.59950256347656,193.5500030517578,199.74000549316406,192.27999877929688,198.0,3260100
2022-11-02,172.3245849609375,185.7100067138672,194.67999267578125,185.52999877929688,193.19000244140625,4539400
2022-11-03,166.859130859375,179.82000732421875,182.86000061035156,178.7100067138672,180.85000610351562,4187500
2022-11-04,169.02117919921875,182.14999389648438,187.85000610351562,178.3000030517578,182.77999877929688,4623400
2022-11-07,173.11334228515625,186.55999755859375,187.8000030517578,181.0399932861328,183.57000732421875,2715300
2022-11-08,174.78359985351562,188.36000061035156,190.00999450683594,185.77999877929688,188.05999755859375,2880800
2022-11-09,173.17831420898438,186.6300048828125,191.27000427246094,186.30999755859375,187.30999755859375,3007200
2022-11-10,189.59324645996094,204.32000732421875,204.74000549316406,195.3000030517578,195.30999755859375,4837200
2022-11-11,193.95449829101562,209.02000427246094,211.25999450683594,204.50999450683594,205.08999633789062,4272500
2022-11-14,189.9087371826172,204.66000366210938,210.47000122070312,204.22999572753906,208.42999267578125,4165000
2022-11-15,193.7874298095703,208.83999633789062,211.25,203.82000732421875,206.75,5127800
2022-11-16,199.62413024902344,215.1300048828125,221.4199981689453,211.60000610351562,212.08999633789062,8173100
2022-11-17,193.379150390625,208.39999389648438,212.99000549316406,205.3699951171875,212.5,3507800
2022-11-18,194.79888916015625,209.92999267578125,211.83999633789062,206.41000366210938,211.82000732421875,2912500
2022-11-21,195.1143798828125,210.27000427246094,210.80999755859375,208.22999572753906,210.1300048828125,2326400
2022-11-22,199.0116424560547,214.47000122070312,215.52999877929688,211.07000732421875,211.64999389648438,2845700
2022-11-23,195.81033325195312,211.02000427246094,215.6999969482422,210.02000427246094,215.22999572753906,2593800
2022-11-25,195.76390075683594,210.97000122070312,211.8300018310547,210.00999450683594,211.36000061035156,975700
2022-11-28,193.97300720214844,209.0399932861328,211.47000122070312,208.52000427246094,210.38999938964844,2202300
2022-11-29,192.51620483398438,207.47000122070312,208.64999389648438,206.6199951171875,208.0,1980900
2022-11-30,197.2300262451172,212.5500030517578,212.97000122070312,203.25,206.11000061035156,4701600
2022-12-01,199.94883728027344,215.47999572753906,216.72000122070312,212.7100067138672,214.7899932861328,2735100
2022-12-02,199.35499572753906,214.83999633789062,216.60000610351562,211.5,212.39999389648438,3242300
2022-12-05,191.3191375732422,206.17999267578125,211.61000061035156,205.39999389648438,210.91000366210938,3308400
2022-12-06,187.3569793701172,201.91000366210938,205.7100067138672,199.0,205.2100067138672,3627500
2022-12-07,191.97802734375,206.88999938964844,209.99000549316406,202.25999450683594,202.75999450683594,3999300
2022-12-08,188.88803100585938,203.55999755859375,206.41000366210938,202.4600067138672,205.0,3150200
2022-12-09,187.22703552246094,201.77000427246094,204.61000061035156,200.1999969482422,201.0,3226900
2022-12-12,190.2984619140625,205.0800018310547,205.10000610351562,201.0399932861328,202.2899932861328,2719800
2022-12-13,195.99594116210938,211.22000122070312,217.8300018310547,208.9199981689453,216.7100067138672,4168600
2022-12-14,196.82177734375,212.11000061035156,216.6300048828125,210.05999755859375,210.9499969482422,3727700
2022-12-15,193.0265655517578,208.02000427246094,209.72000122070312,205.49000549316406,208.61000061035156,3373900
2022-12-16,191.28204345703125,206.13999938964844,207.36000061035156,203.32000732421875,206.36000061035156,9543500
2022-12-19,188.52613830566406,203.1699981689453,205.94000244140625,201.99000549316406,205.35000610351562,2442400
2022-12-20,186.3826446533203,200.86000061035156,202.1300048828125,197.69000244140625,201.19000244140625,2372200
2022-12-21,187.83946228027344,202.42999267578125,203.6199951171875,200.27000427246094,202.92999267578125,2345400
2022-12-22,184.79591369628906,199.14999389648438,200.22999572753906,195.27000427246094,198.52000427246094,2414800
2022-12-23,187.32913208007812,201.8800048828125,202.32000732421875,197.02000427246094,198.4199981689453,1469200
2022-12-27,187.17137145996094,201.7100067138672,203.99000549316406,201.30999755859375,201.69000244140625,2076600
2022-12-28,185.6402587890625,200.05999755859375,203.5,199.6300048828125,201.9600067138672,1419900
2022-12-29,187.6816864013672,202.25999450683594,203.1199951171875,201.3000030517578,201.67999267578125,1270900
2022-12-30,184.87937927246094,199.24000549316406,200.5,197.2100067138672,200.02999877929688,2154600
2023-01-03,184.69381713867188,199.0399932861328,202.3000030517578,197.13999938964844,201.49000549316406,2602000
2023-01-04,186.87442016601562,201.38999938964844,202.35000610351562,197.50999450683594,201.42999267578125,2507400
2023-01-05,186.2991485595703,200.77000427246094,201.44000244140625,197.47999572753906,199.3000030517578,1942300
2023-01-06,186.4846649169922,200.97000122070312,201.7899932861328,194.4499969482422,200.72999572753906,3121400
2023-01-09,185.0649871826172,199.44000244140625,204.1300048828125,199.33999633789062,202.4199981689453,2748500
2023-01-10,186.8837432861328,201.39999389648438,201.6699981689453,198.5399932861328,199.9199981689453,2200800
2023-01-11,193.5554962158203,208.58999633789062,208.72000122070312,202.14999389648438,202.16000366210938,2781000
2023-01-12,195.10513305664062,210.25999450683594,211.57000732421875,206.58999633789062,210.25999450683594,2690200
2023-01-13,196.86814880371094,212.16000366210938,213.55999755859375,207.80999755859375,207.80999755859375,3875900
2023-01-17,194.41844177246094,209.52000427246094,214.97999572753906,209.25,212.1699981689453,2943800
2023-01-18,193.4719696044922,208.5,214.17999267578125,208.11000061035156,210.72000122070312,3575000
2023-01-19,187.56109619140625,202.1300048828125,207.89999389648438,201.19000244140625,207.50999450683594,3508800
2023-01-20,189.78811645507812,204.52999877929688,204.99000549316406,198.6699981689453,201.36000061035156,3517600
2023-01-23,190.32632446289062,205.11000061035156,206.91000366210938,201.7899932861328,203.52000427246094,3473500
2023-01-24,192.51817321777344,206.41000366210938,206.5800018310547,202.61000061035156,202.61000061035156,2862500
2023-01-25,192.2383270263672,206.11000061035156,206.2899932861328,201.83999633789062,204.52000427246094,2283400
2023-01-26,188.22776794433594,201.80999755859375,208.77000427246094,201.63999938964844,204.35000610351562,3426100
2023-01-27,188.86196899414062,202.49000549316406,203.4199981689453,200.44000244140625,201.4499969482422,2907900
2023-01-30,188.32102966308594,201.91000366210938,204.55999755859375,201.14999389648438,201.97000122070312,2786300
2023-01-31,194.23428344726562,208.25,208.3300018310547,202.5,203.25,3415800
2023-02-01,199.1869354248047,213.55999755859375,215.13999938964844,204.38999938964844,207.4600067138672,3363900
2023-02-02,206.6485137939453,221.55999755859375,223.30999755859375,215.97999572753906,216.0500030517578,4156800
2023-02-03,201.4347381591797,215.97000122070312,218.38999938964844,214.82000732421875,217.13999938964844,3047900
2023-02-06,201.34146118164062,215.8699951171875,216.83999633789062,214.05999755859375,214.25,2380600
2023-02-07,200.27821350097656,214.72999572753906,215.57000732421875,210.4199981689453,212.88999938964844,2552300
2023-02-08,198.4407501220703,212.75999450683594,214.2100067138672,211.07000732421875,214.2100067138672,2421100
2023-02-09,194.5980682373047,208.63999938964844,215.24000549316406,207.9600067138672,214.77000427246094,2386700
2023-02-10,194.72862243652344,208.77999877929688,208.92999267578125,206.3300018310547,207.4600067138672,1836300
2023-02-13,199.7279052734375,214.13999938964844,214.3000030517578,207.42999267578125,209.3000030517578,2364000
2023-02-14,199.3734893798828,213.75999450683594,215.1199951171875,211.13999938964844,212.02999877929688,2316600
2023-02-15,200.55799865722656,215.02999877929688,215.5,211.27000427246094,212.35000610351562,1849900
2023-02-16,199.60662841796875,214.00999450683594,216.07000732421875,209.6199951171875,210.1999969482422,2479000
2023-02-17,198.4314422607422,212.75,213.7100067138672,208.89999389648438,213.24000549316406,3462000
2023-02-21,188.2650604248047,201.85000610351562,206.89999389648438,201.22000122070312,205.27000427246094,3942900
2023-02-22,188.99253845214844,202.6300048828125,204.44000244140625,200.05999755859375,201.2100067138672,2667400
2023-02-23,188.60081481933594,202.2100067138672,203.75,199.1300048828125,202.55999755859375,2332200
2023-02-24,187.97589111328125,201.5399932861328,202.58999633789062,198.4600067138672,199.7899932861328,2163500
2023-02-27,190.4942169189453,204.24000549316406,206.49000549316406,203.44000244140625,204.3300018310547,2764800
2023-02-28,191.90257263183594,205.75,208.27999877929688,203.3000030517578,203.97999572753906,4391400
2023-03-01,181.2324981689453,194.30999755859375,205.63999938964844,191.27000427246094,205.44000244140625,9814300
2023-03-02,181.96934509277344,195.10000610351562,195.4499969482422,192.02999877929688,192.66000366210938,4096900
2023-03-03,186.28770446777344,199.72999572753906,200.5500030517578,195.05999755859375,195.77999877929688,3483200
2023-03-06,188.00389099121094,201.57000732421875,203.7100067138672,200.05999755859375,200.3000030517578,3160900
2023-03-07,184.1238555908203,197.41000366210938,202.49000549316406,197.25999450683594,202.49000549316406,3320200
2023-03-08,187.60281372070312,201.13999938964844,202.0800018310547,197.69000244140625,198.22000122070312,2670400
2023-03-09,185.6534881591797,199.0500030517578,204.0500030517578,198.5399932861328,202.08999633789062,2440300
2023-03-10,183.42431640625,196.66000366210938,201.69000244140625,196.08999633789062,199.1199951171875,2986800
2023-03-13,184.25445556640625,197.5500030517578,201.38999938964844,194.72999572753906,195.74000549316406,3116300
2023-03-14,183.5828857421875,196.8300018310547,200.08999633789062,193.82000732421875,199.39999389648438,3909000
2023-03-15,185.2244415283203,198.58999633789062,200.4499969482422,194.61000061035156,195.83999633789062,3794100
2023-03-16,186.23175048828125,199.6699981689453,200.0800018310547,196.44000244140625,197.57000732421875,3153900
2023-03-17,184.07725524902344,197.36000061035156,201.3000030517578,195.7899932861328,199.7899932861328,7271200
2023-03-20,183.5455780029297,196.7899932861328,197.88999938964844,195.41000366210938,197.00999450683594,2405100
2023-03-21,183.5455780029297,196.7899932861328,198.77000427246094,195.17999267578125,198.5,2940400
2023-03-22,178.67691040039062,191.57000732421875,197.49000549316406,191.36000061035156,196.88999938964844,3275700
2023-03-23,176.92343139648438,189.69000244140625,193.10000610351562,188.07000732421875,192.72000122070312,3346400
2023-03-24,176.7089385986328,189.4600067138672,190.27000427246094,187.44000244140625,188.75,2692400
2023-03-27,177.7069091796875,190.52999877929688,191.94000244140625,188.89999389648438,190.07000732421875,2488400
2023-03-28,177.35247802734375,190.14999389648438,192.44000244140625,189.6199951171875,190.4600067138672,1872300
2023-03-29,179.02200317382812,191.94000244140625,191.99000549316406,190.0,190.9499969482422,2436300
2023-03-30,179.6842041015625,192.64999389648438,195.1999969482422,192.3000030517578,194.0800018310547,2157000
2023-03-31,186.5115966796875,199.97000122070312,200.22999572753906,193.64999389648438,194.08999633789062,3151600
2023-04-03,190.26101684570312,203.99000549316406,204.22999572753906,200.97000122070312,201.07000732421875,3471100
2023-04-04,189.33761596679688,203.0,204.27999877929688,200.75,203.5,2500100
2023-04-05,186.00787353515625,199.42999267578125,203.35000610351562,198.64999389648438,203.00999450683594,2417800
2023-04-06,185.20579528808594,198.57000732421875,199.47999572753906,195.5,198.1199951171875,2403300
2023-04-10,186.33436584472656,199.77999877929688,201.1699981689453,196.2100067138672,197.60000610351562,2387500
2023-04-11,187.78936767578125,201.33999633789062,202.94000244140625,200.75999450683594,200.99000549316406,2459000
2023-04-12,186.3250274658203,199.77000427246094,204.7100067138672,199.41000366210938,203.39999389648438,2665400
2023-04-13,187.91061401367188,201.47000122070312,201.83999633789062,196.24000549316406,199.77000427246094,2778700
2023-04-14,188.5728302001953,202.17999267578125,203.8800048828125,201.10000610351562,201.52000427246094,2028300
2023-04-17,191.20303344726562,205.0,205.02999877929688,202.41000366210938,202.5,2420000
2023-04-18,194.0944061279297,208.10000610351562,208.6300048828125,205.75,206.27999877929688,2685200
2023-04-19,194.77528381347656,208.8300018310547,209.0500030517578,206.25999450683594,207.1699981689453,2488700
2023-04-20,195.64266967773438,209.75999450683594,212.3699951171875,208.4499969482422,208.47999572753906,2948800
2023-04-21,196.83653259277344,211.0399932861328,212.5,210.00999450683594,211.33999633789062,2864000
2023-04-24,196.83653259277344,211.0399932861328,212.02999877929688,210.08999633789062,210.3000030517578,2758700
2023-04-25,192.98399353027344,205.8800048828125,211.24000549316406,205.77999877929688,210.99000549316406,2723700
2023-04-26,188.22219848632812,200.8000030517578,205.7100067138672,200.10000610351562,205.49000549316406,3409000
2023-04-27,191.71852111816406,204.52999877929688,204.8300018310547,200.6300048828125,200.6300048828125,2498900
2023-04-28,194.81185913085938,207.8300018310547,207.8800048828125,204.33999633789062,204.60000610351562,2451900
2023-05-01,195.17742919921875,208.22000122070312,208.9199981689453,207.13999938964844,207.8300018310547,2282100
2023-05-02,193.068359375,205.97000122070312,208.5,203.24000549316406,208.5,2201800
2023-05-03,192.44967651367188,205.30999755859375,210.32000732421875,205.14999389648438,206.3800048828125,2386600
2023-05-04,190.09690856933594,202.8000030517578,206.6300048828125,201.27000427246094,205.24000549316406,2375800
2023-05-05,192.9183807373047,205.80999755859375,206.52000427246094,203.30999755859375,204.0500030517578,2495600
2023-05-08,191.2686309814453,204.0500030517578,206.1199951171875,203.02999877929688,205.60000610351562,1586500
2023-05-09,194.14634704589844,207.1199951171875,207.17999267578125,203.24000549316406,204.10000610351562,2249900
2023-05-10,191.52169799804688,204.32000732421875,208.75999450683594,201.97999572753906,207.9499969482422,2715600
2023-05-11,190.56556701660156,203.3000030517578,204.44000244140625,201.83999633789062,204.0,3015600
2023-05-12,190.528076171875,203.25999450683594,204.5,201.25999450683594,203.32000732421875,2261700
2023-05-15,188.92520141601562,201.5500030517578,202.9499969482422,199.35000610351562,202.4499969482422,2971500
2023-05-16,186.7411346435547,199.22000122070312,199.97000122070312,193.58999633789062,196.47000122070312,4683500
2023-05-17,194.22128295898438,207.1999969482422,207.42999267578125,198.75,199.3699951171875,3755900
2023-05-18,196.0585479736328,209.16000366210938,209.25999450683594,205.5,207.5,2275300
2023-05-19,193.3495635986328,206.27000427246094,208.52999877929688,204.94000244140625,208.33999633789062,2768400
2023-05-22,190.4249725341797,203.14999389648438,208.3699951171875,202.91000366210938,206.6999969482422,3537000
2023-05-23,193.7057647705078,206.64999389648438,209.75,202.44000244140625,202.8300018310547,6507500
2023-05-24,190.87489318847656,203.6300048828125,208.9199981689453,202.10000610351562,206.75,2829800
2023-05-25,188.4471435546875,201.0399932861328,204.00999450683594,200.89999389648438,203.0,3030400
2023-05-26,193.5839080810547,206.52000427246094,206.77999877929688,201.22000122070312,202.05999755859375,3072700
2023-05-30,192.81524658203125,205.6999969482422,207.44000244140625,203.77999877929688,207.0,2534100
2023-05-31,188.531494140625,201.1300048828125,204.1199951171875,199.5,204.1199951171875,3894600
2023-06-01,191.1467742919922,203.9199981689453,204.74000549316406,197.47999572753906,200.9600067138672,2764800
2023-06-02,196.66781616210938,209.80999755859375,210.3000030517578,205.5,205.5,2834600
2023-06-05,193.82760620117188,206.77999877929688,208.60000610351562,206.27000427246094,208.3000030517578,2345700
2023-06-06,194.18380737304688,207.16000366210938,208.5,205.6300048828125,206.5399932861328,2804900
2023-06-07,197.98011779785156,211.2100067138672,211.85000610351562,208.0,208.0,3334600
2023-06-08,197.27708435058594,210.4600067138672,213.7899932861328,210.25999450683594,211.85000610351562,2409700
2023-06-09,196.02102661132812,209.1199951171875,211.49000549316406,208.77000427246094,211.25999450683594,2092700
2023-06-12,199.99546813964844,213.36000061035156,213.85000610351562,209.1999969482422,210.1999969482422,2465100
2023-06-13,203.7355194091797,217.35000610351562,217.47999572753906,214.08999633789062,215.0,3056100
2023-06-14,201.4014892578125,214.86000061035156,218.27999877929688,213.75,216.7899932861328,3080300
2023-06-15,205.21656799316406,218.92999267578125,219.60000610351562,215.7899932861328,215.8000030517578,3187000
2023-06-16,203.48245239257812,217.0800018310547,219.49000549316406,216.85000610351562,219.33999633789062,6874300
2023-06-20,201.9639129638672,215.4600067138672,216.75,214.4199981689453,215.8300018310547,3058300
2023-06-21,200.82969665527344,214.25,215.80999755859375,213.86000061035156,215.63999938964844,3364400
2023-06-22,201.36399841308594,214.82000732421875,215.3699951171875,211.6199951171875,213.7899932861328,2780900
2023-06-23,201.7389373779297,215.22000122070312,216.39999389648438,213.10000610351562,213.9199981689453,3997300
2023-06-26,204.30731201171875,217.9600067138672,219.02999877929688,215.55999755859375,215.9600067138672,2498900
2023-06-27,209.55653381347656,223.55999755859375,223.99000549316406,218.99000549316406,218.99000549316406,4223500
2023-06-28,208.58168029785156,222.52000427246094,224.14999389648438,221.5500030517578,222.25,3372600
2023-06-29,208.8628692626953,222.82000732421875,223.80999755859375,221.82000732421875,223.22999572753906,3058200
2023-06-30,211.56248474121094,225.6999969482422,226.49000549316406,223.5800018310547,224.10000610351562,3633300
2023-07-03,210.52203369140625,224.58999633789062,226.0500030517578,223.49000549316406,224.6199951171875,1498400
2023-07-05,211.36563110351562,225.49000549316406,226.9499969482422,224.1199951171875,224.41000366210938,2876400
2023-07-06,207.5505828857422,221.4199981689453,223.55999755859375,221.27999877929688,222.8000030517578,3011500
2023-07-07,208.03799438476562,221.94000244140625,223.89999389648438,220.72999572753906,221.0500030517578,2345400
2023-07-10,214.7682647705078,229.1199951171875,229.16000366210938,222.8800048828125,223.1199951171875,2536100
2023-07-11,215.05885314941406,229.42999267578125,231.27000427246094,228.86000061035156,231.27000427246094,2219700
2023-07-12,217.57098388671875,232.11000061035156,235.07000732421875,231.10000610351562,231.75,2256000
2023-07-13,215.1619415283203,229.5399932861328,233.25999450683594,228.44000244140625,232.57000732421875,1882800
2023-07-14,214.412109375,228.74000549316406,230.86000061035156,228.49000549316406,229.9499969482422,1535900
2023-07-17,213.69029235839844,227.97000122070312,230.10000610351562,227.25,228.7100067138672,1951500
2023-07-18,215.50880432128906,229.91000366210938,231.1199951171875,226.5500030517578,227.75,1858100
2023-07-19,216.42738342285156,230.88999938964844,232.22999572753906,229.47999572753906,229.60000610351562,1649600
2023-07-20,216.52113342285156,230.99000549316406,231.3800048828125,228.4199981689453,231.3800048828125,1959700
2023-07-21,219.13636779785156,233.77999877929688,235.02000427246094,231.72000122070312,232.4499969482422,3348400
2023-07-24,219.34262084960938,234.0,235.80999755859375,233.5800018310547,234.1999969482422,2019000
2023-07-25,220.32205200195312,233.94000244140625,234.38999938964844,231.19000244140625,232.3800048828125,1547800
2023-07-26,220.44448852539062,234.07000732421875,235.16000366210938,232.8300018310547,233.6999969482422,1720100
2023-07-27,221.22616577148438,234.89999389648438,237.2100067138672,234.39999389648438,236.0800018310547,1972800
2023-07-28,221.40509033203125,235.08999633789062,237.1999969482422,234.4499969482422,236.9600067138672,1767300
2023-07-31,220.63284301757812,234.27000427246094,235.94000244140625,232.72999572753906,235.0800018310547,2614800
2023-08-01,218.82460021972656,232.35000610351562,234.97000122070312,232.11000061035156,232.94000244140625,2029300
2023-08-02,216.131103515625,229.49000549316406,231.9499969482422,229.27999877929688,229.75999450683594,2298100
2023-08-03,213.52235412597656,226.72000122070312,229.1999969482422,226.5500030517578,228.8699951171875,2436000
2023-08-04,210.13189697265625,223.1199951171875,226.2100067138672,222.4199981689453,224.0,2549600
2023-08-07,210.30142211914062,223.3000030517578,225.0399932861328,222.61000061035156,224.1999969482422,1902500
2023-08-08,208.05052185058594,220.91000366210938,221.38999938964844,217.4199981689453,220.0,2152100
2023-08-09,206.8544464111328,219.63999938964844,221.16000366210938,218.5,220.5800018310547,2061300
2023-08-10,208.0034637451172,220.86000061035156,223.25,219.2100067138672,221.47000122070312,1815500
2023-08-11,210.6687469482422,223.69000244140625,225.1999969482422,220.5800018310547,221.02000427246094,2356300
2023-08-14,212.7406463623047,225.88999938964844,226.47000122070312,223.64999389648438,224.3699951171875,2927400
2023-08-15,210.8099822998047,223.83999633789062,226.75999450683594,223.25999450683594,223.52999877929688,2079000
2023-08-16,209.21835327148438,222.14999389648438,226.86000061035156,222.11000061035156,224.7899932861328,1403500
2023-08-17,205.45120239257812,218.14999389648438,223.8699951171875,217.72000122070312,223.22999572753906,1791100
2023-08-18,206.5813446044922,219.35000610351562,219.9499969482422,216.58999633789062,217.4600067138672,2250500
2023-08-21,204.92379760742188,217.58999633789062,220.6199951171875,216.25,218.6199951171875,2804800
2023-08-22,212.59938049316406,225.74000549316406,227.2899932861328,221.22999572753906,222.05999755859375,4083500
2023-08-23,213.96499633789062,227.19000244140625,227.5,224.83999633789062,225.9600067138672,2390700
2023-08-24,209.99061584472656,222.97000122070312,228.94000244140625,222.9600067138672,226.7899932861328,1994800
2023-08-25,210.0848388671875,223.07000732421875,226.16000366210938,221.75,223.80999755859375,1805000
2023-08-28,209.7552032470703,222.72000122070312,225.5800018310547,221.39999389648438,223.99000549316406,1726100
2023-08-29,213.2303924560547,226.41000366210938,226.69000244140625,222.6699981689453,222.74000549316406,1800600
2023-08-30,216.90335083007812,230.30999755859375,230.85000610351562,227.17999267578125,227.5,2839600
2023-08-31,217.06346130371094,230.47999572753906,231.8300018310547,230.3300018310547,230.85000610351562,3433100
2023-09-01,218.9752655029297,232.50999450683594,233.97000122070312,231.97999572753906,232.3000030517578,2562000
2023-09-05,217.016357421875,230.42999267578125,233.63999938964844,229.94000244140625,233.5399932861328,2569200
2023-09-06,216.24411010742188,229.61000061035156,231.19000244140625,228.77999877929688,230.24000549316406,2123900
2023-09-07,220.01124572753906,233.61000061035156,234.3699951171875,230.14999389648438,230.14999389648438,2576600
2023-09-08,217.8262939453125,231.2899932861328,233.25,230.67999267578125,232.72999572753906,2166300
2023-09-11,218.4102020263672,231.91000366210938,233.6199951171875,231.3800048828125,232.69000244140625,1657900
2023-09-12,217.02577209472656,230.44000244140625,233.85000610351562,230.3800048828125,231.77999877929688,2192600
2023-09-13,215.50009155273438,228.82000732421875,230.94000244140625,228.13999938964844,229.50999450683594,2769400
2023-09-14,217.43075561523438,230.8699951171875,231.22999572753906,228.5,230.10000610351562,2621700
2023-09-15,207.2123565673828,220.02000427246094,228.36000061035156,219.61000061035156,228.36000061035156,9188500
2023-09-18,205.04624938964844,217.72000122070312,221.8000030517578,217.2100067138672,220.08999633789062,3447200
2023-09-19,204.83905029296875,217.5,217.99000549316406,214.2100067138672,216.42999267578125,3449600
2023-09-20,202.39981079101562,214.91000366210938,219.24000549316406,214.3800048828125,218.3300018310547,2490000
2023-09-21,198.35011291503906,210.61000061035156,213.67999267578125,210.17999267578125,213.00999450683594,2959600
2023-09-22,198.23709106445312,210.49000549316406,211.22999572753906,209.22999572753906,209.5399932861328,2940100
2023-09-25,200.13011169433594,212.5,212.86000061035156,210.00999450683594,210.3699951171875,3971600
2023-09-26,196.4005889892578,208.5399932861328,211.7100067138672,208.16000366210938,210.89999389648438,2782400
2023-09-27,194.91259765625,206.9600067138672,210.25999450683594,206.27000427246094,209.0800018310547,2860000
2023-09-28,195.68487548828125,207.77999877929688,210.38999938964844,206.3000030517578,206.8300018310547,2379000
2023-09-29,195.74134826660156,207.83999633789062,210.3800048828125,207.3000030517578,208.7899932861328,2304800
2023-10-02,193.7635955810547,205.74000549316406,208.47999572753906,204.85000610351562,207.3800048828125,2264900
2023-10-03,188.50843811035156,200.16000366210938,205.00999450683594,198.7100067138672,204.88999938964844,3532500
2023-10-04,187.9716033935547,199.58999633789062,201.14999389648438,198.47000122070312,200.3300018310547,2569500
2023-10-05,188.1693878173828,199.8000030517578,200.0500030517578,197.52999877929688,198.85000610351562,2233600
2023-10-06,187.9245147705078,199.5399932861328,202.0399932861328,197.55999755859375,198.00999450683594,2250800
2023-10-09,189.05467224121094,200.74000549316406,200.97000122070312,196.4600067138672,197.6199951171875,1649600
2023-10-10,190.94766235351562,202.75,203.80999755859375,200.27000427246094,201.25999450683594,2209700
2023-10-11,191.4562225341797,203.2899932861328,204.1300048828125,200.94000244140625,203.7899932861328,2178900
2023-10-12,185.43820190429688,196.89999389648438,203.5,196.77000427246094,203.3000030517578,2488500
2023-10-13,184.3551483154297,195.75,197.9499969482422,194.77000427246094,197.02000427246094,2220300
2023-10-16,186.70960998535156,198.25,199.25,196.22999572753906,197.39999389648438,2139900
2023-10-17,186.61541748046875,198.14999389648438,198.8699951171875,196.97000122070312,197.47999572753906,1698900
2023-10-18,182.1984405517578,193.4600067138672,196.3699951171875,193.38999938964844,196.3699951171875,2694700
2023-10-19,179.37307739257812,190.4600067138672,193.83999633789062,189.82000732421875,193.5500030517578,2944200
2023-10-20,179.41073608398438,190.5,191.75999450683594,188.69000244140625,190.19000244140625,2776100
2023-10-23,177.41416931152344,188.3800048828125,191.58999633789062,187.92999267578125,190.41000366210938,2322100
2023-10-24,176.42897033691406,186.24000549316406,189.17999267578125,185.02999877929688,188.16000366210938,2107500
2023-10-25,176.28684997558594,186.08999633789062,187.27000427246094,184.66000366210938,185.5500030517578,2406200
2023-10-26,174.9984893798828,184.72999572753906,188.50999450683594,184.5,186.9499969482422,2855500
2023-10-27,173.9469451904297,183.6199951171875,185.4499969482422,181.85000610351562,184.86000061035156,2371400
2023-10-30,177.8309783935547,187.72000122070312,188.3800048828125,183.7899932861328,184.8000030517578,2683200
2023-10-31,180.53086853027344,190.57000732421875,191.0800018310547,187.77000427246094,188.47000122070312,3181200
2023-11-01,181.212890625,191.2899932861328,192.1999969482422,188.6999969482422,191.17999267578125,3070100
2023-11-02,184.0832977294922,194.32000732421875,196.66000366210938,193.41000366210938,193.72999572753906,2220100
2023-11-03,184.67063903808594,194.94000244140625,197.22000122070312,193.8800048828125,194.88999938964844,2755300
2023-11-06,183.99803161621094,194.22999572753906,195.8000030517578,193.27999877929688,194.5500030517578,1920400
2023-11-07,184.32957458496094,194.5800018310547,195.1999969482422,193.4199981689453,194.25999450683594,2150300
2023-11-08,184.42431640625,194.67999267578125,196.8699951171875,192.8800048828125,194.83999633789062,3077500
2023-11-09,180.4550323486328,190.49000549316406,194.88999938964844,190.38999938964844,192.3000030517578,3271000
2023-11-10,184.3485565185547,194.60000610351562,194.83999633789062,189.0500030517578,190.92999267578125,2381500
2023-11-13,183.62857055664062,193.83999633789062,194.42999267578125,192.10000610351562,193.0,3155700
2023-11-14,191.58607482910156,202.24000549316406,204.7899932861328,199.22000122070312,203.4499969482422,4237600
2023-11-15,194.05856323242188,204.85000610351562,206.25999450683594,202.42999267578125,202.44000244140625,2848500
2023-11-16,191.62396240234375,202.27999877929688,205.69000244140625,200.85000610351562,203.92999267578125,2705700
2023-11-17,192.9691619873047,203.6999969482422,204.1699981689453,202.25,203.2899932861328,2216300
2023-11-20,193.6702117919922,204.44000244140625,205.0,203.08999633789062,203.5,3159700
2023-11-21,187.6262664794922,198.05999755859375,201.74000549316406,196.6199951171875,197.52000427246094,5880600
2023-11-22,188.02410888671875,198.47999572753906,199.6999969482422,196.7100067138672,198.49000549316406,3232400
2023-11-24,188.5830535888672,199.07000732421875,199.41000366210938,196.22999572753906,198.0,1322200
2023-11-27,189.29356384277344,199.82000732421875,200.94000244140625,197.85000610351562,198.3800048828125,2345700
2023-11-28,189.51141357421875,200.0500030517578,201.00999450683594,197.97999572753906,199.5399932861328,2651100
2023-11-29,189.38827514648438,199.9199981689453,201.6699981689453,199.66000366210938,201.07000732421875,2119000
2023-11-30,188.35572814941406,198.8300018310547,200.22000122070312,196.32000732421875,200.17999267578125,3812100
2023-12-01,193.17755126953125,203.9199981689453,204.36000061035156,198.52000427246094,199.1999969482422,2965600
2023-12-04,196.6163330078125,207.5500030517578,208.77000427246094,203.72000122070312,203.75,3429700
2023-12-05,195.07220458984375,205.9199981689453,206.86000061035156,203.85000610351562,205.7100067138672,2552100
2023-12-06,197.70579528808594,208.6999969482422,209.75999450683594,207.0,207.0,2595400
2023-12-07,197.3268280029297,208.3000030517578,209.1699981689453,207.39999389648438,208.97000122070312,3069300
2023-12-08,196.881591796875,207.8300018310547,208.4600067138672,206.17999267578125,208.05999755859375,2210400
2023-12-11,195.47007751464844,206.33999633789062,209.1699981689453,206.30999755859375,208.22000122070312,3390100
2023-12-12,197.70579528808594,208.6999969482422,208.86000061035156,205.83999633789062,206.80999755859375,3552100
2023-12-13,204.1001434326172,215.4499969482422,215.55999755859375,206.0800018310547,208.77000427246094,5170100
2023-12-14,213.6586456298828,225.5399932861328,225.94000244140625,220.0399932861328,220.4199981689453,7636600
2023-12-15,213.7060089111328,225.58999633789062,227.0,223.77000427246094,225.32000732421875,9581200
2023-12-18,212.256591796875,224.05999755859375,227.0,223.50999450683594,226.19000244140625,3132400
2023-12-19,213.54495239257812,225.4199981689453,226.3300018310547,224.50999450683594,224.6300048828125,3101100
2023-12-20,210.3145751953125,222.00999450683594,224.72999572753906,221.24000549316406,222.47999572753906,3727300
2023-12-21,211.7734832763672,223.5500030517578,224.44000244140625,222.22999572753906,223.7899932861328,2640200
2023-12-22,211.25242614746094,223.0,225.0800018310547,221.99000549316406,224.0399932861328,2368800
2023-12-26,211.08192443847656,222.82000732421875,223.6999969482422,222.6300048828125,222.89999389648438,1656400
2023-12-27,211.1482391357422,222.88999938964844,223.36000061035156,221.72000122070312,222.52000427246094,1449300
2023-12-28,211.15773010253906,222.89999389648438,223.4199981689453,221.97000122070312,223.41000366210938,1543400
2023-12-29,210.8261260986328,222.5500030517578,223.97999572753906,220.94000244140625,222.94000244140625,2631400
2024-01-02,207.131591796875,218.64999389648438,222.60000610351562,218.4600067138672,220.25,3277800
2024-01-03,201.0876922607422,212.27000427246094,216.89999389648438,212.1300048828125,216.3699951171875,3285400
2024-01-04,200.09300231933594,211.22000122070312,213.3300018310547,211.08999633789062,211.89999389648438,2487000
2024-01-05,201.31504821777344,212.50999450683594,214.3300018310547,210.4199981689453,210.6199951171875,2577900
2024-01-08,205.70115661621094,217.13999938964844,217.4199981689453,212.63999938964844,213.13999938964844,2462700
2024-01-09,205.57797241210938,217.00999450683594,217.52999877929688,215.3300018310547,215.38999938964844,2025000
2024-01-10,208.6094207763672,220.2100067138672,220.55999755859375,217.64999389648438,217.75,2311300
2024-01-11,208.5620574951172,220.16000366210938,220.86000061035156,218.13999938964844,220.1199951171875,1864800
2024-01-12,207.37791442871094,218.91000366210938,221.05999755859375,218.0800018310547,220.25999450683594,1603900
2024-01-16,208.81784057617188,220.42999267578125,220.60000610351562,217.6999969482422,219.05999755859375,2594400
2024-01-17,206.56320190429688,218.0500030517578,221.0,216.47999572753906,218.97999572753906,2824000
2024-01-18,206.73373413085938,218.22999572753906,220.22000122070312,215.8300018310547,219.0,3121900
2024-01-19,208.419921875,220.00999450683594,221.55999755859375,216.86000061035156,218.5800018310547,2851900
2024-01-22,208.27784729003906,219.86000061035156,220.3699951171875,216.27000427246094,217.80999755859375,2540800
2024-01-23,204.1934051513672,214.47000122070312,218.75999450683594,213.83999633789062,218.75999450683594,2375900
2024-01-24,200.4612579345703,210.5500030517578,215.3000030517578,210.39999389648438,215.16000366210938,3514800
2024-01-25,201.91793823242188,212.0800018310547,212.72000122070312,209.5500030517578,211.57000732421875,2892100
2024-01-26,201.82272338867188,211.97999572753906,213.00999450683594,210.77999877929688,212.32000732421875,1912600
2024-01-29,201.689453125,211.83999633789062,212.6999969482422,209.80999755859375,211.77999877929688,2194700
2024-01-30,204.2410430908203,214.52000427246094,216.3699951171875,210.10000610351562,210.8699951171875,2742500
2024-01-31,202.64149475097656,212.83999633789062,216.5800018310547,212.7100067138672,215.11000061035156,3429300
2024-02-01,209.67742919921875,220.22999572753906,220.55999755859375,212.3699951171875,213.02000427246094,3265400
2024-02-02,208.972900390625,219.49000549316406,220.94000244140625,212.50999450683594,217.5399932861328,3304900
2024-02-05,207.56378173828125,218.00999450683594,218.3300018310547,214.8800048828125,217.3300018310547,2303700
2024-02-06,207.6685333251953,218.1199951171875,219.9199981689453,216.22000122070312,217.8000030517578,2147500
2024-02-07,211.06748962402344,221.69000244140625,222.35000610351562,218.8800048828125,219.32000732421875,3303000
2024-02-08,209.8297576904297,220.38999938964844,223.58999633789062,219.25,222.0,1909700
2024-02-09,211.6101531982422,222.25999450683594,222.30999755859375,219.1699981689453,220.80999755859375,1359100
2024-02-12,218.84596252441406,229.86000061035156,230.94000244140625,225.8800048828125,226.3699951171875,3258400
2024-02-13,214.62826538085938,225.42999267578125,227.80999755859375,223.64999389648438,224.92999267578125,3388600
2024-02-14,216.05636596679688,226.92999267578125,227.1699981689453,222.8699951171875,226.0,2002100
2024-02-15,217.38931274414062,228.3300018310547,228.61000061035156,226.38999938964844,227.75,1925100
2024-02-16,215.98023986816406,226.85000610351562,228.94000244140625,225.3699951171875,227.27000427246094,2388400
2024-02-20,214.7044219970703,225.50999450683594,226.42999267578125,221.77000427246094,222.99000549316406,2580100
2024-02-21,216.8751983642578,227.7899932861328,228.10000610351562,225.02999877929688,225.7100067138672,1700000
2024-02-22,219.46484375,230.50999450683594,231.2899932861328,227.6300048828125,228.32000732421875,2115700
2024-02-23,221.41661071777344,232.55999755859375,233.08999633789062,231.16000366210938,231.4499969482422,2112600
2024-02-26,220.2360382080078,231.32000732421875,234.22999572753906,230.97999572753906,232.97999572753906,2928000
2024-02-27,224.1110382080078,235.38999938964844,239.49000549316406,230.02000427246094,232.42999267578125,5076700
2024-02-28,227.35763549804688,238.8000030517578,241.44000244140625,237.35000610351562,238.0,3288600
2024-02-29,229.1380157470703,240.6699981689453,241.38999938964844,238.5500030517578,238.97000122070312,3107400
2024-03-01,232.9654083251953,244.69000244140625,245.08999633789062,239.75999450683594,240.27000427246094,2712300
2024-03-04,230.49951171875,242.10000610351562,245.2899932861328,242.02999877929688,244.22000122070312,2321500
2024-03-05,229.28082275390625,240.82000732421875,243.02999877929688,240.11000061035156,241.75999450683594,2514600
2024-03-06,229.56646728515625,241.1199951171875,242.47000122070312,239.86000061035156,241.3300018310547,2367600
2024-03-07,230.1376953125,241.72000122070312,244.14999389648438,241.4199981689453,242.1300048828125,1792900
2024-03-08,230.35667419433594,241.9499969482422,243.99000549316406,241.50999450683594,241.61000061035156,1502900
2024-03-11,229.41412353515625,240.9600067138672,242.16000366210938,238.9199981689453,241.32000732421875,2058900
2024-03-12,231.60389709472656,243.25999450683594,244.47000122070312,241.11000061035156,241.69000244140625,2095300
2024-03-13,235.5550994873047,247.41000366210938,248.5500030517578,244.24000549316406,244.24000549316406,2238000
2024-03-14,232.90826416015625,244.6300048828125,247.8000030517578,242.49000549316406,246.66000366210938,2492700
2024-03-15,233.0034637451172,244.72999572753906,247.25,243.61000061035156,244.22999572753906,5692800
2024-03-18,231.8133544921875,243.47999572753906,246.3300018310547,243.00999450683594,245.6999969482422,2480900
2024-03-19,236.1358184814453,248.02000427246094,248.1999969482422,244.47000122070312,244.5,2408400
2024-03-20,239.8870391845703,251.9600067138672,252.4199981689453,247.4199981689453,248.5399932861328,1882600
2024-03-21,248.49388122558594,261.0,261.3399963378906,252.9499969482422,252.9600067138672,3418500
2024-03-22,246.11367797851562,258.5,262.489990234375,258.3699951171875,261.1300048828125,2493200
2024-03-25,241.8292999267578,254.0,259.4599914550781,253.72999572753906,258.7200012207031,2024600
2024-03-26,239.37290954589844,251.4199981689453,255.0399932861328,251.27999877929688,253.47000122070312,3048900
2024-03-27,241.19139099121094,253.3300018310547,253.36000061035156,251.24000549316406,252.3699951171875,2351900
2024-03-28,242.52430725097656,254.72999572753906,255.2899932861328,250.97999572753906,252.80999755859375,2631200
2024-04-01,237.33546447753906,249.27999877929688,255.32000732421875,248.52000427246094,253.35000610351562,2363000
2024-04-02,232.73687744140625,244.4499969482422,247.02000427246094,243.47999572753906,246.27999877929688,2819700
2024-04-03,229.1665802001953,240.6999969482422,244.13999938964844,240.49000549316406,241.05999755859375,3144500
2024-04-04,226.60548400878906,238.00999450683594,245.35000610351562,237.80999755859375,243.55999755859375,2343600
2024-04-05,227.8527069091797,239.32000732421875,240.42999267578125,237.8300018310547,238.0,1680700
2024-04-08,230.96603393554688,242.58999633789062,242.72000122070312,237.97000122070312,238.25999450683594,2389200
2024-04-09,232.67977905273438,244.38999938964844,244.80999755859375,240.8800048828125,243.7899932861328,2126100
2024-04-10,225.7962188720703,237.16000366210938,239.2899932861328,235.07000732421875,238.13999938964844,2955100
2024-04-11,224.15863037109375,235.44000244140625,240.2899932861328,233.19000244140625,239.0,2494600
2024-04-12,220.9310760498047,232.0500030517578,233.9199981689453,230.74000549316406,233.3699951171875,2117400
2024-04-15,218.98878479003906,230.00999450683594,234.85000610351562,229.1699981689453,234.75999450683594,1933100
2024-04-16,217.40835571289062,228.35000610351562,229.85000610351562,227.32000732421875,228.92999267578125,2201000
2024-04-17,217.89390563964844,228.86000061035156,230.88999938964844,227.24000549316406,230.24000549316406,1982300
2024-04-18,217.82723999023438,228.7899932861328,232.2899932861328,227.5500030517578,229.8699951171875,1993100
2024-04-19,219.20777893066406,230.24000549316406,232.11000061035156,228.88999938964844,229.49000549316406,2112200
2024-04-22,220.1503448486328,231.22999572753906,233.0399932861328,229.55999755859375,231.72999572753906,1872800
2024-04-23,223.4315948486328,233.55999755859375,234.2100067138672,230.22000122070312,231.22999572753906,2189900
2024-04-24,220.3033905029297,230.2899932861328,232.3699951171875,228.8300018310547,232.1999969482422,1485100
2024-04-25,219.98773193359375,229.9600067138672,230.64999389648438,224.67999267578125,227.77000427246094,1996800
2024-04-26,219.901611328125,229.8699951171875,233.24000549316406,229.72000122070312,229.97000122070312,2001200
2024-04-29,220.9252166748047,230.94000244140625,231.85000610351562,229.83999633789062,230.00999450683594,1527300
2024-04-30,218.10313415527344,227.99000549316406,231.27999877929688,227.69000244140625,230.0,2435200
2024-05-01,217.65353393554688,227.52000427246094,230.99000549316406,225.47000122070312,227.3699951171875,1713900
2024-05-02,219.62420654296875,229.5800018310547,230.22999572753906,226.3800048828125,230.1300048828125,1672800
2024-05-03,222.06362915039062,232.1300048828125,238.14999389648438,231.97999572753906,233.60000610351562,1834700
2024-05-06,221.65228271484375,231.6999969482422,234.9499969482422,231.19000244140625,234.8300018310547,1714000
2024-05-07,221.4226531982422,231.4600067138672,234.8300018310547,231.22000122070312,232.4600067138672,1912500
2024-05-08,222.00624084472656,232.07000732421875,233.00999450683594,229.0,229.5800018310547,1689200
2024-05-09,225.89016723632812,236.1300048828125,236.9600067138672,232.0800018310547,232.0800018310547,1652700
2024-05-10,224.8378448486328,235.02999877929688,237.33999633789062,234.42999267578125,235.77000427246094,1336700
2024-05-13,222.8767547607422,232.97999572753906,236.8800048828125,231.69000244140625,236.3000030517578,1983700
2024-05-14,221.53746032714844,231.5800018310547,235.14999389648438,229.86000061035156,232.86000061035156,2763200
2024-05-15,225.84231567382812,236.0800018310547,237.32000732421875,234.8300018310547,235.0800018310547,2103600
2024-05-16,222.18795776367188,232.25999450683594,234.97999572753906,231.72000122070312,234.36000061035156,1847300
2024-05-17,221.08782958984375,231.11000061035156,233.0500030517578,230.14999389648438,232.6699981689453,1968800
2024-05-20,219.23196411132812,229.1699981689453,231.0800018310547,228.24000549316406,230.2100067138672,2684400
2024-05-21,215.10887145996094,224.86000061035156,231.8000030517578,221.41000366210938,231.8000030517578,5397700
2024-05-22,211.54063415527344,221.1300048828125,225.42999267578125,220.2100067138672,224.16000366210938,2769800
2024-05-23,208.04891967773438,217.47999572753906,221.85000610351562,216.82000732421875,221.75999450683594,2636600
2024-05-24,205.87733459472656,215.2100067138672,218.27000427246094,214.75,217.74000549316406,2632200
2024-05-28,206.0303955078125,215.3699951171875,216.8000030517578,213.97000122070312,214.77999877929688,3072400
2024-05-29,204.9781036376953,214.27000427246094,214.6199951171875,212.77999877929688,213.6300048828125,2359800
2024-05-30,206.1165313720703,215.4600067138672,216.75,213.42999267578125,215.30999755859375,2778100
2024-05-31,211.6936798095703,221.2899932861328,221.4199981689453,216.02999877929688,216.5,4598400
2024-06-03,207.33143615722656,216.72999572753906,221.02000427246094,216.0,219.69000244140625,2480500
2024-06-04,207.14012145996094,216.52999877929688,218.3300018310547,215.11000061035156,215.3000030517578,2291200
2024-06-05,209.95263671875,219.47000122070312,219.64999389648438,215.75999450683594,216.7899932861328,1727900
2024-06-06,208.97682189941406,218.4499969482422,220.1999969482422,217.99000549316406,219.22999572753906,2033900
2024-06-07,207.27403259277344,216.6699981689453,218.22999572753906,214.75,216.2899932861328,1602400
2024-06-10,208.64202880859375,218.10000610351562,218.38999938964844,216.10000610351562,216.4499969482422,1851500
2024-06-11,208.88119506835938,218.35000610351562,218.52999877929688,215.00999450683594,217.83999633789062,1910100
2024-06-12,215.26193237304688,225.02000427246094,226.99000549316406,221.82000732421875,221.82000732421875,3609500
2024-06-13,217.02215576171875,226.86000061035156,227.39999389648438,223.3800048828125,225.97000122070312,2116600
2024-06-14,213.6643829345703,223.35000610351562,225.75,221.4199981689453,224.80999755859375,1936600
2024-06-17,216.93605041503906,226.77000427246094,227.22999572753906,221.61000061035156,222.36000061035156,1700800
2024-06-18,217.8927001953125,227.77000427246094,229.1999969482422,226.9499969482422,227.50999450683594,2072900
2024-06-20,217.6630859375,227.52999877929688,228.3699951171875,225.10000610351562,226.8000030517578,2377800
2024-06-21,218.6771240234375,228.58999633789062,230.10000610351562,226.5500030517578,227.67999267578125,3627300
2024-06-24,218.48580932617188,228.38999938964844,230.00999450683594,227.75,228.75999450683594,3463000
2024-06-25,207.8289031982422,217.25,227.05999755859375,216.97999572753906,226.8000030517578,3892000
2024-06-26,209.2925262451172,218.77999877929688,219.16000366210938,215.8699951171875,216.4600067138672,2601200
2024-06-27,210.26834106445312,219.8000030517578,220.32000732421875,218.0800018310547,219.5500030517578,2654600
2024-06-28,210.89968872070312,220.4600067138672,221.55999755859375,218.3699951171875,220.1699981689453,12630400
2024-07-01,204.29891967773438,213.55999755859375,220.5,213.47999572753906,219.44000244140625,2569200
2024-07-02,204.43284606933594,213.6999969482422,214.85000610351562,211.8000030517578,212.69000244140625,2173700
2024-07-03,204.05018615722656,213.3000030517578,217.0,213.0500030517578,215.8300018310547,1423500
2024-07-05,204.61460876464844,213.88999938964844,214.83999633789062,212.52999877929688,212.69000244140625,1907400
2024-07-08,207.73321533203125,217.14999389648438,218.3000030517578,214.7899932861328,215.0,2947500
2024-07-09,206.9488067626953,216.3300018310547,217.19000244140625,215.2100067138672,215.97000122070312,2571700
2024-07-10,211.1675567626953,220.74000549316406,220.91000366210938,216.88999938964844,217.57000732421875,2007000
2024-07-11,219.7868194580078,229.75,229.97999572753906,223.5399932861328,225.61000061035156,3006900
2024-07-12,223.92904663085938,234.0800018310547,238.05999755859375,230.33999633789062,231.1199951171875,3180600
2024-07-15,222.10186767578125,232.1699981689453,235.08999633789062,230.6300048828125,234.0,2074600
2024-07-16,230.520263671875,240.97000122070312,241.00999450683594,232.10000610351562,232.82000732421875,2356500
2024-07-17,232.50051879882812,243.0399932861328,245.6300048828125,237.74000549316406,239.4499969482422,3958800
2024-07-18,228.98963928222656,239.3699951171875,246.97000122070312,237.91000366210938,241.9499969482422,2606700
2024-07-19,228.176513671875,238.52000427246094,241.02999877929688,237.85000610351562,239.39999389648438,2739300
2024-07-22,229.8506317138672,240.27000427246094,241.39999389648438,236.57000732421875,239.4499969482422,2308500
2024-07-23,227.9756317138672,238.30999755859375,241.97999572753906,237.52000427246094,241.08999633789062,2211000
2024-07-24,222.6982421875,231.6699981689453,239.08999633789062,231.4499969482422,236.49000549316406,2756800
2024-07-25,225.6781768798828,234.77000427246094,238.67999267578125,231.0399932861328,231.82000732421875,2142600
2024-07-26,229.61940002441406,238.8699951171875,242.52000427246094,236.07000732421875,236.25,1942500
2024-07-29,230.51336669921875,239.8000030517578,240.97999572753906,237.3300018310547,238.27000427246094,2082300
2024-07-30,232.0514373779297,241.39999389648438,242.3800048828125,238.3000030517578,240.19000244140625,1782500
2024-07-31,236.0022430419922,245.50999450683594,248.99000549316406,241.24000549316406,242.63999938964844,3054700
2024-08-01,232.01296997070312,241.36000061035156,248.27000427246094,239.02000427246094,246.8300018310547,2022800
2024-08-02,231.10939025878906,240.4199981689453,240.52000427246094,235.1999969482422,238.27000427246094,2258800
2024-08-05,227.8410186767578,237.02000427246094,240.99000549316406,232.74000549316406,236.3300018310547,3058000
2024-08-06,231.33045959472656,240.64999389648438,244.2100067138672,235.6699981689453,235.6699981689453,2319500
2024-08-07,222.62132263183594,231.58999633789062,243.33999633789062,231.10000610351562,241.6999969482422,3355400
2024-08-08,227.1777801513672,236.3300018310547,236.80999755859375,231.0,232.19000244140625,2084300
2024-08-09,226.69712829589844,235.8300018310547,237.75,234.3000030517578,235.77999877929688,1675500
2024-08-12,222.1214599609375,231.07000732421875,234.75,229.3800048828125,234.75,2592300
2024-08-13,227.04318237304688,236.19000244140625,236.7899932861328,227.6300048828125,228.8000030517578,2860800
2024-08-14,228.43702697753906,237.63999938964844,239.64999389648438,235.8000030517578,235.8300018310547,2098500
2024-08-15,230.7633056640625,240.05999755859375,242.94000244140625,238.25999450683594,242.27999877929688,3029400
2024-08-16,231.8111114501953,241.14999389648438,242.16000366210938,239.13999938964844,240.42999267578125,1725700
2024-08-19,233.7913360595703,243.2100067138672,243.5399932861328,240.14999389648438,242.25999450683594,2708600
2024-08-20,231.02285766601562,240.3300018310547,245.8699951171875,238.64999389648438,240.0,3910400
2024-08-21,232.98385620117188,242.3699951171875,242.6999969482422,239.85000610351562,241.5,2676500
2024-08-22,231.00363159179688,240.30999755859375,243.32000732421875,239.69000244140625,243.0,1979900
2024-08-23,240.3856658935547,250.07000732421875,251.22999572753906,240.83999633789062,241.64999389648438,2685400
2024-08-26,240.79901123046875,250.5,253.1999969482422,250.1199951171875,251.8800048828125,2790500
2024-08-27,238.94375610351562,248.57000732421875,249.92999267578125,247.6300048828125,249.86000061035156,1772500
2024-08-28,239.29942321777344,248.94000244140625,250.42999267578125,246.9199981689453,248.47999572753906,1372000
2024-08-29,237.2134552001953,246.77000427246094,250.75,246.38999938964844,250.0,1612900
2024-08-30,238.87644958496094,248.5,249.05999755859375,245.39999389648438,247.85000610351562,2586900
2024-09-03,235.95420837402344,245.4600067138672,249.44000244140625,243.6199951171875,247.1999969482422,2460200
2024-09-04,235.94456481933594,245.4499969482422,245.83999633789062,242.10000610351562,244.86000061035156,2094700
2024-09-05,234.65646362304688,244.11000061035156,246.35000610351562,241.58999633789062,246.35000610351562,2083100
2024-09-06,234.36810302734375,243.80999755859375,247.4600067138672,243.13999938964844,244.85000610351562,1889700
2024-09-09,235.2524871826172,244.72999572753906,245.74000549316406,242.33999633789062,245.25,1823000
2024-09-10,237.79986572265625,247.3800048828125,248.3800048828125,242.61000061035156,244.47000122070312,2112900
2024-09-11,237.79986572265625,247.3800048828125,247.83999633789062,240.0,245.05999755859375,1841500
2024-09-12,242.28897094726562,252.0500030517578,252.1999969482422,247.52000427246094,248.58999633789062,2222400
2024-09-13,245.5188446044922,255.41000366210938,257.4100036621094,252.61000061035156,252.99000549316406,2118100
2024-09-16,246.70123291015625,256.6400146484375,258.1300048828125,254.22000122070312,257.04998779296875,1591300
2024-09-17,246.7781219482422,256.7200012207031,259.489990234375,256.0,256.3900146484375,1343500
2024-09-18,246.69161987304688,256.6300048828125,261.9700012207031,255.5500030517578,257.1300048828125,1625200
2024-09-19,250.89236450195312,261.0,262.2799987792969,259.54998779296875,260.8900146484375,2261300
2024-09-20,250.06570434570312,260.1400146484375,261.54998779296875,257.95001220703125,259.2799987792969,4470300
2024-09-23,252.1324462890625,262.2900085449219,262.4599914550781,258.2799987792969,260.79998779296875,2131000
2024-09-24,255.73721313476562,266.0400085449219,268.0899963378906,263.45001220703125,265.3299865722656,3414100
2024-09-25,254.7086181640625,264.9700012207031,266.6000061035156,263.9200134277344,266.1499938964844,1815500
2024-09-26,255.3238067626953,265.6099853515625,266.7300109863281,259.2900085449219,266.1400146484375,2254500
2024-09-27,256.7945861816406,267.1400146484375,268.7099914550781,265.739990234375,267.75,1852300
2024-09-30,260.3609313964844,270.8500061035156,271.2699890136719,267.07000732421875,268.42999267578125,2032800
2024-10-01,262.0815734863281,272.6400146484375,274.1600036621094,268.2200012207031,270.010009765625,2552400
2024-10-02,261.331787109375,271.8599853515625,272.8999938964844,270.75,271.7799987792969,2244200
2024-10-03,259.7456970214844,270.2099914550781,272.29998779296875,268.6199951171875,271.4800109863281,1634600
2024-10-04,257.3905944824219,267.760009765625,270.4599914550781,263.1600036621094,270.0,2245600
2024-10-07,258.1404113769531,268.5400085449219,269.9100036621094,263.5899963378906,265.1499938964844,2302100
2024-10-08,262.6872253417969,273.2699890136719,274.260009765625,269.80999755859375,270.4800109863281,1947900
2024-10-09,266.44580078125,277.17999267578125,278.1000061035156,273.2799987792969,278.1000061035156,2431000
2024-10-10,262.6295471191406,273.2099914550781,275.04998779296875,270.989990234375,272.82000732421875,1714400
2024-10-11,265.08074951171875,275.760009765625,276.7300109863281,274.010009765625,274.010009765625,1303600
2024-10-14,269.8582763671875,280.7300109863281,281.3999938964844,275.510009765625,275.69000244140625,1760300
2024-10-15,270.91571044921875,281.8299865722656,287.010009765625,281.3699951171875,281.9200134277344,2369100
2024-10-16,273.0497131347656,284.04998779296875,284.3999938964844,280.80999755859375,281.0899963378906,1754900
2024-10-17,270.4158020019531,281.30999755859375,285.239990234375,281.010009765625,284.0,1574200
2024-10-18,270.73309326171875,281.6400146484375,282.3800048828125,279.0899963378906,281.79998779296875,2031100
2024-10-21,266.11895751953125,276.8399963378906,282.70001220703125,275.6700134277344,280.5799865722656,2438300
2024-10-22,261.6778869628906,272.2200012207031,273.4200134277344,268.1700134277344,272.0199890136719,3102500
2024-10-23,260.7511291503906,270.1099853515625,272.6099853515625,269.239990234375,270.6600036621094,2109400
2024-10-24,261.9577941894531,271.3599853515625,272.3800048828125,269.7900085449219,270.70001220703125,2025900
2024-10-25,258.3667297363281,267.6400146484375,271.17999267578125,266.260009765625,270.4700012207031,1788000
2024-10-28,258.685302734375,267.9700012207031,271.19000244140625,267.6000061035156,270.20001220703125,2140300
2024-10-29,253.85850524902344,262.9700012207031,265.07000732421875,260.5199890136719,263.20001220703125,2311100
2024-10-30,252.33328247070312,261.3900146484375,265.44000244140625,260.2099914550781,262.5299987792969,2356300
2024-10-31,252.75802612304688,261.8299865722656,263.5400085449219,260.9599914550781,261.3999938964844,2950700
2024-11-01,252.8642120361328,261.94000244140625,266.7699890136719,261.57000732421875,265.54998779296875,2262400
2024-11-04,255.7988739013672,264.9800109863281,267.57000732421875,262.3800048828125,262.4100036621094,1741700
2024-11-05,259.85333251953125,269.17999267578125,269.2699890136719,264.05999755859375,264.05999755859375,1562500
2024-11-06,252.66148376464844,261.7300109863281,266.1499938964844,257.25,266.1499938964844,4439300
2024-11-07,257.0731506347656,266.29998779296875,267.1400146484375,262.5,262.7900085449219,1972500
2024-11-08,261.70684814453125,271.1000061035156,271.8999938964844,267.9100036621094,268.9800109863281,2102400
2024-11-11,264.9986877441406,274.510009765625,276.29998779296875,272.2900085449219,273.5400085449219,2252100
2024-11-12,260.5483703613281,269.8999938964844,276.7699890136719,269.44000244140625,275.75,2634600
2024-11-13,262.8845520019531,272.32000732421875,274.29998779296875,270.82000732421875,272.7200012207031,1819900
2024-11-14,260.9827880859375,270.3500061035156,273.3900146484375,269.80999755859375,272.6600036621094,2324000
2024-11-15,260.0657043457031,269.3999938964844,271.95001220703125,268.4599914550781,269.8999938964844,2264000
2024-11-18,262.3536376953125,271.7699890136719,273.6199951171875,267.3299865722656,268.42999267578125,2600600
2024-11-19,250.27703857421875,259.260009765625,264.989990234375,258.4599914550781,263.0899963378906,4214000
2024-11-20,253.91644287109375,263.0299987792969,263.6600036621094,258.95001220703125,259.29998779296875,2864200
2024-11-21,256.03057861328125,265.2200012207031,265.69000244140625,262.260009765625,264.05999755859375,1844800
2024-11-22,255.50926208496094,264.67999267578125,266.9100036621094,262.9200134277344,266.1099853515625,2410900
2024-11-25,265.78057861328125,275.32000732421875,275.6199951171875,268.489990234375,268.94000244140625,3691700
2024-11-26,264.9600830078125,274.4700012207031,274.7799987792969,270.9700012207031,274.6300048828125,2422300
2024-11-27,263.72442626953125,273.19000244140625,276.3900146484375,272.55999755859375,275.1499938964844,2263800
2024-11-29,262.99078369140625,272.42999267578125,274.1700134277344,271.92999267578125,272.7099914550781,1526400
2024-12-02,262.6239013671875,272.04998779296875,273.79998779296875,269.45001220703125,273.44000244140625,2202700
2024-12-03,264.8828430175781,274.3900146484375,275.42999267578125,269.94000244140625,272.9200134277344,2459100
2024-12-04,262.8363342285156,272.2699890136719,274.1199951171875,270.260009765625,272.4200134277344,2081000
2024-12-05,260.7125244140625,270.07000732421875,272.8299865722656,269.5400085449219,271.6300048828125,1959800
2024-12-06,263.9560546875,273.42999267578125,276.92999267578125,271.1300048828125,271.8900146484375,1745700
2024-12-09,264.651123046875,274.1499938964844,280.6400146484375,272.7099914550781,274.0,2647000
2024-12-10,260.7511291503906,270.1099853515625,272.92999267578125,268.5899963378906,272.4800109863281,2214700
2024-12-11,258.61767578125,267.8999938964844,273.3500061035156,267.239990234375,271.3599853515625,3297100
2024-12-12,254.37017822265625,263.5,268.3900146484375,263.04998779296875,268.32000732421875,2391600
2024-12-13,253.2986297607422,262.3900146484375,264.75,262.07000732421875,263.1300048828125,1999300
2024-12-16,251.0879669189453,260.1000061035156,264.010009765625,259.95001220703125,262.7699890136719,1964600
2024-12-17,248.8193817138672,257.75,259.9700012207031,256.32000732421875,258.44000244140625,2402100
2024-12-18,241.1544952392578,249.80999755859375,259.6400146484375,249.63999938964844,257.4100036621094,3084400
2024-12-19,236.0477752685547,244.52000427246094,250.6300048828125,244.13999938964844,249.0,4159000
2024-12-20,239.13690185546875,247.72000122070312,249.2100067138672,244.0,244.5399932861328,5693100
2024-12-23,238.79904174804688,247.3699951171875,247.9199981689453,245.22999572753906,246.25,2079000
2024-12-24,241.55029296875,250.22000122070312,250.22000122070312,247.1999969482422,247.97999572753906,992100
2024-12-26,240.78765869140625,249.42999267578125,250.13999938964844,247.82000732421875,248.24000549316406,1435200
2024-12-27,239.73541259765625,248.33999633789062,250.0800018310547,247.3000030517578,248.35000610351562,1581100
2024-12-30,238.18121337890625,246.72999572753906,247.92999267578125,244.52999877929688,247.89999389648438,1622800
2024-12-31,238.248779296875,246.8000030517578,248.1999969482422,245.7899932861328,247.25,1397900
2025-01-02,238.42254638671875,246.97999572753906,249.8699951171875,245.24000549316406,248.27000427246094,2741000
2025-01-03,239.87057495117188,248.47999572753906,248.77000427246094,245.9199981689453,248.1199951171875,1889200
2025-01-06,241.08692932128906,249.74000549316406,252.6999969482422,247.2899932861328,248.74000549316406,2573400
2025-01-07,238.0267791748047,246.57000732421875,251.66000366210938,246.1300048828125,250.1300048828125,1803500
2025-01-08,238.33566284179688,246.88999938964844,247.24000549316406,242.9600067138672,245.44000244140625,2364900
2025-01-10,239.31068420410156,247.89999389648438,250.0,244.5,247.0,2537800
2025-01-13,240.0443572998047,248.66000366210938,251.16000366210938,246.74000549316406,248.0800018310547,2689700
2025-01-14,242.4866943359375,251.19000244140625,252.3699951171875,249.27999877929688,250.00999450683594,2055100
2025-01-15,247.8250732421875,256.7200012207031,259.75,256.04998779296875,257.8299865722656,2880600
2025-01-16,249.813720703125,258.7799987792969,259.5299987792969,255.91000366210938,256.79998779296875,1882300
2025-01-17,252.0146942138672,261.05999755859375,262.0199890136719,258.3900146484375,259.9599914550781,2758500
2025-01-21,255.1907196044922,264.3500061035156,266.8399963378906,262.69000244140625,263.0,2804400
2025-01-22,250.14895629882812,258.0,262.54998779296875,257.739990234375,262.54998779296875,2074100
2025-01-23,253.3679656982422,261.32000732421875,261.5,257.79998779296875,257.79998779296875,2614300
2025-01-24,254.22117614746094,262.20001220703125,262.9800109863281,259.3800048828125,260.8999938964844,2021600
2025-01-27,260.2518615722656,268.4200134277344,269.19000244140625,263.0,263.1300048828125,2178700
2025-01-28,256.3639221191406,264.4100036621094,266.95001220703125,263.6099853515625,266.25,1459100
2025-01-29,253.76544189453125,261.7300109863281,266.6000061035156,261.4100036621094,265.20001220703125,2092400
2025-01-30,255.9663543701172,264.0,266.55999755859375,262.45001220703125,263.6499938964844,1630400
2025-01-31,252.12686157226562,260.0400085449219,264.17999267578125,259.6099853515625,262.2799987792969,1735100
2025-02-03,248.69459533691406,256.5,258.67999267578125,252.3800048828125,256.0400085449219,1862000
2025-02-04,249.4023895263672,257.2300109863281,258.2300109863281,255.1199951171875,255.9499969482422,1976300
2025-02-05,250.60462951660156,258.4700012207031,259.44000244140625,254.8699951171875,258.9100036621094,1693300
2025-02-06,249.13092041015625,256.95001220703125,260.6099853515625,255.7100067138672,260.1099853515625,2397400
2025-02-07,244.2733612060547,251.94000244140625,257.3500061035156,251.35000610351562,256.82000732421875,2163600
2025-02-10,248.6364288330078,256.44000244140625,256.8599853515625,252.55999755859375,255.32000732421875,1980600
2025-02-11,249.20846557617188,257.0299987792969,257.92999267578125,255.60000610351562,256.0,1549900
2025-02-12,242.6444854736328,250.25999450683594,251.0,246.50999450683594,250.75,2634000
2025-02-13,244.97145080566406,252.66000366210938,253.30999755859375,250.13999938964844,251.63999938964844,1832100
2025-02-14,244.1279296875,251.7899932861328,256.4200134277344,251.25,254.5,1805900
2025-02-18,243.08078002929688,250.7100067138672,251.36000061035156,248.38999938964844,250.47000122070312,1989400
2025-02-19,239.1734161376953,246.67999267578125,248.8800048828125,245.1199951171875,247.25,2513300
2025-02-20,238.9213104248047,246.4199981689453,246.67999267578125,244.11000061035156,246.17999267578125,2025700
2025-02-21,231.89193725585938,239.1699981689453,247.74000549316406,238.75,247.3800048828125,3165000
2025-02-24,229.8655548095703,237.0800018310547,239.4600067138672,235.92999267578125,238.83999633789062,4871400
2025-02-25,235.01397705078125,242.38999938964844,244.44000244140625,238.0,238.0,4380900
2025-02-26,239.5515594482422,247.07000732421875,252.9499969482422,241.07000732421875,251.92999267578125,4664300
2025-02-27,238.02932739257812,245.5,248.4499969482422,244.92999267578125,247.0800018310547,2702100
2025-02-28,241.0737762451172,248.63999938964844,249.7100067138672,244.3000030517578,248.1699981689453,3011000
2025-03-03,238.6692657470703,246.16000366210938,249.67999267578125,243.8000030517578,248.67999267578125,2740900
2025-03-04,232.55126953125,239.85000610351562,244.6699981689453,239.0800018310547,244.61000061035156,2791800
2025-03-05,235.56661987304688,242.9600067138672,243.0,237.8000030517578,238.0,3175800
2025-03-06,236.09017944335938,243.5,245.30999755859375,240.0399932861328,241.82000732421875,2596500
2025-03-07,235.2757568359375,242.66000366210938,243.0500030517578,238.36000061035156,242.05999755859375,2570600
2025-03-10,235.00428771972656,242.3800048828125,246.6199951171875,241.07000732421875,242.5,2497500
2025-03-11,225.58975219726562,232.6699981689453,242.02999877929688,231.58999633789062,241.82000732421875,3294600
2025-03-12,221.3818359375,228.3300018310547,234.75,226.39999389648438,233.00999450683594,2825500
2025-03-13,215.88436889648438,222.66000366210938,228.36000061035156,220.1699981689453,227.72999572753906,3193600
2025-03-14,217.61019897460938,224.44000244140625,224.75999450683594,221.02000427246094,224.33999633789062,2672300
2025-03-17,218.97727966308594,225.85000610351562,226.6300048828125,223.39999389648438,225.0,2821300
2025-03-18,216.16552734375,222.9499969482422,225.5800018310547,222.57000732421875,224.8699951171875,1811800
2025-03-19,218.64761352539062,225.50999450683594,225.88999938964844,222.4199981689453,223.8000030517578,1944100
2025-03-20,219.3748016357422,226.25999450683594,229.55999755859375,224.00999450683594,225.5399932861328,1924200
2025-03-21,220.16017150878906,227.07000732421875,227.19000244140625,221.0,224.33999633789062,6353400
2025-03-24,225.8030548095703,232.88999938964844,233.1300048828125,228.3800048828125,228.3800048828125,2485100
2025-03-25,223.6699981689453,230.69000244140625,233.14999389648438,228.07000732421875,232.30999755859375,2476800
2025-03-26,224.9886474609375,232.0500030517578,233.57000732421875,230.66000366210938,230.8000030517578,1790500
2025-03-27,225.10496520996094,232.1699981689453,233.8800048828125,230.86000061035156,232.74000549316406,2425000
2025-03-28,221.46908569335938,228.4199981689453,232.6300048828125,227.44000244140625,232.49000549316406,2118300
2025-03-31,226.13270568847656,233.22999572753906,234.97999572753906,226.74000549316406,226.74000549316406,3465700
2025-04-01,226.8889617919922,234.00999450683594,234.50999450683594,230.47999572753906,232.39999389648438,2212800
2025-04-02,228.12034606933594,235.27999877929688,236.11000061035156,232.13999938964844,232.13999938964844,2534400
2025-04-03,215.74864196777344,222.52000427246094,226.1699981689453,220.61000061035156,222.7899932861328,4475000
2025-04-04,216.4951934814453,223.2899932861328,229.8300018310547,219.0399932861328,220.64999389648438,4829800
2025-04-07,210.3384246826172,216.94000244140625,225.64999389648438,211.6999969482422,218.0500030517578,4478000
2025-04-08,205.24818420410156,211.69000244140625,223.8800048828125,207.5800018310547,220.02000427246094,3294400
2025-04-09,216.4079132080078,223.1999969482422,224.30999755859375,206.38999938964844,208.8000030517578,4106200
2025-04-10,214.46876525878906,221.1999969482422,223.39999389648438,213.36000061035156,220.9600067138672,3482500
2025-04-11,213.6446533203125,220.35000610351562,221.1699981689453,213.8300018310547,219.35000610351562,2904000
2025-04-14,217.31932067871094,224.13999938964844,225.60000610351562,220.5,222.9199981689453,2766100
2025-04-15,213.79977416992188,220.50999450683594,225.02999877929688,218.8000030517578,224.0,2805200
2025-04-16,207.8854217529297,214.41000366210938,221.35000610351562,213.3000030517578,219.35000610351562,1916400
2025-04-17,212.3357391357422,219.0,220.69000244140625,215.77999877929688,217.02000427246094,2166900
2025-04-21,206.2953338623047,212.77000427246094,218.1699981689453,210.41000366210938,217.6699981689453,2769700
2025-04-22,212.4036102294922,219.07000732421875,220.5500030517578,214.57000732421875,214.8000030517578,2224000
2025-04-23,212.2476348876953,217.75999450683594,225.66000366210938,217.14999389648438,222.1300048828125,2382500
2025-04-24,216.4290771484375,222.0500030517578,222.94000244140625,216.2899932861328,217.75999450683594,2243200
2025-04-25,215.3179168701172,220.91000366210938,222.33999633789062,218.75999450683594,222.2100067138672,1493700
2025-04-28,215.5518341064453,221.14999389648438,223.5399932861328,219.3000030517578,220.5,2046700
2025-04-29,217.61817932128906,223.27000427246094,223.8800048828125,219.30999755859375,219.30999755859375,1603900
2025-04-30,217.90081787109375,223.55999755859375,224.0,218.19000244140625,221.92999267578125,3455500
2025-05-01,216.69223022460938,222.32000732421875,225.5399932861328,221.19000244140625,223.49000549316406,2067800
2025-05-02,221.43894958496094,227.19000244140625,227.72999572753906,223.94000244140625,224.52000427246094,2318800
2025-05-05,219.4895782470703,225.19000244140625,227.11000061035156,224.08999633789062,226.00999450683594,1878300
2025-05-06,217.36476135253906,223.00999450683594,224.67999267578125,221.9600067138672,223.14999389648438,2175700
2025-05-07,217.85208129882812,223.50999450683594,225.05999755859375,221.6999969482422,222.9499969482422,2924000
2025-05-08,218.79754638671875,224.47999572753906,226.6300048828125,222.44000244140625,224.57000732421875,2405700
2025-05-09,216.6337432861328,222.25999450683594,225.17999267578125,221.3800048828125,223.67999267578125,2053800
2025-05-12,226.88743591308594,232.77999877929688,233.75999450683594,230.27000427246094,231.0,3496600
2025-05-13,224.92832946777344,230.77000427246094,235.35000610351562,229.5800018310547,235.13999938964844,2963100
2025-05-14,222.72552490234375,228.50999450683594,231.1699981689453,228.0399932861328,229.5,2291000
2025-05-15,226.5657958984375,232.4499969482422,232.64999389648438,226.97000122070312,227.19000244140625,2489200
2025-05-16,228.3007354736328,234.22999572753906,234.2899932861328,231.89999389648438,232.60000610351562,1818200
2025-05-19,228.4956817626953,234.42999267578125,236.0,229.9600067138672,230.36000061035156,3387000
2025-05-20,225.3961639404297,231.25,237.5399932861328,230.14999389648438,237.0,3459500
2025-05-21,221.6143798828125,227.3699951171875,233.13999938964844,225.17999267578125,232.6999969482422,4541600
2025-05-22,218.08602905273438,223.75,227.4499969482422,222.97000122070312,226.0800018310547,3116700
2025-05-23,215.473876953125,221.07000732421875,222.97000122070312,220.25999450683594,220.91000366210938,2958400
2025-05-27,220.09388732910156,225.80999755859375,225.82000732421875,222.0,223.3000030517578,3418200
2025-05-28,218.83653259277344,224.52000427246094,226.75999450683594,224.36000061035156,225.0,2214500
2025-05-29,219.2361297607422,224.92999267578125,226.0,221.66000366210938,225.5399932861328,2739400
2025-05-30,220.0159149169922,225.72999572753906,226.27000427246094,222.41000366210938,223.91000366210938,4127300
2025-06-02,219.81121826171875,225.52000427246094,225.88999938964844,221.3300018310547,224.08999633789062,3890400
2025-06-03,223.00819396972656,228.8000030517578,229.32000732421875,225.22999572753906,225.89999389648438,2456200
2025-06-04,222.6085662841797,228.38999938964844,230.10000610351562,227.85000610351562,228.6699981689453,2301100
2025-06-05,221.82882690429688,227.58999633789062,229.80999755859375,227.0399932861328,228.9199981689453,1985100
2025-06-06,219.5675506591797,225.27000427246094,229.1300048828125,224.77000427246094,228.80999755859375,2216900
2025-06-09,217.94956970214844,223.61000061035156,225.69000244140625,223.1300048828125,225.69000244140625,2523400
2025-06-10,219.19717407226562,224.88999938964844,225.92999267578125,222.13999938964844,224.0500030517578,2174400
2025-06-11,215.99044799804688,221.60000610351562,226.63999938964844,220.66000366210938,226.63999938964844,2378000
2025-06-12,217.84234619140625,223.5,224.3300018310547,219.75,221.60000610351562,2485900
2025-06-13,211.7700653076172,217.27000427246094,223.25,216.3300018310547,221.25,2425900
2025-06-16,210.6101837158203,216.0800018310547,218.61000061035156,214.80999755859375,218.36000061035156,2392500
2025-06-17,206.55548095703125,211.9199981689453,215.77999877929688,211.1199951171875,215.0500030517578,2518600
2025-06-18,205.4930877685547,210.8300018310547,213.69000244140625,210.41000366210938,212.55999755859375,2528400
2025-06-20,207.36448669433594,212.75,212.92999267578125,210.3300018310547,211.66000366210938,6148400
2025-06-23,213.03717041015625,218.57000732421875,218.7899932861328,211.7899932861328,212.7899932861328,2639500
2025-06-24,214.41143798828125,219.97999572753906,220.41000366210938,217.7100067138672,219.0,2210000
2025-06-25,215.1132354736328,220.6999969482422,221.61000061035156,218.19000244140625,219.5,2082900
2025-06-26,215.62979125976562,221.22999572753906,222.80999755859375,220.0500030517578,221.25,2254700
2025-06-27,217.9690704345703,223.6300048828125,225.22000122070312,221.27000427246094,221.4199981689453,3256700
2025-06-30,216.25360107421875,221.8699951171875,224.83999633789062,219.64999389648438,224.07000732421875,2735300
2025-07-01,222.85223388671875,228.63999938964844,232.1699981689453,219.13999938964844,219.52000427246094,3974500
2025-07-02,221.19528198242188,226.94000244140625,229.38999938964844,225.55999755859375,229.1300048828125,2174300
2025-07-03,222.5305938720703,228.30999755859375,228.52999877929688,224.0399932861328,226.97999572753906,1777900
2025-07-07,219.29466247558594,224.99000549316406,228.27000427246094,222.64999389648438,227.74000549316406,2740500
2025-07-08,218.00804138183594,223.6699981689453,226.8300018310547,223.39999389648438,224.0500030517578,2672000
2025-07-09,219.85995483398438,225.57000732421875,225.66000366210938,222.11000061035156,224.1999969482422,2339400
2025-07-10,222.1407012939453,227.91000366210938,230.36000061035156,224.5,224.75999450683594,2417100
2025-07-11,218.4564208984375,224.1300048828125,226.7100067138672,223.44000244140625,225.5800018310547,1840100
2025-07-14,216.7701873779297,222.39999389648438,224.17999267578125,219.8000030517578,223.27000427246094,2767000
2025-07-15,209.5672607421875,215.00999450683594,223.05999755859375,214.91000366210938,223.00999450683594,2947200
2025-07-16,211.11703491210938,216.60000610351562,216.64999389648438,212.55999755859375,215.5,3604400
2025-07-17,213.04690551757812,218.5800018310547,219.02999877929688,215.85000610351562,216.35000610351562,2474000
2025-07-18,213.61219787597656,219.16000366210938,219.85000610351562,217.55999755859375,219.30999755859375,2399100
2025-07-21,215.3179168701172,220.91000366210938,222.74000549316406,219.6199951171875,220.02999877929688,2904400
2025-07-22,221.0880584716797,226.8300018310547,227.24000549316406,221.5,222.64999389648438,2880000
2025-07-23,224.00807189941406,228.61000061035156,228.99000549316406,225.77000427246094,226.67999267578125,2337000
2025-07-24,221.01947021484375,225.55999755859375,229.47999572753906,225.50999450683594,228.05999755859375,2083500
2025-07-25,222.23451232910156,226.8000030517578,227.3300018310547,225.08999633789062,226.5,2053500
2025-07-28,225.3603057861328,229.99000549316406,231.85000610351562,225.5,226.75,3302200
2025-07-29,225.40928649902344,230.0399932861328,230.83999633789062,228.14999389648438,230.3300018310547,1852900
2025-07-30,222.851806640625,227.42999267578125,231.1300048828125,225.52000427246094,230.25,2047400
2025-07-31,219.0695343017578,223.57000732421875,228.32000732421875,222.97999572753906,225.89999389648438,2778400
2025-08-01,221.84255981445312,226.39999389648438,228.14999389648438,221.75999450683594,223.50999450683594,3400900
2025-08-04,229.1033935546875,233.80999755859375,234.5500030517578,226.27999877929688,226.41000366210938,3871300
2025-08-05,232.679931640625,237.4600067138672,238.2899932861328,234.1300048828125,234.38999938964844,3107000
2025-08-06,233.4932098388672,238.2899932861328,239.7100067138672,236.57000732421875,237.55999755859375,2448700
2025-08-07,233.7577667236328,238.55999755859375,241.25999450683594,236.61000061035156,240.0,1948300
2025-08-08,236.295654296875,241.14999389648438,242.13999938964844,238.3000030517578,239.10000610351562,2746100
2025-08-11,235.02182006835938,239.85000610351562,243.1699981689453,237.80999755859375,241.5500030517578,2689500
2025-08-12,239.9407501220703,244.8699951171875,245.36000061035156,240.94000244140625,241.94000244140625,2973200
2025-08-13,251.17005920410156,256.3299865722656,258.5,246.72999572753906,247.5,6030300
2025-08-14,247.95608520507812,253.0500030517578,253.77999877929688,251.57000732421875,252.00999450683594,3635000
2025-08-15,246.98602294921875,252.05999755859375,254.1699981689453,249.42999267578125,254.1699981689453,3026800
2025-08-18,245.83956909179688,250.88999938964844,253.0,250.47000122070312,251.6999969482422,2977000
2025-08-19,251.19944763183594,256.3599853515625,258.3800048828125,254.75999450683594,254.75999450683594,4702600
2025-08-20,251.96377563476562,257.1400146484375,267.5199890136719,256.45001220703125,265.3999938964844,5226000
2025-08-21,250.5037384033203,255.64999389648438,258.6700134277344,254.32000732421875,256.0799865722656,2697300
2025-08-22,258.4211120605469,263.7300109863281,265.5,254.63999938964844,257.3500061035156,3796400
2025-08-25,253.658935546875,258.8699951171875,262.6499938964844,258.75,262.05999755859375,2336700
2025-08-26,253.1298065185547,258.3299865722656,258.760009765625,256.1400146484375,258.4700012207031,2865300
2025-08-27,253.4629669189453,258.6700134277344,260.6400146484375,258.0799865722656,258.8399963378906,2148700
2025-08-28,252.35572814941406,257.5400085449219,259.44000244140625,255.69000244140625,259.20001220703125,1779100
2025-08-29,252.865234375,258.05999755859375,258.80999755859375,255.9600067138672,257.7699890136719,2177600
2025-09-02,253.53155517578125,258.739990234375,259.010009765625,255.61000061035156,256.45001220703125,1783700
2025-09-03,255.43251037597656,260.67999267578125,261.3900146484375,257.0,257.45001220703125,2002400
2025-09-04,259.2442321777344,264.57000732421875,264.7099914550781,261.4700012207031,263.0400085449219,2258700
2025-09-05,264.5354919433594,269.9700012207031,270.67999267578125,265.2300109863281,267.3699951171875,4488200
2025-09-08,267.52410888671875,273.0199890136719,273.2200012207031,268.67999267578125,269.2099914550781,4464800
2025-09-09,263.6143798828125,269.0299987792969,272.2799987792969,267.6000061035156,272.2799987792969,3120500
2025-09-10,261.184326171875,266.54998779296875,269.0,265.0799865722656,268.4100036621094,1918300
2025-09-11,266.91656494140625,272.3999938964844,273.4100036621094,267.2099914550781,267.8399963378906,2253400
2025-09-12,266.3580322265625,271.8299865722656,272.6000061035156,269.5299987792969,270.05999755859375,2906300
2025-09-15,266.61279296875,272.0899963378906,272.6499938964844,269.1000061035156,271.4800109863281,2648100
2025-09-16,265.07440185546875,270.5199890136719,273.2699890136719,269.4100036621094,272.92999267578125,1940700
2025-09-17,262.55615234375,267.95001220703125,274.9800109863281,266.8599853515625,272.6000061035156,2854600
2025-09-18,262.183837890625,267.57000732421875,270.57000732421875,267.489990234375,269.07000732421875,2301700
2025-09-19,259.86151123046875,265.20001220703125,267.6300048828125,265.1099853515625,267.5299987792969,4079000
2025-09-22,255.1483612060547,260.3900146484375,265.4100036621094,260.3599853515625,265.0,3435300
2025-09-23,254.5800323486328,259.80999755859375,260.7799987792969,257.25,259.55999755859375,2972900
2025-09-24,252.14991760253906,257.3299865722656,259.510009765625,256.3399963378906,258.2900085449219,3156000
2025-09-25,250.38616943359375,255.52999877929688,257.42999267578125,254.1699981689453,254.9199981689453,2877900
2025-09-26,251.94415283203125,257.1199951171875,257.69000244140625,254.1999969482422,255.61000061035156,1923600
2025-09-29,248.22067260742188,253.32000732421875,257.3299865722656,250.72999572753906,257.1300048828125,3282100
2025-09-30,246.25112915039062,251.30999755859375,253.60000610351562,249.6300048828125,252.80999755859375,3114400
2025-10-01,242.99795532226562,247.99000549316406,251.25999450683594,246.4600067138672,251.11000061035156,3106500
2025-10-02,242.3512420654297,247.3300018310547,249.0,246.35000610351562,246.6300048828125,1951900
2025-10-03,241.39097595214844,246.35000610351562,247.72999572753906,245.52999877929688,246.55999755859375,2023600
2025-10-06,236.80516052246094,241.6699981689453,246.49000549316406,240.52999877929688,246.1199951171875,3307700
2025-10-07,235.06100463867188,239.88999938964844,241.33999633789062,237.9499969482422,241.11000061035156,2597400
2025-10-08,232.80731201171875,237.58999633789062,239.41000366210938,237.24000549316406,239.41000366210938,1995600
2025-10-09,229.94607543945312,234.6699981689453,237.9600067138672,234.47999572753906,237.60000610351562,2284800
2025-10-10,227.54541015625,232.22000122070312,236.1300048828125,231.61000061035156,235.35000610351562,2158600
2025-10-13,229.75990295410156,234.47999572753906,235.97999572753906,232.63999938964844,233.0,3072000
2025-10-14,235.90370178222656,240.75,241.74000549316406,233.22999572753906,233.9199981689453,3130200
2025-10-15,236.6680145263672,241.52999877929688,246.0800018310547,240.52000427246094,241.50999450683594,2569500
2025-10-16,238.20640563964844,243.10000610351562,243.1999969482422,240.44000244140625,242.33999633789062,2258700
2025-10-17,239.77418518066406,244.6999969482422,245.22000122070312,243.2100067138672,243.2100067138672,2549600
2025-10-20,237.3931121826172,242.27000427246094,246.10000610351562,242.25999450683594,244.97999572753906,2110500
2025-10-21,240.3327178955078,245.27000427246094,247.0,241.0,241.8800048828125,2056200
2025-10-22,239.8009796142578,243.52999877929688,246.13999938964844,242.52000427246094,244.27999877929688,2508200
2025-10-23,240.13577270507812,243.8699951171875,244.77999877929688,239.99000549316406,242.11000061035156,2234800
2025-10-24,238.99356079101562,242.7100067138672,246.02999877929688,242.7100067138672,245.33999633789062,1804000
2025-10-27,239.91912841796875,243.64999389648438,244.47000122070312,241.74000549316406,243.4499969482422,1939300
2025-10-28,240.33270263671875,244.07000732421875,246.6300048828125,242.08999633789062,242.25999450683594,1612900
2025-10-29,234.83816528320312,238.49000549316406,243.57000732421875,236.8699951171875,242.5,3121400
2025-10-30,236.14779663085938,239.82000732421875,243.32000732421875,237.00999450683594,238.07000732421875,2076700
2025-10-31,234.48367309570312,238.1300048828125,239.33999633789062,236.4499969482422,238.0800018310547,2404700
2025-11-03,232.03179931640625,235.63999938964844,237.32000732421875,232.97999572753906,236.41000366210938,2333700
2025-11-04,234.11932373046875,237.75999450683594,238.00999450683594,233.47000122070312,235.52000427246094,2632600
2025-11-05,230.7615509033203,234.35000610351562,238.1300048828125,231.6199951171875,236.5500030517578,2749600
2025-11-06,227.80747985839844,231.35000610351562,234.97000122070312,231.1199951171875,233.0800018310547,3272700
2025-11-07,229.5897674560547,233.16000366210938,234.17999267578125,231.1199951171875,231.83999633789062,3053800
2025-11-10,229.46176147460938,233.02999877929688,234.11000061035156,229.17999267578125,232.61000061035156,2588000
2025-11-11,231.7363739013672,235.33999633789062,236.86000061035156,233.67999267578125,233.75,1968100
2025-11-12,231.10618591308594,234.6999969482422,236.7100067138672,232.8800048828125,234.38999938964844,2587500
2025-11-13,227.92564392089844,231.47000122070312,236.64999389648438,230.91000366210938,234.4499969482422,3109000
2025-11-14,224.36106872558594,227.85000610351562,232.13999938964844,226.97000122070312,230.27000427246094,2691900
2025-11-17,221.55471801757812,225.0,228.77000427246094,224.9600067138672,227.1999969482422,4411500
2025-11-18,216.20787048339844,219.57000732421875,223.72000122070312,218.8000030517578,219.0500030517578,6260400
2025-11-19,224.91250610351562,228.41000366210938,232.97000122070312,224.25999450683594,230.00999450683594,7728900
2025-11-20,224.93218994140625,228.42999267578125,230.4499969482422,225.77999877929688,228.0800018310547,4769200
2025-11-21,230.7024688720703,234.2899932861328,236.55999755859375,228.9600067138672,230.5399932861328,6090000
2025-11-24,225.2571258544922,228.75999450683594,234.4600067138672,228.72999572753906,234.0,4212600
2025-11-25,234.45413208007812,238.10000610351562,238.91000366210938,230.2899932861328,230.72000122070312,3330300
2025-11-26,237.91036987304688,241.61000061035156,243.0500030517578,236.64999389648438,237.5,2303300
2025-11-28,238.7670440673828,242.47999572753906,243.02999877929688,240.8000030517578,241.58999633789062,1289900
2025-12-01,242.6171875,246.38999938964844,249.44000244140625,241.25999450683594,242.0,4083100
2025-12-02,239.4464874267578,243.1699981689453,247.22000122070312,242.60000610351562,246.30999755859375,3886100
2025-12-03,243.1587677001953,246.94000244140625,247.99000549316406,243.17999267578125,243.17999267578125,3275600
2025-12-04,242.4005584716797,246.1699981689453,248.16000366210938,245.0,246.60000610351562,4092800
2025-12-05,244.6653289794922,248.47000122070312,248.67999267578125,245.66000366210938,246.14999389648438,2642100
2025-12-08,241.07122802734375,244.82000732421875,248.10000610351562,244.82000732421875,247.11000061035156,3935000
2025-12-09,238.9541473388672,242.6699981689453,245.97999572753906,240.88999938964844,243.80999755859375,2865500
2025-12-10,242.4300994873047,246.1999969482422,248.44000244140625,242.3800048828125,242.80999755859375,4778900
2025-12-11,244.28131103515625,248.0800018310547,251.88999938964844,247.50999450683594,248.6300048828125,2832100
2025-12-12,243.50338745117188,247.2899932861328,250.72999572753906,245.92999267578125,249.14999389648438,2046900
2025-12-15,244.9705810546875,248.77999877929688,249.44000244140625,243.86000061035156,247.74000549316406,3108400
2025-12-16,242.6959686279297,246.47000122070312,250.97000122070312,246.0399932861328,250.2100067138672,2692000
2025-12-17,244.16314697265625,247.9600067138672,249.61000061035156,245.0800018310547,246.0,2030600
2025-12-18,243.91697692871094,247.7100067138672,254.0399932861328,247.4600067138672,250.75999450683594,2553400
2025-12-19,236.75828552246094,240.44000244140625,247.1300048828125,240.3300018310547,247.0399932861328,5458200
2025-12-22,238.36334228515625,242.07000732421875,242.75,239.6300048828125,240.5800018310547,1776600
2025-12-23,238.44210815429688,242.14999389648438,242.2100067138672,239.5399932861328,241.5,1863800
2025-12-24,239.27908325195312,243.0,243.97999572753906,241.33999633789062,241.75,787900
2025-12-26,240.7462921142578,244.49000549316406,244.7100067138672,242.3000030517578,242.72999572753906,1179700
2025-12-29,240.0963897705078,243.8300018310547,245.36000061035156,242.6300048828125,245.11000061035156,1597100
2025-12-30,239.45632934570312,243.17999267578125,243.63999938964844,241.0399932861328,242.63999938964844,1371400
2025-12-31,237.46728515625,241.16000366210938,243.38999938964844,241.02999877929688,242.41000366210938,1615200
2026-01-02,243.10952758789062,246.88999938964844,247.22999572753906,239.97000122070312,241.5,2595000
2026-01-05,241.00230407714844,244.75,247.8300018310547,243.9499969482422,245.0800018310547,2835800
2026-01-06,242.7156524658203,246.49000549316406,248.3000030517578,240.02000427246094,241.49000549316406,2573200
2026-01-07,243.33599853515625,247.1199951171875,256.79998779296875,247.10000610351562,251.8800048828125,2423300
2026-01-08,252.28680419921875,256.2099914550781,257.82000732421875,243.91000366210938,245.1300048828125,3163400
2026-01-09,263.1183776855469,267.2099914550781,268.04998779296875,259.1300048828125,259.95001220703125,4092100
2026-01-12,266.7420654296875,270.8900146484375,271.5299987792969,263.6099853515625,266.489990234375,3269500
2026-01-13,270.0505676269531,274.25,274.739990234375,270.3500061035156,273.1400146484375,2946600
2026-01-14,270.7398376464844,274.95001220703125,278.1000061035156,272.20001220703125,272.20001220703125,3207600
2026-01-15,272.7683410644531,277.010009765625,278.2099914550781,273.44000244140625,275.1499938964844,2620700
2026-01-16,273.300048828125,277.54998779296875,278.44000244140625,274.07000732421875,276.32000732421875,2915700
2026-01-20,264.2901611328125,268.3999938964844,275.239990234375,267.7699890136719,272.20001220703125,3956200
2026-01-21,274.09222412109375,277.1099853515625,278.3299865722656,267.010009765625,267.44000244140625,4022100
2026-01-22,271.95574951171875,274.95001220703125,281.3599853515625,274.8800048828125,277.3699951171875,2883500
2026-01-23,273.71636962890625,276.7300109863281,277.2900085449219,273.9800109863281,275.0,2204000
2026-01-26,274.883544921875,277.9100036621094,279.5,275.6199951171875,278.8299865722656,2021900
2026-01-27,270.956787109375,273.94000244140625,277.010009765625,272.32000732421875,277.010009765625,2492900
2026-01-28,266.4859924316406,269.4200134277344,274.0,268.05999755859375,273.7200012207031,2952400
2026-01-29,263.73626708984375,266.6400146484375,270.9800109863281,265.7099914550781,268.7099914550781,3264700
2026-01-30,264.15167236328125,267.05999755859375,267.55999755859375,262.6700134277344,266.05999755859375,3199300
2026-02-02,266.1299133300781,269.05999755859375,270.3299865722656,262.69000244140625,266.6600036621094,2763400
2026-02-03,271.85687255859375,274.8500061035156,280.510009765625,267.6099853515625,267.94000244140625,3450200
2026-02-04,272.845947265625,275.8500061035156,280.1700134277344,273.2900085449219,276.32000732421875,2774000
2026-02-05,271.8964538574219,274.8900146484375,277.0799865722656,272.239990234375,275.6400146484375,2683500
2026-02-06,275.3484191894531,278.3800048828125,279.6700134277344,275.0199890136719,276.5799865722656,2211800
2026-02-09,273.8746643066406,276.8900146484375,279.0,274.45001220703125,278.3299865722656,2471100
2026-02-10,281.5699157714844,284.6700134277344,285.7300109863281,277.3800048828125,279.0,2820200
2026-02-11,283.9140930175781,287.0400085449219,287.3399963378906,280.7799987792969,282.3900146484375,2945200
2026-02-12,282.4205322265625,285.5299987792969,293.05999755859375,285.07000732421875,289.3900146484375,3659400
2026-02-13,284.26031494140625,287.3900146484375,289.8699951171875,282.1499938964844,285.4200134277344,2241800
2026-02-17,278.09814453125,281.1600036621094,289.8599853515625,278.25,287.0299987792969,2305000
2026-02-18,279.05755615234375,282.1300048828125,283.8699951171875,278.0,280.4200134277344,2018700
2026-02-19,275.15057373046875,278.17999267578125,282.1099853515625,276.7300109863281,281.44000244140625,1997000
2026-02-20,277.3068542480469,280.3599853515625,283.80999755859375,276.8699951171875,277.6700134277344,2810000
2026-02-23,271.3721618652344,274.3599853515625,281.9800109863281,272.3399963378906,280.760009765625,3058100
2026-02-24,275.5561218261719,278.5899963378906,281.1700134277344,277.0899963378906,278.1099853515625,3284700
2026-02-25,260.1556701660156,263.0199890136719,274.19000244140625,262.55999755859375,266.25,5565700
2026-02-26,261.5107727050781,264.3900146484375,266.1499938964844,261.94000244140625,263.3399963378906,3428200
2026-02-27,261.6888122558594,264.57000732421875,265.5,260.1000061035156,261.69000244140625,3252500
2026-03-02,254.36940002441406,257.1700134277344,261.45001220703125,256.19000244140625,260.0,3023800
2026-03-03,254.89361572265625,257.70001220703125,258.9800109863281,251.3000030517578,253.47999572753906,2758300
2026-03-04,255.8035888671875,258.6199951171875,258.9100036621094,255.49000549316406,258.010009765625,2174900
2026-03-05,251.93618774414062,254.7100067138672,257.0199890136719,252.6300048828125,256.3999938964844,2270400
2026-03-06,249.14688110351562,251.88999938964844,252.97999572753906,248.11000061035156,250.55999755859375,3126800
2026-03-09,247.49508666992188,250.22000122070312,251.4499969482422,243.58999633789062,250.1199951171875,2896300
2026-03-10,248.37538146972656,251.11000061035156,254.61000061035156,247.32000732421875,248.9199981689453,2092000
2026-03-11,244.1914520263672,246.8800048828125,251.36000061035156,246.25999450683594,250.07000732421875,1895800
2026-03-12,236.8423614501953,239.4499969482422,245.8699951171875,238.82000732421875,244.24000549316406,3008800
2026-03-13,235.00262451171875,237.58999633789062,241.82000732421875,236.99000549316406,240.85000610351562,2755000
2026-03-16,239.473388671875,242.11000061035156,243.9499969482422,239.38999938964844,240.7100067138672,2315300
2026-03-17,237.0995330810547,239.7100067138672,244.0,239.52000427246094,242.44000244140625,1969000
2026-03-18,228.57339477539062,231.08999633789062,238.77999877929688,230.35000610351562,237.0800018310547,2742800
2026-03-19,227.2084503173828,229.7100067138672,230.77000427246094,226.1699981689453,230.4600067138672,4129000
2026-03-20,222.1837615966797,224.6300048828125,229.86000061035156,224.14999389648438,229.24000549316406,3644000
2026-03-23,231.69898986816406,234.25,236.75,230.16000366210938,231.55999755859375,3830500
2026-03-24,231.8770294189453,234.42999267578125,235.1699981689453,228.4499969482422,230.36000061035156,2133400
2026-03-25,233.6079559326172,236.17999267578125,238.7899932861328,233.3800048828125,237.33999633789062,2322800
2026-03-26,233.45960998535156,236.02999877929688,238.52999877929688,233.8699951171875,234.1699981689453,2113600
2026-03-27,227.80189514160156,230.30999755859375,235.8800048828125,229.2899932861328,235.2899932861328,2999800
2026-03-30,230.04718017578125,232.5800018310547,234.22000122070312,231.1199951171875,232.74000549316406,2905400
2026-03-31,233.70687866210938,236.27999877929688,238.77999877929688,232.44000244140625,236.57000732421875,2636400
2026-04-01,233.41015625,235.97999572753906,238.4600067138672,235.05999755859375,236.75999450683594,2378500
2026-04-02,228.51405334472656,231.02999877929688,235.50999450683594,228.0,231.1300048828125,2760200
2026-04-06,232.63864135742188,235.1999969482422,235.75999450683594,228.8800048828125,229.8000030517578,1949800
2026-04-07,229.08773803710938,231.61000061035156,233.85000610351562,229.32000732421875,232.7899932861328,2522400
2026-04-08,241.0065155029297,243.66000366210938,247.0,242.61000061035156,244.36000061035156,2539900
2026-04-09,245.111328125,247.80999755859375,248.99000549316406,238.17999267578125,241.0,2283300
2026-04-10,241.5604248046875,244.22000122070312,249.25,243.63999938964844,248.4600067138672,1840200
2026-04-13,244.3892822265625,247.0800018310547,247.27999877929688,241.22999572753906,243.83999633789062,2484100
2026-04-14,245.73446655273438,248.44000244140625,248.67999267578125,244.55999755859375,246.8800048828125,1959500
2026-04-15,241.33291625976562,243.99000549316406,248.44000244140625,242.8699951171875,247.8000030517578,1757500
2026-04-16,239.78001403808594,242.4199981689453,245.8000030517578,241.75999450683594,243.8300018310547,2374300
2026-04-17,248.97874450683594,251.72000122070312,255.52000427246094,246.2899932861328,246.2899932861328,3773400
2026-04-20,250.53164672851562,253.2899932861328,254.64999389648438,248.00999450683594,250.8000030517578,3852000
2026-04-21,248.4545135498047,251.19000244140625,257.1000061035156,250.6699981689453,254.1699981689453,2493200
2026-04-22,243.68399047851562,245.19000244140625,252.02000427246094,243.75999450683594,252.02000427246094,2256000
2026-04-23,245.02569580078125,246.5399932861328,247.6199951171875,244.02000427246094,244.86000061035156,1775800
2026-04-24,242.9485321044922,244.4499969482422,247.27000427246094,243.1300048828125,245.1300048828125,2098400
2026-04-27,241.06021118164062,242.5500030517578,246.8800048828125,242.10000610351562,243.35000610351562,2854400
2026-04-28,238.8439178466797,240.32000732421875,245.5,238.99000549316406,244.0500030517578,1701000
2026-04-29,232.0657958984375,233.5,238.42999267578125,231.27000427246094,237.8800048828125,3205400
2026-04-30,237.32330322265625,238.7899932861328,239.27000427246094,233.89999389648438,234.47999572753906,2958900
2026-05-01,231.89683532714844,233.3300018310547,239.1699981689453,233.07000732421875,238.35000610351562,1879500
2026-05-04,222.3458709716797,223.72000122070312,232.49000549316406,223.60000610351562,231.6300048828125,3578500
2026-05-05,223.84658813476562,225.22999572753906,227.8699951171875,223.0,224.5,2745000
2026-05-06,231.93658447265625,233.3699951171875,234.02999877929688,228.94000244140625,230.50999450683594,3095200
2026-05-07,229.46189880371094,230.8800048828125,235.60000610351562,230.50999450683594,233.22000122070312,2174900
2026-05-08,227.79220581054688,229.1999969482422,232.9600067138672,228.14999389648438,232.9600067138672,1746300
2026-05-11,224.67149353027344,226.05999755859375,229.0,224.5,228.0,1948600
2026-05-12,223.14096069335938,224.52000427246094,229.10000610351562,224.1300048828125,228.9600067138672,3269900
2026-05-13,219.095947265625,220.4499969482422,223.17999267578125,218.08999633789062,223.0,3080200
2026-05-14,222.23654174804688,223.61000061035156,224.22000122070312,221.22999572753906,222.77999877929688,2142200
2026-05-15,217.0784149169922,218.4199981689453,222.52000427246094,218.22000122070312,222.30999755859375,3019300
2026-05-18,216.68087768554688,218.02000427246094,222.64999389648438,217.3300018310547,218.4199981689453,3713800
2026-05-19,217.02871704101562,218.3699951171875,220.0500030517578,213.5,216.00999450683594,3343900
2026-05-20,219.69227600097656,221.0500030517578,221.5399932861328,208.0,213.97999572753906,6111600
2026-05-21,216.0746307373047,217.41000366210938,219.44000244140625,214.57000732421875,217.75,3267000
2026-05-22,213.70924377441406,215.02999877929688,217.22000122070312,213.57000732421875,217.22000122070312,2801300
2026-05-26,210.77735900878906,212.0800018310547,217.30999755859375,211.0500030517578,215.97999572753906,3714400
2026-05-27,215.50811767578125,216.83999633789062,220.33999633789062,214.6300048828125,215.07000732421875,3051400
2026-05-28,216.5814971923828,217.9199981689453,218.50999450683594,214.5,217.0,2127200
2026-05-29,213.04336547851562,214.36000061035156,219.07000732421875,214.14999389648438,217.02999877929688,3623300
2026-06-01,206.42425537109375,207.6999969482422,213.9499969482422,207.5500030517578,213.0,3304600
2026-06-02,205.3707733154297,206.63999938964844,208.5,204.50999450683594,208.05999755859375,2959900
2026-06-03,206.37457275390625,207.64999389648438,207.85000610351562,203.39999389648438,203.57000732421875,3873500
2026-06-04,206.25531005859375,207.52999877929688,213.1300048828125,206.88999938964844,212.22999572753906,3173700
2026-06-05,209.4456024169922,210.74000549316406,211.86000061035156,207.4499969482422,208.0,2423900
2026-06-08,206.69261169433594,207.97000122070312,212.39999389648438,207.91000366210938,208.77000427246094,2342900
2026-06-09,216.0348663330078,217.3699951171875,217.39999389648438,208.6999969482422,209.25999450683594,3779800
2026-06-10,214.86212158203125,216.19000244140625,218.5,214.77999877929688,217.88999938964844,2656200
2026-06-11,219.69227600097656,221.0500030517578,221.64999389648438,215.6999969482422,216.50999450683594,2705300
2026-06-12,219.42391967773438,220.77999877929688,223.55999755859375,219.27999877929688,222.77000427246094,2434300
2026-06-15,218.83755493164062,220.19000244140625,226.1999969482422,219.99000549316406,225.0,2860900
2026-06-16,222.64402770996094,224.02000427246094,225.4600067138672,221.55999755859375,221.89999389648438,2156500
2026-06-17,215.93548583984375,217.27000427246094,227.32000732421875,216.4600067138672,222.97000122070312,3888800
2026-06-18,220.835205078125,222.1999969482422,224.82000732421875,219.49000549316406,219.49000549316406,6813300
2026-06-22,213.08309936523438,214.39999389648438,219.0800018310547,213.89999389648438,217.5,3169200
2026-06-23,212.2283935546875,213.5399932861328,216.5,212.13999938964844,213.85000610351562,2766400
2026-06-24,220.08981323242188,221.4499969482422,222.89999389648438,215.33999633789062,215.77999877929688,3183200
2026-06-25,220.5668487548828,221.92999267578125,226.3300018310547,220.11000061035156,221.57000732421875,3063700
2026-06-26,221.1134796142578,222.47999572753906,224.25999450683594,220.97999572753906,222.5399932861328,3337700
2026-06-29,218.3008575439453,219.64999389648438,221.7899932861328,219.0500030517578,221.22000122070312,2372900
2026-06-30,219.13571166992188,220.49000549316406,221.0,216.60000610351562,219.69000244140625,3015900
2026-07-01,220.55691528320312,221.9199981689453,226.49000549316406,220.6999969482422,222.75999450683594,2864300
2026-07-02,226.10264587402344,227.5,227.5,221.17999267578125,223.52000427246094,2332500
2026-07-06,222.40550231933594,223.77999877929688,228.80999755859375,218.55999755859375,228.0,2479400
2026-07-07,219.54318237304688,220.89999389648438,226.58999633789062,219.35000610351562,226.5800018310547,2074500
2026-07-08,211.54263305664062,212.85000610351562,217.0800018310547,212.33999633789062,217.0800018310547,2994700
2026-07-09,211.69171142578125,213.0,215.1699981689453,212.0800018310547,213.32000732421875,1704300
2026-07-10,210.3301239013672,211.6300048828125,214.82000732421875,211.41000366210938,213.1199951171875,2166100
2026-07-13,206.42425537109375,207.6999969482422,213.66000366210938,206.75999450683594,212.99000549316406,4265100
2026-07-14,206.40438842773438,207.67999267578125,210.8000030517578,207.5500030517578,209.30999755859375,3032700
2026-07-15,208.37222290039062,209.66000366210938,212.16000366210938,207.5399932861328,207.77000427246094,2993400
2026-07-16,214.83230590820312,216.16000366210938,216.22999572753906,209.60000610351562,209.60000610351562,4230600
2026-07-17,207.44793701171875,208.72999572753906,220.49000549316406,208.4199981689453,217.9499969482422,3475900
2026-07-20,203.45263671875,204.7100067138672,210.0,203.6199951171875,209.55999755859375,3266000
2026-07-21,202.25999450683594,203.50999450683594,204.99000549316406,201.8800048828125,203.9199981689453,3390000
2026-07-22,204.35000610351562,204.35000610351562,205.07000732421875,202.2100067138672,203.5,3248100
2026-07-23,201.9199981689453,201.9199981689453,203.0,199.39999389648438,201.75,4132200
2026-07-24,207.63999938964844,207.63999938964844,207.8300018310547,201.9600067138672,202.60000610351562,3427800
