Date,Adj Close,Close,High,Low,Open,Volume
2015-01-02,32.432193756103516,45.81999969482422,45.935001373291016,44.775001525878906,44.775001525878906,5359400
2015-01-05,31.529722213745117,44.54499816894531,45.650001525878906,43.92499923706055,45.42499923706055,10492800
2015-01-06,31.218273162841797,44.10499954223633,45.165000915527344,43.61000061035156,44.564998626708984,5604600
2015-01-07,31.47665023803711,44.470001220703125,44.81999969482422,43.81999969482422,44.81999969482422,7012000
2015-01-08,32.21632385253906,45.51499938964844,45.744998931884766,44.75,44.98500061035156,7000200
2015-01-09,31.317378997802734,44.244998931884766,45.584999084472656,44.18000030517578,45.435001373291016,5370600
2015-01-12,30.23087501525879,42.709999084472656,44.07500076293945,42.505001068115234,43.724998474121094,8258200
2015-01-13,28.617055892944336,40.43000030517578,43.21500015258789,40.11000061035156,42.470001220703125,12575200
2015-01-14,27.473941802978516,38.814998626708984,40.02000045776367,37.97999954223633,40.005001068115234,14329400
2015-01-15,27.19788360595703,38.42499923706055,39.119998931884766,37.619998931884766,38.98500061035156,9460400
2015-01-16,27.449159622192383,38.779998779296875,39.345001220703125,38.52000045776367,38.61000061035156,9135800
2015-01-20,28.46134376525879,40.209999084472656,40.369998931884766,38.72999954223633,38.72999954223633,7446200
2015-01-21,28.648910522460938,40.474998474121094,40.875,40.0099983215332,40.23500061035156,7159200
2015-01-22,29.71772003173828,41.98500061035156,42.1349983215332,40.474998474121094,40.849998474121094,7920400
2015-01-23,30.846683502197266,43.58000183105469,44.25,41.78499984741211,42.084999084472656,9278000
2015-01-26,31.211214065551758,44.095001220703125,44.28499984741211,43.57500076293945,43.57500076293945,6269200
2015-01-27,31.384632110595703,44.34000015258789,44.46500015258789,43.685001373291016,43.744998931884766,4695800
2015-01-28,31.60051918029785,44.64500045776367,45.28499984741211,43.94499969482422,44.5,8432200
2015-01-29,31.855327606201172,45.005001068115234,45.619998931884766,44.095001220703125,45.154998779296875,5209200
2015-01-30,32.76841354370117,46.29499816894531,46.69499969482422,44.404998779296875,44.5099983215332,9757800
2015-02-02,33.246185302734375,46.970001220703125,46.994998931884766,45.48500061035156,46.42499923706055,6282800
2015-02-03,33.91153335571289,47.90999984741211,47.90999984741211,46.63999938964844,47.040000915527344,8428600
2015-02-04,34.042484283447266,48.095001220703125,48.60499954223633,47.17499923706055,48.005001068115234,9119600
2015-02-05,34.43531799316406,48.650001525878906,49.125,48.10499954223633,48.470001220703125,6988400
2015-02-06,34.99449157714844,49.439998626708984,49.959999084472656,48.39500045776367,48.66999816894531,9894200
2015-02-09,35.45103454589844,50.084999084472656,50.224998474121094,49.11000061035156,49.33000183105469,8388200
2015-02-10,36.162391662597656,51.09000015258789,51.30500030517578,49.3849983215332,50.2400016784668,9031600
2015-02-11,35.71647262573242,50.459999084472656,50.994998931884766,50.095001220703125,50.599998474121094,5344400
2015-02-12,35.88634490966797,50.70000076293945,50.970001220703125,50.099998474121094,50.935001373291016,6356200
2015-02-13,36.803955078125,51.7400016784668,51.775001525878906,50.69499969482422,50.880001068115234,5890600
2015-02-17,36.92487716674805,51.90999984741211,52.30500030517578,50.875,51.6349983215332,6645800
2015-02-18,37.21296310424805,52.314998626708984,52.349998474121094,51.25,51.66999816894531,4855800
2015-02-19,37.575748443603516,52.82500076293945,52.935001373291016,51.8849983215332,52.07500076293945,5253800
2015-02-20,37.54728698730469,52.78499984741211,53.474998474121094,52.15999984741211,52.83000183105469,6478600
2015-02-23,37.824710845947266,53.17499923706055,54.064998626708984,52.57500076293945,52.76499938964844,5051000
2015-02-24,37.4085807800293,52.59000015258789,53.39500045776367,52.07500076293945,53.32500076293945,5082400
2015-02-25,37.223636627197266,52.33000183105469,53.2400016784668,51.970001220703125,52.69499969482422,5200000
2015-02-26,38.07011032104492,53.52000045776367,54.15999984741211,52.35499954223633,52.35499954223633,6895400
2015-02-27,37.34455108642578,52.5,54.10499954223633,52.474998474121094,53.560001373291016,4386200
2015-03-02,36.19932556152344,50.88999938964844,52.04499816894531,50.630001068115234,52.04499816894531,9264000
2015-03-03,36.55144500732422,51.3849983215332,51.834999084472656,50.92499923706055,51.310001373291016,7101000
2015-03-04,36.281131744384766,51.005001068115234,51.505001068115234,50.439998626708984,51.0,5459200
2015-03-05,36.18865203857422,50.875,51.529998779296875,50.84000015258789,51.18000030517578,3759600
2015-03-06,35.029197692871094,49.244998931884766,51.30500030517578,49.185001373291016,50.505001068115234,4593600
2015-03-09,35.484458923339844,49.8849983215332,50.94499969482422,49.349998474121094,49.54499816894531,5025800
2015-03-10,34.186283111572266,48.060001373291016,49.375,48.0,49.36000061035156,6255000
2015-03-11,34.453033447265625,48.435001373291016,48.76499938964844,47.779998779296875,48.18000030517578,5476400
2015-03-12,34.02622604370117,47.834999084472656,49.57500076293945,47.73500061035156,48.94499969482422,4567200
2015-03-13,34.2147331237793,48.099998474121094,48.650001525878906,47.7400016784668,48.2599983215332,4498200
2015-03-16,34.87626647949219,49.029998779296875,49.060001373291016,47.14500045776367,47.82500076293945,4739200
2015-03-17,34.762447357177734,48.869998931884766,48.974998474121094,48.0,48.5099983215332,3544400
2015-03-18,35.92546463012695,50.505001068115234,50.70500183105469,48.665000915527344,48.75,5108200
2015-03-19,35.58759307861328,50.029998779296875,50.32500076293945,49.75,50.07500076293945,3166000
2015-03-20,36.37004470825195,51.130001068115234,51.41999816894531,50.0,50.255001068115234,7781200
2015-03-23,36.42695617675781,51.209999084472656,51.900001525878906,51.185001373291016,51.33000183105469,5235800
2015-03-24,36.170875549316406,50.849998474121094,51.630001068115234,50.75,51.040000915527344,3938800
2015-03-25,36.661678314208984,51.540000915527344,52.43000030517578,51.349998474121094,51.400001525878906,6384600
2015-03-26,35.87922286987305,50.439998626708984,51.96500015258789,50.3650016784668,51.8650016784668,4386400
2015-03-27,35.441768646240234,49.82500076293945,50.790000915527344,49.6349983215332,50.70500183105469,4887400
2015-03-30,36.597660064697266,51.45000076293945,51.53499984741211,50.20500183105469,50.20500183105469,4501000
2015-03-31,36.41627883911133,51.19499969482422,52.03499984741211,50.845001220703125,51.060001373291016,5779200
2015-04-01,36.19221496582031,50.880001068115234,51.81999969482422,50.665000915527344,51.380001068115234,5426800
2015-04-02,34.5277099609375,48.540000915527344,51.025001525878906,48.44499969482422,50.814998626708984,8617000
2015-04-06,35.04697799682617,49.27000045776367,49.81999969482422,48.47999954223633,48.814998626708984,5108200
2015-04-07,34.940277099609375,49.119998931884766,49.595001220703125,48.619998931884766,49.494998931884766,5944400
2015-04-08,35.082557678222656,49.31999969482422,49.994998931884766,49.16999816894531,49.720001220703125,4358800
2015-04-09,35.516448974609375,49.93000030517578,50.16999816894531,49.01499938964844,49.33000183105469,5468000
2015-04-10,35.71562194824219,50.209999084472656,50.2599983215332,49.73500061035156,50.04499816894531,2708000
2015-04-13,34.573951721191406,48.60499954223633,50.334999084472656,48.404998779296875,50.15999984741211,7489000
2015-04-14,34.8691520690918,49.02000045776367,49.334999084472656,48.61000061035156,48.91999816894531,6153400
2015-04-15,34.86559295654297,49.01499938964844,49.98500061035156,48.970001220703125,49.2599983215332,5412400
2015-04-16,35.56624984741211,50.0,50.345001220703125,48.84000015258789,49.0,6300400
2015-04-17,35.11100387573242,49.36000061035156,50.1349983215332,49.1150016784668,49.814998626708984,5224600
2015-04-20,35.32795333862305,49.665000915527344,50.29499816894531,49.33000183105469,49.65999984741211,4473200
2015-04-21,35.56980895996094,50.005001068115234,50.165000915527344,49.5099983215332,49.68000030517578,3214200
2015-04-22,36.32380294799805,51.064998626708984,51.09000015258789,50.04999923706055,50.29499816894531,4482600
2015-04-23,36.16731643676758,50.845001220703125,51.2400016784668,50.275001525878906,51.099998474121094,3613200
2015-04-24,36.68659210205078,51.57500076293945,51.71500015258789,50.650001525878906,50.650001525878906,4212200
2015-04-27,36.61188888549805,51.470001220703125,52.040000915527344,51.380001068115234,51.904998779296875,4899400
2015-04-28,36.45896530151367,51.255001068115234,51.744998931884766,51.064998626708984,51.31999969482422,3160400
2015-04-29,36.46607208251953,51.26499938964844,51.935001373291016,50.790000915527344,51.685001373291016,4841200
2015-04-30,35.057655334472656,49.28499984741211,52.279998779296875,48.875,52.099998474121094,10060400
2015-05-01,36.5123176574707,51.33000183105469,51.595001220703125,49.32500076293945,49.494998931884766,5698400
2015-05-04,36.01082229614258,50.625,51.599998474121094,50.54499816894531,51.21500015258789,4090800
2015-05-05,36.217105865478516,50.915000915527344,51.14500045776367,50.57500076293945,50.849998474121094,3847800
2015-05-06,35.92901611328125,50.5099983215332,51.459999084472656,49.875,51.39500045776367,4899400
2015-05-07,36.522972106933594,51.345001220703125,51.73500061035156,49.970001220703125,50.5,4755600
2015-05-08,37.3018913269043,52.439998626708984,52.7599983215332,50.849998474121094,51.52000045776367,5191200
2015-05-11,36.377159118652344,51.13999938964844,53.06999969482422,50.720001220703125,53.0099983215332,4492600
2015-05-12,36.039283752441406,50.665000915527344,51.099998474121094,50.310001373291016,51.099998474121094,3628400
2015-05-13,36.377159118652344,51.13999938964844,51.345001220703125,50.71500015258789,51.0099983215332,2999600
2015-05-14,37.24142074584961,52.35499954223633,52.48500061035156,51.28499984741211,51.349998474121094,3743400
2015-05-15,36.79328155517578,51.724998474121094,52.30500030517578,51.224998474121094,52.279998779296875,3199400
2015-05-18,37.265045166015625,52.1349983215332,52.2400016784668,51.21500015258789,51.595001220703125,2567800
2015-05-19,37.2614631652832,52.130001068115234,52.244998931884766,51.40999984741211,51.40999984741211,3442600
2015-05-20,37.286495208740234,52.165000915527344,52.474998474121094,51.7400016784668,52.380001068115234,3563200
2015-05-21,37.04703140258789,51.83000183105469,52.41999816894531,51.7599983215332,52.150001525878906,4210200
2015-05-22,36.83973693847656,51.540000915527344,52.279998779296875,51.435001373291016,51.63999938964844,4338000
2015-05-26,35.896244049072266,50.220001220703125,51.4900016784668,49.845001220703125,51.349998474121094,6473000
2015-05-27,36.08208084106445,50.47999954223633,51.095001220703125,50.14500045776367,50.70500183105469,4688800
2015-05-28,36.72895812988281,51.3849983215332,51.540000915527344,50.18000030517578,50.45500183105469,3650800
2015-05-29,36.97555160522461,51.72999954223633,52.5,51.244998931884766,51.4900016784668,5635200
2015-06-01,37.007728576660156,51.775001525878906,52.45000076293945,51.58000183105469,51.58000183105469,4692800
2015-06-02,36.821861267089844,51.51499938964844,51.88999938964844,50.95000076293945,51.70000076293945,3849200
2015-06-03,36.525230407714844,51.099998474121094,51.595001220703125,50.81999969482422,51.35499954223633,5167200
2015-06-04,35.85691833496094,50.165000915527344,50.9900016784668,49.97999954223633,50.665000915527344,6044400
2015-06-05,36.06778335571289,50.459999084472656,50.75,49.97999954223633,50.07500076293945,5814000
2015-06-08,35.90338134765625,50.22999954223633,51.07500076293945,50.13999938964844,50.404998779296875,3041800
2015-06-09,35.49953079223633,49.665000915527344,50.619998931884766,49.654998779296875,50.39500045776367,4973800
2015-06-10,36.378719329833984,50.89500045776367,51.119998931884766,49.90999984741211,49.90999984741211,4799600
2015-06-11,37.18999099731445,52.029998779296875,52.45000076293945,50.91999816894531,51.20000076293945,4141700
2015-06-12,36.47521209716797,51.029998779296875,51.689998626708984,50.400001525878906,51.689998626708984,4201700
2015-06-15,36.49665832519531,51.060001373291016,51.20000076293945,50.5,50.619998931884766,3648800
2015-06-16,36.58958053588867,51.189998626708984,51.400001525878906,50.470001220703125,50.93000030517578,3049600
2015-06-17,36.66819763183594,51.29999923706055,52.45000076293945,50.61000061035156,51.599998474121094,4327200
2015-06-18,37.12565231323242,51.939998626708984,52.5099983215332,51.369998931884766,51.54999923706055,3742900
2015-06-19,37.097068786621094,51.900001525878906,52.779998779296875,51.7400016784668,51.79999923706055,4295600
2015-06-22,37.08991241455078,51.88999938964844,52.209999084472656,51.540000915527344,52.15999984741211,2555400
2015-06-23,37.304359436035156,52.189998626708984,52.4900016784668,51.689998626708984,51.959999084472656,4048400
2015-06-24,36.9398193359375,51.68000030517578,52.599998474121094,51.65999984741211,52.08000183105469,3531400
2015-06-25,36.76827621459961,51.439998626708984,52.029998779296875,51.029998779296875,51.779998779296875,2812700
2015-06-26,37.147098541259766,51.970001220703125,52.27000045776367,51.16999816894531,51.22999954223633,9232200
2015-06-29,36.34654235839844,50.849998474121094,51.91999816894531,50.79999923706055,51.189998626708984,2832500
2015-06-30,37.390140533447266,52.310001373291016,52.869998931884766,51.31999969482422,51.349998474121094,3946700
2015-07-01,38.43370819091797,53.77000045776367,54.36000061035156,52.40999984741211,52.779998779296875,7556800
2015-07-02,38.60525894165039,54.0099983215332,54.7400016784668,53.79999923706055,53.880001068115234,3549800
2015-07-06,39.14133834838867,54.7599983215332,55.31999969482422,53.41999816894531,53.439998626708984,4622000
2015-07-07,39.698856353759766,55.540000915527344,55.900001525878906,53.900001525878906,54.939998626708984,6941600
2015-07-08,38.57666015625,53.970001220703125,55.529998779296875,53.79999923706055,55.400001525878906,3632800
2015-07-09,38.154937744140625,53.380001068115234,54.709999084472656,53.22999954223633,54.68000030517578,5963200
2015-07-10,38.94834518432617,54.4900016784668,54.65999984741211,53.810001373291016,53.869998931884766,4473800
2015-07-13,42.01474380493164,58.779998779296875,60.380001068115234,58.29999923706055,59.33000183105469,14320800
2015-07-14,42.02189636230469,58.790000915527344,59.5099983215332,58.220001220703125,58.93000030517578,7000600
2015-07-15,41.106971740722656,57.5099983215332,58.88999938964844,57.25,58.47999954223633,5316100
2015-07-16,41.800315856933594,58.47999954223633,58.59000015258789,57.619998931884766,57.9900016784668,5930000
2015-07-17,41.87179183959961,58.58000183105469,58.61000061035156,57.5,58.220001220703125,4507200
2015-07-20,41.12126922607422,57.529998779296875,59.04999923706055,57.43000030517578,58.61000061035156,4103500
2015-07-21,40.84966278076172,57.150001525878906,58.150001525878906,56.709999084472656,57.5099983215332,3330400
2015-07-22,40.79248046875,57.06999969482422,57.9900016784668,56.77000045776367,57.150001525878906,4207300
2015-07-23,40.26354217529297,56.33000183105469,57.4900016784668,56.189998626708984,57.09000015258789,4170000
2015-07-24,40.25639343261719,56.31999969482422,56.790000915527344,55.5099983215332,56.4900016784668,5449000
2015-07-27,38.92689895629883,54.459999084472656,55.63999938964844,54.06999969482422,55.290000915527344,8150900
2015-07-28,38.96263885498047,54.5099983215332,54.93000030517578,53.790000915527344,54.5,6126100
2015-07-29,39.89186096191406,55.810001373291016,55.939998626708984,54.22999954223633,54.70000076293945,6782300
2015-07-30,38.55521774291992,53.939998626708984,54.630001068115234,52.75,53.2599983215332,8237400
2015-07-31,39.07700729370117,54.66999816894531,55.13999938964844,53.83000183105469,54.0,6042900
2015-08-03,38.02629089355469,53.20000076293945,55.189998626708984,53.099998474121094,54.72999954223633,6816000
2015-08-04,37.304359436035156,52.189998626708984,53.54999923706055,51.91999816894531,53.27000045776367,6719300
2015-08-05,36.9398193359375,51.68000030517578,53.20000076293945,51.59000015258789,52.529998779296875,6923700
2015-08-06,37.2757682800293,52.150001525878906,52.34000015258789,51.099998474121094,51.810001373291016,6241700
2015-08-07,36.57526779174805,51.16999816894531,52.41999816894531,51.11000061035156,51.7400016784668,5200100
2015-08-10,38.06916427612305,53.2599983215332,53.56999969482422,51.650001525878906,52.209999084472656,4898000
2015-08-11,39.9276008605957,55.86000061035156,55.91999816894531,52.2599983215332,52.369998931884766,7974900
2015-08-12,41.31425857543945,57.79999923706055,58.06999969482422,54.88999938964844,55.63999938964844,8110900
2015-08-13,40.73529052734375,56.9900016784668,58.27000045776367,56.61000061035156,57.540000915527344,4881400
2015-08-14,39.78464126586914,55.65999984741211,57.119998931884766,55.189998626708984,56.75,4516400
2015-08-17,40.1656608581543,55.869998931884766,56.29999923706055,54.77000045776367,55.060001373291016,2646400
2015-08-18,39.885276794433594,55.47999954223633,55.88999938964844,54.83000183105469,55.560001373291016,2965600
2015-08-19,39.18075180053711,54.5,55.560001373291016,53.75,55.38999938964844,4168400
2015-08-20,38.31085968017578,53.290000915527344,54.810001373291016,53.25,54.189998626708984,4835700
2015-08-21,34.78099822998047,48.380001068115234,52.08000183105469,48.380001068115234,51.86000061035156,12564700
2015-08-24,32.940582275390625,45.81999969482422,46.41999816894531,43.529998779296875,44.5,13158000
2015-08-25,31.46682357788086,43.77000045776367,47.72999954223633,43.70000076293945,47.47999954223633,8947400
2015-08-26,32.72491455078125,45.52000045776367,45.599998474121094,43.41999816894531,45.09000015258789,10292600
2015-08-27,33.551666259765625,46.66999816894531,47.220001220703125,45.290000915527344,46.349998474121094,7755100
2015-08-28,33.94707489013672,47.220001220703125,47.77000045776367,46.720001220703125,46.720001220703125,7196700
2015-08-31,34.01176452636719,47.310001373291016,48.09000015258789,46.43000030517578,47.27000045776367,7783900
2015-09-01,33.11312484741211,46.060001373291016,46.90999984741211,45.689998626708984,46.20000076293945,6551700
2015-09-02,33.652313232421875,46.810001373291016,46.869998931884766,45.38999938964844,46.68000030517578,4970500
2015-09-03,33.77452087402344,46.97999954223633,47.970001220703125,46.720001220703125,47.02000045776367,5438000
2015-09-04,33.314414978027344,46.34000015258789,46.95000076293945,46.11000061035156,46.2400016784668,3597200
2015-09-08,34.306522369384766,47.720001220703125,47.81999969482422,46.59000015258789,46.619998931884766,4154200
2015-09-09,34.112422943115234,47.45000076293945,48.959999084472656,47.36000061035156,48.04999923706055,5960300
2015-09-10,34.62284469604492,48.15999984741211,48.61000061035156,47.220001220703125,47.58000183105469,5334600
2015-09-11,34.41434860229492,47.869998931884766,47.91999816894531,46.810001373291016,47.66999816894531,3643800
2015-09-14,33.44382858276367,46.52000045776367,47.7400016784668,46.369998931884766,47.709999084472656,4081000
2015-09-15,33.96863555908203,47.25,47.38999938964844,46.20000076293945,46.59000015258789,3755400
2015-09-16,33.551666259765625,46.66999816894531,47.459999084472656,45.709999084472656,47.34000015258789,7669200
2015-09-17,33.666683197021484,46.83000183105469,47.84000015258789,45.97999954223633,46.5099983215332,5194200
2015-09-18,33.13468551635742,46.09000015258789,47.439998626708984,45.7400016784668,45.880001068115234,6192300
2015-09-21,33.19219970703125,46.16999816894531,47.45000076293945,46.04999923706055,46.4900016784668,3244700
2015-09-22,33.02685546875,45.939998626708984,46.63999938964844,45.34000015258789,45.47999954223633,4515800
2015-09-23,33.256900787353516,46.2599983215332,47.20000076293945,45.939998626708984,46.099998474121094,3288600
2015-09-24,33.551666259765625,46.66999816894531,46.97999954223633,45.54999923706055,46.08000183105469,3582100
2015-09-25,34.02613830566406,47.33000183105469,47.75,46.599998474121094,46.939998626708984,4736100
2015-09-28,32.37263870239258,45.029998779296875,47.689998626708984,44.56999969482422,46.7400016784668,4127900
2015-09-29,32.739280700683594,45.540000915527344,46.599998474121094,45.09000015258789,45.380001068115234,5439400
2015-09-30,33.307247161865234,46.33000183105469,47.04999923706055,45.56999969482422,46.13999938964844,5986900
2015-10-01,34.457489013671875,47.93000030517578,48.0,46.029998779296875,46.4900016784668,5413300
2015-10-02,34.7881965637207,48.38999938964844,48.439998626708984,46.70000076293945,46.91999816894531,4639200
2015-10-05,36.36260986328125,50.58000183105469,50.66999816894531,48.720001220703125,48.95000076293945,4987200
2015-10-06,35.97439956665039,50.040000915527344,51.06999969482422,49.95000076293945,50.470001220703125,5707600
2015-10-07,36.154136657714844,50.290000915527344,51.130001068115234,48.93000030517578,50.65999984741211,4950100
2015-10-08,36.722076416015625,51.08000183105469,51.310001373291016,49.86000061035156,50.209999084472656,3570800
2015-10-09,35.686824798583984,49.63999938964844,51.25,48.97999954223633,51.06999969482422,4880600
2015-10-12,35.78028869628906,49.77000045776367,50.099998474121094,49.34000015258789,49.880001068115234,2779000
2015-10-13,35.06856918334961,48.779998779296875,50.11000061035156,48.619998931884766,49.560001373291016,3816400
2015-10-14,34.93196487426758,48.59000015258789,49.20000076293945,48.119998931884766,48.81999969482422,3635900
2015-10-15,36.017539978027344,50.099998474121094,50.15999984741211,48.529998779296875,48.81999969482422,4517500
2015-10-16,36.75800704956055,51.130001068115234,51.20000076293945,50.08000183105469,50.630001068115234,4642600
2015-10-19,35.269866943359375,49.060001373291016,50.869998931884766,48.79999923706055,50.65999984741211,4341600
2015-10-20,34.03334045410156,47.34000015258789,48.86000061035156,47.029998779296875,48.66999816894531,5012300
2015-10-21,33.6307487487793,46.779998779296875,47.88999938964844,46.560001373291016,47.52000045776367,4863800
2015-10-22,34.256195068359375,47.650001525878906,48.04999923706055,46.970001220703125,47.209999084472656,5531100
2015-10-23,34.93196487426758,48.59000015258789,48.970001220703125,47.61000061035156,47.83000183105469,3314200
2015-10-26,35.02543640136719,48.720001220703125,49.91999816894531,48.5,48.599998474121094,3702700
2015-10-27,35.21234893798828,48.97999954223633,49.029998779296875,48.02000045776367,48.34000015258789,5123100
2015-10-28,35.830604553222656,49.84000015258789,50.11000061035156,48.75,49.02000045776367,5051600
2015-10-29,36.83708953857422,51.2400016784668,51.380001068115234,48.84000015258789,48.95000076293945,4959700
2015-10-30,37.239688873291016,51.79999923706055,52.77000045776367,50.29999923706055,51.40999984741211,5376700
2015-11-02,38.04487228393555,52.91999816894531,53.369998931884766,51.369998931884766,51.77000045776367,4317200
2015-11-03,39.27421188354492,54.630001068115234,55.369998931884766,52.72999954223633,52.88999938964844,6035300
2015-11-04,39.39641189575195,54.79999923706055,55.400001525878906,54.13999938964844,54.63999938964844,4567700
2015-11-05,40.007503509521484,55.650001525878906,55.91999816894531,54.54999923706055,55.20000076293945,5881400
2015-11-06,40.237552642822266,55.970001220703125,56.040000915527344,55.06999969482422,55.45000076293945,3043300
2015-11-09,39.05134963989258,54.31999969482422,56.47999954223633,54.2400016784668,55.95000076293945,3187300
2015-11-10,39.37485885620117,54.77000045776367,55.029998779296875,53.83000183105469,54.31999969482422,2645100
2015-11-11,39.432376861572266,54.849998474121094,55.869998931884766,54.45000076293945,55.09000015258789,3078200
2015-11-12,39.33173751831055,54.709999084472656,55.099998474121094,53.130001068115234,54.06999969482422,5816900
2015-11-13,38.59124755859375,53.68000030517578,55.04999923706055,53.560001373291016,54.630001068115234,4016900
2015-11-16,38.88776397705078,53.77000045776367,53.91999816894531,52.599998474121094,53.5,4258500
2015-11-17,39.24213790893555,54.2599983215332,54.7400016784668,53.380001068115234,53.650001525878906,4277400
2015-11-18,40.26911544799805,55.68000030517578,55.7599983215332,54.0,54.27000045776367,3395700
2015-11-19,40.36315155029297,55.810001373291016,56.040000915527344,55.09000015258789,55.5,3560000
2015-11-20,40.449920654296875,55.93000030517578,56.369998931884766,55.72999954223633,55.970001220703125,3573800
2015-11-23,40.797080993652344,56.40999984741211,56.47999954223633,54.58000183105469,54.779998779296875,5128700
2015-11-24,41.36117935180664,57.189998626708984,57.65999984741211,56.08000183105469,56.349998474121094,3290600
2015-11-25,41.983158111572266,58.04999923706055,59.33000183105469,57.08000183105469,57.54999923706055,6586000
2015-11-27,42.35923385620117,58.56999969482422,58.91999816894531,57.40999984741211,57.470001220703125,1718100
2015-11-30,42.24352264404297,58.40999984741211,59.290000915527344,58.040000915527344,58.65999984741211,5534800
2015-12-01,42.916107177734375,59.34000015258789,59.540000915527344,58.029998779296875,58.81999969482422,4660800
2015-12-02,41.95423889160156,58.0099983215332,59.9900016784668,57.529998779296875,59.11000061035156,5086600
2015-12-03,39.372310638427734,54.439998626708984,58.52000045776367,54.31999969482422,58.2400016784668,9487600
2015-12-04,40.23295211791992,55.630001068115234,56.310001373291016,54.400001525878906,54.83000183105469,7325200
2015-12-07,38.82990646362305,53.689998626708984,55.54999923706055,52.560001373291016,54.880001068115234,7250600
2015-12-08,38.13560485839844,52.72999954223633,53.529998779296875,52.52000045776367,52.81999969482422,4990900
2015-12-09,37.59319305419922,51.97999954223633,53.04999923706055,50.779998779296875,52.540000915527344,7146500
2015-12-10,37.860782623291016,52.349998474121094,53.22999954223633,51.630001068115234,52.2400016784668,4236100
2015-12-11,35.886383056640625,49.619998931884766,51.779998779296875,49.43000030517578,51.4900016784668,6665200
2015-12-14,34.70752716064453,47.9900016784668,49.41999816894531,47.58000183105469,49.290000915527344,9474200
2015-12-15,35.5536994934082,49.15999984741211,49.7400016784668,48.349998474121094,48.959999084472656,9240200
2015-12-16,35.94424819946289,49.70000076293945,49.97999954223633,48.810001373291016,49.0,6943500
2015-12-17,37.11586380004883,51.31999969482422,51.900001525878906,49.869998931884766,49.93000030517578,6733900
2015-12-18,36.414337158203125,50.349998474121094,51.63999938964844,50.27000045776367,51.349998474121094,8334100
2015-12-21,37.173728942871094,51.400001525878906,51.41999816894531,50.22999954223633,50.58000183105469,5264600
2015-12-22,37.31836700439453,51.599998474121094,52.45000076293945,51.279998779296875,51.790000915527344,4619200
2015-12-23,38.121150970458984,52.709999084472656,52.72999954223633,51.529998779296875,52.02000045776367,4457700
2015-12-24,38.07052993774414,52.63999938964844,53.08000183105469,51.93000030517578,52.45000076293945,1372100
2015-12-28,37.31836700439453,51.599998474121094,52.25,51.11000061035156,52.09000015258789,2325800
2015-12-29,37.72336959838867,52.15999984741211,52.5099983215332,51.79999923706055,52.34000015258789,1927800
2015-12-30,37.824615478515625,52.29999923706055,53.18000030517578,51.849998474121094,51.93000030517578,2757700
2015-12-31,37.491939544677734,51.84000015258789,52.560001373291016,51.36000061035156,51.9900016784668,2567900
2016-01-04,37.058006286621094,51.2400016784668,52.83000183105469,50.65999984741211,51.68000030517578,5497300
2016-01-05,36.59513854980469,50.599998474121094,52.220001220703125,50.040000915527344,51.400001525878906,5485100
2016-01-06,35.23548889160156,48.720001220703125,49.790000915527344,47.93000030517578,49.29999923706055,7328500
2016-01-07,34.70752716064453,47.9900016784668,48.86000061035156,47.290000915527344,47.84000015258789,7563500
2016-01-08,33.405723571777344,46.189998626708984,48.54999923706055,46.13999938964844,48.34000015258789,5026000
2016-01-11,33.06582260131836,45.720001220703125,46.970001220703125,44.290000915527344,46.439998626708984,7508700
2016-01-12,33.55036163330078,46.38999938964844,47.08000183105469,45.119998931884766,46.209999084472656,4931900
2016-01-13,30.577919006347656,42.279998779296875,46.77000045776367,41.849998474121094,46.709999084472656,9902200
2016-01-14,31.57596206665039,43.65999984741211,44.189998626708984,41.130001068115234,42.560001373291016,9076000
2016-01-15,29.955942153930664,41.41999816894531,42.75,41.040000915527344,41.86000061035156,7876100
2016-01-19,29.796836853027344,41.20000076293945,42.970001220703125,40.45000076293945,42.400001525878906,5665000
2016-01-20,29.290569305419922,40.5,41.13999938964844,38.95000076293945,40.16999816894531,7634200
2016-01-21,28.64690589904785,39.61000061035156,40.75,39.119998931884766,40.029998779296875,7611500
2016-01-22,30.975688934326172,42.83000183105469,43.97999954223633,40.5,40.689998626708984,9569600
2016-01-25,29.48584747314453,40.77000045776367,43.22999954223633,40.66999816894531,42.16999816894531,5836500
2016-01-26,30.05718231201172,41.560001373291016,41.58000183105469,40.369998931884766,41.08000183105469,5022200
2016-01-27,28.827716827392578,39.86000061035156,41.86000061035156,39.529998779296875,41.56999969482422,8433200
2016-01-28,29.08807945251465,40.220001220703125,41.47999954223633,39.5,41.13999938964844,4811000
2016-01-29,30.223541259765625,41.790000915527344,41.790000915527344,39.849998474121094,40.560001373291016,7007500
2016-02-01,30.209070205688477,41.77000045776367,42.20000076293945,40.79999923706055,41.650001525878906,6672100
2016-02-02,29.124235153198242,40.27000045776367,41.380001068115234,39.75,41.06999969482422,6799400
2016-02-03,26.903942108154297,37.20000076293945,40.06999969482422,35.400001525878906,39.79999923706055,15690000
2016-02-04,25.269458770751953,34.939998626708984,37.34000015258789,34.119998931884766,36.97999954223633,17638100
2016-02-05,23.360136032104492,32.29999923706055,34.650001525878906,32.040000915527344,34.540000915527344,15529700
2016-02-08,22.224679946899414,30.729999542236328,31.850000381469727,29.709999084472656,31.850000381469727,17273000
2016-02-09,22.709239959716797,31.399999618530273,31.829999923706055,29.239999771118164,30.290000915527344,16889100
2016-02-10,22.904502868652344,31.670000076293945,32.66999816894531,31.139999389648438,31.6200008392334,9776500
2016-02-11,22.29700469970703,30.829999923706055,31.3799991607666,29.25,30.969999313354492,11198900
2016-02-12,23.188587188720703,31.729999542236328,31.950000762939453,30.600000381469727,30.860000610351562,7304200
2016-02-16,23.78054428100586,32.540000915527344,32.72999954223633,31.639999389648438,32.310001373291016,7469700
2016-02-17,24.08747673034668,32.959999084472656,33.18000030517578,32.38999938964844,32.86000061035156,7617700
2016-02-18,22.925498962402344,31.3700008392334,33.560001373291016,30.81999969482422,33.5099983215332,7977300
2016-02-19,23.086271286010742,31.59000015258789,31.600000381469727,30.639999389648438,30.93000030517578,5887600
2016-02-22,24.39442253112793,33.380001068115234,33.45000076293945,31.770000457763672,31.790000915527344,6627200
2016-02-23,23.10089111328125,31.610000610351562,33.47999954223633,31.59000015258789,33.119998931884766,6632400
2016-02-24,24.825607299804688,33.970001220703125,34.09000015258789,30.950000762939453,31.149999618530273,9142100
2016-02-25,25.008302688598633,34.220001220703125,34.439998626708984,33.130001068115234,33.880001068115234,6777500
2016-02-26,25.008302688598633,34.220001220703125,35.459999084472656,34.040000915527344,34.709999084472656,5919300
2016-02-29,25.03022575378418,34.25,34.95000076293945,34.119998931884766,34.33000183105469,7611800
2016-03-01,25.307931900024414,34.630001068115234,34.849998474121094,34.029998779296875,34.22999954223633,7681600
2016-03-02,25.36640167236328,34.709999084472656,35.08000183105469,33.88999938964844,34.59000015258789,5810900
2016-03-03,27.273813247680664,37.31999969482422,37.459999084472656,35.41999816894531,36.130001068115234,9908200
2016-03-04,27.08380889892578,37.060001373291016,37.959999084472656,36.45000076293945,37.959999084472656,7528500
2016-03-07,26.937639236450195,36.86000061035156,37.439998626708984,35.900001525878906,37.08000183105469,6840400
2016-03-08,25.70258140563965,35.16999816894531,37.2400016784668,35.119998931884766,37.06999969482422,7230600
2016-03-09,27.08380889892578,37.060001373291016,37.41999816894531,35.58000183105469,35.86000061035156,7656700
2016-03-10,26.557619094848633,36.34000015258789,36.95000076293945,35.70000076293945,36.83000183105469,6048900
2016-03-11,27.566125869750977,37.720001220703125,37.91999816894531,36.20000076293945,36.95000076293945,5110200
2016-03-14,27.069183349609375,37.040000915527344,37.68000030517578,36.33000183105469,37.150001525878906,4473800
2016-03-15,26.769559860229492,36.630001068115234,36.88999938964844,35.91999816894531,36.380001068115234,4699900
2016-03-16,28.05577850341797,38.38999938964844,38.59000015258789,36.66999816894531,36.66999816894531,7734500
2016-03-17,27.419971466064453,37.52000045776367,38.59000015258789,37.22999954223633,38.369998931884766,7820000
2016-03-18,27.938859939575195,38.22999954223633,38.56999969482422,37.529998779296875,37.880001068115234,9248900
2016-03-21,28.077701568603516,38.41999816894531,38.599998474121094,37.84000015258789,38.060001373291016,4143700
2016-03-22,28.187328338623047,38.56999969482422,38.880001068115234,37.9900016784668,38.02000045776367,4780000
2016-03-23,27.21535301208496,37.2400016784668,38.5,36.790000915527344,38.40999984741211,5294400
2016-03-24,26.944950103759766,36.869998931884766,37.349998474121094,36.189998626708984,36.939998626708984,4945200
2016-03-28,27.025339126586914,36.97999954223633,37.25,36.43000030517578,37.02000045776367,3849700
2016-03-29,26.791481018066406,36.65999984741211,36.689998626708984,35.75,36.4900016784668,5832700
2016-03-30,26.733020782470703,36.58000183105469,37.16999816894531,35.9900016784668,37.11000061035156,5087800
2016-03-31,27.171506881713867,37.18000030517578,37.34000015258789,35.63999938964844,36.47999954223633,5148700
2016-04-01,26.594161987304688,36.38999938964844,36.619998931884766,35.90999984741211,36.279998779296875,4312600
2016-04-04,26.78417205810547,36.650001525878906,37.22999954223633,36.0,36.04999923706055,3225700
2016-04-05,26.513769149780273,36.279998779296875,37.0099983215332,35.7400016784668,36.34000015258789,4397400
2016-04-06,26.65262794494629,36.470001220703125,36.709999084472656,35.060001373291016,36.66999816894531,6859700
2016-04-07,27.376123428344727,37.459999084472656,37.560001373291016,36.18000030517578,36.25,8238500
2016-04-08,28.282329559326172,38.70000076293945,39.34000015258789,37.81999969482422,37.83000183105469,6048100
2016-04-11,27.763456344604492,37.9900016784668,39.130001068115234,37.959999084472656,38.97999954223633,4808200
2016-04-12,28.49427032470703,38.9900016784668,39.25,37.689998626708984,38.20000076293945,7376900
2016-04-13,28.98390769958496,39.65999984741211,39.90999984741211,38.72999954223633,39.209999084472656,4598800
2016-04-14,28.808500289916992,39.41999816894531,40.18000030517578,38.970001220703125,39.70000076293945,4263200
2016-04-15,27.697677612304688,37.900001525878906,39.59000015258789,37.779998779296875,39.34000015258789,7522700
2016-04-18,28.077701568603516,38.41999816894531,38.4900016784668,37.11000061035156,37.900001525878906,3663800
2016-04-19,28.011930465698242,38.33000183105469,39.0099983215332,37.5,38.83000183105469,4934300
2016-04-20,28.830440521240234,39.45000076293945,39.5,37.7400016784668,38.20000076293945,4593700
2016-04-21,29.758563995361328,40.720001220703125,40.880001068115234,39.02000045776367,39.43000030517578,8873000
2016-04-22,30.299358367919922,41.459999084472656,41.91999816894531,40.72999954223633,40.84000015258789,6155200
2016-04-25,30.094745635986328,41.18000030517578,41.54999923706055,40.56999969482422,41.29999923706055,3947800
2016-04-26,30.299358367919922,41.459999084472656,41.689998626708984,40.84000015258789,41.400001525878906,3854700
2016-04-27,30.23358726501465,41.369998931884766,42.25,40.79999923706055,41.709999084472656,6778700
2016-04-28,29.94858169555664,40.97999954223633,43.2599983215332,40.16999816894531,40.4900016784668,7923000
2016-04-29,28.56003761291504,39.08000183105469,40.9900016784668,38.08000183105469,40.709999084472656,7856200
2016-05-02,28.194631576538086,38.58000183105469,39.22999954223633,37.630001068115234,39.029998779296875,7610800
2016-05-03,27.763456344604492,37.9900016784668,38.25,37.290000915527344,37.88999938964844,5565000
2016-05-04,26.46991729736328,36.220001220703125,38.0,35.939998626708984,37.83000183105469,5744300
2016-05-05,26.374916076660156,36.09000015258789,37.060001373291016,35.880001068115234,36.720001220703125,5097900
2016-05-06,26.22144889831543,35.880001068115234,36.970001220703125,35.779998779296875,35.88999938964844,4980300
2016-05-09,25.541790008544922,34.95000076293945,35.779998779296875,34.0099983215332,35.689998626708984,6539800
2016-05-10,25.90719985961914,35.45000076293945,35.66999816894531,34.709999084472656,35.41999816894531,5512300
2016-05-11,26.236059188842773,35.900001525878906,36.65999984741211,35.060001373291016,35.41999816894531,5005300
2016-05-12,25.571033477783203,34.9900016784668,36.650001525878906,34.79999923706055,35.900001525878906,4563500
2016-05-13,25.936439514160156,35.4900016784668,35.939998626708984,34.66999816894531,34.83000183105469,6937900
2016-05-16,26.27566146850586,35.630001068115234,35.66999816894531,34.45000076293945,35.459999084472656,6189400
2016-05-17,26.600147247314453,36.06999969482422,36.849998474121094,35.529998779296875,35.63999938964844,5278600
2016-05-18,27.094242095947266,36.7400016784668,37.540000915527344,36.0099983215332,36.02000045776367,4593700
2016-05-19,26.62226676940918,36.099998474121094,37.119998931884766,35.61000061035156,36.130001068115234,6881400
2016-05-20,27.013126373291016,36.630001068115234,36.63999938964844,35.5,36.279998779296875,4728700
2016-05-23,26.23141098022461,35.56999969482422,37.09000015258789,35.54999923706055,36.40999984741211,3577400
2016-05-24,26.408405303955078,35.810001373291016,36.189998626708984,35.400001525878906,35.77000045776367,4533300
2016-05-25,26.312538146972656,35.68000030517578,36.209999084472656,35.22999954223633,36.209999084472656,4667800
2016-05-26,25.479211807250977,34.54999923706055,35.900001525878906,34.380001068115234,35.900001525878906,3698400
2016-05-27,25.892183303833008,35.11000061035156,35.130001068115234,34.060001373291016,34.65999984741211,3097300
2016-05-31,25.68569564819336,34.83000183105469,35.560001373291016,34.38999938964844,35.15999984741211,6214000
2016-06-01,26.873010635375977,36.439998626708984,36.529998779296875,34.43000030517578,34.83000183105469,7371800
2016-06-02,27.04999542236328,36.68000030517578,37.4900016784668,36.119998931884766,36.47999954223633,6626000
2016-06-03,26.150297164916992,35.459999084472656,36.709999084472656,35.16999816894531,36.650001525878906,5428400
2016-06-06,26.024927139282227,35.290000915527344,35.70000076293945,34.720001220703125,35.68000030517578,4926300
2016-06-07,27.027875900268555,36.650001525878906,36.880001068115234,35.34000015258789,35.459999084472656,5602200
2016-06-08,27.197492599487305,36.880001068115234,37.119998931884766,36.0099983215332,36.9900016784668,7202300
2016-06-09,27.24911117553711,36.95000076293945,37.16999816894531,35.79999923706055,36.349998474121094,6032100
2016-06-10,26.843502044677734,36.400001525878906,36.939998626708984,36.22999954223633,36.31999969482422,5103300
2016-06-13,25.044118881225586,33.959999084472656,36.220001220703125,33.93000030517578,36.060001373291016,8104000
2016-06-14,24.196033477783203,32.810001373291016,34.5,32.130001068115234,33.90999984741211,9838400
2016-06-15,24.4836368560791,33.20000076293945,34.54999923706055,32.02000045776367,32.380001068115234,8382500
2016-06-16,24.623754501342773,33.38999938964844,33.5,32.34000015258789,32.939998626708984,5010100
2016-06-17,24.70487403869629,33.5,34.27000045776367,33.16999816894531,33.540000915527344,7417300
2016-06-20,25.50870704650879,34.59000015258789,34.650001525878906,33.61000061035156,34.0,6165600
2016-06-21,25.958559036254883,35.20000076293945,35.380001068115234,34.29999923706055,34.61000061035156,5464000
2016-06-22,26.00279998779297,35.2599983215332,35.630001068115234,34.939998626708984,35.20000076293945,4887700
2016-06-23,27.005748748779297,36.619998931884766,36.630001068115234,35.439998626708984,35.869998931884766,5518700
2016-06-24,26.054424285888672,35.33000183105469,35.880001068115234,34.75,34.88999938964844,11571600
2016-06-27,24.284526824951172,32.93000030517578,34.84000015258789,32.84000015258789,34.83000183105469,8203000
2016-06-28,26.32728385925293,35.70000076293945,35.720001220703125,33.79999923706055,33.900001525878906,9479600
2016-06-29,27.477720260620117,37.2599983215332,37.66999816894531,35.84000015258789,36.060001373291016,9061600
2016-06-30,27.99393653869629,37.959999084472656,37.9900016784668,36.040000915527344,37.15999984741211,8066400
2016-07-01,28.960023880004883,39.27000045776367,39.439998626708984,37.63999938964844,37.65999984741211,7446200
2016-07-05,28.598663330078125,38.779998779296875,38.91999816894531,37.83000183105469,38.810001373291016,7322800
2016-07-06,26.917255401611328,36.5,38.58000183105469,35.939998626708984,38.560001373291016,10528800
2016-07-07,26.16504669189453,35.47999954223633,37.31999969482422,35.15999984741211,36.7599983215332,10002000
2016-07-08,26.843502044677734,36.400001525878906,36.880001068115234,35.43000030517578,35.91999816894531,5719300
2016-07-11,26.873010635375977,36.439998626708984,37.11000061035156,36.09000015258789,36.41999816894531,5288300
2016-07-12,27.684215545654297,37.540000915527344,37.7599983215332,36.5099983215332,36.72999954223633,5724500
2016-07-13,27.27123260498047,36.97999954223633,37.81999969482422,36.15999984741211,37.5,6007500
2016-07-14,27.573596954345703,37.38999938964844,37.779998779296875,36.939998626708984,37.25,7515800
2016-07-15,26.95412826538086,36.54999923706055,37.83000183105469,36.38999938964844,37.63999938964844,10004800
2016-07-18,27.31547737121582,37.040000915527344,37.47999954223633,35.970001220703125,36.58000183105469,6841400
2016-07-19,27.67683982849121,37.529998779296875,37.689998626708984,36.88999938964844,37.0,4975700
2016-07-20,27.875946044921875,37.79999923706055,37.97999954223633,36.779998779296875,37.29999923706055,3506000
2016-07-21,27.38184928894043,37.130001068115234,38.209999084472656,37.06999969482422,37.88999938964844,3777800
2016-07-22,27.890697479248047,37.81999969482422,37.84000015258789,36.7599983215332,37.2599983215332,4291800
2016-07-25,27.212236404418945,36.900001525878906,37.470001220703125,36.72999954223633,37.43000030517578,5337200
2016-07-26,28.473289489746094,38.61000061035156,38.77000045776367,36.58000183105469,36.79999923706055,5789700
2016-07-27,27.898073196411133,37.83000183105469,39.029998779296875,37.650001525878906,38.65999984741211,7513800
2016-07-28,28.1488037109375,38.16999816894531,38.95000076293945,37.02000045776367,38.220001220703125,6364200
2016-07-29,29.04850959777832,39.38999938964844,39.61000061035156,37.63999938964844,38.0099983215332,8334900
2016-08-01,28.613407135009766,38.79999923706055,39.56999969482422,38.540000915527344,39.130001068115234,8869100
2016-08-02,28.606027603149414,38.790000915527344,39.779998779296875,38.22999954223633,39.310001373291016,6052000
2016-08-03,30.398061752319336,41.220001220703125,41.45000076293945,38.369998931884766,38.369998931884766,10374100
2016-08-04,29.962953567504883,40.630001068115234,41.65999984741211,40.31999969482422,41.189998626708984,7258700
2016-08-05,30.906911849975586,41.90999984741211,42.189998626708984,40.61000061035156,40.79999923706055,5781200
2016-08-08,30.921653747558594,41.93000030517578,42.59000015258789,41.689998626708984,42.2400016784668,5419400
2016-08-09,30.2579402923584,41.029998779296875,41.95000076293945,40.86000061035156,41.91999816894531,3650100
2016-08-10,30.22844886779785,40.9900016784668,42.16999816894531,40.790000915527344,41.16999816894531,5790600
2016-08-11,30.899532318115234,41.900001525878906,42.40999984741211,40.959999084472656,41.08000183105469,4496100
2016-08-12,30.759422302246094,41.709999084472656,42.16999816894531,41.0099983215332,42.13999938964844,5268200
2016-08-15,30.6552734375,41.209999084472656,41.77000045776367,40.90999984741211,41.720001220703125,4106300
2016-08-16,31.33963966369629,42.130001068115234,42.38999938964844,41.13999938964844,41.15999984741211,4935600
2016-08-17,31.399150848388672,42.209999084472656,42.439998626708984,41.779998779296875,42.189998626708984,4217500
2016-08-18,31.607440948486328,42.4900016784668,42.5,41.77000045776367,42.279998779296875,4337000
2016-08-19,31.250375747680664,42.0099983215332,42.33000183105469,41.810001373291016,42.150001525878906,3460300
2016-08-22,30.57345199584961,41.099998474121094,41.810001373291016,40.52000045776367,41.720001220703125,5527100
2016-08-23,31.190868377685547,41.93000030517578,42.2400016784668,41.31999969482422,41.540000915527344,4376400
2016-08-24,31.22062110900879,41.970001220703125,42.369998931884766,41.650001525878906,42.11000061035156,4455800
2016-08-25,31.168540954589844,41.900001525878906,42.20000076293945,41.470001220703125,42.060001373291016,3486300
2016-08-26,31.13134765625,41.849998474121094,42.36000061035156,41.40999984741211,42.02000045776367,2898100
2016-08-29,31.45865821838379,42.290000915527344,42.650001525878906,41.81999969482422,41.849998474121094,2414600
2016-08-30,31.748781204223633,42.68000030517578,42.77000045776367,41.959999084472656,42.290000915527344,2865800
2016-08-31,31.62230110168457,42.5099983215332,42.970001220703125,41.95000076293945,42.540000915527344,3362800
2016-09-01,31.17599105834961,41.90999984741211,42.599998474121094,41.38999938964844,42.54999923706055,3870600
2016-09-02,31.48097801208496,42.31999969482422,42.529998779296875,41.77000045776367,42.369998931884766,3164800
2016-09-06,31.964500427246094,42.970001220703125,43.13999938964844,42.25,42.560001373291016,4003300
2016-09-07,32.05376052856445,43.09000015258789,43.439998626708984,42.77000045776367,42.9900016784668,4288200
2016-09-08,32.321563720703125,43.45000076293945,43.86000061035156,42.72999954223633,43.290000915527344,4807200
2016-09-09,31.421472549438477,42.2400016784668,43.25,42.22999954223633,42.939998626708984,4367200
2016-09-12,32.239742279052734,43.34000015258789,43.66999816894531,41.25,41.72999954223633,6157400
2016-09-13,31.614871978759766,42.5,43.11000061035156,42.04999923706055,42.58000183105469,4355700
2016-09-14,31.146240234375,41.869998931884766,43.029998779296875,41.5099983215332,42.459999084472656,5301700
2016-09-15,32.53728485107422,43.7400016784668,44.13999938964844,42.040000915527344,42.040000915527344,6668000
2016-09-16,32.44801330566406,43.619998931884766,43.849998474121094,42.43000030517578,43.09000015258789,7023600
2016-09-19,32.52984619140625,43.72999954223633,44.560001373291016,43.40999984741211,43.959999084472656,6621300
2016-09-20,31.652074813842773,42.54999923706055,43.939998626708984,42.54999923706055,43.86000061035156,5480100
2016-09-21,32.14303207397461,43.209999084472656,43.27000045776367,42.56999969482422,42.91999816894531,4879300
2016-09-22,31.756206512451172,42.689998626708984,43.81999969482422,42.66999816894531,43.599998474121094,5651300
2016-09-23,31.451223373413086,42.279998779296875,42.970001220703125,41.439998626708984,42.290000915527344,7784300
2016-09-26,30.856122970581055,41.47999954223633,42.66999816894531,41.439998626708984,42.4900016784668,6550300
2016-09-27,31.13134765625,41.849998474121094,42.040000915527344,40.810001373291016,41.18000030517578,4728400
2016-09-28,31.71901512145996,42.63999938964844,42.689998626708984,41.470001220703125,42.20000076293945,5304400
2016-09-29,29.561767578125,39.7400016784668,42.709999084472656,39.290000915527344,42.41999816894531,13820900
2016-09-30,30.194061279296875,40.59000015258789,40.9900016784668,39.52000045776367,40.11000061035156,7756300
2016-10-03,30.469303131103516,40.959999084472656,41.029998779296875,40.27000045776367,40.77000045776367,5327300
2016-10-04,30.78172492980957,41.380001068115234,42.310001373291016,41.09000015258789,41.11000061035156,4106900
2016-10-05,31.443788528442383,42.27000045776367,42.650001525878906,41.66999816894531,41.84000015258789,4099500
2016-10-06,31.510730743408203,42.36000061035156,42.70000076293945,41.63999938964844,42.61000061035156,5607400
2016-10-07,31.071836471557617,41.77000045776367,42.470001220703125,41.5099983215332,42.36000061035156,4427900
2016-10-10,31.592559814453125,42.470001220703125,42.630001068115234,42.02000045776367,42.47999954223633,3808300
2016-10-11,31.213172912597656,41.959999084472656,42.95000076293945,41.560001373291016,42.5,5130600
2016-10-12,30.99001693725586,41.65999984741211,41.9900016784668,40.95000076293945,41.810001373291016,3738600
2016-10-13,30.91562271118164,41.560001373291016,41.790000915527344,40.45000076293945,41.27000045776367,4327500
2016-10-14,30.982582092285156,41.650001525878906,41.97999954223633,41.13999938964844,41.939998626708984,4642100
2016-10-17,31.13134765625,41.849998474121094,42.279998779296875,41.459999084472656,41.63999938964844,4100300
2016-10-18,31.785968780517578,42.72999954223633,43.040000915527344,42.150001525878906,42.22999954223633,3060700
2016-10-19,31.726457595825195,42.650001525878906,43.06999969482422,42.25,42.91999816894531,7261200
2016-10-20,32.024017333984375,43.04999923706055,43.2400016784668,42.220001220703125,42.40999984741211,3051100
2016-10-21,32.79765319824219,44.09000015258789,44.27000045776367,42.560001373291016,42.65999984741211,4808900
2016-10-24,32.56703567504883,43.779998779296875,44.33000183105469,43.56999969482422,44.13999938964844,5061700
2016-10-25,32.50008773803711,43.689998626708984,44.59000015258789,43.380001068115234,43.83000183105469,6612700
2016-10-26,32.92410659790039,44.2599983215332,44.88999938964844,43.2599983215332,43.31999969482422,6606600
2016-10-27,31.845481872558594,42.810001373291016,44.15999984741211,41.5,44.04999923706055,13679400
2016-10-28,31.852916717529297,42.81999969482422,43.040000915527344,41.880001068115234,42.560001373291016,8268500
2016-10-31,32.42571258544922,43.59000015258789,43.959999084472656,43.18000030517578,43.209999084472656,8739900
2016-11-01,31.4958553314209,42.34000015258789,44.90999984741211,41.7400016784668,44.279998779296875,12845600
2016-11-02,30.499061584472656,41.0,42.529998779296875,40.70000076293945,41.88999938964844,7099100
2016-11-03,30.632957458496094,41.18000030517578,41.459999084472656,40.0099983215332,41.209999084472656,5769600
2016-11-04,30.670143127441406,41.22999954223633,41.77000045776367,40.93000030517578,41.0,3246400
2016-11-07,31.68926239013672,42.599998474121094,42.619998931884766,41.81999969482422,41.97999954223633,7400800
2016-11-08,31.109046936035156,41.81999969482422,42.540000915527344,41.65999984741211,42.529998779296875,4412300
2016-11-09,32.410831451416016,43.56999969482422,43.90999984741211,41.43000030517578,41.52000045776367,8587700
2016-11-10,32.5967903137207,43.81999969482422,44.599998474121094,43.279998779296875,43.54999923706055,5939900
2016-11-11,32.70093536376953,43.959999084472656,44.060001373291016,42.91999816894531,43.61000061035156,6497300
2016-11-14,32.693443298339844,43.59000015258789,44.189998626708984,43.369998931884766,43.61000061035156,6751800
2016-11-15,32.873443603515625,43.83000183105469,44.34000015258789,42.779998779296875,43.689998626708984,8535100
2016-11-16,32.618446350097656,43.4900016784668,43.880001068115234,43.11000061035156,43.599998474121094,4165600
2016-11-17,32.520931243896484,43.36000061035156,44.290000915527344,43.189998626708984,43.849998474121094,3985300
2016-11-18,32.483421325683594,43.310001373291016,43.599998474121094,42.56999969482422,43.20000076293945,4892600
2016-11-21,35.378501892089844,47.16999816894531,47.279998779296875,44.900001525878906,45.400001525878906,20270900
2016-11-22,35.90353012084961,47.869998931884766,48.810001373291016,47.33000183105469,47.45000076293945,13037000
2016-11-23,35.78352737426758,47.709999084472656,48.119998931884766,47.310001373291016,47.5,4399300
2016-11-25,36.151039123535156,48.20000076293945,48.22999954223633,47.369998931884766,47.47999954223633,1987600
2016-11-28,35.288516998291016,47.04999923706055,48.83000183105469,46.959999084472656,48.52000045776367,5624500
2016-11-29,34.48598861694336,45.97999954223633,46.95000076293945,45.869998931884766,46.59000015258789,7758700
2016-11-30,35.26601028442383,47.02000045776367,47.27000045776367,44.599998474121094,46.2599983215332,11079900
2016-12-01,35.806034088134766,47.7400016784668,49.290000915527344,47.189998626708984,47.4900016784668,8711700
2016-12-02,35.85102844238281,47.79999923706055,48.689998626708984,47.650001525878906,47.650001525878906,4422900
2016-12-05,36.00853729248047,48.0099983215332,48.619998931884766,47.66999816894531,48.27000045776367,4806600
2016-12-06,35.42351531982422,47.22999954223633,47.90999984741211,47.150001525878906,47.88999938964844,5347900
2016-12-07,37.23856735229492,49.650001525878906,50.290000915527344,47.650001525878906,47.849998474121094,9689700
2016-12-08,37.54607009887695,50.060001373291016,50.709999084472656,49.56999969482422,50.099998474121094,5206800
2016-12-09,37.0810661315918,49.439998626708984,50.58000183105469,49.15999984741211,49.95000076293945,6294500
2016-12-12,36.81855392456055,49.09000015258789,50.650001525878906,48.470001220703125,50.43000030517578,5550300
2016-12-13,36.931060791015625,49.2400016784668,49.779998779296875,48.93000030517578,49.31999969482422,4919100
2016-12-14,36.316036224365234,48.41999816894531,49.47999954223633,48.310001373291016,48.7400016784668,5243300
2016-12-15,36.66106414794922,48.880001068115234,49.25,48.38999938964844,48.38999938964844,5436000
2016-12-16,37.583587646484375,50.11000061035156,50.47999954223633,49.0,49.150001525878906,6769600
2016-12-19,37.0810661315918,49.439998626708984,49.779998779296875,49.0099983215332,49.689998626708984,4203200
2016-12-20,37.036067962646484,49.380001068115234,49.810001373291016,49.060001373291016,49.599998474121094,3368100
2016-12-21,36.74355697631836,48.9900016784668,49.369998931884766,48.099998474121094,49.20000076293945,8127100
2016-12-22,37.75608444213867,50.34000015258789,50.70000076293945,49.279998779296875,49.33000183105469,6110000
2016-12-23,38.086097717285156,50.779998779296875,51.0,49.869998931884766,50.13999938964844,3346400
2016-12-27,38.341102600097656,51.119998931884766,51.13999938964844,50.66999816894531,50.810001373291016,3501000
2016-12-28,37.74857711791992,50.33000183105469,51.150001525878906,50.290000915527344,51.06999969482422,3240700
2016-12-29,37.83859634399414,50.45000076293945,51.08000183105469,50.08000183105469,50.36000061035156,2684000
2016-12-30,37.76357650756836,50.349998474121094,50.61000061035156,50.0,50.439998626708984,3477200
2017-01-03,39.698638916015625,52.93000030517578,54.59000015258789,52.439998626708984,53.70000076293945,13329200
2017-01-04,38.43110656738281,51.2400016784668,53.5,51.029998779296875,52.95000076293945,10980400
2017-01-05,38.288604736328125,51.04999923706055,51.790000915527344,50.029998779296875,51.5,9534900
2017-01-06,37.77857971191406,50.369998931884766,51.25,50.290000915527344,51.11000061035156,4748300
2017-01-09,37.096065521240234,49.459999084472656,50.220001220703125,49.36000061035156,50.04999923706055,8037700
2017-01-10,36.728553771972656,48.970001220703125,49.959999084472656,48.970001220703125,49.5,5124400
2017-01-11,37.24607849121094,49.65999984741211,50.0,49.099998474121094,49.400001525878906,6681500
2017-01-12,36.93855667114258,49.25,49.72999954223633,48.72999954223633,49.61000061035156,3952600
2017-01-13,36.28605270385742,48.380001068115234,49.13999938964844,47.849998474121094,48.90999984741211,5758400
2017-01-17,36.548553466796875,48.72999954223633,49.599998474121094,48.2599983215332,48.7400016784668,5121300
2017-01-18,36.676055908203125,48.900001525878906,49.34000015258789,48.20000076293945,48.34000015258789,3751600
2017-01-19,36.27854537963867,48.369998931884766,49.02000045776367,47.93000030517578,48.939998626708984,4185700
2017-01-20,36.5710563659668,48.7599983215332,49.040000915527344,48.40999984741211,48.79999923706055,5033300
2017-01-23,36.54105758666992,48.720001220703125,48.77000045776367,48.119998931884766,48.560001373291016,8149200
2017-01-24,37.568572998046875,50.09000015258789,50.47999954223633,48.970001220703125,49.119998931884766,7319700
2017-01-25,37.253578186035156,49.66999816894531,50.310001373291016,49.15999984741211,50.290000915527344,7580200
2017-01-26,37.0810661315918,49.439998626708984,50.09000015258789,49.279998779296875,50.09000015258789,4333300
2017-01-27,36.811065673828125,49.08000183105469,50.0,48.66999816894531,49.59000015258789,5084000
2017-01-30,36.27104187011719,48.36000061035156,49.20000076293945,48.119998931884766,49.119998931884766,5473900
2017-01-31,36.03852844238281,48.04999923706055,48.599998474121094,46.880001068115234,48.540000915527344,5308900
2017-02-01,35.78352737426758,47.709999084472656,49.970001220703125,47.099998474121094,49.68000030517578,7659300
2017-02-02,35.92603302001953,47.900001525878906,48.5,47.43000030517578,48.439998626708984,4151300
2017-02-03,36.12104034423828,48.15999984741211,48.5,47.16999816894531,47.81999969482422,3778900
2017-02-06,36.27854537963867,48.369998931884766,48.75,47.79999923706055,48.189998626708984,7976500
2017-02-07,35.948524475097656,47.93000030517578,48.5099983215332,47.58000183105469,48.130001068115234,3999700
2017-02-08,36.8410530090332,49.119998931884766,49.13999938964844,47.38999938964844,47.56999969482422,4461300
2017-02-09,37.44858169555664,49.93000030517578,50.08000183105469,49.22999954223633,49.650001525878906,4231700
2017-02-10,37.6060791015625,50.13999938964844,50.470001220703125,49.68000030517578,50.369998931884766,2787200
2017-02-13,37.71108627319336,50.279998779296875,50.68000030517578,49.91999816894531,50.130001068115234,3256400
2017-02-14,38.496734619140625,50.959999084472656,50.970001220703125,49.70000076293945,50.029998779296875,4359300
2017-02-15,38.25498962402344,50.63999938964844,51.15999984741211,50.27000045776367,50.790000915527344,4396100
2017-02-16,37.741302490234375,49.959999084472656,51.0,49.86000061035156,50.9900016784668,2955400
2017-02-17,37.78663635253906,50.02000045776367,50.04999923706055,49.40999984741211,49.66999816894531,3352700
2017-02-21,38.05857849121094,50.380001068115234,50.61000061035156,49.9900016784668,50.47999954223633,3963500
2017-02-22,37.62800216674805,49.810001373291016,50.369998931884766,49.56999969482422,50.099998474121094,3157900
2017-02-23,38.035911560058594,50.349998474121094,50.650001525878906,49.91999816894531,50.38999938964844,2673300
2017-02-24,37.794189453125,50.029998779296875,50.040000915527344,49.43000030517578,50.0,3118700
2017-02-27,38.345645904541016,50.7599983215332,50.939998626708984,49.9900016784668,50.02000045776367,5134400
2017-02-28,37.469356536865234,49.599998474121094,51.16999816894531,49.4900016784668,50.5,5659400
2017-03-01,38.5193977355957,50.9900016784668,51.5,49.970001220703125,50.0,5952800
2017-03-02,38.55716323852539,51.040000915527344,51.40999984741211,50.400001525878906,50.900001525878906,4947400
2017-03-03,38.73091506958008,51.27000045776367,51.380001068115234,50.79999923706055,51.18000030517578,3990700
2017-03-06,38.64026641845703,51.150001525878906,51.310001373291016,50.5099983215332,51.040000915527344,6826700
2017-03-07,37.88484573364258,50.150001525878906,51.45000076293945,50.11000061035156,51.13999938964844,3413700
2017-03-08,37.93770980834961,50.220001220703125,50.939998626708984,50.08000183105469,50.150001525878906,5849200
2017-03-09,37.22761154174805,49.279998779296875,50.18000030517578,48.91999816894531,50.02000045776367,4951800
2017-03-10,37.673309326171875,49.869998931884766,49.95000076293945,48.970001220703125,49.58000183105469,4704400
2017-03-13,38.5193977355957,50.9900016784668,51.09000015258789,49.86000061035156,49.869998931884766,5771600
2017-03-14,37.77906799316406,50.0099983215332,50.59000015258789,49.66999816894531,50.41999816894531,5883000
2017-03-15,38.94999313354492,51.560001373291016,51.599998474121094,50.15999984741211,50.47999954223633,6299200
2017-03-16,38.66291809082031,51.18000030517578,52.2400016784668,51.11000061035156,51.650001525878906,5216100
2017-03-17,38.36831283569336,50.790000915527344,51.75,50.54999923706055,51.470001220703125,5309600
2017-03-20,38.149234771728516,50.5,50.810001373291016,50.15999984741211,50.65999984741211,5599300
2017-03-21,37.21249771118164,49.2599983215332,50.61000061035156,49.150001525878906,50.47999954223633,5192700
2017-03-22,37.44667434692383,49.56999969482422,49.83000183105469,48.93000030517578,49.11000061035156,4048700
2017-03-23,37.24271774291992,49.29999923706055,49.95000076293945,49.18000030517578,49.54999923706055,2721500
2017-03-24,36.91789245605469,48.869998931884766,49.52000045776367,48.810001373291016,49.5099983215332,3563200
2017-03-27,36.88766860961914,48.83000183105469,49.060001373291016,48.18000030517578,48.380001068115234,3191800
2017-03-28,37.03874588012695,49.029998779296875,49.15999984741211,48.61000061035156,48.93000030517578,4069800
2017-03-29,38.187015533447266,50.54999923706055,50.619998931884766,48.970001220703125,49.02000045776367,3867400
2017-03-30,37.877281188964844,50.13999938964844,50.810001373291016,50.0,50.599998474121094,5893200
2017-03-31,38.179447174072266,50.540000915527344,50.84000015258789,49.83000183105469,49.88999938964844,4851500
2017-04-03,37.7261962890625,49.939998626708984,50.84000015258789,49.630001068115234,50.68000030517578,2746700
2017-04-04,37.998146057128906,50.29999923706055,50.31999969482422,49.540000915527344,50.220001220703125,2445700
2017-04-05,37.348472595214844,49.439998626708984,51.18000030517578,49.400001525878906,50.65999984741211,4060300
2017-04-06,37.65065002441406,49.84000015258789,50.45000076293945,49.4900016784668,49.66999816894531,4536100
2017-04-07,37.78663635253906,50.02000045776367,50.43000030517578,49.5099983215332,49.75,3526800
2017-04-10,37.877281188964844,50.13999938964844,50.79999923706055,50.119998931884766,50.31999969482422,3773900
2017-04-11,38.09635925292969,50.43000030517578,50.540000915527344,49.90999984741211,50.189998626708984,4537300
2017-04-12,37.7261962890625,49.939998626708984,50.939998626708984,49.83000183105469,50.58000183105469,2986600
2017-04-13,37.19739532470703,49.2400016784668,50.0,49.099998474121094,49.86000061035156,3373800
2017-04-17,37.69596862792969,49.900001525878906,49.95000076293945,49.27000045776367,49.279998779296875,3563200
2017-04-18,36.970767974853516,48.939998626708984,50.0099983215332,48.63999938964844,49.599998474121094,3526500
2017-04-19,36.40419387817383,48.189998626708984,49.15999984741211,47.779998779296875,48.79999923706055,5526800
2017-04-20,36.66859817504883,48.540000915527344,49.02000045776367,48.130001068115234,48.279998779296875,3066800
2017-04-21,36.68370056152344,48.560001373291016,49.0,48.36000061035156,48.5099983215332,4201400
2017-04-24,37.9150505065918,50.189998626708984,50.439998626708984,49.11000061035156,49.36000061035156,5269900
2017-04-25,37.794189453125,50.029998779296875,50.41999816894531,49.88999938964844,50.27000045776367,3813600
2017-04-26,37.469356536865234,49.599998474121094,50.11000061035156,49.31999969482422,49.7400016784668,4885500
2017-04-27,38.54206466674805,51.02000045776367,51.619998931884766,49.459999084472656,49.470001220703125,6786600
2017-04-28,38.481624603271484,50.939998626708984,51.33000183105469,50.68000030517578,51.31999969482422,3648500
2017-05-01,38.42118835449219,50.86000061035156,51.18000030517578,50.47999954223633,51.150001525878906,3340900
2017-05-02,38.84422302246094,51.41999816894531,51.619998931884766,51.02000045776367,51.08000183105469,4864100
2017-05-03,38.708248138427734,51.2400016784668,51.689998626708984,50.880001068115234,51.11000061035156,4533400
2017-05-04,37.43913650512695,49.560001373291016,51.11000061035156,49.369998931884766,51.11000061035156,5862400
2017-05-05,38.27010726928711,50.65999984741211,50.72999954223633,49.459999084472656,49.779998779296875,5806300
2017-05-08,38.783809661865234,51.34000015258789,51.5,50.40999984741211,50.619998931884766,5924100
2017-05-09,38.874446868896484,51.459999084472656,51.68000030517578,50.970001220703125,51.5,3965000
2017-05-10,39.53922653198242,52.34000015258789,52.66999816894531,51.310001373291016,51.83000183105469,5965600
2017-05-11,39.66764450073242,52.5099983215332,53.2400016784668,52.27000045776367,52.5,4701600
2017-05-12,39.78852081298828,52.66999816894531,53.040000915527344,52.380001068115234,52.41999816894531,2946500
2017-05-15,40.305747985839844,52.9900016784668,53.52000045776367,52.52000045776367,52.970001220703125,4787700
2017-05-16,39.91781997680664,52.47999954223633,52.72999954223633,51.77000045776367,52.72999954223633,5047000
2017-05-17,39.59074783325195,52.04999923706055,52.84000015258789,51.790000915527344,52.47999954223633,4348000
2017-05-18,39.50707244873047,51.939998626708984,52.459999084472656,51.29999923706055,51.65999984741211,4092200
2017-05-19,40.14600372314453,52.779998779296875,53.11000061035156,51.90999984741211,52.15999984741211,4718900
2017-05-22,40.29814529418945,52.97999954223633,53.18000030517578,52.689998626708984,52.939998626708984,2405400
2017-05-23,40.37421417236328,53.08000183105469,53.31999969482422,52.75,53.0,2199100
2017-05-24,40.4122314453125,53.130001068115234,53.27000045776367,52.7599983215332,52.939998626708984,2917100
2017-05-25,39.894996643066406,52.45000076293945,53.90999984741211,52.43000030517578,53.150001525878906,3952000
2017-05-26,40.17644119262695,52.81999969482422,52.869998931884766,52.2400016784668,52.41999816894531,3843600
2017-05-30,39.87217712402344,52.41999816894531,53.189998626708984,52.31999969482422,52.41999816894531,4004700
2017-05-31,39.58314895629883,52.040000915527344,52.77000045776367,51.630001068115234,52.29999923706055,4572300
2017-06-01,40.4122314453125,53.130001068115234,53.56999969482422,52.380001068115234,52.43000030517578,8751100
2017-06-02,40.085174560546875,52.70000076293945,53.130001068115234,52.439998626708984,52.86000061035156,4461400
2017-06-05,40.161216735839844,52.79999923706055,53.15999984741211,52.439998626708984,52.56999969482422,3261500
2017-06-06,40.38179397583008,53.09000015258789,53.15999984741211,52.41999816894531,52.58000183105469,3252700
2017-06-07,40.2905387878418,52.970001220703125,53.16999816894531,52.470001220703125,52.84000015258789,3672800
2017-06-08,40.64043045043945,53.43000030517578,53.959999084472656,52.86000061035156,52.970001220703125,4652000
2017-06-09,41.614017486572266,54.709999084472656,54.970001220703125,53.459999084472656,53.54999923706055,9652000
2017-06-12,41.43147659301758,54.470001220703125,55.20000076293945,53.849998474121094,54.709999084472656,6217100
2017-06-13,41.857421875,55.029998779296875,55.04999923706055,54.34000015258789,54.47999954223633,3303700
2017-06-14,40.57958221435547,53.349998474121094,54.900001525878906,53.290000915527344,54.869998931884766,5523800
2017-06-15,40.305747985839844,52.9900016784668,53.33000183105469,52.7599983215332,53.099998474121094,4004500
2017-06-16,40.89904022216797,53.77000045776367,53.77000045776367,53.0099983215332,53.310001373291016,6775900
2017-06-19,41.294559478759766,54.290000915527344,54.369998931884766,53.810001373291016,53.810001373291016,3748000
2017-06-20,40.199249267578125,52.849998474121094,53.810001373291016,52.470001220703125,53.65999984741211,4838600
2017-06-21,39.34733963012695,51.72999954223633,53.0,51.18000030517578,52.93000030517578,5732100
2017-06-22,38.921390533447266,51.16999816894531,52.119998931884766,51.09000015258789,52.119998931884766,4936200
2017-06-23,39.17241287231445,51.5,51.650001525878906,50.7400016784668,51.189998626708984,6052500
2017-06-26,39.04309844970703,51.33000183105469,52.060001373291016,51.25,51.63999938964844,4827000
2017-06-27,39.43862533569336,51.849998474121094,52.349998474121094,51.08000183105469,51.400001525878906,3775100
2017-06-28,40.024322509765625,52.619998931884766,52.86000061035156,51.849998474121094,52.119998931884766,3171500
2017-06-29,39.408206939697266,51.810001373291016,53.02000045776367,51.720001220703125,52.88999938964844,4580500
2017-06-30,39.803733825683594,52.33000183105469,52.61000061035156,51.70000076293945,52.13999938964844,2917400
2017-07-03,40.38941192626953,53.099998474121094,53.369998931884766,52.619998931884766,52.630001068115234,1740700
2017-07-05,40.23728942871094,52.900001525878906,53.06999969482422,52.22999954223633,52.83000183105469,4098300
2017-07-06,40.199249267578125,52.849998474121094,53.52000045776367,52.619998931884766,53.13999938964844,3074600
2017-07-07,41.127220153808594,54.06999969482422,54.150001525878906,52.68000030517578,52.869998931884766,3908100
2017-07-10,41.13483810424805,54.08000183105469,54.5099983215332,53.90999984741211,53.95000076293945,3031300
2017-07-11,41.22610092163086,54.20000076293945,54.56999969482422,53.83000183105469,53.91999816894531,3288900
2017-07-12,40.89141845703125,53.7599983215332,54.79999923706055,53.72999954223633,54.7400016784668,2538600
2017-07-13,40.952274322509766,53.84000015258789,53.880001068115234,53.220001220703125,53.68000030517578,2614000
2017-07-14,40.9294548034668,53.810001373291016,54.04999923706055,53.599998474121094,53.810001373291016,2788700
2017-07-17,41.309776306152344,54.310001373291016,54.4900016784668,53.61000061035156,53.86000061035156,4615100
2017-07-18,41.70529556274414,54.83000183105469,54.84000015258789,54.220001220703125,54.619998931884766,2757900
2017-07-19,42.252952575683594,55.54999923706055,55.709999084472656,54.7400016784668,54.900001525878906,3365600
2017-07-20,42.13886642456055,55.400001525878906,55.83000183105469,54.810001373291016,55.7599983215332,3000500
2017-07-21,42.09322738647461,55.34000015258789,55.56999969482422,54.84000015258789,55.34000015258789,2101900
2017-07-24,42.26057052612305,55.560001373291016,55.869998931884766,55.33000183105469,55.56999969482422,2306100
2017-07-25,42.610450744628906,56.02000045776367,56.63999938964844,55.95000076293945,56.13999938964844,4102400
2017-07-26,42.33662796020508,55.65999984741211,56.61000061035156,55.63999938964844,56.38999938964844,4010500
2017-07-27,42.70934295654297,56.150001525878906,56.459999084472656,53.5099983215332,54.27000045776367,5047400
2017-07-28,41.81938171386719,54.97999954223633,56.209999084472656,54.93000030517578,55.91999816894531,3412400
2017-07-31,42.58763122558594,55.9900016784668,56.20000076293945,55.02000045776367,55.15999984741211,2973100
2017-08-01,42.998390197753906,56.529998779296875,56.810001373291016,55.90999984741211,56.11000061035156,2918400
2017-08-02,42.74736404418945,56.20000076293945,56.689998626708984,56.060001373291016,56.150001525878906,2908200
2017-08-03,42.511566162109375,55.88999938964844,56.27000045776367,55.75,56.04999923706055,2683000
2017-08-04,42.43550109863281,55.790000915527344,56.45000076293945,55.65999984741211,55.97999954223633,3467600
2017-08-07,41.758548736572266,54.900001525878906,55.70000076293945,54.849998474121094,55.59000015258789,3182600
2017-08-08,41.40863800048828,54.439998626708984,55.060001373291016,54.310001373291016,54.900001525878906,2312200
2017-08-09,40.305747985839844,52.9900016784668,54.689998626708984,52.83000183105469,54.43000030517578,4329200
2017-08-10,39.71244430541992,52.209999084472656,53.040000915527344,52.130001068115234,53.040000915527344,3676200
2017-08-11,39.6744270324707,52.15999984741211,52.349998474121094,51.689998626708984,52.029998779296875,3303500
2017-08-14,40.096012115478516,52.310001373291016,52.689998626708984,52.060001373291016,52.08000183105469,2248700
2017-08-15,39.77406311035156,51.88999938964844,52.369998931884766,51.7599983215332,52.25,3015500
2017-08-16,39.13787078857422,51.060001373291016,52.060001373291016,50.90999984741211,52.0,3896700
2017-08-17,38.09541320800781,49.70000076293945,50.88999938964844,49.68000030517578,50.720001220703125,4586200
2017-08-18,38.40968704223633,50.11000061035156,50.540000915527344,49.43000030517578,49.619998931884766,3661300
2017-08-21,37.9037971496582,49.45000076293945,50.099998474121094,49.45000076293945,50.06999969482422,3561100
2017-08-22,38.072425842285156,49.66999816894531,49.959999084472656,49.29999923706055,49.709999084472656,3257500
2017-08-23,38.45566940307617,50.16999816894531,50.380001068115234,49.33000183105469,49.43000030517578,4527200
2017-08-24,39.1915283203125,51.130001068115234,51.540000915527344,50.189998626708984,50.2599983215332,4070100
2017-08-25,39.64375686645508,51.720001220703125,52.20000076293945,51.36000061035156,51.470001220703125,3101400
2017-08-28,40.2569694519043,52.52000045776367,52.970001220703125,52.029998779296875,52.33000183105469,5812400
2017-08-29,39.42148208618164,51.43000030517578,52.52000045776367,51.119998931884766,52.16999816894531,5375900
2017-08-30,40.1113395690918,52.33000183105469,52.540000915527344,51.369998931884766,51.529998779296875,4249300
2017-08-31,40.203304290771484,52.45000076293945,52.86000061035156,52.0,52.54999923706055,4895500
2017-09-01,41.60601043701172,54.279998779296875,54.31999969482422,52.5,52.54999923706055,3976600
2017-09-05,39.697410583496094,51.790000915527344,53.65999984741211,50.52000045776367,53.58000183105469,8363200
2017-09-06,40.141990661621094,52.369998931884766,52.56999969482422,51.4900016784668,51.63999938964844,6461900
2017-09-07,40.34128952026367,52.630001068115234,53.099998474121094,52.34000015258789,52.630001068115234,3902700
2017-09-08,40.94682693481445,53.41999816894531,53.709999084472656,52.52000045776367,52.65999984741211,4656400
2017-09-11,41.199771881103516,53.75,53.84000015258789,52.59000015258789,53.47999954223633,4580100
2017-09-12,41.2150993347168,53.77000045776367,54.47999954223633,53.58000183105469,53.95000076293945,3425900
2017-09-13,40.785865783691406,53.209999084472656,54.08000183105469,52.709999084472656,54.0,4395700
2017-09-14,40.11899948120117,52.34000015258789,53.33000183105469,52.310001373291016,53.27000045776367,5402000
2017-09-15,40.59423065185547,52.959999084472656,53.119998931884766,52.2599983215332,52.36000061035156,9062800
2017-09-18,41.06947326660156,53.58000183105469,53.72999954223633,52.93000030517578,53.060001373291016,4522000
2017-09-19,41.54469680786133,54.20000076293945,54.34000015258789,53.380001068115234,53.75,4522500
2017-09-20,41.720985412597656,54.43000030517578,54.70000076293945,54.029998779296875,54.380001068115234,4221700
2017-09-21,41.67500686645508,54.369998931884766,54.88999938964844,54.2599983215332,54.43000030517578,4037800
2017-09-22,41.950950622558594,54.72999954223633,55.02000045776367,54.130001068115234,54.2400016784668,3681400
2017-09-25,42.564151763916016,55.529998779296875,55.810001373291016,54.97999954223633,55.0,4594600
2017-09-26,42.44918441772461,55.380001068115234,55.650001525878906,55.06999969482422,55.36000061035156,4032800
2017-09-27,42.34187698364258,55.2400016784668,55.779998779296875,54.61000061035156,54.61000061035156,3857900
2017-09-28,42.51816177368164,55.470001220703125,55.779998779296875,55.150001525878906,55.2599983215332,3762900
2017-09-29,42.98573303222656,56.08000183105469,56.54999923706055,55.290000915527344,55.459999084472656,3723900
2017-10-02,42.8400993347168,55.88999938964844,56.27000045776367,55.529998779296875,55.939998626708984,2712500
2017-10-03,43.03172302246094,56.13999938964844,56.310001373291016,55.25,55.529998779296875,3199900
2017-10-04,43.16203308105469,56.310001373291016,56.70000076293945,55.900001525878906,56.15999984741211,2804600
2017-10-05,43.11604309082031,56.25,56.900001525878906,56.13999938964844,56.47999954223633,2886500
2017-10-06,42.93974685668945,56.02000045776367,56.400001525878906,55.709999084472656,55.79999923706055,3917400
2017-10-09,43.03172302246094,56.13999938964844,56.4900016784668,56.040000915527344,56.130001068115234,3281500
2017-10-10,43.11604309082031,56.25,57.02000045776367,56.18000030517578,56.720001220703125,3621700
2017-10-11,43.093048095703125,56.220001220703125,56.540000915527344,56.13999938964844,56.310001373291016,4164100
2017-10-12,43.34598922729492,56.54999923706055,56.900001525878906,55.79999923706055,56.0,3048400
2017-10-13,43.20802307128906,56.369998931884766,56.91999816894531,56.290000915527344,56.88999938964844,2839200
2017-10-16,42.70979690551758,55.720001220703125,56.56999969482422,55.68000030517578,56.41999816894531,5437900
2017-10-17,43.31533432006836,56.5099983215332,56.529998779296875,55.72999954223633,55.7400016784668,3017900
2017-10-18,43.499298095703125,56.75,56.86000061035156,56.400001525878906,56.52000045776367,2905800
2017-10-19,43.767574310302734,57.099998474121094,57.13999938964844,56.16999816894531,56.41999816894531,3403700
2017-10-20,44.06650924682617,57.4900016784668,57.7400016784668,57.150001525878906,57.29999923706055,3904900
2017-10-23,43.185028076171875,56.34000015258789,57.4900016784668,56.2599983215332,57.47999954223633,3734700
2017-10-24,43.68326187133789,56.9900016784668,57.27000045776367,56.540000915527344,56.540000915527344,3428900
2017-10-25,43.26167678833008,56.439998626708984,57.13999938964844,55.88999938964844,56.959999084472656,4895500
2017-10-26,43.897884368896484,57.27000045776367,57.91999816894531,55.869998931884766,57.52000045776367,4239300
2017-10-27,44.81768035888672,58.470001220703125,58.93000030517578,57.400001525878906,57.68000030517578,4159900
2017-10-30,45.26993179321289,59.060001373291016,59.56999969482422,58.25,58.5,3887700
2017-10-31,45.7911491394043,59.7400016784668,60.15999984741211,58.83000183105469,59.779998779296875,5157600
2017-11-01,46.672637939453125,60.88999938964844,61.900001525878906,60.06999969482422,60.2400016784668,5609400
2017-11-02,47.653770446777344,62.16999816894531,62.34000015258789,60.869998931884766,61.060001373291016,5216100
2017-11-03,47.6767578125,62.20000076293945,62.779998779296875,61.900001525878906,62.2599983215332,3660700
2017-11-06,47.79174041748047,62.349998474121094,62.529998779296875,62.099998474121094,62.34000015258789,3695400
2017-11-07,48.37428665161133,63.11000061035156,63.119998931884766,62.150001525878906,62.58000183105469,3725400
2017-11-08,48.45860290527344,63.220001220703125,63.40999984741211,62.560001373291016,63.290000915527344,4834200
2017-11-09,47.26284408569336,61.65999984741211,62.72999954223633,60.900001525878906,62.619998931884766,5014800
2017-11-10,47.308837890625,61.720001220703125,62.279998779296875,61.61000061035156,61.97999954223633,3220100
2017-11-13,47.6767578125,62.20000076293945,62.54999923706055,61.709999084472656,61.790000915527344,2823400
2017-11-14,48.190311431884766,62.869998931884766,63.08000183105469,61.95000076293945,62.31999969482422,4490200
2017-11-15,47.44204330444336,61.5,61.810001373291016,60.099998474121094,60.45000076293945,4743600
2017-11-16,47.83546829223633,62.0099983215332,62.58000183105469,61.150001525878906,61.5099983215332,3981300
2017-11-17,48.03603744506836,62.27000045776367,62.45000076293945,61.63999938964844,61.849998474121094,3195900
2017-11-20,47.78146743774414,61.939998626708984,62.529998779296875,61.75,62.11000061035156,2573100
2017-11-21,48.05146789550781,62.290000915527344,62.36000061035156,61.79999923706055,62.189998626708984,2532400
2017-11-22,47.83546829223633,62.0099983215332,62.400001525878906,61.2599983215332,62.349998474121094,2956000
2017-11-24,47.85089111328125,62.029998779296875,62.25,61.58000183105469,62.15999984741211,1407400
2017-11-27,47.735191345214844,61.880001068115234,62.45000076293945,61.599998474121094,61.95000076293945,6393000
2017-11-28,47.997459411621094,62.220001220703125,62.380001068115234,61.65999984741211,62.290000915527344,2889900
2017-11-29,47.36491012573242,61.400001525878906,62.2400016784668,60.95000076293945,62.0099983215332,4231000
2017-11-30,48.313751220703125,62.630001068115234,62.779998779296875,61.439998626708984,61.689998626708984,4883700
2017-12-01,48.475738525390625,62.84000015258789,63.060001373291016,61.59000015258789,62.81999969482422,5187800
2017-12-04,48.830596923828125,63.29999923706055,64.31999969482422,62.61000061035156,62.91999816894531,4242900
2017-12-05,49.78715515136719,64.54000091552734,65.41000366210938,63.15999984741211,63.41999816894531,4256100
2017-12-06,48.95401382446289,63.459999084472656,64.45999908447266,63.27000045776367,64.31999969482422,2354800
2017-12-07,49.37058639526367,64.0,64.06999969482422,63.0,63.099998474121094,3362700
2017-12-08,49.949134826660156,64.75,64.94000244140625,63.95000076293945,64.19000244140625,3084700
2017-12-11,49.725433349609375,64.45999908447266,65.08000183105469,64.33000183105469,64.45999908447266,2768800
2017-12-12,49.74857711791992,64.48999786376953,65.29000091552734,64.2699966430664,64.81999969482422,2591600
2017-12-13,49.48630142211914,64.1500015258789,64.41000366210938,63.79999923706055,64.30000305175781,2966100
2017-12-14,49.87970733642578,64.66000366210938,65.04000091552734,64.05999755859375,64.16000366210938,4319000
2017-12-15,50.72056579589844,65.75,66.19000244140625,64.69999694824219,64.94999694824219,10013900
2017-12-18,50.92113494873047,66.01000213623047,66.37999725341797,65.7300033569336,65.87000274658203,3386400
2017-12-19,49.949134826660156,64.75,66.12000274658203,64.68000030517578,66.02999877929688,4367500
2017-12-20,50.65114212036133,65.66000366210938,65.86000061035156,64.76000213623047,65.05999755859375,5163600
2017-12-21,51.16797637939453,66.33000183105469,66.79000091552734,65.41999816894531,65.69999694824219,5675700
2017-12-22,51.19112777709961,66.36000061035156,66.8499984741211,66.22000122070312,66.69999694824219,3449500
2017-12-26,51.561405181884766,66.83999633789062,67.06999969482422,66.41000366210938,66.55000305175781,2309900
2017-12-27,51.237403869628906,66.41999816894531,66.88999938964844,66.36000061035156,66.72000122070312,2195500
2017-12-28,51.22198486328125,66.4000015258789,66.55999755859375,66.16000366210938,66.43000030517578,3124400
2017-12-29,50.897979736328125,65.9800033569336,66.75,65.95999908447266,66.47000122070312,2289100
2018-01-02,51.82368087768555,67.18000030517578,67.25,65.9800033569336,66.11000061035156,3055900
2018-01-03,52.92680740356445,68.61000061035156,68.97000122070312,67.41000366210938,67.45999908447266,4844000
2018-01-04,52.980812072753906,68.68000030517578,69.05999755859375,68.4000015258789,68.66000366210938,3156400
2018-01-05,53.48994445800781,69.33999633789062,69.45999908447266,68.51000213623047,68.87000274658203,3512300
2018-01-08,53.52851486206055,69.38999938964844,69.68000030517578,69.01000213623047,69.06999969482422,3212600
2018-01-09,53.2276611328125,69.0,69.55000305175781,68.91000366210938,69.38999938964844,2980300
2018-01-10,53.621089935302734,69.51000213623047,69.62999725341797,68.44999694824219,68.79000091552734,2719400
2018-01-11,54.191917419433594,70.25,70.43000030517578,69.3499984741211,69.72000122070312,2494500
2018-01-12,55.094486236572266,71.41999816894531,71.5,70.47000122070312,70.47000122070312,2628200
2018-01-16,54.60077667236328,70.77999877929688,71.83000183105469,70.61000061035156,71.5999984741211,4401500
2018-01-17,55.5264892578125,71.9800033569336,72.4800033569336,70.91999816894531,71.11000061035156,3489700
2018-01-18,55.14847183227539,71.48999786376953,72.5199966430664,71.16000366210938,71.77999877929688,3610600
2018-01-19,55.45704650878906,71.88999938964844,72.02999877929688,71.08999633789062,71.66000366210938,3894300
2018-01-22,56.436763763427734,73.16000366210938,73.19999694824219,71.72000122070312,72.04000091552734,4365700
2018-01-23,56.40589904785156,73.12000274658203,73.5,72.63999938964844,73.30999755859375,2852600
2018-01-24,55.22563552856445,71.58999633789062,73.52999877929688,71.29000091552734,73.37000274658203,3933900
2018-01-25,54.83220672607422,71.08000183105469,72.2300033569336,71.01000213623047,72.08000183105469,2894300
2018-01-26,55.341339111328125,71.73999786376953,72.0199966430664,71.19000244140625,71.29000091552734,3556100
2018-01-29,54.114803314208984,70.1500015258789,71.75,69.97000122070312,71.51000213623047,4153100
2018-01-30,53.32794952392578,69.12999725341797,69.58000183105469,67.80999755859375,69.05000305175781,4841700
2018-01-31,53.43595504760742,69.2699966430664,69.63999938964844,68.20999908447266,69.23999786376953,6425000
2018-02-01,52.98851776123047,68.69000244140625,70.48999786376953,67.12000274658203,69.7699966430664,6953500
2018-02-02,52.00110626220703,67.41000366210938,69.44999694824219,66.80999755859375,68.33000183105469,5035100
2018-02-05,49.81800842285156,64.58000183105469,67.44000244140625,63.22999954223633,66.08000183105469,5891600
2018-02-06,50.67428970336914,65.69000244140625,65.94000244140625,62.2599983215332,62.93000030517578,4615400
2018-02-07,50.211421966552734,65.08999633789062,67.63999938964844,64.94000244140625,66.95999908447266,5065000
2018-02-08,48.43717575073242,62.790000915527344,65.3499984741211,62.77000045776367,64.91000366210938,4379300
2018-02-09,49.24714660644531,63.84000015258789,64.58000183105469,61.459999084472656,63.45000076293945,4871400
2018-02-12,49.96455764770508,64.7699966430664,65.69999694824219,64.0199966430664,64.4800033569336,3423700
2018-02-13,50.97512435913086,66.08000183105469,66.4000015258789,64.29000091552734,64.66999816894531,3571000
2018-02-14,52.579689025878906,68.16000366210938,68.41999816894531,65.18000030517578,65.45999908447266,4690000
2018-02-15,52.301971435546875,67.80000305175781,68.81999969482422,66.87999725341797,68.16000366210938,4187200
2018-02-16,52.40226364135742,67.93000030517578,68.43000030517578,66.9800033569336,67.5999984741211,3301300
2018-02-20,51.4547119140625,66.25,67.88999938964844,65.83000183105469,67.44999694824219,3236000
2018-02-21,51.47023391723633,66.2699966430664,67.48999786376953,66.12999725341797,66.29000091552734,4522200
2018-02-22,51.617801666259766,66.45999908447266,67.6500015258789,66.41000366210938,66.52999877929688,4149500
2018-02-23,51.8896369934082,66.80999755859375,67.16999816894531,65.76000213623047,66.87999725341797,2896400
2018-02-26,51.48577880859375,66.29000091552734,67.05000305175781,66.05999755859375,66.91999816894531,3243200
2018-02-27,50.94987106323242,65.5999984741211,67.08999633789062,65.58999633789062,66.16000366210938,4395600
2018-02-28,49.75379180908203,64.05999755859375,65.95999908447266,64.05000305175781,65.95999908447266,5536600
2018-03-01,50.32075500488281,64.79000091552734,65.58000183105469,64.13999938964844,64.2699966430664,4264800
2018-03-02,50.63142395019531,65.19000244140625,65.41999816894531,64.0999984741211,64.37999725341797,2890100
2018-03-05,51.38480758666992,66.16000366210938,66.5,64.5999984741211,64.87999725341797,3662000
2018-03-06,52.340110778808594,67.38999938964844,67.87000274658203,66.2300033569336,66.62000274658203,3730300
2018-03-07,52.565338134765625,67.68000030517578,68.11000061035156,66.68000030517578,66.95999908447266,3536800
2018-03-08,53.613853454589844,69.02999877929688,69.06999969482422,67.38999938964844,68.12000274658203,4015600
2018-03-09,54.5380973815918,70.22000122070312,70.68000030517578,69.43000030517578,69.7300033569336,4110400
2018-03-12,53.800262451171875,69.2699966430664,70.4800033569336,69.16999816894531,70.23999786376953,3175900
2018-03-13,53.77696990966797,69.23999786376953,70.29000091552734,68.7699966430664,69.37999725341797,3246000
2018-03-14,53.87016296386719,69.36000061035156,70.0199966430664,69.1500015258789,69.6500015258789,3328600
2018-03-15,53.30318832397461,68.62999725341797,69.7699966430664,67.44999694824219,69.55999755859375,4534800
2018-03-16,54.11869430541992,69.68000030517578,69.9800033569336,68.5,68.51000213623047,6081700
2018-03-19,53.75365447998047,69.20999908447266,69.56999969482422,68.72000122070312,69.4000015258789,2774000
2018-03-20,55.50117874145508,71.45999908447266,71.81999969482422,69.44000244140625,69.69999694824219,4723500
2018-03-21,56.86035919189453,73.20999908447266,73.87999725341797,71.70999908447266,71.80999755859375,4355900
2018-03-22,56.67396926879883,72.97000122070312,73.88999938964844,72.11000061035156,72.37000274658203,3809500
2018-03-23,55.36138916015625,71.27999877929688,74.4800033569336,71.16999816894531,73.4000015258789,5858200
2018-03-26,57.22539520263672,73.68000030517578,74.05999755859375,72.08000183105469,72.0999984741211,4245400
2018-03-27,56.604068756103516,72.87999725341797,74.91999816894531,72.4000015258789,73.87999725341797,3640400
2018-03-28,55.78077697753906,71.81999969482422,73.43000030517578,71.58999633789062,73.12999725341797,4082300
2018-03-29,56.78269577026367,73.11000061035156,73.63999938964844,72.12999725341797,72.2300033569336,2790900
2018-04-02,55.7652587890625,71.80000305175781,73.37999725341797,70.83999633789062,72.94999694824219,3372600
2018-04-03,56.38658905029297,72.5999984741211,72.79000091552734,71.37999725341797,72.69999694824219,3660000
2018-04-04,56.3632926940918,72.56999969482422,72.81999969482422,70.30999755859375,71.58999633789062,4382800
2018-04-05,57.01570129394531,73.41000366210938,73.94999694824219,72.7300033569336,73.23999786376953,4706500
2018-04-06,56.270076751708984,72.44999694824219,73.45999908447266,71.52999877929688,72.70999908447266,3211500
2018-04-09,55.664283752441406,71.66999816894531,72.98999786376953,71.6500015258789,72.47000122070312,3889800
2018-04-10,57.240928649902344,73.69999694824219,74.12999725341797,72.86000061035156,72.94000244140625,3906500
2018-04-11,57.48946762084961,74.0199966430664,74.47000122070312,73.41000366210938,73.70999908447266,3916800
2018-04-12,57.66810989379883,74.25,74.62000274658203,73.41999816894531,74.30000305175781,2357900
2018-04-13,57.93217849731445,74.58999633789062,75.0,73.97000122070312,74.45999908447266,2485600
2018-04-16,60.20782470703125,77.5199966430664,77.91999816894531,74.77999877929688,74.9800033569336,4840000
2018-04-17,61.00780487060547,78.55000305175781,78.81999969482422,76.5999984741211,77.79000091552734,3866200
2018-04-18,61.18644332885742,78.77999877929688,79.9800033569336,78.51000213623047,79.06999969482422,4192700
2018-04-19,61.66798782348633,79.4000015258789,79.80999755859375,78.20999908447266,78.80000305175781,3147600
2018-04-20,61.94759750366211,79.76000213623047,80.04000091552734,79.13999938964844,79.4000015258789,2557700
2018-04-23,62.017494201660156,79.8499984741211,80.22000122070312,78.87999725341797,79.9800033569336,2946900
2018-04-24,61.96310806274414,79.77999877929688,81.62999725341797,79.12000274658203,80.31999969482422,4744100
2018-04-25,62.3126335144043,80.2300033569336,80.27999877929688,78.18000030517578,79.19000244140625,3272000
2018-04-26,64.40966033935547,82.93000030517578,83.2699966430664,79.95999908447266,80.69999694824219,4330100
2018-04-27,63.24460983276367,81.43000030517578,82.62999725341797,81.30999755859375,82.55999755859375,3287700
2018-04-30,58.18070602416992,74.91000366210938,79.01000213623047,74.0999984741211,75.47000122070312,28076500
2018-05-01,56.61957931518555,72.9000015258789,74.43000030517578,70.45999908447266,74.27999877929688,20929500
2018-05-02,58.90302276611328,75.83999633789062,77.62999725341797,72.94000244140625,73.27999877929688,13325500
2018-05-03,60.1612434387207,77.45999908447266,77.72000122070312,74.5199966430664,76.27999877929688,9029100
2018-05-04,59.75737380981445,76.94000244140625,77.51000213623047,76.0999984741211,76.9000015258789,5612100
2018-05-07,59.41560363769531,76.5,78.97000122070312,76.45999908447266,77.2300033569336,5856900
2018-05-08,58.49137496948242,75.30999755859375,76.91999816894531,74.27999877929688,76.43000030517578,6857100
2018-05-09,59.8893928527832,77.11000061035156,78.11000061035156,75.83999633789062,76.16999816894531,4827000
2018-05-10,60.2233772277832,77.54000091552734,78.25,76.62000274658203,77.94000244140625,4532100
2018-05-11,60.06025695800781,77.33000183105469,77.97000122070312,76.98999786376953,77.72000122070312,3549200
2018-05-14,60.844703674316406,78.33999633789062,78.5999984741211,77.5199966430664,77.83999633789062,4936700
2018-05-15,60.38376235961914,77.29000091552734,78.63999938964844,76.72000122070312,77.8499984741211,5869400
2018-05-16,59.946250915527344,76.7300033569336,77.2699966430664,75.93000030517578,77.0999984741211,6890300
2018-05-17,63.05567169189453,80.70999908447266,80.91999816894531,77.23999786376953,77.5999984741211,9675600
2018-05-18,62.133785247802734,79.52999877929688,80.72000122070312,79.0999984741211,80.58000183105469,4015700
2018-05-21,61.6025276184082,78.8499984741211,80.11000061035156,78.58999633789062,79.9800033569336,3866500
2018-05-22,61.321285247802734,78.48999786376953,80.36000061035156,78.25,79.16000366210938,4111900
2018-05-23,61.618141174316406,78.87000274658203,78.93000030517578,77.20999908447266,77.7699966430664,4419300
2018-05-24,61.80564880371094,79.11000061035156,79.26000213623047,77.55000305175781,78.16999816894531,6090000
2018-05-25,60.157196044921875,77.0,77.97000122070312,75.93000030517578,77.9000015258789,6419000
2018-05-29,60.63374710083008,77.61000061035156,78.83999633789062,76.52999877929688,77.01000213623047,6145500
2018-05-30,62.14940643310547,79.55000305175781,80.47000122070312,77.95999908447266,78.7699966430664,6100600
2018-05-31,61.74313735961914,79.02999877929688,82.69000244140625,79.02999877929688,79.4000015258789,8272100
2018-06-01,64.0009994506836,81.91999816894531,82.02999877929688,79.0,79.77999877929688,6979800
2018-06-04,64.00881958007812,81.93000030517578,83.33000183105469,81.55000305175781,82.30000305175781,6655300
2018-06-05,62.7587890625,80.33000183105469,82.19999694824219,79.7300033569336,81.9000015258789,4851800
2018-06-06,61.5322151184082,78.76000213623047,80.1500015258789,77.55000305175781,80.05000305175781,6320300
2018-06-07,61.836910247802734,79.1500015258789,79.61000061035156,78.3499984741211,79.5199966430664,4197600
2018-06-08,61.711910247802734,78.98999786376953,79.33999633789062,78.02999877929688,78.83999633789062,4058800
2018-06-11,60.7587776184082,77.7699966430664,78.94000244140625,76.83999633789062,78.94000244140625,5268200
2018-06-12,58.954044342041016,75.45999908447266,78.30999755859375,75.22000122070312,77.88999938964844,7553200
2018-06-13,58.50092315673828,74.87999725341797,75.79000091552734,74.44000244140625,75.61000061035156,4645600
2018-06-14,58.74311828613281,75.19000244140625,76.19000244140625,75.08000183105469,75.61000061035156,4880500
2018-06-15,57.46963119506836,73.55999755859375,75.45999908447266,73.2699966430664,74.70999908447266,8448900
2018-06-18,58.43060302734375,74.79000091552734,75.2300033569336,73.25,73.63999938964844,4517800
2018-06-19,58.21966552734375,74.5199966430664,75.1500015258789,73.70999908447266,74.01000213623047,3828100
2018-06-20,57.67277145385742,73.81999969482422,74.91000366210938,73.30000305175781,74.5,3217200
2018-06-21,56.62587356567383,72.4800033569336,73.80000305175781,72.2300033569336,73.45999908447266,4776300
2018-06-22,56.73526382446289,72.62000274658203,74.18000030517578,72.55999755859375,74.02999877929688,11180200
2018-06-25,54.6649169921875,69.97000122070312,72.9000015258789,69.27999877929688,72.83000183105469,7899400
2018-06-26,55.110233306884766,70.54000091552734,71.2300033569336,70.05000305175781,70.06999969482422,4478800
2018-06-27,54.06334686279297,69.19999694824219,71.69000244140625,69.02999877929688,71.0199966430664,5758900
2018-06-28,54.28990936279297,69.48999786376953,70.4800033569336,69.05999755859375,69.47000122070312,4546300
2018-06-29,54.81336212158203,70.16000366210938,71.2699966430664,69.70999908447266,69.91000366210938,5576800
2018-07-02,54.899288177490234,70.2699966430664,70.4000015258789,69.19999694824219,69.69000244140625,5351000
2018-07-03,55.3289794921875,70.81999969482422,72.62000274658203,70.27999877929688,70.55000305175781,6832100
2018-07-05,54.37583923339844,69.5999984741211,72.45999908447266,68.18000030517578,71.41000366210938,8436100
2018-07-06,54.8446044921875,70.19999694824219,70.9800033569336,69.12000274658203,69.20999908447266,4055100
2018-07-09,56.11023712158203,71.81999969482422,72.16999816894531,70.4000015258789,70.44000244140625,5463300
2018-07-10,56.14931106567383,71.87000274658203,73.18000030517578,71.77999877929688,71.88999938964844,3965500
2018-07-11,54.657100677490234,69.95999908447266,71.69000244140625,69.30000305175781,70.95999908447266,4441200
2018-07-12,55.0868034362793,70.51000213623047,70.66999816894531,69.2699966430664,70.52999877929688,3951200
2018-07-13,56.04774856567383,71.73999786376953,71.9800033569336,70.4800033569336,70.87000274658203,4884600
2018-07-16,55.7977409362793,71.41999816894531,71.9000015258789,70.79000091552734,71.05000305175781,3077100
2018-07-17,56.01649856567383,71.69999694824219,72.6500015258789,70.83000183105469,71.37999725341797,3110700
2018-07-18,56.688377380371094,72.55999755859375,72.75,70.61000061035156,71.47000122070312,5089500
2018-07-19,56.922767639160156,72.86000061035156,73.44999694824219,72.5999984741211,72.88999938964844,3148700
2018-07-20,56.65715026855469,72.5199966430664,73.26000213623047,72.0999984741211,72.6500015258789,4231700
2018-07-23,57.03213119506836,73.0,73.38999938964844,72.30999755859375,73.05999755859375,3605800
2018-07-24,57.610267639160156,73.73999786376953,74.55999755859375,73.04000091552734,73.43000030517578,4223600
2018-07-25,58.37591552734375,74.72000122070312,74.86000061035156,73.36000061035156,73.86000061035156,5236300
2018-07-26,62.62599563598633,80.16000366210938,80.62999725341797,75.41000366210938,75.88999938964844,11435400
2018-07-27,63.274417877197266,80.98999786376953,81.9000015258789,79.69999694824219,80.62000274658203,5450900
2018-07-30,63.6728630065918,81.5,82.2699966430664,81.19000244140625,81.66000366210938,4166200
2018-07-31,63.14944076538086,80.83000183105469,82.61000061035156,80.72000122070312,81.62000274658203,4686700
2018-08-01,63.094730377197266,80.76000213623047,81.06999969482422,79.8499984741211,80.25,4279400
2018-08-02,62.2900390625,79.7300033569336,80.30000305175781,79.22000122070312,80.27999877929688,3785000
2018-08-03,61.790016174316406,79.08999633789062,80.33999633789062,78.41000366210938,79.72000122070312,3075100
2018-08-06,62.375972747802734,79.83999633789062,79.93000030517578,78.80999755859375,79.4000015258789,3837100
2018-08-07,63.493194580078125,81.2699966430664,81.93000030517578,80.11000061035156,80.4000015258789,4145800
2018-08-08,63.821327209472656,81.69000244140625,81.98999786376953,80.18000030517578,80.73999786376953,3171200
2018-08-09,63.08694839477539,80.75,82.18000030517578,80.44999694824219,81.8499984741211,3027600
2018-08-10,63.227542877197266,80.93000030517578,81.23999786376953,80.33000183105469,80.33999633789062,2708400
2018-08-13,62.571285247802734,80.08999633789062,81.73999786376953,80.02999877929688,81.12999725341797,2307800
2018-08-14,62.586910247802734,80.11000061035156,80.86000061035156,79.27999877929688,80.70999908447266,3413800
2018-08-15,60.64604187011719,77.18000030517578,79.31999969482422,76.80999755859375,79.0199966430664,6162800
2018-08-16,60.26102828979492,76.69000244140625,78.43000030517578,76.58000183105469,77.52999877929688,4075600
2018-08-17,60.5910530090332,77.11000061035156,77.37000274658203,76.22000122070312,77.2699966430664,3374300
2018-08-20,61.8875846862793,78.76000213623047,79.22000122070312,77.18000030517578,77.37000274658203,3352300
2018-08-21,62.084014892578125,79.01000213623047,80.80000305175781,78.80999755859375,79.02999877929688,5733400
2018-08-22,63.026939392089844,80.20999908447266,80.5199966430664,79.0199966430664,79.0999984741211,3838700
2018-08-23,64.1348876953125,81.62000274658203,81.73999786376953,79.94999694824219,80.27999877929688,3392100
2018-08-24,65.86360931396484,83.81999969482422,83.86000061035156,81.68000030517578,82.12000274658203,6091800
2018-08-27,65.75359344482422,83.68000030517578,84.79000091552734,83.19000244140625,84.05000305175781,4305200
2018-08-28,65.93431854248047,83.91000366210938,84.58000183105469,83.51000213623047,83.70999908447266,3222900
2018-08-29,65.7850112915039,83.72000122070312,84.55000305175781,82.94999694824219,84.1500015258789,3624700
2018-08-30,65.31354522705078,83.12000274658203,83.94999694824219,82.02999877929688,83.94000244140625,4420500
2018-08-31,64.6613540649414,82.29000091552734,83.0,81.08000183105469,82.79000091552734,6666800
2018-09-04,66.22506713867188,84.27999877929688,85.08000183105469,82.5999984741211,82.75,6036200
2018-09-05,65.95789337158203,83.94000244140625,84.47000122070312,82.41999816894531,84.05999755859375,5718900
2018-09-06,65.0621109008789,82.80000305175781,85.33999633789062,82.75,83.77999877929688,4468200
2018-09-07,64.834228515625,82.51000213623047,82.8499984741211,81.5199966430664,82.80000305175781,3589100
2018-09-10,64.77136993408203,82.43000030517578,83.0999984741211,82.1500015258789,82.69999694824219,4067700
2018-09-11,65.62787628173828,83.5199966430664,83.8499984741211,81.70999908447266,82.25,3835400
2018-09-12,66.16217041015625,84.19999694824219,85.22000122070312,83.58999633789062,83.62999725341797,5581900
2018-09-13,66.07575988769531,84.08999633789062,84.54000091552734,82.87000274658203,84.30000305175781,4575900
2018-09-14,66.27220916748047,84.33999633789062,84.73999786376953,83.87999725341797,84.04000091552734,3294400
2018-09-17,65.86360931396484,83.81999969482422,84.48999786376953,83.37999725341797,84.43000030517578,3510200
2018-09-18,65.98147583007812,83.97000122070312,84.66000366210938,83.44000244140625,84.23999786376953,4563000
2018-09-19,63.28628158569336,80.54000091552734,83.77999877929688,80.08999633789062,83.2699966430664,6867500
2018-09-20,64.37848663330078,81.93000030517578,82.55000305175781,79.56999969482422,81.0,6500000
2018-09-21,65.50997161865234,83.37000274658203,83.9800033569336,81.93000030517578,82.30000305175781,8531600
2018-09-24,67.41156768798828,85.79000091552734,86.36000061035156,83.69999694824219,83.94000244140625,6853000
2018-09-25,66.83010864257812,85.05000305175781,88.44999694824219,84.94000244140625,86.66999816894531,7512100
2018-09-26,66.4215087890625,84.52999877929688,85.20999908447266,82.44999694824219,84.70999908447266,7955000
2018-09-27,65.2507095336914,83.04000091552734,85.94999694824219,82.70999908447266,84.77999877929688,8087700
2018-09-28,62.8383674621582,79.97000122070312,83.0,79.97000122070312,82.44999694824219,39153800
2018-10-01,64.77136993408203,82.43000030517578,83.31999969482422,81.16000366210938,81.61000061035156,6696600
2018-10-02,65.43927764892578,83.27999877929688,83.41999816894531,81.58999633789062,82.9000015258789,7100100
2018-10-03,67.8830337524414,86.38999938964844,86.55999755859375,84.0,84.31999969482422,8331700
2018-10-04,67.00299072265625,85.2699966430664,86.31999969482422,84.01000213623047,86.05000305175781,6911300
2018-10-05,66.4057846069336,84.51000213623047,85.0,83.2300033569336,84.81999969482422,7580800
2018-10-08,65.89501953125,83.86000061035156,84.16000366210938,81.87000274658203,84.0,9552200
2018-10-09,65.81645202636719,83.76000213623047,84.4800033569336,82.86000061035156,83.95999908447266,5322700
2018-10-10,63.37269592285156,80.6500015258789,85.05999755859375,80.6500015258789,84.83000183105469,10626500
2018-10-11,61.8640022277832,78.7300033569336,81.80999755859375,78.33999633789062,80.6500015258789,9010200
2018-10-12,62.924800872802734,80.08000183105469,80.83999633789062,78.9000015258789,80.1500015258789,8179200
2018-10-15,61.125362396240234,77.79000091552734,80.33999633789062,77.79000091552734,80.0,7960600
2018-10-16,62.91694259643555,80.06999969482422,80.25,78.2699966430664,79.0,5907500
2018-10-17,62.19403839111328,79.1500015258789,80.45999908447266,78.62000274658203,79.61000061035156,5630300
2018-10-18,61.934722900390625,78.81999969482422,79.9000015258789,78.26000213623047,78.44000244140625,4859600
2018-10-19,58.08441162109375,73.91999816894531,76.58000183105469,73.7300033569336,75.77999877929688,13322800
2018-10-22,58.24943542480469,74.12999725341797,74.55999755859375,72.22000122070312,74.0,5154000
2018-10-23,56.64646911621094,72.08999633789062,72.72000122070312,68.94000244140625,72.5,8640000
2018-10-24,53.479801177978516,68.05999755859375,72.0,67.81999969482422,71.87999725341797,12254700
2018-10-25,54.97275924682617,69.95999908447266,70.51000213623047,69.01000213623047,69.5199966430664,8315800
2018-10-26,54.10841369628906,68.86000061035156,69.75,67.29000091552734,69.05999755859375,7837700
2018-10-29,52.82758712768555,67.2300033569336,70.45999908447266,66.29000091552734,69.8499984741211,6307400
2018-10-30,54.06126403808594,68.80000305175781,69.12999725341797,66.63999938964844,67.44999694824219,6470600
2018-10-31,55.35780715942383,70.44999694824219,72.12000274658203,69.81999969482422,69.88999938964844,9638900
2018-11-01,55.852840423583984,71.08000183105469,72.44000244140625,68.75,69.80000305175781,8070900
2018-11-02,54.60344696044922,69.48999786376953,73.0,69.25,71.79000091552734,5685500
2018-11-05,54.81560516357422,69.76000213623047,70.91999816894531,68.83999633789062,70.51000213623047,4841500
2018-11-06,53.7234001159668,68.37000274658203,69.76000213623047,67.9000015258789,69.75,6809800
2018-11-07,54.86276626586914,69.81999969482422,69.97000122070312,68.0999984741211,68.9800033569336,7305300
2018-11-08,53.1969108581543,67.69999694824219,69.7699966430664,67.29000091552734,69.62000274658203,7182500
2018-11-09,52.788307189941406,67.18000030517578,67.66000366210938,66.08000183105469,67.16999816894531,6340500
2018-11-12,51.78252410888672,65.9000015258789,67.91999816894531,65.7699966430664,67.68000030517578,4588800
2018-11-13,50.42313766479492,64.16999816894531,66.2300033569336,63.650001525878906,65.5,8936000
2018-11-14,50.1638298034668,63.84000015258789,65.86000061035156,63.16999816894531,65.27999877929688,6395600
2018-11-15,51.35820770263672,65.36000061035156,65.5999984741211,63.2599983215332,63.59000015258789,6149600
2018-11-16,51.421077728271484,65.44000244140625,66.38999938964844,64.97000122070312,65.72000122070312,6373700
2018-11-19,49.825950622558594,63.40999984741211,65.5,62.59000015258789,65.08999633789062,6337700
2018-11-20,48.986934661865234,61.88999938964844,63.06999969482422,60.63999938964844,61.59000015258789,7603000
2018-11-21,50.443328857421875,63.72999954223633,64.2699966430664,62.0099983215332,62.2599983215332,6438600
2018-11-23,48.860294342041016,61.72999954223633,63.099998474121094,61.70000076293945,62.529998779296875,2695000
2018-11-26,50.79951095581055,64.18000030517578,64.44000244140625,62.59000015258789,62.810001373291016,5448300
2018-11-27,50.45124053955078,63.7400016784668,64.5999984741211,63.439998626708984,63.84000015258789,5096700
2018-11-28,51.670169830322266,65.27999877929688,65.54000091552734,62.41999816894531,63.599998474121094,6229200
2018-11-29,51.3693962097168,64.9000015258789,65.98999786376953,64.81999969482422,65.04000091552734,5096900
2018-11-30,51.57520294189453,65.16000366210938,65.56999969482422,64.30000305175781,64.77999877929688,6236800
2018-12-03,51.179439544677734,64.66000366210938,66.87999725341797,63.279998779296875,66.0,9307900
2018-12-04,50.13463592529297,63.34000015258789,66.51000213623047,63.279998779296875,64.75,7711600
2018-12-06,50.300846099853516,63.54999923706055,63.630001068115234,61.79999923706055,62.880001068115234,7501300
2018-12-07,48.725738525390625,61.560001373291016,66.0999984741211,61.130001068115234,64.12999725341797,9721900
2018-12-10,48.26666259765625,60.97999954223633,62.02000045776367,59.54999923706055,61.02000045776367,8768800
2018-12-11,48.55160140991211,61.34000015258789,62.43000030517578,60.869998931884766,61.45000076293945,5555100
2018-12-12,49.10565948486328,62.040000915527344,63.369998931884766,62.02000045776367,62.27000045776367,5484100
2018-12-13,49.16897964477539,62.119998931884766,62.650001525878906,61.58000183105469,62.20000076293945,6501700
2018-12-14,47.3880729675293,59.869998931884766,62.689998626708984,59.54999923706055,61.560001373291016,8583000
2018-12-17,46.57280349731445,58.84000015258789,60.36000061035156,58.130001068115234,59.5099983215332,9197900
2018-12-18,46.66779708862305,58.959999084472656,60.540000915527344,58.66999816894531,59.04999923706055,12023600
2018-12-19,46.40659713745117,58.630001068115234,61.150001525878906,58.18000030517578,59.189998626708984,15030100
2018-12-20,45.44886016845703,57.41999816894531,60.0,57.09000015258789,57.880001068115234,11900600
2018-12-21,44.91062927246094,56.7400016784668,58.72999954223633,56.4900016784668,57.209999084472656,14239800
2018-12-24,42.995155334472656,54.31999969482422,56.40999984741211,54.290000915527344,55.310001373291016,4508800
2018-12-26,46.184959411621094,58.349998474121094,58.380001068115234,54.439998626708984,54.630001068115234,6036400
2018-12-27,46.778602600097656,59.099998474121094,59.119998931884766,56.54999923706055,57.02000045776367,5766200
2018-12-28,46.09790802001953,58.2400016784668,59.91999816894531,57.79999923706055,59.459999084472656,4563500
2018-12-31,46.707374572753906,59.0099983215332,59.220001220703125,57.90999984741211,58.5099983215332,4357900
2019-01-02,47.20602035522461,59.63999938964844,60.279998779296875,57.790000915527344,58.16999816894531,6608000
2019-01-03,46.517391204833984,58.77000045776367,60.040000915527344,58.040000915527344,59.709999084472656,6290600
2019-01-04,48.7969856262207,61.650001525878906,61.720001220703125,59.25,59.91999816894531,6297600
2019-01-07,49.2797966003418,62.2599983215332,63.06999969482422,61.15999984741211,61.869998931884766,6333100
2019-01-08,49.76261520385742,62.869998931884766,63.63999938964844,61.88999938964844,62.61000061035156,5884800
2019-01-09,50.83116912841797,64.22000122070312,65.26000213623047,62.619998931884766,63.15999984741211,7195800
2019-01-10,50.364166259765625,63.630001068115234,64.5,62.5,64.1500015258789,8083300
2019-01-11,51.345664978027344,64.87000274658203,66.13999938964844,63.220001220703125,63.45000076293945,6863900
2019-01-14,51.35356903076172,64.87999725341797,65.44999694824219,64.29000091552734,64.29000091552734,4772900
2019-01-15,50.918235778808594,64.33000183105469,65.55000305175781,63.93000030517578,65.4800033569336,4285300
2019-01-16,50.9261474609375,64.33999633789062,64.56999969482422,63.650001525878906,64.0,5277900
2019-01-17,52.07386016845703,65.79000091552734,65.81999969482422,63.470001220703125,63.79999923706055,4533100
2019-01-18,52.31130599975586,66.08999633789062,66.41999816894531,64.86000061035156,66.31999969482422,5745800
2019-01-22,51.30607986450195,64.81999969482422,66.52999877929688,64.66999816894531,65.66999816894531,6166300
2019-01-23,51.3298225402832,64.8499984741211,65.83999633789062,63.97999954223633,65.0,4357700
2019-01-24,49.95258331298828,63.11000061035156,65.08000183105469,62.95000076293945,64.87000274658203,7318600
2019-01-25,50.720359802246094,64.08000183105469,64.86000061035156,63.02000045776367,63.68000030517578,7914700
2019-01-28,50.43540573120117,63.720001220703125,64.41999816894531,63.11000061035156,63.630001068115234,11002700
2019-01-29,50.767845153808594,64.13999938964844,64.37999725341797,63.0,63.56999969482422,5922800
2019-01-30,51.709747314453125,65.33000183105469,65.81999969482422,64.19000244140625,64.7699966430664,5745700
2019-01-31,52.445858001708984,66.26000213623047,67.11000061035156,65.6500015258789,66.12999725341797,8782200
2019-02-01,51.82057571411133,65.47000122070312,67.19999694824219,65.33999633789062,66.68000030517578,5216900
2019-02-04,52.16884231567383,65.91000366210938,66.16999816894531,65.20999908447266,65.4000015258789,5553700
2019-02-05,53.17405319213867,67.18000030517578,67.18000030517578,65.86000061035156,66.0,5403600
2019-02-06,52.92868423461914,66.87000274658203,67.79000091552734,66.69000244140625,66.9000015258789,5484200
2019-02-07,50.41957473754883,63.70000076293945,68.73999786376953,63.060001373291016,66.83999633789062,9498500
2019-02-08,49.643898010253906,62.720001220703125,64.0999984741211,61.91999816894531,63.38999938964844,8276500
2019-02-11,48.852386474609375,61.720001220703125,63.439998626708984,61.220001220703125,62.439998626708984,9648000
2019-02-12,48.97111129760742,61.869998931884766,62.88999938964844,61.709999084472656,62.310001373291016,6478600
2019-02-13,50.380001068115234,63.650001525878906,63.810001373291016,61.849998474121094,62.04999923706055,4141000
2019-02-14,50.688690185546875,64.04000091552734,64.72000122070312,63.040000915527344,63.349998474121094,4824400
2019-02-15,51.5672721862793,65.1500015258789,65.45999908447266,64.54000091552734,64.9000015258789,5166300
2019-02-19,51.87849807739258,65.01000213623047,65.41999816894531,64.26000213623047,64.5,3836500
2019-02-20,51.95831298828125,65.11000061035156,65.94999694824219,64.4800033569336,64.98999786376953,5470500
2019-02-21,51.599205017089844,64.66000366210938,65.9800033569336,64.47000122070312,65.01000213623047,7231800
2019-02-22,51.8864860534668,65.0199966430664,65.86000061035156,64.7699966430664,65.27999877929688,3544600
2019-02-25,51.671024322509766,64.75,65.2300033569336,64.44999694824219,64.97000122070312,4054700
2019-02-26,51.543338775634766,64.58999633789062,65.30999755859375,64.54000091552734,64.77999877929688,3746400
2019-02-27,50.59370422363281,63.400001525878906,64.86000061035156,63.33000183105469,64.6500015258789,5805400
2019-02-28,49.48447036743164,62.0099983215332,63.439998626708984,61.63999938964844,63.380001068115234,7499200
2019-03-01,50.01913833618164,62.68000030517578,63.20000076293945,62.119998931884766,62.119998931884766,6069800
2019-03-04,49.48447036743164,62.0099983215332,62.880001068115234,60.34000015258789,62.880001068115234,7025300
2019-03-05,48.52687454223633,60.810001373291016,61.88999938964844,60.310001373291016,61.790000915527344,7254500
2019-03-06,47.82462692260742,59.93000030517578,60.7400016784668,59.599998474121094,60.38999938964844,8212400
2019-03-07,46.954803466796875,58.84000015258789,60.15999984741211,58.689998626708984,59.939998626708984,5830500
2019-03-08,45.88546371459961,57.5,57.939998626708984,56.880001068115234,57.81999969482422,7631000
2019-03-11,47.24207305908203,59.20000076293945,59.220001220703125,57.72999954223633,57.88999938964844,6670400
2019-03-12,46.97075653076172,58.86000061035156,60.0,58.86000061035156,59.15999984741211,5849100
2019-03-13,47.53733825683594,59.56999969482422,59.59000015258789,58.93000030517578,59.0099983215332,6243500
2019-03-14,47.63309860229492,59.689998626708984,59.93000030517578,58.900001525878906,59.650001525878906,5473400
2019-03-15,48.23958206176758,60.45000076293945,61.27000045776367,59.400001525878906,59.45000076293945,9173800
2019-03-18,49.54034423828125,62.08000183105469,62.20000076293945,60.79999923706055,60.810001373291016,7657900
2019-03-19,49.50043487548828,62.029998779296875,63.040000915527344,61.790000915527344,62.400001525878906,6237100
2019-03-20,49.62812423706055,62.189998626708984,62.7400016784668,60.81999969482422,61.790000915527344,8136000
2019-03-21,50.10692596435547,62.790000915527344,63.349998474121094,61.709999084472656,62.029998779296875,6306700
2019-03-22,48.91788864135742,61.29999923706055,62.5,60.630001068115234,62.119998931884766,4664600
2019-03-25,48.81414794921875,61.16999816894531,61.439998626708984,60.36000061035156,61.130001068115234,5190100
2019-03-26,49.44456481933594,61.959999084472656,62.83000183105469,61.2400016784668,61.81999969482422,4191500
2019-03-27,49.62812423706055,62.189998626708984,62.5099983215332,61.380001068115234,61.70000076293945,4793400
2019-03-28,48.638580322265625,60.95000076293945,62.279998779296875,60.599998474121094,61.790000915527344,5095500
2019-03-29,47.76078796386719,59.849998474121094,61.529998779296875,59.709999084472656,61.400001525878906,8245000
2019-04-01,48.7183837890625,61.04999923706055,61.25,59.720001220703125,60.459999084472656,6993500
2019-04-02,47.816650390625,59.91999816894531,60.880001068115234,59.369998931884766,60.689998626708984,7284200
2019-04-03,48.1837272644043,60.380001068115234,61.15999984741211,60.130001068115234,60.380001068115234,6979400
2019-04-04,48.957794189453125,61.349998474121094,61.880001068115234,60.209999084472656,60.43000030517578,5838700
2019-04-05,50.64957046508789,63.470001220703125,63.5,61.38999938964844,61.38999938964844,7359600
2019-04-08,50.56178665161133,63.36000061035156,63.66999816894531,62.63999938964844,63.58000183105469,7353200
2019-04-09,49.60417938232422,62.15999984741211,63.400001525878906,61.880001068115234,63.029998779296875,6046900
2019-04-10,50.75331115722656,63.599998474121094,63.9900016784668,62.04999923706055,62.349998474121094,8247800
2019-04-11,50.36228942871094,63.11000061035156,64.52999877929688,63.060001373291016,63.849998474121094,5284900
2019-04-12,49.14931106567383,61.59000015258789,63.95000076293945,61.400001525878906,63.81999969482422,10104400
2019-04-15,48.31140899658203,60.540000915527344,61.779998779296875,60.290000915527344,61.4900016784668,7075900
2019-04-16,47.896446228027344,60.02000045776367,60.599998474121094,59.4900016784668,60.4900016784668,7899900
2019-04-17,48.0720100402832,60.2400016784668,61.13999938964844,60.18000030517578,60.70000076293945,5500500
2019-04-18,47.72886276245117,59.810001373291016,60.81999969482422,59.689998626708984,60.25,6363800
2019-04-22,48.78223419189453,61.130001068115234,61.400001525878906,60.27000045776367,60.36000061035156,6186600
2019-04-23,48.726375579833984,61.060001373291016,61.52000045776367,60.38999938964844,61.290000915527344,6804700
2019-04-24,47.48147964477539,59.5,61.349998474121094,59.459999084472656,61.04999923706055,7056500
2019-04-25,48.39918899536133,60.650001525878906,61.470001220703125,59.54999923706055,59.7599983215332,6554000
2019-04-26,48.19169616699219,60.38999938964844,61.16999816894531,60.0,60.290000915527344,6244500
2019-04-29,48.670501708984375,60.9900016784668,61.369998931884766,60.27000045776367,60.5,4506800
2019-04-30,48.57475280761719,60.869998931884766,62.20000076293945,60.81999969482422,61.47999954223633,5005400
2019-05-01,47.840579986572266,59.95000076293945,61.72999954223633,59.95000076293945,61.099998474121094,4991300
2019-05-02,46.83510208129883,58.689998626708984,60.599998474121094,58.18000030517578,60.029998779296875,6849500
2019-05-03,47.84856414794922,59.959999084472656,60.18000030517578,59.220001220703125,59.2599983215332,5626700
2019-05-06,47.47349548339844,59.4900016784668,59.66999816894531,58.400001525878906,59.25,6409400
2019-05-07,47.42561721801758,59.43000030517578,59.5,57.529998779296875,58.75,9697100
2019-05-08,44.07398986816406,55.22999954223633,58.13999938964844,54.959999084472656,57.880001068115234,16021700
2019-05-09,42.26250076293945,52.959999084472656,55.720001220703125,52.5,55.16999816894531,15870600
2019-05-10,42.41413497924805,53.150001525878906,53.720001220703125,52.029998779296875,52.9900016784668,10158900
2019-05-13,40.4749641418457,50.720001220703125,52.869998931884766,50.599998474121094,52.310001373291016,7505300
2019-05-14,40.9457893371582,51.310001373291016,51.65999984741211,50.689998626708984,51.0,7644100
2019-05-15,41.276397705078125,51.189998626708984,51.45000076293945,50.189998626708984,50.66999816894531,7209900
2019-05-16,42.62297821044922,52.86000061035156,53.25,51.29999923706055,51.29999923706055,11750700
2019-05-17,41.88921356201172,51.95000076293945,52.61000061035156,51.77000045776367,52.36000061035156,6239600
2019-05-20,42.026283264160156,52.119998931884766,52.310001373291016,51.34000015258789,51.70000076293945,5315900
2019-05-21,42.96163558959961,53.279998779296875,53.779998779296875,52.47999954223633,52.59000015258789,6908700
2019-05-22,41.86500930786133,51.91999816894531,53.08000183105469,51.7400016784668,52.93000030517578,5547700
2019-05-23,40.42974853515625,50.13999938964844,51.15999984741211,49.709999084472656,51.08000183105469,10245900
2019-05-24,40.550689697265625,50.290000915527344,50.77000045776367,49.77000045776367,50.369998931884766,4860800
2019-05-28,39.510520935058594,49.0,50.75,48.95000076293945,50.59000015258789,8418500
2019-05-29,39.50246047973633,48.9900016784668,49.099998474121094,48.02000045776367,48.25,5894900
2019-05-30,37.98653793334961,47.11000061035156,48.88999938964844,46.95000076293945,48.7400016784668,8279000
2019-05-31,37.08344268798828,45.9900016784668,46.400001525878906,45.470001220703125,46.209999084472656,12939000
2019-06-03,38.002662658691406,47.130001068115234,47.25,46.02000045776367,46.11000061035156,8684100
2019-06-04,39.099281311035156,48.4900016784668,48.65999984741211,47.13999938964844,47.4900016784668,8225500
2019-06-05,38.4542121887207,47.689998626708984,48.86000061035156,47.02000045776367,48.86000061035156,7868200
2019-06-06,38.78480911254883,48.099998474121094,48.220001220703125,46.810001373291016,47.650001525878906,9358600
2019-06-07,37.88977813720703,46.9900016784668,48.650001525878906,46.33000183105469,48.38999938964844,10342900
2019-06-10,38.44615173339844,47.68000030517578,48.470001220703125,47.41999816894531,47.470001220703125,7440200
2019-06-11,38.51872253417969,47.77000045776367,48.470001220703125,47.77000045776367,48.13999938964844,5619100
2019-06-12,37.87364959716797,46.970001220703125,47.88999938964844,46.90999984741211,47.63999938964844,6602300
2019-06-13,38.6235466003418,47.900001525878906,48.099998474121094,47.130001068115234,47.439998626708984,6491400
2019-06-14,38.67192077636719,47.959999084472656,48.0,47.33000183105469,47.79999923706055,5463300
2019-06-17,39.27667236328125,48.709999084472656,49.0,47.75,47.97999954223633,8369100
2019-06-18,40.02656936645508,49.63999938964844,50.04999923706055,48.79999923706055,48.79999923706055,7502200
2019-06-19,40.042694091796875,49.65999984741211,50.400001525878906,49.369998931884766,49.7599983215332,7330300
2019-06-20,41.88921356201172,51.95000076293945,52.290000915527344,50.5099983215332,50.529998779296875,10766000
2019-06-21,42.461700439453125,52.65999984741211,53.189998626708984,51.900001525878906,52.58000183105469,11668300
2019-06-24,41.606990814208984,51.599998474121094,52.88999938964844,51.540000915527344,52.189998626708984,5949400
2019-06-25,41.43766403198242,51.38999938964844,52.040000915527344,51.09000015258789,51.380001068115234,5471700
2019-06-26,43.71153259277344,54.209999084472656,54.279998779296875,51.90999984741211,51.90999984741211,9095600
2019-06-27,43.840545654296875,54.369998931884766,55.31999969482422,53.83000183105469,54.25,7700200
2019-06-28,45.0581169128418,55.880001068115234,55.95000076293945,54.15999984741211,54.470001220703125,10298700
2019-07-01,44.44529724121094,55.119998931884766,57.130001068115234,54.970001220703125,56.900001525878906,8054200
2019-07-02,43.93730545043945,54.4900016784668,54.97999954223633,53.97999954223633,54.72999954223633,6677400
2019-07-03,43.80022430419922,54.31999969482422,54.91999816894531,54.099998474121094,54.43000030517578,3229500
2019-07-05,44.243709564208984,54.869998931884766,55.130001068115234,53.939998626708984,54.04999923706055,3414000
2019-07-08,43.81635284423828,54.34000015258789,55.060001373291016,54.209999084472656,54.70000076293945,4642200
2019-07-09,44.05824661254883,54.63999938964844,54.970001220703125,53.810001373291016,54.0099983215332,4702500
2019-07-10,44.33241271972656,54.97999954223633,55.599998474121094,54.130001068115234,55.310001373291016,3963100
2019-07-11,44.70332717895508,55.439998626708984,55.630001068115234,54.81999969482422,55.2599983215332,4144700
2019-07-12,44.735572814941406,55.47999954223633,55.869998931884766,55.29999923706055,55.470001220703125,3792000
2019-07-15,44.21146011352539,54.83000183105469,55.54999923706055,53.849998474121094,55.5099983215332,5764200
2019-07-16,44.8968391418457,55.68000030517578,55.90999984741211,54.41999816894531,54.790000915527344,6097600
2019-07-17,43.79216766357422,54.310001373291016,55.81999969482422,54.06999969482422,55.459999084472656,4609600
2019-07-18,44.6388053894043,55.36000061035156,55.43000030517578,53.70000076293945,54.02000045776367,4279500
2019-07-19,44.54206466674805,55.2400016784668,55.75,54.75,55.560001373291016,3284800
2019-07-22,44.52592468261719,55.220001220703125,55.939998626708984,54.65999984741211,55.400001525878906,2725800
2019-07-23,44.92103576660156,55.709999084472656,55.83000183105469,55.189998626708984,55.20000076293945,3649900
2019-07-24,46.46113204956055,57.619998931884766,57.810001373291016,55.45000076293945,55.540000915527344,7114300
2019-07-25,45.55803680419922,56.5,57.779998779296875,55.869998931884766,57.599998474121094,5127200
2019-07-26,45.83219528198242,56.84000015258789,57.08000183105469,56.18000030517578,56.36000061035156,3452900
2019-07-29,45.28388595581055,56.15999984741211,56.779998779296875,55.619998931884766,56.54999923706055,4604200
2019-07-30,46.00152587890625,57.04999923706055,57.2599983215332,55.369998931884766,56.15999984741211,3746300
2019-07-31,45.4693489074707,56.38999938964844,57.61000061035156,55.5099983215332,57.029998779296875,5682200
2019-08-01,44.6388053894043,55.36000061035156,58.599998474121094,54.84000015258789,57.91999816894531,8254600
2019-08-02,43.23579025268555,53.619998931884766,55.400001525878906,53.34000015258789,55.099998474121094,5094700
2019-08-05,40.85709762573242,50.66999816894531,52.66999816894531,49.939998626708984,52.599998474121094,8055900
2019-08-06,39.98625564575195,49.59000015258789,51.56999969482422,49.13999938964844,51.27000045776367,7722500
2019-08-07,38.80899429321289,48.130001068115234,48.90999984741211,47.400001525878906,48.79999923706055,9238000
2019-08-08,39.929805755615234,49.52000045776367,49.540000915527344,48.060001373291016,48.31999969482422,7974700
2019-08-09,39.018653869628906,48.38999938964844,49.560001373291016,48.369998931884766,49.439998626708984,4353800
2019-08-12,37.37372589111328,46.349998474121094,47.9900016784668,46.09000015258789,47.7599983215332,6857200
2019-08-13,38.0187873840332,47.150001525878906,48.040000915527344,45.63999938964844,46.22999954223633,5233100
2019-08-14,35.986820220947266,44.630001068115234,46.619998931884766,44.27000045776367,46.54999923706055,9399100
2019-08-15,36.607696533203125,45.400001525878906,45.54999923706055,43.959999084472656,44.5099983215332,6292800
2019-08-16,37.268890380859375,46.220001220703125,46.380001068115234,45.540000915527344,45.849998474121094,5028400
2019-08-19,38.55097579956055,47.810001373291016,48.189998626708984,46.90999984741211,47.0,5335800
2019-08-20,38.094364166259766,46.720001220703125,47.27000045776367,46.47999954223633,46.9900016784668,4452100
2019-08-21,38.510196685791016,47.22999954223633,47.779998779296875,46.5,47.380001068115234,3815900
2019-08-22,38.23297882080078,46.88999938964844,47.650001525878906,46.70000076293945,47.22999954223633,3311900
2019-08-23,37.31159591674805,45.7599983215332,47.61000061035156,45.560001373291016,46.45000076293945,6215200
2019-08-26,37.53990936279297,46.040000915527344,46.56999969482422,45.439998626708984,46.119998931884766,9283900
2019-08-27,36.960994720458984,45.33000183105469,46.81999969482422,45.11000061035156,46.459999084472656,3927000
2019-08-28,37.7763671875,46.33000183105469,46.709999084472656,44.90999984741211,45.310001373291016,4258100
2019-08-29,39.59465408325195,48.560001373291016,48.880001068115234,46.72999954223633,46.7599983215332,8793600
2019-08-30,40.12464904785156,49.209999084472656,49.9900016784668,48.72999954223633,48.7599983215332,5659600
2019-09-03,40.47526168823242,49.63999938964844,49.83000183105469,47.619998931884766,48.31999969482422,8002100
2019-09-04,41.306941986083984,50.65999984741211,50.81999969482422,49.2599983215332,50.20000076293945,4852000
2019-09-05,42.790931701660156,52.47999954223633,52.939998626708984,50.93000030517578,51.34000015258789,8812500
2019-09-06,42.78278350830078,52.470001220703125,52.939998626708984,51.61000061035156,52.560001373291016,5276500
2019-09-09,43.68783950805664,53.58000183105469,54.0,52.720001220703125,52.720001220703125,5218500
2019-09-10,44.42168045043945,54.47999954223633,55.06999969482422,53.209999084472656,53.66999816894531,6929700
2019-09-11,44.11998748779297,54.11000061035156,55.349998474121094,53.61000061035156,55.0,6531700
2019-09-12,43.36985397338867,53.189998626708984,53.709999084472656,52.540000915527344,53.220001220703125,7028100
2019-09-13,43.45138931274414,53.290000915527344,54.189998626708984,52.97999954223633,53.369998931884766,7377100
2019-09-16,42.73384475708008,52.40999984741211,53.70000076293945,51.279998779296875,53.63999938964844,9626100
2019-09-17,43.54922866821289,53.40999984741211,53.79999923706055,51.29999923706055,51.9900016784668,6123700
2019-09-18,43.83462142944336,53.7599983215332,53.79999923706055,52.72999954223633,53.189998626708984,3247400
2019-09-19,43.965065002441406,53.91999816894531,54.310001373291016,53.630001068115234,54.11000061035156,3594500
2019-09-20,44.92721176147461,55.099998474121094,55.86000061035156,54.119998931884766,54.130001068115234,7932500
2019-09-23,45.481666564941406,55.779998779296875,56.310001373291016,54.349998474121094,54.349998474121094,5357300
2019-09-24,45.237060546875,55.47999954223633,55.939998626708984,54.959999084472656,55.72999954223633,5520500
2019-09-25,49.04486846923828,60.150001525878906,60.349998474121094,58.04999923706055,59.310001373291016,16650300
2019-09-26,49.60747528076172,60.84000015258789,61.08000183105469,59.25,59.70000076293945,9487000
2019-09-27,50.89576721191406,62.41999816894531,62.81999969482422,60.849998474121094,61.400001525878906,13047100
2019-09-30,49.53408432006836,60.75,62.29999923706055,60.52000045776367,62.15999984741211,9311300
2019-10-01,49.23239517211914,60.380001068115234,61.630001068115234,60.33000183105469,61.2599983215332,6307600
2019-10-02,48.27024841308594,59.20000076293945,60.0,58.65999984741211,59.529998779296875,5479400
2019-10-03,48.92255783081055,60.0,60.06999969482422,58.2400016784668,58.779998779296875,4462000
2019-10-04,49.52592468261719,60.7400016784668,60.9900016784668,59.720001220703125,60.25,6181700
2019-10-07,49.24870681762695,60.400001525878906,61.47999954223633,60.2599983215332,61.0,3345200
2019-10-08,48.775787353515625,59.81999969482422,60.5,59.560001373291016,59.88999938964844,4838700
2019-10-09,49.37915802001953,60.560001373291016,61.220001220703125,60.2400016784668,60.29999923706055,5461300
2019-10-10,50.4962272644043,61.93000030517578,62.0,60.72999954223633,60.79999923706055,4470600
2019-10-11,51.71113204956055,63.41999816894531,64.0999984741211,62.290000915527344,62.90999984741211,8368500
2019-10-14,51.482826232910156,63.13999938964844,63.72999954223633,62.45000076293945,62.72999954223633,3811400
2019-10-15,52.22482681274414,64.05000305175781,64.55999755859375,62.31999969482422,62.95000076293945,4926300
2019-10-16,51.11591339111328,62.689998626708984,64.16000366210938,62.61000061035156,63.75,4325600
2019-10-17,52.26559066772461,64.0999984741211,65.41000366210938,63.06999969482422,63.290000915527344,7049100
2019-10-18,53.113590240478516,65.13999938964844,65.54000091552734,63.779998779296875,63.900001525878906,12749000
2019-10-21,52.73035430908203,64.66999816894531,66.05000305175781,64.66999816894531,65.44999694824219,4631300
2019-10-22,53.14619827270508,65.18000030517578,65.87999725341797,64.86000061035156,65.04000091552734,3468800
2019-10-23,53.70881271362305,65.87000274658203,65.95999908447266,64.73999786376953,65.08999633789062,5908200
2019-10-24,54.10018539428711,66.3499984741211,66.7699966430664,65.4000015258789,66.25,4898400
2019-10-25,55.45372009277344,68.01000213623047,68.5,65.75,66.3499984741211,6248200
2019-10-28,55.103111267089844,67.58000183105469,68.58999633789062,67.22000122070312,68.29000091552734,4748700
2019-10-29,55.46186828613281,68.0199966430664,69.6500015258789,67.61000061035156,67.7699966430664,7274800
2019-10-30,53.9697265625,66.19000244140625,68.88999938964844,65.18000030517578,68.69000244140625,6873400
2019-10-31,52.14329528808594,63.95000076293945,66.94000244140625,61.380001068115234,66.5999984741211,15931500
2019-11-01,54.19803237915039,66.47000122070312,66.83000183105469,64.7300033569336,64.8499984741211,7377500
2019-11-04,55.39662170410156,67.94000244140625,68.5,66.72000122070312,66.91999816894531,6145100
2019-11-05,54.17357635498047,66.44000244140625,68.7300033569336,66.12000274658203,68.22000122070312,7018500
2019-11-06,52.412357330322266,64.27999877929688,66.01000213623047,64.08000183105469,66.0,5081400
2019-11-07,54.018653869628906,66.25,66.81999969482422,64.93000030517578,65.11000061035156,5980300
2019-11-08,54.00234603881836,66.2300033569336,66.45999908447266,64.87000274658203,65.87000274658203,4488100
2019-11-11,53.57836151123047,65.70999908447266,66.44999694824219,65.05999755859375,65.44000244140625,2254900
2019-11-12,52.91789627075195,64.9000015258789,66.23999786376953,64.41000366210938,65.93000030517578,5518500
2019-11-13,52.38791275024414,64.25,64.9000015258789,63.7599983215332,64.30000305175781,4325600
2019-11-14,52.55097198486328,64.44999694824219,65.20999908447266,64.16000366210938,64.48999786376953,4440400
2019-11-15,52.74666976928711,64.69000244140625,65.29000091552734,64.37999725341797,64.91999816894531,4468100
2019-11-18,52.624359130859375,64.54000091552734,64.73999786376953,63.880001068115234,64.51000213623047,3310700
2019-11-19,50.84856414794922,61.849998474121094,63.88999938964844,61.720001220703125,63.779998779296875,4757000
2019-11-20,50.807456970214844,61.79999923706055,62.150001525878906,59.81999969482422,61.75,8599600
2019-11-21,51.9913215637207,63.2400016784668,63.31999969482422,61.939998626708984,62.060001373291016,3842000
2019-11-22,51.26785659790039,62.36000061035156,63.59000015258789,62.2599983215332,63.349998474121094,2379300
2019-11-25,51.32540512084961,62.43000030517578,63.060001373291016,62.11000061035156,62.459999084472656,6855800
2019-11-26,50.700584411621094,61.66999816894531,62.650001525878906,61.400001525878906,62.5099983215332,9866700
2019-11-27,50.53615951538086,61.470001220703125,62.2599983215332,60.95000076293945,61.93000030517578,4197100
2019-11-29,49.85378646850586,60.63999938964844,61.4900016784668,60.38999938964844,61.2400016784668,3545100
2019-12-02,50.042884826660156,60.869998931884766,61.52000045776367,60.47999954223633,60.880001068115234,4327700
2019-12-03,49.35230255126953,60.029998779296875,60.43000030517578,59.2400016784668,60.09000015258789,5006900
2019-12-04,49.35230255126953,60.029998779296875,60.9900016784668,59.97999954223633,60.849998474121094,3884100
2019-12-05,49.204315185546875,59.849998474121094,60.34000015258789,59.61000061035156,60.15999984741211,3205200
2019-12-06,49.4920539855957,60.20000076293945,61.0,60.119998931884766,60.27000045776367,3970100
2019-12-09,48.036888122558594,58.43000030517578,59.75,58.20000076293945,59.11000061035156,5609600
2019-12-10,48.23420333862305,58.66999816894531,59.040000915527344,57.720001220703125,58.33000183105469,3993900
2019-12-11,46.95167541503906,57.11000061035156,58.83000183105469,56.709999084472656,58.599998474121094,7712000
2019-12-12,48.5055046081543,59.0,59.150001525878906,56.849998474121094,56.97999954223633,4380500
2019-12-13,48.184871673583984,58.61000061035156,60.5099983215332,58.27000045776367,59.2400016784668,4836600
2019-12-16,49.94422912597656,60.75,61.59000015258789,58.959999084472656,59.209999084472656,8166000
2019-12-17,50.32240295410156,61.209999084472656,61.68000030517578,60.75,60.97999954223633,5519400
2019-12-18,50.07575988769531,60.90999984741211,61.83000183105469,60.709999084472656,61.34000015258789,4787000
2019-12-19,50.256629943847656,61.130001068115234,61.40999984741211,60.31999969482422,61.040000915527344,5252100
2019-12-20,50.6512565612793,61.61000061035156,62.13999938964844,61.029998779296875,61.68000030517578,8907200
2019-12-23,49.870243072509766,60.65999984741211,61.560001373291016,60.470001220703125,61.45000076293945,6449400
2019-12-24,50.12509536743164,60.970001220703125,61.0,60.34000015258789,60.59000015258789,1570700
2019-12-26,49.71403121948242,60.470001220703125,61.33000183105469,60.34000015258789,61.02000045776367,3655300
2019-12-27,49.640037536621094,60.380001068115234,60.849998474121094,60.0099983215332,60.689998626708984,3682800
2019-12-30,49.05632781982422,59.66999816894531,60.689998626708984,59.619998931884766,60.36000061035156,3363100
2019-12-31,49.53316879272461,60.25,60.349998474121094,59.02000045776367,59.5,3356900
2020-01-02,50.897891998291016,61.90999984741211,61.91999816894531,60.380001068115234,60.880001068115234,4497400
2020-01-03,47.87246322631836,58.22999954223633,61.36000061035156,58.16999816894531,61.060001373291016,9671100
2020-01-06,47.8642463684082,58.220001220703125,58.72999954223633,57.02000045776367,57.720001220703125,7878000
2020-01-07,48.62060546875,59.13999938964844,59.16999816894531,57.22999954223633,57.68000030517578,6578000
2020-01-08,48.11088180541992,58.52000045776367,59.11000061035156,57.790000915527344,58.91999816894531,5585200
2020-01-09,48.826133728027344,59.38999938964844,59.41999816894531,57.959999084472656,58.41999816894531,6179700
2020-01-10,49.50850296020508,60.220001220703125,61.06999969482422,59.43000030517578,59.65999984741211,4941400
2020-01-13,49.015220642089844,59.619998931884766,60.4900016784668,59.310001373291016,60.2599983215332,4044300
2020-01-14,49.196083068847656,59.84000015258789,60.119998931884766,59.130001068115234,59.470001220703125,5411900
2020-01-15,47.790260314941406,58.130001068115234,59.689998626708984,57.72999954223633,59.529998779296875,7231300
2020-01-16,47.29697036743164,57.529998779296875,58.560001373291016,57.29999923706055,58.45000076293945,7222300
2020-01-17,46.77082061767578,56.88999938964844,57.61000061035156,56.560001373291016,57.540000915527344,6122600
2020-01-21,46.18710708618164,56.18000030517578,56.599998474121094,55.70000076293945,56.400001525878906,6499800
2020-01-22,46.01445770263672,55.970001220703125,56.4900016784668,55.869998931884766,56.4900016784668,4152000
2020-01-23,45.48830032348633,55.33000183105469,55.84000015258789,53.95000076293945,55.47999954223633,5107000
2020-01-24,44.79771423339844,54.4900016784668,55.279998779296875,53.959999084472656,55.13999938964844,4607600
2020-01-27,43.32610321044922,52.70000076293945,53.349998474121094,52.25,53.16999816894531,7797200
2020-01-28,43.51518249511719,52.93000030517578,53.66999816894531,52.290000915527344,53.02000045776367,5148700
2020-01-29,44.057796478271484,53.59000015258789,55.939998626708984,52.36000061035156,54.599998474121094,9915000
2020-01-30,44.6826057434082,54.349998474121094,54.619998931884766,52.7599983215332,52.779998779296875,5282600
2020-01-31,44.805938720703125,54.5,55.72999954223633,53.650001525878906,53.9900016784668,9482400
2020-02-03,42.79994201660156,52.060001373291016,54.70000076293945,52.040000915527344,54.540000915527344,7339800
2020-02-04,43.89337158203125,53.38999938964844,53.84000015258789,52.2400016784668,53.369998931884766,7009000
2020-02-05,45.66094970703125,55.540000915527344,55.7400016784668,54.0099983215332,54.0099983215332,6227700
2020-02-06,45.59516906738281,55.459999084472656,56.09000015258789,55.279998779296875,55.81999969482422,3571700
2020-02-07,44.962135314941406,54.689998626708984,55.40999984741211,54.5,55.0,5589000
2020-02-10,45.27454376220703,55.06999969482422,55.09000015258789,53.88999938964844,54.38999938964844,4114100
2020-02-11,46.663936614990234,56.7599983215332,57.15999984741211,55.08000183105469,55.54999923706055,6780700
2020-02-12,48.44795227050781,58.93000030517578,59.02000045776367,57.650001525878906,58.290000915527344,8065000
2020-02-13,48.91656494140625,59.5,60.06999969482422,58.310001373291016,58.689998626708984,6661100
2020-02-14,47.954681396484375,58.33000183105469,59.900001525878906,58.04999923706055,59.4900016784668,6811500
2020-02-18,46.891788482666016,56.470001220703125,57.29999923706055,56.29999923706055,57.18000030517578,5258000
2020-02-19,47.90486145019531,57.689998626708984,57.93000030517578,56.290000915527344,56.650001525878906,7065100
2020-02-20,50.038944244384766,60.2599983215332,60.349998474121094,58.25,58.70000076293945,13576300
2020-02-21,49.10060501098633,59.130001068115234,60.220001220703125,58.93000030517578,59.95000076293945,6490700
2020-02-24,46.3935546875,55.869998931884766,57.0099983215332,55.279998779296875,57.0,10276800
2020-02-25,44.11000061035156,53.119998931884766,56.150001525878906,52.779998779296875,56.06999969482422,8826300
2020-02-26,43.404178619384766,52.27000045776367,54.459999084472656,52.09000015258789,53.11000061035156,6040700
2020-02-27,39.80031204223633,47.93000030517578,50.7599983215332,47.84000015258789,50.68000030517578,13247500
2020-02-28,39.37681198120117,47.41999816894531,47.529998779296875,45.02000045776367,45.93000030517578,14192500
2020-03-02,39.63423538208008,47.72999954223633,48.209999084472656,45.689998626708984,47.88999938964844,11884700
2020-03-03,37.508453369140625,45.16999816894531,48.25,44.810001373291016,47.529998779296875,8506400
2020-03-04,38.098026275634766,45.880001068115234,46.25,44.810001373291016,46.099998474121094,6923700
2020-03-05,34.220123291015625,41.209999084472656,42.790000915527344,39.630001068115234,42.70000076293945,15767100
2020-03-06,32.50953674316406,39.150001525878906,40.849998474121094,38.04999923706055,40.13999938964844,13937000
2020-03-09,28.08359146118164,33.81999969482422,37.25,30.780000686645508,31.889999389648438,14834800
2020-03-10,28.664854049682617,34.52000045776367,36.709999084472656,33.040000915527344,36.08000183105469,12222900
2020-03-11,26.040843963623047,31.360000610351562,34.13999938964844,29.43000030517578,33.11000061035156,13535400
2020-03-12,19.007490158081055,22.889999389648438,28.170000076293945,22.5,28.170000076293945,23939000
2020-03-13,20.693172454833984,24.920000076293945,26.290000915527344,22.709999084472656,25.84000015258789,17766900
2020-03-16,16.84848976135254,20.290000915527344,23.75,19.989999771118164,20.520000457763672,14482400
2020-03-17,16.856796264648438,20.299999237060547,21.75,18.459999084472656,20.829999923706055,13424800
2020-03-18,13.90893268585205,16.75,19.100000381469727,15.579999923706055,18.600000381469727,17497000
2020-03-19,13.884021759033203,16.719999313354492,17.770000457763672,15.260000228881836,17.010000228881836,17581700
2020-03-20,15.735783576965332,18.950000762939453,19.860000610351562,16.43000030517578,17.610000610351562,19580400
2020-03-23,13.800982475280762,16.6200008392334,18.81999969482422,16.5,18.709999084472656,12971100
2020-03-24,14.531720161437988,17.5,18.770000457763672,16.829999923706055,17.989999771118164,14391400
2020-03-25,17.52940559387207,21.110000610351562,22.329999923706055,16.56999969482422,18.25,18300300
2020-03-26,19.21508026123047,23.139999389648438,24.860000610351562,22.079999923706055,22.25,18506600
2020-03-27,19.2233943939209,23.149999618530273,23.93000030517578,20.600000381469727,22.049999237060547,11426300
2020-03-30,20.2032470703125,24.329999923706055,24.700000762939453,21.5,22.829999923706055,10263000
2020-03-31,19.61367416381836,23.6200008392334,25.639999389648438,22.690000534057617,25.530000686645508,11631300
2020-04-01,17.330114364624023,20.8700008392334,22.690000534057617,20.649999618530273,21.93000030517578,9305100
2020-04-02,17.620746612548828,21.219999313354492,24.799999237060547,20.940000534057617,22.190000534057617,11990400
2020-04-03,16.657499313354492,20.059999465942383,22.510000228881836,18.270000457763672,22.399999618530273,14114500
2020-04-06,19.173568725585938,23.09000015258789,23.530000686645508,21.06999969482422,21.15999984741211,10180000
2020-04-07,18.69194793701172,22.510000228881836,26.0,22.100000381469727,25.389999389648438,14246900
2020-04-08,20.18663215637207,24.309999465942383,25.280000686645508,23.18000030517578,23.25,18008600
2020-04-09,21.282739639282227,25.6299991607666,27.270000457763672,24.030000686645508,26.06999969482422,15625800
2020-04-13,21.03363037109375,25.329999923706055,26.799999237060547,24.719999313354492,26.799999237060547,11670100
2020-04-14,21.83909797668457,26.299999237060547,26.459999084472656,25.31999969482422,25.31999969482422,11312400
2020-04-15,19.91260528564453,23.979999542236328,24.809999465942383,23.520000457763672,24.809999465942383,8269100
2020-04-16,18.22693634033203,21.950000762939453,24.110000610351562,21.899999618530273,24.010000228881836,11792600
2020-04-17,21.133270263671875,25.450000762939453,25.5,22.420000076293945,22.610000610351562,13646100
2020-04-20,20.635042190551758,24.850000381469727,25.90999984741211,22.75,23.440000534057617,9923400
2020-04-21,19.69671058654785,23.719999313354492,25.079999923706055,23.040000915527344,24.18000030517578,11871900
2020-04-22,20.502187728881836,24.690000534057617,25.299999237060547,24.09000015258789,24.899999618530273,9891700
2020-04-23,21.5401611328125,25.940000534057617,26.889999389648438,25.170000076293945,25.450000762939453,9947800
2020-04-24,21.390689849853516,25.760000228881836,26.68000030517578,25.399999618530273,26.260000228881836,10755800
2020-04-27,21.96365737915039,26.450000762939453,26.579999923706055,25.040000915527344,25.989999771118164,7702500
2020-04-28,23.60781478881836,28.43000030517578,28.6200008392334,26.459999084472656,27.219999313354492,8460700
2020-04-29,27.435894012451172,33.040000915527344,33.31999969482422,29.510000228881836,29.799999237060547,15179700
2020-04-30,26.63872718811035,32.08000183105469,33.90999984741211,31.209999084472656,33.099998474121094,18487300
2020-05-01,24.280426025390625,29.239999771118164,30.790000915527344,28.889999389648438,30.299999237060547,7456900
2020-05-04,26.1820068359375,31.530000686645508,31.56999969482422,28.520000457763672,28.540000915527344,13776100
2020-05-05,25.858158111572266,31.139999389648438,34.400001525878906,30.75,34.29999923706055,13474500
2020-05-06,24.521244049072266,29.530000686645508,31.729999542236328,29.510000228881836,31.190000534057617,7794700
2020-05-07,25.559219360351562,30.780000686645508,31.450000762939453,30.040000915527344,30.510000228881836,10622100
2020-05-08,27.42758560180664,33.029998779296875,33.33000183105469,31.079999923706055,31.639999389648438,8061600
2020-05-11,27.153562545776367,32.70000076293945,33.09000015258789,32.0099983215332,32.5,7232900
2020-05-12,26.746667861938477,32.209999084472656,33.47999954223633,32.209999084472656,33.0099983215332,7025500
2020-05-13,25.783424377441406,31.049999237060547,32.54999923706055,30.280000686645508,31.690000534057617,8503600
2020-05-14,25.650558471679688,30.889999389648438,31.649999618530273,28.81999969482422,30.030000686645508,7941400
2020-05-15,25.16063690185547,30.299999237060547,31.260000228881836,29.8799991607666,30.649999618530273,9469100
2020-05-18,29.021923065185547,34.95000076293945,35.310001373291016,31.979999542236328,32.36000061035156,13224100
2020-05-19,29.13169288635254,34.5,35.380001068115234,33.08000183105469,34.599998474121094,13057200
2020-05-20,31.0906925201416,36.81999969482422,37.279998779296875,35.150001525878906,35.349998474121094,18678500
2020-05-21,30.136526107788086,35.689998626708984,37.41999816894531,35.36000061035156,36.810001373291016,11427200
2020-05-22,30.03520965576172,35.56999969482422,35.84000015258789,34.439998626708984,35.58000183105469,5682700
2020-05-26,31.099136352539062,36.83000183105469,37.47999954223633,36.61000061035156,37.09000015258789,10481800
2020-05-27,30.888050079345703,36.58000183105469,37.939998626708984,35.560001373291016,37.72999954223633,10878100
2020-05-28,29.705881118774414,35.18000030517578,36.70000076293945,34.959999084472656,36.70000076293945,6998100
2020-05-29,29.672103881835938,35.13999938964844,35.43000030517578,34.11000061035156,34.779998779296875,11445100
2020-06-01,30.82048988342285,36.5,36.83000183105469,34.349998474121094,35.25,7414300
2020-06-02,31.850650787353516,37.720001220703125,37.939998626708984,36.47999954223633,37.0,7533100
2020-06-03,32.58527755737305,38.59000015258789,39.220001220703125,38.16999816894531,38.5,9151200
2020-06-04,32.12085723876953,38.040000915527344,38.86000061035156,37.529998779296875,38.20000076293945,9239300
2020-06-05,35.0931396484375,41.560001373291016,42.0099983215332,40.470001220703125,40.95000076293945,10867700
2020-06-08,35.64199447631836,42.209999084472656,44.119998931884766,41.529998779296875,43.5,14498100
2020-06-09,34.12208557128906,40.40999984741211,40.939998626708984,39.36000061035156,40.310001373291016,8264500
2020-06-10,33.09191131591797,39.189998626708984,40.79999923706055,39.130001068115234,39.810001373291016,7984800
2020-06-11,29.832544326782227,35.33000183105469,37.880001068115234,35.16999816894531,35.900001525878906,10531700
2020-06-12,30.92181396484375,36.619998931884766,37.900001525878906,35.33000183105469,37.630001068115234,7688900
2020-06-15,31.951980590820312,37.84000015258789,38.20000076293945,34.61000061035156,34.79999923706055,9565800
2020-06-16,32.62749481201172,38.63999938964844,40.47999954223633,37.619998931884766,40.11000061035156,7253800
2020-06-17,31.35245704650879,37.130001068115234,38.63999938964844,37.119998931884766,38.5,5498500
2020-06-18,32.483951568603516,38.470001220703125,39.0,36.40999984741211,36.95000076293945,6219300
2020-06-19,32.24751663208008,38.189998626708984,41.79999923706055,38.189998626708984,41.7599983215332,25989000
2020-06-22,32.6021614074707,38.61000061035156,38.779998779296875,37.02000045776367,37.63999938964844,10442600
2020-06-23,32.762603759765625,38.79999923706055,39.70000076293945,38.66999816894531,39.04999923706055,5808200
2020-06-24,30.59249496459961,36.22999954223633,38.15999984741211,35.72999954223633,37.84000015258789,7993800
2020-06-25,30.98093032836914,36.689998626708984,37.029998779296875,35.119998931884766,35.58000183105469,8370700
2020-06-26,29.866317749023438,35.369998931884766,39.04999923706055,34.65999984741211,36.38999938964844,14780900
2020-06-29,29.891643524169922,35.400001525878906,36.43000030517578,35.0,35.540000915527344,4630900
2020-06-30,31.56355857849121,37.380001068115234,37.65999984741211,34.689998626708984,35.119998931884766,6542100
2020-07-01,30.128089904785156,35.68000030517578,38.060001373291016,35.459999084472656,37.599998474121094,6026400
2020-07-02,30.457401275634766,36.06999969482422,37.41999816894531,35.93000030517578,36.43000030517578,5716300
2020-07-06,30.702272415161133,36.36000061035156,37.119998931884766,35.31999969482422,36.88999938964844,6860000
2020-07-07,29.292129516601562,34.689998626708984,35.91999816894531,34.630001068115234,35.540000915527344,6752000
2020-07-08,28.836158752441406,34.150001525878906,34.810001373291016,33.540000915527344,34.72999954223633,12174100
2020-07-09,28.1606388092041,33.349998474121094,34.2599983215332,32.56999969482422,34.2599983215332,10668600
2020-07-10,30.56716537475586,36.20000076293945,36.2599983215332,33.02000045776367,33.209999084472656,9439700
2020-07-13,29.81564712524414,35.310001373291016,36.45000076293945,35.04999923706055,36.31999969482422,8333300
2020-07-14,30.56716537475586,36.20000076293945,36.290000915527344,34.400001525878906,34.880001068115234,8771300
2020-07-15,31.723995208740234,37.56999969482422,37.72999954223633,36.4900016784668,37.36000061035156,4805100
2020-07-16,31.572006225585938,37.38999938964844,37.95000076293945,36.650001525878906,37.029998779296875,3380600
2020-07-17,32.02798080444336,37.93000030517578,39.630001068115234,37.20000076293945,37.63999938964844,10359900
2020-07-20,31.03158950805664,36.75,38.310001373291016,36.68000030517578,37.72999954223633,7093400
2020-07-21,32.543060302734375,38.540000915527344,38.7599983215332,37.15999984741211,37.290000915527344,6673300
2020-07-22,32.703487396240234,38.72999954223633,38.90999984741211,37.400001525878906,37.70000076293945,7550200
2020-07-23,32.83015060424805,38.880001068115234,39.5,38.11000061035156,38.20000076293945,4573800
2020-07-24,32.67816162109375,38.70000076293945,39.36000061035156,38.45000076293945,38.93000030517578,3728500
2020-07-27,32.52616500854492,38.52000045776367,38.90999984741211,37.75,38.52000045776367,3290300
2020-07-28,32.18841552734375,38.119998931884766,38.86000061035156,37.869998931884766,38.279998779296875,4821000
2020-07-29,33.69987487792969,39.90999984741211,39.95000076293945,38.22999954223633,38.34000015258789,5097300
2020-07-30,32.15462875366211,38.08000183105469,39.27000045776367,37.630001068115234,39.0,5949200
2020-07-31,32.255958557128906,38.20000076293945,38.54999923706055,37.2400016784668,37.599998474121094,9994400
2020-08-03,32.56839370727539,38.56999969482422,40.040000915527344,37.41999816894531,38.400001525878906,24358900
2020-08-04,31.8253231048584,37.689998626708984,38.56999969482422,36.5099983215332,37.83000183105469,13185700
2020-08-05,30.76137924194336,36.43000030517578,38.130001068115234,36.27000045776367,38.08000183105469,14914600
2020-08-06,30.170299530029297,35.72999954223633,36.880001068115234,35.4900016784668,36.06999969482422,7172500
2020-08-07,30.96403694152832,36.66999816894531,36.75,35.25,35.59000015258789,5469000
2020-08-10,31.35245704650879,37.130001068115234,37.150001525878906,36.04999923706055,36.900001525878906,9232600
2020-08-11,31.200471878051758,36.95000076293945,38.68000030517578,36.72999954223633,38.0,7622200
2020-08-12,32.196861267089844,38.130001068115234,38.45000076293945,37.349998474121094,38.029998779296875,8280400
2020-08-13,31.462230682373047,37.2599983215332,38.06999969482422,37.119998931884766,37.5,5040000
2020-08-14,32.382625579833984,38.349998474121094,38.380001068115234,36.900001525878906,37.04999923706055,5768100
2020-08-17,32.63594055175781,38.650001525878906,39.08000183105469,38.040000915527344,38.369998931884766,5424600
2020-08-18,31.924415588378906,37.2400016784668,38.220001220703125,37.22999954223633,37.93000030517578,5824200
2020-08-19,31.872974395751953,37.18000030517578,37.83000183105469,36.70000076293945,37.130001068115234,5357100
2020-08-20,30.535648345947266,35.619998931884766,36.689998626708984,35.619998931884766,36.58000183105469,8117000
2020-08-21,30.347047805786133,35.400001525878906,35.689998626708984,34.959999084472656,35.5,6586100
2020-08-24,31.55579376220703,36.810001373291016,37.02000045776367,35.47999954223633,35.79999923706055,7215700
2020-08-25,31.24717903137207,36.45000076293945,37.0,36.0099983215332,36.95000076293945,7086600
2020-08-26,30.287046432495117,35.33000183105469,36.599998474121094,35.29999923706055,36.31999969482422,5174700
2020-08-27,29.98700523376465,34.97999954223633,35.4900016784668,34.400001525878906,35.439998626708984,7384700
2020-08-28,31.795818328857422,37.09000015258789,37.2599983215332,35.099998474121094,35.15999984741211,7090800
2020-08-31,30.398487091064453,35.459999084472656,37.06999969482422,35.459999084472656,37.0099983215332,5727700
2020-09-01,29.978429794311523,34.970001220703125,35.86000061035156,34.630001068115234,35.0099983215332,5048700
2020-09-02,30.012727737426758,35.0099983215332,35.43000030517578,34.59000015258789,35.029998779296875,5556900
2020-09-03,29.36977195739746,34.2599983215332,35.83000183105469,33.939998626708984,35.099998474121094,6314800
2020-09-04,28.838272094726562,33.63999938964844,34.779998779296875,33.22999954223633,34.540000915527344,7278900
2020-09-08,27.71526527404785,32.33000183105469,33.40999984741211,32.22999954223633,33.040000915527344,6645500
2020-09-09,27.235193252563477,31.770000457763672,32.75,31.739999771118164,32.720001220703125,7017500
2020-09-10,25.949304580688477,30.270000457763672,31.969999313354492,30.219999313354492,31.8799991607666,8887000
2020-09-11,26.78942108154297,31.25,31.600000381469727,30.139999389648438,30.309999465942383,8273000
2020-09-14,27.449508666992188,32.02000045776367,32.4900016784668,31.479999542236328,31.489999771118164,9334900
2020-09-15,26.652257919311523,31.09000015258789,32.470001220703125,30.950000762939453,31.959999084472656,5248500
2020-09-16,27.740982055664062,32.36000061035156,33.060001373291016,30.75,31.309999465942383,9228800
2020-09-17,27.535242080688477,32.119998931884766,32.400001525878906,31.450000762939453,31.549999237060547,8454600
2020-09-18,27.672393798828125,32.279998779296875,32.61000061035156,31.639999389648438,31.739999771118164,12106500
2020-09-21,26.78942108154297,31.25,31.34000015258789,30.25,30.799999237060547,10301500
2020-09-22,26.609397888183594,31.040000915527344,31.709999084472656,30.8799991607666,31.100000381469727,9786300
2020-09-23,24.629117965698242,28.729999542236328,31.15999984741211,28.700000762939453,30.899999618530273,8669200
2020-09-24,24.534820556640625,28.6200008392334,29.149999618530273,27.56999969482422,28.510000228881836,9454400
2020-09-25,24.543392181396484,28.6299991607666,28.889999389648438,27.6299991607666,28.1299991607666,6647200
2020-09-28,25.67498207092285,29.950000762939453,30.309999465942383,29.18000030517578,29.459999084472656,7496000
2020-09-29,25.229204177856445,29.43000030517578,30.270000457763672,29.1200008392334,29.920000076293945,4856600
2020-09-30,25.152053833007812,29.34000015258789,30.209999084472656,29.1299991607666,29.59000015258789,5788800
2020-10-01,23.754714965820312,27.709999084472656,28.979999542236328,27.389999389648438,28.770000457763672,7880300
2020-10-02,24.234777450561523,28.270000457763672,28.639999389648438,26.559999465942383,26.81999969482422,7342400
2020-10-05,25.066320419311523,29.239999771118164,29.469999313354492,28.6200008392334,28.700000762939453,6615100
2020-10-06,24.714845657348633,28.829999923706055,30.299999237060547,28.760000228881836,29.770000457763672,5367900
2020-10-07,25.040603637695312,29.209999084472656,29.270000457763672,28.549999237060547,28.989999771118164,5507800
2020-10-08,26.6779727935791,31.1200008392334,31.139999389648438,29.280000686645508,29.389999389648438,6636000
2020-10-09,25.82071876525879,30.1200008392334,31.389999389648438,30.06999969482422,31.350000381469727,7514000
2020-10-12,26.13789939880371,30.489999771118164,30.510000228881836,29.6200008392334,29.969999313354492,4393100
2020-10-13,25.186338424682617,29.3799991607666,30.489999771118164,29.079999923706055,30.170000076293945,6551800
2020-10-14,25.64069175720215,29.90999984741211,30.600000381469727,29.43000030517578,29.540000915527344,4925100
2020-10-15,26.180763244628906,30.540000915527344,30.56999969482422,28.59000015258789,29.100000381469727,5150200
2020-10-16,25.177766799926758,29.3700008392334,30.520000457763672,29.31999969482422,30.34000015258789,5024100
2020-10-19,24.217632293701172,28.25,29.510000228881836,28.170000076293945,29.389999389648438,8570100
2020-10-20,25.066320419311523,29.239999771118164,29.5,28.5,28.600000381469727,6047600
2020-10-21,24.706274032592773,28.81999969482422,29.489999771118164,28.290000915527344,28.739999771118164,5732500
2020-10-22,25.297779083251953,29.510000228881836,29.649999618530273,28.09000015258789,28.610000610351562,6250000
2020-10-23,25.623537063598633,29.889999389648438,30.579999923706055,29.059999465942383,29.8700008392334,6050900
2020-10-26,24.517681121826172,28.600000381469727,29.290000915527344,28.149999618530273,29.25,6438500
2020-10-27,24.166196823120117,28.190000534057617,29.0,28.049999237060547,28.440000534057617,4681200
2020-10-28,23.574689865112305,27.5,27.940000534057617,26.790000915527344,27.270000457763672,8389000
2020-10-29,24.714845657348633,28.829999923706055,28.8799991607666,26.770000457763672,27.010000228881836,6478500
2020-10-30,25.289207458496094,29.5,29.530000686645508,28.15999984741211,28.5,8784600
2020-11-02,26.832284927368164,31.299999237060547,31.809999465942383,28.540000915527344,28.920000076293945,11738200
2020-11-03,27.355209350585938,31.90999984741211,32.34000015258789,31.459999084472656,31.68000030517578,8395600
2020-11-04,27.17518424987793,31.700000762939453,32.72999954223633,31.1299991607666,31.920000076293945,7392500
2020-11-05,27.2866268157959,31.829999923706055,32.52000045776367,31.520000457763672,31.649999618530273,7109500
2020-11-06,27.072315216064453,31.579999923706055,32.470001220703125,31.290000915527344,31.700000762939453,7181600
2020-11-09,31.264333724975586,36.470001220703125,38.220001220703125,35.650001525878906,35.68000030517578,17209800
2020-11-10,32.2673225402832,37.63999938964844,37.66999816894531,36.279998779296875,37.400001525878906,12599800
2020-11-11,31.881553649902344,37.189998626708984,38.220001220703125,36.7400016784668,37.84000015258789,5687600
2020-11-12,29.746973037719727,34.70000076293945,36.63999938964844,34.41999816894531,36.47999954223633,8952800
2020-11-13,32.19873809814453,37.560001373291016,37.63999938964844,35.02000045776367,35.189998626708984,7917600
2020-11-16,34.916255950927734,40.72999954223633,40.869998931884766,38.66999816894531,39.439998626708984,15288200
2020-11-17,35.3162956237793,40.61000061035156,40.65999984741211,38.15999984741211,39.02000045776367,7931300
2020-11-18,33.51612854003906,38.540000915527344,41.06999969482422,38.529998779296875,40.88999938964844,9135600
2020-11-19,33.985740661621094,39.08000183105469,39.2400016784668,37.209999084472656,37.45000076293945,6149200
2020-11-20,33.27263259887695,38.2599983215332,39.16999816894531,38.20000076293945,38.9900016784668,4602400
2020-11-23,35.846778869628906,41.220001220703125,41.349998474121094,38.880001068115234,39.0,8987300
2020-11-24,36.91644287109375,42.45000076293945,42.869998931884766,41.43000030517578,42.7400016784668,12176000
2020-11-25,36.07289123535156,41.47999954223633,42.209999084472656,41.34000015258789,41.88999938964844,5782500
2020-11-27,36.02070999145508,41.41999816894531,41.88999938964844,41.040000915527344,41.15999984741211,4122200
2020-11-30,33.81180953979492,38.880001068115234,41.4900016784668,38.63999938964844,40.83000183105469,13248200
2020-12-01,34.30750274658203,39.45000076293945,41.279998779296875,39.31999969482422,40.220001220703125,5942200
2020-12-02,35.29020690917969,40.58000183105469,41.22999954223633,38.7400016784668,39.0,5792600
2020-12-03,35.646766662597656,40.9900016784668,41.93000030517578,40.25,40.75,4191500
2020-12-04,37.316471099853516,42.90999984741211,43.560001373291016,41.720001220703125,41.849998474121094,5557700
2020-12-07,36.707733154296875,42.209999084472656,42.7400016784668,40.88999938964844,42.25,5835300
2020-12-08,36.91644287109375,42.45000076293945,43.310001373291016,41.4900016784668,41.54999923706055,4107200
2020-12-09,37.0816764831543,42.63999938964844,43.880001068115234,41.939998626708984,43.18000030517578,4302200
2020-12-10,38.11655044555664,43.83000183105469,44.689998626708984,42.34000015258789,42.45000076293945,9325100
2020-12-11,37.316471099853516,42.90999984741211,43.43000030517578,42.279998779296875,43.290000915527344,3651600
2020-12-14,35.446739196777344,40.7599983215332,43.900001525878906,40.52000045776367,43.310001373291016,6498400
2020-12-15,36.742515563964844,42.25,42.290000915527344,40.83000183105469,41.400001525878906,5041300
2020-12-16,36.22072219848633,41.650001525878906,42.2400016784668,41.380001068115234,42.060001373291016,5975500
2020-12-17,35.29020690917969,40.58000183105469,41.9900016784668,40.40999984741211,41.9900016784668,7227000
2020-12-18,35.09018325805664,40.349998474121094,40.560001373291016,39.72999954223633,40.060001373291016,12846400
2020-12-21,34.56840133666992,39.75,40.290000915527344,38.29999923706055,39.0,6302500
2020-12-22,34.49882888793945,39.66999816894531,40.290000915527344,39.560001373291016,39.650001525878906,7608000
2020-12-23,35.925045013427734,41.310001373291016,41.650001525878906,40.0,40.0,4944700
2020-12-24,35.83808517456055,41.209999084472656,41.22999954223633,40.38999938964844,40.86000061035156,1989300
2020-12-28,35.46413040161133,40.779998779296875,42.380001068115234,40.70000076293945,41.2599983215332,4293800
2020-12-29,35.420650482177734,40.72999954223633,41.310001373291016,40.47999954223633,40.97999954223633,3363000
2020-12-30,36.151153564453125,41.56999969482422,41.869998931884766,40.83000183105469,40.90999984741211,3152300
2020-12-31,35.96853256225586,41.36000061035156,41.9900016784668,41.060001373291016,41.5,3361400
2021-01-04,35.43804168701172,40.75,42.22999954223633,40.29999923706055,41.72999954223633,4174100
2021-01-05,36.603370666503906,42.09000015258789,43.31999969482422,40.939998626708984,41.0099983215332,5869100
2021-01-06,37.35127258300781,42.95000076293945,43.56999969482422,41.959999084472656,43.119998931884766,6819900
2021-01-07,38.4122314453125,44.16999816894531,44.779998779296875,42.880001068115234,43.22999954223633,6420500
2021-01-08,37.55128860473633,43.18000030517578,44.790000915527344,43.11000061035156,44.75,5255000
2021-01-11,37.90784454345703,43.59000015258789,43.84000015258789,42.060001373291016,42.40999984741211,4222600
2021-01-12,39.638427734375,45.58000183105469,45.779998779296875,43.5,43.70000076293945,10484700
2021-01-13,38.54267501831055,44.31999969482422,45.43000030517578,43.630001068115234,45.36000061035156,7234600
2021-01-14,39.58624267578125,45.52000045776367,46.08000183105469,44.0099983215332,44.5,8816200
2021-01-15,38.24699783325195,43.97999954223633,45.0,43.33000183105469,44.900001525878906,7719000
2021-01-19,40.081947326660156,46.09000015258789,46.63999938964844,44.02000045776367,44.34000015258789,7186300
2021-01-20,40.151519775390625,46.16999816894531,46.93000030517578,45.209999084472656,46.470001220703125,5529300
2021-01-21,39.47320556640625,45.38999938964844,46.459999084472656,45.0099983215332,46.20000076293945,5204400
2021-01-22,39.78627395629883,45.75,45.84000015258789,43.77000045776367,44.18000030517578,3645100
2021-01-25,40.20369338989258,46.22999954223633,46.439998626708984,44.43000030517578,44.91999816894531,7148400
2021-01-26,39.2731819152832,45.15999984741211,47.189998626708984,44.97999954223633,46.68000030517578,4268200
2021-01-27,38.21221923828125,43.939998626708984,45.5099983215332,43.18000030517578,44.0,8826500
2021-01-28,38.93402099609375,44.77000045776367,45.279998779296875,43.459999084472656,44.380001068115234,6253800
2021-01-29,37.53388977050781,43.15999984741211,45.40999984741211,43.11000061035156,44.279998779296875,6180900
2021-02-01,37.78609848022461,43.45000076293945,44.060001373291016,42.31999969482422,43.77000045776367,5232100
2021-02-02,39.264488220214844,45.150001525878906,46.41999816894531,44.0099983215332,44.439998626708984,7112000
2021-02-03,41.134220123291016,47.29999923706055,47.459999084472656,45.400001525878906,45.56999969482422,6492000
2021-02-04,41.16030502319336,47.33000183105469,48.279998779296875,46.59000015258789,47.81999969482422,5007500
2021-02-05,41.438602447509766,47.650001525878906,48.22999954223633,47.22999954223633,48.0099983215332,3846000
2021-02-08,43.03005599975586,49.47999954223633,49.86000061035156,48.150001525878906,48.220001220703125,9360200
2021-02-09,42.49955368041992,48.869998931884766,49.09000015258789,48.130001068115234,49.04999923706055,5076900
2021-02-10,43.31703567504883,49.810001373291016,50.16999816894531,48.31999969482422,49.060001373291016,4938500
2021-02-11,43.27355194091797,49.7599983215332,49.939998626708984,48.65999984741211,49.84000015258789,3753700
2021-02-12,43.88228988647461,50.459999084472656,50.58000183105469,49.25,49.439998626708984,3907200
2021-02-16,45.27231979370117,51.459999084472656,52.08000183105469,50.720001220703125,50.810001373291016,10784600
2021-02-17,45.650611877441406,51.88999938964844,52.119998931884766,50.459999084472656,51.560001373291016,5542300
2021-02-18,45.06117248535156,51.220001220703125,51.93000030517578,50.810001373291016,51.63999938964844,4951800
2021-02-19,46.62715148925781,53.0,53.310001373291016,51.529998779296875,51.59000015258789,7603600
2021-02-22,48.254695892333984,54.849998474121094,55.70000076293945,53.38999938964844,53.61000061035156,8770000
2021-02-23,49.0640754699707,55.77000045776367,56.13999938964844,53.81999969482422,55.04999923706055,7649100
2021-02-24,49.838260650634766,56.650001525878906,56.9900016784668,55.83000183105469,56.04999923706055,6605200
2021-02-25,48.44823455810547,55.06999969482422,56.97999954223633,54.439998626708984,56.97999954223633,6781600
2021-02-26,48.0523567199707,54.619998931884766,55.22999954223633,52.16999816894531,54.81999969482422,6259900
2021-03-01,49.35439682006836,56.099998474121094,56.75,55.0,55.939998626708984,6159300
2021-03-02,49.29281234741211,56.029998779296875,57.06999969482422,55.650001525878906,56.5,6094700
2021-03-03,49.32799530029297,56.06999969482422,57.689998626708984,55.77000045776367,56.43000030517578,5259900
2021-03-04,49.715091705322266,56.5099983215332,57.459999084472656,54.95000076293945,56.29999923706055,7032400
2021-03-05,50.427696228027344,57.31999969482422,58.31999969482422,55.060001373291016,58.16999816894531,6865900
2021-03-08,50.28693389892578,57.15999984741211,58.77000045776367,56.619998931884766,58.06999969482422,7192100
2021-03-09,49.15204620361328,55.869998931884766,58.18000030517578,55.810001373291016,56.689998626708984,5278500
2021-03-10,51.184288024902344,58.18000030517578,58.43000030517578,56.36000061035156,56.36000061035156,6504000
2021-03-11,51.02592849731445,58.0,59.93000030517578,57.880001068115234,58.66999816894531,6318500
2021-03-12,50.80599594116211,57.75,58.630001068115234,57.31999969482422,58.470001220703125,5053200
2021-03-15,50.902767181396484,57.86000061035156,58.20000076293945,56.56999969482422,57.900001525878906,5901500
2021-03-16,49.451168060302734,56.209999084472656,57.040000915527344,55.52000045776367,56.86000061035156,10415300
2021-03-17,49.451168060302734,56.209999084472656,56.619998931884766,54.72999954223633,55.790000915527344,7586400
2021-03-18,46.495182037353516,52.849998474121094,55.65999984741211,52.810001373291016,55.65999984741211,9731000
2021-03-19,47.295753479003906,53.7599983215332,54.540000915527344,52.40999984741211,53.060001373291016,14090200
2021-03-22,46.935062408447266,53.349998474121094,53.97999954223633,52.95000076293945,53.5,4805300
2021-03-23,46.13447570800781,52.439998626708984,53.43000030517578,51.79999923706055,52.5099983215332,6252100
2021-03-24,46.77670669555664,53.16999816894531,54.650001525878906,53.06999969482422,53.5,6802900
2021-03-25,47.40132522583008,53.880001068115234,54.189998626708984,51.119998931884766,52.349998474121094,5087700
2021-03-26,48.40425491333008,55.02000045776367,55.31999969482422,54.0,54.900001525878906,3822400
2021-03-29,47.093421936035156,53.529998779296875,54.630001068115234,53.20000076293945,54.13999938964844,4552200
2021-03-30,47.154998779296875,53.599998474121094,54.22999954223633,52.77000045776367,52.970001220703125,3228700
2021-03-31,47.0582275390625,53.4900016784668,53.81999969482422,53.06999969482422,53.5,4984800
2021-04-01,49.0904655456543,55.79999923706055,55.81999969482422,53.5,53.88999938964844,5490800
2021-04-05,47.471710205078125,53.959999084472656,55.7599983215332,53.38999938964844,55.5,5589900
2021-04-06,47.22537612915039,53.68000030517578,55.220001220703125,53.25,54.369998931884766,5009000
2021-04-07,47.49810028076172,53.9900016784668,54.16999816894531,53.31999969482422,53.529998779296875,3850300
2021-04-08,46.94385528564453,53.36000061035156,53.81999969482422,52.34000015258789,53.20000076293945,6030800
2021-04-09,46.477577209472656,52.83000183105469,53.810001373291016,52.65999984741211,53.36000061035156,3191900
2021-04-12,45.93212890625,52.209999084472656,53.75,52.02000045776367,53.41999816894531,3677900
2021-04-13,46.24884796142578,52.56999969482422,52.709999084472656,51.54999923706055,51.79999923706055,3059300
2021-04-14,47.39253234863281,53.869998931884766,54.880001068115234,52.970001220703125,53.09000015258789,4587500
2021-04-15,47.39253234863281,53.869998931884766,53.91999816894531,52.88999938964844,53.70000076293945,4410700
2021-04-16,47.73564529418945,54.2599983215332,55.58000183105469,53.720001220703125,55.20000076293945,6161300
2021-04-19,47.00543975830078,53.43000030517578,54.33000183105469,52.86000061035156,53.849998474121094,3991600
2021-04-20,45.79137420654297,52.04999923706055,53.22999954223633,51.45000076293945,53.09000015258789,4337400
2021-04-21,46.89986801147461,53.310001373291016,53.41999816894531,51.279998779296875,51.43000030517578,3457400
2021-04-22,45.8001708984375,52.060001373291016,53.310001373291016,51.97999954223633,53.310001373291016,7656200
2021-04-23,46.62715148925781,53.0,53.2400016784668,52.09000015258789,52.439998626708984,4179200
2021-04-26,46.86467361450195,53.27000045776367,53.58000183105469,52.720001220703125,52.84000015258789,4488700
2021-04-27,47.410133361816406,53.88999938964844,54.060001373291016,53.130001068115234,53.459999084472656,4867200
2021-04-28,48.77375411987305,55.439998626708984,55.7400016784668,54.369998931884766,54.40999984741211,5896000
2021-04-29,49.30160903930664,56.040000915527344,57.25,55.650001525878906,56.310001373291016,5505400
2021-04-30,48.9585075378418,55.650001525878906,57.099998474121094,55.15999984741211,55.38999938964844,4773000
2021-05-03,50.28693389892578,57.15999984741211,57.68000030517578,56.15999984741211,56.52000045776367,7066600
2021-05-04,50.410099029541016,57.29999923706055,58.220001220703125,55.380001068115234,56.0,7081500
2021-05-05,52.231201171875,59.369998931884766,59.38999938964844,57.20000076293945,57.95000076293945,8732000
2021-05-06,52.31037521362305,59.459999084472656,60.04999923706055,58.849998474121094,59.5,7405500
2021-05-07,52.78544235229492,60.0,60.22999954223633,58.68000030517578,59.0,8178200
2021-05-10,52.61829376220703,59.810001373291016,61.11000061035156,59.63999938964844,60.52000045776367,6884600
2021-05-11,51.58897399902344,58.63999938964844,59.459999084472656,57.959999084472656,58.75,5801400
2021-05-12,51.87930679321289,58.970001220703125,60.52000045776367,58.70000076293945,58.70000076293945,7541600
2021-05-13,51.712135314941406,58.779998779296875,60.099998474121094,58.02000045776367,58.33000183105469,5491100
2021-05-14,52.85581970214844,60.08000183105469,61.95000076293945,55.97999954223633,59.459999084472656,31341800
2021-05-17,54.1226806640625,61.52000045776367,61.7599983215332,60.04999923706055,60.11000061035156,11254800
2021-05-18,53.580928802490234,60.33000183105469,61.880001068115234,60.27000045776367,61.18000030517578,11782100
2021-05-19,52.88817596435547,59.54999923706055,60.04999923706055,58.779998779296875,59.130001068115234,9215400
2021-05-20,52.9947509765625,59.66999816894531,59.95000076293945,58.77000045776367,59.41999816894531,8310500
2021-05-21,52.923702239990234,59.59000015258789,60.54999923706055,59.45000076293945,60.119998931884766,9741400
2021-05-24,53.936180114746094,60.72999954223633,60.900001525878906,59.59000015258789,60.040000915527344,11488300
2021-05-25,53.296722412109375,60.0099983215332,60.90999984741211,59.88999938964844,60.70000076293945,8911900
2021-05-26,53.99833679199219,60.79999923706055,61.06999969482422,60.060001373291016,60.25,8740800
2021-05-27,54.531219482421875,61.400001525878906,61.58000183105469,60.790000915527344,60.880001068115234,11339200
2021-05-28,54.886474609375,61.79999923706055,61.970001220703125,61.18000030517578,61.59000015258789,8962400
2021-06-01,55.50816345214844,62.5,63.04999923706055,62.09000015258789,62.5,6361400
2021-06-02,55.93446350097656,62.97999954223633,63.380001068115234,62.13999938964844,63.0,7552500
2021-06-03,56.183135986328125,63.2599983215332,63.70000076293945,62.470001220703125,62.900001525878906,7620800
2021-06-04,56.54727554321289,63.66999816894531,63.880001068115234,62.810001373291016,63.689998626708984,5751800
2021-06-07,56.25419235229492,63.34000015258789,64.02999877929688,63.02000045776367,63.619998931884766,5920300
2021-06-08,56.92028045654297,64.08999633789062,64.16999816894531,62.790000915527344,63.2599983215332,9855000
2021-06-09,56.493988037109375,63.61000061035156,64.69999694824219,63.54999923706055,64.29000091552734,13185600
2021-06-10,56.34300231933594,63.439998626708984,64.83999633789062,63.04999923706055,64.66000366210938,6980000
2021-06-11,56.112098693847656,63.18000030517578,64.0,63.15999984741211,63.70000076293945,3631600
2021-06-14,55.94334030151367,62.9900016784668,63.709999084472656,62.77000045776367,63.380001068115234,8772100
2021-06-15,56.54727554321289,63.66999816894531,64.29000091552734,63.06999969482422,63.29999923706055,6232000
2021-06-16,56.200897216796875,63.279998779296875,63.81999969482422,62.70000076293945,63.470001220703125,5432400
2021-06-17,54.140445709228516,60.959999084472656,63.7599983215332,60.43000030517578,63.27000045776367,7209900
2021-06-18,52.28424835205078,58.869998931884766,60.5099983215332,58.86000061035156,60.16999816894531,8980600
2021-06-21,54.22037887573242,61.04999923706055,61.16999816894531,59.150001525878906,59.33000183105469,4657900
2021-06-22,54.47793197631836,61.34000015258789,61.689998626708984,60.380001068115234,60.7400016784668,4246900
2021-06-23,54.6644401550293,61.54999923706055,62.849998474121094,61.529998779296875,62.060001373291016,3538800
2021-06-24,55.36607360839844,62.34000015258789,62.5,61.439998626708984,62.0,2646000
2021-06-25,55.55256271362305,62.54999923706055,62.72999954223633,61.709999084472656,62.47999954223633,9623100
2021-06-28,53.73190689086914,60.5,62.529998779296875,60.40999984741211,62.400001525878906,6040700
2021-06-29,53.35888671875,60.08000183105469,61.119998931884766,60.0099983215332,60.91999816894531,3630100
2021-06-30,53.660850524902344,60.41999816894531,60.849998474121094,60.040000915527344,60.29999923706055,3822200
2021-07-01,54.41576385498047,61.27000045776367,61.779998779296875,60.81999969482422,61.45000076293945,4013900
2021-07-02,54.238136291503906,61.06999969482422,61.5,60.38999938964844,61.5,4312200
2021-07-06,52.37306594848633,58.970001220703125,60.97999954223633,58.79999923706055,60.810001373291016,9406400
2021-07-07,51.46717834472656,57.95000076293945,59.18000030517578,57.31999969482422,58.79999923706055,4186500
2021-07-08,51.023101806640625,57.45000076293945,57.90999984741211,56.380001068115234,56.75,6898600
2021-07-09,52.11550521850586,58.68000030517578,58.75,57.18000030517578,58.06999969482422,5776200
2021-07-12,51.804664611816406,58.33000183105469,59.16999816894531,57.619998931884766,58.13999938964844,4943600
2021-07-13,50.97868728637695,57.400001525878906,58.15999984741211,57.15999984741211,57.970001220703125,4934900
2021-07-14,48.95376205444336,55.119998931884766,57.84000015258789,55.02000045776367,57.220001220703125,7799800
2021-07-15,48.181087493896484,54.25,55.16999816894531,54.02000045776367,54.599998474121094,7348800
2021-07-16,47.30183410644531,53.2599983215332,54.83000183105469,53.13999938964844,54.68000030517578,6763600
2021-07-19,45.18809127807617,50.880001068115234,51.790000915527344,50.189998626708984,51.369998931884766,10787800
2021-07-20,46.28936767578125,52.119998931884766,52.27000045776367,50.459999084472656,51.06999969482422,5664600
2021-07-21,48.03010177612305,54.08000183105469,54.5099983215332,52.93000030517578,52.959999084472656,5798900
2021-07-22,47.41728973388672,53.38999938964844,53.81999969482422,52.790000915527344,53.81999969482422,3179200
2021-07-23,47.45281982421875,53.43000030517578,53.70000076293945,52.63999938964844,53.20000076293945,3058400
2021-07-26,48.54521942138672,54.65999984741211,54.7400016784668,53.779998779296875,53.83000183105469,3948200
2021-07-27,48.261016845703125,54.34000015258789,54.47999954223633,53.61000061035156,53.9900016784668,3625600
2021-07-28,49.095855712890625,55.279998779296875,55.810001373291016,54.13999938964844,54.650001525878906,3196500
2021-07-29,49.67314910888672,55.93000030517578,56.470001220703125,55.470001220703125,56.11000061035156,3210800
2021-07-30,49.04257583618164,55.220001220703125,56.09000015258789,54.779998779296875,55.5,3642500
2021-08-02,48.367591857910156,54.459999084472656,56.40999984741211,54.2400016784668,55.290000915527344,5258600
2021-08-03,49.68202590942383,55.939998626708984,55.95000076293945,53.65999984741211,54.279998779296875,4892500
2021-08-04,48.296546936035156,54.380001068115234,55.91999816894531,54.189998626708984,54.75,6118000
2021-08-05,50.170494079589844,56.4900016784668,57.33000183105469,55.02000045776367,55.15999984741211,7163100
2021-08-06,50.987571716308594,57.40999984741211,57.77000045776367,56.45000076293945,57.34000015258789,6352500
2021-08-09,50.81884002685547,57.220001220703125,57.880001068115234,56.45000076293945,56.529998779296875,5451600
2021-08-10,51.9378776550293,58.47999954223633,58.66999816894531,57.459999084472656,57.70000076293945,6051300
2021-08-11,52.52404022216797,59.13999938964844,59.220001220703125,58.08000183105469,58.29999923706055,4856600
2021-08-12,52.87930679321289,59.540000915527344,59.58000183105469,58.439998626708984,58.939998626708984,4948000
2021-08-13,52.53292465209961,59.150001525878906,59.90999984741211,59.08000183105469,59.58000183105469,3639800
2021-08-16,51.849056243896484,58.380001068115234,58.97999954223633,57.880001068115234,58.310001373291016,5633000
2021-08-17,51.22113800048828,57.099998474121094,58.27000045776367,56.72999954223633,57.41999816894531,5789000
2021-08-18,50.485557556152344,56.279998779296875,57.84000015258789,56.209999084472656,56.97999954223633,4414000
2021-08-19,48.64662551879883,54.22999954223633,55.91999816894531,53.54999923706055,55.439998626708984,8185600
2021-08-20,49.131019592285156,54.77000045776367,54.900001525878906,53.470001220703125,53.63999938964844,5964000
2021-08-23,50.96996307373047,56.81999969482422,56.97999954223633,55.790000915527344,55.939998626708984,4499600
2021-08-24,51.99258041381836,57.959999084472656,58.36000061035156,57.040000915527344,57.29999923706055,4597400
2021-08-25,52.593605041503906,58.630001068115234,59.20000076293945,57.5,57.90999984741211,5268500
2021-08-26,52.10919952392578,58.09000015258789,58.88999938964844,58.0099983215332,58.7400016784668,4982600
2021-08-27,53.84049987792969,60.02000045776367,60.529998779296875,58.790000915527344,58.790000915527344,6556000
2021-08-30,52.862728118896484,58.93000030517578,60.4900016784668,58.869998931884766,60.33000183105469,6138900
2021-08-31,53.1677131652832,59.27000045776367,59.81999969482422,58.58000183105469,58.58000183105469,6464100
2021-09-01,51.3557014465332,57.25,59.40999984741211,57.02000045776367,59.099998474121094,6489000
2021-09-02,51.93877410888672,57.900001525878906,58.66999816894531,57.369998931884766,57.84000015258789,5402400
2021-09-03,52.243770599365234,58.2400016784668,58.4900016784668,57.5,57.720001220703125,5010200
2021-09-07,52.5397834777832,58.56999969482422,59.720001220703125,58.060001373291016,58.279998779296875,4952400
2021-09-08,51.23009490966797,57.11000061035156,59.25,57.060001373291016,58.86000061035156,7420200
2021-09-09,51.3557014465332,57.25,58.13999938964844,56.5099983215332,56.66999816894531,5004800
2021-09-10,51.01481628417969,56.869998931884766,58.22999954223633,56.529998779296875,58.189998626708984,4866400
2021-09-13,52.57566833496094,58.61000061035156,58.63999938964844,57.58000183105469,57.630001068115234,5885400
2021-09-14,51.6337776184082,57.560001373291016,59.34000015258789,57.439998626708984,59.31999969482422,5609100
2021-09-15,53.436832427978516,59.56999969482422,59.68000030517578,58.150001525878906,58.209999084472656,6875200
2021-09-16,53.01521682739258,59.099998474121094,59.720001220703125,58.75,59.540000915527344,4135700
2021-09-17,52.799930572509766,58.86000061035156,59.540000915527344,58.470001220703125,58.849998474121094,7621100
2021-09-20,51.248046875,57.130001068115234,58.310001373291016,56.08000183105469,57.099998474121094,6919800
2021-09-21,51.884944915771484,57.84000015258789,58.36000061035156,56.66999816894531,58.040000915527344,4525200
2021-09-22,53.741825103759766,59.90999984741211,60.72999954223633,58.5099983215332,58.810001373291016,7604000
2021-09-23,55.43724060058594,61.79999923706055,61.91999816894531,59.7599983215332,59.95000076293945,5851900
2021-09-24,55.517967224121094,61.88999938964844,62.279998779296875,61.0099983215332,61.34000015258789,3860900
2021-09-27,56.594417572021484,63.09000015258789,63.79999923706055,62.790000915527344,62.9900016784668,7532900
2021-09-28,56.07413101196289,62.5099983215332,63.939998626708984,62.31999969482422,63.84000015258789,6093500
2021-09-29,55.55385971069336,61.93000030517578,62.68000030517578,61.7400016784668,62.68000030517578,4963200
2021-09-30,55.44620895385742,61.810001373291016,63.029998779296875,61.52000045776367,61.970001220703125,6531900
2021-10-01,57.016029357910156,63.560001373291016,63.599998474121094,61.90999984741211,62.0,6868200
2021-10-04,56.53162384033203,63.02000045776367,64.69000244140625,62.88999938964844,63.91999816894531,9084700
2021-10-05,56.737953186035156,63.25,64.33999633789062,62.150001525878906,63.40999984741211,7908100
2021-10-06,56.388092041015625,62.86000061035156,63.400001525878906,61.439998626708984,62.4900016784668,9077700
2021-10-07,56.96220779418945,63.5,64.3499984741211,63.369998931884766,63.52000045776367,6021800
2021-10-08,58.4513053894043,65.16000366210938,65.26000213623047,63.91999816894531,64.0199966430664,6424800
2021-10-11,57.91306686401367,64.55999755859375,66.13999938964844,64.48999786376953,66.0,4832000
2021-10-12,58.07453155517578,64.73999786376953,65.3499984741211,64.25,64.5,6470300
2021-10-13,58.541011810302734,65.26000213623047,65.41999816894531,63.70000076293945,64.30000305175781,5142200
2021-10-14,59.81480407714844,66.68000030517578,67.0,65.62999725341797,66.26000213623047,6837700
2021-10-15,59.92245101928711,66.80000305175781,67.91999816894531,66.63999938964844,67.51000213623047,6186200
2021-10-18,59.56363296508789,66.4000015258789,67.41999816894531,66.04000091552734,67.30999755859375,4911300
2021-10-19,59.94935989379883,66.83000183105469,67.20999908447266,66.44000244140625,67.0,4881100
2021-10-20,60.290225982666016,67.20999908447266,67.3499984741211,65.77999877929688,66.0,5194900
2021-10-21,60.128761291503906,67.02999877929688,67.98999786376953,66.43000030517578,66.93000030517578,5806600
2021-10-22,60.56830596923828,67.5199966430664,67.62999725341797,66.5199966430664,67.19000244140625,3977800
2021-10-25,61.17831039428711,68.19999694824219,68.70999908447266,67.58000183105469,68.0,4679400
2021-10-26,61.420501708984375,68.47000122070312,68.77999877929688,67.56999969482422,68.27999877929688,5532500
2021-10-27,59.3393669128418,66.1500015258789,67.86000061035156,66.06999969482422,67.75,6473900
2021-10-28,59.80582809448242,66.66999816894531,67.23999786376953,65.97000122070312,66.04000091552734,5548800
2021-10-29,59.142024993896484,65.93000030517578,66.79000091552734,65.48999786376953,66.77999877929688,7668000
2021-11-01,60.33509063720703,67.26000213623047,67.41000366210938,66.43000030517578,66.47000122070312,4761200
2021-11-02,57.984840393066406,64.63999938964844,68.77999877929688,64.06999969482422,67.01000213623047,8026700
2021-11-03,57.12367630004883,63.68000030517578,64.33000183105469,63.16999816894531,64.23999786376953,7830100
2021-11-04,57.02499771118164,63.56999969482422,64.5199966430664,62.31999969482422,64.44000244140625,9258900
2021-11-05,59.03437423706055,65.80999755859375,66.05000305175781,64.12999725341797,64.7300033569336,10113800
2021-11-08,58.90879440307617,65.66999816894531,67.0999984741211,65.62999725341797,66.44000244140625,5393800
2021-11-09,60.218475341796875,67.12999725341797,67.2699966430664,65.66000366210938,65.70999908447266,6152200
2021-11-10,58.774234771728516,65.5199966430664,67.33000183105469,65.27999877929688,66.55999755859375,6560900
2021-11-11,59.204830169677734,66.0,66.79000091552734,65.5199966430664,65.61000061035156,5166800
2021-11-12,59.0254020690918,65.80000305175781,66.2300033569336,65.43000030517578,65.58000183105469,4044700
2021-11-15,59.31246566772461,66.12000274658203,67.0999984741211,65.44999694824219,66.16999816894531,6236700
2021-11-16,58.67896270751953,64.83999633789062,65.8499984741211,64.51000213623047,65.70999908447266,5282000
2021-11-17,57.538692474365234,63.58000183105469,65.0999984741211,63.34000015258789,64.0199966430664,5485000
2021-11-18,56.74231719970703,62.70000076293945,64.0199966430664,62.0,63.40999984741211,6910700
2021-11-19,54.5522575378418,60.279998779296875,62.099998474121094,60.18000030517578,61.36000061035156,7816300
2021-11-22,55.82828140258789,61.689998626708984,62.52000045776367,60.20000076293945,60.20000076293945,6274300
2021-11-23,57.78303909301758,63.849998474121094,63.9900016784668,62.2599983215332,62.41999816894531,6971000
2021-11-24,58.416534423828125,64.55000305175781,64.91999816894531,63.119998931884766,63.15999984741211,5191700
2021-11-26,55.520591735839844,61.349998474121094,62.029998779296875,59.54999923706055,60.970001220703125,5847900
2021-11-29,55.909725189208984,61.779998779296875,64.19000244140625,61.34000015258789,62.97999954223633,6166500
2021-11-30,55.06809616088867,60.849998474121094,61.33000183105469,59.75,60.310001373291016,14326200
2021-12-01,55.12239456176758,60.90999984741211,63.880001068115234,60.84000015258789,62.56999969482422,6552400
2021-12-02,57.31245422363281,63.33000183105469,63.470001220703125,60.560001373291016,60.90999984741211,6298500
2021-12-03,55.810176849365234,61.66999816894531,64.23999786376953,61.369998931884766,64.19000244140625,8031800
2021-12-06,56.88711166381836,62.86000061035156,63.790000915527344,61.630001068115234,62.79999923706055,5915300
2021-12-07,58.12693786621094,64.2300033569336,65.41000366210938,63.689998626708984,63.689998626708984,7347300
2021-12-08,57.973087310791016,64.05999755859375,65.23999786376953,63.869998931884766,64.41000366210938,5430400
2021-12-09,57.32149887084961,63.34000015258789,63.779998779296875,62.9900016784668,63.220001220703125,5373800
2021-12-10,57.638248443603516,63.689998626708984,64.12999725341797,62.7599983215332,63.970001220703125,4714300
2021-12-13,55.93688201904297,61.810001373291016,63.290000915527344,61.720001220703125,62.93000030517578,5416800
2021-12-14,56.51606750488281,62.45000076293945,63.5099983215332,61.130001068115234,61.47999954223633,5700600
2021-12-15,56.543216705322266,62.47999954223633,62.91999816894531,61.08000183105469,62.2599983215332,5561900
2021-12-16,56.8056640625,62.77000045776367,64.18000030517578,62.689998626708984,63.279998779296875,6067800
2021-12-17,56.51606750488281,62.45000076293945,63.22999954223633,61.310001373291016,62.58000183105469,13803000
2021-12-20,55.12239456176758,60.90999984741211,61.459999084472656,59.959999084472656,60.95000076293945,7136700
2021-12-21,57.39390182495117,63.41999816894531,63.72999954223633,61.599998474121094,61.650001525878906,5679200
2021-12-22,57.104305267333984,63.099998474121094,64.05999755859375,62.970001220703125,63.5,5168400
2021-12-23,57.05000686645508,63.040000915527344,64.52999877929688,63.02000045776367,63.75,4658300
2021-12-27,57.99118423461914,64.08000183105469,64.08999633789062,62.16999816894531,62.59000015258789,4334900
2021-12-28,58.25363540649414,64.37000274658203,65.16999816894531,64.23999786376953,64.4000015258789,4774700
2021-12-29,57.8735466003418,63.95000076293945,64.62000274658203,63.70000076293945,64.19999694824219,5253600
2021-12-30,57.4029541015625,63.43000030517578,64.66999816894531,63.38999938964844,64.05000305175781,4049900
2021-12-31,57.90973663330078,63.9900016784668,64.33000183105469,63.290000915527344,63.290000915527344,3546400
2022-01-03,59.42106628417969,65.66000366210938,66.25,64.2699966430664,64.44000244140625,5855800
2022-01-04,61.36676788330078,67.80999755859375,67.98999786376953,66.05000305175781,66.30000305175781,8469200
2022-01-05,61.75592041015625,68.23999786376953,69.94000244140625,68.08999633789062,68.9800033569336,8747200
2022-01-06,63.48442459106445,70.1500015258789,70.37999725341797,68.81999969482422,69.77999877929688,7923800
2022-01-07,64.1903076171875,70.93000030517578,71.01000213623047,69.81999969482422,70.0999984741211,6443500
2022-01-10,63.75591278076172,70.44999694824219,71.41000366210938,69.86000061035156,70.94999694824219,5922700
2022-01-11,65.78306579589844,72.69000244140625,72.80000305175781,70.61000061035156,71.31999969482422,6883000
2022-01-12,66.13603210449219,73.08000183105469,73.86000061035156,72.37000274658203,73.0,6861800
2022-01-13,66.1722183227539,73.12000274658203,74.13999938964844,72.86000061035156,73.33999633789062,5486500
2022-01-14,67.63829803466797,74.73999786376953,74.7699966430664,72.94000244140625,73.0,7237100
2022-01-18,67.46631622314453,74.55000305175781,75.87999725341797,73.5,74.97000122070312,7808700
2022-01-19,66.38036346435547,73.3499984741211,75.6500015258789,73.22000122070312,75.2699966430664,6582800
2022-01-20,65.14958953857422,71.98999786376953,74.25,71.80999755859375,72.63999938964844,7200600
2022-01-21,63.982154846191406,70.69999694824219,71.62999725341797,69.83999633789062,71.44999694824219,10194200
2022-01-24,63.701622009277344,70.38999938964844,70.72000122070312,67.48999786376953,69.05000305175781,9624700
2022-01-25,64.70613861083984,71.5,71.8499984741211,68.73999786376953,69.9000015258789,10674200
2022-01-26,64.23554992675781,70.9800033569336,73.19999694824219,70.41999816894531,72.38999938964844,7942800
2022-01-27,65.06814575195312,71.9000015258789,73.29000091552734,70.54000091552734,72.62999725341797,9207900
2022-01-28,64.97765350341797,71.80000305175781,72.54000091552734,70.12000274658203,71.80000305175781,7761300
2022-01-31,64.93238830566406,71.75,71.93000030517578,70.33000183105469,71.45999908447266,6729400
2022-02-01,66.9866943359375,74.0199966430664,74.20999908447266,70.77999877929688,71.06999969482422,7660300
2022-02-02,71.041015625,78.5,78.77999877929688,76.05000305175781,76.29000091552734,12585400
2022-02-03,69.65637969970703,76.97000122070312,78.9000015258789,76.62999725341797,78.58000183105469,7069300
2022-02-04,70.7604751586914,78.19000244140625,78.94000244140625,77.30999755859375,77.62000274658203,6173200
2022-02-07,72.24463653564453,79.83000183105469,80.55999755859375,77.7699966430664,78.16999816894531,7263900
2022-02-08,71.75592803955078,79.29000091552734,80.45999908447266,78.41000366210938,79.94999694824219,7949500
2022-02-09,72.20844268798828,79.79000091552734,80.77999877929688,79.2699966430664,79.2699966430664,5570300
2022-02-10,72.16317749023438,79.73999786376953,81.30999755859375,79.27999877929688,79.62999725341797,6398100
2022-02-11,73.47540283203125,81.19000244140625,81.38999938964844,79.69000244140625,80.20999908447266,6516900
2022-02-14,71.6383056640625,79.16000366210938,81.0999984741211,78.54000091552734,80.86000061035156,6547200
2022-02-15,71.48332977294922,78.41000366210938,79.12000274658203,76.91000366210938,77.30000305175781,4311500
2022-02-16,71.16423797607422,78.05999755859375,80.27999877929688,77.6500015258789,79.1500015258789,5735100
2022-02-17,70.16141510009766,76.95999908447266,78.31999969482422,76.68000030517578,77.83000183105469,7034800
2022-02-18,70.21611022949219,77.0199966430664,77.69999694824219,76.18000030517578,76.22000122070312,4845200
2022-02-22,68.94890594482422,75.62999725341797,78.5999984741211,74.80000305175781,78.45999908447266,4872000
2022-02-23,69.03094482421875,75.72000122070312,76.93000030517578,75.47000122070312,76.2699966430664,5763700
2022-02-24,67.88227844238281,74.45999908447266,76.41000366210938,72.75,76.05999755859375,7497700
2022-02-25,69.77852630615234,76.54000091552734,77.02999877929688,74.95999908447266,75.22000122070312,5275800
2022-02-28,70.99102020263672,77.87000274658203,77.9000015258789,75.41000366210938,75.61000061035156,8031300
2022-03-01,68.38368225097656,75.01000213623047,79.27999877929688,74.4000015258789,78.55000305175781,6502300
2022-03-02,70.18878173828125,76.98999786376953,77.75,74.31999969482422,76.18000030517578,8013300
2022-03-03,70.53520202636719,77.37000274658203,78.45999908447266,76.6500015258789,76.87000274658203,5694500
2022-03-04,70.8634033203125,77.7300033569336,77.7699966430664,76.16000366210938,76.36000061035156,6663600
2022-03-07,67.95520782470703,74.54000091552734,78.69000244140625,73.3499984741211,77.7699966430664,9396700
2022-03-08,69.48678588867188,76.22000122070312,78.33000183105469,75.1500015258789,76.61000061035156,10534200
2022-03-09,68.76657104492188,75.43000030517578,77.27999877929688,73.5,74.80000305175781,8088700
2022-03-10,71.04572296142578,77.93000030517578,78.25,75.36000061035156,76.04000091552734,7368900
2022-03-11,71.57447814941406,78.51000213623047,79.93000030517578,77.36000061035156,77.36000061035156,8530000
2022-03-14,69.88792419433594,76.66000366210938,78.69999694824219,75.51000213623047,77.69000244140625,7896700
2022-03-15,67.82756805419922,74.4000015258789,75.31999969482422,73.18000030517578,75.0999984741211,7873000
2022-03-16,68.24691772460938,74.86000061035156,76.0,74.23999786376953,75.16000366210938,6809700
2022-03-17,70.33462524414062,77.1500015258789,77.25,75.58000183105469,75.75,7091300
2022-03-18,71.40128326416016,78.31999969482422,78.4000015258789,76.05999755859375,77.11000061035156,17588400
2022-03-21,72.91462707519531,79.9800033569336,80.22000122070312,79.16999816894531,79.80000305175781,6260900
2022-03-22,72.2491226196289,79.25,80.25,78.2699966430664,79.94000244140625,5131300
2022-03-23,73.35221099853516,80.45999908447266,80.94999694824219,79.69000244140625,80.06999969482422,4641200
2022-03-24,74.2000732421875,81.38999938964844,81.75,80.38999938964844,80.98999786376953,4246900
2022-03-25,74.96586608886719,82.2300033569336,82.41000366210938,80.76000213623047,81.0,5186500
2022-03-28,74.72883605957031,81.97000122070312,82.44000244140625,80.73999786376953,81.02999877929688,4447900
2022-03-29,75.79547882080078,83.13999938964844,83.1500015258789,80.48999786376953,80.66000366210938,4203800
2022-03-30,77.81025695800781,85.3499984741211,85.5,83.70999908447266,84.18000030517578,5880400
2022-03-31,77.9469985961914,85.5,87.0999984741211,84.19999694824219,84.58999633789062,7041200
2022-04-01,77.31796264648438,84.80999755859375,86.2699966430664,84.2699966430664,85.27999877929688,7411800
2022-04-04,77.55498504638672,85.06999969482422,85.9800033569336,84.44999694824219,85.01000213623047,3801300
2022-04-05,77.22679138183594,84.70999908447266,86.44000244140625,84.63999938964844,85.51000213623047,3789100
2022-04-06,78.01079559326172,85.56999969482422,85.94000244140625,84.02999877929688,85.3499984741211,4564400
2022-04-07,78.26607513427734,85.8499984741211,86.37000274658203,83.94999694824219,85.97000122070312,4205600
2022-04-08,79.22332763671875,86.9000015258789,87.66999816894531,85.75,86.5199966430664,5088800
2022-04-11,77.38177490234375,84.87999725341797,86.33999633789062,84.7300033569336,86.22000122070312,4464700
2022-04-12,78.22051239013672,85.80000305175781,87.5199966430664,85.55000305175781,86.41000366210938,4236100
2022-04-13,79.85235595703125,87.58999633789062,87.63999938964844,85.76000213623047,86.66999816894531,3342100
2022-04-14,79.4968032836914,87.19999694824219,88.31999969482422,87.0,87.44000244140625,4080500
2022-04-18,82.14976501464844,90.11000061035156,90.61000061035156,88.02999877929688,88.44000244140625,5281300
2022-04-19,82.45059204101562,90.44000244140625,91.20999908447266,89.38999938964844,89.69999694824219,3868900
2022-04-20,82.94290161132812,90.9800033569336,91.87999725341797,90.54000091552734,90.75,4809000
2022-04-21,80.90077209472656,88.73999786376953,93.16000366210938,88.68000030517578,92.0,5588200
2022-04-22,79.3874282836914,87.08000183105469,89.58000183105469,87.0,88.41999816894531,4052200
2022-04-25,76.81653594970703,84.26000213623047,84.98999786376953,81.56999969482422,84.68000030517578,4915600
2022-04-26,77.9196548461914,85.47000122070312,86.95999908447266,84.23999786376953,84.8499984741211,5208400
2022-04-27,79.54240417480469,87.25,88.04000091552734,84.41999816894531,85.8499984741211,5219900
2022-04-28,81.7668685913086,89.69000244140625,90.2300033569336,86.66999816894531,87.8499984741211,5157900
2022-04-29,79.5515365600586,87.26000213623047,90.54000091552734,87.19000244140625,89.83000183105469,5081900
2022-05-02,81.24720764160156,89.12000274658203,89.33999633789062,86.44999694824219,87.44000244140625,5088200
2022-05-03,84.4653549194336,92.6500015258789,93.20999908447266,87.44999694824219,88.6500015258789,5831600
2022-05-04,87.83853149414062,96.3499984741211,96.55000305175781,92.94000244140625,94.05999755859375,5416300
2022-05-05,85.78726959228516,94.0999984741211,96.9000015258789,92.20999908447266,96.37999725341797,5020700
2022-05-06,87.44648742675781,95.91999816894531,96.0,92.04000091552734,95.25,4572200
2022-05-09,82.83351135253906,90.86000061035156,94.52999877929688,90.6500015258789,93.5999984741211,6756700
2022-05-10,83.61752319335938,91.72000122070312,94.7699966430664,89.80999755859375,91.94999694824219,6186400
2022-05-11,83.83631896972656,91.95999908447266,95.5999984741211,91.58000183105469,93.16000366210938,6411000
2022-05-12,84.54740142822266,92.73999786376953,93.2300033569336,90.58999633789062,92.37000274658203,6985500
2022-05-13,87.41004943847656,95.87999725341797,96.72000122070312,94.2699966430664,94.33000183105469,5834900
2022-05-16,87.94791412353516,96.47000122070312,97.93000030517578,95.0999984741211,95.0999984741211,5703500
2022-05-17,89.47042083740234,97.55000305175781,98.29000091552734,95.66999816894531,97.83000183105469,5576300
2022-05-18,88.24141693115234,96.20999908447266,98.19999694824219,94.5199966430664,97.9800033569336,6277700
2022-05-19,87.82869720458984,95.76000213623047,97.7300033569336,94.0199966430664,94.25,7399700
2022-05-20,88.56242370605469,96.55999755859375,97.45999908447266,94.48999786376953,96.4800033569336,5892900
2022-05-23,88.88343811035156,96.91000366210938,98.94999694824219,96.13999938964844,97.62999725341797,5440200
2022-05-24,89.24114990234375,97.30000305175781,97.83999633789062,95.20999908447266,95.88999938964844,3941300
2022-05-25,90.81867218017578,99.0199966430664,100.08000183105469,97.0999984741211,97.2699966430664,5486200
2022-05-26,91.2405776977539,99.4800033569336,100.36000061035156,98.76000213623047,99.7699966430664,4520600
2022-05-27,93.64358520507812,102.0999984741211,102.55000305175781,99.58999633789062,99.69000244140625,5987400
2022-05-31,93.35926055908203,101.79000091552734,104.61000061035156,101.43000030517578,102.91000366210938,11267100
2022-06-01,95.30366516113281,103.91000366210938,104.61000061035156,101.66000366210938,102.86000061035156,5366600
2022-06-02,95.63384246826172,104.2699966430664,104.62999725341797,102.68000030517578,103.19999694824219,5154200
2022-06-03,96.87203216552734,105.62000274658203,106.13999938964844,104.2699966430664,104.41999816894531,5665400
2022-06-06,100.32978820800781,109.38999938964844,110.30999755859375,105.80999755859375,105.83000183105469,7557300
2022-06-07,104.23694610595703,113.6500015258789,113.66000366210938,108.7699966430664,108.77999877929688,7723900
2022-06-08,103.52156066894531,112.87000274658203,114.3499984741211,112.47000122070312,114.05999755859375,6385400
2022-06-09,102.1366195678711,111.36000061035156,113.45999908447266,111.30000305175781,112.5199966430664,6594400
2022-06-10,99.36674499511719,108.33999633789062,110.88999938964844,106.97000122070312,109.2699966430664,7420300
2022-06-13,93.70777893066406,102.16999816894531,105.80000305175781,101.29000091552734,104.7300033569336,8749100
2022-06-14,94.16636657714844,102.66999816894531,106.75,101.20999908447266,104.69999694824219,8432800
2022-06-15,90.70861053466797,98.9000015258789,103.27999877929688,96.83999633789062,102.9800033569336,13175800
2022-06-16,84.36177062988281,91.9800033569336,97.56999969482422,91.20999908447266,96.54000091552734,14308200
2022-06-17,80.06021881103516,87.29000091552734,92.45999908447266,85.62999725341797,91.73999786376953,26759300
2022-06-21,83.79310607910156,91.36000061035156,92.86000061035156,89.51000213623047,89.9800033569336,11309200
2022-06-22,81.68360900878906,89.05999755859375,91.12000274658203,87.44000244140625,87.62999725341797,9818400
2022-06-23,77.62052154541016,84.62999725341797,90.4800033569336,83.5999984741211,90.22000122070312,9130000
2022-06-24,78.58357238769531,85.68000030517578,88.02999877929688,84.55000305175781,85.9000015258789,20112500
2022-06-27,80.6563720703125,87.94000244140625,88.58000183105469,86.06999969482422,87.2699966430664,5225400
2022-06-28,81.3442611694336,88.69000244140625,91.3499984741211,87.62999725341797,89.5199966430664,5305600
2022-06-29,77.48294830322266,84.4800033569336,90.30000305175781,84.13999938964844,89.70999908447266,5066300
2022-06-30,75.40097045898438,82.20999908447266,84.48999786376953,81.30999755859375,83.08999633789062,6762600
2022-07-01,77.48294830322266,84.4800033569336,85.05000305175781,81.08000183105469,83.0,5971900
2022-07-05,74.96987915039062,81.73999786376953,84.33000183105469,79.47000122070312,82.56999969482422,7247300
2022-07-06,72.74116516113281,79.30999755859375,82.52999877929688,77.62000274658203,80.91000366210938,8348500
2022-07-07,76.51990509033203,83.43000030517578,84.23999786376953,81.25,81.6500015258789,6299900
2022-07-08,76.3731689453125,83.2699966430664,85.18000030517578,82.48999786376953,84.48999786376953,3825500
2022-07-11,76.70333862304688,83.62999725341797,84.08999633789062,81.83000183105469,82.27999877929688,4046500
2022-07-12,75.89623260498047,82.75,83.44000244140625,81.05000305175781,81.5,4458200
2022-07-13,75.15331268310547,81.94000244140625,84.06999969482422,81.30999755859375,81.63999938964844,4485900
2022-07-14,73.99769592285156,80.68000030517578,80.76000213623047,77.91999816894531,79.38999938964844,4935700
2022-07-15,77.42793273925781,84.41999816894531,84.5,81.68000030517578,82.5,4706300
2022-07-18,78.17084503173828,85.2300033569336,87.52999877929688,84.7699966430664,86.01000213623047,4032200
2022-07-19,80.5738296508789,87.8499984741211,88.27999877929688,85.13999938964844,85.18000030517578,4302600
2022-07-20,81.43597412109375,88.79000091552734,89.26000213623047,86.7300033569336,87.33999633789062,3132000
2022-07-21,79.289794921875,86.44999694824219,87.41000366210938,83.62000274658203,86.25,4713700
2022-07-22,78.55604553222656,85.6500015258789,87.77999877929688,85.13999938964844,86.58999633789062,3950000
2022-07-25,81.44515228271484,88.80000305175781,89.05000305175781,86.37000274658203,86.80000305175781,3206500
2022-07-26,80.67472839355469,87.95999908447266,90.05000305175781,87.3499984741211,89.81999969482422,3338700
2022-07-27,82.52742004394531,89.9800033569336,90.72000122070312,87.61000061035156,88.68000030517578,3051800
2022-07-28,82.16970825195312,89.58999633789062,91.91000366210938,88.25,91.05000305175781,3800800
2022-07-29,84.06825256347656,91.66000366210938,91.95999908447266,89.94999694824219,90.70999908447266,6740900
2022-08-01,82.8392562866211,90.31999969482422,90.69999694824219,88.33000183105469,90.0199966430664,4470900
2022-08-02,85.8659439086914,93.62000274658203,94.91000366210938,90.62000274658203,90.8499984741211,6764600
2022-08-03,85.00379180908203,92.68000030517578,96.5,92.12000274658203,94.48999786376953,6162000
2022-08-04,82.7016830444336,90.16999816894531,92.61000061035156,89.7699966430664,92.0,4368600
2022-08-05,82.7475357055664,90.22000122070312,91.81999969482422,88.69000244140625,89.05999755859375,3833300
2022-08-08,82.90345001220703,90.38999938964844,91.79000091552734,89.94999694824219,90.63999938964844,4418300
2022-08-09,85.6183090209961,93.3499984741211,93.86000061035156,91.69999694824219,91.69999694824219,4302900
2022-08-10,87.29672241210938,95.18000030517578,95.7300033569336,92.54000091552734,94.19999694824219,4373800
2022-08-11,88.69999694824219,96.70999908447266,97.33999633789062,95.05999755859375,96.41000366210938,4476100
2022-08-12,89.39705657958984,97.47000122070312,97.75,96.2300033569336,96.5,3605000
2022-08-15,87.85620880126953,95.79000091552734,96.11000061035156,93.80000305175781,94.4800033569336,3352300
2022-08-16,89.18498992919922,96.6500015258789,97.63999938964844,95.8499984741211,96.66000366210938,3697500
2022-08-17,91.00283813476562,98.62000274658203,99.41999816894531,95.87999725341797,96.08999633789062,3652200
2022-08-18,93.00521850585938,100.79000091552734,101.33999633789062,99.5,99.69999694824219,3837600
2022-08-19,92.69147491455078,100.44999694824219,101.5199966430664,100.08999633789062,100.3499984741211,3237600
2022-08-22,92.66378784179688,100.41999816894531,101.26000213623047,98.55000305175781,100.0,5837000
2022-08-23,95.49669647216797,103.48999786376953,103.83999633789062,101.62999725341797,101.88999938964844,3550300
2022-08-24,96.68704986572266,104.77999877929688,104.94000244140625,103.36000061035156,103.87999725341797,3601400
2022-08-25,97.7851333618164,105.97000122070312,106.04000091552734,104.66999816894531,105.05000305175781,2869300
2022-08-26,96.2810287475586,104.33999633789062,106.80000305175781,104.0199966430664,106.02999877929688,3545300
2022-08-29,96.89006042480469,105.0,106.72000122070312,103.27999877929688,103.80999755859375,4563300
2022-08-30,93.6603775024414,101.5,103.83000183105469,101.20999908447266,103.30000305175781,6281700
2022-08-31,92.96830749511719,100.75,102.91999816894531,99.1500015258789,99.66000366210938,6636100
2022-09-01,89.28648376464844,96.76000213623047,100.06999969482422,95.58000183105469,98.93000030517578,7520000
2022-09-02,91.47341918945312,99.12999725341797,100.18000030517578,98.18000030517578,98.37000274658203,4207500
2022-09-06,90.85519409179688,98.45999908447266,100.2699966430664,97.55999755859375,99.94999694824219,4122700
2022-09-07,90.74446868896484,98.33999633789062,98.8499984741211,95.63999938964844,97.0,4176200
2022-09-08,90.845947265625,98.44999694824219,98.98999786376953,97.33000183105469,98.72000122070312,4040100
2022-09-09,92.28546142578125,100.01000213623047,100.55999755859375,99.05000305175781,100.19999694824219,3571700
2022-09-12,92.22087860107422,99.94000244140625,101.62000274658203,99.0999984741211,101.2300033569336,3233900
2022-09-13,90.10775756835938,97.6500015258789,99.76000213623047,97.16999816894531,98.26000213623047,4777400
2022-09-14,90.72599792480469,98.31999969482422,100.19000244140625,97.13999938964844,98.80000305175781,5021400
2022-09-15,88.7143783569336,96.13999938964844,96.95999908447266,94.7699966430664,96.95999908447266,6585000
2022-09-16,88.26220703125,95.6500015258789,96.31999969482422,93.54000091552734,95.94999694824219,18821700
2022-09-19,88.86202239990234,96.30000305175781,96.44999694824219,92.26000213623047,92.88999938964844,4202000
2022-09-20,89.69249725341797,97.19999694824219,97.56999969482422,95.4000015258789,95.4000015258789,3929900
2022-09-21,87.35789489746094,94.66999816894531,99.22000122070312,94.61000061035156,99.01000213623047,4218800
2022-09-22,88.56673431396484,95.9800033569336,97.05999755859375,95.12999725341797,95.9800033569336,3163100
2022-09-23,84.38660430908203,91.44999694824219,92.94999694824219,90.02999877929688,92.69999694824219,8268000
2022-09-26,82.62413024902344,89.54000091552734,93.05999755859375,89.4000015258789,90.80000305175781,5627300
2022-09-27,85.6784896850586,92.8499984741211,93.56999969482422,91.1500015258789,91.43000030517578,3748600
2022-09-28,92.3592758178711,100.08999633789062,100.56999969482422,93.0999984741211,93.36000061035156,5233500
2022-09-29,91.07665252685547,98.69999694824219,99.80000305175781,97.26000213623047,99.5,2767700
2022-09-30,91.65798950195312,99.33000183105469,100.94000244140625,98.02999877929688,98.44999694824219,5011700
2022-10-03,94.85074615478516,102.79000091552734,103.95999908447266,100.20999908447266,102.41000366210938,3777800
2022-10-04,99.39994812011719,107.72000122070312,107.80000305175781,104.05000305175781,104.5999984741211,5011100
2022-10-05,99.2707748413086,107.58000183105469,108.54000091552734,104.80999755859375,107.2699966430664,4493400
2022-10-06,99.5291519165039,107.86000061035156,108.38999938964844,106.20999908447266,106.91999816894531,2396900
2022-10-07,98.58793640136719,106.83999633789062,109.0199966430664,105.70999908447266,108.26000213623047,3114900
2022-10-10,97.86817169189453,106.05999755859375,108.62999725341797,105.08999633789062,107.37999725341797,2751500
2022-10-11,95.44132232666016,103.43000030517578,105.30999755859375,102.61000061035156,104.38999938964844,3213400
2022-10-12,96.85314178466797,104.95999908447266,105.8499984741211,101.63999938964844,103.05999755859375,3051900
2022-10-13,100.64568328857422,109.06999969482422,110.19999694824219,103.33000183105469,103.79000091552734,3243900
2022-10-14,96.05955505371094,104.0999984741211,109.91000366210938,103.68000030517578,108.41000366210938,3055600
2022-10-17,97.23146057128906,105.37000274658203,107.61000061035156,104.80999755859375,105.95999908447266,2340600
2022-10-18,99.80598449707031,108.16000366210938,108.62000274658203,106.08999633789062,106.91999816894531,2755300
2022-10-19,100.46114349365234,108.87000274658203,110.16999816894531,107.55000305175781,108.20999908447266,3627200
2022-10-20,100.89483642578125,109.33999633789062,111.61000061035156,108.61000061035156,109.58999633789062,2733100
2022-10-21,102.77727508544922,111.37999725341797,111.62000274658203,107.7300033569336,109.81999969482422,3074900
2022-10-24,102.85107421875,111.45999908447266,112.30000305175781,110.31999969482422,111.52999877929688,2691300
2022-10-25,102.8326416015625,111.44000244140625,111.83999633789062,109.62999725341797,110.73999786376953,3139200
2022-10-26,104.38288116455078,113.12000274658203,114.16000366210938,110.48999786376953,112.11000061035156,2476300
2022-10-27,104.87194061279297,113.6500015258789,115.72000122070312,113.37000274658203,114.58000183105469,2518700
2022-10-28,104.79812622070312,113.56999969482422,114.88999938964844,112.33999633789062,114.5999984741211,2552700
2022-10-31,104.84425354003906,113.62000274658203,115.12000274658203,112.0199966430664,112.22000122070312,3158500
2022-11-01,109.9932861328125,119.19999694824219,119.83999633789062,112.7699966430664,113.83999633789062,5767300
2022-11-02,105.86852264404297,114.7300033569336,119.16000366210938,114.69999694824219,119.08000183105469,3994900
2022-11-03,109.07050323486328,118.19999694824219,118.94000244140625,113.27999877929688,114.11000061035156,3042000
2022-11-04,108.56298828125,117.6500015258789,120.9800033569336,116.37999725341797,120.31999969482422,2748400
2022-11-07,110.2701187133789,119.5,120.37999725341797,117.66000366210938,118.08999633789062,4505800
2022-11-08,109.9010009765625,119.0999984741211,119.62999725341797,117.31999969482422,119.43000030517578,2108700
2022-11-09,106.9112548828125,115.86000061035156,119.41000366210938,115.72000122070312,118.44000244140625,2882400
2022-11-10,109.97480773925781,119.18000030517578,119.43000030517578,116.48999786376953,118.44000244140625,2875400
2022-11-11,111.86649322509766,121.2300033569336,122.69000244140625,119.8499984741211,120.72000122070312,3390200
2022-11-14,111.22055053710938,120.52999877929688,123.12000274658203,120.41000366210938,121.1500015258789,2839000
2022-11-15,111.42481994628906,120.0,121.41999816894531,118.19000244140625,120.87999725341797,3580700
2022-11-16,111.29483032226562,119.86000061035156,120.54000091552734,118.13999938964844,118.7300033569336,2758500
2022-11-17,111.7962417602539,120.4000015258789,120.48999786376953,117.75,118.19000244140625,3196800
2022-11-18,112.5205078125,121.18000030517578,121.83000183105469,117.97000122070312,118.69000244140625,3783500
2022-11-21,111.7126693725586,120.30999755859375,120.79000091552734,116.58999633789062,119.97000122070312,5107400
2022-11-22,117.5531997680664,126.5999984741211,127.31999969482422,121.83000183105469,121.98999786376953,4314000
2022-11-23,116.62464904785156,125.5999984741211,127.3499984741211,124.27999877929688,124.76000213623047,3941400
2022-11-25,116.25324249267578,125.19999694824219,127.62000274658203,125.06999969482422,126.22000122070312,1588500
2022-11-28,113.2076187133789,121.91999816894531,124.66000366210938,121.5199966430664,122.5,3413400
2022-11-29,114.64685821533203,123.47000122070312,124.63999938964844,122.16000366210938,122.69999694824219,2921500
2022-11-30,113.10548400878906,121.80999755859375,124.93000030517578,120.38999938964844,124.51000213623047,7568400
2022-12-01,111.63838195800781,120.2300033569336,123.08999633789062,120.18000030517578,122.69999694824219,3243600
2022-12-02,109.78131103515625,118.2300033569336,121.19000244140625,117.56999969482422,119.63999938964844,3889000
2022-12-05,104.41435241699219,112.44999694824219,119.30000305175781,111.9800033569336,118.75,4945600
2022-12-06,101.48015594482422,109.29000091552734,113.75,108.12999725341797,111.80999755859375,5049300
2022-12-07,101.21089172363281,109.0,110.81999969482422,107.86000061035156,109.20999908447266,5190200
2022-12-08,101.07160186767578,108.8499984741211,111.54000091552734,108.36000061035156,110.72000122070312,4547400
2022-12-09,99.19595336914062,106.83000183105469,110.0999984741211,106.5199966430664,108.3499984741211,5379700
2022-12-12,103.2629623413086,111.20999908447266,111.20999908447266,106.62000274658203,107.30000305175781,5812600
2022-12-13,103.17938995361328,111.12000274658203,113.80000305175781,110.36000061035156,112.80000305175781,4260300
2022-12-14,103.01224517822266,110.94000244140625,112.68000030517578,109.69000244140625,111.61000061035156,4257800
2022-12-15,102.94725799560547,110.87000274658203,110.9800033569336,108.06999969482422,110.16999816894531,4255900
2022-12-16,101.90728759765625,109.75,110.20999908447266,107.69999694824219,108.47000122070312,14691100
2022-12-19,103.13296508789062,111.06999969482422,112.4000015258789,110.2699966430664,110.62999725341797,3408900
2022-12-20,104.934326171875,113.01000213623047,114.36000061035156,111.06999969482422,111.31999969482422,3520700
2022-12-21,106.3642807006836,114.55000305175781,115.16000366210938,112.80000305175781,114.5999984741211,3226000
2022-12-22,103.67151641845703,111.6500015258789,114.7300033569336,109.62999725341797,114.5999984741211,2699600
2022-12-23,106.89356231689453,115.12000274658203,115.38999938964844,112.08000183105469,112.66000366210938,2388000
2022-12-27,108.47206115722656,116.81999969482422,117.11000061035156,115.2300033569336,115.73999786376953,2420000
2022-12-28,106.33641815185547,114.5199966430664,116.98999786376953,113.95999908447266,116.75,2650600
2022-12-29,107.87781524658203,116.18000030517578,116.41000366210938,114.25,114.5199966430664,2054100
2022-12-30,108.07279205322266,116.38999938964844,116.76000213623047,115.38999938964844,115.66999816894531,2370800
2023-01-03,102.99369049072266,110.91999816894531,115.6500015258789,110.31999969482422,115.6500015258789,4363900
2023-01-04,102.67798614501953,110.58000183105469,112.13999938964844,109.0,109.08000183105469,3664600
2023-01-05,107.45996856689453,115.7300033569336,115.77999877929688,110.25,110.58000183105469,4093600
2023-01-06,108.47206115722656,116.81999969482422,119.3499984741211,116.05999755859375,116.8499984741211,3102800
2023-01-09,107.48782348632812,115.76000213623047,119.91999816894531,114.88999938964844,119.38999938964844,3716700
2023-01-10,108.17494201660156,116.5,116.88999938964844,114.04000091552734,115.7300033569336,2752200
2023-01-11,109.19633483886719,117.5999984741211,118.7699966430664,117.16999816894531,118.30999755859375,2976900
2023-01-12,112.36266326904297,121.01000213623047,121.83000183105469,118.44999694824219,118.44999694824219,3091300
2023-01-13,113.21691131591797,121.93000030517578,122.88999938964844,120.23999786376953,121.12000274658203,2780500
2023-01-17,113.06834411621094,121.7699966430664,125.30000305175781,121.29000091552734,122.83000183105469,3746900
2023-01-18,112.64122009277344,121.30999755859375,125.8499984741211,121.01000213623047,122.83000183105469,3709300
2023-01-19,114.42401885986328,123.2300033569336,123.66000366210938,120.22000122070312,120.47000122070312,2475500
2023-01-20,116.736083984375,125.72000122070312,126.1500015258789,122.52999877929688,123.26000213623047,2882000
2023-01-23,117.81319427490234,126.87999725341797,128.82000732421875,126.08000183105469,126.23999786376953,3963400
2023-01-24,120.90522766113281,130.2100067138672,130.74000549316406,124.19999694824219,124.19999694824219,3782200
2023-01-25,120.53378295898438,129.80999755859375,130.85000610351562,128.2899932861328,129.4600067138672,3671600
2023-01-26,125.67794036865234,135.35000610351562,135.4199981689453,129.69000244140625,130.7100067138672,4005300
2023-01-27,123.35658264160156,132.85000610351562,136.4600067138672,132.39999389648438,135.16000366210938,3400600
2023-01-30,119.91169738769531,129.13999938964844,133.5,129.00999450683594,132.1999969482422,4152300
2023-01-31,119.33599853515625,128.52000427246094,133.0,126.70999908447266,131.5500030517578,5408700
2023-02-01,114.1825942993164,122.97000122070312,129.10000610351562,121.87000274658203,128.85000610351562,5189900
2023-02-02,111.33197784423828,119.9000015258789,122.83000183105469,118.08999633789062,122.76000213623047,6275700
2023-02-03,109.75345611572266,118.19999694824219,121.87999725341797,118.04000091552734,120.56999969482422,3255100
2023-02-06,108.09136199951172,116.41000366210938,119.41000366210938,114.12000274658203,118.54000091552734,4190100
2023-02-07,113.49547576904297,122.2300033569336,122.63999938964844,116.77999877929688,116.77999877929688,5361900
2023-02-08,112.87334442138672,121.55999755859375,122.72000122070312,119.58000183105469,122.0999984741211,3005500
2023-02-09,112.11194610595703,120.73999786376953,122.30999755859375,119.75,121.5,2788400
2023-02-10,117.72962188720703,126.79000091552734,127.08000183105469,122.58000183105469,122.58000183105469,3467600
2023-02-13,118.67672729492188,127.80999755859375,127.86000061035156,125.13999938964844,126.12000274658203,3499800
2023-02-14,119.4474105834961,128.63999938964844,129.35000610351562,126.55000305175781,126.87000274658203,3174500
2023-02-15,118.71891021728516,127.11000061035156,127.41999816894531,125.2699966430664,126.44000244140625,3048800
2023-02-16,118.15851593017578,126.51000213623047,128.6199951171875,126.19000244140625,126.5999984741211,2595100
2023-02-17,114.41323852539062,122.5,125.0,121.55000305175781,124.72000122070312,3275900
2023-02-21,114.94560241699219,123.06999969482422,124.70999908447266,121.66999816894531,121.66999816894531,3988000
2023-02-22,114.67475891113281,122.77999877929688,124.91999816894531,121.98999786376953,122.66000366210938,3142800
2023-02-23,117.23387145996094,125.5199966430664,126.47000122070312,122.87999725341797,124.86000061035156,2893600
2023-02-24,116.67346954345703,124.91999816894531,125.45999908447266,121.54000091552734,123.55999755859375,3218600
2023-02-27,118.2238998413086,126.58000183105469,127.58000183105469,125.33999633789062,125.5,3057500
2023-02-28,115.44061279296875,123.5999984741211,127.79000091552734,123.54000091552734,127.72000122070312,5774400
2023-03-01,120.66160583496094,129.19000244140625,129.97000122070312,123.05999755859375,123.66999816894531,4295300
2023-03-02,121.07255554199219,129.6300048828125,130.39999389648438,127.87999725341797,128.7100067138672,3054000
2023-03-03,124.68706512451172,133.5,134.13999938964844,128.77999877929688,129.52000427246094,3651800
2023-03-06,123.21138000488281,131.9199981689453,133.24000549316406,130.63999938964844,132.2100067138672,3271300
2023-03-07,121.61426544189453,130.2100067138672,132.67999267578125,129.3000030517578,131.55999755859375,3592500
2023-03-08,119.42874145507812,127.87000274658203,131.75999450683594,125.62999725341797,130.0,3516700
2023-03-09,119.90508270263672,128.3800048828125,132.4499969482422,128.25,128.9499969482422,3370600
2023-03-10,120.06385803222656,128.5500030517578,132.02000427246094,128.02999877929688,129.05999755859375,3746700
2023-03-13,115.60873413085938,123.77999877929688,126.41999816894531,121.87000274658203,124.97000122070312,4107500
2023-03-14,119.34466552734375,127.77999877929688,130.74000549316406,124.29000091552734,124.70999908447266,4528100
2023-03-15,114.5906982421875,122.69000244140625,124.5,119.58999633789062,123.37999725341797,6669100
2023-03-16,116.89764404296875,125.16000366210938,125.9800033569336,119.45999908447266,120.2699966430664,6170000
2023-03-17,115.49665069580078,123.66000366210938,125.7300033569336,122.88999938964844,125.19999694824219,13118700
2023-03-20,117.91568756103516,126.25,127.30000305175781,123.45999908447266,123.63999938964844,4830700
2023-03-21,119.82101440429688,128.2899932861328,130.0399932861328,126.70999908447266,128.5399932861328,4607900
2023-03-22,118.59748840332031,126.9800033569336,130.75,126.91000366210938,128.25999450683594,3226000
2023-03-23,117.8222885131836,126.1500015258789,130.5,124.9800033569336,127.33000183105469,3236300
2023-03-24,116.46800994873047,124.69999694824219,125.51000213623047,120.58000183105469,123.31999969482422,3856100
2023-03-27,120.40010070800781,128.91000366210938,129.92999267578125,125.88999938964844,126.30000305175781,4107400
2023-03-28,122.88446807861328,131.57000732421875,132.7100067138672,127.0,127.05000305175781,3913200
2023-03-29,125.22880554199219,134.0800018310547,135.1300048828125,133.0,134.00999450683594,4418800
2023-03-30,125.09801483154297,133.94000244140625,135.27000427246094,133.0,135.02000427246094,2936000
2023-03-31,125.92928314208984,134.8300018310547,134.89999389648438,132.86000061035156,134.19000244140625,3143300
2023-04-03,126.68579864501953,135.63999938964844,138.8300018310547,132.92999267578125,137.22999572753906,4745700
2023-04-04,117.5140609741211,125.81999969482422,134.47000122070312,124.9000015258789,134.27999877929688,5256800
2023-04-05,123.9492416381836,132.7100067138672,133.39999389648438,125.05999755859375,125.5,6391300
2023-04-06,120.18525695800781,128.67999267578125,133.0500030517578,128.3800048828125,132.9499969482422,3280100
2023-04-10,122.57625579833984,131.24000549316406,131.97000122070312,128.72999572753906,128.72999572753906,2765700
2023-04-11,123.46356964111328,132.19000244140625,133.33999633789062,131.08999633789062,131.99000549316406,2582900
2023-04-12,121.62361145019531,130.22000122070312,132.08999633789062,130.0,131.69000244140625,2411700
2023-04-13,121.86642456054688,130.47999572753906,131.10000610351562,127.69999694824219,129.4600067138672,2495400
2023-04-14,122.14663696289062,130.77999877929688,131.77999877929688,129.44000244140625,130.47000122070312,2402600
2023-04-17,120.76435852050781,129.3000030517578,130.66000366210938,127.62000274658203,130.2100067138672,2875200
2023-04-18,120.54016876220703,129.05999755859375,129.6699981689453,127.36000061035156,128.14999389648438,2960600
2023-04-19,118.04644775390625,126.38999938964844,128.39999389648438,124.70999908447266,127.94000244140625,3835500
2023-04-20,117.39265441894531,125.69000244140625,126.33999633789062,124.41000366210938,125.05999755859375,3061000
2023-04-21,115.37523651123047,123.52999877929688,126.05999755859375,122.6500015258789,125.62999725341797,3256300
2023-04-24,118.15851593017578,126.51000213623047,127.63999938964844,123.0199966430664,123.30999755859375,4208000
2023-04-25,115.02032470703125,123.1500015258789,125.75,122.51000213623047,125.18000030517578,2884900
2023-04-26,114.4412612915039,122.52999877929688,123.81999969482422,121.31999969482422,123.4000015258789,3425100
2023-04-27,113.41386413574219,121.43000030517578,123.06999969482422,120.58000183105469,122.52999877929688,4610800
2023-04-28,113.94623565673828,122.0,123.16999816894531,119.75,120.48999786376953,5342200
2023-05-01,114.37586975097656,122.45999908447266,122.94000244140625,120.81999969482422,121.44000244140625,4173200
2023-05-02,109.24829864501953,116.97000122070312,122.43000030517578,114.55999755859375,122.0,5342400
2023-05-03,102.80380249023438,110.06999969482422,116.7699966430664,109.9000015258789,115.37000274658203,6634900
2023-05-04,98.12451934814453,105.05999755859375,110.4800033569336,104.44000244140625,109.54000091552734,7334100
2023-05-05,99.84306335449219,106.9000015258789,108.45999908447266,106.68000030517578,107.93000030517578,4351100
2023-05-08,101.53357696533203,108.70999908447266,109.79000091552734,107.70999908447266,108.5199966430664,4440900
2023-05-09,103.6163558959961,110.94000244140625,111.88999938964844,107.69000244140625,107.87999725341797,5638000
2023-05-10,104.34487915039062,111.72000122070312,112.97000122070312,109.29000091552734,111.52999877929688,5078400
2023-05-11,102.83181762695312,110.0999984741211,111.66999816894531,108.98999786376953,109.58999633789062,3579400
2023-05-12,102.62633514404297,109.87999725341797,111.76000213623047,109.08000183105469,111.16999816894531,3260400
2023-05-15,103.32682037353516,110.62999725341797,111.94000244140625,109.5199966430664,110.41000366210938,3937600
2023-05-16,100.38349151611328,106.75,110.83999633789062,106.4800033569336,109.87999725341797,4514600
2023-05-17,104.03209686279297,110.62999725341797,111.2699966430664,107.11000061035156,108.31999969482422,3730500
2023-05-18,104.36122131347656,110.9800033569336,111.30000305175781,108.66999816894531,109.94999694824219,3359300
2023-05-19,103.73119354248047,110.30999755859375,112.13999938964844,109.86000061035156,111.80999755859375,2325300
2023-05-22,104.03209686279297,110.62999725341797,111.77999877929688,110.3499984741211,110.52999877929688,3000100
2023-05-23,103.36443328857422,109.91999816894531,111.51000213623047,109.41999816894531,110.87999725341797,3982000
2023-05-24,103.94747924804688,110.54000091552734,111.4000015258789,109.18000030517578,111.05000305175781,3699100
2023-05-25,102.98828887939453,109.5199966430664,109.79000091552734,107.43000030517578,109.0199966430664,3897500
2023-05-26,102.32064056396484,108.80999755859375,110.30000305175781,107.69000244140625,110.18000030517578,3479200
2023-05-30,101.3614730834961,107.79000091552734,108.22000122070312,106.16000366210938,106.54000091552734,4101900
2023-05-31,98.6532211303711,104.91000366210938,106.55000305175781,104.31999969482422,105.61000061035156,12831900
2023-06-01,99.55596923828125,105.87000274658203,107.2699966430664,104.81999969482422,105.44999694824219,4180000
2023-06-02,102.41468048095703,108.91000366210938,109.87999725341797,106.76000213623047,107.94000244140625,3627600
2023-06-05,102.20780181884766,108.69000244140625,109.8499984741211,107.5999984741211,109.8499984741211,2744700
2023-06-06,102.52751159667969,109.02999877929688,109.41000366210938,106.94999694824219,107.05000305175781,2949600
2023-06-07,107.31396484375,114.12000274658203,114.16000366210938,108.94000244140625,109.12999725341797,4090900
2023-06-08,105.72473907470703,112.43000030517578,114.58999633789062,110.48999786376953,114.0,3811300
2023-06-09,106.27014923095703,113.01000213623047,113.54000091552734,111.22000122070312,112.73999786376953,2699000
2023-06-12,105.6683349609375,112.37000274658203,113.83000183105469,111.05000305175781,111.08999633789062,3063500
2023-06-13,105.79057312011719,112.5,115.5999984741211,112.31999969482422,113.75,3174900
2023-06-14,104.98185729980469,111.63999938964844,114.0999984741211,110.63999938964844,113.45999908447266,3152400
2023-06-15,107.04125213623047,113.83000183105469,114.48999786376953,111.80999755859375,111.80999755859375,3240400
2023-06-16,106.53345489501953,113.29000091552734,114.5,112.58999633789062,114.05999755859375,10770500
2023-06-20,104.32361602783203,110.94000244140625,113.12999725341797,110.69000244140625,112.91000366210938,3816300
2023-06-21,105.32039642333984,112.0,113.13999938964844,109.94000244140625,110.44999694824219,2943500
2023-06-22,104.77499389648438,111.41999816894531,111.88999938964844,108.87999725341797,110.30000305175781,2911800
2023-06-23,104.98185729980469,111.63999938964844,112.02999877929688,109.70999908447266,109.70999908447266,3536100
2023-06-26,106.29837799072266,113.04000091552734,113.69000244140625,111.2699966430664,111.51000213623047,2351900
2023-06-27,107.18230438232422,113.9800033569336,114.68000030517578,112.41999816894531,113.13999938964844,2341800
2023-06-28,108.23551177978516,115.0999984741211,115.3499984741211,112.88999938964844,113.88999938964844,2514800
2023-06-29,109.40157318115234,116.33999633789062,117.0,115.0999984741211,115.25,2324800
2023-06-30,109.64605712890625,116.5999984741211,117.47000122070312,115.5,116.79000091552734,2654500
2023-07-03,110.52999877929688,117.54000091552734,118.61000061035156,116.83999633789062,117.16000366210938,1537200
2023-07-05,109.27930450439453,116.20999908447266,117.9000015258789,115.66000366210938,117.69999694824219,2777100
2023-07-06,106.58047485351562,113.33999633789062,115.9000015258789,112.81999969482422,115.41999816894531,3083300
2023-07-07,110.9813461303711,118.0199966430664,119.0999984741211,113.19999694824219,113.36000061035156,4147600
2023-07-10,110.81209564208984,117.83999633789062,118.94000244140625,117.1500015258789,117.58000183105469,2582600
2023-07-11,112.85267639160156,120.01000213623047,120.27999877929688,117.94999694824219,118.51000213623047,2651300
2023-07-12,112.80565643310547,119.95999908447266,122.43000030517578,119.41999816894531,121.0,2395500
2023-07-13,112.76803588867188,119.91999816894531,121.13999938964844,118.80999755859375,119.94000244140625,2374400
2023-07-14,111.34810638427734,118.41000366210938,119.54000091552734,117.54000091552734,119.54000091552734,2007400
2023-07-17,111.08480072021484,118.12999725341797,119.37000274658203,117.27999877929688,118.04000091552734,2116300
2023-07-18,112.3072738647461,119.43000030517578,121.58999633789062,117.62999725341797,117.93000030517578,2314100
2023-07-19,114.82744598388672,122.11000061035156,122.20999908447266,119.45999908447266,119.45999908447266,2883200
2023-07-20,116.83981323242188,124.25,124.30000305175781,122.08000183105469,123.0,3143100
2023-07-21,118.31616973876953,125.81999969482422,126.16000366210938,123.95999908447266,125.0,2587400
2023-07-24,120.73291015625,128.38999938964844,129.92999267578125,126.22000122070312,126.5,3079600
2023-07-25,120.93978881835938,128.61000061035156,130.11000061035156,127.13999938964844,127.80000305175781,2994700
2023-07-26,122.57601928710938,130.35000610351562,131.08999633789062,127.70999908447266,127.73999786376953,2863700
2023-07-27,121.8519287109375,129.5800018310547,131.35000610351562,128.07000732421875,130.67999267578125,3027200
2023-07-28,123.9677505493164,131.8300018310547,131.94000244140625,129.67999267578125,130.08999633789062,2556500
2023-07-31,125.0867691040039,133.02000427246094,133.89999389648438,131.91000366210938,132.02999877929688,4066100
2023-08-01,126.89228820800781,134.94000244140625,135.0,131.2100067138672,131.7899932861328,3491300
2023-08-02,127.76679229736328,135.8699951171875,137.4199981689453,133.64999389648438,135.1199951171875,4477300
2023-08-03,128.095947265625,136.22000122070312,137.38999938964844,133.64999389648438,135.4499969482422,3716500
2023-08-04,129.72276306152344,137.9499969482422,139.85000610351562,136.7899932861328,137.27999877929688,3483600
2023-08-07,131.65049743652344,140.0,141.6999969482422,138.77999877929688,139.13999938964844,4106300
2023-08-08,133.3243408203125,141.77999877929688,142.6199951171875,137.57000732421875,138.55999755859375,4232200
2023-08-09,135.45895385742188,144.0500030517578,146.55999755859375,142.32000732421875,143.0,4779300
2023-08-10,136.6156005859375,145.27999877929688,147.52000427246094,144.27000427246094,145.00999450683594,4137200
2023-08-11,140.81903076171875,149.75,149.75999450683594,145.7100067138672,145.72000122070312,4396000
2023-08-14,139.68116760253906,148.5399932861328,149.6999969482422,147.52999877929688,149.0,3440300
2023-08-15,134.7948455810547,142.6199951171875,146.32000732421875,141.72000122070312,144.64999389648438,5569500
2023-08-16,133.64175415039062,141.39999389648438,145.16000366210938,141.10000610351562,142.60000610351562,3623300
2023-08-17,134.67196655273438,142.49000549316406,145.1999969482422,142.27000427246094,143.35000610351562,3351400
2023-08-18,136.68508911132812,144.6199951171875,144.72000122070312,141.1199951171875,141.5,3154500
2023-08-21,135.01223754882812,142.85000610351562,145.4600067138672,141.27999877929688,145.10000610351562,3495100
2023-08-22,135.10671997070312,142.9499969482422,144.2899932861328,142.52999877929688,143.25,2330000
2023-08-23,135.3902587890625,143.25,143.42999267578125,139.67999267578125,141.85000610351562,3645600
2023-08-24,135.72108459472656,143.60000610351562,144.75,142.0399932861328,142.85000610351562,2888200
2023-08-25,136.08023071289062,143.97999572753906,145.67999267578125,142.2899932861328,144.25999450683594,4481100
2023-08-28,135.18234252929688,143.02999877929688,145.27000427246094,142.2100067138672,144.22000122070312,2520300
2023-08-29,135.40916442871094,143.27000427246094,143.4600067138672,141.66000366210938,142.8800048828125,2673600
2023-08-30,135.28631591796875,143.13999938964844,143.97000122070312,142.85000610351562,143.83999633789062,2539300
2023-08-31,134.9365997314453,142.77000427246094,143.75,139.82000732421875,143.5500030517578,5114500
2023-09-01,137.95159912109375,145.9600067138672,146.91000366210938,144.6999969482422,145.10000610351562,3027600
2023-09-05,138.95343017578125,147.02000427246094,148.2899932861328,146.2100067138672,146.6300048828125,3080900
2023-09-06,139.7756805419922,147.88999938964844,148.60000610351562,146.02000427246094,146.64999389648438,2593800
2023-09-07,142.61109924316406,150.88999938964844,151.02999877929688,148.0,148.6300048828125,3641400
2023-09-08,146.78857421875,155.30999755859375,156.8699951171875,151.80999755859375,152.39999389648438,4432100
2023-09-11,145.61659240722656,154.07000732421875,157.99000549316406,152.97999572753906,155.94000244140625,3803000
2023-09-12,147.280029296875,155.8300018310547,156.72999572753906,153.2899932861328,154.64999389648438,2841200
2023-09-13,146.94923400878906,155.47999572753906,156.50999450683594,153.99000549316406,155.9499969482422,3177200
2023-09-14,147.6203155517578,156.19000244140625,157.72000122070312,155.88999938964844,157.14999389648438,3526400
2023-09-15,145.37086486816406,153.80999755859375,155.80999755859375,153.0399932861328,154.22999572753906,11636400
2023-09-18,147.76206970214844,156.33999633789062,157.8300018310547,155.10000610351562,155.52000427246094,3003600
2023-09-19,143.80194091796875,152.14999389648438,157.64999389648438,150.27999877929688,157.64999389648438,4507700
2023-09-20,144.2934112548828,152.6699981689453,154.67999267578125,151.72000122070312,151.91000366210938,2538500
2023-09-21,146.2781982421875,154.77000427246094,159.5,153.25,155.74000549316406,4152000
2023-09-22,145.04006958007812,153.4600067138672,157.67999267578125,153.19000244140625,155.72000122070312,2809100
2023-09-25,145.7394561767578,154.1999969482422,154.74000549316406,152.24000549316406,152.66000366210938,2123700
2023-09-26,142.73394775390625,151.02000427246094,153.0,150.32000732421875,152.8800048828125,3004800
2023-09-27,144.06658935546875,152.42999267578125,153.60000610351562,151.22999572753906,152.02000427246094,2709800
2023-09-28,145.9568328857422,154.42999267578125,156.17999267578125,151.86000061035156,151.88999938964844,2994700
2023-09-29,143.036376953125,151.33999633789062,154.6300048828125,150.07000732421875,154.2100067138672,3331200
2023-10-02,141.78883361816406,150.02000427246094,151.60000610351562,148.39999389648438,151.05999755859375,3986700
2023-10-03,139.189697265625,147.27000427246094,149.4199981689453,144.24000549316406,148.3699951171875,3734100
2023-10-04,134.1049041748047,141.88999938964844,144.94000244140625,139.32000732421875,144.85000610351562,5777700
2023-10-05,134.47349548339844,142.27999877929688,143.72000122070312,139.92999267578125,140.41000366210938,4003700
2023-10-06,135.3240966796875,143.17999267578125,145.5399932861328,141.6999969482422,142.85000610351562,3372000
2023-10-09,138.5281219482422,146.57000732421875,147.07000732421875,143.8699951171875,145.50999450683594,3354000
2023-10-10,140.73968505859375,148.91000366210938,149.42999267578125,145.6199951171875,145.6199951171875,2946300
2023-10-11,140.37110900878906,148.52000427246094,149.35000610351562,146.47000122070312,147.66000366210938,2825100
2023-10-12,139.49215698242188,147.58999633789062,149.66000366210938,146.25999450683594,149.35000610351562,2773900
2023-10-13,140.06869506835938,148.1999969482422,150.41000366210938,148.10000610351562,149.42999267578125,2568800
2023-10-16,142.47877502441406,150.75,151.7100067138672,149.02999877929688,149.4199981689453,2406900
2023-10-17,143.036376953125,151.33999633789062,152.5,150.47000122070312,150.50999450683594,1991400
2023-10-18,145.54103088378906,153.99000549316406,154.3300018310547,151.35000610351562,151.4199981689453,2215700
2023-10-19,144.45407104492188,152.83999633789062,154.3300018310547,152.13999938964844,153.92999267578125,1906500
2023-10-20,142.58270263671875,150.86000061035156,153.77000427246094,150.80999755859375,152.67999267578125,2478900
2023-10-23,141.25010681152344,149.4499969482422,150.97999572753906,147.88999938964844,150.77000427246094,2422700
2023-10-24,140.47509765625,148.6300048828125,151.38999938964844,148.35000610351562,149.6999969482422,1759100
2023-10-25,139.26531982421875,147.35000610351562,150.2899932861328,147.14999389648438,149.13999938964844,2479500
2023-10-26,139.93638610839844,148.05999755859375,148.4199981689453,144.11000061035156,146.5500030517578,2929200
2023-10-27,137.9893798828125,146.0,148.27000427246094,144.55999755859375,147.72999572753906,3524200
2023-10-30,138.8022003173828,146.86000061035156,148.52999877929688,144.50999450683594,146.8800048828125,2949000
2023-10-31,142.9513397216797,151.25,151.97999572753906,144.4600067138672,148.39999389648438,4139700
2023-11-01,146.6940460205078,155.2100067138672,157.63999938964844,151.25,152.42999267578125,4023200
2023-11-02,147.2233428955078,155.77000427246094,159.64999389648438,153.92999267578125,155.22000122070312,3828200
2023-11-03,142.50709533691406,150.77999877929688,155.49000549316406,149.89999389648438,155.4499969482422,3275900
2023-11-06,141.6942901611328,149.9199981689453,152.63999938964844,148.74000549316406,152.0,2427500
2023-11-07,138.14060974121094,146.16000366210938,148.5800018310547,144.74000549316406,148.3000030517578,2843300
2023-11-08,135.62657165527344,143.5,146.17999267578125,143.08999633789062,145.22999572753906,2949700
2023-11-09,134.01983642578125,141.8000030517578,145.0,141.4199981689453,144.0,2297300
2023-11-10,137.16714477539062,145.1300048828125,145.4199981689453,142.5399932861328,143.39999389648438,2377500
2023-11-13,138.70767211914062,146.75999450683594,147.35000610351562,144.47999572753906,145.07000732421875,2400900
2023-11-14,142.40316772460938,150.6699981689453,151.10000610351562,147.3000030517578,147.3000030517578,2986400
2023-11-15,142.86407470703125,150.3300018310547,152.80999755859375,149.3000030517578,149.72999572753906,3226600
2023-11-16,137.893798828125,145.10000610351562,150.49000549316406,143.8800048828125,148.8800048828125,3494100
2023-11-17,140.55471801757812,147.89999389648438,150.27000427246094,145.89999389648438,146.25,3451500
2023-11-20,141.59060668945312,148.99000549316406,150.6300048828125,148.5399932861328,148.91000366210938,2387100
2023-11-21,140.2981719970703,147.6300048828125,148.2100067138672,146.10000610351562,147.91000366210938,1926800
2023-11-22,141.79969787597656,149.2100067138672,149.3800048828125,144.05999755859375,145.0,2422200
2023-11-24,142.07528686523438,149.5,151.50999450683594,149.36000061035156,149.7899932861328,1264300
2023-11-27,143.07313537597656,150.5500030517578,150.6999969482422,148.36000061035156,149.0500030517578,2178700
2023-11-28,142.5409698486328,149.99000549316406,152.57000732421875,149.8300018310547,151.0,2465000
2023-11-29,140.09860229492188,147.4199981689453,152.25999450683594,147.16000366210938,151.30999755859375,2935900
2023-11-30,141.7806854248047,149.19000244140625,151.6300048828125,147.25999450683594,148.4199981689453,5973500
2023-12-01,143.89993286132812,151.4199981689453,153.77000427246094,148.44000244140625,148.77999877929688,3124600
2023-12-04,143.87144470214844,151.38999938964844,151.97999572753906,148.47000122070312,150.0,3075100
2023-12-05,141.5240936279297,148.9199981689453,153.02000427246094,148.6199951171875,151.44000244140625,2761200
2023-12-06,136.0691375732422,143.17999267578125,147.75999450683594,143.08999633789062,147.75999450683594,4039700
2023-12-07,134.5486297607422,141.5800018310547,145.0,140.97999572753906,143.61000061035156,3606600
2023-12-08,135.91712951660156,143.02000427246094,144.14999389648438,142.07000732421875,142.61000061035156,3092100
2023-12-11,136.7058868408203,143.85000610351562,144.74000549316406,142.27000427246094,142.5,3017800
2023-12-12,136.24972534179688,143.3699951171875,143.97000122070312,141.4499969482422,142.52999877929688,2930200
2023-12-13,139.37631225585938,146.66000366210938,146.8000030517578,142.57000732421875,143.2100067138672,3457500
2023-12-14,143.396240234375,150.88999938964844,150.88999938964844,147.32000732421875,149.05999755859375,3559800
2023-12-15,141.0109100341797,148.3800048828125,149.5,144.50999450683594,145.7100067138672,12266800
2023-12-18,144.27056884765625,151.80999755859375,153.07000732421875,150.38999938964844,150.92999267578125,3307400
2023-12-19,146.13323974609375,153.77000427246094,153.83999633789062,150.97000122070312,151.8699951171875,2583900
2023-12-20,146.0001983642578,153.6300048828125,156.27999877929688,153.4199981689453,154.3300018310547,3166100
2023-12-21,145.078369140625,152.66000366210938,155.11000061035156,151.38999938964844,153.64999389648438,2064800
2023-12-22,143.37722778320312,150.8699951171875,154.17999267578125,150.77999877929688,153.85000610351562,2121400
2023-12-26,144.52716064453125,152.0800018310547,153.13999938964844,150.6699981689453,151.82000732421875,1525400
2023-12-27,142.43643188476562,149.8800048828125,151.9199981689453,149.5500030517578,151.47999572753906,1712700
2023-12-28,139.58541870117188,146.8800048828125,149.5,146.8699951171875,149.00999450683594,2372400
2023-12-29,140.9918975830078,148.36000061035156,149.72000122070312,147.60000610351562,147.91000366210938,2507000
2024-01-02,144.7932586669922,152.36000061035156,152.41000366210938,149.02999877929688,149.02999877929688,3187400
2024-01-03,150.04859924316406,157.88999938964844,159.99000549316406,152.3800048828125,152.5,4674200
2024-01-04,145.78160095214844,153.39999389648438,162.30999755859375,153.33999633789062,159.8300018310547,4495800
2024-01-05,144.92630004882812,152.5,155.97999572753906,151.55999755859375,154.75,3373700
2024-01-08,148.49954223632812,156.25999450683594,156.33999633789062,148.4600067138672,150.0,3108000
2024-01-09,146.6464080810547,154.30999755859375,156.1300048828125,153.88999938964844,155.97999572753906,2767900
2024-01-10,145.24937438964844,152.83999633789062,155.89999389648438,151.94000244140625,154.7100067138672,2327400
2024-01-11,147.67276000976562,155.38999938964844,156.0,153.4199981689453,153.4199981689453,2534100
2024-01-12,149.63998413085938,157.4600067138672,158.91000366210938,156.5,157.64999389648438,2473600
2024-01-16,146.46585083007812,154.1199951171875,160.00999450683594,154.0,158.41000366210938,3268000
2024-01-17,144.45115661621094,152.0,154.75999450683594,151.42999267578125,152.44000244140625,2691000
2024-01-18,144.2610626220703,151.8000030517578,152.35000610351562,148.88999938964844,151.5500030517578,2722100
2024-01-19,145.38246154785156,152.97999572753906,153.0800018310547,151.72999572753906,152.32000732421875,2492700
2024-01-22,146.76992797851562,154.44000244140625,154.52000427246094,151.61000061035156,153.17999267578125,2661300
2024-01-23,146.3232879638672,153.97000122070312,154.91000366210938,152.4600067138672,153.75999450683594,2601500
2024-01-24,147.3971710205078,155.10000610351562,155.5399932861328,154.0,154.97000122070312,1851000
2024-01-25,149.4593963623047,157.27000427246094,157.97000122070312,154.89999389648438,156.5,2912500
2024-01-26,152.5479736328125,160.52000427246094,160.8300018310547,156.2899932861328,157.19000244140625,3248400
2024-01-29,152.18687438964844,160.13999938964844,160.94000244140625,158.5,160.5500030517578,3124000
2024-01-30,161.45262145996094,169.88999938964844,170.17999267578125,158.57000732421875,162.25,5858700
2024-01-31,157.3756866455078,165.60000610351562,171.4199981689453,163.6199951171875,169.99000549316406,4260400
2024-02-01,159.20986938476562,167.52999877929688,169.22999572753906,163.5,166.44000244140625,3203700
2024-02-02,158.0694580078125,166.3300018310547,168.42999267578125,164.2899932861328,167.8300018310547,2301100
2024-02-05,162.62155151367188,171.1199951171875,171.57000732421875,164.3699951171875,165.50999450683594,3430100
2024-02-06,158.36404418945312,166.63999938964844,173.3300018310547,166.44000244140625,171.39999389648438,2783000
2024-02-07,161.1675567626953,169.58999633789062,169.9199981689453,167.11000061035156,167.33999633789062,1952400
2024-02-08,161.25306701660156,169.67999267578125,171.38999938964844,168.64999389648438,169.58999633789062,1789400
2024-02-09,161.5286865234375,169.97000122070312,170.69000244140625,168.72999572753906,169.80999755859375,2185900
2024-02-12,160.5023193359375,168.88999938964844,171.6999969482422,168.69000244140625,170.55999755859375,2772200
2024-02-13,161.44314575195312,169.8800048828125,170.89999389648438,166.83999633789062,168.5,2366900
2024-02-14,161.44314575195312,169.8800048828125,171.67999267578125,167.1300048828125,171.17999267578125,2509900
2024-02-15,162.80209350585938,171.30999755859375,172.5,168.82000732421875,169.11000061035156,2095000
2024-02-16,161.56668090820312,170.00999450683594,172.17999267578125,169.91000366210938,171.4600067138672,1964300
2024-02-20,156.89208984375,164.2899932861328,168.80999755859375,163.6199951171875,168.66000366210938,2896200
2024-02-21,158.57286071777344,166.0500030517578,166.3699951171875,163.89999389648438,164.6199951171875,2544000
2024-02-22,160.19630432128906,167.75,167.97999572753906,163.66000366210938,165.1199951171875,2561300
2024-02-23,161.9056854248047,169.5399932861328,170.47000122070312,166.1999969482422,167.02999877929688,1929200
2024-02-26,164.6751251220703,172.44000244140625,175.2899932861328,169.02999877929688,169.6300048828125,2736000
2024-02-27,163.42410278320312,171.1300048828125,174.16000366210938,170.91000366210938,172.9199981689453,2046200
2024-02-28,159.6328887939453,167.16000366210938,171.57000732421875,166.3699951171875,170.74000549316406,2605000
2024-02-29,161.6096649169922,169.22999572753906,170.0,166.5,167.3699951171875,4548200
2024-03-01,165.41046142578125,173.2100067138672,174.3300018310547,170.35000610351562,170.35000610351562,2762900
2024-03-04,165.92611694335938,173.75,175.97000122070312,171.33999633789062,172.7100067138672,3154600
2024-03-05,167.2821807861328,175.1699981689453,177.99000549316406,172.94000244140625,173.25,2777800
2024-03-06,167.29171752929688,175.17999267578125,177.36000061035156,173.5,176.0,2483800
2024-03-07,170.91107177734375,178.97000122070312,180.22999572753906,175.64999389648438,176.5,2726800
2024-03-08,171.46495056152344,179.5500030517578,181.17999267578125,178.10000610351562,178.10000610351562,2513000
2024-03-11,173.24119567871094,181.41000366210938,181.6300048828125,177.14999389648438,178.41000366210938,2467300
2024-03-12,173.0406494140625,181.1999969482422,182.9499969482422,178.64999389648438,181.35000610351562,2744100
2024-03-13,180.38436889648438,188.88999938964844,189.82000732421875,183.22999572753906,183.27999877929688,3510300
2024-03-14,180.4703369140625,188.97999572753906,192.27000427246094,187.75999450683594,190.6999969482422,3005100
2024-03-15,185.1114959716797,193.83999633789062,195.1199951171875,189.22999572753906,189.22999572753906,9044700
2024-03-18,184.76768493652344,193.47999572753906,195.05999755859375,192.16000366210938,194.75999450683594,2073500
2024-03-19,187.7185516357422,196.57000732421875,196.75,193.0,193.5500030517578,2509700
2024-03-20,188.8454132080078,197.75,198.3699951171875,194.57000732421875,195.52000427246094,1957300
2024-03-21,190.23968505859375,199.2100067138672,199.88999938964844,196.3300018310547,198.08999633789062,1681500
2024-03-22,191.15643310546875,200.1699981689453,200.6199951171875,198.3000030517578,200.0,2281300
2024-03-25,190.83175659179688,199.8300018310547,203.02000427246094,199.52000427246094,201.0,2042000
2024-03-26,188.49208068847656,197.3800048828125,200.88999938964844,197.10000610351562,199.99000549316406,1673300
2024-03-27,188.11965942382812,196.99000549316406,198.10000610351562,195.35000610351562,196.66000366210938,1674800
2024-03-28,192.4265594482422,201.5,202.0500030517578,195.9499969482422,197.75,6064100
2024-04-01,195.2055206298828,204.41000366210938,205.49000549316406,199.4600067138672,201.2899932861328,2201100
2024-04-02,201.86166381835938,211.3800048828125,211.5399932861328,204.5,205.47000122070312,3517300
2024-04-03,205.28045654296875,214.9600067138672,218.58999633789062,211.75,211.75,3902500
2024-04-04,206.51239013671875,216.25,218.85000610351562,215.39999389648438,216.97999572753906,3189700
2024-04-05,209.26271057128906,219.1300048828125,221.11000061035156,217.6300048828125,219.57000732421875,2690000
2024-04-08,207.20948791503906,216.97999572753906,219.74000549316406,216.60000610351562,218.57000732421875,2478400
2024-04-09,202.56834411621094,212.1199951171875,218.0,210.0800018310547,216.97999572753906,3052300
2024-04-10,201.7088623046875,211.22000122070312,215.24000549316406,210.57000732421875,211.8300018310547,2663900
2024-04-11,202.7115936279297,212.27000427246094,213.83999633789062,209.0500030517578,212.1300048828125,2208700
2024-04-12,199.36920166015625,208.77000427246094,214.0,207.64999389648438,213.86000061035156,2086700
2024-04-15,197.69802856445312,207.02000427246094,210.8000030517578,206.17999267578125,210.5500030517578,2587000
2024-04-16,194.68028259277344,203.86000061035156,207.67999267578125,201.66000366210938,207.35000610351562,1599800
2024-04-17,193.3433074951172,202.4600067138672,205.61000061035156,201.4199981689453,204.97999572753906,1816800
2024-04-18,186.23834228515625,195.02000427246094,203.05999755859375,193.74000549316406,203.05999755859375,2713600
2024-04-19,187.53709411621094,196.3800048828125,198.5800018310547,195.02999877929688,196.32000732421875,1748700
2024-04-22,189.32290649414062,198.25,199.3699951171875,194.3000030517578,196.25,1437200
2024-04-23,190.6598663330078,199.64999389648438,199.7899932861328,194.8000030517578,196.8000030517578,1703100
2024-04-24,190.17282104492188,199.13999938964844,199.4600067138672,195.02999877929688,198.82000732421875,1473300
2024-04-25,190.5261688232422,199.50999450683594,200.38999938964844,196.4600067138672,198.14999389648438,1295200
2024-04-26,189.45657348632812,198.38999938964844,198.85000610351562,195.8699951171875,197.5399932861328,1954100
2024-04-29,191.4811248779297,200.50999450683594,201.36000061035156,197.67999267578125,198.0,2013800
2024-04-30,173.53724670410156,181.72000122070312,196.97999572753906,181.39999389648438,194.49000549316406,5782100
2024-05-01,170.91107177734375,178.97000122070312,184.05999755859375,176.8699951171875,181.10000610351562,3856500
2024-05-02,174.7118682861328,182.9499969482422,183.80999755859375,179.0500030517578,179.58999633789062,2682700
2024-05-03,174.32984924316406,182.5500030517578,184.55999755859375,180.1199951171875,183.75999450683594,1868600
2024-05-06,174.54949951171875,182.77999877929688,184.77000427246094,182.41000366210938,184.0500030517578,1906300
2024-05-07,172.77325439453125,180.9199981689453,184.24000549316406,180.3300018310547,182.9600067138672,1706600
2024-05-08,172.78280639648438,180.92999267578125,182.75,179.4199981689453,180.17999267578125,1844600
2024-05-09,174.6927490234375,182.92999267578125,183.82000732421875,180.5399932861328,181.3800048828125,1295900
2024-05-10,171.47450256347656,179.55999755859375,184.72000122070312,178.6199951171875,183.6999969482422,1584300
2024-05-13,169.85105895996094,177.86000061035156,180.25,177.3000030517578,180.07000732421875,1681000
2024-05-14,166.65187072753906,174.50999450683594,175.58999633789062,169.13999938964844,175.3300018310547,4660900
2024-05-15,165.6588134765625,172.64999389648438,173.64999389648438,170.11000061035156,173.1999969482422,2546600
2024-05-16,167.69296264648438,174.77000427246094,175.67999267578125,172.0,172.1999969482422,2788100
2024-05-17,172.39454650878906,179.6699981689453,181.0500030517578,175.83999633789062,176.05999755859375,3142700
2024-05-20,168.94993591308594,176.0800018310547,180.42999267578125,175.1999969482422,179.72000122070312,2454700
2024-05-21,169.42965698242188,176.5800018310547,178.92999267578125,175.61000061035156,175.61000061035156,2345200
2024-05-22,168.89234924316406,176.02000427246094,177.89999389648438,174.0800018310547,175.6199951171875,2250000
2024-05-23,169.41049194335938,176.55999755859375,177.92999267578125,175.64999389648438,177.8800048828125,2740700
2024-05-24,170.6002960205078,177.8000030517578,178.9199981689453,176.2100067138672,177.39999389648438,1806000
2024-05-28,171.90521240234375,179.16000366210938,180.63999938964844,177.94000244140625,177.94000244140625,2381000
2024-05-29,165.47654724121094,172.4600067138672,178.99000549316406,172.3300018310547,178.8000030517578,2624400
2024-05-30,165.0447235107422,172.00999450683594,175.32000732421875,171.0,172.0,2569900
2024-05-31,169.4584503173828,176.61000061035156,177.52999877929688,172.1699981689453,172.4199981689453,3935600
2024-06-03,167.6737823486328,174.75,176.5399932861328,172.86000061035156,176.3699951171875,2513900
2024-06-04,168.1631317138672,175.25999450683594,175.94000244140625,171.4199981689453,173.17999267578125,2319000
2024-06-05,166.8773956298828,173.9199981689453,176.91000366210938,173.5,176.16000366210938,2148500
2024-06-06,168.6140899658203,175.72999572753906,176.83999633789062,173.16000366210938,173.47000122070312,2229100
2024-06-07,168.00961303710938,175.10000610351562,178.1699981689453,174.25,175.42999267578125,1908800
2024-06-10,167.2803955078125,174.33999633789062,176.11000061035156,172.89999389648438,175.0,2526000
2024-06-11,167.39553833007812,174.4600067138672,175.1699981689453,171.27000427246094,173.25,2097800
2024-06-12,161.9263458251953,168.75999450683594,176.32000732421875,168.13999938964844,175.89999389648438,3080300
2024-06-13,163.60546875,170.50999450683594,172.10000610351562,167.9499969482422,169.27000427246094,3284100
2024-06-14,163.18328857421875,170.07000732421875,171.1699981689453,168.72000122070312,169.4600067138672,2934000
2024-06-17,164.7760772705078,171.72999572753906,172.22999572753906,169.0399932861328,169.47999572753906,3006500
2024-06-18,165.46690368652344,172.4499969482422,175.5,171.10000610351562,173.25,2557800
2024-06-20,166.62791442871094,173.66000366210938,177.2100067138672,172.5,172.88999938964844,3176700
2024-06-21,165.67800903320312,172.6699981689453,175.49000549316406,172.36000061035156,174.92999267578125,7308200
2024-06-24,166.94456481933594,173.99000549316406,174.61000061035156,172.5500030517578,172.77000427246094,2327800
2024-06-25,168.0959930419922,175.19000244140625,175.49000549316406,171.55999755859375,173.77000427246094,2146300
2024-06-26,167.24200439453125,174.3000030517578,176.2899932861328,172.8000030517578,175.88999938964844,1704100
2024-06-27,165.90829467773438,172.91000366210938,177.27999877929688,172.13999938964844,175.7100067138672,1648700
2024-06-28,166.4552001953125,173.47999572753906,174.9600067138672,172.02000427246094,174.9600067138672,3656300
2024-07-01,167.71214294433594,174.7899932861328,175.5800018310547,171.6999969482422,175.0,1705200
2024-07-02,167.08847045898438,174.13999938964844,177.94000244140625,173.50999450683594,177.41000366210938,2531500
2024-07-03,167.904052734375,174.99000549316406,175.0,171.6999969482422,173.69000244140625,1344600
2024-07-05,163.82618713378906,170.74000549316406,174.52000427246094,169.69000244140625,174.1300048828125,1587400
2024-07-08,160.6885528564453,167.47000122070312,171.77999877929688,166.74000549316406,169.33999633789062,1897400
2024-07-09,156.3227996826172,162.9199981689453,166.60000610351562,162.82000732421875,164.0,3709900
2024-07-10,155.61279296875,162.17999267578125,163.8000030517578,161.24000549316406,162.00999450683594,2457500
2024-07-11,157.63735961914062,164.2899932861328,165.9499969482422,161.13999938964844,161.63999938964844,2212400
2024-07-12,158.7599639892578,165.4600067138672,165.6699981689453,162.11000061035156,165.3800048828125,2256500
2024-07-15,159.9593505859375,166.7100067138672,168.66000366210938,166.07000732421875,166.82000732421875,2198800
2024-07-16,160.8804931640625,167.6699981689453,167.99000549316406,163.77999877929688,165.52999877929688,2271600
2024-07-17,158.8559112548828,165.55999755859375,172.47999572753906,164.1699981689453,168.0,3218600
2024-07-18,157.85804748535156,164.52000427246094,168.25,164.02999877929688,167.0,3014600
2024-07-19,158.47210693359375,165.16000366210938,166.8800048828125,164.00999450683594,165.63999938964844,3037100
2024-07-22,159.18214416503906,165.89999389648438,167.69000244140625,164.1199951171875,165.10000610351562,2620900
2024-07-23,157.33030700683594,163.97000122070312,166.30999755859375,163.5500030517578,165.89999389648438,2018200
2024-07-24,160.76531982421875,167.5500030517578,167.72999572753906,163.72000122070312,164.0500030517578,2534900
2024-07-25,164.55538940429688,171.5,172.57000732421875,165.8300018310547,167.75999450683594,2366500
2024-07-26,165.6588134765625,172.64999389648438,173.10000610351562,170.00999450683594,172.08999633789062,1789300
2024-07-29,164.9967498779297,171.9600067138672,173.9600067138672,169.74000549316406,172.5500030517578,1744400
2024-07-30,171.07041931152344,178.2899932861328,179.47000122070312,171.9600067138672,172.22000122070312,2357800
2024-07-31,169.85186767578125,177.02000427246094,183.30999755859375,176.94000244140625,180.94000244140625,1852900
2024-08-01,166.16737365722656,173.17999267578125,179.4600067138672,171.97999572753906,177.33999633789062,1363300
2024-08-02,157.97315979003906,164.63999938964844,171.58999633789062,164.0800018310547,171.1699981689453,2599700
2024-08-05,155.488037109375,162.0500030517578,162.7100067138672,157.5,159.14999389648438,2702300
2024-08-06,163.9700927734375,170.88999938964844,173.6300048828125,164.02000427246094,165.33999633789062,2467900
2024-08-07,162.492431640625,169.35000610351562,173.27999877929688,168.57000732421875,172.88999938964844,1753400
2024-08-08,167.0980987548828,174.14999389648438,174.8800048828125,169.72000122070312,170.0,2373100
2024-08-09,168.71005249023438,175.8300018310547,176.41000366210938,173.33999633789062,173.6999969482422,2321900
2024-08-12,169.23776245117188,176.3800048828125,178.36000061035156,175.13999938964844,177.10000610351562,2970500
2024-08-13,168.63330078125,175.75,175.88999938964844,173.1300048828125,174.47999572753906,2087300
2024-08-14,171.79965209960938,179.0500030517578,179.6199951171875,175.85000610351562,176.6199951171875,2968900
2024-08-15,173.43084716796875,180.75,182.0,179.0,180.52000427246094,2391300
2024-08-16,172.73997497558594,180.02999877929688,182.36000061035156,179.25999450683594,179.66000366210938,2452400
2024-08-19,171.65573120117188,178.89999389648438,180.44000244140625,178.0,180.44000244140625,2076600
2024-08-20,164.6609344482422,171.61000061035156,178.42999267578125,171.5500030517578,178.36000061035156,2701000
2024-08-21,165.80343627929688,171.97000122070312,174.49000549316406,171.0,171.55999755859375,2088100
2024-08-22,165.6202392578125,171.77999877929688,173.1699981689453,171.0399932861328,172.00999450683594,2178700
2024-08-23,169.02365112304688,175.30999755859375,175.52999877929688,172.64999389648438,173.10000610351562,1996000
2024-08-26,166.98934936523438,173.1999969482422,177.57000732421875,172.82000732421875,176.6999969482422,1903200
2024-08-27,163.7980194091797,169.88999938964844,172.89999389648438,169.7899932861328,172.75,1657100
2024-08-28,163.83657836914062,169.92999267578125,171.9499969482422,168.0800018310547,169.0,2143100
2024-08-29,164.83929443359375,170.97000122070312,171.52999877929688,167.27999877929688,169.39999389648438,2338700
2024-08-30,170.7687530517578,177.1199951171875,177.47999572753906,169.9600067138672,170.33999633789062,3460900
2024-09-03,167.5871124267578,173.82000732421875,175.64999389648438,172.8000030517578,174.52999877929688,3523700
2024-09-04,165.5913543701172,171.75,176.77999877929688,171.24000549316406,174.13999938964844,2471300
2024-09-05,162.41929626464844,168.4600067138672,172.86000061035156,168.08999633789062,172.66000366210938,2879200
2024-09-06,160.04750061035156,166.0,170.10000610351562,164.8000030517578,168.9499969482422,2242400
2024-09-09,157.3961181640625,163.25,167.7100067138672,162.67999267578125,167.22000122070312,3642700
2024-09-10,157.67572021484375,163.5399932861328,164.89999389648438,160.1699981689453,163.97000122070312,2800400
2024-09-11,152.92251586914062,158.61000061035156,163.58999633789062,157.22000122070312,163.17999267578125,3379400
2024-09-12,155.69923400878906,161.49000549316406,161.8800048828125,158.5800018310547,158.61000061035156,2370200
2024-09-13,157.71429443359375,163.5800018310547,165.80999755859375,161.97000122070312,162.72999572753906,2563100
2024-09-16,155.2364501953125,161.00999450683594,166.08999633789062,159.0500030517578,164.8300018310547,2151900
2024-09-17,157.99388122558594,163.8699951171875,163.97000122070312,161.0,161.5399932861328,1520200
2024-09-18,158.76522827148438,164.6699981689453,167.02000427246094,162.27000427246094,164.58999633789062,2688300
2024-09-19,160.38494873046875,166.35000610351562,168.0500030517578,164.80999755859375,166.5500030517578,2132100
2024-09-20,158.49525451660156,164.38999938964844,164.97999572753906,160.86000061035156,164.8800048828125,7789900
2024-09-23,158.33135986328125,164.22000122070312,166.42999267578125,162.41000366210938,162.5,6479400
2024-09-24,156.62478637695312,162.4499969482422,166.6199951171875,162.13999938964844,166.19000244140625,4663300
2024-09-25,155.86312866210938,161.66000366210938,165.69000244140625,161.27999877929688,162.0500030517578,2320600
2024-09-26,157.57931518554688,163.44000244140625,168.57000732421875,160.39999389648438,160.7100067138672,7205700
2024-09-27,157.78175354003906,163.64999389648438,164.94000244140625,162.13999938964844,164.0,1557500
2024-09-30,157.0683135986328,162.91000366210938,164.1999969482422,161.25,163.25,2312900
2024-10-01,159.8739776611328,165.82000732421875,166.8800048828125,160.61000061035156,160.6999969482422,2556600
2024-10-02,159.44976806640625,165.3800048828125,166.8699951171875,162.44000244140625,166.38999938964844,2847000
2024-10-03,168.5705108642578,174.83999633789062,175.6300048828125,164.47000122070312,165.7899932861328,3325800
2024-10-04,165.81307983398438,171.97999572753906,177.63999938964844,170.27999877929688,176.7100067138672,2241600
2024-10-07,167.05682373046875,173.27000427246094,174.4600067138672,170.9199981689453,171.22000122070312,2201300
2024-10-08,154.25302124023438,159.99000549316406,171.02000427246094,157.14999389648438,170.77000427246094,5060600
2024-10-09,156.77906799316406,162.61000061035156,163.42999267578125,158.39999389648438,159.0,2243300
2024-10-10,158.93875122070312,164.85000610351562,167.22999572753906,161.9499969482422,162.5800018310547,1990200
2024-10-11,158.36988830566406,164.25999450683594,166.85000610351562,163.39999389648438,164.00999450683594,1839400
2024-10-14,156.6730194091797,162.5,163.8699951171875,162.0500030517578,163.3300018310547,2086100
2024-10-15,151.38951110839844,157.02000427246094,159.8000030517578,156.80999755859375,157.94000244140625,2557800
2024-10-16,152.23793029785156,157.89999389648438,158.8000030517578,157.00999450683594,157.42999267578125,1504900
2024-10-17,152.6332550048828,158.30999755859375,159.77999877929688,157.25,158.4199981689453,2409000
2024-10-18,152.62362670898438,158.3000030517578,159.22000122070312,156.9499969482422,158.1999969482422,2214800
2024-10-21,151.28347778320312,156.91000366210938,159.0399932861328,156.16000366210938,158.7899932861328,2203800
2024-10-22,152.56578063964844,158.24000549316406,158.57000732421875,156.75,157.5,1867200
2024-10-23,148.24642944335938,153.75999450683594,158.6300048828125,152.3800048828125,157.0,3439000
2024-10-24,147.3979949951172,152.8800048828125,154.72000122070312,151.86000061035156,154.5,1550700
2024-10-25,146.8966522216797,152.36000061035156,154.61000061035156,151.92999267578125,154.27999877929688,1046300
2024-10-28,145.65289306640625,151.07000732421875,151.5399932861328,148.2899932861328,150.0,3899000
2024-10-29,140.07049560546875,145.27999877929688,150.6699981689453,144.89999389648438,150.5800018310547,2827800
2024-10-30,139.56915283203125,144.75999450683594,146.44000244140625,144.27000427246094,145.22999572753906,2541100
2024-10-31,140.25369262695312,145.47000122070312,146.6300048828125,144.69000244140625,145.97000122070312,2315800
2024-11-01,137.99758911132812,143.1300048828125,147.47999572753906,142.83999633789062,146.39999389648438,2149600
2024-11-04,139.74269104003906,144.94000244140625,146.3800048828125,143.39999389648438,143.72000122070312,2377900
2024-11-05,144.19703674316406,149.55999755859375,152.39999389648438,146.49000549316406,152.36000061035156,4008600
2024-11-06,149.68299865722656,155.25,156.97000122070312,152.2899932861328,155.0,3094200
2024-11-07,148.4778289794922,154.0,155.6999969482422,152.38999938964844,155.1999969482422,1771900
2024-11-08,148.23675537109375,153.75,154.0,151.27999877929688,153.30999755859375,1718400
2024-11-11,150.46392822265625,156.05999755859375,156.13999938964844,152.64999389648438,153.47000122070312,1992400
2024-11-12,149.64442443847656,155.2100067138672,156.42999267578125,154.3800048828125,155.75999450683594,1785600
2024-11-13,153.40457153320312,159.11000061035156,159.1999969482422,154.10000610351562,154.39999389648438,2448100
2024-11-14,152.4693603515625,158.13999938964844,159.86000061035156,156.52999877929688,159.16000366210938,1863200
2024-11-15,151.87159729003906,157.52000427246094,160.00999450683594,156.00999450683594,156.00999450683594,2258800
2024-11-18,154.18551635742188,159.9199981689453,160.19000244140625,157.25999450683594,158.4600067138672,2099400
2024-11-19,153.105712890625,158.8000030517578,161.10000610351562,157.9600067138672,158.22000122070312,1637000
2024-11-20,154.55055236816406,159.3800048828125,159.4499969482422,156.61000061035156,158.3300018310547,1606800
2024-11-21,154.46327209472656,159.2899932861328,161.61000061035156,158.4600067138672,160.2899932861328,1505500
2024-11-22,153.67779541015625,158.47999572753906,160.66000366210938,158.07000732421875,159.33999633789062,1421200
2024-11-25,151.7578125,156.5,160.0,156.19000244140625,158.6199951171875,3721200
2024-11-26,152.37840270996094,157.13999938964844,157.9499969482422,155.8300018310547,156.85000610351562,2072300
2024-11-27,150.65235900878906,155.36000061035156,158.99000549316406,155.0399932861328,157.16000366210938,1286000
2024-11-29,151.41839599609375,156.14999389648438,156.5500030517578,154.22999572753906,155.72000122070312,965500
2024-12-02,152.64024353027344,157.41000366210938,157.5800018310547,153.5500030517578,156.14999389648438,2267100
2024-12-03,150.77841186523438,155.49000549316406,159.10000610351562,155.2899932861328,158.0,2035800
2024-12-04,145.84263610839844,150.39999389648438,154.89999389648438,149.0800018310547,154.6199951171875,2240800
2024-12-05,145.55174255371094,150.10000610351562,151.5,148.1300048828125,150.9600067138672,2199100
2024-12-06,146.3662872314453,150.94000244140625,151.2100067138672,149.02000427246094,150.27000427246094,2684200
2024-12-09,148.34445190429688,152.97999572753906,155.75,151.52000427246094,151.88999938964844,2528000
2024-12-10,146.48265075683594,151.05999755859375,153.7899932861328,149.77000427246094,152.82000732421875,3431500
2024-12-11,147.36508178710938,151.97000122070312,153.1699981689453,149.61000061035156,151.05999755859375,2796100
2024-12-12,141.84747314453125,146.27999877929688,151.88999938964844,146.17999267578125,151.64999389648438,2723200
2024-12-13,141.14930725097656,145.55999755859375,146.44000244140625,144.35000610351562,145.97999572753906,2014600
2024-12-16,134.00262451171875,138.19000244140625,145.00999450683594,137.88999938964844,144.32000732421875,3518500
2024-12-17,133.80868530273438,137.99000549316406,140.11000061035156,136.42999267578125,137.1699981689453,4076500
2024-12-18,130.96746826171875,135.05999755859375,138.2899932861328,134.16000366210938,137.52000427246094,3959500
2024-12-19,127.66080474853516,131.64999389648438,136.80999755859375,130.7100067138672,135.8300018310547,3895700
2024-12-20,129.33837890625,133.3800048828125,133.4199981689453,130.5399932861328,132.0,11493700
2024-12-23,129.92019653320312,133.97999572753906,134.5399932861328,131.8800048828125,133.60000610351562,3509000
2024-12-24,131.24868774414062,135.35000610351562,135.35000610351562,132.72000122070312,133.82000732421875,1419500
2024-12-26,131.28746032714844,135.38999938964844,135.80999755859375,134.00999450683594,135.47000122070312,1566500
2024-12-27,131.55899047851562,135.6699981689453,137.0,133.94000244140625,135.19000244140625,1770100
2024-12-30,131.4911346435547,135.60000610351562,137.16000366210938,134.52000427246094,135.57000732421875,2010900
2024-12-31,135.27294921875,139.5,139.75,135.6999969482422,135.85000610351562,2179400
2025-01-02,137.20263671875,141.49000549316406,142.41000366210938,139.5500030517578,140.5,2586800
2025-01-03,138.41476440429688,142.74000549316406,143.00999450683594,140.83999633789062,141.8800048828125,2531100
2025-01-06,136.27171325683594,140.52999877929688,144.50999450683594,139.7100067138672,142.32000732421875,3757600
2025-01-07,137.3674774169922,141.66000366210938,143.02999877929688,140.50999450683594,141.6999969482422,3064900
2025-01-08,138.0171661376953,142.3300018310547,142.75999450683594,138.94000244140625,140.0,2691900
2025-01-10,137.95901489257812,142.27000427246094,145.30999755859375,140.91000366210938,144.25999450683594,3593100
2025-01-13,142.30325317382812,146.75,151.25999450683594,142.77999877929688,143.35000610351562,3673300
2025-01-14,144.89234924316406,149.4199981689453,150.13999938964844,144.85000610351562,146.4199981689453,2510800
2025-01-15,147.34567260742188,151.9499969482422,153.1300048828125,150.44000244140625,151.3699951171875,2456300
2025-01-16,147.10325622558594,151.6999969482422,152.9600067138672,150.72000122070312,151.0,1862200
2025-01-17,148.07293701171875,152.6999969482422,153.5399932861328,149.9499969482422,151.5,2486500
2025-01-21,146.24990844726562,150.82000732421875,152.69000244140625,149.47000122070312,152.25,2669400
2025-01-22,143.13717651367188,147.61000061035156,150.58999633789062,147.4199981689453,149.32000732421875,3310100
2025-01-23,149.63417053222656,154.30999755859375,154.42999267578125,148.7100067138672,148.8000030517578,2949600
2025-01-24,147.01597595214844,151.61000061035156,155.72000122070312,151.17999267578125,153.8699951171875,4319400
2025-01-27,147.9759979248047,152.60000610351562,154.85000610351562,150.89999389648438,153.11000061035156,2291800
2025-01-28,146.07537841796875,150.63999938964844,153.0500030517578,149.1999969482422,152.60000610351562,2204700
2025-01-29,146.8026580810547,151.38999938964844,153.08999633789062,150.07000732421875,150.5,1785400
2025-01-30,145.41598510742188,149.9600067138672,155.0399932861328,148.35000610351562,154.82000732421875,2084400
2025-01-31,141.29478454589844,145.7100067138672,150.17999267578125,145.22999572753906,150.17999267578125,2721000
2025-02-03,142.54568481445312,147.0,148.60000610351562,143.11000061035156,145.14999389648438,3175800
2025-02-04,152.1553955078125,156.91000366210938,157.4499969482422,145.0,147.02000427246094,5832700
2025-02-05,152.5432586669922,157.30999755859375,158.47999572753906,154.75999450683594,155.80999755859375,3314000
2025-02-06,147.32627868652344,151.92999267578125,158.99000549316406,150.7899932861328,158.0,2389000
2025-02-07,145.57113647460938,150.1199951171875,152.69000244140625,150.02999877929688,152.60000610351562,2377500
2025-02-10,149.12020874023438,153.77999877929688,155.6699981689453,151.39999389648438,151.67999267578125,2221100
2025-02-11,150.5941619873047,155.3000030517578,157.02999877929688,152.13999938964844,155.27000427246094,3666900
2025-02-12,144.688720703125,149.2100067138672,155.11000061035156,149.16000366210938,154.0399932861328,2510500
2025-02-13,149.42083740234375,154.08999633789062,156.11000061035156,146.8800048828125,149.0,3179100
2025-02-14,151.3311309814453,156.05999755859375,158.4499969482422,154.57000732421875,154.57000732421875,2411800
2025-02-18,154.2111358642578,159.02999877929688,160.4499969482422,155.9499969482422,156.14999389648438,2859100
2025-02-19,152.76771545410156,156.63999938964844,159.47000122070312,156.3300018310547,157.75,2549700
2025-02-20,154.35743713378906,158.27000427246094,159.0399932861328,155.0,156.14999389648438,2464500
2025-02-21,149.9394073486328,153.74000549316406,158.3800048828125,153.49000549316406,157.32000732421875,1996200
2025-02-24,148.9251251220703,152.6999969482422,154.88999938964844,150.58999633789062,153.74000549316406,3688700
2025-02-25,146.86729431152344,150.58999633789062,154.66000366210938,149.30999755859375,153.1300048828125,2435600
2025-02-26,142.683349609375,146.3000030517578,151.24000549316406,144.9600067138672,151.24000549316406,2281600
2025-02-27,144.32180786132812,147.97999572753906,149.66000366210938,145.89999389648438,147.11000061035156,2422000
2025-02-28,146.4674072265625,150.17999267578125,150.3699951171875,145.8699951171875,147.14999389648438,3007800
2025-03-03,142.2152099609375,145.82000732421875,152.75,144.5500030517578,151.22999572753906,2714500
2025-03-04,139.0943145751953,142.6199951171875,144.77999877929688,139.4499969482422,143.57000732421875,3297900
2025-03-05,131.7797088623047,135.1199951171875,140.97000122070312,132.7899932861328,140.0500030517578,4744900
2025-03-06,134.15939331054688,137.55999755859375,138.1300048828125,133.72999572753906,134.1199951171875,2462900
2025-03-07,134.149658203125,137.5500030517578,141.16000366210938,136.91000366210938,137.8699951171875,2832500
2025-03-10,132.89154052734375,136.25999450683594,140.14999389648438,135.7100067138672,138.5399932861328,2799300
2025-03-11,131.3896026611328,134.72000122070312,138.27000427246094,133.72999572753906,137.52000427246094,2750600
2025-03-12,133.7302703857422,137.1199951171875,138.49000549316406,133.75,133.75,2425900
2025-03-13,133.63275146484375,137.02000427246094,140.0,135.7100067138672,137.27999877929688,1885300
2025-03-14,137.66062927246094,141.14999389648438,141.64999389648438,137.02000427246094,137.3300018310547,1708300
2025-03-17,142.5467987060547,146.16000366210938,147.10000610351562,141.64999389648438,141.69000244140625,2324000
2025-03-18,142.39076232910156,146.0,148.72000122070312,144.69000244140625,147.64999389648438,2797800
2025-03-19,145.8725128173828,149.57000732421875,150.61000061035156,145.75,146.50999450683594,3591400
2025-03-20,148.19366455078125,151.9499969482422,152.0800018310547,147.67999267578125,148.02999877929688,3638800
2025-03-21,146.25286865234375,149.9600067138672,152.0500030517578,147.83999633789062,151.08999633789062,6814000
2025-03-24,145.0045166015625,148.67999267578125,153.4499969482422,147.55999755859375,151.13999938964844,3087300
2025-03-25,145.40435791015625,149.08999633789062,151.36000061035156,148.41000366210938,149.5800018310547,3562000
2025-03-26,146.1065673828125,149.80999755859375,153.88999938964844,149.35000610351562,150.9199981689453,1980900
2025-03-27,143.70738220214844,147.35000610351562,149.6999969482422,146.8300018310547,149.0500030517578,1579100
2025-03-28,140.53773498535156,144.10000610351562,147.5399932861328,143.3699951171875,147.0,1689100
2025-03-31,142.0884246826172,145.69000244140625,146.5,142.49000549316406,143.25999450683594,2483400
2025-04-01,143.00518798828125,146.6300048828125,146.9499969482422,142.0399932861328,145.77000427246094,1898800
2025-04-02,144.24378967285156,147.89999389648438,148.1300048828125,144.27000427246094,144.85000610351562,1654500
2025-04-03,125.41114044189453,128.58999633789062,140.67999267578125,127.69000244140625,140.0,5076200
2025-04-04,118.07704162597656,121.06999969482422,126.0,115.97000122070312,124.66000366210938,5833200
2025-04-07,118.65247344970703,121.66000366210938,128.41000366210938,115.0999984741211,118.08999633789062,4922800
2025-04-08,115.61934661865234,118.55000305175781,126.12999725341797,116.31999969482422,124.08000183105469,4459700
2025-04-09,128.1711883544922,131.4199981689453,133.10000610351562,115.41999816894531,115.62999725341797,5604400
2025-04-10,118.52568054199219,121.52999877929688,130.1999969482422,118.6500015258789,127.06999969482422,3970500
2025-04-11,120.37870788574219,123.43000030517578,123.80000305175781,117.73999786376953,120.73999786376953,2901200
2025-04-14,121.76360321044922,124.8499984741211,127.44999694824219,123.29000091552734,126.98999786376953,2709500
2025-04-15,119.2083740234375,122.2300033569336,125.79000091552734,121.69000244140625,124.04000091552734,2416100
2025-04-16,121.00288391113281,124.06999969482422,127.87000274658203,122.72000122070312,123.66999816894531,2897300
2025-04-17,124.56266021728516,127.72000122070312,128.92999267578125,125.5999984741211,125.5999984741211,2387700
2025-04-21,123.5873794555664,126.72000122070312,127.08000183105469,124.0,125.27999877929688,2425100
2025-04-22,128.1419219970703,131.38999938964844,132.17999267578125,128.2100067138672,129.39999389648438,1736200
2025-04-23,130.97996520996094,134.3000030517578,136.6199951171875,132.0,134.36000061035156,2996300
2025-04-24,134.13987731933594,137.5399932861328,138.25999450683594,134.0399932861328,135.27000427246094,3061400
2025-04-25,134.0423583984375,137.44000244140625,137.6699981689453,135.7899932861328,136.3699951171875,1681100
2025-04-28,134.1789093017578,137.5800018310547,138.3800048828125,135.99000549316406,137.4499969482422,1868400
2025-04-29,134.89085388183594,138.30999755859375,138.66000366210938,135.8800048828125,136.2899932861328,1747600
2025-04-30,134.0131072998047,137.41000366210938,138.0,133.0,135.64999389648438,2549300
2025-05-01,134.31544494628906,137.72000122070312,141.38999938964844,136.8000030517578,138.2899932861328,2053400
2025-05-02,138.05078125,141.5500030517578,142.1699981689453,137.3000030517578,139.85000610351562,1944500
2025-05-05,139.78677368164062,143.3300018310547,144.67999267578125,140.36000061035156,141.22999572753906,3427400
2025-05-06,140.9766082763672,144.5500030517578,146.35000610351562,141.91000366210938,144.72000122070312,3304000
2025-05-07,141.11314392089844,144.69000244140625,146.0399932861328,142.72999572753906,145.19000244140625,3135200
2025-05-08,146.26260375976562,149.97000122070312,151.75,145.27999877929688,145.27999877929688,2643800
2025-05-09,147.1598663330078,150.88999938964844,152.32000732421875,149.64999389648438,151.7899932861328,1567500
2025-05-12,154.23065185546875,158.13999938964844,161.38999938964844,156.2100067138672,158.9600067138672,3419100
2025-05-13,158.814453125,162.83999633789062,164.86000061035156,157.7100067138672,159.24000549316406,4014500
2025-05-14,159.4776611328125,163.52000427246094,164.5399932861328,161.16000366210938,161.36000061035156,2291200
2025-05-15,161.20388793945312,165.2899932861328,165.52000427246094,160.8800048828125,161.02000427246094,2300000
2025-05-16,160.06280517578125,164.1199951171875,165.6999969482422,162.83999633789062,165.6999969482422,2836100
2025-05-19,158.25856018066406,162.27000427246094,164.0399932861328,160.6999969482422,162.9600067138672,1987500
2025-05-20,157.53684997558594,161.52999877929688,163.33999633789062,161.13999938964844,162.14999389648438,1431700
2025-05-21,153.6920928955078,156.6999969482422,159.75999450683594,156.6300048828125,158.9499969482422,2832200
2025-05-22,155.8400421142578,158.88999938964844,160.5800018310547,154.64999389648438,156.0,2365400
2025-05-23,156.05581665039062,159.11000061035156,160.10000610351562,157.44000244140625,157.44000244140625,1576800
2025-05-27,159.2140350341797,162.3300018310547,163.1999969482422,158.9499969482422,160.27000427246094,2480000
2025-05-28,155.5654296875,158.61000061035156,163.27000427246094,158.3300018310547,163.25999450683594,1513600
2025-05-29,156.8502960205078,159.9199981689453,160.07000732421875,156.36000061035156,158.0,1961200
2025-05-30,157.65457153320312,160.74000549316406,161.3000030517578,159.1300048828125,159.77999877929688,4475400
2025-06-02,155.70274353027344,158.75,163.91000366210938,156.02000427246094,163.91000366210938,2960500
2025-06-03,158.86094665527344,161.97000122070312,163.74000549316406,157.8300018310547,159.1199951171875,2004700
2025-06-04,153.93728637695312,156.9499969482422,162.7899932861328,156.80999755859375,161.41000366210938,2582200
2025-06-05,155.17311096191406,158.2100067138672,159.17999267578125,155.92999267578125,157.6999969482422,1532900
2025-06-06,157.0464324951172,160.1199951171875,161.55999755859375,158.55999755859375,159.1199951171875,1351700
2025-06-09,157.1935577392578,160.27000427246094,162.3300018310547,159.74000549316406,161.7899932861328,1895800
2025-06-10,159.51808166503906,162.63999938964844,164.55999755859375,161.49000549316406,161.9199981689453,1976000
2025-06-11,161.49929809570312,164.66000366210938,166.0,162.55999755859375,164.44000244140625,2019200
2025-06-12,161.90142822265625,165.07000732421875,165.16000366210938,161.66000366210938,162.6999969482422,1726000
2025-06-13,162.960693359375,166.14999389648438,166.72000122070312,163.86000061035156,164.63999938964844,2705100
2025-06-16,163.57859802246094,166.77999877929688,167.77000427246094,163.6199951171875,164.61000061035156,2885800
2025-06-17,166.81524658203125,170.0800018310547,171.33999633789062,166.25,168.36000061035156,3850800
2025-06-18,164.20631408691406,167.4199981689453,171.33999633789062,167.27999877929688,169.52999877929688,2593700
2025-06-20,165.87367248535156,169.1199951171875,169.92999267578125,167.1699981689453,167.6199951171875,6556500
2025-06-23,163.41188049316406,166.61000061035156,170.7100067138672,165.72999572753906,170.5800018310547,3356800
2025-06-24,162.1171875,165.2899932861328,167.27000427246094,163.39999389648438,164.60000610351562,2875800
2025-06-25,162.50953674316406,165.69000244140625,167.19000244140625,164.5,165.1300048828125,2006900
2025-06-26,164.3043975830078,167.52000427246094,168.80999755859375,165.77000427246094,166.64999389648438,1711300
2025-06-27,164.19651794433594,167.41000366210938,167.83999633789062,164.5,166.16000366210938,8636600
2025-06-30,162.9214630126953,166.11000061035156,168.08999633789062,165.6199951171875,166.72000122070312,1660900
2025-07-01,166.68775939941406,169.9499969482422,171.47999572753906,165.6199951171875,166.36000061035156,1949300
2025-07-02,171.11119079589844,174.4600067138672,174.4600067138672,170.17999267578125,171.47000122070312,1556900
2025-07-03,172.67066955566406,176.0500030517578,176.8699951171875,173.0,173.27999877929688,1135900
2025-07-07,173.06298828125,176.4499969482422,177.5,174.4199981689453,174.9600067138672,1692400
2025-07-08,176.47616577148438,179.92999267578125,180.55999755859375,176.47000122070312,176.7100067138672,2426300
2025-07-09,175.828857421875,179.27000427246094,180.77000427246094,178.02999877929688,179.92999267578125,1976200
2025-07-10,178.76144409179688,182.25999450683594,183.10000610351562,177.5800018310547,179.1300048828125,3765800
2025-07-11,176.4075164794922,179.86000061035156,182.08999633789062,179.25999450683594,181.75,4388200
2025-07-14,172.25872802734375,175.6300048828125,178.60000610351562,173.99000549316406,177.88999938964844,2732200
2025-07-15,172.24891662597656,175.6199951171875,177.27999877929688,174.55999755859375,175.86000061035156,1784900
2025-07-16,169.06129455566406,172.3699951171875,177.14999389648438,171.47999572753906,176.39999389648438,2585000
2025-07-17,170.82675170898438,174.1699981689453,174.67999267578125,172.42999267578125,172.86000061035156,1619700
2025-07-18,170.86599731445312,174.2100067138672,178.3300018310547,174.2100067138672,176.64999389648438,2623700
2025-07-21,171.52313232421875,174.8800048828125,176.47000122070312,173.9499969482422,174.99000549316406,1458100
2025-07-22,171.8860321044922,175.25,176.8699951171875,174.44000244140625,174.80999755859375,1431300
2025-07-23,174.13204956054688,177.5399932861328,177.75,175.02000427246094,175.75999450683594,1798200
2025-07-24,168.0216522216797,171.30999755859375,176.57000732421875,170.1199951171875,174.99000549316406,2607300
2025-07-25,168.2766571044922,171.57000732421875,173.22999572753906,170.33999633789062,172.07000732421875,1287700
2025-07-28,171.4446563720703,174.8000030517578,174.9600067138672,171.8699951171875,172.6999969482422,1100100
2025-07-29,172.06256103515625,175.42999267578125,175.5,172.99000549316406,175.25,1296100
2025-07-30,167.5018310546875,170.77999877929688,174.02000427246094,169.4499969482422,173.80999755859375,1494600
2025-07-31,166.9231414794922,170.19000244140625,171.9199981689453,169.1699981689453,170.3300018310547,1340600
2025-08-01,162.35260009765625,165.52999877929688,168.0,164.77999877929688,167.8000030517578,1385300
2025-08-04,164.73594665527344,167.9600067138672,168.77999877929688,165.75999450683594,166.39999389648438,2068400
2025-08-05,165.67752075195312,168.9199981689453,170.08999633789062,165.49000549316406,169.47000122070312,1923300
2025-08-06,159.32191467285156,162.44000244140625,170.3000030517578,160.85000610351562,169.6699981689453,2755500
2025-08-07,158.40975952148438,161.50999450683594,165.0,161.44000244140625,164.27000427246094,1587800
2025-08-08,157.7526092529297,160.83999633789062,163.16000366210938,160.2899932861328,162.22000122070312,1278200
2025-08-11,155.54580688476562,158.58999633789062,162.8300018310547,158.0800018310547,162.47000122070312,1784200
2025-08-12,156.05581665039062,159.11000061035156,161.6199951171875,158.5500030517578,160.0,2291800
2025-08-13,158.6255340576172,161.72999572753906,161.8300018310547,158.0,159.0,2072000
2025-08-14,159.20420837402344,162.32000732421875,162.5800018310547,159.00999450683594,160.66000366210938,1373000
2025-08-15,159.2238311767578,162.33999633789062,163.47000122070312,161.52999877929688,162.47999572753906,1831400
2025-08-18,159.54750061035156,162.6699981689453,162.9499969482422,160.8699951171875,161.3699951171875,1487800
2025-08-19,161.2246856689453,164.3800048828125,165.35000610351562,161.8000030517578,162.36000061035156,2155200
2025-08-20,163.5424041748047,165.82000732421875,166.66000366210938,163.3699951171875,163.9499969482422,1540100
2025-08-21,162.6744842529297,164.94000244140625,166.0800018310547,163.10000610351562,165.00999450683594,1299700
2025-08-22,168.53289794921875,170.8800048828125,171.0800018310547,165.0800018310547,165.7100067138672,1734000
2025-08-25,169.81503295898438,172.17999267578125,172.8000030517578,170.30999755859375,170.72000122070312,1476900
2025-08-26,171.1267547607422,173.50999450683594,173.57000732421875,170.22999572753906,170.99000549316406,3153900
2025-08-27,175.44659423828125,177.88999938964844,178.5500030517578,173.05999755859375,173.25,1820500
2025-08-28,176.83724975585938,179.3000030517578,179.3300018310547,175.4600067138672,178.3800048828125,1844100
2025-08-29,177.2416229248047,179.7100067138672,181.42999267578125,178.19000244140625,179.77999877929688,1753800
2025-09-02,177.67556762695312,180.14999389648438,180.24000549316406,177.89999389648438,178.86000061035156,2245600
2025-09-03,176.54136657714844,179.0,183.5,177.35000610351562,180.0,1751400
2025-09-04,176.52163696289062,178.97999572753906,180.1300048828125,178.16000366210938,179.66000366210938,1494000
2025-09-05,177.8037872314453,180.27999877929688,180.47999572753906,177.0500030517578,178.5,1696300
2025-09-08,178.70127868652344,181.19000244140625,181.24000549316406,176.88999938964844,179.92999267578125,2006800
2025-09-09,180.6639404296875,183.17999267578125,186.27999877929688,178.47999572753906,182.38999938964844,2307700
2025-09-10,179.1944122314453,181.69000244140625,184.77999877929688,177.4199981689453,183.0,1800200
2025-09-11,179.80589294433594,182.30999755859375,183.74000549316406,180.66000366210938,182.27999877929688,1265800
2025-09-12,177.8037872314453,180.27999877929688,183.5399932861328,179.8300018310547,183.0,1500300
2025-09-15,177.4684600830078,179.94000244140625,181.94000244140625,178.8800048828125,180.11000061035156,1765400
2025-09-16,180.47654724121094,182.99000549316406,184.52999877929688,180.0,181.27999877929688,2250000
2025-09-17,182.14334106445312,184.67999267578125,186.0800018310547,182.05999755859375,182.82000732421875,1885800
2025-09-18,182.48854064941406,185.02999877929688,186.0,182.02999877929688,186.0,1570600
2025-09-19,182.91262817382812,185.4600067138672,185.72999572753906,182.86000061035156,185.3000030517578,6246900
2025-09-22,184.6780548095703,187.25,188.6999969482422,185.25,185.5800018310547,1783100
2025-09-23,188.24832153320312,190.8699951171875,192.61000061035156,187.1699981689453,187.74000549316406,1787500
2025-09-24,190.44769287109375,193.10000610351562,194.9199981689453,191.0,191.50999450683594,1526600
2025-09-25,193.7418212890625,196.44000244140625,196.6999969482422,192.0800018310547,193.10000610351562,1811300
2025-09-26,195.96090698242188,198.69000244140625,201.61000061035156,197.07000732421875,198.0,2042700
2025-09-29,193.7714080810547,196.47000122070312,198.44000244140625,194.5,198.3300018310547,1402100
2025-09-30,190.09263610839844,192.74000549316406,195.63999938964844,191.2899932861328,194.77999877929688,1532100
2025-10-01,189.66854858398438,192.30999755859375,193.47999572753906,191.0800018310547,192.08999633789062,1265100
2025-10-02,189.59951782226562,192.24000549316406,192.94000244140625,189.4199981689453,191.02999877929688,1642800
2025-10-03,190.4871368408203,193.13999938964844,198.75,193.13999938964844,195.25,1968700
2025-10-06,190.86192321777344,193.52000427246094,197.10000610351562,193.19000244140625,193.6199951171875,1013200
2025-10-07,188.9091033935547,191.5399932861328,193.49000549316406,187.80999755859375,192.72000122070312,1352300
2025-10-08,186.1179962158203,188.7100067138672,191.16000366210938,188.02000427246094,191.0,2416700
2025-10-09,184.98377990722656,187.55999755859375,190.88999938964844,186.6300048828125,189.72000122070312,1284000
2025-10-10,178.4053955078125,180.88999938964844,187.67999267578125,180.72000122070312,186.0,1678400
2025-10-13,180.8809051513672,183.39999389648438,185.08999633789062,182.3699951171875,183.75,1095500
2025-10-14,180.60476684570312,183.1199951171875,186.08999633789062,181.25,181.41000366210938,1389600
2025-10-15,181.30502319335938,183.8300018310547,185.4199981689453,181.91000366210938,184.64999389648438,1882600
2025-10-16,178.6618194580078,181.14999389648438,185.3000030517578,180.32000732421875,185.3000030517578,1193700
2025-10-17,181.9362335205078,184.47000122070312,185.5,181.17999267578125,183.36000061035156,1954300
2025-10-20,183.71151733398438,186.27000427246094,187.3000030517578,184.67999267578125,184.92999267578125,957900
2025-10-21,180.3582000732422,182.8699951171875,186.6999969482422,182.61000061035156,186.11000061035156,1282300
2025-10-22,185.9503173828125,188.5399932861328,188.82000732421875,181.7899932861328,184.07000732421875,1709800
2025-10-23,193.26841735839844,195.9600067138672,197.3300018310547,189.97000122070312,190.08999633789062,1931400
2025-10-24,193.52484130859375,196.22000122070312,198.7899932861328,195.97000122070312,196.88999938964844,1233200
2025-10-27,193.53469848632812,196.22999572753906,197.55999755859375,194.33999633789062,196.72000122070312,2622200
2025-10-28,189.56991577148438,192.2100067138672,196.13999938964844,191.9499969482422,194.6300048828125,1171000
2025-10-29,193.06130981445312,195.75,197.4600067138672,190.32000732421875,191.57000732421875,1624500
2025-10-30,192.9429473876953,195.6300048828125,200.64999389648438,195.49000549316406,196.44000244140625,1697200
2025-10-31,192.2328338623047,194.91000366210938,196.5,193.3300018310547,196.1999969482422,1539000
2025-11-03,193.10073852539062,195.7899932861328,196.52999877929688,193.4600067138672,194.75999450683594,1443200
2025-11-04,181.25570678710938,183.77999877929688,187.24000549316406,175.0,179.10000610351562,5838700
2025-11-05,183.6227264404297,186.17999267578125,189.66000366210938,184.00999450683594,184.7899932861328,2092700
2025-11-06,190.0729217529297,192.72000122070312,195.92999267578125,187.6199951171875,187.6199951171875,3079300
2025-11-07,191.0986328125,193.75999450683594,197.07000732421875,191.57000732421875,194.10000610351562,2174200
2025-11-10,193.6629180908203,196.36000061035156,198.75999450683594,191.5500030517578,193.3300018310547,2269100
2025-11-11,197.38113403320312,200.1300048828125,201.72000122070312,197.4199981689453,197.8000030517578,2132900
2025-11-12,194.19549560546875,196.89999389648438,202.25,196.35000610351562,199.63999938964844,2506100
2025-11-13,191.90736389160156,194.5800018310547,199.39999389648438,193.7100067138672,197.22999572753906,2217900
2025-11-14,197.23318481445312,199.97999572753906,202.3000030517578,195.36000061035156,196.63999938964844,1714400
2025-11-17,193.2782745361328,195.97000122070312,199.3699951171875,195.3000030517578,198.8800048828125,1984000
2025-11-18,196.8682861328125,199.61000061035156,199.66000366210938,195.0,195.6199951171875,1545300
2025-11-19,193.80538940429688,195.52000427246094,196.1999969482422,190.49000549316406,193.22000122070312,2076800
2025-11-20,186.2224578857422,187.8699951171875,197.9600067138672,187.4199981689453,195.6199951171875,2983600
2025-11-21,188.94833374023438,190.6199951171875,192.07000732421875,186.55999755859375,187.88999938964844,1914500
2025-11-24,188.51220703125,190.17999267578125,191.75999450683594,186.4499969482422,189.5399932861328,2533400
2025-11-25,188.3337860107422,190.0,191.1999969482422,187.13999938964844,188.8000030517578,1594400
2025-11-26,190.05853271484375,191.74000549316406,193.5,189.75,189.99000549316406,1253600
2025-11-28,192.03106689453125,193.72999572753906,196.0,192.94000244140625,193.1199951171875,1020900
2025-12-01,194.41993713378906,196.13999938964844,198.1699981689453,194.1199951171875,194.1199951171875,1703500
2025-12-02,191.01010131835938,192.6999969482422,194.67999267578125,189.77000427246094,194.64999389648438,1911700
2025-12-03,187.76876831054688,189.42999267578125,194.0,188.4600067138672,193.25999450683594,2415900
2025-12-04,188.4824676513672,190.14999389648438,191.6999969482422,187.63999938964844,188.61000061035156,2103000
2025-12-05,188.859130859375,190.52999877929688,193.52999877929688,189.91000366210938,189.91000366210938,1441800
2025-12-08,187.99676513671875,189.66000366210938,191.57000732421875,186.9199981689453,188.38999938964844,2258600
2025-12-09,189.057373046875,190.72999572753906,192.1699981689453,188.5800018310547,189.72000122070312,1808500
2025-12-10,189.6223907470703,191.3000030517578,192.4199981689453,187.52000427246094,190.8300018310547,2782600
2025-12-11,185.46913146972656,187.11000061035156,190.3699951171875,186.6199951171875,188.72999572753906,2603200
2025-12-12,184.14088439941406,185.77000427246094,188.19000244140625,184.1300048828125,187.89999389648438,2419200
2025-12-15,183.88314819335938,185.50999450683594,185.82000732421875,184.02000427246094,185.00999450683594,2402800
2025-12-16,175.2396240234375,176.7899932861328,185.1699981689453,175.25,184.00999450683594,2889200
2025-12-17,172.96971130371094,174.5,177.52999877929688,172.86000061035156,177.2899932861328,3050900
2025-12-18,166.6357421875,168.11000061035156,174.3800048828125,167.1300048828125,173.41000366210938,2888600
2025-12-19,166.8439178466797,168.32000732421875,170.52999877929688,167.27000427246094,168.38999938964844,6618000
2025-12-22,163.32504272460938,164.77000427246094,170.7899932861328,164.63999938964844,169.89999389648438,1999800
2025-12-23,164.94073486328125,166.39999389648438,166.9499969482422,164.22000122070312,165.27000427246094,2380600
2025-12-24,164.276611328125,165.72999572753906,166.30999755859375,164.4499969482422,165.5399932861328,996200
2025-12-26,162.2545166015625,163.69000244140625,165.8800048828125,163.33999633789062,165.00999450683594,1262300
2025-12-29,162.16529846191406,163.60000610351562,165.0,162.6199951171875,164.7899932861328,1847500
2025-12-30,162.3833770751953,163.82000732421875,164.80999755859375,162.82000732421875,164.58999633789062,1224000
2025-12-31,161.2038116455078,162.6300048828125,164.1699981689453,161.92999267578125,164.08999633789062,1323800
2026-01-02,163.69180297851562,165.13999938964844,165.36000061035156,162.3300018310547,162.85000610351562,1409400
2026-01-05,173.40585327148438,174.94000244140625,177.6999969482422,171.5,173.14999389648438,5033200
2026-01-06,168.9254913330078,170.4199981689453,175.67999267578125,170.22999572753906,175.1300048828125,2378700
2026-01-07,170.9971466064453,172.50999450683594,176.64999389648438,168.69000244140625,173.36000061035156,2730700
2026-01-08,175.51718139648438,177.07000732421875,178.8300018310547,171.5500030517578,172.75999450683594,2409300
2026-01-09,174.62506103515625,176.1699981689453,178.8000030517578,174.3800048828125,178.02000427246094,2588900
2026-01-12,174.00057983398438,175.5399932861328,177.32000732421875,174.0,175.9199981689453,2096200
2026-01-13,174.30787658691406,175.85000610351562,179.08999633789062,174.39999389648438,175.7100067138672,2546500
2026-01-14,179.5019073486328,181.08999633789062,183.42999267578125,176.0,176.19000244140625,2825700
2026-01-15,176.03260803222656,177.58999633789062,179.7899932861328,177.00999450683594,179.3300018310547,2004500
2026-01-16,174.08981323242188,175.6300048828125,178.75,174.9600067138672,177.1999969482422,1627200
2026-01-20,173.3463897705078,174.8800048828125,177.74000549316406,174.0500030517578,176.69000244140625,1302200
2026-01-21,175.92356872558594,177.47999572753906,182.57000732421875,177.22000122070312,178.39999389648438,2389100
2026-01-22,174.21865844726562,175.75999450683594,177.9499969482422,174.30999755859375,176.47999572753906,1877500
2026-01-23,173.8419952392578,175.3800048828125,181.61000061035156,175.05999755859375,177.67999267578125,1635000
2026-01-26,171.02688598632812,172.5399932861328,177.5,172.24000549316406,177.35000610351562,1610800
2026-01-27,170.28347778320312,171.7899932861328,174.00999450683594,170.5,172.9199981689453,2452400
2026-01-28,170.5015411376953,172.00999450683594,174.0,170.0800018310547,173.0,1691300
2026-01-29,174.1988525390625,175.74000549316406,180.74000549316406,175.24000549316406,175.41000366210938,2826200
2026-01-30,174.6448974609375,176.19000244140625,176.75,172.0,175.1300048828125,2098500
2026-02-02,175.35858154296875,176.91000366210938,177.32000732421875,171.74000549316406,172.74000549316406,3027000
2026-02-03,185.93499755859375,187.5800018310547,187.63999938964844,172.44000244140625,180.69000244140625,5254900
2026-02-04,194.2018585205078,195.9199981689453,197.5800018310547,188.13999938964844,188.99000549316406,4157700
2026-02-05,194.11265563964844,195.8300018310547,195.8300018310547,190.99000549316406,193.57000732421875,1900700
2026-02-06,201.2197723388672,203.0,204.3699951171875,196.1699981689453,196.7899932861328,2316000
2026-02-09,202.46871948242188,204.25999450683594,206.4499969482422,202.30999755859375,204.0500030517578,2004800
2026-02-10,202.35968017578125,204.14999389648438,204.27000427246094,200.9600067138672,204.1199951171875,1814700
2026-02-11,206.81031799316406,208.63999938964844,209.39999389648438,205.05999755859375,206.47000122070312,1629100
2026-02-12,196.28346252441406,198.02000427246094,210.32000732421875,197.80999755859375,209.0,1917400
2026-02-13,201.4774932861328,203.25999450683594,204.32000732421875,195.75,196.3800048828125,1592700
2026-02-17,198.78134155273438,200.5399932861328,207.3000030517578,197.6300048828125,204.75,2222300
2026-02-18,198.81124877929688,199.57000732421875,202.0,198.38999938964844,201.39999389648438,1561600
2026-02-19,195.7230224609375,196.47000122070312,201.97999572753906,196.30999755859375,200.5399932861328,2013300
2026-02-20,196.0119171142578,196.75999450683594,198.4499969482422,194.5800018310547,195.94000244140625,1714000
2026-02-23,192.08689880371094,192.82000732421875,199.75,190.44000244140625,196.3300018310547,2214100
2026-02-24,194.54750061035156,195.2899932861328,195.3300018310547,190.83999633789062,191.30999755859375,1938200
2026-02-25,195.0256805419922,195.77000427246094,197.5,192.24000549316406,196.0,1886400
2026-02-26,200.3055419921875,201.07000732421875,202.83999633789062,193.4199981689453,194.2100067138672,2021200
2026-02-27,197.45640563964844,198.2100067138672,200.00999450683594,190.32000732421875,200.0,4760400
2026-03-02,209.02227783203125,209.82000732421875,210.4199981689453,202.1699981689453,203.92999267578125,3771800
2026-03-03,211.17404174804688,211.97999572753906,215.57000732421875,206.0500030517578,213.6699981689453,2759400
2026-03-04,219.93063354492188,220.77000427246094,222.0500030517578,212.0,212.10000610351562,3440000
2026-03-05,216.53359985351562,217.36000061035156,228.5500030517578,213.9600067138672,224.89999389648438,3731500
2026-03-06,220.43869018554688,221.27999877929688,221.42999267578125,214.25,217.75,3398700
2026-03-09,214.87989807128906,215.6999969482422,223.66000366210938,213.67999267578125,223.55999755859375,4136700
2026-03-10,214.4116973876953,215.22999572753906,220.3000030517578,212.3800048828125,215.0,2189700
2026-03-11,225.87794494628906,226.74000549316406,226.83999633789062,216.1999969482422,217.38999938964844,2221000
2026-03-12,229.19528198242188,230.07000732421875,236.11000061035156,227.0,227.41000366210938,4233200
2026-03-13,225.32005310058594,226.17999267578125,231.8699951171875,225.85000610351562,228.1699981689453,2613200
2026-03-16,228.06956481933594,228.94000244140625,230.58999633789062,225.25,228.4199981689453,2739900
2026-03-17,232.37313842773438,233.25999450683594,234.5,228.85000610351562,230.0,2007900
2026-03-18,235.34182739257812,236.24000549316406,238.77000427246094,232.13999938964844,234.5,3006500
2026-03-19,234.88356018066406,235.77999877929688,242.97999572753906,234.7100067138672,237.52999877929688,4218900
2026-03-20,231.6459197998047,232.52999877929688,238.1300048828125,232.30999755859375,236.10000610351562,6344100
2026-03-23,231.6459197998047,232.52999877929688,237.10000610351562,225.9199981689453,227.6199951171875,2894300
2026-03-24,242.98265075683594,243.91000366210938,247.13999938964844,238.41000366210938,238.7899932861328,3513200
2026-03-25,240.332763671875,241.25,246.47999572753906,239.3699951171875,242.5,2259600
2026-03-26,247.3659210205078,248.30999755859375,249.75999450683594,240.5800018310547,241.88999938964844,2038300
2026-03-27,250.95223999023438,251.91000366210938,252.8300018310547,245.8699951171875,247.3300018310547,2449700
2026-03-30,244.2279052734375,245.16000366210938,255.77000427246094,244.8300018310547,254.0,2631200
2026-03-31,243.25161743164062,244.17999267578125,251.1199951171875,239.55999755859375,245.5,3033800
2026-04-01,237.2545166015625,238.16000366210938,243.0,233.1699981689453,241.35000610351562,3277700
2026-04-02,240.81094360351562,241.72999572753906,247.72999572753906,238.7899932861328,245.0,1842600
2026-04-06,240.48219299316406,241.39999389648438,241.9600067138672,237.75,239.5800018310547,1490200
2026-04-07,244.48690795898438,245.4199981689453,247.07000732421875,241.3300018310547,242.6199951171875,1976000
2026-04-08,231.09800720214844,231.97999572753906,233.55999755859375,228.05999755859375,232.30999755859375,2924100
2026-04-09,222.67018127441406,223.52000427246094,234.4499969482422,218.8800048828125,231.25,2864800
2026-04-10,221.77359008789062,222.6199951171875,223.27999877929688,216.97000122070312,221.0399932861328,2216700
2026-04-13,224.43344116210938,225.2899932861328,228.3800048828125,221.64999389648438,225.0,2039700
2026-04-14,223.07861328125,223.92999267578125,225.97999572753906,221.1199951171875,225.5800018310547,1524100
2026-04-15,222.18203735351562,223.02999877929688,225.83999633789062,220.57000732421875,222.4499969482422,1528000
2026-04-16,225.3798370361328,226.24000549316406,230.1699981689453,223.42999267578125,223.77000427246094,2068100
2026-04-17,212.87754821777344,213.69000244140625,220.0800018310547,210.63999938964844,217.25,3800300
2026-04-20,213.305908203125,214.1199951171875,216.1999969482422,213.2899932861328,214.11000061035156,1417400
2026-04-21,219.51223754882812,220.35000610351562,220.7899932861328,213.05999755859375,215.8699951171875,1466600
2026-04-22,221.22569274902344,222.07000732421875,224.13999938964844,218.57000732421875,222.66000366210938,2240700
2026-04-23,220.25938415527344,221.10000610351562,224.16000366210938,220.35000610351562,223.52999877929688,2249300
2026-04-24,223.28781127929688,224.13999938964844,224.5800018310547,219.30999755859375,221.0399932861328,1523600
2026-04-27,226.34616088867188,227.2100067138672,230.75999450683594,224.10000610351562,225.11000061035156,1883200
2026-04-28,231.7056884765625,232.58999633789062,233.72999572753906,227.0800018310547,230.0399932861328,1924700
2026-04-29,240.89064025878906,241.80999755859375,245.3000030517578,235.33999633789062,235.92999267578125,2686000
2026-04-30,247.3459930419922,248.2899932861328,249.2100067138672,235.86000061035156,237.72999572753906,2356700
2026-05-01,245.21412658691406,246.14999389648438,250.0,241.00999450683594,248.0,1841900
2026-05-04,251.579833984375,252.5399932861328,253.2899932861328,245.49000549316406,246.74000549316406,2316800
2026-05-05,259.5195617675781,260.510009765625,261.6099853515625,251.88999938964844,256.0,2500200
2026-05-06,244.8455352783203,245.77999877929688,254.72000122070312,244.4600067138672,253.0,2664500
2026-05-07,241.33892822265625,242.25999450683594,242.27000427246094,234.13999938964844,241.75999450683594,2458100
2026-05-08,243.93899536132812,244.8699951171875,247.88999938964844,238.7100067138672,242.1999969482422,2574900
2026-05-11,251.5200653076172,252.47999572753906,252.5,247.75999450683594,248.85000610351562,2429100
2026-05-12,251.0319366455078,251.99000549316406,257.6099853515625,251.75999450683594,254.17999267578125,2669200
2026-05-13,248.14295959472656,249.08999633789062,254.94000244140625,245.50999450683594,253.3800048828125,4157600
2026-05-14,247.87399291992188,248.82000732421875,251.5500030517578,247.39999389648438,248.0500030517578,2009500
2026-05-15,254.0603790283203,255.02999877929688,255.39999389648438,250.63999938964844,252.22999572753906,2156900
2026-05-18,258.54327392578125,259.5299987792969,261.0400085449219,249.49000549316406,252.0500030517578,2032300
2026-05-19,262.0199890136719,263.0199890136719,263.5,256.6499938964844,260.8299865722656,1770700
2026-05-20,258.3699951171875,258.3699951171875,264.1400146484375,254.6999969482422,260.0400085449219,2210100
2026-05-21,248.42999267578125,248.42999267578125,262.05999755859375,248.0,261.1499938964844,2624000
2026-05-22,254.64999389648438,254.64999389648438,255.8300018310547,248.0,249.0,1926300
2026-05-26,248.0500030517578,248.0500030517578,258.260009765625,248.02000427246094,251.86000061035156,2403700
2026-05-27,247.0500030517578,247.0500030517578,250.8000030517578,241.36000061035156,242.67999267578125,1995600
2026-05-28,251.3300018310547,251.3300018310547,253.74000549316406,249.02999877929688,249.88999938964844,2826000
2026-05-29,248.77000427246094,248.77000427246094,251.61000061035156,247.39999389648438,250.44000244140625,2861900
2026-06-01,258.6600036621094,258.6600036621094,260.9700012207031,251.5,252.67999267578125,2426900
2026-06-02,263.05999755859375,263.05999755859375,264.8399963378906,256.9700012207031,257.0199890136719,2350400
2026-06-03,267.2099914550781,267.2099914550781,272.4599914550781,263.1300048828125,265.5799865722656,2333800
2026-06-04,267.04998779296875,267.04998779296875,270.3399963378906,261.4800109863281,263.1099853515625,2123300
2026-06-05,262.010009765625,262.010009765625,269.6600036621094,261.8999938964844,265.2900085449219,2160700
2026-06-08,266.1700134277344,266.1700134277344,271.2799987792969,262.9200134277344,265.6499938964844,1814700
2026-06-09,258.1499938964844,258.1499938964844,266.44000244140625,256.5299987792969,264.3500061035156,3233600
2026-06-10,263.2799987792969,263.2799987792969,269.3500061035156,258.19000244140625,258.19000244140625,2109300
2026-06-11,260.80999755859375,260.80999755859375,269.7699890136719,260.05999755859375,268.0,2072700
2026-06-12,263.5799865722656,263.5799865722656,267.8299865722656,259.0199890136719,260.9100036621094,1701500
2026-06-15,250.86000061035156,250.86000061035156,255.9600067138672,248.67999267578125,253.75,3457000
2026-06-16,250.47000122070312,250.47000122070312,251.75999450683594,246.77999877929688,247.6300048828125,2687400
2026-06-17,244.61000061035156,244.61000061035156,250.52000427246094,244.13999938964844,249.80999755859375,2381200
2026-06-18,242.91000366210938,242.91000366210938,243.36000061035156,238.27999877929688,242.86000061035156,4962400
2026-06-22,247.2899932861328,247.2899932861328,247.89999389648438,240.0,242.50999450683594,1877500
2026-06-23,248.52000427246094,248.52000427246094,249.6699981689453,244.47000122070312,245.27999877929688,1501600
2026-06-24,246.50999450683594,246.50999450683594,248.64999389648438,240.22000122070312,243.6300048828125,1684100
2026-06-25,253.55999755859375,253.55999755859375,253.72999572753906,244.61000061035156,245.05999755859375,1805900
2026-06-26,254.05999755859375,254.05999755859375,256.7099914550781,251.4600067138672,252.97999572753906,6961300
2026-06-29,259.2200012207031,259.2200012207031,265.8299865722656,256.3599853515625,256.6099853515625,2393200
2026-06-30,255.6699981689453,255.6699981689453,262.0799865722656,254.7899932861328,260.6199951171875,1907600
2026-07-01,264.8699951171875,264.8699951171875,264.9599914550781,255.00999450683594,257.4599914550781,1872100
2026-07-02,266.3500061035156,266.3500061035156,270.3999938964844,264.3299865722656,267.0,1722200
2026-07-06,268.989990234375,268.989990234375,272.3500061035156,265.3800048828125,266.5199890136719,1720100
2026-07-07,266.3299865722656,266.3299865722656,269.489990234375,261.57000732421875,267.6499938964844,1838500
2026-07-08,280.67999267578125,280.67999267578125,281.25,270.0,271.6300048828125,2467700
2026-07-09,283.29998779296875,283.29998779296875,283.67999267578125,279.04998779296875,281.42999267578125,1844100
2026-07-10,283.739990234375,283.739990234375,287.1499938964844,277.54998779296875,286.32000732421875,1932300
2026-07-13,296.8800048828125,296.8800048828125,299.04998779296875,289.5400085449219,290.82000732421875,2146200
2026-07-14,303.3999938964844,303.3999938964844,303.69000244140625,296.7200012207031,300.0,2266000
2026-07-15,299.17999267578125,299.17999267578125,304.3599853515625,295.2099914550781,301.5299987792969,2325200
2026-07-16,305.8500061035156,305.8500061035156,308.4200134277344,301.010009765625,301.989990234375,1871000
2026-07-17,312.6000061035156,312.6000061035156,313.1499938964844,306.80999755859375,311.7300109863281,2139200
2026-07-20,315.30999755859375,315.30999755859375,319.3599853515625,312.95001220703125,312.95001220703125,1589200
2026-07-21,319.760009765625,319.760009765625,321.0,315.2300109863281,319.260009765625,2121100
2026-07-22,315.82000732421875,315.82000732421875,326.9200134277344,315.67999267578125,326.6700134277344,2589700
2026-07-23,312.2699890136719,312.2699890136719,323.760009765625,311.20001220703125,323.3999938964844,2298400
2026-07-24,309.239990234375,309.239990234375,316.489990234375,308.67999267578125,311.70001220703125,2000500
