Date,Adj Close,Close,High,Low,Open,Volume
2015-01-02,32.2609977722168,40.720001220703125,41.4900016784668,40.44499969482422,41.064998626708984,6886000
2015-01-05,31.643033981323242,39.939998626708984,40.334999084472656,39.744998931884766,40.06999969482422,11623800
2015-01-06,31.385534286499023,39.6150016784668,40.19499969482422,39.279998779296875,40.16999816894531,7664400
2015-01-07,32.15799331665039,40.59000015258789,40.6150016784668,39.70000076293945,39.875,9732600
2015-01-08,32.67692565917969,41.244998931884766,41.650001525878906,41.0099983215332,41.165000915527344,13170600
2015-01-09,31.60736656188965,39.89500045776367,40.755001068115234,39.560001373291016,40.494998931884766,27556800
2015-01-12,31.781681060791016,40.1150016784668,40.415000915527344,39.90999984741211,40.14500045776367,10021400
2015-01-13,32.035194396972656,40.435001373291016,41.06999969482422,40.064998626708984,40.7400016784668,11040800
2015-01-14,31.85692596435547,40.209999084472656,40.38999938964844,39.80500030517578,40.025001525878906,9295000
2015-01-15,31.524181365966797,39.790000915527344,40.45000076293945,39.595001220703125,40.29999923706055,8126600
2015-01-16,31.932205200195312,40.30500030517578,40.38999938964844,39.5,39.630001068115234,9015600
2015-01-20,32.1738395690918,40.61000061035156,40.73500061035156,40.165000915527344,40.400001525878906,10738400
2015-01-21,32.201576232910156,40.64500045776367,40.814998626708984,40.26499938964844,40.525001525878906,10844200
2015-01-22,32.775962829589844,41.369998931884766,41.41999816894531,40.44499969482422,40.68000030517578,23913000
2015-01-23,34.94676208496094,44.11000061035156,44.349998474121094,43.220001220703125,43.25,38107200
2015-01-26,34.90715408325195,44.060001373291016,44.25,43.70500183105469,44.04499816894531,14098600
2015-01-27,34.994300842285156,44.16999816894531,44.60499954223633,43.724998474121094,43.88999938964844,10994200
2015-01-28,34.68928146362305,43.78499984741211,44.79499816894531,43.744998931884766,44.349998474121094,11963200
2015-01-29,35.27555847167969,44.525001525878906,44.650001525878906,43.78499984741211,44.005001068115234,12475800
2015-01-30,34.673431396484375,43.76499938964844,44.470001220703125,43.69499969482422,44.290000915527344,10070400
2015-02-02,34.85565185546875,43.994998931884766,44.04499816894531,42.93000030517578,43.84000015258789,13638800
2015-02-03,35.18165969848633,44.244998931884766,44.244998931884766,43.46500015258789,43.9900016784668,9252400
2015-02-04,35.26517105102539,44.349998474121094,44.71500015258789,43.994998931884766,44.0,11496600
2015-02-05,35.638885498046875,44.81999969482422,44.8849983215332,44.35499954223633,44.35499954223633,7598600
2015-02-06,35.38444519042969,44.5,44.84000015258789,44.34000015258789,44.75,7835400
2015-02-09,35.31287384033203,44.40999984741211,44.60499954223633,44.06999969482422,44.255001068115234,6911600
2015-02-10,36.25114822387695,45.59000015258789,45.689998626708984,44.665000915527344,44.685001373291016,12469600
2015-02-11,36.09609603881836,45.39500045776367,45.89500045776367,45.35499954223633,45.58000183105469,6467000
2015-02-12,36.509578704833984,45.915000915527344,45.970001220703125,45.04499816894531,45.54499816894531,7197600
2015-02-13,36.410194396972656,45.790000915527344,45.994998931884766,45.45500183105469,45.994998931884766,6109600
2015-02-17,36.5890998840332,46.01499938964844,46.119998931884766,45.630001068115234,45.8849983215332,6387000
2015-02-18,36.974754333496094,46.5,46.665000915527344,46.0,46.19499969482422,6542000
2015-02-19,37.042335510253906,46.584999084472656,46.88999938964844,46.505001068115234,46.57500076293945,6109200
2015-02-20,37.177513122558594,46.755001068115234,46.834999084472656,46.48500061035156,46.72999954223633,6461400
2015-02-23,37.20534896850586,46.790000915527344,46.96500015258789,46.540000915527344,46.92499923706055,5854600
2015-02-24,37.153663635253906,46.724998474121094,46.994998931884766,46.58000183105469,46.630001068115234,6337800
2015-02-25,37.47569274902344,47.130001068115234,47.415000915527344,46.625,46.650001525878906,8119600
2015-02-26,37.590999603271484,47.275001525878906,47.40999984741211,47.040000915527344,47.150001525878906,6816400
2015-02-27,37.1695671081543,46.744998931884766,47.400001525878906,46.6349983215332,47.39500045776367,8658400
2015-03-02,37.463768005371094,47.1150016784668,47.275001525878906,46.665000915527344,46.665000915527344,7947000
2015-03-03,37.37232208251953,47.0,47.10499954223633,46.599998474121094,47.04999923706055,7578400
2015-03-04,36.99861145019531,46.529998779296875,47.095001220703125,46.005001068115234,46.904998779296875,7774600
2015-03-05,37.2252082824707,46.814998626708984,46.97999954223633,46.529998779296875,46.63999938964844,5848400
2015-03-06,36.664634704589844,46.11000061035156,46.849998474121094,45.939998626708984,46.650001525878906,6814400
2015-03-09,36.990657806396484,46.52000045776367,46.564998626708984,46.04499816894531,46.19499969482422,5984800
2015-03-10,36.648738861083984,46.09000015258789,46.45500183105469,45.8849983215332,46.08000183105469,6077000
2015-03-11,36.34657287597656,45.709999084472656,46.4900016784668,45.61000061035156,46.060001373291016,8185800
2015-03-12,37.12581253051758,46.689998626708984,46.76499938964844,45.91999816894531,45.98500061035156,7295400
2015-03-13,37.09003829956055,46.64500045776367,47.185001373291016,46.34000015258789,46.34000015258789,5835200
2015-03-16,37.3922004699707,47.025001525878906,47.310001373291016,46.869998931884766,47.0,6772600
2015-03-17,37.52738952636719,47.19499969482422,47.2400016784668,46.79999923706055,46.880001068115234,5508800
2015-03-18,38.10387420654297,47.91999816894531,48.28499984741211,46.67499923706055,47.0,15430000
2015-03-19,38.86722183227539,48.880001068115234,49.599998474121094,48.189998626708984,48.380001068115234,22020600
2015-03-20,38.747955322265625,48.72999954223633,49.45000076293945,48.505001068115234,49.244998931884766,17360600
2015-03-23,38.712158203125,48.685001373291016,48.95000076293945,48.35499954223633,48.939998626708984,7986000
2015-03-24,38.93083190917969,48.959999084472656,49.165000915527344,48.380001068115234,48.55500030517578,7718400
2015-03-25,38.076045989990234,47.8849983215332,49.2400016784668,47.8849983215332,49.06999969482422,9907200
2015-03-26,37.801719665527344,47.540000915527344,47.875,46.83000183105469,47.67499923706055,10344400
2015-03-27,37.797725677490234,47.53499984741211,47.974998474121094,47.375,47.5,7993400
2015-03-30,38.15953063964844,47.9900016784668,48.25,47.75,48.02000045776367,6830200
2015-03-31,37.6506233215332,47.349998474121094,48.099998474121094,47.345001220703125,47.834999084472656,8717800
2015-04-01,36.982696533203125,46.5099983215332,47.25,46.279998779296875,47.13999938964844,14125400
2015-04-02,37.52738952636719,47.19499969482422,47.31999969482422,46.61000061035156,46.709999084472656,8863000
2015-04-06,37.57905960083008,47.2599983215332,47.400001525878906,46.724998474121094,46.92499923706055,6058800
2015-04-07,37.40015411376953,47.03499984741211,47.47999954223633,46.97999954223633,47.20500183105469,5354600
2015-04-08,37.86134338378906,47.6150016784668,47.63999938964844,46.91999816894531,46.91999816894531,6827800
2015-04-09,38.13566970825195,47.959999084472656,47.9900016784668,47.25,47.650001525878906,7109600
2015-04-10,38.30266189575195,48.16999816894531,48.599998474121094,47.880001068115234,48.599998474121094,6643100
2015-04-13,38.565059661865234,48.5,48.88999938964844,48.380001068115234,48.560001373291016,8171000
2015-04-14,38.40603256225586,48.29999923706055,48.709999084472656,47.970001220703125,48.52000045776367,5952400
2015-04-15,38.27881622314453,48.13999938964844,48.810001373291016,48.130001068115234,48.810001373291016,5162200
2015-04-16,38.366268157958984,48.25,48.47999954223633,48.15999984741211,48.22999954223633,5312500
2015-04-17,37.865325927734375,47.619998931884766,48.0,47.38999938964844,47.900001525878906,7539900
2015-04-20,38.14362335205078,47.970001220703125,48.119998931884766,47.70000076293945,47.900001525878906,4868400
2015-04-21,38.4616813659668,48.369998931884766,48.47999954223633,48.02000045776367,48.349998474121094,6213400
2015-04-22,38.43783950805664,48.34000015258789,48.599998474121094,47.97999954223633,48.5,7248100
2015-04-23,39.3045539855957,49.43000030517578,49.70000076293945,48.279998779296875,48.54999923706055,15866100
2015-04-24,41.22087860107422,51.84000015258789,52.09000015258789,50.619998931884766,51.31999969482422,22284900
2015-04-27,40.44956970214844,50.869998931884766,51.939998626708984,50.7599983215332,51.810001373291016,11222600
2015-04-28,40.24283218383789,50.61000061035156,50.79999923706055,49.97999954223633,50.599998474121094,8882900
2015-04-29,40.274658203125,50.650001525878906,50.95000076293945,50.20000076293945,50.41999816894531,7162000
2015-04-30,39.42383575439453,49.58000183105469,50.68000030517578,49.43000030517578,50.630001068115234,8492000
2015-05-01,39.988380432128906,50.290000915527344,50.41999816894531,49.68000030517578,49.95000076293945,5916500
2015-05-04,40.11560821533203,50.45000076293945,50.93000030517578,50.27000045776367,50.29999923706055,7493400
2015-05-05,39.41365051269531,49.40999984741211,50.04999923706055,49.36000061035156,49.939998626708984,10691200
2015-05-06,39.03075408935547,48.93000030517578,49.70000076293945,48.56999969482422,49.68000030517578,8033500
2015-05-07,39.36577224731445,49.349998474121094,49.54999923706055,48.720001220703125,48.7400016784668,5681400
2015-05-08,39.70878982543945,49.779998779296875,50.43000030517578,49.459999084472656,49.9900016784668,6039800
2015-05-11,39.48544692993164,49.5,50.220001220703125,49.380001068115234,49.709999084472656,5047200
2015-05-12,39.65294647216797,49.709999084472656,49.9900016784668,49.0,49.150001525878906,5868600
2015-05-13,39.557220458984375,49.59000015258789,50.150001525878906,49.43000030517578,49.849998474121094,4927100
2015-05-14,40.330997467041016,50.560001373291016,50.59000015258789,49.66999816894531,49.97999954223633,7339700
2015-05-15,40.52243423461914,50.79999923706055,50.849998474121094,50.38999938964844,50.790000915527344,6016700
2015-05-18,40.82554626464844,51.18000030517578,51.290000915527344,50.560001373291016,50.650001525878906,8999800
2015-05-19,41.01699447631836,51.41999816894531,51.720001220703125,50.959999084472656,51.47999954223633,6976100
2015-05-20,40.70589828491211,51.029998779296875,51.439998626708984,50.43000030517578,51.310001373291016,5644700
2015-05-21,40.94520950317383,51.33000183105469,51.45000076293945,50.779998779296875,50.939998626708984,5084000
2015-05-22,41.06486511230469,51.47999954223633,51.650001525878906,51.209999084472656,51.33000183105469,5857700
2015-05-26,40.55434036254883,50.84000015258789,51.779998779296875,50.65999984741211,51.380001068115234,7369900
2015-05-27,41.1525993347168,51.59000015258789,51.70000076293945,50.90999984741211,51.040000915527344,6213600
2015-05-28,41.32809829711914,51.810001373291016,51.939998626708984,51.45000076293945,51.84000015258789,5874400
2015-05-29,41.44774627685547,51.959999084472656,52.22999954223633,51.45000076293945,51.95000076293945,9399100
2015-06-01,41.65515899658203,52.220001220703125,52.459999084472656,51.66999816894531,51.959999084472656,7075100
2015-06-02,41.264286041259766,51.72999954223633,52.29999923706055,51.65999984741211,51.97999954223633,7877800
2015-06-03,41.575374603271484,52.119998931884766,52.27000045776367,51.66999816894531,52.0,5522700
2015-06-04,41.256309509277344,51.720001220703125,52.18000030517578,51.56999969482422,51.869998931884766,6230800
2015-06-05,41.63121795654297,52.189998626708984,52.439998626708984,51.27000045776367,51.56999969482422,7123200
2015-06-08,41.104736328125,51.529998779296875,52.22999954223633,51.4900016784668,52.0,6320200
2015-06-09,41.11272048950195,51.540000915527344,51.70000076293945,51.099998474121094,51.349998474121094,5034000
2015-06-10,42.03005599975586,52.689998626708984,52.86000061035156,51.65999984741211,51.79999923706055,8003600
2015-06-11,41.87052536010742,52.4900016784668,53.0,52.439998626708984,52.810001373291016,6030200
2015-06-12,41.98219299316406,52.630001068115234,52.7400016784668,52.15999984741211,52.40999984741211,5236700
2015-06-15,41.69502639770508,52.27000045776367,52.459999084472656,52.0099983215332,52.22999954223633,5555000
2015-06-16,42.2534065246582,52.970001220703125,53.13999938964844,52.20000076293945,52.27000045776367,6106500
2015-06-17,42.46878433227539,53.2400016784668,53.470001220703125,52.720001220703125,53.09000015258789,6735300
2015-06-18,43.162784576416016,54.11000061035156,54.279998779296875,53.400001525878906,53.5,10711000
2015-06-19,43.019187927246094,53.93000030517578,54.439998626708984,53.84000015258789,54.08000183105469,10609700
2015-06-22,42.995262145996094,53.900001525878906,54.43000030517578,53.880001068115234,54.33000183105469,7100700
2015-06-23,43.17075729370117,54.119998931884766,54.18000030517578,53.720001220703125,54.040000915527344,5679000
2015-06-24,42.843692779541016,53.709999084472656,53.970001220703125,53.52000045776367,53.75,5525000
2015-06-25,43.13086700439453,54.06999969482422,54.45000076293945,54.0,54.09000015258789,5389900
2015-06-26,43.569580078125,54.619998931884766,54.75,54.29999923706055,54.459999084472656,6637200
2015-06-29,42.716064453125,53.54999923706055,54.38999938964844,53.5099983215332,53.869998931884766,6534100
2015-06-30,42.77189254760742,53.619998931884766,54.29999923706055,53.13999938964844,54.150001525878906,9794000
2015-07-01,42.98727798461914,53.88999938964844,54.209999084472656,53.599998474121094,53.86000061035156,6107700
2015-07-02,43.266475677490234,54.2400016784668,54.70000076293945,53.95000076293945,54.029998779296875,5684700
2015-07-06,43.32230758666992,54.310001373291016,54.40999984741211,53.630001068115234,53.63999938964844,5396400
2015-07-07,43.378150939941406,54.380001068115234,54.540000915527344,53.36000061035156,54.290000915527344,9462300
2015-07-08,42.588443756103516,53.38999938964844,54.02000045776367,53.310001373291016,53.86000061035156,8139300
2015-07-09,43.11491394042969,54.04999923706055,54.5,53.880001068115234,54.06999969482422,7681000
2015-07-10,43.52970504760742,54.56999969482422,54.72999954223633,54.18000030517578,54.540000915527344,8087800
2015-07-13,44.431095123291016,55.70000076293945,55.88999938964844,54.900001525878906,55.0,7477200
2015-07-14,44.47097396850586,55.75,56.060001373291016,55.52000045776367,55.959999084472656,7028000
2015-07-15,44.1439208984375,55.34000015258789,55.95000076293945,55.290000915527344,55.91999816894531,8212600
2015-07-16,44.462989807128906,55.7400016784668,56.15999984741211,55.65999984741211,56.060001373291016,7305500
2015-07-17,44.42312240600586,55.689998626708984,55.900001525878906,55.369998931884766,55.900001525878906,8715400
2015-07-20,44.83791732788086,56.209999084472656,56.7400016784668,55.70000076293945,55.72999954223633,8029600
2015-07-21,44.829933166503906,56.20000076293945,56.470001220703125,55.779998779296875,56.380001068115234,6717500
2015-07-22,45.220802307128906,56.689998626708984,56.869998931884766,56.25,56.43000030517578,6876100
2015-07-23,45.11709976196289,56.560001373291016,57.0,56.15999984741211,56.97999954223633,12439200
2015-07-24,45.69940948486328,57.290000915527344,59.310001373291016,57.150001525878906,59.119998931884766,14559700
2015-07-27,45.45213317871094,56.97999954223633,57.470001220703125,56.849998474121094,57.209999084472656,8993500
2015-07-28,45.57974624633789,57.13999938964844,57.400001525878906,56.560001373291016,57.38999938964844,8689200
2015-07-29,45.87491226196289,57.5099983215332,57.79999923706055,57.13999938964844,57.380001068115234,8470500
2015-07-30,46.313629150390625,58.060001373291016,58.150001525878906,57.0099983215332,57.29999923706055,7337900
2015-07-31,46.209922790527344,57.93000030517578,58.439998626708984,57.72999954223633,58.439998626708984,6519500
2015-08-03,46.417335510253906,58.189998626708984,58.959999084472656,58.040000915527344,58.619998931884766,7664000
2015-08-04,46.9532470703125,58.70000076293945,58.720001220703125,58.029998779296875,58.25,9113100
2015-08-05,47.20122528076172,59.0099983215332,59.31999969482422,58.83000183105469,59.150001525878906,7349100
2015-08-06,45.77742385864258,57.22999954223633,59.20000076293945,57.09000015258789,59.130001068115234,11064500
2015-08-07,45.7534294128418,57.20000076293945,57.36000061035156,56.5099983215332,57.33000183105469,7782000
2015-08-10,45.00952911376953,56.27000045776367,57.630001068115234,55.75,57.290000915527344,12029200
2015-08-11,45.07352828979492,56.349998474121094,56.439998626708984,55.2400016784668,55.790000915527344,8062600
2015-08-12,45.097511291503906,56.380001068115234,56.400001525878906,54.95000076293945,55.689998626708984,10064400
2015-08-13,45.47346496582031,56.849998474121094,57.25,56.5099983215332,56.52000045776367,6731500
2015-08-14,45.67343521118164,57.099998474121094,57.119998931884766,56.65999984741211,56.95000076293945,4803900
2015-08-17,46.18536376953125,57.7400016784668,57.7599983215332,56.72999954223633,57.0,5768400
2015-08-18,46.257362365722656,57.83000183105469,58.060001373291016,57.65999984741211,57.959999084472656,5575400
2015-08-19,46.06537628173828,57.59000015258789,58.08000183105469,57.119998931884766,57.58000183105469,6044200
2015-08-20,44.6415901184082,55.810001373291016,57.150001525878906,55.77000045776367,57.0,7470900
2015-08-21,42.26592254638672,52.84000015258789,54.86000061035156,52.599998474121094,54.720001220703125,20211500
2015-08-24,40.26622009277344,50.34000015258789,52.66999816894531,42.04999923706055,48.04999923706055,27158800
2015-08-25,40.866119384765625,51.09000015258789,53.61000061035156,51.04999923706055,52.959999084472656,19659000
2015-08-26,43.16179656982422,53.959999084472656,54.150001525878906,51.27000045776367,52.9900016784668,15517600
2015-08-27,44.753570556640625,55.95000076293945,56.209999084472656,54.40999984741211,54.7599983215332,15987900
2015-08-28,44.49761199951172,55.630001068115234,56.310001373291016,55.20000076293945,55.70000076293945,7584800
2015-08-31,43.76170349121094,54.709999084472656,55.470001220703125,54.5,55.189998626708984,7971200
2015-09-01,42.793846130371094,53.5,54.36000061035156,52.7400016784668,53.0,13424900
2015-09-02,44.2016487121582,55.2599983215332,55.290000915527344,53.75,54.5,9891100
2015-09-03,43.74571228027344,54.689998626708984,55.7599983215332,54.47999954223633,55.720001220703125,7968900
2015-09-04,43.41775131225586,54.279998779296875,54.56999969482422,53.84000015258789,53.869998931884766,6994300
2015-09-08,44.16165542602539,55.209999084472656,55.45000076293945,54.529998779296875,55.310001373291016,8051700
2015-09-09,43.74571228027344,54.689998626708984,56.0,54.56999969482422,55.900001525878906,8406700
2015-09-10,44.28963851928711,55.369998931884766,55.689998626708984,54.33000183105469,54.34000015258789,8924800
2015-09-11,45.217491149902344,56.529998779296875,56.540000915527344,55.029998779296875,55.189998626708984,8363100
2015-09-14,45.02553176879883,56.290000915527344,56.90999984741211,56.04999923706055,56.540000915527344,5463900
2015-09-15,45.521461486816406,56.90999984741211,57.209999084472656,56.119998931884766,56.43000030517578,6741300
2015-09-16,45.80141067504883,57.2599983215332,57.349998474121094,56.209999084472656,56.83000183105469,6593400
2015-09-17,45.81741714477539,57.279998779296875,58.099998474121094,57.040000915527344,57.31999969482422,7525300
2015-09-18,45.46546173095703,56.84000015258789,57.630001068115234,56.279998779296875,56.4900016784668,16268000
2015-09-21,46.02537536621094,57.540000915527344,57.84000015258789,56.959999084472656,57.20000076293945,6220100
2015-09-22,45.689430236816406,57.119998931884766,57.25,56.70000076293945,56.849998474121094,8585100
2015-09-23,46.22536087036133,57.790000915527344,57.93000030517578,57.04999923706055,57.15999984741211,6829200
2015-09-24,46.68927764892578,58.369998931884766,58.540000915527344,57.16999816894531,57.380001068115234,10027300
2015-09-25,46.38532257080078,57.9900016784668,58.959999084472656,57.7400016784668,58.91999816894531,10627000
2015-09-28,44.60960006713867,55.77000045776367,58.43000030517578,55.619998931884766,58.0099983215332,11548100
2015-09-29,44.56959533691406,55.720001220703125,56.29999923706055,54.810001373291016,55.849998474121094,9392100
2015-09-30,45.46546173095703,56.84000015258789,56.900001525878906,55.61000061035156,56.400001525878906,9799600
2015-10-01,45.977386474609375,57.47999954223633,57.5,55.88999938964844,56.9900016784668,8497100
2015-10-02,46.45732498168945,58.08000183105469,58.09000015258789,56.540000915527344,56.9900016784668,9036800
2015-10-05,47.22521209716797,59.040000915527344,59.18000030517578,58.06999969482422,58.4900016784668,8199000
2015-10-06,46.94525146484375,58.689998626708984,59.13999938964844,58.220001220703125,58.81999969482422,5538000
2015-10-07,47.017242431640625,58.779998779296875,58.83000183105469,57.900001525878906,58.619998931884766,8138300
2015-10-08,47.5611686706543,59.459999084472656,59.709999084472656,58.38999938964844,58.779998779296875,6834800
2015-10-09,48.049095153808594,60.06999969482422,60.11000061035156,59.29999923706055,59.470001220703125,7969900
2015-10-12,48.425045013427734,60.540000915527344,60.88999938964844,60.040000915527344,60.349998474121094,6430300
2015-10-13,48.12107467651367,60.15999984741211,60.75,60.02000045776367,60.34000015258789,6262800
2015-10-14,47.04922866821289,58.81999969482422,60.16999816894531,58.43000030517578,60.0,8365600
2015-10-15,47.745140075683594,59.689998626708984,59.83000183105469,58.08000183105469,58.95000076293945,9745900
2015-10-16,47.93710708618164,59.93000030517578,60.290000915527344,59.459999084472656,59.959999084472656,12860800
2015-10-19,48.76899337768555,60.970001220703125,61.290000915527344,59.869998931884766,60.130001068115234,8117200
2015-10-20,48.69700241088867,60.880001068115234,61.36000061035156,60.560001373291016,61.220001220703125,6089100
2015-10-21,48.41702651977539,60.529998779296875,61.119998931884766,60.15999984741211,61.06999969482422,6055300
2015-10-22,49.18494415283203,61.4900016784668,61.709999084472656,60.16999816894531,60.959999084472656,9182000
2015-10-23,50.0807991027832,62.61000061035156,62.79999923706055,61.619998931884766,62.11000061035156,8206000
2015-10-26,50.73670196533203,63.43000030517578,63.84000015258789,62.970001220703125,62.97999954223633,9751700
2015-10-27,50.16078567504883,62.709999084472656,63.40999984741211,62.189998626708984,63.369998931884766,8973200
2015-10-28,50.80069351196289,63.5099983215332,63.52000045776367,62.41999816894531,63.11000061035156,9627300
2015-10-29,49.99281311035156,62.5,63.5,61.709999084472656,63.41999816894531,14839100
2015-10-30,50.04880905151367,62.56999969482422,64.0,62.2599983215332,63.689998626708984,16822300
2015-11-02,49.78484344482422,62.2400016784668,63.099998474121094,62.119998931884766,63.0099983215332,8547200
2015-11-03,50.232784271240234,62.79999923706055,62.97999954223633,61.650001525878906,62.0,8847700
2015-11-04,49.56087875366211,61.959999084472656,63.040000915527344,61.34000015258789,63.040000915527344,9085100
2015-11-05,49.81683349609375,62.279998779296875,62.459999084472656,62.0099983215332,62.16999816894531,6145000
2015-11-06,49.568878173828125,61.970001220703125,62.2400016784668,61.61000061035156,62.04999923706055,6616300
2015-11-09,49.223812103271484,61.34000015258789,61.970001220703125,60.86000061035156,61.75,6838300
2015-11-10,49.89788818359375,62.18000030517578,62.31999969482422,61.209999084472656,61.540000915527344,6689000
2015-11-11,49.64912796020508,61.869998931884766,62.56999969482422,61.810001373291016,62.54999923706055,4437300
2015-11-12,49.007144927978516,61.06999969482422,61.650001525878906,60.75,61.34000015258789,6793800
2015-11-13,47.93986129760742,59.7400016784668,61.349998474121094,59.61000061035156,60.88999938964844,8821600
2015-11-16,48.69417953491211,60.68000030517578,60.689998626708984,59.5,59.5,8096600
2015-11-17,48.58985900878906,60.54999923706055,61.560001373291016,60.439998626708984,60.95000076293945,6695300
2015-11-18,49.59295654296875,61.79999923706055,61.869998931884766,60.33000183105469,60.65999984741211,7215300
2015-11-19,49.32011032104492,61.459999084472656,61.93000030517578,61.38999938964844,61.79999923706055,5154400
2015-11-20,49.74542236328125,61.9900016784668,62.150001525878906,61.58000183105469,61.959999084472656,8302500
2015-11-23,50.26703643798828,62.63999938964844,63.189998626708984,62.099998474121094,62.13999938964844,8493500
2015-11-24,49.72134780883789,61.959999084472656,62.369998931884766,61.220001220703125,62.060001373291016,7908200
2015-11-25,49.905914306640625,62.189998626708984,62.5,62.0,62.04999923706055,4549900
2015-11-27,49.89788818359375,62.18000030517578,62.380001068115234,61.93000030517578,62.189998626708984,2447900
2015-11-30,49.26393127441406,61.38999938964844,62.290000915527344,61.20000076293945,62.099998474121094,9863800
2015-12-01,49.247886657714844,61.369998931884766,61.68000030517578,60.5099983215332,61.08000183105469,10910800
2015-12-02,49.12752151489258,61.220001220703125,61.709999084472656,61.119998931884766,61.630001068115234,6587500
2015-12-03,47.787384033203125,59.54999923706055,61.45000076293945,59.150001525878906,61.369998931884766,12056100
2015-12-04,49.55282974243164,61.75,61.869998931884766,59.599998474121094,59.86000061035156,9100600
2015-12-07,49.66517639160156,61.88999938964844,61.95000076293945,61.439998626708984,61.75,5967800
2015-12-08,49.88184356689453,62.15999984741211,62.43000030517578,61.52000045776367,61.689998626708984,6664900
2015-12-09,49.09541320800781,61.18000030517578,62.540000915527344,60.81999969482422,61.709999084472656,8541600
2015-12-10,49.64912796020508,61.869998931884766,62.13999938964844,61.0099983215332,61.130001068115234,6623900
2015-12-11,48.0040397644043,59.81999969482422,61.189998626708984,59.599998474121094,60.86000061035156,11489300
2015-12-14,48.08428955078125,59.91999816894531,60.13999938964844,58.61000061035156,60.040000915527344,13406100
2015-12-15,48.1324348449707,59.97999954223633,60.68000030517578,59.970001220703125,60.54999923706055,7842100
2015-12-16,48.429359436035156,60.349998474121094,60.5,59.5099983215332,60.31999969482422,9281800
2015-12-17,47.76331329345703,59.52000045776367,60.83000183105469,59.470001220703125,60.65999984741211,9079400
2015-12-18,47.04108428955078,58.619998931884766,59.5,58.27000045776367,59.20000076293945,18099500
2015-12-21,47.779354095458984,59.540000915527344,59.619998931884766,58.65999984741211,58.88999938964844,7187500
2015-12-22,48.14047622680664,59.9900016784668,60.06999969482422,59.279998779296875,59.939998626708984,6501400
2015-12-23,48.42133712768555,60.34000015258789,60.369998931884766,59.959999084472656,60.2599983215332,4510200
2015-12-24,48.40528869628906,60.31999969482422,60.5099983215332,60.16999816894531,60.369998931884766,2204300
2015-12-28,48.300960540771484,60.189998626708984,60.33000183105469,59.58000183105469,60.02000045776367,4437200
2015-12-29,49.05529022216797,61.130001068115234,61.31999969482422,60.349998474121094,60.459999084472656,5477300
2015-12-30,48.8065185546875,60.81999969482422,61.400001525878906,60.75,61.220001220703125,3973900
2015-12-31,48.17255783081055,60.029998779296875,60.810001373291016,60.02000045776367,60.650001525878906,4960900
2016-01-04,46.75218963623047,58.2599983215332,58.83000183105469,57.599998474121094,58.77000045776367,13521500
2016-01-05,47.06515884399414,58.650001525878906,58.790000915527344,57.97999954223633,58.790000915527344,9617800
2016-01-06,46.64787673950195,58.130001068115234,58.529998779296875,57.63999938964844,57.70000076293945,8266300
2016-01-07,45.49229431152344,56.689998626708984,57.90999984741211,56.15999984741211,56.880001068115234,11140900
2016-01-08,45.444149017333984,56.630001068115234,57.72999954223633,56.529998779296875,57.40999984741211,10427000
2016-01-11,46.39910125732422,57.81999969482422,58.119998931884766,56.779998779296875,57.0,10757300
2016-01-12,47.71516799926758,59.459999084472656,59.529998779296875,58.18000030517578,58.38999938964844,12375800
2016-01-13,46.4392204284668,57.869998931884766,60.0,57.79999923706055,59.79999923706055,11303600
2016-01-14,47.32997131347656,58.97999954223633,59.43000030517578,56.91999816894531,57.5099983215332,11444100
2016-01-15,46.543548583984375,58.0,58.38999938964844,56.75,57.06999969482422,15246100
2016-01-19,46.984920501708984,58.54999923706055,59.38999938964844,58.119998931884766,58.66999816894531,12289000
2016-01-20,45.67686462402344,56.91999816894531,57.959999084472656,54.939998626708984,57.56999969482422,22786400
2016-01-21,47.370094299316406,59.029998779296875,59.380001068115234,57.66999816894531,57.84000015258789,20888500
2016-01-22,47.48243713378906,59.16999816894531,59.400001525878906,57.40999984741211,57.54999923706055,32820200
2016-01-25,46.31083297729492,57.709999084472656,59.380001068115234,57.61000061035156,59.36000061035156,13554300
2016-01-26,47.033058166503906,58.61000061035156,58.869998931884766,57.79999923706055,57.91999816894531,8898100
2016-01-27,46.24662399291992,57.630001068115234,58.959999084472656,57.2599983215332,58.869998931884766,12491300
2016-01-28,47.578739166259766,59.290000915527344,59.41999816894531,58.0,58.290000915527344,11832400
2016-01-29,48.76639938354492,60.77000045776367,60.880001068115234,59.63999938964844,59.779998779296875,13224400
2016-02-01,49.2719612121582,61.400001525878906,61.790000915527344,60.27000045776367,60.65999984741211,9529100
2016-02-02,48.869415283203125,60.70000076293945,60.900001525878906,60.18000030517578,60.65999984741211,9407400
2016-02-03,47.92744827270508,59.529998779296875,61.130001068115234,58.5,60.880001068115234,12254500
2016-02-04,46.929134368896484,58.290000915527344,59.45000076293945,57.9900016784668,59.40999984741211,13944900
2016-02-05,43.869754791259766,54.4900016784668,58.20000076293945,54.25,58.099998474121094,24529000
2016-02-08,43.58796691894531,54.13999938964844,54.470001220703125,52.630001068115234,53.09000015258789,21457500
2016-02-09,43.81339645385742,54.41999816894531,55.290000915527344,53.16999816894531,53.189998626708984,11605100
2016-02-10,44.393062591552734,55.13999938964844,56.349998474121094,55.0099983215332,55.279998779296875,11663900
2016-02-11,44.2159423828125,54.91999816894531,55.38999938964844,53.54999923706055,53.88999938964844,12106100
2016-02-12,44.972740173339844,55.86000061035156,56.040000915527344,55.040000915527344,55.560001373291016,8680200
2016-02-16,45.41554641723633,56.40999984741211,56.849998474121094,55.97999954223633,56.790000915527344,11594800
2016-02-17,46.39776611328125,57.630001068115234,57.65999984741211,56.15999984741211,56.70000076293945,11955200
2016-02-18,45.85835266113281,56.959999084472656,57.56999969482422,56.66999816894531,57.56999969482422,8494000
2016-02-19,46.429954528808594,57.66999816894531,57.86000061035156,56.52000045776367,56.91999816894531,9033600
2016-02-22,47.396080017089844,58.869998931884766,58.95000076293945,58.16999816894531,58.630001068115234,8390700
2016-02-23,47.06599807739258,58.459999084472656,58.900001525878906,58.0,58.45000076293945,7064100
2016-02-24,46.78421401977539,58.11000061035156,58.349998474121094,56.279998779296875,57.209999084472656,10780900
2016-02-25,47.299468994140625,58.75,58.75,58.0,58.459999084472656,6262100
2016-02-26,46.96937561035156,58.34000015258789,59.209999084472656,57.91999816894531,59.0,7473400
2016-02-29,46.864715576171875,58.209999084472656,59.150001525878906,58.099998474121094,58.25,7645100
2016-03-01,48.33805465698242,60.040000915527344,60.20000076293945,58.5,58.77000045776367,9183600
2016-03-02,47.95159912109375,59.560001373291016,60.0,58.83000183105469,59.83000183105469,8856400
2016-03-03,47.53295135498047,59.040000915527344,59.20000076293945,58.20000076293945,59.119998931884766,8261900
2016-03-04,47.25921630859375,58.70000076293945,59.189998626708984,58.22999954223633,59.13999938964844,8344800
2016-03-07,46.695648193359375,58.0,58.66999816894531,57.310001373291016,58.439998626708984,9199100
2016-03-08,46.373600006103516,57.599998474121094,58.22999954223633,57.2599983215332,57.58000183105469,8127400
2016-03-09,45.946903228759766,57.06999969482422,57.970001220703125,56.790000915527344,57.779998779296875,9734600
2016-03-10,46.3092041015625,57.52000045776367,57.86000061035156,56.91999816894531,57.5099983215332,7014500
2016-03-11,46.365562438964844,57.59000015258789,58.099998474121094,56.56999969482422,58.099998474121094,15497600
2016-03-14,47.21896743774414,58.650001525878906,58.779998779296875,57.5,57.58000183105469,9053300
2016-03-15,47.56515121459961,59.08000183105469,59.15999984741211,58.16999816894531,58.31999969482422,7428500
2016-03-16,48.040157318115234,59.66999816894531,59.81999969482422,58.650001525878906,58.650001525878906,8069400
2016-03-17,47.94355392456055,59.54999923706055,59.97999954223633,59.369998931884766,59.470001220703125,7734700
2016-03-18,48.06432342529297,59.70000076293945,60.45000076293945,59.43000030517578,59.90999984741211,14313600
2016-03-21,47.58126449584961,59.099998474121094,59.86000061035156,59.02000045776367,59.560001373291016,6487200
2016-03-22,47.806678771972656,59.380001068115234,59.54999923706055,58.56999969482422,59.0,8246800
2016-03-23,47.36387634277344,58.83000183105469,59.400001525878906,58.689998626708984,59.13999938964844,5794500
2016-03-24,46.98549270629883,58.36000061035156,58.790000915527344,58.279998779296875,58.70000076293945,5948300
2016-03-28,47.46854019165039,58.959999084472656,59.470001220703125,58.400001525878906,58.560001373291016,5791600
2016-03-29,47.94355392456055,59.54999923706055,59.7400016784668,58.81999969482422,58.81999969482422,6031400
2016-03-30,48.31389236450195,60.0099983215332,60.2599983215332,59.5099983215332,60.0,5723500
2016-03-31,48.06432342529297,59.70000076293945,60.209999084472656,59.68000030517578,59.77000045776367,5622800
2016-04-01,49.12704849243164,61.02000045776367,61.16999816894531,59.40999984741211,59.61000061035156,9401100
2016-04-04,48.507110595703125,60.25,61.18000030517578,60.08000183105469,61.099998474121094,5799900
2016-04-05,48.33805465698242,60.040000915527344,60.22999954223633,59.439998626708984,59.880001068115234,4994800
2016-04-06,48.97407913208008,60.83000183105469,60.90999984741211,59.90999984741211,60.02000045776367,5667300
2016-04-07,49.247802734375,61.16999816894531,61.540000915527344,60.540000915527344,60.59000015258789,8239200
2016-04-08,49.143157958984375,61.040000915527344,61.63999938964844,60.70000076293945,61.5,5064900
2016-04-11,49.03042221069336,60.900001525878906,61.5,60.779998779296875,61.220001220703125,6103400
2016-04-12,47.903297424316406,59.5,59.68000030517578,58.369998931884766,58.95000076293945,17565800
2016-04-13,48.47490692138672,60.209999084472656,61.08000183105469,59.75,60.31999969482422,9898500
2016-04-14,48.41050720214844,60.130001068115234,60.400001525878906,59.90999984741211,60.2599983215332,5157400
2016-04-15,48.716434478759766,60.5099983215332,60.619998931884766,60.0099983215332,60.2400016784668,5965300
2016-04-18,49.02238082885742,60.88999938964844,61.06999969482422,60.36000061035156,60.689998626708984,7228600
2016-04-19,49.03042221069336,60.900001525878906,61.25,60.47999954223633,61.15999984741211,7283600
2016-04-20,49.03042221069336,60.900001525878906,61.43000030517578,60.849998474121094,61.040000915527344,5558800
2016-04-21,48.821109771728516,60.63999938964844,61.099998474121094,60.47999954223633,60.900001525878906,12799100
2016-04-22,46.43801498413086,57.68000030517578,59.099998474121094,57.029998779296875,59.0099983215332,29836700
2016-04-25,46.510467529296875,57.77000045776367,57.959999084472656,57.58000183105469,57.619998931884766,8428000
2016-04-26,46.47023010253906,57.720001220703125,58.66999816894531,57.560001373291016,58.04999923706055,8839100
2016-04-27,45.810054779052734,56.900001525878906,57.650001525878906,56.619998931884766,57.5099983215332,12390800
2016-04-28,45.4235954284668,56.41999816894531,57.36000061035156,56.31999969482422,56.59000015258789,9196600
2016-04-29,45.2706413269043,56.22999954223633,56.43000030517578,55.290000915527344,56.02000045776367,12133400
2016-05-02,46.18038558959961,57.36000061035156,57.369998931884766,56.11000061035156,56.290000915527344,8616200
2016-05-03,45.44517517089844,56.25,57.060001373291016,56.13999938964844,56.70000076293945,7854300
2016-05-04,45.558292388916016,56.38999938964844,56.650001525878906,55.79999923706055,55.97999954223633,6508500
2016-05-05,45.44517517089844,56.25,56.77000045776367,56.0099983215332,56.369998931884766,6215400
2016-05-06,45.49366760253906,56.310001373291016,56.31999969482422,55.380001068115234,55.959999084472656,6378700
2016-05-09,45.7602653503418,56.63999938964844,56.93000030517578,56.22999954223633,56.31999969482422,5976200
2016-05-10,46.4470100402832,57.4900016784668,57.599998474121094,56.709999084472656,56.849998474121094,7931200
2016-05-11,45.42902755737305,56.22999954223633,57.38999938964844,56.09000015258789,57.130001068115234,8118900
2016-05-12,45.48558807373047,56.29999923706055,56.790000915527344,55.81999969482422,56.56999969482422,6870300
2016-05-13,45.097782135009766,55.81999969482422,56.599998474121094,55.72999954223633,56.43000030517578,5466000
2016-05-16,44.86347961425781,55.529998779296875,55.77000045776367,55.20000076293945,55.70000076293945,9536200
2016-05-17,44.338340759277344,54.880001068115234,55.63999938964844,54.5099983215332,55.380001068115234,10530000
2016-05-18,44.27370071411133,54.79999923706055,55.16999816894531,54.380001068115234,54.7599983215332,7455200
2016-05-19,44.071739196777344,54.54999923706055,54.619998931884766,54.189998626708984,54.43000030517578,7582800
2016-05-20,44.1282844543457,54.619998931884766,55.369998931884766,54.58000183105469,54.880001068115234,8430800
2016-05-23,44.11213302612305,54.599998474121094,54.81999969482422,54.290000915527344,54.619998931884766,7352100
2016-05-24,44.79077911376953,55.439998626708984,55.619998931884766,54.68000030517578,54.7400016784668,7748700
2016-05-25,44.556488037109375,55.150001525878906,55.459999084472656,54.95000076293945,55.20000076293945,8115500
2016-05-26,44.669586181640625,55.290000915527344,55.869998931884766,54.95000076293945,55.54999923706055,9451700
2016-05-27,44.556488037109375,55.150001525878906,55.54999923706055,55.099998474121094,55.36000061035156,6631100
2016-05-31,44.34641647338867,54.88999938964844,55.5,54.70000076293945,55.5,12044000
2016-06-01,44.28987503051758,54.81999969482422,55.4900016784668,54.720001220703125,54.7599983215332,8761600
2016-06-02,44.1282844543457,54.619998931884766,55.0,54.459999084472656,54.900001525878906,8307500
2016-06-03,44.12020492553711,54.61000061035156,55.08000183105469,54.400001525878906,54.709999084472656,6649200
2016-06-06,44.91196060180664,55.59000015258789,55.869998931884766,54.689998626708984,54.720001220703125,9900900
2016-06-07,44.67765808105469,55.29999923706055,56.099998474121094,55.279998779296875,55.650001525878906,7173100
2016-06-08,44.613037109375,55.220001220703125,55.5,54.900001525878906,55.5,7623900
2016-06-09,44.90388488769531,55.58000183105469,55.61000061035156,55.060001373291016,55.150001525878906,5927900
2016-06-10,44.33026123046875,54.869998931884766,55.20000076293945,54.5,54.91999816894531,8118700
2016-06-13,44.46761703491211,55.040000915527344,55.599998474121094,54.7599983215332,54.790000915527344,7908400
2016-06-14,44.89580154418945,55.56999969482422,55.58000183105469,55.0099983215332,55.04999923706055,8036500
2016-06-15,44.71807098388672,55.349998474121094,56.09000015258789,55.27000045776367,55.63999938964844,7447300
2016-06-16,44.86347961425781,55.529998779296875,55.59000015258789,54.40999984741211,54.900001525878906,7968000
2016-06-17,44.68573760986328,55.310001373291016,55.619998931884766,55.040000915527344,55.61000061035156,9503000
2016-06-20,44.7422981262207,55.380001068115234,56.279998779296875,55.380001068115234,55.77000045776367,7286700
2016-06-21,45.08970642089844,55.810001373291016,56.029998779296875,55.45000076293945,55.52000045776367,7445100
2016-06-22,44.92811965942383,55.61000061035156,55.97999954223633,55.4900016784668,55.880001068115234,7215400
2016-06-23,45.34823226928711,56.130001068115234,56.20000076293945,55.900001525878906,55.97999954223633,5569400
2016-06-24,44.1767578125,54.68000030517578,55.56999969482422,54.0099983215332,54.04999923706055,14654700
2016-06-27,43.376914978027344,53.689998626708984,54.47999954223633,53.40999984741211,54.20000076293945,11631900
2016-06-28,44.31410217285156,54.849998474121094,54.900001525878906,53.95000076293945,54.099998474121094,8417000
2016-06-29,45.841068267822266,56.7400016784668,56.95000076293945,55.36000061035156,55.41999816894531,11103800
2016-06-30,46.148075103759766,57.119998931884766,57.189998626708984,56.52000045776367,56.810001373291016,10215200
2016-07-01,46.04304504394531,56.9900016784668,57.36000061035156,56.849998474121094,57.040000915527344,8330300
2016-07-05,45.865299224853516,56.77000045776367,56.959999084472656,56.54999923706055,56.810001373291016,7274200
2016-07-06,45.84913635253906,56.75,57.11000061035156,56.31999969482422,56.52000045776367,8474200
2016-07-07,45.978397369384766,56.90999984741211,57.0,56.470001220703125,56.65999984741211,6813300
2016-07-08,45.65523147583008,56.5099983215332,57.0,56.36000061035156,56.91999816894531,12655500
2016-07-11,45.50173568725586,56.31999969482422,56.91999816894531,56.060001373291016,56.79999923706055,10394400
2016-07-12,46.43892288208008,57.47999954223633,57.599998474121094,56.5099983215332,56.650001525878906,10998500
2016-07-13,45.63099670410156,56.47999954223633,57.2599983215332,56.349998474121094,56.79999923706055,12183600
2016-07-14,46.52778625488281,57.59000015258789,57.68000030517578,56.970001220703125,57.0,11353600
2016-07-15,46.38235855102539,57.40999984741211,57.7400016784668,57.130001068115234,57.689998626708984,8494000
2016-07-18,45.986480712890625,56.91999816894531,57.59000015258789,56.849998474121094,57.59000015258789,7614600
2016-07-19,45.85721206665039,56.7599983215332,57.13999938964844,56.54999923706055,56.849998474121094,8719800
2016-07-20,46.487388610839844,57.540000915527344,57.65999984741211,56.709999084472656,57.0,9446400
2016-07-21,46.535858154296875,57.599998474121094,57.66999816894531,57.040000915527344,57.619998931884766,16151700
2016-07-22,46.77824783325195,57.900001525878906,58.2400016784668,57.20000076293945,57.599998474121094,23899300
2016-07-25,46.818634033203125,57.95000076293945,58.09000015258789,57.5,57.720001220703125,10486000
2016-07-26,47.10950469970703,58.310001373291016,58.84000015258789,58.20000076293945,58.58000183105469,10106700
2016-07-27,46.73784637451172,57.849998474121094,58.400001525878906,57.66999816894531,58.380001068115234,6551800
2016-07-28,47.02869415283203,58.209999084472656,58.310001373291016,57.7400016784668,57.880001068115234,6830100
2016-07-29,46.89942932128906,58.04999923706055,58.43000030517578,57.91999816894531,58.18000030517578,6914900
2016-08-01,46.56010055541992,57.630001068115234,58.04999923706055,57.43000030517578,58.0,7997600
2016-08-02,45.992584228515625,56.72999954223633,57.34000015258789,56.540000915527344,57.25,7574600
2016-08-03,45.35212326049805,55.939998626708984,56.59000015258789,55.720001220703125,56.459999084472656,11484800
2016-08-04,44.93054962158203,55.41999816894531,56.290000915527344,55.380001068115234,56.04999923706055,11193700
2016-08-05,45.3196907043457,55.900001525878906,56.119998931884766,55.52000045776367,55.79999923706055,9206200
2016-08-08,44.88190460205078,55.36000061035156,55.9900016784668,55.16999816894531,55.970001220703125,9129300
2016-08-09,44.752174377441406,55.20000076293945,55.709999084472656,55.18000030517578,55.38999938964844,7136700
2016-08-10,45.092681884765625,55.619998931884766,55.709999084472656,55.11000061035156,55.369998931884766,6991100
2016-08-11,44.97107696533203,55.470001220703125,55.959999084472656,55.459999084472656,55.75,6191400
2016-08-12,44.97107696533203,55.470001220703125,55.75,55.22999954223633,55.27000045776367,5039800
2016-08-15,44.7927131652832,55.25,55.70000076293945,55.18000030517578,55.650001525878906,5968700
2016-08-16,44.8900032043457,55.369998931884766,55.56999969482422,54.91999816894531,55.25,5750900
2016-08-17,45.23862075805664,55.79999923706055,55.91999816894531,55.43000030517578,55.77000045776367,7410600
2016-08-18,45.01972198486328,55.529998779296875,55.900001525878906,55.4900016784668,55.779998779296875,5390800
2016-08-19,44.5413932800293,54.939998626708984,55.560001373291016,54.849998474121094,55.459999084472656,8981200
2016-08-22,45.27915573120117,55.849998474121094,55.91999816894531,54.95000076293945,54.97999954223633,8837800
2016-08-23,45.72504806518555,56.400001525878906,56.540000915527344,56.0,56.16999816894531,7827900
2016-08-24,46.284446716308594,57.09000015258789,57.97999954223633,56.95000076293945,57.0,13200500
2016-08-25,46.446598052978516,57.290000915527344,57.45000076293945,56.900001525878906,57.040000915527344,6686600
2016-08-26,46.446598052978516,57.290000915527344,57.83000183105469,57.0,57.47999954223633,6940500
2016-08-29,46.04935073852539,56.79999923706055,57.47999954223633,56.61000061035156,57.220001220703125,7026700
2016-08-30,45.72504806518555,56.400001525878906,56.75,56.0099983215332,56.65999984741211,6377700
2016-08-31,45.58723449707031,56.22999954223633,56.41999816894531,55.90999984741211,56.310001373291016,6996900
2016-09-01,45.652095794677734,56.310001373291016,56.560001373291016,55.83000183105469,56.29999923706055,6230100
2016-09-02,45.54670715332031,56.18000030517578,56.650001525878906,55.9900016784668,56.52000045776367,7441500
2016-09-06,45.4169807434082,56.02000045776367,56.41999816894531,55.689998626708984,56.18000030517578,6472900
2016-09-07,45.66019821166992,56.31999969482422,56.599998474121094,56.119998931884766,56.189998626708984,11428600
2016-09-08,44.833248138427734,55.29999923706055,56.150001525878906,55.20000076293945,56.099998474121094,12673600
2016-09-09,44.06306838989258,54.349998474121094,55.20000076293945,54.29999923706055,55.13999938964844,10658100
2016-09-12,44.354915618896484,54.709999084472656,54.790000915527344,53.91999816894531,53.91999816894531,11002500
2016-09-13,43.76309585571289,53.97999954223633,54.54999923706055,53.75,54.38999938964844,10050200
2016-09-14,43.69823455810547,53.900001525878906,54.349998474121094,53.79999923706055,54.2599983215332,6688400
2016-09-15,43.868492126464844,54.11000061035156,54.130001068115234,53.540000915527344,53.959999084472656,8076800
2016-09-16,43.56852340698242,53.7400016784668,54.09000015258789,53.40999984741211,53.939998626708984,10207800
2016-09-19,42.9766845703125,53.0099983215332,53.970001220703125,52.900001525878906,53.959999084472656,9231600
2016-09-20,43.2118034362793,53.29999923706055,53.439998626708984,53.04999923706055,53.400001525878906,8731500
2016-09-21,43.76309585571289,53.97999954223633,54.029998779296875,53.279998779296875,53.43000030517578,9213600
2016-09-22,44.09548568725586,54.38999938964844,54.599998474121094,53.970001220703125,54.20000076293945,9096700
2016-09-23,44.1279182434082,54.43000030517578,54.560001373291016,54.0,54.0,6945100
2016-09-26,43.811737060546875,54.040000915527344,54.34000015258789,53.86000061035156,54.279998779296875,7755600
2016-09-27,43.933353424072266,54.189998626708984,54.209999084472656,53.81999969482422,54.0,6463700
2016-09-28,43.76309585571289,53.97999954223633,54.08000183105469,53.529998779296875,53.880001068115234,8593500
2016-09-29,43.33340835571289,53.45000076293945,54.0,52.90999984741211,53.880001068115234,11993500
2016-09-30,43.89280700683594,54.13999938964844,54.38999938964844,53.560001373291016,53.650001525878906,13767800
2016-10-03,43.649600982666016,53.84000015258789,54.150001525878906,53.66999816894531,54.099998474121094,5478600
2016-10-04,43.39826202392578,53.529998779296875,54.130001068115234,53.40999984741211,54.130001068115234,6176400
2016-10-05,43.25233459472656,53.349998474121094,53.7599983215332,53.279998779296875,53.5,7451400
2016-10-06,43.08207321166992,53.13999938964844,53.47999954223633,53.029998779296875,53.29999923706055,6130300
2016-10-07,43.341522216796875,53.459999084472656,53.61000061035156,53.0,53.369998931884766,7279700
2016-10-10,43.2118034362793,53.29999923706055,53.599998474121094,53.27000045776367,53.529998779296875,7224300
2016-10-11,42.90373229980469,52.91999816894531,53.400001525878906,52.7400016784668,53.130001068115234,9720400
2016-10-12,43.09830093383789,53.15999984741211,53.470001220703125,52.779998779296875,53.0099983215332,6320500
2016-10-13,42.928043365478516,52.95000076293945,53.130001068115234,52.66999816894531,52.880001068115234,6958100
2016-10-14,43.0334358215332,53.08000183105469,53.369998931884766,52.959999084472656,53.119998931884766,6430100
2016-10-17,42.77399444580078,52.7599983215332,53.150001525878906,52.689998626708984,52.939998626708984,5223500
2016-10-18,42.652400970458984,52.61000061035156,53.31999969482422,52.59000015258789,53.2400016784668,6550400
2016-10-19,43.09019088745117,53.150001525878906,53.7400016784668,52.900001525878906,52.90999984741211,9095300
2016-10-20,43.44690704345703,53.59000015258789,53.7400016784668,52.90999984741211,53.36000061035156,9286800
2016-10-21,43.47933578491211,53.630001068115234,53.70000076293945,53.25,53.41999816894531,6767200
2016-10-24,43.92524337768555,54.18000030517578,54.459999084472656,53.88999938964844,53.900001525878906,6919700
2016-10-25,43.51177215576172,53.66999816894531,54.16999816894531,53.5,54.099998474121094,6052800
2016-10-26,43.47933578491211,53.630001068115234,53.84000015258789,53.36000061035156,53.599998474121094,5817800
2016-10-27,43.44690704345703,53.59000015258789,53.83000183105469,53.130001068115234,53.599998474121094,7900000
2016-10-28,43.39826202392578,53.529998779296875,53.84000015258789,53.11000061035156,53.650001525878906,6620300
2016-10-31,43.02532958984375,53.06999969482422,53.70000076293945,53.060001373291016,53.70000076293945,9142500
2016-11-01,42.56321334838867,52.5,53.209999084472656,52.09000015258789,53.13999938964844,15425800
2016-11-02,42.952369689941406,52.97999954223633,53.459999084472656,52.310001373291016,52.34000015258789,10851700
2016-11-03,41.97138214111328,51.77000045776367,53.0,51.34000015258789,52.9900016784668,21847300
2016-11-04,42.76589584350586,52.75,53.7400016784668,50.84000015258789,51.43000030517578,21956800
2016-11-07,44.17656707763672,54.4900016784668,54.68000030517578,53.189998626708984,53.5,14916800
2016-11-08,44.28196716308594,54.619998931884766,54.790000915527344,54.119998931884766,54.400001525878906,9352000
2016-11-09,44.24952697753906,54.58000183105469,54.81999969482422,52.79999923706055,53.20000076293945,13727800
2016-11-10,43.430694580078125,53.56999969482422,54.81999969482422,53.5099983215332,54.63999938964844,13621700
2016-11-11,43.72256851196289,53.93000030517578,53.9900016784668,53.25,53.43000030517578,8436400
2016-11-14,43.957664489746094,54.220001220703125,54.470001220703125,53.5,53.93000030517578,10489800
2016-11-15,44.462642669677734,54.59000015258789,54.689998626708984,53.900001525878906,54.09000015258789,9588000
2016-11-16,45.154964447021484,55.439998626708984,55.52000045776367,54.2599983215332,54.33000183105469,10779200
2016-11-17,45.4888916015625,55.849998474121094,55.900001525878906,55.060001373291016,55.220001220703125,8744500
2016-11-18,45.42374038696289,55.77000045776367,56.119998931884766,55.41999816894531,55.720001220703125,8741000
2016-11-21,45.69252014160156,56.099998474121094,56.15999984741211,55.5099983215332,55.5099983215332,8004000
2016-11-22,46.52329635620117,57.119998931884766,57.150001525878906,55.880001068115234,56.31999969482422,10268700
2016-11-23,46.906105041503906,57.59000015258789,57.63999938964844,56.900001525878906,56.90999984741211,8183600
2016-11-25,46.775779724121094,57.43000030517578,57.70000076293945,57.2599983215332,57.70000076293945,3228800
2016-11-28,46.906105041503906,57.59000015258789,57.86000061035156,56.7599983215332,57.0,8750900
2016-11-29,47.37849044799805,58.16999816894531,58.209999084472656,57.5,57.63999938964844,10582900
2016-11-30,47.21560287475586,57.970001220703125,58.25,57.86000061035156,58.189998626708984,9528000
2016-12-01,47.65542221069336,58.5099983215332,58.52000045776367,57.20000076293945,57.34000015258789,12381600
2016-12-02,46.596588134765625,57.209999084472656,57.75,56.56999969482422,56.650001525878906,16870000
2016-12-05,46.832786560058594,57.5,57.84000015258789,56.959999084472656,56.959999084472656,7701200
2016-12-06,46.783935546875,57.439998626708984,57.70000076293945,57.13999938964844,57.65999984741211,7035700
2016-12-07,47.85904312133789,58.7599983215332,58.849998474121094,57.45000076293945,57.540000915527344,9094800
2016-12-08,47.76946258544922,58.650001525878906,59.25,58.40999984741211,59.0,7972500
2016-12-09,47.85089111328125,58.75,58.95000076293945,58.43000030517578,58.91999816894531,7091300
2016-12-12,47.8671875,58.77000045776367,58.790000915527344,58.34000015258789,58.540000915527344,7736200
2016-12-13,48.307003021240234,59.310001373291016,59.540000915527344,58.65999984741211,58.9900016784668,8878100
2016-12-14,47.85089111328125,58.75,59.25,58.599998474121094,59.029998779296875,9022900
2016-12-15,47.00384521484375,57.709999084472656,58.209999084472656,57.52000045776367,57.970001220703125,11837800
2016-12-16,46.96311569213867,57.65999984741211,58.06999969482422,57.560001373291016,58.0099983215332,10611500
2016-12-19,46.954959869384766,57.650001525878906,57.97999954223633,57.439998626708984,57.439998626708984,6433800
2016-12-20,46.995697021484375,57.70000076293945,58.060001373291016,57.31999969482422,57.810001373291016,4888300
2016-12-21,46.783935546875,57.439998626708984,57.869998931884766,57.40999984741211,57.5,5380500
2016-12-22,46.51514434814453,57.11000061035156,57.400001525878906,56.720001220703125,57.310001373291016,6777700
2016-12-23,46.43368911743164,57.0099983215332,57.36000061035156,56.88999938964844,57.290000915527344,4298500
2016-12-27,46.311527252197266,56.86000061035156,57.38999938964844,56.810001373291016,56.9900016784668,4186200
2016-12-28,45.89613723754883,56.349998474121094,56.900001525878906,56.25,56.79999923706055,5548700
2016-12-29,45.871700286865234,56.31999969482422,56.470001220703125,56.13999938964844,56.349998474121094,3780900
2016-12-30,45.220115661621094,55.52000045776367,56.45000076293945,55.400001525878906,56.279998779296875,8344500
2017-01-03,45.08165740966797,55.349998474121094,55.95000076293945,55.040000915527344,55.90999984741211,7809300
2017-01-04,45.60292434692383,55.9900016784668,56.20000076293945,55.380001068115234,55.560001373291016,7796300
2017-01-05,45.98573684692383,56.459999084472656,56.529998779296875,55.810001373291016,56.08000183105469,7602300
2017-01-06,46.531436920166016,57.130001068115234,57.27000045776367,56.08000183105469,56.630001068115234,8587800
2017-01-09,47.40292739868164,58.20000076293945,58.34000015258789,57.25,57.2599983215332,12640500
2017-01-10,47.142303466796875,57.880001068115234,58.2599983215332,57.83000183105469,58.220001220703125,6671800
2017-01-11,47.32148742675781,58.099998474121094,58.119998931884766,57.59000015258789,57.79999923706055,6028000
2017-01-12,47.264469146728516,58.029998779296875,58.130001068115234,57.63999938964844,58.0,4733000
2017-01-13,47.11786651611328,57.849998474121094,58.099998474121094,57.650001525878906,58.029998779296875,4745600
2017-01-17,47.24003601074219,58.0,58.25,57.40999984741211,57.619998931884766,5734700
2017-01-18,47.606544494628906,58.45000076293945,58.58000183105469,58.029998779296875,58.31999969482422,7375700
2017-01-19,47.15044021606445,57.88999938964844,58.45000076293945,57.720001220703125,58.310001373291016,7850500
2017-01-20,46.96311569213867,57.65999984741211,58.20000076293945,57.40999984741211,58.13999938964844,7651600
2017-01-23,47.044559478759766,57.7599983215332,57.900001525878906,57.150001525878906,57.41999816894531,6814400
2017-01-24,47.59840774536133,58.439998626708984,58.5,57.7599983215332,57.93000030517578,10704100
2017-01-25,47.810184478759766,58.70000076293945,58.93000030517578,58.45000076293945,58.66999816894531,7117600
2017-01-26,47.61470413208008,58.459999084472656,59.0,58.2599983215332,58.70000076293945,12382400
2017-01-27,45.708797454833984,56.119998931884766,56.59000015258789,55.650001525878906,55.75,28884900
2017-01-30,45.52961730957031,55.900001525878906,56.2400016784668,55.58000183105469,56.0,13322000
2017-01-31,44.97577667236328,55.220001220703125,55.869998931884766,54.880001068115234,55.79999923706055,14308000
2017-02-01,43.90065383911133,53.900001525878906,55.5,53.810001373291016,55.4900016784668,18796900
2017-02-02,43.876224517822266,53.869998931884766,54.38999938964844,53.849998474121094,54.040000915527344,15289700
2017-02-03,44.845462799072266,55.060001373291016,55.099998474121094,54.0099983215332,54.209999084472656,14161700
2017-02-06,45.39115905761719,55.72999954223633,55.75,54.900001525878906,55.0099983215332,13029800
2017-02-07,45.194801330566406,55.2400016784668,55.84000015258789,55.18000030517578,55.790000915527344,9910500
2017-02-08,45.178443908691406,55.220001220703125,55.5,55.099998474121094,55.189998626708984,11681900
2017-02-09,45.661155700683594,55.810001373291016,56.119998931884766,55.209999084472656,55.22999954223633,11106800
2017-02-10,45.99660110473633,56.220001220703125,56.400001525878906,55.560001373291016,55.72999954223633,11179000
2017-02-13,45.906585693359375,56.11000061035156,56.65999984741211,56.029998779296875,56.5,8027900
2017-02-14,46.2911262512207,56.58000183105469,56.61000061035156,56.02000045776367,56.02000045776367,8865900
2017-02-15,46.52021026611328,56.86000061035156,56.880001068115234,56.310001373291016,56.560001373291016,6967200
2017-02-16,46.413848876953125,56.72999954223633,56.9900016784668,56.529998779296875,56.959999084472656,8524500
2017-02-17,46.92109680175781,57.349998474121094,57.56999969482422,56.709999084472656,56.79999923706055,11008400
2017-02-21,47.07655334472656,57.540000915527344,57.810001373291016,57.400001525878906,57.40999984741211,8289200
2017-02-22,47.10110092163086,57.56999969482422,57.849998474121094,57.349998474121094,57.52000045776367,7876600
2017-02-23,47.15837478637695,57.63999938964844,57.790000915527344,57.38999938964844,57.599998474121094,7178600
2017-02-24,47.02747344970703,57.47999954223633,57.709999084472656,57.150001525878906,57.61000061035156,7806200
2017-02-27,46.454750061035156,56.779998779296875,57.29999923706055,56.65999984741211,57.2400016784668,7702400
2017-02-28,46.52838897705078,56.869998931884766,57.060001373291016,56.54999923706055,56.709999084472656,8750700
2017-03-01,46.749290466308594,57.13999938964844,57.400001525878906,56.939998626708984,57.27000045776367,7198000
2017-03-02,46.73293685913086,57.119998931884766,57.189998626708984,56.849998474121094,57.06999969482422,6595400
2017-03-03,46.71657180786133,57.099998474121094,57.2599983215332,56.70000076293945,56.70000076293945,7735900
2017-03-06,46.37294006347656,56.68000030517578,56.810001373291016,56.33000183105469,56.779998779296875,9160000
2017-03-07,45.980228424072266,56.20000076293945,56.75,56.02000045776367,56.58000183105469,10890300
2017-03-08,45.60386657714844,55.7400016784668,56.349998474121094,55.540000915527344,56.150001525878906,13061600
2017-03-09,45.15388870239258,55.189998626708984,55.79999923706055,54.810001373291016,55.75,17844200
2017-03-10,44.61391067504883,54.529998779296875,55.400001525878906,54.41999816894531,55.38999938964844,13886400
2017-03-13,44.69572448730469,54.630001068115234,54.880001068115234,54.400001525878906,54.56999969482422,9090200
2017-03-14,44.401187896728516,54.27000045776367,54.7400016784668,54.189998626708984,54.619998931884766,7892900
2017-03-15,44.62209701538086,54.540000915527344,54.650001525878906,54.09000015258789,54.38999938964844,8712000
2017-03-16,44.83481216430664,54.79999923706055,54.9900016784668,54.65999984741211,54.849998474121094,8074300
2017-03-17,45.63661575317383,55.779998779296875,56.130001068115234,54.95000076293945,55.040000915527344,15822100
2017-03-20,45.661155700683594,55.810001373291016,56.04999923706055,55.5099983215332,55.869998931884766,7948400
2017-03-21,45.44023895263672,55.540000915527344,56.45000076293945,55.4900016784668,56.04999923706055,8030600
2017-03-22,45.72660827636719,55.88999938964844,56.040000915527344,55.5099983215332,55.68000030517578,8452100
2017-03-23,45.693870544433594,55.849998474121094,56.43000030517578,55.779998779296875,56.150001525878906,7357200
2017-03-24,46.479305267333984,56.810001373291016,57.380001068115234,55.900001525878906,56.11000061035156,15763000
2017-03-27,46.82292556762695,57.22999954223633,57.45000076293945,56.459999084472656,56.65999984741211,8861800
2017-03-28,46.92109680175781,57.349998474121094,57.52000045776367,57.029998779296875,57.099998474121094,8331600
2017-03-29,47.07655334472656,57.540000915527344,57.849998474121094,57.130001068115234,57.16999816894531,7001600
2017-03-30,47.583797454833984,58.15999984741211,58.29999923706055,57.41999816894531,57.45000076293945,8677900
2017-03-31,47.77198028564453,58.38999938964844,58.65999984741211,58.060001373291016,58.11000061035156,9156700
2017-04-03,47.812889099121094,58.439998626708984,58.470001220703125,57.88999938964844,58.279998779296875,8989000
2017-04-04,47.7147102355957,58.31999969482422,58.40999984741211,58.0099983215332,58.369998931884766,6474800
2017-04-05,47.632896423339844,58.220001220703125,59.27000045776367,57.810001373291016,57.959999084472656,13656200
2017-04-06,47.387454986572266,57.91999816894531,58.36000061035156,57.72999954223633,58.130001068115234,9112500
2017-04-07,47.469268798828125,58.02000045776367,58.25,57.54999923706055,57.79999923706055,6773800
2017-04-10,47.4119987487793,57.95000076293945,58.209999084472656,57.72999954223633,58.0,5266300
2017-04-11,47.3547248840332,57.880001068115234,58.15999984741211,57.380001068115234,57.7400016784668,5855100
2017-04-12,47.10927963256836,57.58000183105469,57.900001525878906,57.47999954223633,57.880001068115234,5450300
2017-04-13,47.05200958251953,57.5099983215332,57.790000915527344,57.45000076293945,57.61000061035156,4871700
2017-04-17,47.51835632324219,58.08000183105469,58.25,57.68000030517578,57.68000030517578,5626000
2017-04-18,47.73925018310547,58.349998474121094,58.47999954223633,57.59000015258789,57.59000015258789,5449300
2017-04-19,48.30378723144531,59.040000915527344,59.4900016784668,58.5,58.599998474121094,12000600
2017-04-20,49.1546630859375,60.08000183105469,60.34000015258789,59.560001373291016,59.709999084472656,12445900
2017-04-21,49.588287353515625,60.61000061035156,60.689998626708984,60.150001525878906,60.20000076293945,8800000
2017-04-24,49.99736404418945,61.11000061035156,61.380001068115234,60.88999938964844,61.0,10721300
2017-04-25,49.874637603759766,60.959999084472656,61.209999084472656,59.91999816894531,60.650001525878906,11031500
2017-04-26,50.36552810668945,61.560001373291016,61.75,60.97999954223633,61.22999954223633,8525400
2017-04-27,50.1528205871582,61.29999923706055,61.939998626708984,61.189998626708984,61.630001068115234,15285300
2017-04-28,49.13831329345703,60.060001373291016,60.18000030517578,58.9900016784668,59.40999984741211,25046100
2017-05-01,49.23648452758789,60.18000030517578,60.599998474121094,59.7599983215332,60.0,10910300
2017-05-02,49.498287200927734,60.5,60.52000045776367,60.040000915527344,60.150001525878906,9152100
2017-05-03,49.57191848754883,60.59000015258789,60.66999816894531,60.2599983215332,60.52000045776367,7706400
2017-05-04,49.76828384399414,60.83000183105469,60.849998474121094,60.38999938964844,60.650001525878906,6874300
2017-05-05,49.866458892822266,60.95000076293945,60.9900016784668,60.58000183105469,60.95000076293945,6443300
2017-05-08,49.858280181884766,60.939998626708984,61.06999969482422,60.70000076293945,61.06999969482422,5588400
2017-05-09,50.09651184082031,60.97999954223633,61.08000183105469,60.56999969482422,60.58000183105469,5806600
2017-05-10,49.83363342285156,60.65999984741211,60.97999954223633,60.209999084472656,60.880001068115234,7198400
2017-05-11,49.51323699951172,60.27000045776367,60.5099983215332,60.029998779296875,60.45000076293945,5516900
2017-05-12,49.233924865722656,59.93000030517578,60.34000015258789,59.83000183105469,60.279998779296875,5647500
2017-05-15,49.661109924316406,60.45000076293945,60.4900016784668,60.130001068115234,60.41999816894531,5904100
2017-05-16,49.27499771118164,59.97999954223633,60.70000076293945,59.880001068115234,60.68000030517578,6303500
2017-05-17,49.069602966308594,59.72999954223633,60.31999969482422,59.54999923706055,59.970001220703125,7581200
2017-05-18,49.1435546875,59.81999969482422,59.939998626708984,58.869998931884766,59.72999954223633,8602400
2017-05-19,50.40869903564453,61.36000061035156,61.91999816894531,59.939998626708984,59.939998626708984,12531000
2017-05-22,50.30190658569336,61.22999954223633,61.720001220703125,61.029998779296875,61.029998779296875,6391600
2017-05-23,50.236175537109375,61.150001525878906,61.5,60.86000061035156,61.400001525878906,5622500
2017-05-24,50.8441047668457,61.88999938964844,62.0,60.939998626708984,61.400001525878906,7249300
2017-05-25,51.673851013183594,62.900001525878906,63.11000061035156,61.900001525878906,62.0099983215332,8931800
2017-05-26,52.00244903564453,63.29999923706055,63.41999816894531,62.970001220703125,63.0099983215332,6098000
2017-05-30,51.9695930480957,63.2599983215332,63.40999984741211,63.0099983215332,63.06999969482422,7094600
2017-05-31,52.257137298583984,63.61000061035156,63.61000061035156,63.08000183105469,63.27000045776367,7314600
2017-06-01,52.37213897705078,63.75,63.81999969482422,63.349998474121094,63.5099983215332,6058300
2017-06-02,53.04579162597656,64.56999969482422,64.68000030517578,63.70000076293945,63.880001068115234,7840400
2017-06-05,52.79933166503906,64.2699966430664,64.87000274658203,64.18000030517578,64.8499984741211,6808900
2017-06-06,52.70896530151367,64.16000366210938,64.3499984741211,64.05000305175781,64.22000122070312,5448400
2017-06-07,52.16676712036133,63.5,64.30000305175781,63.34000015258789,64.12999725341797,8365000
2017-06-08,51.13163375854492,62.2400016784668,63.58000183105469,62.02000045776367,63.439998626708984,11289300
2017-06-09,51.09055709838867,62.189998626708984,62.47999954223633,61.869998931884766,62.369998931884766,11240500
2017-06-12,50.35118865966797,61.290000915527344,61.9900016784668,60.630001068115234,61.79999923706055,11071600
2017-06-13,50.04722595214844,60.91999816894531,61.2599983215332,60.59000015258789,61.119998931884766,9384900
2017-06-14,49.51323699951172,60.27000045776367,60.81999969482422,59.86000061035156,60.66999816894531,9703300
2017-06-15,49.365360260009766,60.09000015258789,60.279998779296875,59.5099983215332,59.91999816894531,7516000
2017-06-16,49.40644073486328,60.13999938964844,60.15999984741211,59.470001220703125,59.88999938964844,11522400
2017-06-19,50.030792236328125,60.900001525878906,61.0,60.11000061035156,60.349998474121094,6778000
2017-06-20,49.17641830444336,59.86000061035156,61.0,59.70000076293945,60.97999954223633,6985700
2017-06-21,49.25856018066406,59.959999084472656,60.310001373291016,59.709999084472656,60.0,6027600
2017-06-22,48.88888168334961,59.5099983215332,60.099998474121094,59.400001525878906,60.09000015258789,5602000
2017-06-23,49.135337829589844,59.810001373291016,60.16999816894531,59.58000183105469,59.7599983215332,6469500
2017-06-26,48.995670318603516,59.63999938964844,60.150001525878906,59.33000183105469,60.02000045776367,5674600
2017-06-27,48.43705749511719,58.959999084472656,59.689998626708984,58.810001373291016,59.540000915527344,5652400
2017-06-28,48.617774963378906,59.18000030517578,59.25,58.79999923706055,59.060001373291016,5419200
2017-06-29,47.94412612915039,58.36000061035156,59.18000030517578,57.959999084472656,59.16999816894531,7421200
2017-06-30,47.90305709838867,58.310001373291016,58.95000076293945,58.290000915527344,58.68000030517578,8117100
2017-07-03,47.853763580322266,58.25,58.9900016784668,58.25,58.900001525878906,4575300
2017-07-05,47.599082946777344,57.939998626708984,58.5,57.79999923706055,58.43000030517578,7773600
2017-07-06,47.31977462768555,57.599998474121094,57.91999816894531,57.400001525878906,57.79999923706055,8886600
2017-07-07,47.681243896484375,58.040000915527344,58.36000061035156,57.540000915527344,57.790000915527344,7278300
2017-07-10,47.492286682128906,57.810001373291016,58.349998474121094,57.75,58.18000030517578,4832100
2017-07-11,47.566226959228516,57.900001525878906,58.08000183105469,57.529998779296875,57.90999984741211,5422300
2017-07-12,48.09200668334961,58.540000915527344,58.709999084472656,58.02000045776367,58.209999084472656,7141900
2017-07-13,47.9605598449707,58.380001068115234,58.869998931884766,58.119998931884766,58.79999923706055,8460200
2017-07-14,48.27273178100586,58.7599983215332,58.91999816894531,58.279998779296875,58.400001525878906,5441400
2017-07-17,47.919490814208984,58.33000183105469,58.869998931884766,58.279998779296875,58.72999954223633,6774500
2017-07-18,47.820892333984375,58.209999084472656,58.58000183105469,57.689998626708984,58.119998931884766,7857500
2017-07-19,47.73874282836914,58.11000061035156,58.40999984741211,57.900001525878906,58.150001525878906,8203600
2017-07-20,47.673004150390625,58.029998779296875,58.84000015258789,58.0,58.40999984741211,10546700
2017-07-21,47.6319465637207,57.97999954223633,58.2599983215332,57.83000183105469,57.91999816894531,6717200
2017-07-24,47.66481018066406,58.02000045776367,58.25,57.93000030517578,58.0,7442600
2017-07-25,48.100215911865234,58.54999923706055,58.84000015258789,57.97999954223633,58.220001220703125,7933100
2017-07-26,47.599082946777344,57.939998626708984,58.84000015258789,57.779998779296875,58.79999923706055,8775900
2017-07-27,48.88066864013672,59.5,59.65999984741211,57.93000030517578,58.25,23286700
2017-07-28,44.362281799316406,54.0,55.959999084472656,53.40999984741211,55.22999954223633,53454800
2017-07-31,44.34584426879883,53.97999954223633,54.68000030517578,53.95000076293945,54.47999954223633,20299400
2017-08-01,44.961997985839844,54.72999954223633,54.790000915527344,53.970001220703125,54.56999969482422,18120900
2017-08-02,45.53706359863281,55.43000030517578,55.45000076293945,54.66999816894531,54.75,14764900
2017-08-03,45.74243927001953,55.68000030517578,56.119998931884766,55.5,55.63999938964844,13331500
2017-08-04,45.545265197753906,55.439998626708984,56.04999923706055,55.09000015258789,55.970001220703125,9179800
2017-08-07,45.70136642456055,55.630001068115234,55.93000030517578,55.41999816894531,55.599998474121094,7253900
2017-08-08,44.99167251586914,54.52000045776367,55.58000183105469,54.36000061035156,55.54999923706055,11095300
2017-08-09,44.34798812866211,53.7400016784668,54.43000030517578,53.29999923706055,54.43000030517578,16717700
2017-08-10,43.79508590698242,53.06999969482422,53.75,52.9900016784668,53.52000045776367,13235300
2017-08-11,43.88584899902344,53.18000030517578,53.400001525878906,53.04999923706055,53.04999923706055,9235000
2017-08-14,43.91886901855469,53.220001220703125,53.599998474121094,53.18000030517578,53.599998474121094,7426500
2017-08-15,43.86109924316406,53.150001525878906,53.41999816894531,52.88999938964844,53.40999984741211,6674600
2017-08-16,44.14992141723633,53.5,53.91999816894531,53.25,53.2599983215332,7667100
2017-08-17,43.770328521728516,53.040000915527344,53.779998779296875,52.9900016784668,53.31999969482422,7451700
2017-08-18,43.4897346496582,52.70000076293945,53.09000015258789,52.58000183105469,52.91999816894531,10370500
2017-08-21,43.86109924316406,53.150001525878906,53.52000045776367,52.79999923706055,53.13999938964844,12753200
2017-08-22,44.93389892578125,54.45000076293945,54.7400016784668,53.38999938964844,53.4900016784668,14547600
2017-08-23,44.628570556640625,54.08000183105469,54.099998474121094,53.650001525878906,53.959999084472656,11838500
2017-08-24,44.513031005859375,53.939998626708984,54.45000076293945,53.77000045776367,54.2599983215332,8716700
2017-08-25,44.85962677001953,54.36000061035156,54.689998626708984,54.189998626708984,54.619998931884766,8601100
2017-08-28,44.892642974853516,54.400001525878906,54.58000183105469,54.02000045776367,54.540000915527344,6643700
2017-08-29,44.64507293701172,54.099998474121094,54.290000915527344,54.0,54.040000915527344,6212400
2017-08-30,44.99167251586914,54.52000045776367,54.619998931884766,54.040000915527344,54.040000915527344,5596600
2017-08-31,45.27225112915039,54.86000061035156,54.9900016784668,54.56999969482422,54.68000030517578,8245300
2017-09-01,45.33000946044922,54.93000030517578,55.15999984741211,54.880001068115234,54.900001525878906,7696300
2017-09-05,45.49506759643555,55.130001068115234,55.20000076293945,54.599998474121094,54.95000076293945,9160500
2017-09-06,44.8183708190918,54.310001373291016,55.279998779296875,54.130001068115234,55.119998931884766,11372300
2017-09-07,44.12518310546875,53.470001220703125,54.68000030517578,53.25,54.41999816894531,13801900
2017-09-08,44.14167785644531,53.4900016784668,53.779998779296875,53.04999923706055,53.38999938964844,11774500
2017-09-11,44.57904815673828,54.02000045776367,54.130001068115234,53.61000061035156,53.790000915527344,9314100
2017-09-12,44.18294143676758,53.540000915527344,54.04999923706055,53.33000183105469,53.97999954223633,10339400
2017-09-13,44.80187225341797,54.290000915527344,54.720001220703125,53.4900016784668,53.54999923706055,12787900
2017-09-14,44.99991226196289,54.529998779296875,54.709999084472656,54.099998474121094,54.380001068115234,8260800
2017-09-15,45.115447998046875,54.66999816894531,54.790000915527344,54.15999984741211,54.439998626708984,10744800
2017-09-18,45.131954193115234,54.689998626708984,54.970001220703125,54.56999969482422,54.79999923706055,6348400
2017-09-19,45.074188232421875,54.619998931884766,54.880001068115234,54.560001373291016,54.84000015258789,5187100
2017-09-20,45.511566162109375,55.150001525878906,55.18000030517578,54.58000183105469,54.58000183105469,7080000
2017-09-21,45.396026611328125,55.0099983215332,55.16999816894531,54.86000061035156,55.04999923706055,7178500
2017-09-22,45.4620475769043,55.09000015258789,55.20000076293945,54.86000061035156,55.04999923706055,6950000
2017-09-25,45.34651565551758,54.95000076293945,55.220001220703125,54.70000076293945,54.97999954223633,10242700
2017-09-26,45.49506759643555,55.130001068115234,55.220001220703125,54.79999923706055,55.060001373291016,8021900
2017-09-27,45.37953186035156,54.9900016784668,55.599998474121094,54.959999084472656,55.25,8671300
2017-09-28,44.975162506103516,54.5,55.08000183105469,54.45000076293945,54.810001373291016,7607500
2017-09-29,44.323238372802734,53.709999084472656,54.470001220703125,53.36000061035156,54.310001373291016,11944400
2017-10-02,44.40576171875,53.810001373291016,54.040000915527344,53.75,53.86000061035156,5956000
2017-10-03,44.55429458618164,53.9900016784668,54.34000015258789,53.900001525878906,54.0,6137100
2017-10-04,44.50476837158203,53.93000030517578,54.20000076293945,53.689998626708984,54.119998931884766,5569100
2017-10-05,45.05769348144531,54.599998474121094,54.970001220703125,53.91999816894531,54.060001373291016,7994300
2017-10-06,45.5280647277832,55.16999816894531,55.45000076293945,54.25,54.5099983215332,10576300
2017-10-09,45.40428924560547,55.02000045776367,55.4900016784668,54.959999084472656,55.369998931884766,5822900
2017-10-10,45.734378814697266,55.41999816894531,55.849998474121094,55.08000183105469,55.099998474121094,6573900
2017-10-11,45.91592788696289,55.63999938964844,55.79999923706055,55.2599983215332,55.459999084472656,8881900
2017-10-12,46.188255310058594,55.970001220703125,56.27000045776367,55.310001373291016,55.66999816894531,7234300
2017-10-13,45.981956481933594,55.720001220703125,56.43000030517578,55.61000061035156,56.0,6231100
2017-10-16,45.31351089477539,54.90999984741211,55.79999923706055,54.88999938964844,55.66999816894531,7256900
2017-10-17,44.98341369628906,54.5099983215332,55.22999954223633,54.290000915527344,54.86000061035156,11227300
2017-10-18,45.56108093261719,55.209999084472656,55.43000030517578,54.220001220703125,54.459999084472656,8299500
2017-10-19,45.71788024902344,55.400001525878906,55.540000915527344,54.900001525878906,55.08000183105469,5720200
2017-10-20,45.03292465209961,54.56999969482422,55.400001525878906,54.18000030517578,55.310001373291016,11741100
2017-10-23,44.785362243652344,54.27000045776367,54.939998626708984,54.18000030517578,54.77000045776367,10111100
2017-10-24,44.793617248535156,54.279998779296875,54.560001373291016,54.02000045776367,54.369998931884766,7818500
2017-10-25,44.694583892822266,54.15999984741211,54.38999938964844,53.65999984741211,54.2400016784668,8281200
2017-10-26,45.31351089477539,54.90999984741211,55.75,54.5,54.5,12211400
2017-10-27,45.28875732421875,54.880001068115234,55.119998931884766,54.68000030517578,54.83000183105469,9922600
2017-10-30,45.5280647277832,55.16999816894531,55.22999954223633,54.400001525878906,54.790000915527344,6430900
2017-10-31,45.2557487487793,54.84000015258789,55.310001373291016,54.70000076293945,55.15999984741211,8857800
2017-11-01,45.49506759643555,55.130001068115234,55.59000015258789,54.939998626708984,55.099998474121094,7189800
2017-11-02,45.2805061340332,54.869998931884766,55.38999938964844,54.77000045776367,55.150001525878906,16879000
2017-11-03,46.237762451171875,56.029998779296875,56.939998626708984,54.04999923706055,54.15999984741211,28773800
2017-11-06,46.68340301513672,56.56999969482422,56.689998626708984,55.630001068115234,55.9900016784668,10835700
2017-11-07,47.21977996826172,57.220001220703125,57.290000915527344,56.33000183105469,56.33000183105469,11167400
2017-11-08,47.78921127319336,57.90999984741211,58.0099983215332,57.0,57.029998779296875,13533700
2017-11-09,47.3353271484375,57.36000061035156,57.65999984741211,56.790000915527344,57.20000076293945,14778900
2017-11-10,47.071250915527344,57.040000915527344,57.38999938964844,56.540000915527344,57.36000061035156,7930300
2017-11-13,46.74116897583008,56.63999938964844,57.13999938964844,56.54999923706055,56.810001373291016,7648200
2017-11-14,46.98047637939453,56.93000030517578,57.0,56.40999984741211,56.470001220703125,7758200
2017-11-15,47.038551330566406,56.70000076293945,57.060001373291016,56.5099983215332,56.81999969482422,8880500
2017-11-16,47.486534118652344,57.2400016784668,57.41999816894531,56.75,56.91999816894531,8310200
2017-11-17,47.2293586730957,56.93000030517578,57.43000030517578,56.84000015258789,57.2400016784668,6310800
2017-11-20,47.12981033325195,56.810001373291016,57.04999923706055,56.58000183105469,56.66999816894531,6360100
2017-11-21,47.50312042236328,57.2599983215332,57.560001373291016,56.880001068115234,56.959999084472656,6284300
2017-11-22,47.4035758972168,57.13999938964844,57.18000030517578,56.79999923706055,57.06999969482422,7308500
2017-11-24,47.12151336669922,56.79999923706055,57.189998626708984,56.709999084472656,57.189998626708984,3479000
2017-11-27,46.383155822753906,55.90999984741211,56.91999816894531,55.75,56.83000183105469,10580300
2017-11-28,47.00535583496094,56.65999984741211,56.720001220703125,55.90999984741211,56.029998779296875,9734400
2017-11-29,47.71052169799805,57.5099983215332,57.68000030517578,56.70000076293945,56.709999084472656,10017900
2017-11-30,47.96771240234375,57.81999969482422,58.13999938964844,57.470001220703125,57.63999938964844,11509200
2017-12-01,47.55290603637695,57.31999969482422,57.709999084472656,56.459999084472656,57.5,12756400
2017-12-04,48.747528076171875,58.7599983215332,59.189998626708984,57.5,57.540000915527344,13302100
2017-12-05,49.228702545166016,59.34000015258789,59.68000030517578,58.90999984741211,59.25,11295600
2017-12-06,49.17892074584961,59.279998779296875,59.83000183105469,59.22999954223633,59.380001068115234,8458200
2017-12-07,49.06278610229492,59.13999938964844,59.279998779296875,58.7599983215332,59.119998931884766,6033800
2017-12-08,48.62309646606445,58.61000061035156,58.849998474121094,58.099998474121094,58.52000045776367,9950500
2017-12-11,49.00471496582031,59.06999969482422,59.349998474121094,58.290000915527344,58.38999938964844,10286600
2017-12-12,49.170623779296875,59.27000045776367,59.36000061035156,58.869998931884766,58.9900016784668,6042900
2017-12-13,49.35314178466797,59.4900016784668,59.88999938964844,59.29999923706055,59.439998626708984,7726300
2017-12-14,49.52735900878906,59.70000076293945,60.04999923706055,59.439998626708984,59.72999954223633,8945900
2017-12-15,48.357627868652344,58.290000915527344,59.369998931884766,58.15999984741211,59.25,22595000
2017-12-18,48.14191436767578,58.029998779296875,58.790000915527344,57.88999938964844,58.439998626708984,8751600
2017-12-19,48.125328063964844,58.0099983215332,58.58000183105469,57.93000030517578,58.130001068115234,7945700
2017-12-20,47.89304733276367,57.72999954223633,58.290000915527344,57.689998626708984,58.220001220703125,7188700
2017-12-21,47.76860809326172,57.58000183105469,58.150001525878906,57.4900016784668,57.939998626708984,5974500
2017-12-22,47.53630828857422,57.29999923706055,57.90999984741211,57.119998931884766,57.56999969482422,7148700
2017-12-26,47.4035758972168,57.13999938964844,57.58000183105469,57.04999923706055,57.27000045776367,5546200
2017-12-27,47.51142120361328,57.27000045776367,57.650001525878906,57.18000030517578,57.189998626708984,4812200
2017-12-28,47.95940017700195,57.810001373291016,58.0,57.29999923706055,57.470001220703125,5044500
2017-12-29,47.6441535949707,57.43000030517578,57.970001220703125,57.41999816894531,57.7400016784668,5365600
2018-01-02,47.81008529663086,57.630001068115234,58.209999084472656,57.47999954223633,57.95000076293945,7216000
2018-01-03,48.706050872802734,58.709999084472656,58.959999084472656,57.79999923706055,57.93000030517578,7478400
2018-01-04,48.88856887817383,58.93000030517578,59.40999984741211,58.72999954223633,58.9900016784668,5775900
2018-01-05,49.452701568603516,59.61000061035156,59.689998626708984,59.06999969482422,59.25,6047700
2018-01-08,49.20382308959961,59.310001373291016,59.66999816894531,58.560001373291016,59.47999954223633,6335800
2018-01-09,49.09596633911133,59.18000030517578,59.470001220703125,58.86000061035156,59.20000076293945,5233400
2018-01-10,49.62691879272461,59.81999969482422,60.130001068115234,58.86000061035156,60.0,8656500
2018-01-11,49.77625274658203,60.0,60.02000045776367,59.45000076293945,59.52000045776367,5806300
2018-01-12,50.108089447021484,60.400001525878906,60.5099983215332,59.650001525878906,60.400001525878906,6989100
2018-01-16,50.24081802368164,60.560001373291016,61.099998474121094,60.29999923706055,60.33000183105469,8040700
2018-01-17,50.32378387451172,60.65999984741211,61.33000183105469,60.52000045776367,61.0,8433800
2018-01-18,50.680511474609375,61.09000015258789,61.439998626708984,60.7400016784668,61.43000030517578,9170900
2018-01-19,50.82154083251953,61.2599983215332,61.459999084472656,60.95000076293945,61.209999084472656,8361900
2018-01-22,50.94598388671875,61.40999984741211,61.470001220703125,60.77000045776367,61.040000915527344,11945800
2018-01-23,51.17826843261719,61.689998626708984,61.90999984741211,61.13999938964844,61.31999969482422,10806800
2018-01-24,50.464820861816406,60.83000183105469,61.939998626708984,60.22999954223633,61.5099983215332,11911900
2018-01-25,50.23252487182617,60.54999923706055,61.20000076293945,60.400001525878906,61.029998779296875,16225600
2018-01-26,48.10873794555664,57.9900016784668,58.16999816894531,56.54999923706055,57.939998626708984,51851700
2018-01-29,47.30403137207031,57.02000045776367,58.349998474121094,56.90999984741211,57.54999923706055,18899900
2018-01-30,47.445045471191406,57.189998626708984,57.540000915527344,56.7400016784668,56.959999084472656,14341200
2018-01-31,47.12981033325195,56.810001373291016,57.45000076293945,56.70000076293945,57.22999954223633,13118400
2018-02-01,46.457828521728516,56.0,56.41999816894531,55.88999938964844,56.279998779296875,14690100
2018-02-02,46.26701354980469,55.77000045776367,56.31999969482422,55.70000076293945,55.900001525878906,15358900
2018-02-05,45.37104034423828,54.689998626708984,56.2599983215332,54.56999969482422,55.529998779296875,16060000
2018-02-06,46.13427734375,55.61000061035156,56.060001373291016,53.560001373291016,53.689998626708984,17415100
2018-02-07,45.42528533935547,54.459999084472656,55.43000030517578,54.439998626708984,55.08000183105469,13927000
2018-02-08,44.84975814819336,53.77000045776367,54.790000915527344,53.75,54.5,17736700
2018-02-09,45.5253791809082,54.58000183105469,55.060001373291016,53.650001525878906,54.20000076293945,19382000
2018-02-12,46.19267654418945,55.380001068115234,55.72999954223633,54.54999923706055,54.86000061035156,10969000
2018-02-13,46.4345588684082,55.66999816894531,55.720001220703125,55.02000045776367,55.25,10416400
2018-02-14,46.70146942138672,55.9900016784668,56.70000076293945,55.290000915527344,55.470001220703125,14190300
2018-02-15,47.19359588623047,56.58000183105469,56.83000183105469,55.900001525878906,56.36000061035156,10294900
2018-02-16,47.11017990112305,56.47999954223633,57.04999923706055,56.34000015258789,56.650001525878906,10151300
2018-02-20,46.68478775024414,55.970001220703125,56.540000915527344,55.83000183105469,56.290000915527344,9450900
2018-02-21,46.793216705322266,56.099998474121094,56.7400016784668,55.86000061035156,55.93000030517578,7851000
2018-02-22,46.20933532714844,55.400001525878906,56.13999938964844,55.2599983215332,55.95000076293945,10172400
2018-02-23,46.82659912109375,56.13999938964844,56.150001525878906,54.79999923706055,55.650001525878906,11394400
2018-02-26,47.68571472167969,57.16999816894531,57.349998474121094,56.31999969482422,56.41999816894531,8713800
2018-02-27,47.18525314331055,56.56999969482422,57.63999938964844,56.560001373291016,57.290000915527344,8821400
2018-02-28,47.6273193359375,57.099998474121094,57.91999816894531,56.83000183105469,56.84000015258789,11541100
2018-03-01,46.85160827636719,56.16999816894531,57.560001373291016,55.83000183105469,57.0,11127600
2018-03-02,47.48552322387695,56.93000030517578,57.20000076293945,55.68000030517578,55.720001220703125,11555100
2018-03-05,47.53557586669922,56.9900016784668,57.41999816894531,56.68000030517578,56.83000183105469,7835400
2018-03-06,47.56893539428711,57.029998779296875,57.25,56.540000915527344,57.25,8046800
2018-03-07,47.56893539428711,57.029998779296875,57.16999816894531,56.619998931884766,56.619998931884766,7044100
2018-03-08,47.935951232910156,57.470001220703125,57.79999923706055,57.130001068115234,57.290000915527344,7434700
2018-03-09,48.76170349121094,58.459999084472656,58.630001068115234,57.66999816894531,57.66999816894531,9539600
2018-03-12,49.5457649230957,59.400001525878906,59.68000030517578,58.47999954223633,58.66999816894531,10550300
2018-03-13,49.25383377075195,59.04999923706055,60.70000076293945,58.88999938964844,59.70000076293945,10411400
2018-03-14,49.07033157348633,58.83000183105469,59.720001220703125,58.709999084472656,59.279998779296875,6488500
2018-03-15,49.520729064941406,59.369998931884766,60.06999969482422,58.81999969482422,58.93000030517578,7377000
2018-03-16,49.21211624145508,59.0,59.650001525878906,58.939998626708984,59.380001068115234,13030900
2018-03-19,48.628257751464844,58.29999923706055,58.849998474121094,57.79999923706055,58.70000076293945,9350600
2018-03-20,48.92852783203125,58.65999984741211,58.97999954223633,58.45000076293945,58.45000076293945,5888400
2018-03-21,48.770050048828125,58.470001220703125,59.54999923706055,58.38999938964844,58.75,6569100
2018-03-22,48.186187744140625,57.77000045776367,58.720001220703125,57.75,58.029998779296875,6846500
2018-03-23,46.9683837890625,56.310001373291016,57.93000030517578,56.310001373291016,57.779998779296875,9476800
2018-03-26,48.21119689941406,57.79999923706055,58.0,56.54999923706055,56.959999084472656,8444900
2018-03-27,47.92759704589844,57.459999084472656,58.5,57.13999938964844,58.099998474121094,7562900
2018-03-28,48.29460144042969,57.900001525878906,58.099998474121094,57.220001220703125,57.5,9301900
2018-03-29,48.28627395629883,57.88999938964844,58.13999938964844,56.83000183105469,57.2599983215332,12015200
2018-04-02,46.90998840332031,56.2400016784668,57.72999954223633,55.380001068115234,57.52000045776367,16778300
2018-04-03,48.37800979614258,58.0,58.04999923706055,56.45000076293945,56.54999923706055,10908200
2018-04-04,49.07033157348633,58.83000183105469,58.970001220703125,57.209999084472656,57.25,7893100
2018-04-05,49.32889938354492,59.13999938964844,59.27000045776367,58.86000061035156,59.0,6305100
2018-04-06,48.661624908447266,58.34000015258789,59.13999938964844,58.09000015258789,58.779998779296875,8264500
2018-04-09,48.96189498901367,58.70000076293945,59.369998931884766,58.41999816894531,58.540000915527344,8023800
2018-04-10,49.554107666015625,59.40999984741211,59.4900016784668,58.869998931884766,59.11000061035156,6545000
2018-04-11,49.562442779541016,59.41999816894531,59.709999084472656,59.0,59.189998626708984,5508000
2018-04-12,49.570777893066406,59.43000030517578,60.119998931884766,59.41999816894531,59.65999984741211,6088200
2018-04-13,49.412315368652344,59.2400016784668,59.54999923706055,58.959999084472656,59.0,6689800
2018-04-16,49.570777893066406,59.43000030517578,59.689998626708984,58.84000015258789,59.130001068115234,6119200
2018-04-17,49.90443420410156,59.83000183105469,60.0,59.400001525878906,59.75,6139600
2018-04-18,49.62917709350586,59.5,59.83000183105469,59.439998626708984,59.72999954223633,5914200
2018-04-19,49.39562225341797,59.220001220703125,59.4900016784668,58.72999954223633,59.41999816894531,6280100
2018-04-20,48.37800979614258,58.0,59.18000030517578,57.79999923706055,59.029998779296875,12037600
2018-04-23,48.511474609375,58.15999984741211,58.72999954223633,57.689998626708984,58.0099983215332,8444400
2018-04-24,48.21953201293945,57.810001373291016,58.65999984741211,57.650001525878906,58.47999954223633,7793600
2018-04-25,48.13612365722656,57.709999084472656,58.27000045776367,57.290000915527344,58.27000045776367,8367400
2018-04-26,49.52907180786133,59.380001068115234,60.18000030517578,57.849998474121094,58.11000061035156,14516600
2018-04-27,48.67829132080078,58.36000061035156,58.97999954223633,57.5,58.06999969482422,11975200
2018-04-30,48.019351959228516,57.56999969482422,58.5099983215332,57.459999084472656,58.38999938964844,7854600
2018-05-01,48.48646545410156,58.130001068115234,58.25,57.439998626708984,57.66999816894531,7257500
2018-05-02,47.293678283691406,56.70000076293945,58.09000015258789,56.529998779296875,58.060001373291016,7299100
2018-05-03,46.81825637817383,56.130001068115234,56.56999969482422,55.540000915527344,56.52000045776367,7152400
2018-05-04,48.111114501953125,57.68000030517578,57.93000030517578,56.4900016784668,56.540000915527344,9279200
2018-05-07,47.91925811767578,57.45000076293945,59.040000915527344,57.27000045776367,58.9900016784668,10630600
2018-05-08,48.1027717590332,57.66999816894531,57.709999084472656,57.0,57.45000076293945,7234000
2018-05-09,47.82606506347656,57.040000915527344,57.619998931884766,56.790000915527344,57.43000030517578,7015300
2018-05-10,48.3375358581543,57.650001525878906,57.70000076293945,57.02000045776367,57.18000030517578,6565800
2018-05-11,48.018917083740234,57.27000045776367,57.86000061035156,57.06999969482422,57.720001220703125,5843400
2018-05-14,47.90153884887695,57.130001068115234,57.5099983215332,56.9900016784668,57.36000061035156,5871800
2018-05-15,47.490692138671875,56.63999938964844,57.099998474121094,56.349998474121094,57.0,7415800
2018-05-16,47.91828918457031,57.150001525878906,57.33000183105469,56.790000915527344,56.83000183105469,4843900
2018-05-17,47.96022415161133,57.20000076293945,57.349998474121094,56.97999954223633,57.20000076293945,6110100
2018-05-18,47.92668151855469,57.15999984741211,57.38999938964844,56.86000061035156,57.27000045776367,7786000
2018-05-21,48.07760238647461,57.34000015258789,57.81999969482422,57.2599983215332,57.400001525878906,5379300
2018-05-22,47.75899124145508,56.959999084472656,57.619998931884766,56.90999984741211,57.5,5355600
2018-05-23,48.203372955322266,57.4900016784668,57.56999969482422,56.7599983215332,56.79999923706055,5339900
2018-05-24,48.362693786621094,57.68000030517578,57.7400016784668,57.119998931884766,57.439998626708984,5681600
2018-05-25,48.56391906738281,57.91999816894531,58.380001068115234,57.58000183105469,57.68000030517578,6783800
2018-05-29,47.985382080078125,57.22999954223633,57.880001068115234,57.0099983215332,57.70000076293945,6475900
2018-05-30,48.19499206542969,57.47999954223633,57.65999984741211,57.150001525878906,57.43000030517578,5762400
2018-05-31,47.515846252441406,56.66999816894531,57.470001220703125,56.54999923706055,57.18000030517578,9433000
2018-06-01,47.71707534790039,56.90999984741211,57.029998779296875,56.61000061035156,56.84000015258789,4967700
2018-06-04,47.851219177246094,57.06999969482422,57.20000076293945,56.79999923706055,57.099998474121094,7484100
2018-06-05,46.68576431274414,55.68000030517578,56.70000076293945,55.279998779296875,56.689998626708984,18278800
2018-06-06,47.93507385253906,57.16999816894531,57.18000030517578,55.619998931884766,55.84000015258789,13709800
2018-06-07,47.909915924072266,57.13999938964844,57.939998626708984,57.09000015258789,57.290000915527344,7919800
2018-06-08,47.4571418762207,56.599998474121094,57.060001373291016,56.52000045776367,56.91999816894531,8433500
2018-06-11,47.356529235839844,56.47999954223633,56.7400016784668,56.27000045776367,56.61000061035156,7181700
2018-06-12,47.356529235839844,56.47999954223633,56.900001525878906,56.29999923706055,56.599998474121094,8249700
2018-06-13,47.13013458251953,56.209999084472656,56.70000076293945,56.18000030517578,56.5099983215332,8283200
2018-06-14,47.80929946899414,57.02000045776367,57.06999969482422,56.310001373291016,56.459999084472656,11049700
2018-06-15,47.884765625,57.11000061035156,57.209999084472656,56.459999084472656,57.040000915527344,12408300
2018-06-18,47.97700119018555,57.220001220703125,57.31999969482422,56.11000061035156,56.77000045776367,9676900
2018-06-19,48.1530647277832,57.43000030517578,57.5,56.34000015258789,56.650001525878906,9965500
2018-06-20,43.784671783447266,52.220001220703125,55.0099983215332,51.58000183105469,54.83000183105469,62091100
2018-06-21,42.443119049072266,50.619998931884766,52.630001068115234,50.36000061035156,52.290000915527344,30723000
2018-06-22,42.96297073364258,51.2400016784668,51.720001220703125,50.81999969482422,51.0,24429600
2018-06-25,42.476661682128906,50.65999984741211,51.439998626708984,50.209999084472656,51.15999984741211,15578600
2018-06-26,42.24190139770508,50.380001068115234,50.630001068115234,50.11000061035156,50.5099983215332,12930600
2018-06-27,41.789127349853516,49.84000015258789,50.529998779296875,49.84000015258789,50.52000045776367,14576900
2018-06-28,40.69911575317383,48.540000915527344,49.47999954223633,47.369998931884766,49.45000076293945,33210100
2018-06-29,40.95903015136719,48.849998474121094,49.2599983215332,48.08000183105469,48.08000183105469,17413000
2018-07-02,41.13511657714844,49.060001373291016,49.099998474121094,48.54999923706055,48.63999938964844,9870900
2018-07-03,40.8919563293457,48.77000045776367,49.29999923706055,48.7599983215332,49.150001525878906,7517500
2018-07-05,40.7578010559082,48.61000061035156,49.029998779296875,48.400001525878906,48.91999816894531,9630500
2018-07-06,41.068031311035156,48.97999954223633,49.189998626708984,48.58000183105469,48.900001525878906,10712000
2018-07-09,41.839439392089844,49.900001525878906,50.04999923706055,49.209999084472656,49.209999084472656,12811700
2018-07-10,42.27541732788086,50.41999816894531,50.5099983215332,49.959999084472656,50.08000183105469,9038000
2018-07-11,42.040653228759766,50.13999938964844,50.47999954223633,50.02000045776367,50.220001220703125,9542400
2018-07-12,42.132896423339844,50.25,50.65999984741211,50.20000076293945,50.36000061035156,9339200
2018-07-13,43.28159713745117,51.619998931884766,51.650001525878906,50.2599983215332,50.2599983215332,21718400
2018-07-16,42.711429595947266,50.939998626708984,51.54999923706055,50.689998626708984,51.54999923706055,16974900
2018-07-17,42.99651336669922,51.279998779296875,51.29999923706055,50.599998474121094,50.65999984741211,11421300
2018-07-18,42.887516021728516,51.150001525878906,51.619998931884766,51.0,51.34000015258789,13549500
2018-07-19,43.046817779541016,51.34000015258789,51.4900016784668,51.0,51.11000061035156,11415600
2018-07-20,42.686275482177734,50.90999984741211,51.2400016784668,50.75,51.060001373291016,11024100
2018-07-23,42.92104721069336,51.189998626708984,51.27000045776367,50.7599983215332,50.7599983215332,8406800
2018-07-24,42.904273986816406,51.16999816894531,51.720001220703125,51.060001373291016,51.29999923706055,9921500
2018-07-25,43.28159713745117,51.619998931884766,51.720001220703125,51.0099983215332,51.0099983215332,11368000
2018-07-26,43.13905715942383,51.45000076293945,51.84000015258789,51.34000015258789,51.68000030517578,11114800
2018-07-27,43.725975036621094,52.150001525878906,52.599998474121094,50.209999084472656,51.5,15770300
2018-07-30,43.516361236572266,51.900001525878906,52.849998474121094,51.7599983215332,52.20000076293945,14448400
2018-07-31,43.92721176147461,52.38999938964844,52.689998626708984,51.849998474121094,52.029998779296875,9228200
2018-08-01,43.54151916503906,51.93000030517578,52.2400016784668,51.25,52.2400016784668,11952400
2018-08-02,43.33189392089844,51.68000030517578,52.349998474121094,51.43000030517578,52.099998474121094,13636400
2018-08-03,43.79304504394531,52.22999954223633,52.45000076293945,51.58000183105469,51.70000076293945,8246100
2018-08-06,43.658897399902344,52.06999969482422,52.27000045776367,51.79999923706055,52.099998474121094,6505800
2018-08-07,43.658897399902344,52.06999969482422,52.209999084472656,51.79999923706055,52.08000183105469,5869400
2018-08-08,43.52381134033203,51.54999923706055,51.93000030517578,51.36000061035156,51.83000183105469,7257200
2018-08-09,43.83621597290039,51.91999816894531,52.02000045776367,51.31999969482422,51.529998779296875,7175400
2018-08-10,43.49004364013672,51.5099983215332,51.630001068115234,51.20000076293945,51.59000015258789,10539300
2018-08-13,43.74333572387695,51.810001373291016,51.959999084472656,51.470001220703125,51.619998931884766,7911300
2018-08-14,44.401878356933594,52.59000015258789,52.7400016784668,51.790000915527344,51.849998474121094,9385400
2018-08-15,44.536964416503906,52.75,52.939998626708984,52.29999923706055,52.310001373291016,9566000
2018-08-16,44.78182601928711,53.040000915527344,53.36000061035156,52.91999816894531,52.97999954223633,8721200
2018-08-17,45.220863342285156,53.560001373291016,53.61000061035156,52.95000076293945,52.95000076293945,8166900
2018-08-20,45.52481460571289,53.91999816894531,54.15999984741211,53.70000076293945,53.709999084472656,9791200
2018-08-21,45.59236145019531,54.0,54.439998626708984,53.95000076293945,54.16999816894531,7990000
2018-08-22,44.59607696533203,52.81999969482422,53.63999938964844,52.65999984741211,53.54999923706055,10369600
2018-08-23,44.46099853515625,52.65999984741211,53.189998626708984,52.560001373291016,52.7599983215332,8567600
2018-08-24,44.536964416503906,52.75,52.91999816894531,52.41999816894531,52.81999969482422,9849800
2018-08-27,44.72271728515625,52.970001220703125,53.18000030517578,52.810001373291016,52.9900016784668,6443200
2018-08-28,44.79026412963867,53.04999923706055,53.470001220703125,52.97999954223633,53.02000045776367,7171900
2018-08-29,44.95912170410156,53.25,53.439998626708984,52.720001220703125,53.06999969482422,6604900
2018-08-30,44.83246612548828,53.099998474121094,53.40999984741211,52.970001220703125,53.119998931884766,5576400
2018-08-31,45.127986907958984,53.45000076293945,53.709999084472656,52.45000076293945,52.459999084472656,10892800
2018-09-04,45.19552993774414,53.529998779296875,53.689998626708984,53.209999084472656,53.439998626708984,8235200
2018-09-05,45.4150390625,53.790000915527344,53.97999954223633,53.290000915527344,53.470001220703125,7966300
2018-09-06,45.76966094970703,54.209999084472656,54.349998474121094,53.650001525878906,53.65999984741211,7803400
2018-09-07,46.31845474243164,54.86000061035156,54.959999084472656,54.15999984741211,54.20000076293945,10231700
2018-09-10,46.411319732666016,54.970001220703125,55.11000061035156,54.56999969482422,54.939998626708984,8621000
2018-09-11,46.5379638671875,55.119998931884766,55.400001525878906,54.77000045776367,54.83000183105469,7873900
2018-09-12,46.411319732666016,54.970001220703125,55.20000076293945,54.33000183105469,55.20000076293945,7297300
2018-09-13,46.343780517578125,54.88999938964844,55.56999969482422,54.7400016784668,55.119998931884766,8566600
2018-09-14,46.2255744934082,54.75,55.0,54.61000061035156,55.0,6827700
2018-09-17,46.07361602783203,54.56999969482422,54.86000061035156,54.279998779296875,54.70000076293945,9277200
2018-09-18,46.49575424194336,55.06999969482422,55.279998779296875,54.099998474121094,54.47999954223633,7569600
2018-09-19,46.79970932006836,55.43000030517578,55.790000915527344,54.900001525878906,55.220001220703125,7451600
2018-09-20,47.64400863647461,56.43000030517578,56.72999954223633,55.599998474121094,55.599998474121094,10582600
2018-09-21,48.505184173583984,57.45000076293945,57.56999969482422,56.52000045776367,56.54999923706055,25800500
2018-09-24,47.86350631713867,56.689998626708984,57.36000061035156,56.58000183105469,56.939998626708984,10616000
2018-09-25,48.04084396362305,56.900001525878906,57.290000915527344,56.83000183105469,56.97999954223633,9445500
2018-09-26,48.353233337402344,57.27000045776367,57.84000015258789,56.75,56.77000045776367,7757300
2018-09-27,48.41231918334961,57.34000015258789,57.790000915527344,57.099998474121094,57.099998474121094,6606200
2018-09-28,47.99017333984375,56.84000015258789,57.38999938964844,56.779998779296875,57.38999938964844,8975900
2018-10-01,46.92634582519531,55.58000183105469,56.95000076293945,55.529998779296875,56.90999984741211,12726900
2018-10-02,46.93479537963867,55.59000015258789,56.0099983215332,55.290000915527344,55.54999923706055,12680800
2018-10-03,46.83348083496094,55.470001220703125,56.11000061035156,55.459999084472656,55.79999923706055,7383500
2018-10-04,47.18808364868164,55.88999938964844,56.08000183105469,55.5,55.779998779296875,9722000
2018-10-05,47.07831954956055,55.7599983215332,55.95000076293945,55.310001373291016,55.95000076293945,9734000
2018-10-08,47.736881256103516,56.540000915527344,56.75,55.45000076293945,55.81999969482422,9623900
2018-10-09,48.72471618652344,57.709999084472656,59.70000076293945,56.810001373291016,56.83000183105469,24855700
2018-10-10,47.28940200805664,56.0099983215332,57.869998931884766,55.939998626708984,57.66999816894531,14190500
2018-10-11,46.31845474243164,54.86000061035156,56.27000045776367,54.709999084472656,55.70000076293945,15316900
2018-10-12,47.660884857177734,56.45000076293945,56.779998779296875,55.279998779296875,55.709999084472656,13980500
2018-10-15,47.9141845703125,56.75,57.189998626708984,56.310001373291016,56.369998931884766,10175100
2018-10-16,48.809146881103516,57.810001373291016,58.0099983215332,56.77000045776367,56.939998626708984,11731400
2018-10-17,49.898292541503906,59.099998474121094,59.400001525878906,57.779998779296875,57.900001525878906,14631000
2018-10-18,49.50991439819336,58.63999938964844,59.529998779296875,58.150001525878906,59.0,12184700
2018-10-19,49.52680587768555,58.65999984741211,59.06999969482422,58.38999938964844,58.38999938964844,10180500
2018-10-22,49.72943878173828,58.900001525878906,59.36000061035156,58.58000183105469,58.93000030517578,8680200
2018-10-23,49.6534538269043,58.810001373291016,59.29999923706055,58.209999084472656,58.36000061035156,12834200
2018-10-24,49.020225524902344,58.060001373291016,59.279998779296875,57.95000076293945,58.56999969482422,12189700
2018-10-25,49.780094146728516,58.959999084472656,59.470001220703125,57.70000076293945,58.290000915527344,9569600
2018-10-26,49.0286750793457,58.06999969482422,58.36000061035156,57.38999938964844,58.040000915527344,13367600
2018-10-29,49.281959533691406,58.369998931884766,59.68000030517578,57.70000076293945,58.68000030517578,14412800
2018-10-30,49.46769332885742,58.59000015258789,58.869998931884766,57.689998626708984,58.43000030517578,14230100
2018-10-31,49.1975212097168,58.27000045776367,59.119998931884766,58.209999084472656,58.97999954223633,11560400
2018-11-01,49.501468658447266,58.630001068115234,59.06999969482422,58.06999969482422,58.29999923706055,18772400
2018-11-02,54.30555725097656,64.31999969482422,65.68000030517578,61.900001525878906,61.9900016784668,45573000
2018-11-05,54.44063949584961,64.4800033569336,65.12999725341797,63.81999969482422,63.93000030517578,23242600
2018-11-06,55.732418060302734,66.01000213623047,66.08000183105469,64.25,64.30000305175781,16065400
2018-11-07,57.547691345214844,68.16000366210938,68.20999908447266,66.04000091552734,66.29000091552734,16465000
2018-11-08,58.02048873901367,68.72000122070312,68.9800033569336,67.62999725341797,67.77999877929688,14081700
2018-11-09,57.919166564941406,68.5999984741211,68.95999908447266,68.08000183105469,68.48999786376953,8637200
2018-11-12,57.33661651611328,67.91000366210938,68.94000244140625,67.80000305175781,68.44000244140625,12789600
2018-11-13,56.91446304321289,67.41000366210938,68.27999877929688,67.0999984741211,67.94000244140625,16637000
2018-11-14,56.905975341796875,67.04000091552734,67.94999694824219,66.7300033569336,67.30000305175781,13350500
2018-11-15,57.398292541503906,67.62000274658203,67.76000213623047,66.36000061035156,66.70999908447266,15246500
2018-11-16,57.856666564941406,68.16000366210938,68.52999877929688,67.08999633789062,67.30000305175781,9287900
2018-11-19,57.64445877075195,67.91000366210938,68.47000122070312,67.2300033569336,68.0999984741211,10855400
2018-11-20,57.02480697631836,67.18000030517578,67.87999725341797,66.76000213623047,67.38999938964844,11208900
2018-11-21,56.67677688598633,66.7699966430664,67.9800033569336,66.75,67.47000122070312,10978100
2018-11-23,55.768524169921875,65.69999694824219,66.23999786376953,65.26000213623047,66.23999786376953,7779800
2018-11-26,55.76002883911133,65.69000244140625,66.12000274658203,65.20999908447266,65.9800033569336,13066800
2018-11-27,56.0910758972168,66.08000183105469,66.55000305175781,65.30999755859375,65.45999908447266,13169100
2018-11-28,56.7192268371582,66.81999969482422,66.98999786376953,65.4800033569336,66.18000030517578,12867600
2018-11-29,56.77015686035156,66.87999725341797,67.27999877929688,66.12000274658203,66.68000030517578,9605500
2018-11-30,56.634342193603516,66.72000122070312,67.37999725341797,66.6500015258789,66.86000061035156,27308900
2018-12-03,57.296417236328125,67.5,68.05999755859375,66.66000366210938,67.37000274658203,13834300
2018-12-04,56.57490539550781,66.6500015258789,68.1500015258789,66.44999694824219,67.47000122070312,13555100
2018-12-06,56.49003601074219,66.55000305175781,66.66999816894531,65.58999633789062,66.12999725341797,17222200
2018-12-07,55.57329177856445,65.47000122070312,66.63999938964844,65.19999694824219,66.16999816894531,11057500
2018-12-10,55.59027099609375,65.48999786376953,65.80000305175781,64.44999694824219,65.47000122070312,12148300
2018-12-11,55.95524978637695,65.91999816894531,66.91999816894531,65.5199966430664,66.22000122070312,10903100
2018-12-12,56.133506774902344,66.12999725341797,66.93000030517578,66.0,66.0,11115800
2018-12-13,56.795623779296875,66.91000366210938,67.22000122070312,66.12999725341797,66.29000091552734,10016200
2018-12-14,55.46294021606445,65.33999633789062,65.83999633789062,63.58000183105469,64.44000244140625,16834000
2018-12-17,54.72446060180664,64.47000122070312,65.62999725341797,64.08000183105469,65.0,15143100
2018-12-18,55.106422424316406,64.91999816894531,65.4000015258789,64.55000305175781,64.7699966430664,10523500
2018-12-19,54.376434326171875,64.05999755859375,65.9000015258789,63.68000030517578,65.16000366210938,14390100
2018-12-20,52.75515365600586,62.150001525878906,63.79999923706055,61.45000076293945,63.61000061035156,20264600
2018-12-21,52.11003875732422,61.38999938964844,63.209999084472656,61.380001068115234,62.310001373291016,23524900
2018-12-24,51.4055061340332,60.560001373291016,61.81999969482422,60.41999816894531,61.47999954223633,6323300
2018-12-26,53.54457473754883,63.08000183105469,63.22999954223633,60.66999816894531,60.95000076293945,16646200
2018-12-27,53.64643859863281,63.20000076293945,63.2400016784668,61.619998931884766,62.619998931884766,11308100
2018-12-28,53.807708740234375,63.38999938964844,64.12000274658203,63.16999816894531,63.310001373291016,7711900
2018-12-31,54.6650390625,64.4000015258789,64.61000061035156,63.65999984741211,63.77000045776367,7689800
2019-01-02,54.59712600708008,64.31999969482422,64.37000274658203,63.209999084472656,63.68000030517578,10094000
2019-01-03,52.22887420654297,61.529998779296875,63.720001220703125,61.400001525878906,63.459999084472656,14390100
2019-01-04,53.96049880981445,63.56999969482422,64.25,62.08000183105469,62.400001525878906,12694400
2019-01-07,53.96049880981445,63.56999969482422,64.23999786376953,62.7400016784668,63.349998474121094,10337600
2019-01-08,54.00293731689453,63.619998931884766,64.29000091552734,63.04999923706055,63.939998626708984,10809700
2019-01-09,54.2236328125,63.880001068115234,64.04000091552734,62.95000076293945,63.650001525878906,13080300
2019-01-10,54.48678207397461,64.19000244140625,64.38999938964844,63.2400016784668,63.61000061035156,10397600
2019-01-11,54.096317291259766,63.72999954223633,63.84000015258789,61.66999816894531,62.290000915527344,13805700
2019-01-14,53.79072952270508,63.369998931884766,64.05999755859375,62.97999954223633,63.349998474121094,9929600
2019-01-15,54.39341354370117,64.08000183105469,64.62999725341797,63.45000076293945,63.58000183105469,7930400
2019-01-16,54.130279541015625,63.77000045776367,64.81999969482422,63.75,64.19999694824219,8091300
2019-01-17,54.563175201416016,64.27999877929688,64.38999938964844,63.599998474121094,63.68000030517578,6767100
2019-01-18,54.919681549072266,64.69999694824219,64.80999755859375,63.86000061035156,64.80999755859375,9835200
2019-01-22,55.50538635253906,65.38999938964844,66.20999908447266,64.75,64.9000015258789,16414300
2019-01-23,56.388160705566406,66.43000030517578,66.69999694824219,65.80999755859375,65.87999725341797,12372400
2019-01-24,54.95362854003906,64.73999786376953,66.76000213623047,62.93000030517578,66.61000061035156,29719800
2019-01-25,56.94840621948242,67.08999633789062,67.69000244140625,66.0999984741211,67.02999877929688,21885800
2019-01-28,56.787147521972656,66.9000015258789,66.95999908447266,65.91000366210938,66.19000244140625,11537700
2019-01-29,56.905975341796875,67.04000091552734,67.5,66.19999694824219,67.0,10703400
2019-01-30,57.84816360473633,68.1500015258789,68.20999908447266,67.05000305175781,67.11000061035156,11702500
2019-01-31,57.839683532714844,68.13999938964844,69.48999786376953,67.08000183105469,68.18000030517578,24233300
2019-02-01,57.814212799072266,68.11000061035156,69.31999969482422,68.0,68.58999633789062,10309200
2019-02-04,57.36433792114258,67.58000183105469,68.11000061035156,67.08000183105469,68.02999877929688,13562400
2019-02-05,58.858280181884766,69.33999633789062,69.41000366210938,67.63999938964844,67.76000213623047,12781600
2019-02-06,58.747344970703125,68.8499984741211,69.38999938964844,68.5,69.2300033569336,10283400
2019-02-07,58.99481964111328,69.13999938964844,69.20999908447266,68.4800033569336,68.5999984741211,10109200
2019-02-08,59.515296936035156,69.75,69.81999969482422,68.5999984741211,68.7699966430664,8862000
2019-02-11,59.720088958740234,69.98999786376953,70.47000122070312,69.8499984741211,70.0,9229700
2019-02-12,59.515296936035156,69.75,70.45999908447266,69.70999908447266,70.23999786376953,8848900
2019-02-13,60.16377258300781,70.51000213623047,70.5999984741211,69.80000305175781,69.80999755859375,10264000
2019-02-14,60.44536590576172,70.83999633789062,71.54000091552734,69.97000122070312,70.12999725341797,9441100
2019-02-15,60.334434509277344,70.70999908447266,71.37000274658203,70.19000244140625,71.1500015258789,13924600
2019-02-19,59.89927291870117,70.19999694824219,70.5999984741211,69.77999877929688,70.45999908447266,9208400
2019-02-20,60.06139373779297,70.38999938964844,70.5999984741211,70.05000305175781,70.2300033569336,9671800
2019-02-21,60.32590866088867,70.69999694824219,70.93000030517578,70.13999938964844,70.13999938964844,10933500
2019-02-22,60.83786392211914,71.30000305175781,71.38999938964844,70.75,70.76000213623047,11311600
2019-02-25,60.62455749511719,71.05000305175781,72.06999969482422,70.9800033569336,71.9000015258789,12071200
2019-02-26,60.70134735107422,71.13999938964844,71.44999694824219,70.91999816894531,71.0,12302300
2019-02-27,59.85660934448242,70.1500015258789,71.12999725341797,69.91999816894531,70.83000183105469,13274800
2019-02-28,59.95045852661133,70.26000213623047,70.48999786376953,69.77999877929688,70.13999938964844,18956700
2019-03-01,60.45388412475586,70.8499984741211,71.11000061035156,70.44999694824219,70.62999725341797,8067700
2019-03-04,60.539222717285156,70.94999694824219,71.3499984741211,70.37000274658203,70.98999786376953,9219700
2019-03-05,61.076751708984375,71.58000183105469,71.88999938964844,71.05999755859375,71.19000244140625,10496100
2019-03-06,60.8122673034668,71.2699966430664,72.18000030517578,71.16000366210938,71.80999755859375,7666100
2019-03-07,60.249107360839844,70.61000061035156,71.36000061035156,70.45999908447266,71.19999694824219,7814700
2019-03-08,59.18252944946289,69.36000061035156,70.2699966430664,69.02999877929688,70.1500015258789,12363900
2019-03-11,59.455562591552734,69.68000030517578,70.01000213623047,69.13999938964844,69.37999725341797,11518300
2019-03-12,59.771263122558594,70.05000305175781,70.58000183105469,69.69000244140625,69.73999786376953,12751700
2019-03-13,59.813941955566406,70.0999984741211,70.9000015258789,69.9800033569336,70.08999633789062,13798600
2019-03-14,60.36001968383789,70.73999786376953,70.88999938964844,70.19000244140625,70.19000244140625,9249200
2019-03-15,60.30030059814453,70.66999816894531,71.20999908447266,70.54000091552734,70.80000305175781,13096900
2019-03-18,60.44536590576172,70.83999633789062,71.12000274658203,70.44000244140625,70.77999877929688,5682400
2019-03-19,60.906124114990234,71.37999725341797,71.69999694824219,70.87000274658203,70.94999694824219,7810700
2019-03-20,61.11943435668945,71.62999725341797,72.4000015258789,71.33999633789062,71.80000305175781,9512400
2019-03-21,61.657012939453125,72.26000213623047,72.44000244140625,71.31999969482422,71.31999969482422,8044400
2019-03-22,61.401023864746094,71.95999908447266,72.41000366210938,71.69000244140625,72.05000305175781,8022800
2019-03-25,61.691123962402344,72.30000305175781,72.4800033569336,71.7300033569336,72.0,6453800
2019-03-26,62.25428771972656,72.95999908447266,73.19000244140625,72.33000183105469,72.72000122070312,7624000
2019-03-27,62.066566467285156,72.73999786376953,73.26000213623047,72.62000274658203,72.94000244140625,7662700
2019-03-28,63.10755157470703,73.95999908447266,73.9800033569336,72.88999938964844,72.97000122070312,6709600
2019-03-29,63.43178939819336,74.33999633789062,74.4800033569336,73.52999877929688,74.01000213623047,9099500
2019-04-01,63.10755157470703,73.95999908447266,74.93000030517578,73.7300033569336,74.76000213623047,8108400
2019-04-02,63.372074127197266,74.2699966430664,74.44999694824219,73.83999633789062,74.01000213623047,5520900
2019-04-03,63.42325973510742,74.33000183105469,74.77999877929688,73.87000274658203,74.55999755859375,6755600
2019-04-04,63.44032287597656,74.3499984741211,74.66999816894531,73.9800033569336,74.5,5449800
2019-04-05,64.02056121826172,75.02999877929688,75.08000183105469,74.3499984741211,74.3499984741211,5346200
2019-04-08,64.16559600830078,75.19999694824219,75.30000305175781,74.47000122070312,74.47000122070312,5140400
2019-04-09,64.09732055664062,75.12000274658203,75.2300033569336,74.80000305175781,74.87000274658203,4905800
2019-04-10,64.4045181274414,75.4800033569336,75.81999969482422,75.20999908447266,75.20999908447266,6066300
2019-04-11,64.73729705810547,75.87000274658203,76.06999969482422,75.6500015258789,75.75,6042600
2019-04-12,65.40282440185547,76.6500015258789,76.94999694824219,76.06999969482422,76.0999984741211,5194800
2019-04-15,64.98474884033203,76.16000366210938,76.69999694824219,76.08000183105469,76.66999816894531,7632200
2019-04-16,64.59223175048828,75.69999694824219,76.55999755859375,75.36000061035156,76.4800033569336,8336600
2019-04-17,64.09732055664062,75.12000274658203,75.95999908447266,74.80000305175781,75.61000061035156,9439000
2019-04-18,64.89940643310547,76.05999755859375,76.26000213623047,75.20999908447266,75.4800033569336,6607800
2019-04-22,64.33626556396484,75.4000015258789,76.05999755859375,75.20999908447266,75.70999908447266,4883100
2019-04-23,64.83966827392578,75.98999786376953,76.05999755859375,75.41000366210938,75.4800033569336,5273900
2019-04-24,65.18097686767578,76.38999938964844,76.87999725341797,75.91000366210938,76.05000305175781,9347300
2019-04-25,65.79535675048828,77.11000061035156,77.2300033569336,75.94999694824219,76.11000061035156,11084500
2019-04-26,66.08544158935547,77.44999694824219,77.5199966430664,75.05999755859375,76.94999694824219,12550500
2019-04-29,65.62469482421875,76.91000366210938,77.66999816894531,76.58999633789062,77.30000305175781,5426800
2019-04-30,66.28170776367188,77.68000030517578,77.79000091552734,76.69000244140625,77.0,7384400
2019-05-01,66.14517211914062,77.5199966430664,78.1500015258789,77.37000274658203,77.66999816894531,6678000
2019-05-02,66.10250854492188,77.47000122070312,77.76000213623047,76.75,77.66000366210938,6247500
2019-05-03,66.59741973876953,78.05000305175781,78.4000015258789,77.33999633789062,77.58999633789062,4967900
2019-05-06,66.60594940185547,78.05999755859375,78.08000183105469,77.0199966430664,77.19999694824219,5607500
2019-05-07,66.52062225341797,77.95999908447266,78.73999786376953,77.41999816894531,77.56999969482422,8115800
2019-05-08,66.90637969970703,78.05000305175781,78.63999938964844,77.12000274658203,77.58000183105469,7799900
2019-05-09,66.77778625488281,77.9000015258789,78.2300033569336,77.3499984741211,77.58000183105469,7326600
2019-05-10,67.2235336303711,78.41999816894531,78.80000305175781,77.16000366210938,77.62999725341797,6448600
2019-05-13,65.7319564819336,76.68000030517578,77.77999877929688,76.08000183105469,77.25,9778500
2019-05-14,66.05770111083984,77.05999755859375,77.73999786376953,76.68000030517578,76.75,6870900
2019-05-15,66.65778350830078,77.76000213623047,77.94000244140625,76.52999877929688,76.69000244140625,5415500
2019-05-16,67.635009765625,78.9000015258789,79.23999786376953,77.56999969482422,77.66000366210938,6941800
2019-05-17,67.64359283447266,78.91000366210938,79.6500015258789,78.37000274658203,78.5199966430664,7379900
2019-05-20,65.71482849121094,76.66000366210938,78.41999816894531,76.56999969482422,78.30000305175781,11475000
2019-05-21,66.46061706542969,77.52999877929688,77.8499984741211,76.75,77.05000305175781,5808500
2019-05-22,66.22056579589844,77.25,77.72000122070312,76.91000366210938,77.19999694824219,5602300
2019-05-23,65.50054168701172,76.41000366210938,76.94000244140625,75.69000244140625,76.87999725341797,9213200
2019-05-24,65.27764129638672,76.1500015258789,77.05999755859375,75.97000122070312,76.83000183105469,5627600
2019-05-28,64.89189147949219,75.69999694824219,76.68000030517578,75.31999969482422,76.36000061035156,16205200
2019-05-29,64.53186798095703,75.27999877929688,75.48999786376953,74.33000183105469,75.33000183105469,10511600
2019-05-30,65.29476928710938,76.16999816894531,76.43000030517578,75.62999725341797,75.6500015258789,7178400
2019-05-31,65.20049285888672,76.05999755859375,76.31999969482422,75.37999725341797,75.5999984741211,7625700
2019-06-03,65.33766174316406,76.22000122070312,76.52999877929688,75.6500015258789,76.12000274658203,8122200
2019-06-04,67.30923461914062,78.5199966430664,78.76000213623047,76.66000366210938,76.7699966430664,11685000
2019-06-05,68.54367065429688,79.95999908447266,79.97000122070312,78.66000366210938,78.79000091552734,7437100
2019-06-06,69.77806091308594,81.4000015258789,81.62999725341797,79.9000015258789,80.02999877929688,10457200
2019-06-07,70.70384979248047,82.4800033569336,83.33000183105469,81.51000213623047,81.5999984741211,11278800
2019-06-10,70.23238372802734,81.93000030517578,82.86000061035156,81.37999725341797,82.8499984741211,8102800
2019-06-11,70.60956573486328,82.37000274658203,82.86000061035156,81.8499984741211,82.30000305175781,6226400
2019-06-12,71.089599609375,82.93000030517578,83.66999816894531,82.31999969482422,82.58999633789062,6088800
2019-06-13,71.44965362548828,83.3499984741211,84.05000305175781,83.0199966430664,83.33000183105469,7156800
2019-06-14,72.21257019042969,84.23999786376953,84.61000061035156,83.38999938964844,83.54000091552734,9226500
2019-06-17,71.16675567626953,83.0199966430664,84.69000244140625,82.88999938964844,84.6500015258789,9313700
2019-06-18,71.08103942871094,82.91999816894531,84.11000061035156,82.88999938964844,83.55000305175781,10582600
2019-06-19,71.84397888183594,83.80999755859375,83.91999816894531,82.08000183105469,83.08000183105469,5401400
2019-06-20,72.59833526611328,84.69000244140625,84.83000183105469,83.83000183105469,84.41000366210938,5215800
2019-06-21,71.85258483886719,83.81999969482422,84.7699966430664,83.80999755859375,84.43000030517578,12610000
2019-06-24,71.70682525634766,83.6500015258789,84.55999755859375,83.61000061035156,84.08000183105469,6692500
2019-06-25,72.22115325927734,84.25,85.19999694824219,83.95999908447266,84.19999694824219,7312300
2019-06-26,71.47535705566406,83.37999725341797,84.30000305175781,83.18000030517578,84.30000305175781,7576400
2019-06-27,71.62966918945312,83.55999755859375,83.88999938964844,83.20999908447266,83.55000305175781,6084200
2019-06-28,71.86111450195312,83.83000183105469,83.95999908447266,83.31999969482422,83.55999755859375,6735300
2019-07-01,72.47834014892578,84.55000305175781,84.95999908447266,84.02999877929688,84.62000274658203,7935100
2019-07-02,73.30126190185547,85.51000213623047,85.58999633789062,84.5199966430664,84.73999786376953,6205800
2019-07-03,75.2557373046875,87.79000091552734,87.81999969482422,85.9800033569336,86.04000091552734,7818600
2019-07-05,75.2557373046875,87.79000091552734,87.88999938964844,86.87999725341797,87.5,5733100
2019-07-08,74.9557113647461,87.44000244140625,87.94999694824219,87.18000030517578,87.5999984741211,6359500
2019-07-09,74.77568817138672,87.2300033569336,87.6500015258789,86.88999938964844,87.29000091552734,5355400
2019-07-10,75.76150512695312,88.37999725341797,88.54000091552734,87.41999816894531,87.41999816894531,5293000
2019-07-11,76.35298919677734,89.06999969482422,89.29000091552734,88.2699966430664,88.66000366210938,6191400
2019-07-12,76.9530258178711,89.7699966430664,89.81999969482422,88.8499984741211,89.27999877929688,5628000
2019-07-15,77.287353515625,90.16000366210938,90.33999633789062,89.66000366210938,89.87000274658203,6061300
2019-07-16,77.21878051757812,90.08000183105469,90.4800033569336,89.58999633789062,90.22000122070312,5591900
2019-07-17,77.36449432373047,90.25,90.37999725341797,89.7300033569336,90.08000183105469,4635900
2019-07-18,78.43604278564453,91.5,91.54000091552734,89.94999694824219,90.33000183105469,6470200
2019-07-19,77.40735626220703,90.30000305175781,91.61000061035156,90.2300033569336,91.41000366210938,10804800
2019-07-22,77.93882751464844,90.91999816894531,91.18000030517578,90.05000305175781,90.5199966430664,5636600
2019-07-23,77.2445068359375,90.11000061035156,91.36000061035156,89.16999816894531,91.25,7609200
2019-07-24,77.70738220214844,90.6500015258789,90.75,89.68000030517578,89.9000015258789,5388100
2019-07-25,77.99029541015625,90.9800033569336,91.55000305175781,90.47000122070312,91.48999786376953,8106300
2019-07-26,84.95952606201172,99.11000061035156,99.72000122070312,95.20999908447266,96.4000015258789,20846500
2019-07-29,84.02513122558594,98.0199966430664,98.94000244140625,97.20999908447266,98.05000305175781,11184500
2019-07-30,82.85076141357422,96.6500015258789,98.27999877929688,96.5199966430664,97.5,7248300
2019-07-31,81.17056274414062,94.69000244140625,96.6500015258789,93.5,96.6500015258789,9912100
2019-08-01,81.76207733154297,95.37999725341797,97.58000183105469,94.58000183105469,95.0,8342300
2019-08-02,81.87350463867188,95.51000213623047,96.04000091552734,94.80000305175781,95.0,6381700
2019-08-05,80.32191467285156,93.69999694824219,95.5199966430664,93.02999877929688,94.51000213623047,8917400
2019-08-06,81.72779846191406,95.33999633789062,95.70999908447266,93.80000305175781,94.30999755859375,7438000
2019-08-07,81.93428039550781,95.22000122070312,95.69999694824219,94.16999816894531,94.5999984741211,6414000
2019-08-08,82.83777618408203,96.2699966430664,96.41000366210938,94.44000244140625,95.2300033569336,7423600
2019-08-09,82.86357879638672,96.30000305175781,96.83999633789062,95.41999816894531,96.1500015258789,5209200
2019-08-12,81.66755676269531,94.91000366210938,96.0199966430664,94.30000305175781,95.77999877929688,5513800
2019-08-13,83.1475601196289,96.62999725341797,96.66999816894531,94.20999908447266,94.5199966430664,8915600
2019-08-14,81.67615509033203,94.91999816894531,97.0199966430664,94.87000274658203,95.91000366210938,9989500
2019-08-15,82.20103454589844,95.52999877929688,96.2699966430664,94.61000061035156,95.5,5559400
2019-08-16,83.05289459228516,96.5199966430664,96.83000183105469,95.8499984741211,96.29000091552734,4852200
2019-08-19,83.17337799072266,96.66000366210938,97.41000366210938,96.22000122070312,97.2300033569336,5324900
2019-08-20,82.2870864868164,95.62999725341797,97.12000274658203,95.58999633789062,96.3499984741211,6809100
2019-08-21,82.88081359863281,96.31999969482422,96.6500015258789,95.7300033569336,96.2699966430664,4740500
2019-08-22,83.0270767211914,96.48999786376953,96.8499984741211,95.69999694824219,96.58999633789062,5146200
2019-08-23,81.48684692382812,94.69999694824219,97.0999984741211,94.38999938964844,96.41000366210938,8076600
2019-08-26,83.03569030761719,96.5,96.5,95.0,95.37999725341797,5802600
2019-08-27,82.68289947509766,96.08999633789062,97.0999984741211,96.02999877929688,96.69999694824219,6539800
2019-08-28,83.52618408203125,97.06999969482422,97.20999908447266,96.0,96.2300033569336,4948800
2019-08-29,84.0682601928711,97.69999694824219,98.06999969482422,97.05999755859375,97.8499984741211,4514300
2019-08-30,83.08731842041016,96.55999755859375,98.13999938964844,96.11000061035156,98.13999938964844,5209500
2019-09-03,83.26802062988281,96.7699966430664,97.20999908447266,96.05000305175781,96.41999816894531,5150700
2019-09-04,82.70011901855469,96.11000061035156,96.33000183105469,93.02999877929688,94.4800033569336,12937000
2019-09-05,82.22685241699219,95.55999755859375,96.95999908447266,95.16999816894531,96.54000091552734,5514400
2019-09-06,82.38172912597656,95.73999786376953,96.33999633789062,95.51000213623047,95.75,3991800
2019-09-09,81.0221939086914,94.16000366210938,95.93000030517578,93.73999786376953,95.80000305175781,6523300
2019-09-10,77.74378204345703,90.3499984741211,93.87999725341797,89.30000305175781,93.80999755859375,12490900
2019-09-11,78.285888671875,90.9800033569336,91.44999694824219,89.61000061035156,90.18000030517578,8406600
2019-09-12,79.21517944335938,92.05999755859375,93.31999969482422,91.7699966430664,92.16000366210938,6862200
2019-09-13,77.85564422607422,90.4800033569336,92.1500015258789,90.31999969482422,92.1500015258789,6972300
2019-09-16,76.94354248046875,89.41999816894531,90.44999694824219,89.37999725341797,90.0199966430664,6339200
2019-09-17,78.08797454833984,90.75,91.45999908447266,89.6500015258789,89.66999816894531,6493200
2019-09-18,78.26866912841797,90.95999908447266,91.36000061035156,90.05999755859375,90.9800033569336,4510700
2019-09-19,78.78497314453125,91.55999755859375,92.0999984741211,90.30000305175781,90.98999786376953,4843600
2019-09-20,77.50284576416016,90.06999969482422,92.08000183105469,90.05999755859375,91.61000061035156,10913800
2019-09-23,78.13958740234375,90.80999755859375,91.16000366210938,89.93000030517578,90.31999969482422,4532400
2019-09-24,77.37376403808594,89.91999816894531,91.7699966430664,89.51000213623047,91.5999984741211,5662600
2019-09-25,77.74378204345703,90.3499984741211,90.61000061035156,89.0199966430664,89.94000244140625,4764000
2019-09-26,77.2705078125,89.80000305175781,91.1500015258789,89.5,90.83999633789062,5026400
2019-09-27,76.0400390625,88.37000274658203,90.30000305175781,87.79000091552734,90.30000305175781,5987700
2019-09-30,76.08306884765625,88.41999816894531,88.55999755859375,87.61000061035156,88.41000366210938,6588300
2019-10-01,74.43955993652344,86.51000213623047,88.88999938964844,86.44999694824219,88.62999725341797,6719400
2019-10-02,72.55512237548828,84.31999969482422,86.01000213623047,84.16000366210938,85.94999694824219,9858200
2019-10-03,72.85631561279297,84.66999816894531,84.91000366210938,83.61000061035156,84.30000305175781,5989000
2019-10-04,73.93187713623047,85.91999816894531,85.97000122070312,84.75,84.9000015258789,5869000
2019-10-07,73.87165832519531,85.8499984741211,86.16000366210938,85.48999786376953,85.70999908447266,4382900
2019-10-08,73.06278991699219,84.91000366210938,86.33000183105469,84.69000244140625,85.48999786376953,6100400
2019-10-09,73.87165832519531,85.8499984741211,86.16999816894531,85.27999877929688,85.37000274658203,4427200
2019-10-10,73.96629333496094,85.95999908447266,86.06999969482422,85.37999725341797,85.91000366210938,3986000
2019-10-11,74.31047821044922,86.36000061035156,87.25,86.26000213623047,87.0199966430664,5611000
2019-10-14,74.53422546386719,86.62000274658203,87.68000030517578,86.4000015258789,86.5,4881000
2019-10-15,74.387939453125,86.44999694824219,87.25,85.76000213623047,87.0,4695100
2019-10-16,74.61166381835938,86.70999908447266,86.83000183105469,86.05000305175781,86.52999877929688,3698700
2019-10-17,74.25025177001953,86.29000091552734,87.0199966430664,86.16000366210938,86.87999725341797,4359400
2019-10-18,74.02652740478516,86.02999877929688,86.75,85.5199966430664,86.3499984741211,4631200
2019-10-21,73.44141387939453,85.3499984741211,86.23999786376953,85.08000183105469,86.0,4861200
2019-10-22,71.81512451171875,83.45999908447266,85.3499984741211,83.38999938964844,85.2300033569336,5767500
2019-10-23,71.19557189941406,82.73999786376953,84.41000366210938,82.12999725341797,84.30999755859375,7136200
2019-10-24,71.57420349121094,83.18000030517578,83.52999877929688,82.66000366210938,82.80000305175781,4591100
2019-10-25,71.74628448486328,83.37999725341797,83.56999969482422,82.62999725341797,83.20999908447266,5235300
2019-10-28,71.93558502197266,83.5999984741211,84.9800033569336,83.36000061035156,84.47000122070312,6653400
2019-10-29,72.39163970947266,84.12999725341797,84.62999725341797,83.63999938964844,83.80999755859375,5699100
2019-10-30,72.44327545166016,84.19000244140625,84.69999694824219,83.31999969482422,84.61000061035156,8731300
2019-10-31,72.76164245605469,84.55999755859375,87.22000122070312,83.27999877929688,86.70999908447266,14008800
2019-11-01,71.60001373291016,83.20999908447266,85.30999755859375,82.61000061035156,84.79000091552734,10658500
2019-11-04,70.8772201538086,82.37000274658203,83.44000244140625,81.9000015258789,83.30000305175781,8271200
2019-11-05,70.46414947509766,81.88999938964844,82.33999633789062,81.02999877929688,82.33999633789062,7054400
2019-11-06,71.41069030761719,82.98999786376953,83.37000274658203,82.0,82.08000183105469,6365300
2019-11-07,70.51579284667969,81.94999694824219,83.29000091552734,81.83999633789062,83.05999755859375,7221400
2019-11-08,70.36090850830078,81.7699966430664,82.63999938964844,81.44999694824219,82.19000244140625,7054800
2019-11-11,70.92884063720703,82.43000030517578,82.52999877929688,81.37000274658203,81.75,5828200
2019-11-12,72.05304718017578,83.31999969482422,83.9800033569336,82.61000061035156,82.69000244140625,8551400
2019-11-13,72.58918762207031,83.94000244140625,84.29000091552734,83.19999694824219,83.29000091552734,7407900
2019-11-14,72.96968841552734,84.37999725341797,84.5199966430664,83.80000305175781,84.0999984741211,5285100
2019-11-15,72.82270812988281,84.20999908447266,84.94000244140625,83.56999969482422,84.68000030517578,7533000
2019-11-18,72.65837860107422,84.0199966430664,84.11000061035156,83.25,83.91999816894531,6432200
2019-11-19,72.34706115722656,83.66000366210938,84.27999877929688,83.56999969482422,84.05999755859375,6008400
2019-11-20,72.295166015625,83.5999984741211,84.48999786376953,82.9800033569336,83.54000091552734,6248700
2019-11-21,71.17097473144531,82.30000305175781,84.04000091552734,81.76000213623047,83.75,8300500
2019-11-22,71.7936019897461,83.0199966430664,83.38999938964844,82.66000366210938,82.69000244140625,6080400
2019-11-25,72.42489624023438,83.75,84.0,82.93000030517578,83.16000366210938,5450400
2019-11-26,73.1253662109375,84.55999755859375,84.6500015258789,84.0,84.12999725341797,7651500
2019-11-27,74.17174530029297,85.7699966430664,85.80999755859375,84.41999816894531,84.8499984741211,7502400
2019-11-29,73.87772369384766,85.43000030517578,86.7300033569336,85.25,85.91000366210938,3857000
2019-12-02,73.13401794433594,84.56999969482422,85.7699966430664,83.81999969482422,85.37999725341797,6425800
2019-12-03,73.35021209716797,84.81999969482422,85.0,83.81999969482422,84.02999877929688,6049800
2019-12-04,73.85177612304688,85.4000015258789,85.54000091552734,84.69999694824219,85.12999725341797,5940300
2019-12-05,73.03022766113281,84.44999694824219,85.4800033569336,84.31999969482422,85.44000244140625,5170800
2019-12-06,74.64735412597656,86.31999969482422,86.52999877929688,85.02999877929688,85.02999877929688,8499800
2019-12-09,74.6127700805664,86.27999877929688,86.62999725341797,85.95999908447266,86.30999755859375,7164700
2019-12-10,74.40522003173828,86.04000091552734,87.47000122070312,85.91000366210938,86.5,7944800
2019-12-11,74.88084411621094,86.58999633789062,86.87000274658203,85.8499984741211,86.26000213623047,4921900
2019-12-12,76.28177642822266,88.20999908447266,88.88999938964844,87.54000091552734,88.0,10282100
2019-12-13,76.67958068847656,88.66999816894531,88.79000091552734,87.58000183105469,88.0199966430664,6714100
2019-12-16,76.77471160888672,88.77999877929688,89.30000305175781,88.43000030517578,89.13999938964844,6705600
2019-12-17,76.21260070800781,88.12999725341797,88.97000122070312,87.47000122070312,88.87000274658203,7296900
2019-12-18,76.0915298461914,87.98999786376953,88.8499984741211,87.81999969482422,88.38999938964844,5859200
2019-12-19,76.54985046386719,88.5199966430664,88.58999633789062,87.58000183105469,87.83000183105469,6022100
2019-12-20,76.49797821044922,88.45999908447266,89.0,87.88999938964844,88.79000091552734,14271500
2019-12-23,76.29907989501953,88.2300033569336,88.8499984741211,88.18000030517578,88.62000274658203,4349700
2019-12-24,76.54985046386719,88.5199966430664,88.5999984741211,88.0,88.19999694824219,1847800
2019-12-26,76.16938781738281,88.08000183105469,88.76000213623047,87.79000091552734,88.7300033569336,4177700
2019-12-27,76.21260070800781,88.12999725341797,88.45999908447266,87.69000244140625,88.11000061035156,4129300
2019-12-30,75.61592102050781,87.44000244140625,88.19999694824219,87.05999755859375,88.01000213623047,4655600
2019-12-31,76.031005859375,87.91999816894531,87.98999786376953,87.30999755859375,87.44000244140625,4115600
2020-01-02,77.26761627197266,89.3499984741211,89.3499984741211,88.05000305175781,88.12000274658203,6473800
2020-01-03,76.81793975830078,88.83000183105469,89.0999984741211,88.0999984741211,88.66000366210938,4874100
2020-01-06,76.21260070800781,88.12999725341797,88.41000366210938,87.47000122070312,88.11000061035156,5409800
2020-01-07,75.97911071777344,87.86000061035156,88.02999877929688,87.12999725341797,87.95999908447266,6514700
2020-01-08,76.86117553710938,88.87999725341797,89.3499984741211,87.77999877929688,87.94000244140625,7296300
2020-01-09,78.28804779052734,90.52999877929688,91.16000366210938,90.06999969482422,90.25,9443500
2020-01-10,77.96810913085938,90.16000366210938,90.88999938964844,89.62999725341797,90.80000305175781,7097900
2020-01-13,78.76368713378906,91.08000183105469,91.72000122070312,90.20999908447266,90.62000274658203,7382500
2020-01-14,78.68585205078125,90.98999786376953,91.44000244140625,90.86000061035156,91.19000244140625,5855200
2020-01-15,79.16149139404297,91.54000091552734,92.05999755859375,91.0,91.0,6145300
2020-01-16,80.06085968017578,92.58000183105469,92.61000061035156,91.62999725341797,91.98999786376953,5180300
2020-01-17,80.96022033691406,93.62000274658203,93.75,92.80999755859375,92.93000030517578,6962800
2020-01-21,80.01762390136719,92.52999877929688,93.5999984741211,92.19000244140625,92.83000183105469,7094600
2020-01-22,80.01762390136719,92.52999877929688,93.75,92.47000122070312,93.13999938964844,6157400
2020-01-23,81.07262420654297,93.75,93.8499984741211,90.73999786376953,91.91999816894531,6100600
2020-01-24,79.5852279663086,92.02999877929688,94.12999725341797,91.33999633789062,94.0,7815500
2020-01-27,76.73149108886719,88.7300033569336,89.44999694824219,87.55000305175781,88.62999725341797,11066500
2020-01-28,76.61904907226562,88.5999984741211,89.19000244140625,87.72000122070312,89.05000305175781,11922400
2020-01-29,74.99327087402344,86.72000122070312,88.44000244140625,85.5999984741211,88.1500015258789,17678700
2020-01-30,74.2322769165039,85.83999633789062,86.58999633789062,84.69000244140625,85.44999694824219,12224900
2020-01-31,73.3588638305664,84.83000183105469,85.98999786376953,84.5199966430664,85.79000091552734,11693900
2020-02-03,74.37928009033203,86.01000213623047,86.79000091552734,85.06999969482422,85.06999969482422,9090600
2020-02-04,76.42877960205078,88.37999725341797,89.0,86.62000274658203,87.13999938964844,9997100
2020-02-05,76.07257843017578,87.55999755859375,89.19999694824219,86.62999725341797,88.87999725341797,9982700
2020-02-06,74.84757995605469,86.1500015258789,87.69999694824219,86.1500015258789,87.6500015258789,8901400
2020-02-07,75.08213806152344,86.41999816894531,86.62000274658203,85.31999969482422,85.76000213623047,8073900
2020-02-10,76.04651641845703,87.52999877929688,87.62000274658203,86.16999816894531,86.43000030517578,7289300
2020-02-11,76.02915954589844,87.51000213623047,88.2300033569336,87.3499984741211,87.86000061035156,5098500
2020-02-12,76.95008087158203,88.56999969482422,89.0999984741211,87.38999938964844,87.70999908447266,7747800
2020-02-13,78.13165283203125,89.93000030517578,90.51000213623047,88.26000213623047,88.5,8576600
2020-02-14,77.56690216064453,89.27999877929688,90.41000366210938,88.98999786376953,90.18000030517578,5686900
2020-02-18,77.52348327636719,89.2300033569336,89.47000122070312,88.29000091552734,89.37000274658203,5288800
2020-02-19,78.31409454345703,90.13999938964844,90.44000244140625,89.30000305175781,89.48999786376953,5210800
2020-02-20,76.97614288330078,88.5999984741211,90.25,87.7300033569336,89.7300033569336,5969200
2020-02-21,75.8988265991211,87.36000061035156,88.38999938964844,87.0,88.0,5800500
2020-02-24,73.43141174316406,84.5199966430664,86.05000305175781,84.26000213623047,84.52999877929688,8313600
2020-02-25,71.40711212158203,82.19000244140625,85.3499984741211,81.66999816894531,85.0199966430664,9404000
2020-02-26,70.08650970458984,80.66999816894531,83.23999786376953,80.63999938964844,82.5999984741211,10541500
2020-02-27,68.0187759399414,78.29000091552734,80.87000274658203,77.36000061035156,78.83000183105469,17120800
2020-02-28,68.14039611816406,78.43000030517578,78.80999755859375,75.72000122070312,76.16999816894531,19108600
2020-03-02,71.57215118408203,82.37999725341797,82.41000366210938,77.66000366210938,77.91999816894531,14258700
2020-03-03,68.2881088256836,78.5999984741211,82.62000274658203,78.11000061035156,82.30000305175781,12395900
2020-03-04,69.21772003173828,79.66999816894531,80.19999694824219,77.87999725341797,79.29000091552734,10999600
2020-03-05,66.19429016113281,76.19000244140625,77.9000015258789,75.27999877929688,77.9000015258789,12545300
2020-03-06,65.4557876586914,75.33999633789062,75.70999908447266,72.05000305175781,73.45999908447266,18080100
2020-03-09,61.53746795654297,70.83000183105469,74.02999877929688,70.08000183105469,70.58000183105469,15930300
2020-03-10,65.04743957519531,74.87000274658203,74.94999694824219,70.02999877929688,72.55999755859375,18414000
2020-03-11,59.33939743041992,68.30000305175781,74.2699966430664,67.4000015258789,72.83000183105469,17138000
2020-03-12,53.95280075073242,62.099998474121094,66.79000091552734,61.459999084472656,62.95000076293945,25170600
2020-03-13,60.746864318847656,69.91999816894531,70.18000030517578,63.5099983215332,65.6500015258789,19247200
2020-03-16,50.903297424316406,58.59000015258789,63.95000076293945,58.11000061035156,60.630001068115234,23354300
2020-03-17,51.24214172363281,58.97999954223633,59.619998931884766,53.61000061035156,59.54999923706055,25045200
2020-03-18,48.939796447753906,56.33000183105469,57.650001525878906,50.02000045776367,55.54999923706055,28770600
2020-03-19,53.353336334228516,61.40999984741211,63.36000061035156,53.54999923706055,56.22999954223633,25167400
2020-03-20,50.41676712036133,58.029998779296875,65.68000030517578,57.90999984741211,62.29999923706055,28420600
2020-03-23,49.130943298339844,56.54999923706055,57.439998626708984,54.0,57.22999954223633,24905800
2020-03-24,56.36808776855469,64.87999725341797,65.16000366210938,61.0,62.61000061035156,28286200
2020-03-25,57.17607116699219,65.80999755859375,69.63999938964844,63.4900016784668,66.83000183105469,22977200
2020-03-26,60.72947311401367,69.9000015258789,71.58000183105469,66.25,66.70999908447266,20997500
2020-03-27,57.636539459228516,66.33999633789062,68.25,64.81999969482422,66.68000030517578,18950500
2020-03-30,58.95713424682617,67.86000061035156,68.22000122070312,64.58000183105469,66.55999755859375,14199700
2020-03-31,57.11524963378906,65.73999786376953,68.31999969482422,65.30999755859375,67.18000030517578,20109800
2020-04-01,54.40458297729492,62.619998931884766,64.76000213623047,61.58000183105469,63.0,12880400
2020-04-02,56.47235107421875,65.0,68.69999694824219,62.90999984741211,65.75,18175000
2020-04-03,54.778167724609375,63.04999923706055,64.75,60.900001525878906,64.47000122070312,14676500
2020-04-06,58.896305084228516,67.79000091552734,68.33999633789062,64.41000366210938,66.2699966430664,18010800
2020-04-07,59.695594787597656,68.70999908447266,72.4800033569336,68.33000183105469,71.56999969482422,13799400
2020-04-08,62.180397033691406,71.56999969482422,71.91999816894531,68.54000091552734,69.58000183105469,10417600
2020-04-09,64.18730926513672,73.87999725341797,74.26000213623047,70.13999938964844,71.19999694824219,19748100
2020-04-13,62.345458984375,71.76000213623047,73.5999984741211,70.3499984741211,73.5199966430664,11191800
2020-04-14,64.00487518310547,73.66999816894531,74.33000183105469,72.66000366210938,73.69000244140625,10912000
2020-04-15,63.03182601928711,72.55000305175781,73.18000030517578,70.70999908447266,72.01000213623047,10642500
2020-04-16,63.86587905883789,73.51000213623047,73.76000213623047,71.3499984741211,73.11000061035156,11946800
2020-04-17,66.98489379882812,77.0999984741211,77.38999938964844,74.97000122070312,76.62000274658203,14268400
2020-04-20,65.43840789794922,75.31999969482422,76.9800033569336,75.08000183105469,76.0199966430664,9684700
2020-04-21,63.17951965332031,72.72000122070312,73.95999908447266,71.73999786376953,73.4000015258789,10345800
2020-04-22,67.2889633178711,77.44999694824219,78.05999755859375,74.43000030517578,74.55000305175781,11347000
2020-04-23,65.29070281982422,75.1500015258789,77.66999816894531,74.26000213623047,77.33000183105469,15513400
2020-04-24,65.66429138183594,75.58000183105469,76.02999877929688,74.20999908447266,75.75,8456000
2020-04-27,67.5409164428711,77.73999786376953,78.04000091552734,76.54000091552734,76.68000030517578,8258500
2020-04-28,68.3663101196289,78.69000244140625,79.61000061035156,76.95999908447266,78.66999816894531,12801400
2020-04-29,66.77637481689453,76.86000061035156,78.75,76.72000122070312,78.18000030517578,24575500
2020-04-30,66.66341400146484,76.7300033569336,77.63999938964844,75.19000244140625,76.83000183105469,15186000
2020-05-01,64.10913848876953,73.79000091552734,75.87999725341797,73.20999908447266,74.9000015258789,11216700
2020-05-04,62.458396911621094,71.88999938964844,72.62000274658203,71.26000213623047,72.58000183105469,12921800
2020-05-05,63.33589553833008,72.9000015258789,75.08000183105469,72.88999938964844,74.95999908447266,12976000
2020-05-06,63.38804626464844,72.95999908447266,74.8499984741211,72.86000061035156,73.7699966430664,12740900
2020-05-07,66.40234375,76.0,76.02999877929688,73.37000274658203,73.80999755859375,13360500
2020-05-08,68.03620147705078,77.87000274658203,77.93000030517578,75.76000213623047,77.25,11917200
2020-05-11,66.28876495361328,75.87000274658203,77.18000030517578,75.80000305175781,76.62000274658203,9004500
2020-05-12,64.96073150634766,74.3499984741211,76.7300033569336,74.33999633789062,76.0,8549900
2020-05-13,64.32290649414062,73.62000274658203,75.75,72.91999816894531,74.45999908447266,11532700
2020-05-14,64.82091522216797,74.19000244140625,74.29000091552734,70.6500015258789,72.31999969482422,11932300
2020-05-15,64.79470825195312,74.16000366210938,74.63999938964844,72.66999816894531,72.80999755859375,9489100
2020-05-18,66.60327911376953,76.2300033569336,77.5,76.19999694824219,76.86000061035156,8903200
2020-05-19,66.280029296875,75.86000061035156,77.22000122070312,75.76000213623047,76.4000015258789,6484900
2020-05-20,67.94009399414062,77.76000213623047,77.83999633789062,76.5199966430664,77.2300033569336,7790500
2020-05-21,68.19345092773438,78.05000305175781,79.37999725341797,77.88999938964844,78.5999984741211,10312600
2020-05-22,67.8177719116211,77.62000274658203,78.05000305175781,76.5199966430664,77.9000015258789,7653300
2020-05-26,67.94009399414062,77.76000213623047,79.91999816894531,77.58000183105469,79.5999984741211,8422200
2020-05-27,68.67401885986328,78.5999984741211,78.9800033569336,77.38999938964844,78.9800033569336,8245300
2020-05-28,68.62158966064453,78.54000091552734,80.05999755859375,77.93000030517578,78.63999938964844,8331400
2020-05-29,68.14102935791016,77.98999786376953,78.63999938964844,77.26000213623047,78.62000274658203,10043600
2020-06-01,68.42935180664062,78.31999969482422,78.6500015258789,76.7699966430664,77.66000366210938,7922000
2020-06-02,67.95755004882812,77.77999877929688,78.26000213623047,76.79000091552734,77.97000122070312,9521000
2020-06-03,69.53024291992188,79.58000183105469,79.94999694824219,78.30000305175781,78.44999694824219,9956700
2020-06-04,68.79631805419922,78.73999786376953,80.16999816894531,78.47000122070312,79.30999755859375,7667600
2020-06-05,71.76695251464844,82.13999938964844,82.33000183105469,79.97000122070312,80.33000183105469,12030800
2020-06-08,73.00762939453125,83.55999755859375,83.62000274658203,82.18000030517578,83.08000183105469,10229600
2020-06-09,71.96790313720703,82.37000274658203,83.22000122070312,81.76000213623047,82.62000274658203,7999800
2020-06-10,69.0322265625,79.01000213623047,80.02999877929688,78.19999694824219,79.87999725341797,19683800
2020-06-11,63.405513763427734,72.56999969482422,76.79000091552734,72.1500015258789,75.75,26422200
2020-06-12,66.73436737060547,76.37999725341797,76.72000122070312,73.80999755859375,75.0,18529800
2020-06-15,67.24110412597656,76.95999908447266,77.91000366210938,74.08000183105469,74.30000305175781,14644700
2020-06-16,68.00996398925781,77.83999633789062,78.94000244140625,76.38999938964844,78.79000091552734,10890100
2020-06-17,67.36344146728516,77.0999984741211,78.29000091552734,76.68000030517578,78.06999969482422,6906700
2020-06-18,66.6731948852539,76.30999755859375,76.79000091552734,75.80000305175781,76.72000122070312,8486000
2020-06-19,65.87812042236328,75.4000015258789,77.37999725341797,74.87999725341797,77.02999877929688,12538600
2020-06-22,65.87812042236328,75.4000015258789,75.6500015258789,73.91999816894531,74.9000015258789,8238600
2020-06-23,65.95675659179688,75.48999786376953,76.37000274658203,75.06999969482422,76.33000183105469,8076600
2020-06-24,64.34039306640625,73.63999938964844,74.91999816894531,72.0,74.9000015258789,12306400
2020-06-25,64.52384948730469,73.8499984741211,74.11000061035156,72.16999816894531,73.22000122070312,8624800
2020-06-26,62.531795501708984,71.56999969482422,73.7699966430664,71.25,73.62999725341797,17627800
2020-06-29,64.20059204101562,73.4800033569336,73.5,71.05999755859375,71.41000366210938,8653000
2020-06-30,64.29669952392578,73.58999633789062,73.87999725341797,72.80999755859375,73.58000183105469,11324000
2020-07-01,64.6811294555664,74.02999877929688,74.69000244140625,73.37999725341797,74.0,6750000
2020-07-02,64.46269226074219,73.77999877929688,75.08999633789062,73.63999938964844,75.04000091552734,6544400
2020-07-06,65.91307830810547,75.44000244140625,75.4800033569336,74.16000366210938,74.93000030517578,7235300
2020-07-07,64.87334442138672,74.25,75.2300033569336,74.0,75.12999725341797,7515100
2020-07-08,64.7772216796875,74.13999938964844,74.5,73.33000183105469,74.06999969482422,7346200
2020-07-09,64.27921295166016,73.56999969482422,74.22000122070312,71.93000030517578,73.7300033569336,9618200
2020-07-10,64.90828704833984,74.29000091552734,74.55999755859375,72.73999786376953,73.0,7524200
2020-07-13,63.47539138793945,72.6500015258789,74.83999633789062,72.48999786376953,74.55999755859375,9464500
2020-07-14,63.54529571533203,72.7300033569336,72.97000122070312,71.81999969482422,72.0,8780900
2020-07-15,66.06159973144531,75.61000061035156,75.80999755859375,73.95999908447266,74.45999908447266,10300700
2020-07-16,64.99566650390625,74.38999938964844,75.13999938964844,73.68000030517578,74.9000015258789,6649300
2020-07-17,64.79470825195312,74.16000366210938,74.55000305175781,73.20999908447266,74.43000030517578,6087500
2020-07-20,65.4936752319336,74.95999908447266,75.22000122070312,73.62999725341797,74.16000366210938,8832700
2020-07-21,65.91307830810547,75.44000244140625,76.80000305175781,75.2699966430664,75.77999877929688,10637500
2020-07-22,67.48574829101562,77.23999786376953,77.33000183105469,75.12000274658203,75.5199966430664,9213100
2020-07-23,65.8431625366211,75.36000061035156,77.06999969482422,74.9000015258789,76.87999725341797,7795100
2020-07-24,66.21013641357422,75.77999877929688,76.0,75.11000061035156,75.27999877929688,5673400
2020-07-27,66.80423736572266,76.45999908447266,76.70999908447266,75.54000091552734,75.88999938964844,6771100
2020-07-28,65.21409606933594,74.63999938964844,76.38999938964844,74.55999755859375,76.30000305175781,12273400
2020-07-29,67.64300537109375,77.41999816894531,78.48999786376953,76.9000015258789,77.55999755859375,15261100
2020-07-30,66.96153259277344,76.63999938964844,76.9800033569336,75.4000015258789,76.62999725341797,7889800
2020-07-31,66.86541748046875,76.52999877929688,76.54000091552734,75.4800033569336,76.23999786376953,7423800
2020-08-03,65.96548461914062,75.5,76.5999984741211,75.44000244140625,76.4800033569336,7138300
2020-08-04,65.64221954345703,75.12999725341797,75.48999786376953,74.76000213623047,75.37000274658203,12792400
2020-08-05,66.21013641357422,75.77999877929688,75.98999786376953,75.33000183105469,75.3499984741211,7780800
2020-08-06,66.46489715576172,75.66000366210938,75.91999816894531,74.94000244140625,75.19999694824219,6764800
2020-08-07,66.57907104492188,75.79000091552734,75.93000030517578,75.20999908447266,75.4800033569336,6569300
2020-08-10,68.05490112304688,77.47000122070312,77.66999816894531,75.80999755859375,75.81999969482422,6604300
2020-08-11,69.28475952148438,78.87000274658203,79.9800033569336,78.0,78.2699966430664,10238500
2020-08-12,69.65372467041016,79.29000091552734,79.69000244140625,78.66999816894531,79.58999633789062,5378000
2020-08-13,69.41653442382812,79.0199966430664,79.63999938964844,78.83999633789062,78.91999816894531,4383400
2020-08-14,68.84552764892578,78.37000274658203,78.93000030517578,78.0199966430664,78.54000091552734,3771300
2020-08-17,69.35504913330078,78.94999694824219,78.95999908447266,78.12000274658203,78.5999984741211,5360400
2020-08-18,69.39018249511719,78.98999786376953,79.36000061035156,78.3499984741211,79.1500015258789,5272700
2020-08-19,68.19548034667969,77.62999725341797,79.38999938964844,77.43000030517578,79.18000030517578,6840600
2020-08-20,67.83528900146484,77.22000122070312,77.6500015258789,76.45999908447266,77.02999877929688,5099500
2020-08-21,67.70352935791016,77.06999969482422,77.2699966430664,76.69000244140625,76.94000244140625,5594100
2020-08-24,69.11785125732422,78.68000030517578,79.13999938964844,77.25,77.70999908447266,5867400
2020-08-25,72.6668701171875,82.72000122070312,83.06999969482422,79.79000091552734,80.05999755859375,17659500
2020-08-26,72.39453887939453,82.41000366210938,82.75,81.87999725341797,82.41999816894531,7934300
2020-08-27,73.27301788330078,83.41000366210938,83.63999938964844,82.5,82.75,9099200
2020-08-28,74.66976928710938,85.0,85.29000091552734,83.43000030517578,83.79000091552734,9303900
2020-08-31,74.20419311523438,84.47000122070312,85.36000061035156,84.02999877929688,84.62999725341797,6401600
2020-09-01,75.59217071533203,86.05000305175781,86.08999633789062,84.2300033569336,84.69999694824219,8166100
2020-09-02,77.61264038085938,88.3499984741211,88.75,86.29000091552734,86.51000213623047,11378900
2020-09-03,75.96990203857422,86.4800033569336,88.9800033569336,85.69000244140625,88.5999984741211,11036600
2020-09-04,75.78543090820312,86.2699966430664,87.77999877929688,85.30999755859375,87.08999633789062,10349400
2020-09-08,75.02994537353516,85.41000366210938,87.58000183105469,84.7699966430664,85.2699966430664,11083100
2020-09-09,75.42525482177734,85.86000061035156,86.83000183105469,84.45999908447266,85.93000030517578,6928700
2020-09-10,74.5643539428711,84.87999725341797,87.06999969482422,84.52999877929688,85.80000305175781,7552000
2020-09-11,74.90694427490234,85.2699966430664,85.8499984741211,84.1500015258789,84.94999694824219,7103300
2020-09-14,76.1016845703125,86.62999725341797,87.05999755859375,85.63999938964844,85.75,5535800
2020-09-15,77.0504150390625,87.70999908447266,88.25,87.16999816894531,87.18000030517578,8361900
2020-09-16,77.63900756835938,88.37999725341797,89.43000030517578,87.75,88.0,7146400
2020-09-17,76.20709228515625,86.75,87.31999969482422,85.36000061035156,87.05000305175781,7386600
2020-09-18,74.62584686279297,84.94999694824219,87.23999786376953,84.5999984741211,86.80999755859375,10113400
2020-09-21,73.69466400146484,83.88999938964844,83.94999694824219,81.75,82.86000061035156,7188800
2020-09-22,73.74738311767578,83.94999694824219,84.38999938964844,83.18000030517578,84.05000305175781,4465000
2020-09-23,72.90403747558594,82.98999786376953,84.9000015258789,82.81999969482422,84.37999725341797,6414700
2020-09-24,72.9479751586914,83.04000091552734,84.13999938964844,81.91999816894531,82.62999725341797,4881500
2020-09-25,74.05484771728516,84.30000305175781,84.69000244140625,82.22000122070312,82.52999877929688,5981500
2020-09-28,75.60973358154297,86.06999969482422,86.23999786376953,84.98999786376953,85.5199966430664,5976200
2020-09-29,74.49407958984375,84.80000305175781,86.25,84.62999725341797,86.25,4064000
2020-09-30,75.47796630859375,85.91999816894531,87.16000366210938,85.47000122070312,86.62999725341797,10134400
2020-10-01,76.19831848144531,86.73999786376953,87.44999694824219,86.19999694824219,87.04000091552734,7241200
2020-10-02,76.04896545410156,86.56999969482422,87.12999725341797,85.08999633789062,85.1500015258789,5602300
2020-10-05,77.71804809570312,88.47000122070312,88.68000030517578,87.19999694824219,87.2699966430664,7004800
2020-10-06,76.43549346923828,87.01000213623047,89.27999877929688,86.80000305175781,88.6500015258789,7951100
2020-10-07,77.70048522949219,88.44999694824219,88.9800033569336,87.44000244140625,87.81999969482422,5179300
2020-10-08,78.64923095703125,89.52999877929688,89.61000061035156,88.41000366210938,88.45999908447266,4958800
2020-10-09,79.07089233398438,90.01000213623047,90.33000183105469,89.58000183105469,89.80000305175781,6197700
2020-10-12,79.74732208251953,90.77999877929688,91.0999984741211,89.93000030517578,90.45999908447266,5909100
2020-10-13,79.20266723632812,90.16000366210938,90.8499984741211,89.7699966430664,90.58000183105469,5732000
2020-10-14,78.45597839355469,89.30999755859375,90.5999984741211,88.55999755859375,90.16999816894531,4760700
2020-10-15,78.0343017578125,88.83000183105469,88.87000274658203,87.66999816894531,88.16000366210938,5002200
2020-10-16,77.761962890625,88.5199966430664,89.62999725341797,88.44000244140625,89.38999938964844,4721300
2020-10-19,76.95378875732422,87.5999984741211,89.56999969482422,87.36000061035156,88.69999694824219,5426600
2020-10-20,77.75318145751953,88.51000213623047,89.72000122070312,88.04000091552734,88.68000030517578,4939700
2020-10-21,77.54236602783203,88.2699966430664,89.16000366210938,88.19000244140625,88.37999725341797,4119200
2020-10-22,78.49989318847656,89.36000061035156,89.37999725341797,87.69999694824219,88.0199966430664,4257800
2020-10-23,79.7648696899414,90.80000305175781,90.95999908447266,89.44000244140625,89.80000305175781,7811500
2020-10-26,78.76343536376953,89.66000366210938,91.12999725341797,88.6500015258789,90.02999877929688,7756400
2020-10-27,79.10603332519531,90.05000305175781,90.3499984741211,89.16999816894531,89.4800033569336,8027500
2020-10-28,76.57606506347656,87.16999816894531,88.94999694824219,86.61000061035156,88.6500015258789,12738800
2020-10-29,77.56871032714844,88.30000305175781,89.11000061035156,86.61000061035156,87.16999816894531,8440000
2020-10-30,76.39155578613281,86.95999908447266,88.38999938964844,85.62999725341797,87.75,11400700
2020-11-02,75.52189636230469,85.97000122070312,87.7699966430664,85.44999694824219,87.54000091552734,8904900
2020-11-03,77.64778900146484,88.38999938964844,89.05999755859375,86.18000030517578,86.77999877929688,6910400
2020-11-04,78.87763214111328,89.79000091552734,91.29000091552734,88.73999786376953,88.9000015258789,10509400
2020-11-05,79.60675811767578,90.62000274658203,91.16000366210938,89.9000015258789,90.69000244140625,6169700
2020-11-06,79.63312530517578,90.6500015258789,91.19999694824219,89.77999877929688,90.1500015258789,6626100
2020-11-09,84.22750854492188,95.87999725341797,97.6500015258789,95.63999938964844,97.31999969482422,16225800
2020-11-10,82.8947525024414,93.91999816894531,95.2699966430664,93.13999938964844,93.73999786376953,10474700
2020-11-11,83.88328552246094,95.04000091552734,95.83000183105469,94.0199966430664,94.11000061035156,8296500
2020-11-12,82.55054473876953,93.52999877929688,94.76000213623047,92.66000366210938,94.66000366210938,7058400
2020-11-13,84.34224700927734,95.55999755859375,95.58999633789062,93.69999694824219,94.37999725341797,5516100
2020-11-16,86.3016357421875,97.77999877929688,97.80999755859375,96.0199966430664,96.79000091552734,9371300
2020-11-17,87.02537536621094,98.5999984741211,98.77999877929688,96.80999755859375,97.20999908447266,8722300
2020-11-18,86.41639709472656,97.91000366210938,99.33000183105469,97.91000366210938,98.62999725341797,6039500
2020-11-19,86.28399658203125,97.76000213623047,97.91999816894531,96.86000061035156,97.23999786376953,4252300
2020-11-20,85.62202453613281,97.01000213623047,97.54000091552734,96.94999694824219,97.41999816894531,4609700
2020-11-23,85.50729370117188,96.87999725341797,97.86000061035156,96.41999816894531,97.62000274658203,4803200
2020-11-24,86.76060485839844,98.30000305175781,98.72000122070312,97.4000015258789,97.51000213623047,6319900
2020-11-25,86.6723403930664,98.19999694824219,98.54000091552734,97.94000244140625,98.5,4027100
2020-11-27,87.0783462524414,98.66000366210938,98.9800033569336,98.27999877929688,98.4800033569336,2169700
2020-11-30,86.51345825195312,98.0199966430664,98.29000091552734,96.95999908447266,98.19999694824219,5197300
2020-12-01,87.21954345703125,98.81999969482422,99.26000213623047,98.25,99.0,4970000
2020-12-02,87.29901123046875,98.91000366210938,99.04000091552734,98.20999908447266,98.51000213623047,3377900
2020-12-03,88.35811614990234,100.11000061035156,101.0,98.97000122070312,99.0199966430664,6264100
2020-12-04,90.27339935302734,102.27999877929688,102.94000244140625,101.06999969482422,101.3499984741211,6952700
2020-12-07,89.50550842285156,101.41000366210938,102.22000122070312,100.69000244140625,102.01000213623047,4514800
2020-12-08,89.32899475097656,101.20999908447266,101.56999969482422,100.01000213623047,100.37000274658203,3911300
2020-12-09,88.61407470703125,100.4000015258789,102.20999908447266,100.0999984741211,101.94000244140625,6629900
2020-12-10,93.01831817626953,105.38999938964844,106.08999633789062,102.75,103.51000213623047,12939200
2020-12-11,90.90885925292969,103.0,104.77999877929688,102.33000183105469,104.41000366210938,6262600
2020-12-14,91.19129943847656,103.31999969482422,104.70999908447266,103.25,103.83000183105469,5156200
2020-12-15,91.95035552978516,104.18000030517578,104.86000061035156,103.77999877929688,104.23999786376953,5195200
2020-12-16,91.14717102050781,103.2699966430664,104.80000305175781,102.72000122070312,104.0999984741211,6409300
2020-12-17,91.0942153930664,103.20999908447266,104.04000091552734,102.61000061035156,103.55000305175781,4535700
2020-12-18,91.15601348876953,103.27999877929688,104.11000061035156,102.94999694824219,103.33000183105469,10215000
2020-12-21,90.85590362548828,102.94000244140625,103.1500015258789,100.0199966430664,101.22000122070312,7175900
2020-12-22,90.38812255859375,102.41000366210938,103.16999816894531,101.88999938964844,102.12000274658203,4302700
2020-12-23,90.07921600341797,102.05999755859375,102.69000244140625,101.97000122070312,102.29000091552734,3817300
2020-12-24,90.03508758544922,102.01000213623047,102.36000061035156,101.68000030517578,102.30000305175781,1949200
2020-12-28,92.09154510498047,104.33999633789062,104.37999725341797,102.30999755859375,102.91999816894531,5055200
2020-12-29,93.23014831542969,105.62999725341797,105.77999877929688,104.47000122070312,104.88999938964844,4780900
2020-12-30,93.53022003173828,105.97000122070312,106.62000274658203,105.77999877929688,105.98999786376953,3654100
2020-12-31,94.42166137695312,106.9800033569336,107.13999938964844,105.62000274658203,106.0,3566300
2021-01-04,90.99712371826172,103.0999984741211,107.75,102.13999938964844,107.66000366210938,8041500
2021-01-05,91.29720306396484,103.44000244140625,104.26000213623047,102.80000305175781,102.91999816894531,5721900
2021-01-06,91.95917510986328,104.19000244140625,105.20999908447266,102.91000366210938,102.98999786376953,5017200
2021-01-07,91.21778106689453,103.3499984741211,104.63999938964844,102.94999694824219,104.48999786376953,5057000
2021-01-08,93.26541900634766,105.66999816894531,105.76000213623047,103.41999816894531,103.86000061035156,5869700
2021-01-11,92.32105255126953,104.5999984741211,105.63999938964844,104.2699966430664,105.0999984741211,4257400
2021-01-12,90.75000762939453,102.81999969482422,104.31999969482422,102.30999755859375,104.01000213623047,4332600
2021-01-13,90.8117904663086,102.88999938964844,103.37999725341797,101.48999786376953,102.31999969482422,4804500
2021-01-14,89.86737060546875,101.81999969482422,104.19000244140625,101.70999908447266,103.80000305175781,4528300
2021-01-15,90.31751251220703,102.33000183105469,102.69000244140625,101.20999908447266,101.37999725341797,5522900
2021-01-19,90.50287628173828,102.54000091552734,103.5999984741211,101.33999633789062,102.80000305175781,6519600
2021-01-20,93.08006286621094,105.45999908447266,105.8499984741211,102.19999694824219,102.41000366210938,5844300
2021-01-21,92.30339050292969,104.58000183105469,105.48999786376953,104.44999694824219,105.45999908447266,5731500
2021-01-22,91.71204376220703,103.91000366210938,104.47000122070312,103.05999755859375,104.16000366210938,5231600
2021-01-25,91.30603790283203,103.44999694824219,103.94999694824219,102.16999816894531,103.75,5009000
2021-01-26,92.40048217773438,104.69000244140625,105.20999908447266,103.23999786376953,103.4000015258789,7195300
2021-01-27,86.38107299804688,97.87000274658203,101.77999877929688,96.7300033569336,101.4800033569336,18139500
2021-01-28,86.62821960449219,98.1500015258789,100.52999877929688,98.0999984741211,98.94000244140625,8868200
2021-01-29,85.44549560546875,96.80999755859375,97.79000091552734,95.91999816894531,97.38999938964844,8203000
2021-02-01,87.00772857666016,98.58000183105469,99.62000274658203,96.91999816894531,96.98999786376953,7206300
2021-02-02,89.71736145019531,101.6500015258789,102.4800033569336,98.77999877929688,99.05000305175781,6917700
2021-02-03,89.16130065917969,101.0199966430664,102.6500015258789,100.80999755859375,101.25,3934800
2021-02-04,91.47374725341797,103.63999938964844,104.23999786376953,101.11000061035156,101.36000061035156,6926800
2021-02-05,93.98033142089844,106.4800033569336,107.54000091552734,104.77999877929688,105.08999633789062,8072100
2021-02-08,93.78617095947266,106.26000213623047,106.52999877929688,105.33999633789062,106.41999816894531,4836600
2021-02-09,93.75086975097656,106.22000122070312,106.83000183105469,105.22000122070312,106.0,4095200
2021-02-10,93.44197082519531,105.87000274658203,106.9000015258789,104.93000030517578,106.77999877929688,4293200
2021-02-11,93.43312072753906,105.86000061035156,106.2300033569336,105.02999877929688,106.12000274658203,2976000
2021-02-12,92.9388656616211,105.30000305175781,105.94000244140625,104.72000122070312,105.73999786376953,3169800
2021-02-16,93.68910217285156,106.1500015258789,106.58999633789062,104.69999694824219,104.87999725341797,4928100
2021-02-17,92.57225799560547,104.44000244140625,105.45999908447266,104.1500015258789,105.11000061035156,5733800
2021-02-18,93.04204559326172,104.97000122070312,105.33999633789062,103.41000366210938,103.77999877929688,4098700
2021-02-19,91.62384796142578,103.37000274658203,105.27999877929688,103.22000122070312,104.75,4128900
2021-02-22,90.2411117553711,101.80999755859375,102.98999786376953,101.75,102.98999786376953,5211800
2021-02-23,89.85111999511719,101.37000274658203,103.33999633789062,99.93000030517578,103.33999633789062,8740300
2021-02-24,92.51908874511719,104.37999725341797,104.51000213623047,100.5999984741211,101.16000366210938,7542700
2021-02-25,91.71249389648438,103.47000122070312,105.7699966430664,103.11000061035156,104.0,7534000
2021-02-26,95.75432586669922,108.02999877929688,109.4800033569336,103.68000030517578,104.1500015258789,15122900
2021-03-01,94.72615051269531,106.87000274658203,110.47000122070312,106.54000091552734,108.5999984741211,7930300
2021-03-02,95.01863861083984,107.19999694824219,108.25,105.81999969482422,107.30999755859375,5016800
2021-03-03,94.14999389648438,106.22000122070312,107.95999908447266,106.12000274658203,106.94000244140625,5313400
2021-03-04,92.97112274169922,104.88999938964844,107.16999816894531,103.8499984741211,106.26000213623047,7211800
2021-03-05,93.24590301513672,105.19999694824219,106.05999755859375,102.75,106.05999755859375,5559900
2021-03-08,93.09521484375,105.02999877929688,106.88999938964844,104.2300033569336,104.80000305175781,5119500
2021-03-09,94.44251251220703,106.55000305175781,107.97000122070312,105.83000183105469,106.27999877929688,5510900
2021-03-10,95.53273010253906,107.77999877929688,109.06999969482422,106.95999908447266,107.22000122070312,6077000
2021-03-11,95.12500762939453,107.31999969482422,108.56999969482422,107.26000213623047,108.41000366210938,4670700
2021-03-12,95.55933380126953,107.80999755859375,107.98999786376953,106.58000183105469,107.41999816894531,3356000
2021-03-15,96.52545928955078,108.9000015258789,108.94999694824219,107.05999755859375,107.88999938964844,7107300
2021-03-16,98.68820190429688,111.33999633789062,112.33999633789062,109.88999938964844,110.56999969482422,11376200
2021-03-17,97.90821075439453,110.45999908447266,111.45999908447266,108.93000030517578,111.30999755859375,10128400
2021-03-18,95.39090728759766,107.62000274658203,110.2699966430664,107.5,109.27999877929688,7813400
2021-03-19,94.25637817382812,106.33999633789062,108.8499984741211,105.83000183105469,108.3499984741211,21452000
2021-03-22,95.34661102294922,107.56999969482422,108.41999816894531,106.0,106.4000015258789,7605100
2021-03-23,94.17658233642578,106.25,107.94999694824219,105.66999816894531,107.73999786376953,5657800
2021-03-24,93.04204559326172,104.97000122070312,107.27999877929688,104.94000244140625,106.62999725341797,5731300
2021-03-25,95.15160369873047,107.3499984741211,107.69999694824219,104.05999755859375,105.01000213623047,8149000
2021-03-26,97.41183471679688,109.9000015258789,110.0,107.18000030517578,107.25,6167600
2021-03-29,96.72932434082031,109.12999725341797,110.25,106.58999633789062,109.01000213623047,5167100
2021-03-30,97.73979187011719,110.2699966430664,110.44999694824219,108.27999877929688,108.41999816894531,4552900
2021-03-31,96.85340881347656,109.2699966430664,111.62000274658203,109.19000244140625,110.33000183105469,6478400
2021-04-01,96.95092010498047,109.37999725341797,110.05999755859375,108.19999694824219,110.05999755859375,5793000
2021-04-05,98.4045639038086,111.0199966430664,111.3499984741211,109.87000274658203,109.91000366210938,6913100
2021-04-06,100.29253387451172,113.1500015258789,113.81999969482422,111.0999984741211,111.37999725341797,6745200
2021-04-07,100.32798767089844,113.19000244140625,113.76000213623047,112.6500015258789,112.91000366210938,5629600
2021-04-08,100.1950454711914,113.04000091552734,113.95999908447266,112.68000030517578,113.6500015258789,5011300
2021-04-09,100.3191146850586,113.18000030517578,113.2699966430664,111.97000122070312,112.91000366210938,4114300
2021-04-12,100.87752532958984,113.80999755859375,113.88999938964844,112.7699966430664,113.0199966430664,4707800
2021-04-13,102.25138854980469,115.36000061035156,115.5999984741211,113.68000030517578,113.77999877929688,4607400
2021-04-14,102.0741195678711,115.16000366210938,116.23999786376953,114.72000122070312,115.22000122070312,3994600
2021-04-15,103.4036865234375,116.66000366210938,116.88999938964844,114.77999877929688,115.0999984741211,5079100
2021-04-16,104.89277648925781,118.33999633789062,118.5,116.94000244140625,117.81999969482422,5777900
2021-04-19,104.23687744140625,117.5999984741211,118.9800033569336,117.04000091552734,118.16999816894531,4889700
2021-04-20,103.0580062866211,116.2699966430664,117.26000213623047,115.3499984741211,116.95999908447266,5662400
2021-04-21,103.47460174560547,116.73999786376953,117.26000213623047,115.86000061035156,116.08999633789062,4397400
2021-04-22,102.74777221679688,115.91999816894531,116.87999725341797,115.2300033569336,116.87000274658203,5744900
2021-04-23,104.201416015625,117.55999755859375,117.9800033569336,115.83999633789062,116.0199966430664,4555800
2021-04-26,102.74777221679688,115.91999816894531,117.25,115.05999755859375,116.94999694824219,5924900
2021-04-27,102.9516372680664,116.1500015258789,116.38999938964844,115.2699966430664,115.66999816894531,7260900
2021-04-28,99.62776184082031,112.4000015258789,114.1500015258789,111.61000061035156,113.44000244140625,14793500
2021-04-29,101.60435485839844,114.62999725341797,115.1500015258789,112.76000213623047,113.20999908447266,8936600
2021-04-30,101.48025512695312,114.48999786376953,114.94999694824219,113.48999786376953,114.0,6478700
2021-05-03,102.57050323486328,115.72000122070312,116.73999786376953,115.12999725341797,115.18000030517578,5049800
2021-05-04,101.1434555053711,114.11000061035156,115.4000015258789,113.54000091552734,115.1500015258789,6265100
2021-05-05,100.58500671386719,113.4800033569336,114.87999725341797,113.16000366210938,114.20999908447266,4677700
2021-05-06,101.70185089111328,114.73999786376953,114.80999755859375,113.0999984741211,113.6500015258789,4113300
2021-05-07,101.34730529785156,114.33999633789062,115.83999633789062,114.23999786376953,115.11000061035156,4867500
2021-05-10,101.31184387207031,114.30000305175781,116.08999633789062,114.20999908447266,114.56999969482422,5759500
2021-05-11,100.64707946777344,113.55000305175781,113.69000244140625,112.16999816894531,113.31999969482422,7775400
2021-05-12,97.70152282714844,109.79000091552734,112.38999938964844,109.55999755859375,111.87000274658203,7965300
2021-05-13,98.32444763183594,110.48999786376953,111.18000030517578,109.16000366210938,110.16000366210938,7999400
2021-05-14,98.9562759399414,111.19999694824219,111.58999633789062,110.25,111.01000213623047,6836300
2021-05-17,98.76050567626953,110.9800033569336,111.2699966430664,109.83000183105469,111.22000122070312,4521200
2021-05-18,98.84058380126953,111.06999969482422,112.20999908447266,111.01000213623047,111.37000274658203,5177300
2021-05-19,97.59471893310547,109.66999816894531,109.94000244140625,108.87999725341797,109.5999984741211,5997400
2021-05-20,99.1431655883789,111.41000366210938,111.69000244140625,109.87000274658203,109.9800033569336,5345500
2021-05-21,98.70709991455078,110.91999816894531,112.22000122070312,110.56999969482422,111.62999725341797,5146500
2021-05-24,100.13092803955078,112.5199966430664,113.02999877929688,111.5199966430664,111.80000305175781,5476100
2021-05-25,100.22882843017578,112.62999725341797,113.1500015258789,112.18000030517578,112.91999816894531,5391800
2021-05-26,100.42457580566406,112.8499984741211,113.87000274658203,112.62999725341797,113.30000305175781,3841600
2021-05-27,101.01193237304688,113.51000213623047,114.08999633789062,112.76000213623047,113.47000122070312,7378400
2021-05-28,101.34117889404297,113.87999725341797,114.3499984741211,113.05000305175781,114.3499984741211,4239800
2021-06-01,100.86064147949219,113.33999633789062,114.62000274658203,113.0999984741211,114.55999755859375,4306900
2021-06-02,100.5580825805664,113.0,113.70999908447266,112.75,113.70999908447266,5045000
2021-06-03,98.88508605957031,111.12000274658203,112.23999786376953,110.1500015258789,112.01000213623047,5723900
2021-06-04,99.65929412841797,111.98999786376953,112.06999969482422,111.05000305175781,111.62000274658203,4477500
2021-06-07,99.07196807861328,111.33000183105469,112.27999877929688,110.98999786376953,111.9800033569336,4009000
2021-06-08,99.24102783203125,111.5199966430664,111.98999786376953,110.86000061035156,111.37999725341797,4669800
2021-06-09,99.12535858154297,111.38999938964844,112.19000244140625,111.33000183105469,111.73999786376953,3669400
2021-06-10,99.85505676269531,112.20999908447266,112.43000030517578,111.44000244140625,111.80000305175781,3833200
2021-06-11,100.16654205322266,112.55999755859375,112.83000183105469,112.19000244140625,112.27999877929688,3231200
2021-06-14,100.0686264038086,112.44999694824219,113.2300033569336,111.5,112.77999877929688,4222400
2021-06-15,99.5703125,111.88999938964844,112.5,111.55999755859375,112.45999908447266,3487300
2021-06-16,99.09866333007812,111.36000061035156,112.56999969482422,110.19999694824219,112.41999816894531,4822000
2021-06-17,99.12535858154297,111.38999938964844,111.94999694824219,110.70999908447266,111.0,4008500
2021-06-18,97.62142944335938,109.69999694824219,110.75,109.26000213623047,110.73999786376953,7024400
2021-06-21,98.7515869140625,110.97000122070312,111.37000274658203,109.68000030517578,110.0,5628500
2021-06-22,99.53470611572266,111.8499984741211,112.26000213623047,110.5999984741211,111.06999969482422,3583500
2021-06-23,99.27662658691406,111.55999755859375,111.97000122070312,111.13999938964844,111.27999877929688,3552100
2021-06-24,99.65929412841797,111.98999786376953,112.91000366210938,111.77999877929688,111.77999877929688,3840000
2021-06-25,100.59369659423828,113.04000091552734,113.22000122070312,112.22000122070312,112.75,12171200
2021-06-28,99.88175964355469,112.23999786376953,113.05000305175781,111.44999694824219,112.93000030517578,4546600
2021-06-29,99.90843963623047,112.2699966430664,112.69000244140625,111.52999877929688,112.06999969482422,3789500
2021-06-30,99.49913024902344,111.80999755859375,112.58999633789062,111.2699966430664,112.33999633789062,6759100
2021-07-01,100.92293548583984,113.41000366210938,113.48999786376953,111.80999755859375,111.94999694824219,4810600
2021-07-02,102.31117248535156,114.97000122070312,115.30000305175781,113.70999908447266,113.97000122070312,4722000
2021-07-06,102.98750305175781,115.7300033569336,115.8499984741211,114.31999969482422,115.08000183105469,5294700
2021-07-07,104.24225616455078,117.13999938964844,117.7699966430664,115.6500015258789,115.87999725341797,5382300
2021-07-08,103.21886444091797,115.98999786376953,116.76000213623047,115.23999786376953,115.44999694824219,4486100
2021-07-09,104.53591918945312,117.47000122070312,117.73999786376953,116.0,116.05999755859375,3533600
2021-07-12,105.4168930053711,118.45999908447266,118.77999877929688,117.38999938964844,117.75,5683400
2021-07-13,106.38689422607422,119.55000305175781,119.98999786376953,118.44999694824219,118.54000091552734,5529300
2021-07-14,106.60935974121094,119.80000305175781,120.83000183105469,119.68000030517578,119.94000244140625,5701800
2021-07-15,105.87075805664062,118.97000122070312,119.58000183105469,118.18000030517578,119.29000091552734,6467500
2021-07-16,105.65717315673828,118.7300033569336,120.4800033569336,118.5,119.68000030517578,5024800
2021-07-19,102.62263488769531,115.31999969482422,117.55000305175781,114.33000183105469,117.54000091552734,7731300
2021-07-20,104.49140167236328,117.41999816894531,118.06999969482422,115.33000183105469,115.62999725341797,5117800
2021-07-21,106.13770294189453,119.2699966430664,119.6500015258789,117.4800033569336,117.54000091552734,4377500
2021-07-22,109.12776184082031,122.62999725341797,122.91999816894531,119.06999969482422,119.33999633789062,7172300
2021-07-23,112.10002136230469,125.97000122070312,126.31999969482422,123.91999816894531,124.55000305175781,7934200
2021-07-26,112.18009185791016,126.05999755859375,126.0999984741211,124.25,125.73999786376953,4827500
2021-07-27,112.15340423583984,126.02999877929688,126.16000366210938,124.80999755859375,126.08000183105469,6110900
2021-07-28,108.9320068359375,122.41000366210938,123.33000183105469,121.38999938964844,122.55999755859375,11747000
2021-07-29,108.90528106689453,122.37999725341797,123.47000122070312,122.13999938964844,122.93000030517578,6618400
2021-07-30,108.05988311767578,121.43000030517578,122.9800033569336,121.0999984741211,122.19000244140625,5712300
2021-08-02,107.11660766601562,120.37000274658203,122.9800033569336,120.06999969482422,122.02999877929688,5996800
2021-08-03,106.01313018798828,119.12999725341797,120.75,117.5199966430664,120.56999969482422,6030500
2021-08-04,105.23003387451172,118.25,119.20999908447266,117.56999969482422,119.12999725341797,6675500
2021-08-05,105.92414855957031,119.02999877929688,119.08999633789062,118.11000061035156,118.72000122070312,4281900
2021-08-06,105.94194793701172,119.05000305175781,119.20999908447266,118.08000183105469,119.13999938964844,6832600
2021-08-09,104.95417785644531,117.94000244140625,119.0199966430664,117.75,118.98999786376953,4557900
2021-08-10,103.57481384277344,116.38999938964844,118.5,115.9800033569336,118.38999938964844,9839700
2021-08-11,104.0750961303711,116.5,117.29000091552734,115.9000015258789,116.33999633789062,6472300
2021-08-12,103.40508270263672,115.75,116.77999877929688,115.51000213623047,116.41000366210938,4358300
2021-08-13,104.30738067626953,116.76000213623047,116.83000183105469,115.4000015258789,115.94000244140625,4361700
2021-08-16,105.00418853759766,117.54000091552734,117.7300033569336,116.41000366210938,116.69000244140625,5976000
2021-08-17,104.13764953613281,116.56999969482422,116.94000244140625,115.55999755859375,116.62000274658203,4719800
2021-08-18,103.34255981445312,115.68000030517578,116.73999786376953,115.5999984741211,116.27999877929688,4520500
2021-08-19,102.12759399414062,114.31999969482422,115.06999969482422,113.61000061035156,114.51000213623047,5317100
2021-08-20,102.40453338623047,114.62999725341797,115.0,113.66000366210938,113.9800033569336,3486300
2021-08-23,102.86907196044922,115.1500015258789,115.45999908447266,114.70999908447266,114.70999908447266,4235100
2021-08-24,102.80655670166016,115.08000183105469,115.8499984741211,114.94000244140625,115.38999938964844,3447300
2021-08-25,103.24427795410156,115.56999969482422,115.98999786376953,115.0,115.58999633789062,3881500
2021-08-26,102.12759399414062,114.31999969482422,115.7699966430664,113.86000061035156,115.62000274658203,5188200
2021-08-27,102.84226989746094,115.12000274658203,115.38999938964844,114.18000030517578,114.61000061035156,4204700
2021-08-30,103.28002166748047,115.61000061035156,115.81999969482422,114.62999725341797,115.61000061035156,3078200
2021-08-31,104.95951080322266,117.48999786376953,117.5999984741211,115.6500015258789,115.7699966430664,6995500
2021-09-01,104.92378997802734,117.44999694824219,118.33000183105469,117.27999877929688,118.01000213623047,4402700
2021-09-02,104.8523178100586,117.37000274658203,118.36000061035156,116.9000015258789,118.29000091552734,3801900
2021-09-03,104.6915054321289,117.19000244140625,117.58000183105469,116.33999633789062,116.83999633789062,2921300
2021-09-07,103.4408187866211,115.79000091552734,117.12999725341797,115.47000122070312,117.08999633789062,4264900
2021-09-08,105.45085906982422,118.04000091552734,118.19000244140625,115.51000213623047,116.0999984741211,5548400
2021-09-09,106.12086486816406,118.79000091552734,120.06999969482422,117.80000305175781,117.9800033569336,4711200
2021-09-10,106.61222076416016,119.33999633789062,120.76000213623047,118.88999938964844,119.3499984741211,6517900
2021-09-13,106.46928405761719,119.18000030517578,120.1500015258789,118.55999755859375,119.88999938964844,4381100
2021-09-14,106.18339538574219,118.86000061035156,119.86000061035156,118.36000061035156,119.72000122070312,4722800
2021-09-15,102.4134750366211,114.63999938964844,117.0199966430664,113.12000274658203,116.95999908447266,11556200
2021-09-16,102.4402847290039,114.66999816894531,115.2699966430664,113.19000244140625,114.79000091552734,7997000
2021-09-17,101.3146743774414,113.41000366210938,114.8499984741211,113.12000274658203,114.54000091552734,9261000
2021-09-20,99.89423370361328,111.81999969482422,112.2699966430664,110.37999725341797,111.3499984741211,7795200
2021-09-21,100.2515640258789,112.22000122070312,113.5999984741211,111.75,111.91999816894531,5468400
2021-09-22,101.01091003417969,113.06999969482422,114.02999877929688,112.31999969482422,113.05999755859375,4578200
2021-09-23,101.96678924560547,114.13999938964844,114.70999908447266,113.0999984741211,113.38999938964844,3842000
2021-09-24,101.94001007080078,114.11000061035156,114.86000061035156,113.76000213623047,114.12999725341797,3955000
2021-09-27,101.55587005615234,113.68000030517578,114.66999816894531,112.91000366210938,113.61000061035156,3988800
2021-09-28,99.79597473144531,111.70999908447266,113.0,111.08000183105469,112.68000030517578,5917700
2021-09-29,100.20689392089844,112.16999816894531,112.5199966430664,111.56999969482422,111.9000015258789,4389100
2021-09-30,98.5452880859375,110.30999755859375,112.16000366210938,110.30999755859375,111.5199966430664,5974500
2021-10-01,100.87689971923828,112.91999816894531,113.45999908447266,110.54000091552734,110.88999938964844,5636900
2021-10-04,99.57261657714844,111.45999908447266,113.08000183105469,111.0199966430664,112.43000030517578,4497700
2021-10-05,99.0276870727539,110.8499984741211,111.4800033569336,110.02999877929688,111.12999725341797,5884000
2021-10-06,99.73343658447266,111.63999938964844,112.0199966430664,109.4800033569336,110.18000030517578,5734500
2021-10-07,100.24263763427734,112.20999908447266,112.9800033569336,112.05000305175781,112.37999725341797,5549500
2021-10-08,99.35823822021484,111.22000122070312,112.66000366210938,111.12999725341797,112.58000183105469,3787000
2021-10-11,99.10807800292969,110.94000244140625,113.55999755859375,110.91999816894531,112.88999938964844,5987300
2021-10-12,99.16168212890625,111.0,111.87000274658203,110.66000366210938,111.72000122070312,3866800
2021-10-13,98.94728088378906,110.76000213623047,111.4800033569336,109.41000366210938,111.38999938964844,4806500
2021-10-14,99.93891143798828,111.87000274658203,112.61000061035156,111.01000213623047,111.08000183105469,5194900
2021-10-15,99.56368255615234,111.44999694824219,112.91999816894531,110.94999694824219,112.44999694824219,5860900
2021-10-18,101.27892303466797,113.37000274658203,113.56999969482422,110.95999908447266,111.44000244140625,4958400
2021-10-19,101.38612365722656,113.48999786376953,114.54000091552734,112.76000213623047,113.73999786376953,5799300
2021-10-20,101.71666717529297,113.86000061035156,115.11000061035156,112.70999908447266,113.05999755859375,7645200
2021-10-21,102.23479461669922,114.44000244140625,114.55999755859375,113.61000061035156,113.93000030517578,3684300
2021-10-22,102.33307647705078,114.55000305175781,114.9800033569336,114.06999969482422,114.41000366210938,3396400
2021-10-25,102.47602081298828,114.70999908447266,114.87999725341797,113.36000061035156,114.73999786376953,4290600
2021-10-26,102.6635971069336,114.91999816894531,115.27999877929688,114.25,114.91999816894531,5948000
2021-10-27,101.40399932861328,113.51000213623047,115.56999969482422,113.08000183105469,115.56999969482422,5853900
2021-10-28,101.12705993652344,113.19999694824219,114.5999984741211,112.45999908447266,113.73999786376953,7697600
2021-10-29,94.75748443603516,106.06999969482422,107.98999786376953,104.0199966430664,107.5,27419600
2021-11-01,98.08966064453125,109.80000305175781,110.1500015258789,107.19999694824219,107.2300033569336,14184600
2021-11-02,99.56368255615234,111.44999694824219,111.81999969482422,109.79000091552734,110.25,11538900
2021-11-03,100.59998321533203,112.61000061035156,112.91999816894531,110.11000061035156,111.33000183105469,6422600
2021-11-04,100.1979751586914,112.16000366210938,112.41999816894531,110.93000030517578,111.5999984741211,8212600
2021-11-05,104.44137573242188,116.91000366210938,117.33000183105469,113.13999938964844,113.23999786376953,10256800
2021-11-08,102.87801361083984,115.16000366210938,117.47000122070312,114.56999969482422,116.5199966430664,8753300
2021-11-09,101.95787048339844,114.12999725341797,115.5999984741211,113.37000274658203,114.6500015258789,6754700
2021-11-10,101.60797119140625,113.25,114.45999908447266,112.5999984741211,112.91000366210938,6563700
2021-11-11,99.98402404785156,111.44000244140625,113.25,110.54000091552734,113.25,7191900
2021-11-12,100.23524475097656,111.72000122070312,112.23999786376953,111.08999633789062,111.73999786376953,7350400
2021-11-15,100.36982727050781,111.87000274658203,113.6500015258789,111.58000183105469,112.12000274658203,6566100
2021-11-16,100.69282531738281,112.2300033569336,113.11000061035156,111.51000213623047,112.27999877929688,7965000
2021-11-17,100.95299530029297,112.5199966430664,113.11000061035156,111.66000366210938,112.22000122070312,5768600
2021-11-18,101.29393768310547,112.9000015258789,113.2300033569336,111.33999633789062,112.12000274658203,5632100
2021-11-19,99.3918685913086,110.77999877929688,112.9000015258789,109.7699966430664,112.7300033569336,6921800
2021-11-22,99.99298858642578,111.44999694824219,112.58999633789062,110.66999816894531,111.11000061035156,5967300
2021-11-23,101.90404510498047,113.58000183105469,114.11000061035156,111.77999877929688,112.0,7911000
2021-11-24,102.25394439697266,113.97000122070312,114.26000213623047,113.08000183105469,113.41000366210938,4464300
2021-11-26,99.28418731689453,110.66000366210938,110.83000183105469,109.25,110.01000213623047,6703200
2021-11-29,99.3470230102539,110.7300033569336,111.69000244140625,109.62000274658203,111.36000061035156,7114100
2021-11-30,98.36905670166016,109.63999938964844,111.08999633789062,109.05000305175781,109.55000305175781,9483300
2021-12-01,97.48980712890625,108.66000366210938,113.3499984741211,108.55000305175781,110.95999908447266,7618500
2021-12-02,99.96607208251953,111.41999816894531,112.08000183105469,109.16999816894531,109.16999816894531,7709400
2021-12-03,99.80458068847656,111.23999786376953,112.8499984741211,110.08000183105469,111.8499984741211,7014100
2021-12-06,101.70663452148438,113.36000061035156,114.16999816894531,111.70999908447266,112.01000213623047,8280200
2021-12-07,104.30853271484375,116.26000213623047,117.19000244140625,114.79000091552734,115.05999755859375,8786900
2021-12-08,104.299560546875,116.25,116.6500015258789,115.1500015258789,115.77999877929688,5807000
2021-12-09,103.49208068847656,115.3499984741211,116.41000366210938,115.23999786376953,115.80000305175781,5664700
2021-12-10,104.73020935058594,116.7300033569336,117.08999633789062,115.77999877929688,115.81999969482422,6110800
2021-12-13,103.68048858642578,115.55999755859375,116.83000183105469,115.22000122070312,116.16000366210938,6479400
2021-12-14,102.91787719726562,114.70999908447266,115.30000305175781,114.02999877929688,114.56999969482422,6854600
2021-12-15,102.89096069335938,114.68000030517578,115.19999694824219,112.76000213623047,114.80999755859375,6902400
2021-12-16,101.91300964355469,113.58999633789062,115.4000015258789,113.22000122070312,115.0,7544400
2021-12-17,97.46289825439453,108.62999725341797,111.80000305175781,108.22000122070312,111.2699966430664,13696900
2021-12-20,96.97840881347656,108.08999633789062,108.12000274658203,106.61000061035156,107.06999969482422,6313700
2021-12-21,99.02400970458984,110.37000274658203,110.9000015258789,108.87000274658203,109.0,4682200
2021-12-22,100.253173828125,111.73999786376953,111.77999877929688,110.0,110.19999694824219,3643300
2021-12-23,100.81841278076172,112.37000274658203,112.91000366210938,111.98999786376953,112.2300033569336,3359600
2021-12-27,102.47825622558594,114.22000122070312,114.37000274658203,112.38999938964844,112.5999984741211,3716700
2021-12-28,103.68946838378906,115.56999969482422,116.27999877929688,113.80999755859375,114.0,4561600
2021-12-29,104.41619873046875,116.37999725341797,116.95999908447266,115.30999755859375,115.4000015258789,4215300
2021-12-30,104.29058074951172,116.23999786376953,117.33999633789062,116.08000183105469,116.37999725341797,4068700
2021-12-31,104.94556427001953,116.97000122070312,117.4800033569336,115.5999984741211,115.66999816894531,3674900
2022-01-03,104.68537139892578,116.68000030517578,117.80000305175781,114.77999877929688,116.47000122070312,5475700
2022-01-04,102.49618530273438,114.23999786376953,117.05000305175781,114.16999816894531,116.9000015258789,8367600
2022-01-05,99.08682250976562,110.44000244140625,114.95999908447266,110.4000015258789,114.4000015258789,8662300
2022-01-06,99.71485900878906,111.13999938964844,111.87999725341797,109.98999786376953,110.0,6099900
2022-01-07,96.51185607910156,107.56999969482422,109.70999908447266,107.4800033569336,108.22000122070312,11266400
2022-01-10,95.13016510009766,106.02999877929688,107.01000213623047,104.41999816894531,106.62000274658203,8499400
2022-01-11,93.3447494506836,104.04000091552734,106.16999816894531,103.70999908447266,106.04000091552734,13073200
2022-01-12,93.19222259521484,103.87000274658203,105.31999969482422,103.68000030517578,104.44000244140625,11810500
2022-01-13,91.87333679199219,102.4000015258789,104.66999816894531,102.08999633789062,104.1500015258789,9818500
2022-01-14,89.82772064208984,100.12000274658203,101.91000366210938,99.08999633789062,101.91000366210938,13703200
2022-01-18,87.68340301513672,97.7300033569336,99.36000061035156,97.51000213623047,99.16999816894531,11396000
2022-01-19,86.91180419921875,96.87000274658203,98.38999938964844,96.77999877929688,97.94000244140625,10856800
2022-01-20,85.88003540039062,95.72000122070312,98.94000244140625,95.58999633789062,97.48999786376953,20311500
2022-01-21,86.40937805175781,96.30999755859375,98.41000366210938,95.47000122070312,95.9000015258789,13438300
2022-01-24,88.01536560058594,98.0999984741211,98.3499984741211,94.41000366210938,94.75,17201400
2022-01-25,87.03742218017578,97.01000213623047,98.08999633789062,95.12999725341797,96.66999816894531,12368500
2022-01-26,85.7544174194336,95.58000183105469,98.63999938964844,94.9000015258789,97.69999694824219,11863000
2022-01-27,85.52114868164062,95.31999969482422,97.16999816894531,95.05999755859375,96.62000274658203,7322200
2022-01-28,87.21684265136719,97.20999908447266,97.22000122070312,93.79000091552734,95.05999755859375,8345400
2022-01-31,88.21276092529297,98.31999969482422,98.4000015258789,96.41999816894531,97.02999877929688,8807700
2022-02-01,88.60752868652344,98.76000213623047,99.02999877929688,96.80000305175781,98.41999816894531,11601900
2022-02-02,87.68340301513672,97.7300033569336,99.1500015258789,94.73999786376953,95.80000305175781,15578800
2022-02-03,86.0774154663086,95.94000244140625,97.47000122070312,95.66999816894531,96.83999633789062,8901100
2022-02-04,85.2340316772461,95.0,95.94000244140625,93.83000183105469,95.41000366210938,8267600
2022-02-07,85.404541015625,95.19000244140625,96.11000061035156,94.87999725341797,95.3499984741211,6849000
2022-02-08,85.16226196289062,94.91999816894531,96.02999877929688,94.3499984741211,95.29000091552734,7161000
2022-02-09,87.14508056640625,97.12999725341797,97.97000122070312,96.19999694824219,96.25,9353700
2022-02-10,85.94576263427734,95.30999755859375,96.80999755859375,94.9800033569336,95.45999908447266,9098800
2022-02-11,84.52098083496094,93.7300033569336,96.48999786376953,93.36000061035156,95.58999633789062,6924800
2022-02-14,84.4488525390625,93.6500015258789,94.48999786376953,92.41999816894531,93.75,7948500
2022-02-15,85.224365234375,94.51000213623047,95.45999908447266,94.36000061035156,95.1500015258789,7722200
2022-02-16,85.82852935791016,95.18000030517578,95.55000305175781,93.16000366210938,94.33999633789062,6545800
2022-02-17,83.90780639648438,93.05000305175781,94.62999725341797,92.77999877929688,94.41999816894531,6578200
2022-02-18,84.16930389404297,93.33999633789062,94.05000305175781,92.52999877929688,92.55999755859375,6210600
2022-02-22,83.9619140625,93.11000061035156,94.04000091552734,92.36000061035156,93.5999984741211,8622500
2022-02-23,80.84184265136719,89.6500015258789,93.87999725341797,89.44000244140625,93.87999725341797,9674800
2022-02-24,82.0682373046875,91.01000213623047,91.19999694824219,87.25,87.5,9260500
2022-02-25,83.48397827148438,92.58000183105469,92.79000091552734,90.27999877929688,91.30000305175781,7039400
2022-02-28,82.77159118652344,91.79000091552734,92.30999755859375,90.62000274658203,91.29000091552734,8591500
2022-03-01,81.28369903564453,90.13999938964844,91.51000213623047,89.6500015258789,91.48999786376953,7100700
2022-03-02,83.65531158447266,92.7699966430664,93.27999877929688,90.58999633789062,90.7699966430664,10721100
2022-03-03,82.53712463378906,91.52999877929688,93.5,91.08000183105469,93.4800033569336,6587400
2022-03-04,81.18450927734375,90.02999877929688,91.16000366210938,89.44999694824219,90.97000122070312,7179800
2022-03-07,76.16177368164062,84.45999908447266,90.05000305175781,84.3499984741211,90.04000091552734,14608700
2022-03-08,75.7469711303711,84.0,86.91999816894531,83.76000213623047,84.76000213623047,10692000
2022-03-09,78.99325561523438,87.5999984741211,88.12999725341797,86.33000183105469,86.5,8811600
2022-03-10,78.59648895263672,87.16000366210938,87.36000061035156,85.5999984741211,86.08999633789062,9114300
2022-03-11,74.60174560546875,82.7300033569336,88.80999755859375,82.54000091552734,88.3499984741211,15351700
2022-03-14,71.4997329711914,79.29000091552734,82.33999633789062,78.91999816894531,82.31999969482422,18199300
2022-03-15,74.95342254638672,83.12000274658203,83.44000244140625,80.27999877929688,80.5,12542300
2022-03-16,78.82192993164062,87.41000366210938,90.08999633789062,85.62000274658203,88.01000213623047,21207900
2022-03-17,79.04737091064453,87.66000366210938,87.94999694824219,86.01000213623047,87.45999908447266,8554200
2022-03-18,80.79676818847656,89.5999984741211,89.75,84.9800033569336,86.12000274658203,23784200
2022-03-21,78.32596588134766,86.86000061035156,89.72000122070312,85.97000122070312,89.61000061035156,11925300
2022-03-22,79.2547607421875,87.88999938964844,89.0999984741211,87.1500015258789,87.4000015258789,8447400
2022-03-23,77.74885559082031,86.22000122070312,87.70999908447266,86.0999984741211,87.36000061035156,7670500
2022-03-24,78.56044006347656,87.12000274658203,87.1500015258789,85.55999755859375,86.83000183105469,6163400
2022-03-25,78.85798645019531,87.44999694824219,87.66999816894531,86.22000122070312,87.38999938964844,7048100
2022-03-28,79.6966323852539,88.37999725341797,88.41999816894531,86.75,87.4800033569336,5981000
2022-03-29,82.26661682128906,91.2300033569336,91.9000015258789,89.66000366210938,89.69999694824219,8963200
2022-03-30,82.08627319335938,91.02999877929688,91.54000091552734,90.4000015258789,90.75,8122100
2022-03-31,82.03215026855469,90.97000122070312,92.62999725341797,90.97000122070312,91.31999969482422,11306100
2022-04-01,82.5010757446289,91.48999786376953,91.88999938964844,90.4800033569336,91.5,6516300
2022-04-04,79.43511962890625,88.08999633789062,88.45999908447266,86.18000030517578,87.88999938964844,16243100
2022-04-05,75.85517120361328,84.12000274658203,86.62000274658203,83.81999969482422,86.55999755859375,17525800
2022-04-06,75.16985321044922,83.36000061035156,83.88999938964844,82.06999969482422,83.6500015258789,10567000
2022-04-07,74.95342254638672,83.12000274658203,83.5,81.44999694824219,82.98999786376953,10869100
2022-04-08,73.51062774658203,81.5199966430664,83.19000244140625,81.33999633789062,83.19000244140625,9286800
2022-04-11,72.753173828125,80.68000030517578,81.73999786376953,80.29000091552734,80.87999725341797,8623200
2022-04-12,71.95059967041016,79.79000091552734,81.2699966430664,79.6500015258789,80.83000183105469,8472500
2022-04-13,72.9695816040039,80.91999816894531,81.30999755859375,79.61000061035156,79.87999725341797,8604400
2022-04-14,71.68907928466797,79.5,81.08000183105469,79.25,80.75,9567200
2022-04-18,71.7792739868164,79.5999984741211,79.97000122070312,78.87999725341797,79.04000091552734,7797300
2022-04-19,73.2400894165039,81.22000122070312,81.54000091552734,79.41000366210938,79.62000274658203,8622100
2022-04-20,72.29327392578125,80.16999816894531,81.5199966430664,80.0,81.30999755859375,8368800
2022-04-21,71.20213317871094,78.95999908447266,81.19000244140625,78.7300033569336,81.05000305175781,8152500
2022-04-22,70.26432800292969,77.91999816894531,79.4800033569336,77.77999877929688,78.88999938964844,10315500
2022-04-25,70.31842803955078,77.9800033569336,78.08000183105469,76.7300033569336,77.37999725341797,10259000
2022-04-26,68.19932556152344,75.62999725341797,77.58000183105469,75.62999725341797,77.48999786376953,8800500
2022-04-27,67.39677429199219,74.73999786376953,76.43000030517578,74.68000030517578,75.37999725341797,8467300
2022-04-28,69.05598449707031,76.58000183105469,77.0999984741211,74.86000061035156,75.62000274658203,8818500
2022-04-29,67.30657958984375,74.63999938964844,76.7699966430664,74.4800033569336,76.0199966430664,9199300
2022-05-02,67.9648666381836,75.37000274658203,75.72000122070312,73.47000122070312,75.25,12379000
2022-05-03,67.02705383300781,74.33000183105469,75.79000091552734,73.37999725341797,75.72000122070312,15570100
2022-05-04,73.61882781982422,81.63999938964844,82.87000274658203,77.91999816894531,79.30999755859375,30199700
2022-05-05,69.86756896972656,77.4800033569336,81.22000122070312,77.12999725341797,80.43000030517578,19114700
2022-05-06,69.00187683105469,76.5199966430664,77.19999694824219,75.20999908447266,77.02999877929688,11165800
2022-05-09,66.26957702636719,73.48999786376953,76.55000305175781,73.33000183105469,75.23999786376953,12863600
2022-05-10,64.7997055053711,71.86000061035156,75.05000305175781,71.61000061035156,74.8499984741211,14085900
2022-05-11,63.176578521728516,70.05999755859375,71.94999694824219,69.95999908447266,71.55000305175781,12118100
2022-05-12,63.47626495361328,69.9000015258789,70.02999877929688,68.38999938964844,69.1500015258789,15460600
2022-05-13,68.65243530273438,75.5999984741211,75.7300033569336,71.87999725341797,71.87999725341797,18156300
2022-05-16,65.76465606689453,72.41999816894531,75.44000244140625,72.30999755859375,74.94000244140625,11435300
2022-05-17,66.94518280029297,73.72000122070312,74.3499984741211,72.83999633789062,74.01000213623047,12454500
2022-05-18,64.72944641113281,71.27999877929688,73.54000091552734,70.77999877929688,73.1500015258789,10576500
2022-05-19,65.31969451904297,71.93000030517578,72.41999816894531,70.33000183105469,71.0999984741211,11193700
2022-05-20,66.64551544189453,73.38999938964844,73.43000030517578,71.45999908447266,72.87999725341797,15941800
2022-05-23,66.67277526855469,73.41999816894531,74.2699966430664,72.56999969482422,73.7300033569336,10741900
2022-05-24,66.03710174560547,72.72000122070312,73.33000183105469,71.2699966430664,72.97000122070312,9227700
2022-05-25,65.81916809082031,72.4800033569336,73.5,71.93000030517578,72.72000122070312,8344400
2022-05-26,67.64442443847656,74.48999786376953,74.7699966430664,72.87000274658203,72.94999694824219,8940900
2022-05-27,69.6604232788086,76.70999908447266,76.72000122070312,75.1500015258789,75.2300033569336,8498400
2022-05-31,71.28591918945312,78.5,79.66000366210938,76.55000305175781,76.97000122070312,23361800
2022-06-01,69.26994323730469,76.27999877929688,78.87999725341797,76.05000305175781,78.75,7579000
2022-06-02,72.12136840820312,79.41999816894531,79.5,75.8499984741211,76.54000091552734,10241500
2022-06-03,71.7853775024414,79.05000305175781,79.9000015258789,78.31999969482422,79.0,10415700
2022-06-06,71.72179412841797,78.9800033569336,81.30000305175781,78.52999877929688,79.69999694824219,7239400
2022-06-07,72.1667709350586,79.47000122070312,79.75,78.26000213623047,78.56999969482422,5517100
2022-06-08,71.25867462158203,78.47000122070312,79.7699966430664,78.26000213623047,78.9000015258789,5178300
2022-06-09,71.65824127197266,78.91000366210938,80.2699966430664,77.7300033569336,77.97000122070312,13248100
2022-06-10,68.71599578857422,75.66999816894531,77.79000091552734,75.66000366210938,77.0199966430664,8694300
2022-06-13,65.71018981933594,72.36000061035156,74.01000213623047,71.91000366210938,73.08999633789062,9282800
2022-06-14,65.6647720336914,72.30999755859375,73.83999633789062,71.52999877929688,72.8499984741211,7635600
2022-06-15,67.37201690673828,74.19000244140625,75.2699966430664,73.11000061035156,73.25,7682300
2022-06-16,64.42974853515625,70.94999694824219,72.61000061035156,70.3499984741211,72.43000030517578,10147000
2022-06-17,65.26521301269531,71.87000274658203,72.44000244140625,70.7699966430664,71.08000183105469,9824300
2022-06-21,66.25503540039062,72.95999908447266,73.16999816894531,72.02999877929688,73.05999755859375,7872500
2022-06-22,66.56378173828125,73.30000305175781,73.81999969482422,72.22000122070312,72.37000274658203,6702200
2022-06-23,68.28919982910156,75.19999694824219,75.36000061035156,73.51000213623047,73.86000061035156,6586400
2022-06-24,70.9317626953125,78.11000061035156,78.1500015258789,75.55000305175781,75.66000366210938,18012000
2022-06-27,70.54127502441406,77.68000030517578,78.44000244140625,77.2699966430664,78.0,6672200
2022-06-28,69.32442474365234,76.33999633789062,79.88999938964844,76.19000244140625,78.38999938964844,7206400
2022-06-29,69.40615844726562,76.43000030517578,77.1500015258789,75.63999938964844,76.20999908447266,8983900
2022-06-30,69.36981964111328,76.38999938964844,76.87999725341797,74.87000274658203,76.01000213623047,6781100
2022-07-01,71.97608184814453,79.26000213623047,79.47000122070312,76.54000091552734,76.7300033569336,7539200
2022-07-05,72.2121810913086,79.5199966430664,79.55000305175781,77.36000061035156,78.0199966430664,8087800
2022-07-06,71.61283874511719,78.86000061035156,80.47000122070312,78.18000030517578,79.83000183105469,4652800
2022-07-07,71.95790100097656,79.23999786376953,79.6500015258789,78.37000274658203,78.80999755859375,5395600
2022-07-08,71.99421691894531,79.27999877929688,79.62999725341797,78.2699966430664,78.69000244140625,3927100
2022-07-11,70.74105834960938,77.9000015258789,79.05000305175781,77.43000030517578,78.8499984741211,5351500
2022-07-12,70.61392974853516,77.76000213623047,79.44000244140625,77.37999725341797,78.36000061035156,5393400
2022-07-13,70.75921630859375,77.91999816894531,78.54000091552734,75.7300033569336,75.98999786376953,3897500
2022-07-14,71.01349639892578,78.19999694824219,78.37000274658203,76.80999755859375,77.08999633789062,4504500
2022-07-15,72.30299377441406,79.62000274658203,80.20999908447266,78.61000061035156,78.61000061035156,5584100
2022-07-18,72.85693359375,80.2300033569336,81.66999816894531,80.0,80.02999877929688,6768800
2022-07-19,74.96371459960938,82.55000305175781,82.66999816894531,80.91000366210938,81.11000061035156,5949200
2022-07-20,75.6175537109375,83.2699966430664,83.47000122070312,81.88999938964844,82.4800033569336,6850600
2022-07-21,75.86274719238281,83.54000091552734,83.61000061035156,82.6500015258789,82.94999694824219,7695300
2022-07-22,75.90814971923828,83.58999633789062,84.43000030517578,82.83999633789062,84.16000366210938,6283600
2022-07-25,74.01020050048828,81.5,83.69999694824219,81.04000091552734,83.58999633789062,5861100
2022-07-26,72.92959594726562,80.30999755859375,81.41999816894531,80.0,81.22000122070312,6587000
2022-07-27,75.33602905273438,82.95999908447266,83.41000366210938,81.12000274658203,81.2300033569336,6372600
2022-07-28,76.88890838623047,84.66999816894531,84.88999938964844,82.81999969482422,83.19000244140625,5594600
2022-07-29,76.9887924194336,84.77999877929688,84.9800033569336,83.93000030517578,84.5999984741211,5802700
2022-08-01,77.10684967041016,84.91000366210938,85.58999633789062,84.02999877929688,84.19000244140625,7313700
2022-08-02,76.01712036132812,83.70999908447266,85.13999938964844,83.62000274658203,84.69999694824219,7254700
2022-08-03,79.24996948242188,87.2699966430664,87.97000122070312,83.91000366210938,86.01000213623047,12915700
2022-08-04,78.89580535888672,86.87999725341797,88.27999877929688,86.56999969482422,87.20999908447266,7086700
2022-08-05,77.85150146484375,85.7300033569336,86.1500015258789,84.91999816894531,85.76000213623047,4835100
2022-08-08,77.84241485595703,85.72000122070312,86.86000061035156,85.41999816894531,86.1500015258789,4878400
2022-08-09,77.04328155517578,84.83999633789062,85.83000183105469,84.45999908447266,85.73999786376953,3498400
2022-08-10,78.54164123535156,86.48999786376953,86.9000015258789,86.08999633789062,86.5,5072300
2022-08-11,79.70149993896484,87.2699966430664,87.55000305175781,86.5,86.94000244140625,5595700
2022-08-12,80.65132141113281,88.30999755859375,88.4000015258789,87.19000244140625,87.30999755859375,5154000
2022-08-15,81.42760467529297,89.16000366210938,89.25,88.01000213623047,88.11000061035156,5601000
2022-08-16,81.64678955078125,89.4000015258789,89.93000030517578,88.54000091552734,88.77999877929688,4580800
2022-08-17,80.6878433227539,88.3499984741211,89.0,87.86000061035156,88.4000015258789,3831300
2022-08-18,80.87049102783203,88.55000305175781,88.77999877929688,87.68000030517578,88.02999877929688,3428300
2022-08-19,79.38185119628906,86.91999816894531,87.97000122070312,86.55000305175781,87.7699966430664,4597700
2022-08-22,77.58271026611328,84.94999694824219,85.55000305175781,84.33999633789062,85.37999725341797,5915200
2022-08-23,77.34525299072266,84.69000244140625,85.61000061035156,84.58000183105469,84.8499984741211,4560400
2022-08-24,78.5873031616211,86.05000305175781,86.4800033569336,84.4800033569336,84.76000213623047,4386000
2022-08-25,79.81111145019531,87.38999938964844,87.62999725341797,86.30000305175781,86.3499984741211,4236300
2022-08-26,76.7698974609375,84.05999755859375,87.98999786376953,83.95999908447266,87.51000213623047,6674900
2022-08-29,76.8246841430664,84.12000274658203,84.66000366210938,83.04000091552734,83.19999694824219,5035500
2022-08-30,76.17627716064453,83.41000366210938,85.0199966430664,82.69000244140625,84.18000030517578,6812500
2022-08-31,76.7790298461914,84.06999969482422,84.76000213623047,83.6500015258789,83.87000274658203,6570100
2022-09-01,77.99369049072266,85.4000015258789,85.47000122070312,82.93000030517578,83.69999694824219,7556800
2022-09-02,75.74702453613281,82.94000244140625,85.7699966430664,82.55000305175781,85.47000122070312,10336800
2022-09-06,77.18998718261719,84.5199966430664,84.62000274658203,81.66999816894531,83.06999969482422,11062800
2022-09-07,80.65132141113281,88.30999755859375,88.62000274658203,84.91999816894531,85.11000061035156,9946800
2022-09-08,81.70157623291016,89.45999908447266,89.4800033569336,87.16000366210938,87.30000305175781,7721100
2022-09-09,80.99835205078125,88.69000244140625,89.94999694824219,88.63999938964844,89.5,7094600
2022-09-12,81.34539794921875,89.06999969482422,90.37999725341797,88.54000091552734,89.7699966430664,9078900
2022-09-13,80.2220687866211,87.83999633789062,89.30000305175781,86.06999969482422,86.72000122070312,16033600
2022-09-14,84.66057586669922,92.69999694824219,93.4800033569336,89.51000213623047,89.56999969482422,24320600
2022-09-15,84.22222900390625,92.22000122070312,93.1500015258789,91.7300033569336,92.08999633789062,11052400
2022-09-16,83.39114379882812,91.30999755859375,92.0999984741211,90.6500015258789,91.1500015258789,11987600
2022-09-19,84.1491470336914,92.13999938964844,92.55000305175781,90.83000183105469,90.88999938964844,6287000
2022-09-20,82.91622924804688,90.79000091552734,92.0199966430664,90.0999984741211,91.66000366210938,6560000
2022-09-21,80.91615295410156,88.5999984741211,91.5199966430664,88.56999969482422,91.29000091552734,8806800
2022-09-22,77.35438537597656,84.69999694824219,88.0199966430664,84.37999725341797,88.0,9953000
2022-09-23,76.8703384399414,84.16999816894531,84.44000244140625,83.2300033569336,83.9000015258789,7153200
2022-09-26,77.45484161376953,84.80999755859375,86.02999877929688,84.27999877929688,84.30999755859375,7583500
2022-09-27,76.97080993652344,84.27999877929688,86.5,83.16999816894531,85.97000122070312,8628800
2022-09-28,79.55538940429688,87.11000061035156,87.4800033569336,84.25,84.68000030517578,7850800
2022-09-29,79.06220245361328,86.56999969482422,87.33999633789062,85.61000061035156,86.80999755859375,6881500
2022-09-30,76.95254516601562,84.26000213623047,86.69999694824219,84.1500015258789,86.56999969482422,7737500
2022-10-03,78.1946029663086,85.62000274658203,86.22000122070312,83.80000305175781,84.75,6739900
2022-10-04,80.8339614868164,88.51000213623047,88.94999694824219,86.86000061035156,87.08999633789062,5982400
2022-10-05,82.30433654785156,90.12000274658203,90.63999938964844,87.55000305175781,87.7300033569336,7980800
2022-10-06,81.60111999511719,89.3499984741211,90.9000015258789,89.26000213623047,90.19000244140625,6893800
2022-10-07,79.48233032226562,87.02999877929688,88.9000015258789,86.30000305175781,88.54000091552734,6606400
2022-10-10,79.50971221923828,87.05999755859375,87.56999969482422,86.12999725341797,87.01000213623047,5092400
2022-10-11,78.73344421386719,86.20999908447266,87.19999694824219,85.63999938964844,86.70999908447266,5531300
2022-10-12,79.33618927001953,86.87000274658203,88.05999755859375,86.41000366210938,87.0,5261900
2022-10-13,81.619384765625,89.37000274658203,89.97000122070312,84.70999908447266,85.08999633789062,7616600
2022-10-14,78.87957763671875,86.37000274658203,90.69999694824219,86.23999786376953,90.01000213623047,6315200
2022-10-17,81.19014739990234,88.9000015258789,89.22000122070312,87.80999755859375,87.9000015258789,6255300
2022-10-18,81.24494171142578,88.95999908447266,90.47000122070312,88.08000183105469,90.11000061035156,5484400
2022-10-19,79.92982482910156,87.5199966430664,89.12999725341797,87.01000213623047,88.38999938964844,6473400
2022-10-20,79.26312255859375,86.79000091552734,88.2300033569336,86.47000122070312,87.33000183105469,4540700
2022-10-21,80.92528533935547,88.61000061035156,88.97000122070312,86.55999755859375,87.0,9088800
2022-10-24,76.49591827392578,83.76000213623047,87.51000213623047,82.43000030517578,86.9000015258789,16499300
2022-10-25,77.82015991210938,85.20999908447266,86.0,84.0999984741211,84.0999984741211,10674000
2022-10-26,78.44117736816406,85.88999938964844,88.2300033569336,85.4800033569336,85.61000061035156,9987000
2022-10-27,77.88410186767578,85.27999877929688,86.4000015258789,84.08000183105469,86.12999725341797,9524600
2022-10-28,79.54624938964844,87.0999984741211,87.79000091552734,84.30999755859375,85.16999816894531,8284900
2022-10-31,79.08048248291016,86.58999633789062,87.56999969482422,85.94999694824219,86.5999984741211,7401100
2022-11-01,79.54624938964844,87.0999984741211,88.87999725341797,86.58000183105469,88.05999755859375,6219600
2022-11-02,77.24479675292969,84.58000183105469,88.58000183105469,84.52999877929688,87.2699966430664,7653200
2022-11-03,77.33611297607422,84.68000030517578,85.47000122070312,82.97000122070312,84.06999969482422,8855100
2022-11-04,83.89344024658203,91.86000061035156,93.5999984741211,90.5199966430664,91.9800033569336,20194300
2022-11-07,82.605712890625,90.44999694824219,92.36000061035156,89.27999877929688,91.66999816894531,10190200
2022-11-08,84.70625305175781,92.75,93.77999877929688,90.91999816894531,90.91999816894531,9675500
2022-11-09,84.16432189941406,91.62999725341797,92.5999984741211,91.33999633789062,91.61000061035156,6271200
2022-11-10,88.4170913696289,96.26000213623047,96.41999816894531,93.33000183105469,93.88999938964844,10408400
2022-11-11,89.44583892822266,97.37999725341797,98.66999816894531,96.56999969482422,96.76000213623047,8294400
2022-11-14,89.48258209228516,97.41999816894531,98.55999755859375,96.69000244140625,97.12999725341797,8521100
2022-11-15,89.85916900634766,97.83000183105469,99.52999877929688,97.29000091552734,98.91000366210938,6410000
2022-11-16,89.16109466552734,97.06999969482422,97.95999908447266,96.26000213623047,96.5199966430664,5348900
2022-11-17,89.06924438476562,96.97000122070312,97.01000213623047,95.0999984741211,95.20999908447266,5245600
2022-11-18,89.96939086914062,97.94999694824219,98.3499984741211,97.12999725341797,97.75,5964800
2022-11-21,90.30924987792969,98.31999969482422,98.48999786376953,96.69999694824219,96.98999786376953,4499200
2022-11-22,90.41028594970703,98.43000030517578,98.7300033569336,97.5199966430664,98.5,5398600
2022-11-23,91.41146850585938,99.5199966430664,100.08000183105469,98.2699966430664,98.48999786376953,5944900
2022-11-25,91.4482192993164,99.55999755859375,99.87999725341797,98.5199966430664,99.63999938964844,2320000
2022-11-28,90.62154388427734,98.66000366210938,100.16000366210938,98.55999755859375,98.98999786376953,5257300
2022-11-29,90.62154388427734,98.66000366210938,99.33000183105469,98.19999694824219,98.95999908447266,4423900
2022-11-30,93.87311553955078,102.19999694824219,102.55999755859375,98.5199966430664,99.05000305175781,15000800
2022-12-01,94.94776916503906,103.37000274658203,103.55999755859375,101.94999694824219,102.33000183105469,7452300
2022-12-02,96.49090576171875,105.05000305175781,105.54000091552734,101.81999969482422,102.0199966430664,7916900
2022-12-05,95.1131362915039,103.55000305175781,104.23999786376953,103.0,103.38999938964844,9285800
2022-12-06,93.76288604736328,102.08000183105469,104.19000244140625,101.44000244140625,103.81999969482422,8383000
2022-12-07,93.57002258300781,101.87000274658203,102.97000122070312,101.05999755859375,101.29000091552734,4194300
2022-12-08,95.28764343261719,103.73999786376953,103.91000366210938,102.4000015258789,102.73999786376953,5465100
2022-12-09,93.49653625488281,101.79000091552734,103.5,101.75,103.43000030517578,7999600
2022-12-12,94.33238220214844,102.69999694824219,102.8499984741211,100.81999969482422,101.12999725341797,5796000
2022-12-13,93.79045104980469,102.11000061035156,105.19999694824219,100.98999786376953,104.81999969482422,7066000
2022-12-14,93.86392974853516,102.19000244140625,103.30000305175781,100.69999694824219,102.31999969482422,5624000
2022-12-15,91.84317779541016,99.98999786376953,101.55000305175781,99.44999694824219,101.20999908447266,7244400
2022-12-16,90.77770233154297,98.83000183105469,99.54000091552734,98.0199966430664,99.27999877929688,13862300
2022-12-19,90.29088592529297,98.30000305175781,98.80999755859375,97.7300033569336,98.43000030517578,5771100
2022-12-20,90.01530456542969,98.0,98.58000183105469,97.2699966430664,98.19000244140625,4533500
2022-12-21,90.63072204589844,98.66999816894531,99.06999969482422,96.3499984741211,96.72000122070312,5566300
2022-12-22,89.79486846923828,97.76000213623047,98.55999755859375,96.16999816894531,98.44999694824219,4756900
2022-12-23,90.2633056640625,98.2699966430664,98.30000305175781,96.87999725341797,97.58999633789062,3944500
2022-12-27,91.1175537109375,99.19999694824219,99.45999908447266,98.20999908447266,98.56999969482422,4402500
2022-12-28,90.56643676757812,98.5999984741211,99.91000366210938,98.38999938964844,99.41000366210938,3491500
2022-12-29,91.64109802246094,99.7699966430664,100.6500015258789,98.66999816894531,99.0,3976100
2022-12-30,91.1175537109375,99.19999694824219,99.25,98.23999786376953,99.19000244140625,3988900
2023-01-03,92.61474609375,100.83000183105469,101.16999816894531,99.47000122070312,100.55999755859375,6607700
2023-01-04,95.948974609375,104.45999908447266,104.7300033569336,102.55000305175781,102.69000244140625,8166600
2023-01-05,95.92142486572266,104.43000030517578,105.0999984741211,103.48999786376953,104.48999786376953,5575100
2023-01-06,97.99729919433594,106.69000244140625,107.0,105.01000213623047,105.37999725341797,9644100
2023-01-09,96.20616149902344,104.73999786376953,106.68000030517578,104.43000030517578,106.5199966430664,10124800
2023-01-10,97.36351013183594,106.0,106.43000030517578,104.16999816894531,104.36000061035156,4183600
2023-01-11,97.63906860351562,106.30000305175781,106.44000244140625,104.86000061035156,105.80999755859375,5634400
2023-01-12,97.2257308959961,105.8499984741211,106.44000244140625,105.16999816894531,106.29000091552734,4882000
2023-01-13,98.4932861328125,107.2300033569336,107.30000305175781,105.06999969482422,105.06999969482422,5529700
2023-01-17,98.05238342285156,106.75,107.5999984741211,106.30999755859375,106.94999694824219,7477200
2023-01-18,96.44499969482422,105.0,107.47000122070312,104.91000366210938,107.13999938964844,5725800
2023-01-19,95.76528930664062,104.26000213623047,105.69999694824219,104.23999786376953,105.0,5115800
2023-01-20,96.4817123413086,105.04000091552734,105.19999694824219,103.88999938964844,104.4000015258789,6543500
2023-01-23,97.55640411376953,106.20999908447266,106.88999938964844,104.4000015258789,105.04000091552734,6320500
2023-01-24,97.95137023925781,106.63999938964844,106.87000274658203,105.41000366210938,106.4000015258789,5517200
2023-01-25,98.26366424560547,106.9800033569336,107.13999938964844,105.9000015258789,106.05999755859375,5416900
2023-01-26,99.89863586425781,108.76000213623047,108.80000305175781,107.05999755859375,107.30000305175781,6324100
2023-01-27,100.13744354248047,109.0199966430664,109.76000213623047,108.33999633789062,108.73999786376953,6851100
2023-01-30,99.5679702758789,108.4000015258789,108.87000274658203,107.41999816894531,108.26000213623047,6880700
2023-01-31,100.24767303466797,109.13999938964844,109.1500015258789,107.5,108.26000213623047,5816300
2023-02-01,101.02841186523438,109.98999786376953,110.77999877929688,107.9800033569336,108.97000122070312,5841200
2023-02-02,100.2568588256836,109.1500015258789,110.83000183105469,108.0,110.04000091552734,9852900
2023-02-03,95.80200958251953,104.30000305175781,106.44000244140625,103.04000091552734,104.58000183105469,15200500
2023-02-06,96.46334838867188,105.0199966430664,106.16999816894531,103.30000305175781,104.0,6392200
2023-02-07,98.12588500976562,106.83000183105469,107.37999725341797,104.55999755859375,104.83000183105469,6207500
2023-02-08,97.63906860351562,106.30000305175781,106.54000091552734,105.6500015258789,106.31999969482422,5557500
2023-02-09,97.89752960205078,106.05000305175781,106.61000061035156,105.5999984741211,105.7300033569336,5608400
2023-02-10,98.85759735107422,107.08999633789062,107.26000213623047,105.47000122070312,105.5199966430664,6298600
2023-02-13,100.17766571044922,108.5199966430664,108.93000030517578,107.27999877929688,107.44999694824219,5192400
2023-02-14,99.67916107177734,107.9800033569336,108.47000122070312,106.69999694824219,107.93000030517578,5109400
2023-02-15,100.62076568603516,109.0,109.0,107.26000213623047,107.5,4059100
2023-02-16,99.27300262451172,107.54000091552734,109.0999984741211,107.41000366210938,107.76000213623047,4596800
2023-02-17,98.8668212890625,107.0999984741211,107.45999908447266,106.2300033569336,106.73999786376953,6876400
2023-02-21,96.72517395019531,104.77999877929688,105.94999694824219,104.70999908447266,105.5,5438000
2023-02-22,96.7159423828125,104.7699966430664,105.94000244140625,104.38999938964844,105.41000366210938,7523700
2023-02-23,95.55281066894531,103.51000213623047,105.51000213623047,102.62999725341797,105.51000213623047,6857900
2023-02-24,93.78961944580078,101.5999984741211,102.72000122070312,100.81999969482422,102.6500015258789,6019700
2023-02-27,94.56504821777344,102.44000244140625,103.30000305175781,102.1500015258789,102.33000183105469,5235100
2023-02-28,94.2419662475586,102.08999633789062,102.94999694824219,101.9000015258789,101.98999786376953,5186500
2023-03-01,93.63268280029297,101.43000030517578,102.33000183105469,100.91000366210938,102.19000244140625,5382200
2023-03-02,95.09123992919922,103.01000213623047,103.16999816894531,100.94000244140625,101.27999877929688,4777600
2023-03-03,96.51284790039062,104.55000305175781,104.69000244140625,103.01000213623047,103.4000015258789,4882100
2023-03-06,96.91903686523438,104.98999786376953,105.94000244140625,104.44000244140625,104.44999694824219,5237100
2023-03-07,95.39585876464844,103.33999633789062,105.68000030517578,103.12000274658203,104.98999786376953,3976300
2023-03-08,94.62044525146484,102.5,103.0199966430664,101.7300033569336,102.9000015258789,4225500
2023-03-09,92.58956146240234,100.30000305175781,102.75,99.95999908447266,102.73999786376953,5732300
2023-03-10,91.74030303955078,99.37999725341797,101.23999786376953,99.02999877929688,100.62000274658203,6641900
2023-03-13,91.46334838867188,99.08000183105469,100.19999694824219,98.37000274658203,98.91000366210938,6408200
2023-03-14,91.81413269042969,99.45999908447266,100.37999725341797,98.47000122070312,100.11000061035156,6248800
2023-03-15,91.703369140625,99.33999633789062,99.37000274658203,97.27999877929688,98.4000015258789,6603300
2023-03-16,92.70958709716797,100.43000030517578,100.70999908447266,99.02999877929688,99.13999938964844,8188600
2023-03-17,91.112548828125,98.69999694824219,99.29000091552734,97.83999633789062,99.06999969482422,10189700
2023-03-20,92.17414855957031,99.8499984741211,100.22000122070312,98.93000030517578,99.0999984741211,4864000
2023-03-21,92.81111145019531,100.54000091552734,101.19000244140625,100.13999938964844,100.51000213623047,4743700
2023-03-22,91.50029754638672,99.12000274658203,101.4800033569336,99.05999755859375,100.69000244140625,5917700
2023-03-23,90.85409545898438,98.41999816894531,100.12999725341797,97.5199966430664,99.33999633789062,6879200
2023-03-24,90.78024291992188,98.33999633789062,98.43000030517578,97.19000244140625,98.22000122070312,4685400
2023-03-27,91.07563781738281,98.66000366210938,99.72000122070312,98.58000183105469,98.91999816894531,6022200
2023-03-28,91.13102722167969,98.72000122070312,98.91000366210938,98.08000183105469,98.13999938964844,4709800
2023-03-29,92.88496398925781,100.62000274658203,100.69000244140625,98.73999786376953,99.33000183105469,4946600
2023-03-30,93.53115844726562,101.31999969482422,101.69999694824219,100.6500015258789,101.44000244140625,4082600
2023-03-31,96.12512969970703,104.12999725341797,104.27999877929688,101.83999633789062,101.83999633789062,6900100
2023-04-03,96.78977966308594,104.8499984741211,104.94000244140625,103.66999816894531,104.05999755859375,3855400
2023-04-04,96.00511169433594,104.0,105.01000213623047,103.3499984741211,104.8499984741211,3854400
2023-04-05,96.83594512939453,104.9000015258789,105.69999694824219,103.93000030517578,103.9800033569336,5170900
2023-04-06,96.63285827636719,104.68000030517578,105.16000366210938,104.0199966430664,104.9000015258789,3155700
2023-04-10,96.688232421875,104.73999786376953,104.81999969482422,103.06999969482422,103.55000305175781,3761600
2023-04-11,97.6113510131836,105.73999786376953,106.4000015258789,104.91999816894531,105.05999755859375,4010600
2023-04-12,97.48212432861328,105.5999984741211,106.58000183105469,105.3499984741211,106.23999786376953,4606000
2023-04-13,98.76527404785156,106.98999786376953,107.2300033569336,106.25,106.37999725341797,4367600
2023-04-14,99.20838928222656,107.47000122070312,108.16999816894531,106.8499984741211,106.91000366210938,3963300
2023-04-17,99.98381042480469,108.30999755859375,108.6500015258789,107.55999755859375,107.95999908447266,4780700
2023-04-18,99.61457061767578,107.91000366210938,109.2300033569336,107.7300033569336,108.87000274658203,5300500
2023-04-19,98.92222595214844,107.16000366210938,107.86000061035156,107.08000183105469,107.69000244140625,4617800
2023-04-20,98.82066345214844,107.05000305175781,107.58000183105469,106.19000244140625,106.19000244140625,4297200
2023-04-21,99.87303924560547,108.19000244140625,108.77999877929688,106.66000366210938,107.30000305175781,4522800
2023-04-24,100.88846588134766,109.29000091552734,109.29000091552734,108.04000091552734,108.19000244140625,5940700
2023-04-25,100.93461608886719,109.33999633789062,111.11000061035156,108.83000183105469,108.91000366210938,8747100
2023-04-26,102.90087127685547,111.47000122070312,112.33000183105469,109.01000213623047,109.01000213623047,8081600
2023-04-27,104.08250427246094,112.75,112.87999725341797,111.18000030517578,111.38999938964844,7618500
2023-04-28,105.50408935546875,114.29000091552734,114.30999755859375,112.29000091552734,112.41999816894531,5979300
2023-05-01,105.75333404541016,114.55999755859375,115.4800033569336,114.25,114.25,6495900
2023-05-02,105.66102600097656,114.45999908447266,114.55999755859375,112.8499984741211,114.48999786376953,9626400
2023-05-03,95.96820831298828,103.95999908447266,109.72000122070312,103.80000305175781,109.08000183105469,24388600
2023-05-04,96.66979217529297,104.72000122070312,105.66999816894531,103.80000305175781,104.2699966430664,8858100
2023-05-05,98.96836853027344,107.20999908447266,107.4800033569336,105.37999725341797,105.55000305175781,7813800
2023-05-08,98.93144989013672,107.16999816894531,108.12000274658203,106.93000030517578,107.47000122070312,6090700
2023-05-09,98.50679779052734,106.70999908447266,107.18000030517578,106.4000015258789,106.98999786376953,3682400
2023-05-10,98.74681091308594,106.97000122070312,108.11000061035156,105.68000030517578,107.16000366210938,4565000
2023-05-11,97.995361328125,105.62999725341797,106.76000213623047,105.12000274658203,106.44000244140625,4791700
2023-05-12,98.44993591308594,106.12000274658203,106.22000122070312,104.83000183105469,105.76000213623047,5175600
2023-05-15,98.93236541748047,106.63999938964844,106.76000213623047,105.61000061035156,106.11000061035156,4217000
2023-05-16,97.670654296875,105.27999877929688,106.55999755859375,105.19999694824219,106.41000366210938,3676600
2023-05-17,98.051025390625,105.69000244140625,106.54000091552734,104.94999694824219,105.95999908447266,4757300
2023-05-18,99.34983825683594,107.08999633789062,107.13999938964844,105.19999694824219,105.41999816894531,5377500
2023-05-19,97.884033203125,105.51000213623047,107.1500015258789,105.31999969482422,107.0,4985200
2023-05-22,95.46267700195312,102.9000015258789,105.69999694824219,102.7699966430664,105.5199966430664,7504300
2023-05-23,93.08770751953125,100.33999633789062,102.13999938964844,100.08000183105469,102.12000274658203,6766300
2023-05-24,92.41046905517578,99.61000061035156,100.80999755859375,99.11000061035156,100.80000305175781,6134800
2023-05-25,91.32503509521484,98.44000244140625,98.9000015258789,97.7300033569336,98.69999694824219,8177000
2023-05-26,91.40853118896484,98.52999877929688,99.61000061035156,98.33000183105469,98.62999725341797,7276500
2023-05-30,90.68490600585938,97.75,98.95999908447266,97.30999755859375,98.88999938964844,6505400
2023-05-31,90.58285522460938,97.63999938964844,98.08000183105469,96.9800033569336,98.02999877929688,10377100
2023-06-01,90.47152709960938,97.5199966430664,98.2300033569336,96.5199966430664,97.58999633789062,6752200
2023-06-02,92.30842590332031,99.5,99.66000366210938,98.19000244140625,98.30999755859375,6221400
2023-06-05,92.70732879638672,99.93000030517578,100.87000274658203,99.5,100.04000091552734,6536500
2023-06-06,91.12092590332031,98.22000122070312,100.33000183105469,97.52999877929688,99.73999786376953,8657100
2023-06-07,90.84261322021484,97.91999816894531,98.86000061035156,97.58999633789062,98.55000305175781,6285600
2023-06-08,91.98371124267578,99.1500015258789,99.18000030517578,96.91999816894531,97.6500015258789,6877800
2023-06-09,90.87971496582031,97.95999908447266,98.95999908447266,97.63999938964844,98.80000305175781,5550800
2023-06-12,91.34358215332031,98.45999908447266,98.51000213623047,97.5199966430664,97.95999908447266,6705800
2023-06-13,92.08577728271484,99.26000213623047,99.47000122070312,98.51000213623047,98.51000213623047,5137900
2023-06-14,93.38457489013672,100.66000366210938,101.36000061035156,99.19000244140625,99.55999755859375,9279500
2023-06-15,94.05252075195312,101.37999725341797,101.98999786376953,100.66000366210938,101.33999633789062,6448200
2023-06-16,94.50714111328125,101.87000274658203,102.51000213623047,101.4800033569336,102.01000213623047,11709200
2023-06-20,93.95049285888672,101.2699966430664,102.48999786376953,100.9000015258789,101.86000061035156,5506400
2023-06-21,94.50714111328125,101.87000274658203,102.45999908447266,100.36000061035156,100.5999984741211,5508800
2023-06-22,93.56084442138672,100.8499984741211,101.63999938964844,99.63999938964844,101.41999816894531,6125500
2023-06-23,91.23226165771484,98.33999633789062,99.7300033569336,97.5199966430664,99.6500015258789,18770100
2023-06-26,91.13019561767578,98.2300033569336,98.7699966430664,97.4800033569336,98.33999633789062,6069000
2023-06-27,91.58479309082031,98.72000122070312,99.05999755859375,97.7300033569336,98.38999938964844,5034100
2023-06-28,91.48274230957031,98.61000061035156,98.63999938964844,97.30000305175781,98.63999938964844,6581900
2023-06-29,91.54769897460938,98.68000030517578,98.83000183105469,97.9800033569336,98.61000061035156,5113500
2023-06-30,91.90019226074219,99.05999755859375,99.45999908447266,98.54000091552734,99.4000015258789,6229900
2023-07-03,91.98371124267578,99.1500015258789,99.56999969482422,98.25,98.7300033569336,3287000
2023-07-05,91.34358215332031,98.45999908447266,99.33000183105469,98.29000091552734,99.1500015258789,6365400
2023-07-06,89.24694061279297,96.19999694824219,98.06999969482422,95.91000366210938,97.86000061035156,7153300
2023-07-07,89.10778045654297,96.05000305175781,96.66000366210938,95.55000305175781,95.98999786376953,7889500
2023-07-10,91.96516418457031,99.12999725341797,99.52999877929688,96.2300033569336,96.30000305175781,9294600
2023-07-11,92.85576629638672,100.08999633789062,100.2300033569336,99.13999938964844,99.44000244140625,5268000
2023-07-12,93.82988739013672,101.13999938964844,101.83000183105469,100.76000213623047,101.41999816894531,6971900
2023-07-13,94.25662994384766,101.5999984741211,102.19999694824219,101.30000305175781,101.51000213623047,4511700
2023-07-14,94.26591491699219,101.61000061035156,102.08000183105469,100.98999786376953,101.7699966430664,3939800
2023-07-17,93.63506317138672,100.93000030517578,101.80999755859375,100.04000091552734,100.83000183105469,5244500
2023-07-18,93.47734832763672,100.76000213623047,101.41999816894531,99.86000061035156,100.73999786376953,5989000
2023-07-19,94.47000885009766,101.83000183105469,101.9800033569336,100.62000274658203,100.62000274658203,5556200
2023-07-20,93.58867645263672,100.87999725341797,102.4800033569336,100.69999694824219,101.77999877929688,5466100
2023-07-21,95.38845825195312,102.81999969482422,103.55000305175781,101.61000061035156,101.80000305175781,20370300
2023-07-24,95.35134887695312,102.77999877929688,103.41000366210938,102.31999969482422,102.87999725341797,4746600
2023-07-25,95.48121643066406,102.91999816894531,103.7699966430664,102.33000183105469,102.43000030517578,5627500
2023-07-26,94.37725067138672,101.7300033569336,102.66999816894531,101.30000305175781,102.20999908447266,6568300
2023-07-27,93.49590301513672,100.77999877929688,102.43000030517578,100.54000091552734,102.02999877929688,5373400
2023-07-28,93.93192291259766,101.25,101.83000183105469,100.80999755859375,101.5,5320700
2023-07-31,94.22879791259766,101.56999969482422,101.83000183105469,100.86000061035156,101.30999755859375,6377400
2023-08-01,93.94120025634766,101.26000213623047,101.70999908447266,100.4000015258789,101.47000122070312,7784300
2023-08-02,94.74833679199219,102.12999725341797,104.45999908447266,99.29000091552734,100.5,14463100
2023-08-03,94.93387603759766,102.33000183105469,102.9000015258789,101.44999694824219,101.97000122070312,5547500
2023-08-04,93.40312194824219,100.68000030517578,103.1500015258789,100.5199966430664,102.95999908447266,5199200
2023-08-07,94.38651275634766,101.73999786376953,101.86000061035156,100.94000244140625,101.41999816894531,5222700
2023-08-08,93.42167663574219,100.69999694824219,101.41999816894531,99.88999938964844,101.22000122070312,4058400
2023-08-09,92.69805908203125,99.91999816894531,101.58000183105469,99.47000122070312,101.0,4494300
2023-08-10,94.8152084350586,101.66000366210938,102.37000274658203,100.4000015258789,100.54000091552734,6844200
2023-08-11,94.19033813476562,100.98999786376953,101.4000015258789,100.13999938964844,101.4000015258789,3180600
2023-08-14,94.20897674560547,101.01000213623047,101.22000122070312,100.19999694824219,100.4800033569336,3239300
2023-08-15,93.3042984008789,100.04000091552734,100.6500015258789,99.77999877929688,100.12999725341797,3203700
2023-08-16,92.315673828125,98.9800033569336,100.08999633789062,98.88999938964844,99.61000061035156,3679500
2023-08-17,90.06793212890625,96.56999969482422,99.0999984741211,96.43000030517578,99.0,5291100
2023-08-18,90.68348693847656,97.2300033569336,97.48999786376953,95.79000091552734,96.01000213623047,4126000
2023-08-21,89.96533203125,96.45999908447266,97.56999969482422,96.16000366210938,97.31999969482422,3753200
2023-08-22,89.60160827636719,96.06999969482422,96.73999786376953,95.5999984741211,96.48999786376953,3639800
2023-08-23,88.77153015136719,95.18000030517578,96.55999755859375,94.01000213623047,96.41999816894531,9704500
2023-08-24,88.44509887695312,94.83000183105469,95.62999725341797,93.70999908447266,94.75,7824500
2023-08-25,89.05130767822266,95.4800033569336,95.95999908447266,94.51000213623047,95.54000091552734,5360400
2023-08-28,90.50629425048828,97.04000091552734,97.19999694824219,95.83000183105469,95.94000244140625,5098900
2023-08-29,92.4742202758789,99.1500015258789,99.2300033569336,97.33999633789062,97.36000061035156,5512300
2023-08-30,92.55815124511719,99.23999786376953,99.72000122070312,99.0,99.0199966430664,4212200
2023-08-31,90.87934875488281,97.44000244140625,99.33000183105469,97.27999877929688,99.0,5624500
2023-09-01,91.40164947509766,98.0,98.75,97.04000091552734,98.4000015258789,4747100
2023-09-05,90.31976318359375,96.83999633789062,97.80999755859375,96.58999633789062,97.5199966430664,5414300
2023-09-06,89.48966979980469,95.94999694824219,96.55000305175781,95.37000274658203,96.41999816894531,5428400
2023-09-07,88.69690704345703,95.0999984741211,95.81999969482422,95.0199966430664,95.48999786376953,6404100
2023-09-08,88.86479187011719,95.27999877929688,95.8499984741211,94.75,95.25,4754700
2023-09-11,89.22852325439453,95.66999816894531,96.2300033569336,95.22000122070312,95.6500015258789,5577500
2023-09-12,89.76014709472656,96.23999786376953,96.51000213623047,95.19999694824219,95.5,5007600
2023-09-13,90.4036865234375,96.93000030517578,97.30000305175781,96.04000091552734,96.19999694824219,5830200
2023-09-14,90.61820220947266,97.16000366210938,97.77999877929688,96.25,96.7699966430664,6039700
2023-09-15,89.7508316040039,96.2300033569336,97.47000122070312,96.05000305175781,97.25,8767600
2023-09-18,90.24512481689453,96.76000213623047,96.97000122070312,96.08999633789062,96.30000305175781,4477500
2023-09-19,88.8741226196289,95.29000091552734,95.47000122070312,94.2699966430664,95.20999908447266,6803000
2023-09-20,88.75286102294922,95.16000366210938,96.62000274658203,95.05000305175781,95.44999694824219,4572100
2023-09-21,86.83157348632812,93.0999984741211,95.31999969482422,93.02999877929688,95.16000366210938,6108800
2023-09-22,87.37250518798828,93.68000030517578,94.33999633789062,93.37000274658203,93.43000030517578,5118900
2023-09-25,86.49578857421875,92.73999786376953,93.47000122070312,92.25,92.88999938964844,4818800
2023-09-26,85.80561828613281,92.0,92.48999786376953,91.18000030517578,92.0,6086600
2023-09-27,85.0315170288086,91.16999816894531,92.7300033569336,90.37999725341797,92.45999908447266,4731500
2023-09-28,84.94758605957031,91.08000183105469,91.38999938964844,90.20999908447266,91.16999816894531,4736300
2023-09-29,85.12477111816406,91.2699966430664,93.05999755859375,90.83999633789062,92.61000061035156,7700200
2023-10-02,84.99420166015625,91.12999725341797,91.73999786376953,90.79000091552734,91.05000305175781,6430500
2023-10-03,83.45530700683594,89.4800033569336,91.06999969482422,89.20999908447266,90.5,6666600
2023-10-04,85.01286315917969,91.1500015258789,91.43000030517578,89.80999755859375,89.88999938964844,6166100
2023-10-05,86.15072631835938,92.37000274658203,93.05000305175781,91.13999938964844,91.13999938964844,7548600
2023-10-06,86.59840393066406,92.8499984741211,93.33999633789062,91.68000030517578,92.0,6979300
2023-10-09,86.4398422241211,92.68000030517578,92.79000091552734,91.43000030517578,92.44999694824219,4120700
2023-10-10,86.90618133544922,93.18000030517578,93.97000122070312,92.87000274658203,92.95999908447266,4974800
2023-10-11,85.75898742675781,91.94999694824219,93.62999725341797,91.8499984741211,93.29000091552734,4499200
2023-10-12,85.2646713256836,91.41999816894531,92.25,90.7699966430664,91.83999633789062,5485200
2023-10-13,85.32064819335938,91.4800033569336,92.05999755859375,91.05000305175781,91.27999877929688,4780100
2023-10-16,87.34453582763672,93.6500015258789,93.86000061035156,91.8499984741211,92.16999816894531,4595900
2023-10-17,87.8388442993164,94.18000030517578,94.19000244140625,92.62999725341797,92.75,6086700
2023-10-18,87.43780517578125,93.75,94.52999877929688,93.5,93.94000244140625,4110700
2023-10-19,88.06267547607422,94.41999816894531,95.66000366210938,94.16999816894531,94.37000274658203,5610800
2023-10-20,87.84818267822266,94.19000244140625,95.08999633789062,94.13999938964844,94.62000274658203,4699000
2023-10-23,87.85749053955078,94.19999694824219,95.02999877929688,93.29000091552734,93.93000030517578,4481000
2023-10-24,88.24922180175781,94.62000274658203,94.9800033569336,94.05999755859375,94.27999877929688,3600200
2023-10-25,87.67096710205078,94.0,95.36000061035156,93.97000122070312,94.31999969482422,5497300
2023-10-26,86.43050384521484,92.66999816894531,94.4800033569336,92.5999984741211,93.80999755859375,6201700
2023-10-27,85.82427215576172,92.0199966430664,93.7300033569336,91.7699966430664,92.63999938964844,8293600
2023-10-30,86.87821197509766,93.1500015258789,93.70999908447266,92.72000122070312,93.12000274658203,7852700
2023-10-31,86.02946472167969,92.23999786376953,93.31999969482422,92.0,93.16999816894531,9308300
2023-11-01,85.19939422607422,91.3499984741211,91.86000061035156,90.55000305175781,91.83000183105469,14292500
2023-11-02,93.27632141113281,100.01000213623047,101.91999816894531,99.73999786376953,100.98999786376953,23396300
2023-11-03,95.73857116699219,102.6500015258789,103.7699966430664,100.5,100.62000274658203,15995700
2023-11-06,97.025634765625,104.02999877929688,104.08999633789062,101.97000122070312,102.87000274658203,7532000
2023-11-07,96.69921875,103.68000030517578,104.38999938964844,103.33000183105469,104.2300033569336,6239500
2023-11-08,97.2774658203125,104.30000305175781,104.81999969482422,103.6500015258789,103.73999786376953,7453000
2023-11-09,95.87078094482422,102.2300033569336,104.45999908447266,102.02999877929688,104.30000305175781,7607000
2023-11-10,97.84014892578125,104.33000183105469,104.3499984741211,101.9800033569336,102.5999984741211,7338500
2023-11-13,97.0711669921875,103.51000213623047,104.2300033569336,102.95999908447266,103.91999816894531,7120800
2023-11-14,99.03114318847656,105.5999984741211,105.81999969482422,104.23999786376953,104.4800033569336,8323000
2023-11-15,99.43440246582031,106.02999877929688,106.54000091552734,105.66000366210938,105.66000366210938,7980200
2023-11-16,100.54100036621094,107.20999908447266,107.66000366210938,106.19999694824219,106.27999877929688,8037200
2023-11-17,99.00300598144531,105.56999969482422,107.5,105.4800033569336,107.18000030517578,6341800
2023-11-20,97.81200408935547,104.30000305175781,105.47000122070312,103.86000061035156,105.20999908447266,9799500
2023-11-21,97.23995971679688,103.69000244140625,104.68000030517578,103.16999816894531,104.44999694824219,6149000
2023-11-22,97.00550842285156,103.44000244140625,104.68000030517578,103.27999877929688,104.16000366210938,4828700
2023-11-24,96.38656616210938,102.77999877929688,103.5999984741211,102.47000122070312,103.44000244140625,3206400
2023-11-27,95.9926986694336,102.36000061035156,103.08999633789062,102.06999969482422,102.29000091552734,7853600
2023-11-28,94.88610076904297,101.18000030517578,102.05000305175781,100.88999938964844,101.95999908447266,6848100
2023-11-29,93.63880920410156,99.8499984741211,101.69000244140625,99.52999877929688,101.51000213623047,8428500
2023-11-30,93.12303161621094,99.30000305175781,100.12000274658203,98.41999816894531,100.05999755859375,11442600
2023-12-01,93.02925872802734,99.19999694824219,99.27999877929688,97.5199966430664,98.5,12506500
2023-12-04,91.5287857055664,97.5999984741211,98.87999725341797,96.7699966430664,98.38999938964844,11477400
2023-12-05,89.596923828125,95.54000091552734,97.4800033569336,94.8499984741211,97.37999725341797,16027300
2023-12-06,90.98486328125,97.0199966430664,97.16999816894531,95.47000122070312,95.94999694824219,12115000
2023-12-07,90.44094848632812,96.44000244140625,97.69999694824219,96.2699966430664,97.25,7858300
2023-12-08,90.6003646850586,96.61000061035156,96.86000061035156,95.80999755859375,96.08000183105469,7125200
2023-12-11,92.01643371582031,98.12000274658203,99.01000213623047,97.22000122070312,97.22000122070312,7639100
2023-12-12,92.0445785522461,98.1500015258789,98.5999984741211,97.43000030517578,98.44000244140625,6313800
2023-12-13,92.00707244873047,98.11000061035156,98.63999938964844,96.81999969482422,98.5,7741900
2023-12-14,91.75386047363281,97.83999633789062,98.79000091552734,97.1500015258789,98.72000122070312,9764800
2023-12-15,90.73165130615234,96.75,98.23999786376953,96.55999755859375,97.83999633789062,12466000
2023-12-18,90.55348205566406,96.55999755859375,97.31999969482422,95.91999816894531,97.23999786376953,6146400
2023-12-19,91.64131927490234,97.72000122070312,98.05000305175781,96.94000244140625,96.94000244140625,5992900
2023-12-20,88.81855773925781,94.70999908447266,96.87999725341797,94.6500015258789,96.36000061035156,10057400
2023-12-21,89.39999389648438,95.33000183105469,95.44000244140625,94.47000122070312,95.08000183105469,7097200
2023-12-22,89.35310363769531,95.27999877929688,95.83000183105469,94.33999633789062,94.88999938964844,6361000
2023-12-26,89.7188491821289,95.66999816894531,95.69000244140625,94.95999908447266,95.33999633789062,3709500
2023-12-27,89.36248016357422,95.29000091552734,95.77999877929688,94.79000091552734,95.69000244140625,4959300
2023-12-28,89.96266174316406,95.93000030517578,95.97000122070312,95.11000061035156,95.5,4518300
2023-12-29,90.0376968383789,96.01000213623047,96.3499984741211,95.3499984741211,95.87999725341797,6135700
2024-01-02,87.84324645996094,93.66999816894531,95.94999694824219,93.62000274658203,95.44999694824219,8859700
2024-01-03,87.43062591552734,93.2300033569336,94.23999786376953,93.05999755859375,93.95999908447266,7161700
2024-01-04,87.730712890625,93.55000305175781,94.58000183105469,93.0,93.0999984741211,7118600
2024-01-05,87.20555877685547,92.98999786376953,93.58000183105469,92.4800033569336,93.33000183105469,7191000
2024-01-08,88.3309097290039,94.19000244140625,94.56999969482422,92.94999694824219,93.0199966430664,7536900
2024-01-09,87.29933166503906,93.08999633789062,93.7300033569336,92.86000061035156,93.61000061035156,6348500
2024-01-10,87.68382263183594,93.5,93.69000244140625,92.87999725341797,93.01000213623047,5847700
2024-01-11,87.1586685180664,92.94000244140625,93.63999938964844,91.9000015258789,93.33000183105469,6483600
2024-01-12,86.25836944580078,91.9800033569336,93.4000015258789,91.7699966430664,93.2300033569336,5641200
2024-01-16,86.93358612060547,92.69999694824219,92.7300033569336,91.7300033569336,92.66000366210938,7493400
2024-01-17,86.06144714355469,91.7699966430664,91.95999908447266,91.4000015258789,91.66000366210938,6672900
2024-01-18,87.53377532958984,93.33999633789062,93.43000030517578,91.81999969482422,91.95999908447266,7549500
2024-01-19,88.02143096923828,93.86000061035156,94.23999786376953,92.63999938964844,93.18000030517578,9565900
2024-01-22,87.28058624267578,93.06999969482422,93.91999816894531,92.80999755859375,93.80000305175781,9421000
2024-01-23,86.2490005493164,91.97000122070312,93.6500015258789,91.7699966430664,93.02999877929688,10227100
2024-01-24,86.31464385986328,92.04000091552734,92.83999633789062,91.98999786376953,92.55000305175781,7661400
2024-01-25,86.84919738769531,92.61000061035156,92.6500015258789,91.72000122070312,92.22000122070312,11991500
2024-01-26,87.02737426757812,92.80000305175781,93.48999786376953,92.41000366210938,92.91999816894531,9229400
2024-01-29,87.96515655517578,93.80000305175781,93.93000030517578,92.23999786376953,93.0199966430664,12728100
2024-01-30,88.22775268554688,94.08000183105469,94.68000030517578,92.58999633789062,93.0,17625200
2024-01-31,87.2430648803711,93.02999877929688,98.36000061035156,93.0199966430664,98.27999877929688,26751800
2024-02-01,87.56192016601562,93.37000274658203,93.5999984741211,91.87000274658203,93.0999984741211,15001500
2024-02-02,87.20555877685547,92.98999786376953,93.61000061035156,91.66999816894531,92.69000244140625,11366600
2024-02-05,86.75540924072266,92.51000213623047,92.87000274658203,91.9000015258789,92.77999877929688,7335800
2024-02-06,89.7188491821289,95.66999816894531,95.69999694824219,92.3499984741211,92.5,11531500
2024-02-07,89.38123321533203,95.30999755859375,96.66000366210938,94.43000030517578,96.23999786376953,9078000
2024-02-08,91.12660217285156,96.58999633789062,96.69000244140625,93.93000030517578,95.0999984741211,9888100
2024-02-09,91.79644775390625,97.30000305175781,97.98999786376953,96.29000091552734,96.31999969482422,9385600
2024-02-12,90.0699462890625,95.47000122070312,97.13999938964844,95.37999725341797,96.91999816894531,9224400
2024-02-13,88.5604476928711,93.87000274658203,95.55999755859375,93.38999938964844,94.8499984741211,8138500
2024-02-14,88.74913024902344,94.06999969482422,94.47000122070312,93.76000213623047,94.08000183105469,5510600
2024-02-15,87.94720458984375,93.22000122070312,94.23999786376953,93.0,94.02999877929688,8878000
2024-02-16,87.94720458984375,93.22000122070312,94.18000030517578,92.75,93.0999984741211,5737500
2024-02-20,88.17363739013672,93.45999908447266,94.12000274658203,93.06999969482422,93.36000061035156,8844500
2024-02-21,89.64539337158203,95.0199966430664,95.7699966430664,93.7699966430664,93.86000061035156,8284600
2024-02-22,90.3624038696289,95.77999877929688,96.08000183105469,94.13999938964844,94.88999938964844,8124700
2024-02-23,90.21146392822266,95.62000274658203,96.93000030517578,95.58000183105469,95.87999725341797,6845200
2024-02-26,88.94725799560547,94.27999877929688,95.56999969482422,94.25,95.36000061035156,7043800
2024-02-27,88.80574035644531,94.12999725341797,94.66000366210938,93.5999984741211,94.31999969482422,5356100
2024-02-28,87.73966217041016,93.0,93.97000122070312,92.7699966430664,93.7699966430664,5622400
2024-02-29,89.53218841552734,94.9000015258789,95.0999984741211,93.9800033569336,94.5,11221100
2024-03-01,87.8906021118164,93.16000366210938,94.56999969482422,92.91000366210938,94.44999694824219,7995400
2024-03-04,87.2302017211914,92.45999908447266,93.31999969482422,92.04000091552734,93.05999755859375,7321000
2024-03-05,86.06034851074219,91.22000122070312,92.16999816894531,91.06999969482422,92.0999984741211,7137300
2024-03-06,86.46601867675781,91.6500015258789,92.02999877929688,91.12000274658203,91.3499984741211,4826900
2024-03-07,85.80561065673828,90.94999694824219,91.76000213623047,90.30999755859375,91.62000274658203,8792400
2024-03-08,85.90937805175781,91.05999755859375,91.52999877929688,90.5999984741211,90.62000274658203,7673300
2024-03-11,86.86225891113281,92.06999969482422,92.95999908447266,91.16999816894531,91.26000213623047,6702300
2024-03-12,87.17359924316406,92.4000015258789,92.72000122070312,91.20999908447266,92.0,9444900
2024-03-13,86.42828369140625,91.61000061035156,92.87000274658203,90.87000274658203,92.48999786376953,8254500
2024-03-14,86.47545623779297,91.66000366210938,91.70999908447266,90.41000366210938,91.0999984741211,8544800
2024-03-15,85.02255249023438,90.12000274658203,92.0199966430664,90.0999984741211,91.5999984741211,18136300
2024-03-18,85.86222839355469,91.01000213623047,91.43000030517578,90.52999877929688,90.75,7413900
2024-03-19,86.40939331054688,91.58999633789062,91.9000015258789,90.86000061035156,91.0,5676500
2024-03-20,87.3622817993164,92.5999984741211,92.62999725341797,91.5199966430664,91.79000091552734,5804400
2024-03-21,86.47545623779297,91.66000366210938,93.16999816894531,91.63999938964844,92.62999725341797,6287300
2024-03-22,85.57919311523438,90.70999908447266,91.77999877929688,90.05999755859375,91.73999786376953,6495000
2024-03-25,85.54143524169922,90.66999816894531,91.12000274658203,90.47000122070312,90.6500015258789,6903000
2024-03-26,85.24897766113281,90.36000061035156,91.0,90.2300033569336,90.9800033569336,6216100
2024-03-27,86.32449340820312,91.5,91.83000183105469,90.5999984741211,90.6500015258789,5863700
2024-03-28,86.22073364257812,91.38999938964844,92.23999786376953,91.30000305175781,91.79000091552734,6784300
2024-04-01,86.35281372070312,91.52999877929688,92.06999969482422,91.0199966430664,91.81999969482422,4990200
2024-04-02,84.24893188476562,89.30000305175781,91.23999786376953,89.2300033569336,91.11000061035156,8276800
2024-04-03,83.68287658691406,88.69999694824219,89.83999633789062,88.6500015258789,89.5999984741211,6316400
2024-04-04,82.6639633178711,87.62000274658203,89.33999633789062,87.61000061035156,89.12999725341797,8057600
2024-04-05,81.93750762939453,86.8499984741211,87.93000030517578,86.83000183105469,87.9000015258789,7161400
2024-04-08,82.2582778930664,87.19000244140625,87.36000061035156,86.36000061035156,86.97000122070312,6322900
2024-04-09,82.20167541503906,87.12999725341797,87.5999984741211,86.30999755859375,87.19000244140625,6240700
2024-04-10,81.08841705322266,85.94999694824219,86.87000274658203,85.5999984741211,86.31999969482422,7413900
2024-04-11,81.041259765625,85.9000015258789,86.30999755859375,85.26000213623047,86.0,6841600
2024-04-12,80.11668395996094,84.91999816894531,85.51000213623047,84.29000091552734,85.41999816894531,8594800
2024-04-15,80.35254669189453,85.16999816894531,86.37000274658203,84.91999816894531,85.4000015258789,9676900
2024-04-16,80.58840942382812,85.41999816894531,86.19000244140625,84.41999816894531,84.81999969482422,8866800
2024-04-17,81.3337173461914,86.20999908447266,86.41999816894531,85.33999633789062,86.0,6870100
2024-04-18,82.22055053710938,87.1500015258789,87.62999725341797,86.05000305175781,86.44000244140625,11403300
2024-04-19,82.6545181274414,87.61000061035156,88.08000183105469,87.12000274658203,87.1500015258789,11900000
2024-04-22,83.19229125976562,88.18000030517578,88.61000061035156,87.33999633789062,88.08000183105469,8669000
2024-04-23,82.89982604980469,87.87000274658203,88.80999755859375,87.31999969482422,88.7699966430664,5670500
2024-04-24,83.73004913330078,88.75,88.94000244140625,86.94999694824219,87.05999755859375,7183900
2024-04-25,82.87152862548828,87.83999633789062,89.7300033569336,87.68000030517578,89.55000305175781,7284600
2024-04-26,83.25833129882812,88.25,89.25,87.37000274658203,87.4000015258789,7185300
2024-04-29,83.33381652832031,88.33000183105469,88.61000061035156,87.86000061035156,88.23999786376953,8522800
2024-04-30,83.48475646972656,88.48999786376953,88.98999786376953,87.18000030517578,87.61000061035156,14538400
2024-05-01,70.22945404052734,74.44000244140625,76.98999786376953,72.66999816894531,75.81999969482422,66610700
2024-05-02,70.69174194335938,74.93000030517578,75.1500015258789,73.3499984741211,74.9000015258789,23883400
2024-05-03,68.97469329833984,73.11000061035156,75.51000213623047,72.98999786376953,75.2699966430664,22153800
2024-05-06,68.77656555175781,72.9000015258789,74.19000244140625,72.69999694824219,73.30999755859375,18632200
2024-05-07,68.39920043945312,72.5,72.8499984741211,71.80000305175781,72.8499984741211,21901300
2024-05-08,69.3426284790039,73.5,74.47000122070312,72.25,72.29000091552734,24482600
2024-05-09,71.39933776855469,75.68000030517578,75.76000213623047,73.06999969482422,73.56999969482422,18591500
2024-05-10,71.80500030517578,76.11000061035156,76.30999755859375,75.05999755859375,75.30999755859375,15761900
2024-05-13,71.87104797363281,76.18000030517578,76.83999633789062,75.80000305175781,76.22000122070312,10953600
2024-05-14,71.35215759277344,75.62999725341797,76.7300033569336,75.5199966430664,76.2300033569336,10961100
2024-05-15,71.41820526123047,75.69999694824219,76.02999877929688,75.31999969482422,75.9000015258789,8826500
2024-05-16,71.56077575683594,75.27999877929688,75.55000305175781,74.45999908447266,75.19000244140625,10758500
2024-05-17,74.00382232666016,77.8499984741211,78.0,74.91999816894531,75.2699966430664,14436500
2024-05-20,73.7091293334961,77.54000091552734,78.31999969482422,76.70999908447266,77.68000030517578,11183800
2024-05-21,73.88024139404297,77.72000122070312,78.22000122070312,77.5,77.55999755859375,8916600
2024-05-22,76.73201751708984,80.72000122070312,81.0199966430664,77.44000244140625,77.69999694824219,22072200
2024-05-23,74.44108581542969,78.30999755859375,80.69999694824219,77.63999938964844,80.0999984741211,15841300
2024-05-24,74.97341918945312,78.87000274658203,79.22000122070312,78.11000061035156,78.5,10746200
2024-05-28,73.65210723876953,77.4800033569336,78.80000305175781,77.41000366210938,78.79000091552734,8833300
2024-05-29,73.08174133300781,76.87999725341797,78.31999969482422,76.83000183105469,77.0999984741211,9268100
2024-05-30,74.86885070800781,78.76000213623047,78.87999725341797,77.05999755859375,77.0999984741211,9294200
2024-05-31,76.25672149658203,80.22000122070312,80.33000183105469,78.61000061035156,79.08000183105469,12669700
2024-06-03,78.02484130859375,82.08000183105469,82.12000274658203,79.62000274658203,79.68000030517578,12443400
2024-06-04,78.69976043701172,82.79000091552734,83.43000030517578,81.9000015258789,81.97000122070312,12370000
2024-06-05,77.15028381347656,81.16000366210938,82.5,80.95999908447266,82.45999908447266,11275300
2024-06-06,77.44496154785156,81.47000122070312,82.93000030517578,80.91999816894531,81.1500015258789,9237800
2024-06-07,77.40694427490234,81.43000030517578,82.62999725341797,80.61000061035156,81.62000274658203,10852600
2024-06-10,77.56854248046875,81.5999984741211,81.8499984741211,80.83999633789062,81.48999786376953,8698600
2024-06-11,75.9430160522461,79.88999938964844,80.97000122070312,79.75,80.91999816894531,9024300
2024-06-12,75.45822143554688,79.37999725341797,80.18000030517578,79.18000030517578,79.98999786376953,8873400
2024-06-13,76.2757339477539,80.23999786376953,80.9000015258789,79.18000030517578,79.5,13947300
2024-06-14,75.71488189697266,79.6500015258789,80.4000015258789,79.11000061035156,80.0,7192400
2024-06-17,77.3118896484375,81.33000183105469,81.75,79.2699966430664,79.58000183105469,9845900
2024-06-18,76.23770141601562,80.19999694824219,81.70999908447266,79.58999633789062,81.01000213623047,9664500
2024-06-20,75.78141784667969,79.72000122070312,80.77999877929688,79.66999816894531,79.81999969482422,10183900
2024-06-21,75.9620361328125,79.91000366210938,80.25,79.16000366210938,80.0,25648400
2024-06-24,75.79093170166016,79.7300033569336,80.06999969482422,79.16999816894531,80.0,7396600
2024-06-25,75.36316680908203,79.27999877929688,80.75,78.87000274658203,80.0,15821600
2024-06-26,75.23958587646484,79.1500015258789,79.27999877929688,78.37999725341797,79.0,10708100
2024-06-27,75.32513427734375,79.23999786376953,79.44000244140625,78.68000030517578,79.05000305175781,10289600
2024-06-28,74.00382232666016,77.8499984741211,78.87999725341797,77.61000061035156,78.72000122070312,13207500
2024-07-01,73.31938934326172,77.12999725341797,78.22000122070312,76.77999877929688,77.98999786376953,6767600
2024-07-02,73.03421020507812,76.83000183105469,77.20999908447266,76.27999877929688,77.12000274658203,8854100
2024-07-03,72.49237823486328,76.26000213623047,77.04000091552734,76.06999969482422,76.83999633789062,4906700
2024-07-05,72.29273986816406,76.05000305175781,76.2699966430664,75.41999816894531,76.23999786376953,9663100
2024-07-08,70.88587188720703,74.56999969482422,76.44999694824219,74.47000122070312,76.33999633789062,8871200
2024-07-09,69.15577697753906,72.75,74.63999938964844,72.7300033569336,74.62999725341797,11816900
2024-07-10,68.92762756347656,72.51000213623047,73.16999816894531,72.3499984741211,72.98999786376953,11132500
2024-07-11,69.67859649658203,73.30000305175781,73.5,72.08000183105469,72.33999633789062,12316100
2024-07-12,71.13301849365234,74.83000183105469,75.05999755859375,73.37999725341797,73.80000305175781,10559300
2024-07-15,69.15577697753906,72.75,74.9000015258789,72.5199966430664,74.88999938964844,9064400
2024-07-16,71.77942657470703,75.51000213623047,75.51000213623047,71.55000305175781,72.20999908447266,14968700
2024-07-17,71.38968658447266,75.0999984741211,76.12999725341797,74.55000305175781,75.22000122070312,11567800
2024-07-18,70.52464294433594,74.19000244140625,75.11000061035156,73.80999755859375,74.45999908447266,10701000
2024-07-19,75.3536605834961,79.2699966430664,79.37999725341797,74.19000244140625,74.66000366210938,32965900
2024-07-22,72.7680435180664,76.55000305175781,78.47000122070312,76.01000213623047,78.33000183105469,18851500
2024-07-23,72.49237823486328,76.26000213623047,77.13999938964844,76.02999877929688,77.13999938964844,9592100
2024-07-24,70.99043273925781,74.68000030517578,76.48999786376953,74.0199966430664,76.37000274658203,10478200
2024-07-25,69.69762420654297,73.31999969482422,75.7699966430664,73.26000213623047,75.05999755859375,18973600
2024-07-26,70.39155578613281,74.05000305175781,75.0199966430664,73.70999908447266,73.83999633789062,12387100
2024-07-29,71.4847412109375,75.19999694824219,75.58999633789062,73.72000122070312,74.38999938964844,10864700
2024-07-30,72.18817901611328,75.94000244140625,76.05000305175781,74.8499984741211,75.25,16163600
2024-07-31,74.098876953125,77.94999694824219,81.23999786376953,77.80000305175781,79.55000305175781,18901100
2024-08-01,71.3991928100586,75.11000061035156,78.13999938964844,73.83000183105469,77.88999938964844,17307200
2024-08-02,72.13114166259766,75.87999725341797,76.66999816894531,74.91999816894531,75.11000061035156,15185700
2024-08-05,70.21094512939453,73.86000061035156,75.0,72.72000122070312,73.8499984741211,12372900
2024-08-06,71.6463394165039,75.37000274658203,75.98999786376953,73.83999633789062,73.91999816894531,10525500
2024-08-07,71.5702896118164,75.29000091552734,76.83000183105469,75.16000366210938,75.30000305175781,7297000
2024-08-08,72.00756072998047,75.75,76.1500015258789,74.80000305175781,75.06999969482422,8988300
2024-08-09,71.38016510009766,75.08999633789062,75.86000061035156,74.75,75.6500015258789,4683600
2024-08-12,73.22433471679688,77.02999877929688,78.43000030517578,76.29000091552734,76.52999877929688,13123000
2024-08-13,91.16204833984375,95.9000015258789,96.01000213623047,90.29000091552734,91.0199966430664,157215500
2024-08-14,89.2608642578125,93.9000015258789,95.86000061035156,91.43000030517578,95.38999938964844,45737800
2024-08-15,90.19242858886719,94.87999725341797,94.95999908447266,92.9800033569336,94.12000274658203,21109800
2024-08-16,90.67061614990234,94.80999755859375,95.6500015258789,93.30000305175781,93.36000061035156,16336300
2024-08-19,88.27021026611328,92.30000305175781,94.88999938964844,92.12999725341797,94.3499984741211,14479000
2024-08-20,88.94920349121094,93.01000213623047,93.81999969482422,92.12999725341797,92.29000091552734,11536200
2024-08-21,88.729248046875,92.77999877929688,93.37999725341797,92.22000122070312,92.48999786376953,6769200
2024-08-22,88.39452362060547,92.43000030517578,92.83000183105469,91.7699966430664,92.66999816894531,10010300
2024-08-23,89.91510772705078,94.0199966430664,94.41999816894531,92.83000183105469,92.8499984741211,11483700
2024-08-26,91.45480346679688,95.62999725341797,95.93000030517578,94.18000030517578,94.19999694824219,13882800
2024-08-27,94.2951431274414,98.5999984741211,98.72000122070312,95.25,95.4000015258789,17456300
2024-08-28,91.13922119140625,95.30000305175781,98.70999908447266,94.37999725341797,98.22000122070312,14866300
2024-08-29,90.71843719482422,94.86000061035156,95.83000183105469,94.27999877929688,95.47000122070312,8781300
2024-08-30,90.44110107421875,94.56999969482422,95.93000030517578,94.44000244140625,94.98999786376953,7117200
2024-09-03,89.11177825927734,93.18000030517578,94.80999755859375,93.04000091552734,94.12999725341797,11234000
2024-09-04,88.29889678955078,92.33000183105469,93.9800033569336,91.97000122070312,93.37000274658203,7193500
2024-09-05,87.56250762939453,91.55999755859375,93.0199966430664,91.19999694824219,92.16999816894531,8370100
2024-09-06,87.17041778564453,91.1500015258789,92.16000366210938,90.18000030517578,91.5,9257000
2024-09-09,88.18413543701172,92.20999908447266,92.36000061035156,90.41000366210938,91.22000122070312,10089700
2024-09-10,89.2647933959961,93.33999633789062,93.5199966430664,91.13999938964844,92.12000274658203,7327000
2024-09-11,93.91261291503906,98.19999694824219,98.3499984741211,93.66000366210938,94.08000183105469,19302900
2024-09-12,94.94546508789062,99.27999877929688,99.30999755859375,97.33999633789062,98.45999908447266,14653500
2024-09-13,94.2664566040039,98.56999969482422,99.51000213623047,98.5,99.12999725341797,9899900
2024-09-16,92.1051254272461,96.30999755859375,98.5999984741211,95.9800033569336,98.5199966430664,9263400
2024-09-17,92.22945404052734,96.44000244140625,96.54000091552734,95.19999694824219,96.48999786376953,6281700
2024-09-18,91.92342376708984,96.12000274658203,97.5999984741211,95.33000183105469,95.55000305175781,8793800
2024-09-19,92.66936492919922,96.9000015258789,98.69999694824219,96.33000183105469,97.97000122070312,8752600
2024-09-20,91.85648345947266,96.05000305175781,97.05999755859375,95.31999969482422,96.8499984741211,19541000
2024-09-23,91.31137084960938,95.4800033569336,96.05000305175781,94.3499984741211,96.05000305175781,8382800
2024-09-24,90.32632446289062,94.44999694824219,95.81999969482422,94.19000244140625,95.47000122070312,8606800
2024-09-25,91.44525146484375,95.62000274658203,95.95999908447266,94.22000122070312,94.26000213623047,8632900
2024-09-26,93.21448516845703,97.47000122070312,99.1500015258789,97.0,98.5,9876800
2024-09-27,93.1092758178711,97.36000061035156,98.1500015258789,97.19000244140625,97.6500015258789,6319900
2024-09-30,93.23361206054688,97.48999786376953,97.69000244140625,96.41000366210938,97.38999938964844,6436400
2024-10-01,93.17623138427734,97.43000030517578,98.13999938964844,96.3499984741211,97.48999786376953,7171600
2024-10-02,92.28683471679688,96.5,97.0,95.87000274658203,96.83000183105469,6346000
2024-10-03,91.38786315917969,95.55999755859375,96.38999938964844,95.30999755859375,95.63999938964844,5556400
2024-10-04,92.36333465576172,96.58000183105469,96.7300033569336,95.1500015258789,96.16999816894531,6818900
2024-10-07,91.89472198486328,96.08999633789062,96.5199966430664,95.36000061035156,96.19000244140625,7478900
2024-10-08,92.00949096679688,96.20999908447266,96.87999725341797,95.27999877929688,96.05000305175781,6595200
2024-10-09,91.69390106201172,95.87999725341797,96.4800033569336,95.45999908447266,96.4800033569336,3344800
2024-10-10,89.78121948242188,93.87999725341797,95.4800033569336,93.76000213623047,95.41999816894531,5459500
2024-10-11,91.37830352783203,95.55000305175781,95.95999908447266,94.01000213623047,94.13999938964844,4834800
2024-10-14,90.622802734375,94.76000213623047,95.52999877929688,94.33999633789062,95.41000366210938,4124700
2024-10-15,90.89057922363281,95.04000091552734,95.97000122070312,94.56999969482422,94.66999816894531,6264100
2024-10-16,91.292236328125,95.45999908447266,95.83999633789062,94.08999633789062,95.44999694824219,7537100
2024-10-17,91.11051940917969,95.2699966430664,96.19000244140625,94.77999877929688,95.33000183105469,5577300
2024-10-18,92.61198425292969,96.83999633789062,96.8499984741211,95.04000091552734,95.68000030517578,6178300
2024-10-21,92.23900604248047,96.44999694824219,97.19999694824219,95.88999938964844,96.94999694824219,3994300
2024-10-22,92.59286499023438,96.81999969482422,97.19000244140625,95.94000244140625,96.3499984741211,6670900
2024-10-23,93.38662719726562,97.6500015258789,97.72000122070312,93.69000244140625,93.87000274658203,18858800
2024-10-24,92.908447265625,97.1500015258789,99.41999816894531,96.8499984741211,97.69000244140625,9828600
2024-10-25,93.06147003173828,97.30999755859375,97.95999908447266,96.43000030517578,97.22000122070312,9665600
2024-10-28,93.74046325683594,98.0199966430664,99.13999938964844,97.55000305175781,97.6500015258789,6790900
2024-10-29,93.13796997070312,97.38999938964844,98.05000305175781,96.3499984741211,97.73999786376953,7664200
2024-10-30,93.0710220336914,97.31999969482422,98.1500015258789,96.80000305175781,97.37000274658203,9187200
2024-10-31,93.4344253540039,97.69999694824219,99.0,95.3499984741211,97.31999969482422,12011500
2024-11-01,94.55335998535156,98.87000274658203,99.80000305175781,97.37000274658203,97.5999984741211,8860200
2024-11-04,92.79369354248047,97.02999877929688,98.80999755859375,96.69999694824219,98.58999633789062,7049100
2024-11-05,92.85106658935547,97.08999633789062,97.47000122070312,96.1500015258789,96.86000061035156,6348300
2024-11-06,91.88516998291016,96.08000183105469,98.2300033569336,94.77999877929688,96.97000122070312,9708800
2024-11-07,91.92342376708984,96.12000274658203,96.69000244140625,95.76000213623047,96.05999755859375,6195200
2024-11-08,93.2909927368164,97.55000305175781,97.63999938964844,96.02999877929688,96.11000061035156,6118700
2024-11-11,95.93048858642578,100.30999755859375,101.41000366210938,97.94999694824219,98.0,10313300
2024-11-12,94.48641967773438,98.80000305175781,100.54000091552734,98.41999816894531,100.12999725341797,8438400
2024-11-13,95.44276428222656,99.80000305175781,99.94000244140625,96.2300033569336,97.3499984741211,8816300
2024-11-14,94.89763641357422,99.2300033569336,100.0199966430664,99.13999938964844,99.43000030517578,6441500
2024-11-15,94.7051773071289,98.41999816894531,100.22000122070312,97.98999786376953,99.0999984741211,8119900
2024-11-18,96.6104507446289,100.4000015258789,100.61000061035156,97.93000030517578,98.44000244140625,7041500
2024-11-19,94.63783264160156,98.3499984741211,100.30000305175781,98.19999694824219,99.79000091552734,9176200
2024-11-20,94.55122375488281,98.26000213623047,98.75,97.11000061035156,98.0,7527700
2024-11-21,96.28327941894531,100.05999755859375,100.33000183105469,98.48999786376953,99.5,6760600
2024-11-22,98.63117980957031,102.5,102.55999755859375,99.7699966430664,100.0,6563300
2024-11-25,97.99610137939453,101.83999633789062,103.31999969482422,101.77999877929688,102.93000030517578,8839600
2024-11-26,96.87989044189453,100.68000030517578,102.08999633789062,100.47000122070312,101.98999786376953,6558300
2024-11-27,97.67855834960938,101.51000213623047,102.02999877929688,100.72000122070312,100.75,4857800
2024-11-29,98.59270477294922,102.45999908447266,102.5,101.2699966430664,101.37000274658203,3419300
2024-12-02,97.67855834960938,101.51000213623047,102.20999908447266,99.87000274658203,102.0,6103200
2024-12-03,97.73628997802734,101.56999969482422,102.12000274658203,99.88999938964844,101.08999633789062,7101500
2024-12-04,96.89912414550781,100.69999694824219,101.98999786376953,100.37000274658203,100.88999938964844,6151100
2024-12-05,95.48461151123047,99.2300033569336,101.30000305175781,99.19000244140625,101.0,7194800
2024-12-06,96.33140563964844,100.11000061035156,100.62000274658203,98.44000244140625,98.93000030517578,6297000
2024-12-09,95.56159210205078,99.30999755859375,100.56999969482422,98.5199966430664,100.06999969482422,7271600
2024-12-10,94.45500946044922,98.16000366210938,99.25,97.94000244140625,99.13999938964844,8192500
2024-12-11,94.7051773071289,98.41999816894531,99.38999938964844,97.9800033569336,98.5,8007300
2024-12-12,94.1278305053711,97.81999969482422,98.97000122070312,97.41999816894531,98.22000122070312,6375900
2024-12-13,93.74292755126953,97.41999816894531,98.08000183105469,96.94000244140625,97.33999633789062,5910900
2024-12-16,89.60523986816406,93.12000274658203,97.0,93.0999984741211,96.94999694824219,12395900
2024-12-17,88.61410522460938,92.08999633789062,93.94000244140625,92.05000305175781,93.01000213623047,8536100
2024-12-18,86.50676727294922,89.9000015258789,92.25,89.63999938964844,91.7699966430664,10886600
2024-12-19,85.40979766845703,88.76000213623047,91.58000183105469,88.66999816894531,90.23999786376953,14628400
2024-12-20,84.64962005615234,87.97000122070312,89.16000366210938,87.06999969482422,87.86000061035156,26477500
2024-12-23,84.13963317871094,87.44000244140625,87.87999725341797,86.30000305175781,87.5,11203700
2024-12-24,86.51639556884766,89.91000366210938,89.91999816894531,87.16999816894531,87.4000015258789,5422000
2024-12-26,88.39279174804688,91.86000061035156,92.05000305175781,89.37000274658203,89.37000274658203,7538700
2024-12-27,88.76808166503906,92.25,93.19999694824219,90.87999725341797,90.9000015258789,8200400
2024-12-30,87.1611099243164,90.58000183105469,91.31999969482422,89.83999633789062,91.29000091552734,8404500
2024-12-31,87.80581665039062,91.25,91.7699966430664,90.58999633789062,90.7300033569336,4220700
2025-01-02,88.69109344482422,92.16999816894531,92.66000366210938,91.41000366210938,91.55000305175781,8640900
2025-01-03,89.08560180664062,92.58000183105469,93.12000274658203,91.80000305175781,92.4000015258789,4964900
2025-01-06,89.6148452758789,93.12999725341797,94.5,91.94000244140625,92.04000091552734,8768100
2025-01-07,89.33580017089844,92.83999633789062,93.6500015258789,91.86000061035156,92.77999877929688,6638300
2025-01-08,89.10485076904297,92.5999984741211,93.01000213623047,92.01000213623047,92.97000122070312,6243700
2025-01-10,88.76808166503906,92.25,92.79000091552734,91.93000030517578,92.19000244140625,6550300
2025-01-13,89.98051452636719,93.51000213623047,93.58999633789062,91.37999725341797,92.2699966430664,6912100
2025-01-14,89.55712127685547,93.06999969482422,94.88999938964844,92.5199966430664,94.01000213623047,6406200
2025-01-15,89.56674194335938,93.08000183105469,94.47000122070312,92.94999694824219,94.0999984741211,4554700
2025-01-16,90.86579132080078,94.43000030517578,94.7699966430664,92.87000274658203,92.87000274658203,6548200
2025-01-17,91.53936767578125,95.12999725341797,95.86000061035156,95.0999984741211,95.58000183105469,8361900
2025-01-21,94.28180694580078,97.9800033569336,98.58000183105469,95.41000366210938,95.41000366210938,8803100
2025-01-22,94.04122924804688,97.7300033569336,98.54000091552734,97.45999908447266,97.9800033569336,7678900
2025-01-23,94.29141998291016,97.98999786376953,98.02999877929688,97.0199966430664,98.0,7901800
2025-01-24,95.0804672241211,98.80999755859375,99.01000213623047,97.62000274658203,97.79000091552734,6957100
2025-01-27,96.24478912353516,100.0199966430664,100.33000183105469,98.0999984741211,98.5199966430664,9654900
2025-01-28,96.62007904052734,100.41000366210938,100.68000030517578,98.58999633789062,98.94000244140625,14736500
2025-01-29,104.4817123413086,108.58000183105469,110.08000183105469,102.68000030517578,102.69999694824219,40769300
2025-01-30,104.88584899902344,109.0,110.33999633789062,108.02999877929688,109.0,15023000
2025-01-31,103.61567687988281,107.68000030517578,109.36000061035156,107.5,109.0,19136900
2025-02-03,104.07756042480469,108.16000366210938,108.44000244140625,105.5199966430664,105.72000122070312,8894100
2025-02-04,106.42545318603516,110.5999984741211,111.06999969482422,108.12999725341797,108.66999816894531,11123700
2025-02-05,108.01318359375,112.25,112.41999816894531,109.86000061035156,110.18000030517578,12826000
2025-02-06,107.48394775390625,111.69999694824219,112.30999755859375,111.05000305175781,112.05000305175781,11967300
2025-02-07,107.9650650024414,112.19999694824219,112.62000274658203,110.05999755859375,111.43000030517578,11502400
2025-02-10,107.24336242675781,111.44999694824219,112.58000183105469,111.0,112.58000183105469,8348400
2025-02-11,106.83921813964844,111.02999877929688,112.08000183105469,110.61000061035156,110.87999725341797,4683100
2025-02-12,108.77336883544922,113.04000091552734,113.19000244140625,110.4000015258789,110.55999755859375,7269400
2025-02-13,108.73487091064453,113.0,113.4000015258789,111.52999877929688,113.12000274658203,10046300
2025-02-14,108.8896713256836,112.55000305175781,113.47000122070312,112.02999877929688,112.81999969482422,9115000
2025-02-18,109.35405731201172,113.02999877929688,113.36000061035156,111.62000274658203,111.80000305175781,7574100
2025-02-19,108.83161926269531,112.48999786376953,113.33999633789062,112.33999633789062,112.44000244140625,8268900
2025-02-20,109.65398406982422,113.33999633789062,113.5,111.95999908447266,112.16999816894531,6343800
2025-02-21,108.11567687988281,111.75,114.68000030517578,111.62999725341797,113.33000183105469,9664700
2025-02-24,109.50885772705078,113.19000244140625,113.91000366210938,111.88999938964844,112.33999633789062,13120500
2025-02-25,110.86331939697266,114.58999633789062,115.23999786376953,112.66999816894531,113.08000183105469,11001800
2025-02-26,109.32502746582031,113.0,114.79000091552734,112.26000213623047,114.61000061035156,7466800
2025-02-27,110.76657104492188,114.48999786376953,115.69999694824219,112.80000305175781,113.0,9013700
2025-02-28,112.04364013671875,115.80999755859375,116.08999633789062,114.2699966430664,115.05999755859375,11466000
2025-03-03,111.65665435791016,115.41000366210938,117.45999908447266,114.0999984741211,116.04000091552734,9225500
2025-03-04,108.41558837890625,112.05999755859375,115.2699966430664,112.0,114.98999786376953,12482400
2025-03-05,108.05763244628906,111.69000244140625,112.5199966430664,110.20999908447266,111.56999969482422,11926800
2025-03-06,102.03992462158203,105.47000122070312,110.43000030517578,104.91000366210938,110.01000213623047,16321700
2025-03-07,103.01707458496094,106.4800033569336,106.86000061035156,103.44000244140625,104.7300033569336,11637400
2025-03-10,97.84107208251953,101.12999725341797,106.0,99.80000305175781,105.7300033569336,15823300
2025-03-11,96.34147644042969,99.58000183105469,103.0,99.0,101.88999938964844,10663500
2025-03-12,95.48042297363281,98.69000244140625,100.30000305175781,96.97000122070312,100.30000305175781,9461200
2025-03-13,92.9166030883789,96.04000091552734,98.87000274658203,95.93000030517578,98.70999908447266,9274300
2025-03-14,94.91928100585938,98.11000061035156,98.25,96.16000366210938,96.5199966430664,8240900
2025-03-17,95.85774230957031,99.08000183105469,99.44999694824219,97.0,97.70999908447266,10131700
2025-03-18,95.08375549316406,98.27999877929688,99.37000274658203,97.68000030517578,99.2300033569336,7423400
2025-03-19,95.96416473388672,99.19000244140625,99.52999877929688,97.94999694824219,98.2699966430664,4982700
2025-03-20,96.05123138427734,99.27999877929688,99.69000244140625,98.66999816894531,98.8499984741211,5952800
2025-03-21,93.91310119628906,97.06999969482422,98.01000213623047,96.29000091552734,97.94000244140625,11366000
2025-03-24,92.60701751708984,95.72000122070312,98.19999694824219,95.62999725341797,98.02999877929688,8265000
2025-03-25,92.76180267333984,95.87999725341797,96.97000122070312,94.7699966430664,96.19000244140625,6984800
2025-03-26,94.78384399414062,97.97000122070312,98.38999938964844,96.0,96.0,9561600
2025-03-27,95.63520812988281,98.8499984741211,99.91999816894531,97.54000091552734,97.9000015258789,9141000
2025-03-28,94.55164337158203,97.7300033569336,98.48999786376953,97.05999755859375,98.0,8066200
2025-03-31,94.89993286132812,98.08999633789062,98.81999969482422,94.58000183105469,96.62000274658203,11302900
2025-04-01,95.0353775024414,98.2300033569336,98.9000015258789,97.12999725341797,97.8499984741211,5868400
2025-04-02,96.177001953125,99.41000366210938,99.75,97.41000366210938,97.41000366210938,6043300
2025-04-03,85.3896255493164,88.26000213623047,93.38999938964844,87.6500015258789,93.3499984741211,20490100
2025-04-04,79.4299545288086,82.0999984741211,85.43000030517578,81.30000305175781,84.66000366210938,19700100
2025-04-07,77.39825439453125,80.0,83.2699966430664,76.1500015258789,78.62999725341797,26099400
2025-04-08,77.09832763671875,79.69000244140625,83.4800033569336,78.69000244140625,83.06999969482422,20534600
2025-04-09,85.79596710205078,88.68000030517578,89.12999725341797,77.93000030517578,79.22000122070312,26668100
2025-04-10,81.84864807128906,84.5999984741211,86.58000183105469,81.66999816894531,86.11000061035156,16209300
2025-04-11,82.65166473388672,85.43000030517578,85.81999969482422,82.08000183105469,84.43000030517578,10059700
2025-04-14,82.70970916748047,85.48999786376953,86.7699966430664,83.4000015258789,86.31999969482422,8880500
2025-04-15,80.98759460449219,83.70999908447266,86.05999755859375,83.45999908447266,85.5,7088600
2025-04-16,78.13353729248047,80.76000213623047,83.5199966430664,79.88999938964844,83.30000305175781,13080800
2025-04-17,78.84947204589844,81.5,82.55000305175781,81.19999694824219,81.25,9787500
2025-04-21,78.05613708496094,80.68000030517578,80.81999969482422,78.12999725341797,80.36000061035156,10595600
2025-04-22,79.09133911132812,81.75,83.48999786376953,81.62000274658203,81.91000366210938,10408600
2025-04-23,80.11685943603516,82.80999755859375,85.73999786376953,82.6500015258789,84.0,9114400
2025-04-24,81.13272094726562,83.86000061035156,84.13999938964844,81.58000183105469,82.38999938964844,6798100
2025-04-25,81.08434295654297,83.80999755859375,83.98999786376953,82.45999908447266,83.62999725341797,5799400
2025-04-28,81.17141723632812,83.9000015258789,85.05999755859375,83.2699966430664,84.33000183105469,7091400
2025-04-29,82.09052276611328,84.8499984741211,85.06999969482422,83.19999694824219,83.63999938964844,16356900
2025-04-30,77.44662475585938,80.05000305175781,80.27999877929688,75.5,76.37000274658203,41297000
2025-05-01,79.34288787841797,82.01000213623047,82.70999908447266,80.2699966430664,80.70999908447266,18326700
2025-05-02,81.93572998046875,84.69000244140625,84.83000183105469,82.05000305175781,82.58999633789062,13512900
2025-05-05,79.00428009033203,81.66000366210938,84.08000183105469,81.58999633789062,84.0,13361900
2025-05-06,80.08783721923828,82.77999877929688,83.37000274658203,80.61000061035156,81.0,10709500
2025-05-07,80.0201187133789,82.70999908447266,83.2300033569336,82.13999938964844,82.97000122070312,8224800
2025-05-08,79.51702880859375,82.19000244140625,83.5999984741211,81.69000244140625,83.33999633789062,8759800
2025-05-09,77.6884994506836,80.30000305175781,82.66999816894531,80.19999694824219,82.41000366210938,8210700
2025-05-12,82.88385009765625,85.66999816894531,86.54000091552734,83.63999938964844,83.6500015258789,17241500
2025-05-13,84.05449676513672,86.87999725341797,87.13999938964844,85.0999984741211,85.87000274658203,11533700
2025-05-14,83.7255630493164,86.54000091552734,87.62999725341797,85.73999786376953,86.70999908447266,12741500
2025-05-15,84.4221420288086,87.26000213623047,87.77999877929688,85.81999969482422,86.54000091552734,13721900
2025-05-16,83.36991119384766,85.56999969482422,86.91000366210938,84.27999877929688,86.62000274658203,13109500
2025-05-19,82.4345932006836,84.61000061035156,85.13999938964844,84.11000061035156,84.44999694824219,9568100
2025-05-20,83.38938903808594,85.58999633789062,86.1500015258789,84.44999694824219,84.5199966430664,9310600
2025-05-21,80.84650421142578,82.9800033569336,85.51000213623047,82.51000213623047,84.41000366210938,10875400
2025-05-22,81.8110580444336,83.97000122070312,84.4800033569336,82.72000122070312,83.22000122070312,8440400
2025-05-23,82.22999572753906,84.4000015258789,84.83000183105469,82.56999969482422,82.58000183105469,7088200
2025-05-27,84.77289581298828,87.01000213623047,87.08999633789062,85.22000122070312,85.43000030517578,10922300
2025-05-28,83.78885650634766,86.0,87.5999984741211,84.54000091552734,87.43000030517578,12328500
2025-05-29,81.88899993896484,84.05000305175781,85.69999694824219,83.69999694824219,84.9000015258789,10308700
2025-05-30,81.79156494140625,83.94999694824219,84.2699966430664,83.19000244140625,83.94000244140625,7394100
2025-06-02,82.99968719482422,85.19000244140625,85.30000305175781,83.19000244140625,83.27999877929688,8258900
2025-06-03,84.37342834472656,86.5999984741211,87.48999786376953,84.4000015258789,85.06999969482422,8287700
2025-06-04,85.8446044921875,88.11000061035156,88.54000091552734,86.0199966430664,86.62999725341797,8740900
2025-06-05,84.75341033935547,86.98999786376953,88.41000366210938,86.86000061035156,88.18000030517578,8476100
2025-06-06,87.33527374267578,89.63999938964844,89.88999938964844,88.23999786376953,88.4000015258789,8772900
2025-06-09,88.33879089355469,90.66999816894531,91.13999938964844,89.08000183105469,89.08000183105469,8097300
2025-06-10,89.0792465209961,91.43000030517578,91.88999938964844,89.52999877929688,89.9000015258789,6911100
2025-06-11,92.93743133544922,95.38999938964844,95.91000366210938,92.0,92.11000061035156,14835500
2025-06-12,91.89493560791016,94.31999969482422,95.06999969482422,93.97000122070312,94.68000030517578,7183300
2025-06-13,90.8622055053711,93.26000213623047,94.61000061035156,93.16000366210938,93.5,7119900
2025-06-16,91.07654571533203,93.4800033569336,94.43000030517578,92.94000244140625,93.9800033569336,5871000
2025-06-17,89.2351303100586,91.58999633789062,93.20999908447266,90.79000091552734,93.16000366210938,6183000
2025-06-18,89.90738677978516,92.27999877929688,92.58000183105469,91.2300033569336,91.87999725341797,7319300
2025-06-20,90.72579193115234,93.12000274658203,93.80000305175781,92.4000015258789,93.08000183105469,9197000
2025-06-23,89.9658432006836,92.33999633789062,93.20999908447266,90.73999786376953,93.19999694824219,7533000
2025-06-24,89.14744567871094,91.5,93.83999633789062,90.30999755859375,92.91000366210938,11373900
2025-06-25,88.75773620605469,91.0999984741211,92.0,90.62000274658203,91.76000213623047,6929600
2025-06-26,89.47869873046875,91.83999633789062,92.19999694824219,90.41999816894531,92.0999984741211,6571600
2025-06-27,89.74176788330078,92.11000061035156,92.72000122070312,90.33000183105469,91.7699966430664,21491600
2025-06-30,89.27410888671875,91.62999725341797,94.16000366210938,91.08000183105469,92.41999816894531,10083300
2025-07-01,92.47952270507812,94.91999816894531,95.86000061035156,91.54000091552734,91.54000091552734,9828400
2025-07-02,91.75853729248047,94.18000030517578,95.30000305175781,93.3499984741211,95.27999877929688,7942300
2025-07-03,92.01185607910156,94.44000244140625,94.6500015258789,93.76000213623047,94.19999694824219,3557300
2025-07-07,91.232421875,93.63999938964844,94.94999694824219,92.97000122070312,94.16000366210938,5311200
2025-07-08,92.49900817871094,94.94000244140625,95.75,93.77999877929688,94.05999755859375,6985700
2025-07-09,92.801025390625,95.25,97.88999938964844,94.66000366210938,97.55000305175781,8322400
2025-07-10,92.70359802246094,95.1500015258789,95.73999786376953,93.55000305175781,94.87999725341797,6913600
2025-07-11,92.49900817871094,94.94000244140625,95.31999969482422,94.13999938964844,94.37000274658203,6339800
2025-07-14,91.01807403564453,93.41999816894531,93.95999908447266,92.2699966430664,93.68000030517578,6048300
2025-07-15,90.10226440429688,92.4800033569336,94.30000305175781,92.1500015258789,93.62000274658203,8567900
2025-07-16,90.13148498535156,92.51000213623047,93.27999877929688,91.55999755859375,92.66000366210938,7136900
2025-07-17,90.79400634765625,93.19000244140625,93.29000091552734,90.56999969482422,90.7300033569336,8589000
2025-07-18,91.38831329345703,93.80000305175781,94.45999908447266,93.25,94.04000091552734,5172800
2025-07-21,90.27763366699219,92.66000366210938,95.29000091552734,92.61000061035156,94.30000305175781,7217300
2025-07-22,94.44758605957031,96.94000244140625,97.16000366210938,92.8499984741211,92.94999694824219,9992400
2025-07-23,93.45380401611328,95.91999816894531,98.18000030517578,95.54000091552734,97.3499984741211,11275300
2025-07-24,91.29087829589844,93.69999694824219,95.58000183105469,93.41999816894531,95.5,7897600
2025-07-25,91.99236297607422,94.41999816894531,94.4800033569336,92.30999755859375,93.4000015258789,7224100
2025-07-28,91.26165008544922,93.66999816894531,95.73999786376953,93.45999908447266,94.93000030517578,10333600
2025-07-29,90.56990814208984,92.95999908447266,94.38999938964844,91.77999877929688,93.25,20923600
2025-07-30,90.37505340576172,92.76000213623047,98.88999938964844,90.06999969482422,97.83000183105469,44794700
2025-07-31,86.86761474609375,89.16000366210938,93.06999969482422,88.43000030517578,91.5999984741211,16565400
2025-08-01,84.62674713134766,86.86000061035156,88.5,85.48999786376953,88.38999938964844,16221300
2025-08-04,87.47167205810547,89.77999877929688,90.11000061035156,86.94000244140625,87.08000183105469,12500400
2025-08-05,87.88087463378906,90.19999694824219,90.55999755859375,89.30999755859375,89.6500015258789,6994400
2025-08-06,86.70198059082031,88.98999786376953,90.36000061035156,88.81999969482422,90.20999908447266,7869100
2025-08-07,88.6797866821289,91.0199966430664,91.36000061035156,89.48999786376953,89.7300033569336,9891800
2025-08-08,89.75151062011719,92.12000274658203,92.20999908447266,90.75,90.7699966430664,8035300
2025-08-11,89.38127136230469,91.73999786376953,92.44000244140625,90.48999786376953,92.04000091552734,9504400
2025-08-12,90.96936798095703,93.37000274658203,94.8499984741211,93.08000183105469,93.44000244140625,9669300
2025-08-13,91.75853729248047,94.18000030517578,94.69000244140625,92.73999786376953,93.18000030517578,6493400
2025-08-14,90.6673355102539,93.05999755859375,93.61000061035156,92.08000183105469,93.61000061035156,9803500
2025-08-15,88.85301208496094,90.5999984741211,92.7300033569336,90.37000274658203,92.55000305175781,8059700
2025-08-18,90.75559997558594,92.54000091552734,93.58000183105469,89.9000015258789,90.30999755859375,7376200
2025-08-19,89.17665100097656,90.93000030517578,92.97000122070312,90.7300033569336,92.54000091552734,6815800
2025-08-20,87.78402709960938,89.51000213623047,91.31999969482422,89.44999694824219,90.95999908447266,5814000
2025-08-21,86.85234069824219,88.55999755859375,89.19000244140625,88.11000061035156,89.02999877929688,5669200
2025-08-22,86.67581176757812,88.37999725341797,89.8499984741211,88.30999755859375,89.12999725341797,7625500
2025-08-25,84.1553726196289,85.80999755859375,88.31999969482422,85.70999908447266,88.22000122070312,11013500
2025-08-26,84.95955657958984,86.62999725341797,87.19999694824219,85.56999969482422,85.88999938964844,9315200
2025-08-27,85.9697036743164,87.66000366210938,88.30999755859375,86.5,86.62999725341797,7677900
2025-08-28,86.32276153564453,88.0199966430664,88.45999908447266,87.5999984741211,88.22000122070312,7905600
2025-08-29,86.48948669433594,88.19000244140625,88.56999969482422,87.4000015258789,88.0,6315200
2025-09-02,88.04882049560547,89.77999877929688,89.98999786376953,87.18000030517578,87.83999633789062,10466200
2025-09-03,85.5676040649414,87.25,89.4800033569336,86.29000091552734,89.4000015258789,10201000
2025-09-04,85.33223724365234,87.01000213623047,87.7699966430664,86.38999938964844,87.16999816894531,6799200
2025-09-05,83.78270721435547,85.43000030517578,87.3499984741211,85.05999755859375,86.86000061035156,9047200
2025-09-08,82.5469970703125,84.16999816894531,85.5,83.68000030517578,85.5,9213700
2025-09-09,82.19393157958984,83.80999755859375,84.68000030517578,83.2699966430664,84.19999694824219,8635800
2025-09-10,81.28186798095703,82.87999725341797,84.0,82.7699966430664,83.87000274658203,8108000
2025-09-11,80.77189636230469,82.36000061035156,83.93000030517578,82.12999725341797,83.29000091552734,12046600
2025-09-12,80.32077026367188,81.9000015258789,82.54000091552734,81.19999694824219,82.37000274658203,9996200
2025-09-15,81.08572387695312,82.68000030517578,83.87000274658203,81.9800033569336,82.08000183105469,9685900
2025-09-16,82.7431411743164,84.37000274658203,84.7300033569336,83.0,83.02999877929688,10244300
2025-09-17,81.61531829833984,83.22000122070312,84.86000061035156,82.95999908447266,84.4800033569336,6632200
2025-09-18,81.81145477294922,83.41999816894531,83.5999984741211,82.62999725341797,83.13999938964844,7163700
2025-09-19,82.92947387695312,84.55999755859375,85.22000122070312,83.37999725341797,84.12999725341797,15315900
2025-09-22,83.64540100097656,85.29000091552734,85.4000015258789,83.69000244140625,84.2300033569336,7881700
2025-09-23,84.03768157958984,85.69000244140625,86.18000030517578,84.8499984741211,85.1500015258789,8765500
2025-09-24,82.64506530761719,84.2699966430664,85.6500015258789,84.12999725341797,85.58000183105469,9664000
2025-09-25,82.21356201171875,83.83000183105469,84.66999816894531,82.88999938964844,84.54000091552734,8670500
2025-09-26,81.78203582763672,83.38999938964844,84.62000274658203,82.9000015258789,83.8499984741211,6955500
2025-09-29,83.9886474609375,85.63999938964844,85.83999633789062,83.55000305175781,83.6500015258789,11222800
2025-09-30,82.96870422363281,84.5999984741211,85.25,84.18000030517578,85.2300033569336,7574200
2025-10-01,82.7725601196289,84.4000015258789,85.13999938964844,83.95999908447266,84.45999908447266,8155200
2025-10-02,85.0478286743164,86.72000122070312,87.26000213623047,84.02999877929688,84.25,9461500
2025-10-03,84.75360107421875,86.41999816894531,86.9000015258789,85.95999908447266,86.5,7634500
2025-10-06,80.52671813964844,82.11000061035156,86.29000091552734,82.05999755859375,86.29000091552734,14996700
2025-10-07,79.72252655029297,81.29000091552734,82.45999908447266,80.79000091552734,82.16000366210938,10070100
2025-10-08,78.49663543701172,80.04000091552734,81.12999725341797,79.93000030517578,81.12999725341797,12397700
2025-10-09,78.24164581298828,79.77999877929688,80.45999908447266,79.43000030517578,80.12000274658203,9075700
2025-10-10,76.94709777832031,78.45999908447266,81.20999908447266,78.41000366210938,79.66000366210938,11129800
2025-10-13,78.48682403564453,80.02999877929688,80.44000244140625,78.51000213623047,78.8499984741211,8052000
2025-10-14,79.5852279663086,81.1500015258789,81.4800033569336,79.02999877929688,79.25,7510300
2025-10-15,81.26225280761719,82.86000061035156,83.31999969482422,81.56999969482422,81.69999694824219,11094300
2025-10-16,82.71371459960938,84.33999633789062,84.88999938964844,83.04000091552734,83.19999694824219,11552100
2025-10-17,83.71405792236328,85.36000061035156,85.94000244140625,84.0199966430664,84.25,8527600
2025-10-20,82.90006256103516,84.52999877929688,86.33999633789062,84.43000030517578,85.69000244140625,7679700
2025-10-21,84.24363708496094,85.9000015258789,86.51000213623047,83.6500015258789,84.13999938964844,8262500
2025-10-22,83.85134887695312,85.5,86.0,84.9000015258789,85.76000213623047,5286300
2025-10-23,83.7925033569336,85.44000244140625,85.9000015258789,84.9800033569336,85.4800033569336,4565500
2025-10-24,84.42997741699219,86.08999633789062,86.83999633789062,85.86000061035156,86.0999984741211,5844600
2025-10-27,85.53817749023438,87.22000122070312,87.44000244140625,86.11000061035156,86.27999877929688,7164600
2025-10-28,83.78270721435547,85.43000030517578,87.54000091552734,85.30999755859375,86.9000015258789,11545600
2025-10-29,82.5469970703125,84.16999816894531,84.88999938964844,83.27999877929688,84.13999938964844,13881700
2025-10-30,81.54666900634766,83.1500015258789,86.05000305175781,81.25,82.2300033569336,18337500
2025-10-31,79.31063079833984,80.87000274658203,82.77999877929688,80.22000122070312,82.7699966430664,13598000
2025-11-03,79.39889526367188,80.95999908447266,81.91999816894531,80.5999984741211,80.93000030517578,9525100
2025-11-04,78.06511688232422,79.5999984741211,81.19999694824219,77.98999786376953,81.18000030517578,17774600
2025-11-05,81.28186798095703,82.87999725341797,83.11000061035156,79.04000091552734,79.5999984741211,17996200
2025-11-06,80.63460540771484,82.22000122070312,83.8499984741211,81.86000061035156,82.56999969482422,10382800
2025-11-07,83.91999816894531,85.56999969482422,85.94999694824219,81.76000213623047,82.33999633789062,15009900
2025-11-10,82.96870422363281,84.5999984741211,86.1500015258789,84.02999877929688,86.05999755859375,10507600
2025-11-11,84.75360107421875,86.41999816894531,87.04000091552734,84.9000015258789,84.9800033569336,9575800
2025-11-12,85.5774154663086,87.26000213623047,89.05999755859375,87.12999725341797,87.62999725341797,11975800
2025-11-13,84.77323150634766,86.44000244140625,87.29000091552734,86.19000244140625,86.76000213623047,10507700
2025-11-14,83.74591064453125,84.77999877929688,86.5,84.0,85.61000061035156,13434600
2025-11-17,82.66920471191406,83.69000244140625,86.8499984741211,83.44999694824219,85.19000244140625,8547200
2025-11-18,82.3135986328125,83.33000183105469,83.83999633789062,82.33999633789062,83.61000061035156,7189400
2025-11-19,82.65933227539062,83.68000030517578,84.38999938964844,83.02999877929688,83.26000213623047,6195100
2025-11-20,81.61225891113281,82.62000274658203,85.2300033569336,82.54000091552734,84.02999877929688,8966300
2025-11-21,84.30895233154297,85.3499984741211,86.58000183105469,82.5199966430664,82.5199966430664,10227700
2025-11-24,82.32347106933594,83.33999633789062,85.58999633789062,82.83000183105469,85.26000213623047,10805800
2025-11-25,84.86212921142578,85.91000366210938,86.0199966430664,82.81999969482422,82.83000183105469,9265300
2025-11-26,85.64248657226562,86.69999694824219,87.29000091552734,85.5,85.5,7602600
2025-11-28,86.04749298095703,87.11000061035156,87.27999877929688,86.4000015258789,87.02999877929688,3677600
2025-12-01,83.87432861328125,84.91000366210938,86.5,84.7699966430664,86.20999908447266,8752100
2025-12-02,84.16078186035156,85.19999694824219,86.0,84.22000122070312,85.02999877929688,9001900
2025-12-03,86.04749298095703,87.11000061035156,87.5,84.97000122070312,85.02999877929688,9303900
2025-12-04,83.96322631835938,85.0,87.87000274658203,84.75,87.30000305175781,10555100
2025-12-05,84.0817642211914,85.12000274658203,86.51000213623047,84.80000305175781,84.91000366210938,9402900
2025-12-08,82.39262390136719,83.41000366210938,85.5,83.13999938964844,85.12999725341797,10277600
2025-12-09,81.27639770507812,82.27999877929688,83.33000183105469,82.0199966430664,83.31999969482422,10322900
2025-12-10,82.82725524902344,83.8499984741211,84.0,81.97000122070312,82.20999908447266,10539600
2025-12-11,83.70639038085938,84.73999786376953,85.0,83.73999786376953,84.22000122070312,6894000
2025-12-12,84.30895233154297,85.3499984741211,85.93000030517578,84.86000061035156,85.11000061035156,9071500
2025-12-15,84.35834503173828,85.4000015258789,87.55999755859375,84.66000366210938,86.0,11718600
2025-12-16,84.04225158691406,85.08000183105469,86.54000091552734,84.72000122070312,85.63999938964844,7481400
2025-12-17,84.17066955566406,85.20999908447266,85.83000183105469,84.5,84.56999969482422,7947000
2025-12-18,88.32931518554688,89.41999816894531,90.58000183105469,87.30000305175781,87.69000244140625,16466100
2025-12-19,87.25260925292969,88.33000183105469,89.26000213623047,88.25,89.22000122070312,16986700
2025-12-22,85.11894989013672,86.16999816894531,88.62000274658203,86.04000091552734,88.16000366210938,7161600
2025-12-23,82.83712768554688,83.86000061035156,86.13999938964844,83.37999725341797,86.0199966430664,9511300
2025-12-24,83.53846740722656,84.56999969482422,84.62000274658203,83.47000122070312,83.83999633789062,3462700
2025-12-26,84.04225158691406,85.08000183105469,85.16000366210938,84.41999816894531,84.58000183105469,5046200
2025-12-29,84.5262680053711,85.56999969482422,86.79000091552734,84.9800033569336,85.12000274658203,5352400
2025-12-30,84.21017456054688,85.25,85.75,85.05000305175781,85.23999786376953,4540500
2025-12-31,83.18285369873047,84.20999908447266,85.18000030517578,84.12000274658203,85.11000061035156,5293400
2026-01-02,82.94579315185547,83.97000122070312,84.95999908447266,83.0199966430664,84.22000122070312,11334900
2026-01-05,85.50419616699219,86.55999755859375,87.25,83.4000015258789,83.5,9894300
2026-01-06,88.36882019042969,89.45999908447266,90.63999938964844,86.36000061035156,86.55999755859375,11351100
2026-01-07,85.63261413574219,86.69000244140625,89.37999725341797,86.47000122070312,89.0199966430664,9547000
2026-01-08,87.10443878173828,88.18000030517578,89.29000091552734,85.61000061035156,85.86000061035156,8140100
2026-01-09,87.79589080810547,88.87999725341797,89.0999984741211,86.79000091552734,88.3499984741211,7593200
2026-01-12,88.86272430419922,89.95999908447266,90.2300033569336,87.5999984741211,88.4000015258789,7289500
2026-01-13,89.45540618896484,90.55999755859375,90.5999984741211,89.47000122070312,89.69000244140625,5561900
2026-01-14,90.03821563720703,91.1500015258789,91.5199966430664,90.1500015258789,90.26000213623047,8373200
2026-01-15,92.14222717285156,93.27999877929688,94.16999816894531,91.63999938964844,92.06999969482422,10001700
2026-01-16,91.85576629638672,92.98999786376953,93.66999816894531,92.22000122070312,93.36000061035156,8958200
2026-01-20,92.5176010131836,93.66000366210938,93.80999755859375,90.77999877929688,91.76000213623047,13555200
2026-01-21,95.2538070678711,96.43000030517578,96.5199966430664,93.7300033569336,93.81999969482422,17118100
2026-01-22,94.66112518310547,95.83000183105469,97.80000305175781,94.86000061035156,96.47000122070312,14150800
2026-01-23,96.4292984008789,97.62000274658203,97.88999938964844,95.76000213623047,97.0999984741211,11759800
2026-01-26,95.155029296875,96.33000183105469,97.97000122070312,95.79000091552734,97.20999908447266,14106700
2026-01-27,94.55247497558594,95.72000122070312,96.6500015258789,95.23999786376953,95.7699966430664,16403600
2026-01-28,93.99930572509766,95.16000366210938,104.81999969482422,95.0999984741211,102.30000305175781,25961600
2026-01-29,92.73490905761719,93.87999725341797,96.9000015258789,92.61000061035156,96.76000213623047,16602900
2026-01-30,90.82845306396484,91.94999694824219,93.20999908447266,91.0,92.72000122070312,10748000
2026-02-02,90.57162475585938,91.69000244140625,92.61000061035156,90.62000274658203,91.8499984741211,8675100
2026-02-03,91.90515899658203,93.04000091552734,94.4000015258789,91.29000091552734,91.62000274658203,8361300
2026-02-04,95.78722381591797,96.97000122070312,97.11000061035156,93.5199966430664,93.72000122070312,9077100
2026-02-05,94.89820098876953,96.06999969482422,97.44999694824219,95.36000061035156,96.86000061035156,6776700
2026-02-06,98.23696899414062,99.44999694824219,99.58000183105469,96.0,96.30000305175781,8067100
2026-02-09,97.77271270751953,98.9800033569336,99.9800033569336,98.26000213623047,99.02999877929688,7150600
2026-02-10,96.34039306640625,97.52999877929688,99.66999816894531,97.44999694824219,98.9800033569336,8543500
2026-02-11,97.91100311279297,99.12000274658203,99.31999969482422,97.33000183105469,97.73999786376953,6949100
2026-02-12,95.57978820800781,96.76000213623047,101.19999694824219,96.44000244140625,100.0,9537300
2026-02-13,93.24347686767578,93.79000091552734,96.91999816894531,93.5999984741211,95.86000061035156,8949000
2026-02-17,94.83415222167969,95.38999938964844,95.51000213623047,93.62000274658203,94.9000015258789,8660000
2026-02-18,95.2020034790039,95.76000213623047,96.66000366210938,94.26000213623047,95.04000091552734,6068100
2026-02-19,95.24176788330078,95.80000305175781,95.94000244140625,94.76000213623047,95.37999725341797,5676700
2026-02-20,96.92191314697266,97.48999786376953,97.77999877929688,94.9000015258789,95.20999908447266,8788300
2026-02-23,94.22770690917969,94.77999877929688,97.18000030517578,93.55000305175781,96.13999938964844,7696700
2026-02-24,95.9476318359375,96.51000213623047,96.73999786376953,94.01000213623047,94.81999969482422,6537300
2026-02-25,97.3593521118164,97.93000030517578,98.19999694824219,95.9000015258789,97.2699966430664,6294100
2026-02-26,97.50848388671875,98.08000183105469,99.80000305175781,97.83999633789062,98.37000274658203,6246100
2026-02-27,97.4488296508789,98.0199966430664,98.43000030517578,96.11000061035156,96.4000015258789,7286900
2026-03-02,96.19617462158203,96.76000213623047,97.11000061035156,95.5,95.70999908447266,7250600
2026-03-03,96.11663818359375,96.68000030517578,97.08999633789062,94.4000015258789,94.91999816894531,7197200
2026-03-04,96.58390045166016,97.1500015258789,98.18000030517578,95.8499984741211,97.3499984741211,6233400
2026-03-05,98.11492919921875,98.69000244140625,98.93000030517578,96.94000244140625,97.12000274658203,9608100
2026-03-06,98.41317749023438,98.98999786376953,99.22000122070312,95.55999755859375,97.06999969482422,10826700
2026-03-09,99.18862915039062,99.7699966430664,100.37999725341797,96.81999969482422,98.25,9376800
2026-03-10,100.18280029296875,100.7699966430664,101.13999938964844,98.26000213623047,99.37000274658203,8005800
2026-03-11,100.84890747070312,101.44000244140625,101.69000244140625,99.66000366210938,101.0,8815800
2026-03-12,99.59624481201172,100.18000030517578,102.44000244140625,99.88999938964844,101.0199966430664,12248300
2026-03-13,98.57225036621094,99.1500015258789,101.22000122070312,98.86000061035156,100.63999938964844,9400400
2026-03-16,97.24999237060547,97.81999969482422,99.9000015258789,97.37999725341797,99.2300033569336,6871000
2026-03-17,97.00144958496094,97.56999969482422,98.77999877929688,97.43000030517578,98.44999694824219,5382700
2026-03-18,92.12006378173828,92.66000366210938,96.93000030517578,92.55999755859375,96.19000244140625,7598400
2026-03-19,95.27159118652344,95.83000183105469,96.26000213623047,91.58999633789062,92.1500015258789,10524500
2026-03-20,92.01070404052734,92.55000305175781,96.3499984741211,92.22000122070312,94.97000122070312,13961900
2026-03-23,93.28324890136719,93.83000183105469,95.0199966430664,93.58999633789062,93.80999755859375,7438300
2026-03-24,91.44403076171875,91.9800033569336,93.58999633789062,91.79000091552734,93.30999755859375,6262800
2026-03-25,92.15982818603516,92.69999694824219,93.52999877929688,91.87000274658203,92.33000183105469,7007500
2026-03-26,90.6884536743164,91.22000122070312,92.76000213623047,90.7300033569336,92.30999755859375,6134000
2026-03-27,86.30415344238281,86.80999755859375,90.94999694824219,85.5999984741211,90.75,12433600
2026-03-30,86.21467590332031,86.72000122070312,87.86000061035156,86.22000122070312,86.4000015258789,7422100
2026-03-31,89.06794738769531,89.58999633789062,90.0999984741211,87.45999908447266,88.0,9564200
2026-04-01,89.90306091308594,90.43000030517578,91.02999877929688,89.4800033569336,90.25,8044500
2026-04-02,89.8434066772461,90.37000274658203,91.22000122070312,88.16000366210938,89.80000305175781,7340000
2026-04-06,94.22770690917969,94.77999877929688,94.81999969482422,89.81999969482422,90.0,7236700
2026-04-07,94.65520477294922,95.20999908447266,95.3499984741211,93.83999633789062,94.54000091552734,6205600
2026-04-08,96.64354705810547,97.20999908447266,98.12999725341797,96.0,97.5,8232300
2026-04-09,96.35523986816406,96.91999816894531,97.91000366210938,96.18000030517578,97.0,5320500
2026-04-10,96.03710174560547,96.5999984741211,97.27999877929688,96.05999755859375,97.0,5356400
2026-04-13,96.91197967529297,97.4800033569336,97.66999816894531,95.44999694824219,96.5999984741211,5249200
2026-04-14,97.89620971679688,98.47000122070312,99.0,97.55999755859375,97.87999725341797,4995500
2026-04-15,97.76696014404297,98.33999633789062,99.18000030517578,97.80000305175781,98.48999786376953,5211600
2026-04-16,97.78684997558594,98.36000061035156,99.1500015258789,97.7699966430664,98.3499984741211,5645500
2026-04-17,99.41728973388672,100.0,101.43000030517578,98.91000366210938,99.06999969482422,8133400
2026-04-20,98.37340545654297,98.94999694824219,99.7300033569336,98.30000305175781,99.0,6581800
2026-04-21,97.23011779785156,97.80000305175781,99.16000366210938,96.8499984741211,99.0,4564200
2026-04-22,98.9400863647461,99.5199966430664,99.66000366210938,97.56999969482422,98.08000183105469,5730100
2026-04-23,98.95997619628906,99.54000091552734,100.80999755859375,99.19999694824219,99.97000122070312,4515300
2026-04-24,98.09503936767578,98.66999816894531,99.51000213623047,98.0,99.38999938964844,6092500
2026-04-27,97.31958770751953,97.88999938964844,99.5,97.83999633789062,98.73999786376953,5311600
2026-04-28,96.71314239501953,97.27999877929688,98.68000030517578,96.44999694824219,98.4800033569336,10383500
2026-04-29,104.88524627685547,105.5,107.2699966430664,100.08000183105469,102.0,25449200
2026-04-30,104.71623992919922,105.33000183105469,105.94999694824219,103.83000183105469,105.55000305175781,9485900
2026-05-01,105.28291320800781,105.9000015258789,107.5199966430664,105.43000030517578,105.69999694824219,6362300
2026-05-04,104.35833740234375,104.97000122070312,106.68000030517578,104.69000244140625,105.80000305175781,5487700
2026-05-05,104.32850646972656,104.94000244140625,106.06999969482422,104.3499984741211,104.76000213623047,6458500
2026-05-06,105.81977081298828,106.44000244140625,107.55000305175781,104.4000015258789,104.75,8665700
2026-05-07,103.65247344970703,104.26000213623047,106.0999984741211,102.94000244140625,105.94999694824219,9179300
2026-05-08,104.31856536865234,104.93000030517578,105.43000030517578,104.25,104.41999816894531,4538300
2026-05-11,105.12384033203125,105.73999786376953,108.04000091552734,104.94999694824219,104.94999694824219,6499500
2026-05-12,105.95895385742188,106.58000183105469,107.16000366210938,104.33999633789062,105.56999969482422,6366000
2026-05-13,105.3326187133789,105.94999694824219,108.05000305175781,105.47000122070312,106.7699966430664,8638900
2026-05-14,105.77999877929688,106.4000015258789,108.87999725341797,106.3499984741211,108.12999725341797,9941400
2026-05-15,106.81999969482422,106.81999969482422,107.87999725341797,105.0,105.75,6463900
2026-05-18,106.5999984741211,106.5999984741211,108.11000061035156,105.83999633789062,106.79000091552734,6587800
2026-05-19,106.37999725341797,106.37999725341797,107.55999755859375,105.11000061035156,105.54000091552734,5265800
2026-05-20,106.5,106.5,107.45999908447266,105.41000366210938,106.37999725341797,6632500
2026-05-21,104.12999725341797,104.12999725341797,106.16000366210938,103.62000274658203,105.86000061035156,8342800
2026-05-22,103.11000061035156,103.11000061035156,104.30000305175781,102.38999938964844,104.04000091552734,9095700
2026-05-26,101.41999816894531,101.41999816894531,103.97000122070312,100.80000305175781,103.08000183105469,9099100
2026-05-27,102.0999984741211,102.0999984741211,102.7699966430664,100.12999725341797,101.77999877929688,8901400
2026-05-28,100.75,100.75,102.25,100.37000274658203,101.73999786376953,6261500
2026-05-29,99.16000366210938,99.16000366210938,100.91000366210938,98.58000183105469,100.5,8206600
2026-06-01,96.51000213623047,96.51000213623047,98.33999633789062,95.58999633789062,98.25,8191500
2026-06-02,95.51000213623047,95.51000213623047,97.9000015258789,95.4000015258789,95.80000305175781,9546600
2026-06-03,95.88999938964844,95.88999938964844,98.19999694824219,95.22000122070312,95.4800033569336,8541800
2026-06-04,94.13999938964844,94.13999938964844,98.23999786376953,93.80999755859375,97.79000091552734,7524400
2026-06-05,95.29000091552734,95.29000091552734,95.98999786376953,93.63999938964844,94.29000091552734,7623300
2026-06-08,94.81999969482422,94.81999969482422,95.7699966430664,94.47000122070312,94.83999633789062,7306400
2026-06-09,97.41000366210938,97.41000366210938,98.44000244140625,94.97000122070312,95.1500015258789,10619700
2026-06-10,98.76000213623047,98.76000213623047,99.55999755859375,96.9000015258789,97.58000183105469,8724700
2026-06-11,102.27999877929688,102.27999877929688,102.55999755859375,98.88999938964844,98.95999908447266,10434800
2026-06-12,103.04000091552734,103.04000091552734,103.69000244140625,101.80000305175781,102.77999877929688,5305500
2026-06-15,101.58999633789062,101.58999633789062,103.61000061035156,101.41000366210938,103.48999786376953,7054400
2026-06-16,101.68000030517578,101.68000030517578,102.55999755859375,100.45999908447266,101.76000213623047,6646100
2026-06-17,99.81999969482422,99.81999969482422,101.80999755859375,98.69000244140625,100.54000091552734,6932300
2026-06-18,100.6500015258789,100.6500015258789,101.5199966430664,99.52999877929688,100.55999755859375,10603900
2026-06-22,100.1500015258789,100.1500015258789,101.80000305175781,99.95999908447266,100.6500015258789,5731000
2026-06-23,101.05000305175781,101.05000305175781,101.33000183105469,99.25,100.45999908447266,6001600
2026-06-24,103.52999877929688,103.52999877929688,104.66000366210938,101.23999786376953,101.23999786376953,6989500
2026-06-25,103.16000366210938,103.16000366210938,104.29000091552734,102.73999786376953,103.0999984741211,6853500
2026-06-26,104.5999984741211,104.5999984741211,104.91999816894531,102.70999908447266,103.44000244140625,17150800
2026-06-29,104.05999755859375,104.05999755859375,104.95999908447266,103.20999908447266,104.80999755859375,6788800
2026-06-30,102.19000244140625,102.19000244140625,104.58000183105469,102.12999725341797,103.9800033569336,7140000
2026-07-01,103.38999938964844,103.38999938964844,103.76000213623047,101.4000015258789,102.44000244140625,7464100
2026-07-02,104.2699966430664,104.2699966430664,105.75,103.18000030517578,104.0,7950200
2026-07-06,102.11000061035156,102.11000061035156,104.44999694824219,100.08999633789062,103.86000061035156,7404200
2026-07-07,103.61000061035156,103.61000061035156,105.75,102.88999938964844,103.56999969482422,5556600
2026-07-08,103.87000274658203,103.87000274658203,104.30000305175781,101.8499984741211,104.29000091552734,7084100
2026-07-09,106.41000366210938,106.41000366210938,107.44999694824219,103.20999908447266,103.6500015258789,7012700
2026-07-10,106.01000213623047,106.01000213623047,107.55999755859375,105.55000305175781,106.30000305175781,4686900
2026-07-13,107.33999633789062,107.33999633789062,108.23999786376953,105.94999694824219,106.33999633789062,6278500
2026-07-14,106.16999816894531,106.16999816894531,108.4800033569336,106.1500015258789,107.61000061035156,5153200
2026-07-15,105.11000061035156,105.11000061035156,107.41000366210938,104.70999908447266,106.3499984741211,4786100
2026-07-16,108.37000274658203,108.37000274658203,108.70999908447266,105.54000091552734,106.0,6233800
2026-07-17,105.48999786376953,105.48999786376953,109.2300033569336,105.08000183105469,108.94999694824219,7633400
2026-07-20,104.80999755859375,104.80999755859375,106.6500015258789,103.22000122070312,105.72000122070312,6163000
2026-07-21,104.44999694824219,104.44999694824219,105.48999786376953,103.91999816894531,105.05999755859375,5996000
2026-07-22,103.9800033569336,103.9800033569336,105.72000122070312,102.91000366210938,104.02999877929688,5599800
2026-07-23,103.20999908447266,103.20999908447266,103.44000244140625,101.93000030517578,102.77999877929688,6981400
2026-07-24,103.25,103.25,105.16000366210938,103.12000274658203,103.88999938964844,6396700
