Date,Adj Close,Close,High,Low,Open,Volume
2015-01-02,39.24579620361328,56.04499816894531,56.1349983215332,55.345001220703125,55.88999938964844,1432800
2015-01-05,38.52804183959961,55.02000045776367,56.064998626708984,54.75,55.8849983215332,1946000
2015-01-06,38.16740798950195,54.505001068115234,55.89500045776367,54.459999084472656,55.04999923706055,2360600
2015-01-07,38.783653259277344,55.3849983215332,55.60499954223633,54.564998626708984,54.69499969482422,2236800
2015-01-08,39.13026428222656,55.880001068115234,56.09000015258789,55.474998474121094,55.474998474121094,1494800
2015-01-09,38.776634216308594,55.375,55.88999938964844,54.9900016784668,55.88999938964844,1807800
2015-01-12,38.566558837890625,55.07500076293945,55.619998931884766,54.70000076293945,55.619998931884766,1134200
2015-01-13,38.797645568847656,55.404998779296875,56.25,55.10499954223633,55.65999984741211,2213400
2015-01-14,39.02524185180664,55.72999954223633,55.7599983215332,54.724998474121094,55.16999816894531,1479400
2015-01-15,39.26331329345703,56.06999969482422,56.29499816894531,55.59000015258789,55.935001373291016,1656000
2015-01-16,39.54691696166992,56.474998474121094,56.5,55.599998474121094,55.88999938964844,1874400
2015-01-20,39.79900360107422,56.834999084472656,56.900001525878906,56.20500183105469,56.60499954223633,1651200
2015-01-21,40.08961486816406,57.25,57.35499954223633,56.39500045776367,56.65999984741211,1733600
2015-01-22,40.09310531616211,57.255001068115234,57.70500183105469,56.89500045776367,57.404998779296875,1434400
2015-01-23,40.292686462402344,57.540000915527344,57.95000076293945,57.244998931884766,57.47999954223633,1105400
2015-01-26,40.100120544433594,57.26499938964844,57.584999084472656,56.70000076293945,57.334999084472656,1101000
2015-01-27,40.103614807128906,57.27000045776367,57.54999923706055,56.94499969482422,57.02000045776367,1240600
2015-01-28,39.683467864990234,56.66999816894531,58.10499954223633,56.55500030517578,57.28499984741211,1425800
2015-01-29,40.24367141723633,57.470001220703125,57.529998779296875,56.189998626708984,56.6150016784668,1254600
2015-01-30,39.186283111572266,55.959999084472656,57.27000045776367,55.88999938964844,56.98500061035156,1676200
2015-02-02,39.6274528503418,56.59000015258789,56.625,55.439998626708984,56.189998626708984,1483400
2015-02-03,39.848026275634766,56.904998779296875,57.0099983215332,56.13999938964844,56.41999816894531,2143800
2015-02-04,39.22480773925781,56.01499938964844,56.880001068115234,55.900001525878906,56.685001373291016,1881200
2015-02-05,39.711483001708984,56.709999084472656,56.875,55.939998626708984,56.42499923706055,1491200
2015-02-06,37.88731002807617,54.10499954223633,56.52000045776367,53.75,56.46500015258789,2670600
2015-02-09,37.77176284790039,53.939998626708984,54.349998474121094,53.584999084472656,53.900001525878906,1902200
2015-02-10,38.6470947265625,55.189998626708984,55.334999084472656,54.01499938964844,54.02000045776367,2579800
2015-02-11,37.50566482543945,53.560001373291016,54.7400016784668,53.40999984741211,54.724998474121094,2197200
2015-02-12,37.348121643066406,53.334999084472656,53.81999969482422,53.125,53.625,2425600
2015-02-13,36.959468841552734,52.779998779296875,53.5,52.31999969482422,53.209999084472656,2165800
2015-02-17,37.204566955566406,53.130001068115234,53.560001373291016,52.345001220703125,52.779998779296875,2990600
2015-02-18,38.41250228881836,54.85499954223633,54.88999938964844,52.93000030517578,52.98500061035156,2463200
2015-02-19,38.23393249511719,54.599998474121094,55.2599983215332,54.3849983215332,54.994998931884766,2881200
2015-02-20,38.4930419921875,54.970001220703125,55.060001373291016,54.22999954223633,54.67499923706055,1705600
2015-02-23,38.70661544799805,55.275001525878906,55.38999938964844,54.875,54.9900016784668,1629800
2015-02-24,38.60857009887695,55.1349983215332,55.6349983215332,54.935001373291016,55.21500015258789,1852200
2015-02-25,38.03786849975586,54.31999969482422,55.20500183105469,54.2400016784668,55.04499816894531,2356800
2015-02-26,37.971343994140625,54.224998474121094,54.880001068115234,53.665000915527344,54.64500045776367,2736600
2015-02-27,37.883811950683594,54.099998474121094,54.55500030517578,53.92499923706055,54.23500061035156,1869200
2015-03-02,37.509159088134766,53.564998626708984,54.099998474121094,53.04499816894531,54.099998474121094,3312000
2015-03-03,38.048370361328125,54.334999084472656,54.34000015258789,53.494998931884766,53.59000015258789,2384600
2015-03-04,37.78228759765625,53.95500183105469,54.060001373291016,53.744998931884766,54.0099983215332,1461200
2015-03-05,38.09739303588867,54.404998779296875,54.56999969482422,53.97999954223633,54.20500183105469,1301400
2015-03-06,37.46365737915039,53.5,53.744998931884766,52.959999084472656,53.744998931884766,5546000
2015-03-09,37.81378936767578,54.0,54.279998779296875,53.3849983215332,53.4900016784668,2798000
2015-03-10,37.393638610839844,53.400001525878906,54.224998474121094,53.3849983215332,53.89500045776367,2971800
2015-03-11,37.16605758666992,53.07500076293945,53.869998931884766,52.935001373291016,53.5,1601000
2015-03-12,37.9853401184082,54.244998931884766,54.47999954223633,53.095001220703125,53.28499984741211,2062400
2015-03-13,37.239566802978516,53.18000030517578,54.09000015258789,52.810001373291016,54.060001373291016,2172800
2015-03-16,38.065879821777344,54.36000061035156,54.470001220703125,53.19499969482422,53.380001068115234,1880600
2015-03-17,38.25494384765625,54.630001068115234,54.689998626708984,53.8849983215332,54.150001525878906,2340400
2015-03-18,39.322837829589844,56.154998779296875,56.45000076293945,54.345001220703125,54.630001068115234,2328000
2015-03-19,38.75212097167969,55.34000015258789,56.45000076293945,55.1349983215332,55.95500183105469,1646600
2015-03-20,39.1442756652832,55.900001525878906,56.150001525878906,55.26499938964844,55.70500183105469,3320600
2015-03-23,39.04973220825195,55.76499938964844,56.09000015258789,55.625,55.790000915527344,3675200
2015-03-24,38.8571662902832,55.4900016784668,56.165000915527344,55.32500076293945,55.720001220703125,1372400
2015-03-25,38.5647087097168,54.724998474121094,55.625,54.66999816894531,55.189998626708984,2090200
2015-03-26,37.76136779785156,53.584999084472656,55.275001525878906,53.529998779296875,55.275001525878906,4004800
2015-03-27,38.2299919128418,54.25,54.584999084472656,53.54999923706055,53.64500045776367,3460400
2015-03-30,38.64222717285156,54.834999084472656,54.96500015258789,54.13999938964844,54.459999084472656,2030400
2015-03-31,38.41319274902344,54.5099983215332,55.130001068115234,54.07500076293945,54.68000030517578,2386200
2015-04-01,38.70918273925781,54.93000030517578,54.959999084472656,53.875,54.40999984741211,1855000
2015-04-02,38.747928619384766,54.98500061035156,55.5,54.8650016784668,54.959999084472656,1635000
2015-04-06,38.92411804199219,55.23500061035156,55.54499816894531,54.98500061035156,55.0,1453200
2015-04-07,38.69155502319336,54.904998779296875,55.3650016784668,54.8849983215332,55.095001220703125,1435600
2015-04-08,38.26873779296875,54.30500030517578,54.95000076293945,54.05500030517578,54.875,1669800
2015-04-09,38.018577575683594,53.95000076293945,54.2599983215332,53.54999923706055,54.255001068115234,1414000
2015-04-10,38.000946044921875,53.92499923706055,54.25,53.85499954223633,54.119998931884766,2199200
2015-04-13,38.029136657714844,53.96500015258789,54.994998931884766,53.915000915527344,54.78499984741211,2267800
2015-04-14,38.170066833496094,54.165000915527344,54.400001525878906,53.8650016784668,53.9900016784668,1693200
2015-04-15,38.251121520996094,54.279998779296875,54.619998931884766,54.209999084472656,54.2599983215332,1381400
2015-04-16,37.91286849975586,53.79999923706055,54.27000045776367,53.33000183105469,54.16999816894531,1969400
2015-04-17,37.58518981933594,53.334999084472656,53.85499954223633,53.07500076293945,53.45000076293945,1705200
2015-04-20,38.215877532958984,54.22999954223633,54.64500045776367,53.5,53.54999923706055,1398200
2015-04-21,37.845916748046875,53.70500183105469,54.59000015258789,53.56999969482422,54.26499938964844,1890400
2015-04-22,37.97276306152344,53.8849983215332,54.09000015258789,53.474998474121094,53.775001525878906,1254600
2015-04-23,38.251121520996094,54.279998779296875,54.529998779296875,53.7400016784668,53.92499923706055,1662000
2015-04-24,38.585853576660156,54.755001068115234,55.154998779296875,54.084999084472656,54.21500015258789,1540200
2015-04-27,38.205318450927734,54.21500015258789,55.025001525878906,53.994998931884766,55.025001525878906,1294000
2015-04-28,38.39909744262695,54.4900016784668,54.540000915527344,53.7400016784668,54.029998779296875,887400
2015-04-29,37.92695617675781,53.81999969482422,54.290000915527344,53.400001525878906,54.13999938964844,2755600
2015-04-30,37.40899658203125,53.084999084472656,53.744998931884766,52.54499816894531,53.6150016784668,2643200
2015-05-01,37.6309928894043,53.400001525878906,53.44499969482422,52.630001068115234,53.084999084472656,2673800
2015-05-04,37.986846923828125,53.904998779296875,54.415000915527344,53.435001373291016,53.5099983215332,2076600
2015-05-05,36.76069641113281,52.165000915527344,54.03499984741211,51.69499969482422,53.540000915527344,3602200
2015-05-06,36.369564056396484,51.61000061035156,52.69499969482422,51.224998474121094,52.165000915527344,3282200
2015-05-07,36.57041549682617,51.89500045776367,52.25,51.625,51.7599983215332,2038600
2015-05-08,37.29977035522461,52.93000030517578,53.09000015258789,52.529998779296875,52.529998779296875,2457000
2015-05-11,36.99323654174805,52.494998931884766,53.14500045776367,52.32500076293945,52.720001220703125,1935400
2015-05-12,37.130653381347656,52.689998626708984,52.81999969482422,51.92499923706055,52.22999954223633,2616200
2015-05-13,36.73601531982422,52.130001068115234,53.310001373291016,51.92499923706055,52.78499984741211,2146400
2015-05-14,37.15179443359375,52.720001220703125,52.900001525878906,52.35499954223633,52.35499954223633,1799400
2015-05-15,37.65212631225586,53.43000030517578,53.44499969482422,52.53499984741211,52.82500076293945,3120000
2015-05-18,37.84944152832031,53.709999084472656,53.71500015258789,53.1150016784668,53.1349983215332,1646200
2015-05-19,37.990379333496094,53.90999984741211,54.04499816894531,53.189998626708984,53.505001068115234,1302600
2015-05-20,37.96571731567383,53.875,54.20500183105469,53.564998626708984,53.85499954223633,1666200
2015-05-21,37.944583892822266,53.845001220703125,54.220001220703125,53.66999816894531,54.11000061035156,1650800
2015-05-22,37.91286849975586,53.79999923706055,53.935001373291016,53.404998779296875,53.790000915527344,1482400
2015-05-26,37.73316955566406,53.54499816894531,53.93000030517578,53.345001220703125,53.790000915527344,3123200
2015-05-27,37.84239959716797,53.70000076293945,53.834999084472656,53.435001373291016,53.650001525878906,2628400
2015-05-28,38.0467643737793,53.9900016784668,54.064998626708984,53.494998931884766,53.78499984741211,1863800
2015-05-29,37.8670539855957,53.73500061035156,54.1150016784668,53.66999816894531,53.97999954223633,1828000
2015-06-01,37.90934371948242,53.79499816894531,54.18000030517578,53.54999923706055,53.73500061035156,1015000
2015-06-02,37.45479965209961,53.150001525878906,53.625,52.650001525878906,53.505001068115234,1649800
2015-06-03,36.91218566894531,52.380001068115234,53.380001068115234,52.130001068115234,53.0099983215332,1740800
2015-06-04,36.75010299682617,52.150001525878906,52.650001525878906,51.69499969482422,51.720001220703125,2019400
2015-06-05,36.59860610961914,51.935001373291016,51.96500015258789,51.19499969482422,51.71500015258789,2046000
2015-06-08,36.30615997314453,51.52000045776367,52.154998779296875,51.3650016784668,52.154998779296875,2659800
2015-06-09,36.30967330932617,51.525001525878906,51.970001220703125,51.28499984741211,51.5,1983000
2015-06-10,36.40835189819336,51.665000915527344,52.025001525878906,51.60499954223633,51.72999954223633,2153800
2015-06-11,36.658485412597656,52.02000045776367,52.33000183105469,51.755001068115234,51.994998931884766,1391600
2015-06-12,36.24272918701172,51.43000030517578,51.95000076293945,51.40999984741211,51.78499984741211,1382000
2015-06-15,36.14759063720703,51.29499816894531,51.59000015258789,51.029998779296875,51.38999938964844,1429600
2015-06-16,36.22158432006836,51.400001525878906,51.439998626708984,50.79999923706055,51.13999938964844,1428600
2015-06-17,36.774784088134766,52.185001373291016,52.58000183105469,51.42499923706055,51.61000061035156,4933400
2015-06-18,36.88400650024414,52.34000015258789,52.64500045776367,52.04999923706055,52.154998779296875,2760200
2015-06-19,36.633827209472656,51.98500061035156,52.599998474121094,51.98500061035156,52.07500076293945,3028800
2015-06-22,36.58097839355469,51.90999984741211,52.30500030517578,51.79499816894531,52.064998626708984,1854400
2015-06-23,36.12997817993164,51.27000045776367,52.494998931884766,51.130001068115234,51.814998626708984,1425200
2015-06-24,35.58383560180664,50.494998931884766,51.529998779296875,50.4900016784668,51.34000015258789,2129600
2015-06-25,35.268043518066406,49.70000076293945,50.35499954223633,49.68000030517578,50.28499984741211,2598400
2015-06-26,35.28224563598633,49.720001220703125,49.810001373291016,49.345001220703125,49.70500183105469,3083800
2015-06-29,35.225486755371094,49.63999938964844,50.314998626708984,49.53499984741211,49.64500045776367,2782800
2015-06-30,35.10484313964844,49.470001220703125,49.834999084472656,49.334999084472656,49.79999923706055,2864200
2015-07-01,35.06935501098633,49.41999816894531,49.69499969482422,49.244998931884766,49.45000076293945,2593400
2015-07-02,35.61576461791992,50.189998626708984,50.25,49.56999969482422,49.75,2576800
2015-07-06,35.448997497558594,49.95500183105469,50.47999954223633,49.66999816894531,50.20000076293945,2309000
2015-07-07,35.90670394897461,50.599998474121094,50.85499954223633,50.14500045776367,50.290000915527344,4281200
2015-07-08,35.99186706542969,50.720001220703125,51.01499938964844,50.32500076293945,50.345001220703125,2695000
2015-07-09,35.527042388916016,50.064998626708984,51.060001373291016,50.0,50.849998474121094,2628600
2015-07-10,35.8712272644043,50.54999923706055,50.92499923706055,49.97999954223633,50.1150016784668,1522400
2015-07-13,36.10185623168945,50.875,51.06999969482422,50.564998626708984,50.7599983215332,2572200
2015-07-14,36.1834716796875,50.9900016784668,51.189998626708984,50.744998931884766,50.88999938964844,1793000
2015-07-15,36.38215255737305,51.27000045776367,51.275001525878906,50.755001068115234,50.95000076293945,1784000
2015-07-16,36.86470031738281,51.95000076293945,51.97999954223633,51.16999816894531,51.2599983215332,2539200
2015-07-17,36.33247375488281,51.20000076293945,51.880001068115234,51.17499923706055,51.834999084472656,1732400
2015-07-20,36.197654724121094,51.0099983215332,51.244998931884766,50.790000915527344,51.22999954223633,1515200
2015-07-21,35.72574234008789,50.345001220703125,51.16999816894531,50.17499923706055,50.9900016784668,1662000
2015-07-22,35.82155990600586,50.47999954223633,50.69499969482422,50.18000030517578,50.36000061035156,2060800
2015-07-23,35.37449264526367,49.849998474121094,50.5,49.6349983215332,50.380001068115234,1754000
2015-07-24,35.34611129760742,49.810001373291016,50.07500076293945,49.73500061035156,49.834999084472656,1490400
2015-07-27,35.60512161254883,50.17499923706055,50.560001373291016,49.810001373291016,49.86000061035156,1746600
2015-07-28,35.612213134765625,50.185001373291016,50.44499969482422,49.86000061035156,50.185001373291016,1613600
2015-07-29,35.69028091430664,50.29499816894531,50.42499923706055,49.88999938964844,50.10499954223633,1782800
2015-07-30,35.78607940673828,50.43000030517578,50.66999816894531,50.03499984741211,50.130001068115234,1400600
2015-07-31,36.11249542236328,50.88999938964844,51.29999923706055,50.790000915527344,50.81999969482422,2521000
2015-08-03,36.4566650390625,51.375,51.64500045776367,50.849998474121094,50.97999954223633,2734600
2015-08-04,35.46675109863281,49.97999954223633,51.599998474121094,49.77000045776367,50.93000030517578,3041800
2015-08-05,35.72574234008789,50.345001220703125,51.08000183105469,50.185001373291016,50.53499984741211,3603600
2015-08-06,35.56608581542969,50.119998931884766,50.33000183105469,49.46500015258789,50.275001525878906,2800200
2015-08-07,36.133785247802734,50.91999816894531,50.970001220703125,49.8650016784668,50.02000045776367,1944400
2015-08-10,36.31474685668945,51.17499923706055,51.584999084472656,50.84000015258789,51.0,2475800
2015-08-11,36.49213409423828,51.42499923706055,51.974998474121094,50.96500015258789,51.15999984741211,1740800
2015-08-12,37.372074127197266,52.665000915527344,52.689998626708984,51.084999084472656,51.25,2909600
2015-08-13,37.28337478637695,52.540000915527344,52.79499816894531,52.209999084472656,52.57500076293945,2046600
2015-08-14,37.65591049194336,53.064998626708984,53.14500045776367,52.25,52.400001525878906,1573600
2015-08-17,37.74462127685547,53.189998626708984,53.349998474121094,52.5099983215332,53.07500076293945,1959600
2015-08-18,37.467872619628906,52.79999923706055,53.13999938964844,52.6150016784668,52.91999816894531,2204600
2015-08-19,37.219512939453125,52.45000076293945,52.79499816894531,52.1349983215332,52.54499816894531,1956400
2015-08-20,37.00661087036133,52.150001525878906,52.75,52.005001068115234,52.10499954223633,2420000
2015-08-21,36.176368713378906,50.97999954223633,52.26499938964844,50.974998474121094,51.8849983215332,2624600
2015-08-24,35.03385543823242,49.369998931884766,50.54999923706055,48.90999984741211,49.13999938964844,4951000
2015-08-25,34.27103042602539,48.29499816894531,50.40999984741211,48.255001068115234,50.02000045776367,4722200
2015-08-26,34.39167785644531,48.46500015258789,49.125,47.435001373291016,48.96500015258789,3554600
2015-08-27,34.714542388916016,48.91999816894531,48.970001220703125,48.27000045776367,48.779998779296875,4320600
2015-08-28,34.54424285888672,48.68000030517578,49.06999969482422,48.04999923706055,48.849998474121094,4097600
2015-08-31,33.653656005859375,47.42499923706055,48.56999969482422,47.025001525878906,48.529998779296875,4032800
2015-09-01,32.72053146362305,46.11000061035156,47.04499816894531,45.845001220703125,46.790000915527344,3294400
2015-09-02,32.64247131347656,46.0,46.650001525878906,45.34000015258789,46.584999084472656,4824000
2015-09-03,33.13564682006836,46.69499969482422,46.775001525878906,45.875,46.060001373291016,5233600
2015-09-04,32.86954116821289,46.31999969482422,46.54499816894531,45.915000915527344,46.220001220703125,4441200
2015-09-08,32.97952651977539,46.474998474121094,46.834999084472656,46.310001373291016,46.64500045776367,3138200
2015-09-09,32.45795822143555,45.7400016784668,46.65999984741211,45.63999938964844,46.57500076293945,2545000
2015-09-10,31.96476936340332,45.04499816894531,45.82500076293945,44.869998931884766,45.69499969482422,3888600
2015-09-11,32.0463752746582,45.15999984741211,45.220001220703125,44.720001220703125,44.95000076293945,2976400
2015-09-14,32.04282760620117,45.154998779296875,45.5099983215332,45.0,45.21500015258789,2026400
2015-09-15,32.23442840576172,45.42499923706055,45.5,44.935001373291016,45.20500183105469,2616800
2015-09-16,32.45086669921875,45.72999954223633,45.88999938964844,45.25,45.435001373291016,1964800
2015-09-17,32.97242736816406,46.46500015258789,47.154998779296875,45.525001525878906,45.72999954223633,2719000
2015-09-18,32.79502487182617,46.21500015258789,46.70500183105469,46.125,46.25,5028200
2015-09-21,33.0185661315918,46.529998779296875,46.6349983215332,46.099998474121094,46.32500076293945,2590600
2015-09-22,32.99727249145508,46.5,47.07500076293945,46.345001220703125,46.79499816894531,6027200
2015-09-23,32.929351806640625,46.05500030517578,46.540000915527344,45.76499938964844,46.20000076293945,2317800
2015-09-24,33.15457534790039,46.369998931884766,46.42499923706055,45.755001068115234,45.900001525878906,2225400
2015-09-25,33.58356857299805,46.970001220703125,47.55500030517578,46.435001373291016,46.435001373291016,3299800
2015-09-28,33.61574172973633,47.01499938964844,47.27000045776367,46.70000076293945,46.814998626708984,3806800
2015-09-29,33.76948165893555,47.22999954223633,47.404998779296875,46.93000030517578,47.005001068115234,3205400
2015-09-30,34.577430725097656,48.36000061035156,48.404998779296875,47.349998474121094,47.47999954223633,3776400
2015-10-01,34.46302795410156,48.20000076293945,48.459999084472656,47.744998931884766,48.35499954223633,3565400
2015-10-02,34.56312561035156,48.34000015258789,48.494998931884766,47.90999984741211,48.494998931884766,3808400
2015-10-05,35.1637077331543,49.18000030517578,49.209999084472656,48.42499923706055,48.54999923706055,2165000
2015-10-06,34.91704177856445,48.834999084472656,49.345001220703125,48.66999816894531,48.9900016784668,3683200
2015-10-07,34.95995330810547,48.89500045776367,49.400001525878906,48.685001373291016,48.93000030517578,2238200
2015-10-08,35.62847137451172,49.83000183105469,49.900001525878906,48.56999969482422,48.79499816894531,2322800
2015-10-09,35.64992141723633,49.86000061035156,50.150001525878906,49.584999084472656,49.89500045776367,2536400
2015-10-12,35.868003845214844,50.165000915527344,50.47999954223633,49.779998779296875,50.04999923706055,1652800
2015-10-13,35.93949508666992,50.26499938964844,50.41999816894531,49.94499969482422,50.0099983215332,2124000
2015-10-14,35.531951904296875,49.69499969482422,50.52000045776367,49.625,50.26499938964844,3024400
2015-10-15,36.00385284423828,50.35499954223633,50.5,49.60499954223633,49.900001525878906,1921000
2015-10-16,36.325592041015625,50.80500030517578,51.01499938964844,50.15999984741211,50.63999938964844,2498200
2015-10-19,36.4078254699707,50.91999816894531,50.94499969482422,50.404998779296875,50.6349983215332,1965800
2015-10-20,36.27197265625,50.72999954223633,50.880001068115234,50.55500030517578,50.77000045776367,1693800
2015-10-21,36.15757369995117,50.56999969482422,51.18000030517578,50.525001525878906,50.915000915527344,1341000
2015-10-22,36.64735412597656,51.255001068115234,51.275001525878906,50.584999084472656,50.68000030517578,2061600
2015-10-23,36.275550842285156,50.73500061035156,51.47999954223633,50.619998931884766,51.20500183105469,2212600
2015-10-26,36.26839828491211,50.724998474121094,50.915000915527344,50.23500061035156,50.814998626708984,2076600
2015-10-27,36.11110305786133,50.505001068115234,50.724998474121094,50.14500045776367,50.53499984741211,1545400
2015-10-28,36.075347900390625,50.45500183105469,50.70000076293945,49.75,50.5099983215332,2460600
2015-10-29,36.21477127075195,50.650001525878906,50.7400016784668,49.80500030517578,50.25,1858800
2015-10-30,36.61159896850586,51.20500183105469,51.224998474121094,50.435001373291016,50.744998931884766,2566200
2015-11-02,36.604454040527344,51.19499969482422,51.29499816894531,50.8650016784668,51.14500045776367,3298800
2015-11-03,37.34090042114258,52.224998474121094,52.349998474121094,49.584999084472656,51.415000915527344,3702400
2015-11-04,37.72342300415039,52.7599983215332,52.88999938964844,52.05500030517578,52.119998931884766,3174400
2015-11-05,37.22291946411133,52.060001373291016,52.7599983215332,52.03499984741211,52.64500045776367,2350200
2015-11-06,36.078922271728516,50.459999084472656,51.650001525878906,50.084999084472656,51.595001220703125,2953800
2015-11-09,35.875144958496094,50.17499923706055,50.46500015258789,49.88999938964844,50.349998474121094,2612000
2015-11-10,36.21477127075195,50.650001525878906,50.685001373291016,50.025001525878906,50.22999954223633,1915000
2015-11-11,36.27912139892578,50.7400016784668,51.07500076293945,50.4900016784668,50.744998931884766,1994000
2015-11-12,35.57126998901367,49.75,51.10499954223633,49.7400016784668,50.59000015258789,1923400
2015-11-13,35.34247970581055,49.43000030517578,50.189998626708984,49.334999084472656,49.82500076293945,2064000
2015-11-16,36.27912139892578,50.7400016784668,50.75,49.38999938964844,49.404998779296875,2091200
2015-11-17,35.78936004638672,50.05500030517578,50.97999954223633,49.970001220703125,50.709999084472656,1714800
2015-11-18,36.143280029296875,50.54999923706055,50.6150016784668,49.73500061035156,50.04499816894531,1757800
2015-11-19,36.343482971191406,50.83000183105469,50.970001220703125,50.404998779296875,50.55500030517578,1358600
2015-11-20,36.52580261230469,51.084999084472656,51.45000076293945,50.875,51.0,2587600
2015-11-23,36.1361198425293,50.540000915527344,51.15999984741211,50.46500015258789,51.15999984741211,1244000
2015-11-24,35.85011291503906,50.13999938964844,50.369998931884766,49.834999084472656,50.29499816894531,1638400
2015-11-25,35.456871032714844,49.59000015258789,50.040000915527344,49.529998779296875,50.040000915527344,1903600
2015-11-27,35.62131118774414,49.81999969482422,50.119998931884766,49.599998474121094,49.68000030517578,858400
2015-11-30,35.474761962890625,49.6150016784668,50.03499984741211,49.60499954223633,49.814998626708984,2176200
2015-12-01,35.77146911621094,50.029998779296875,50.06999969482422,49.400001525878906,49.81999969482422,1700000
2015-12-02,35.17087936401367,49.189998626708984,49.994998931884766,49.119998931884766,49.91999816894531,1421600
2015-12-03,34.66321563720703,48.47999954223633,49.494998931884766,48.32500076293945,48.90999984741211,1994200
2015-12-04,34.91704177856445,48.834999084472656,49.11000061035156,48.11000061035156,48.64500045776367,2450000
2015-12-07,33.962520599365234,47.5,48.720001220703125,46.525001525878906,48.720001220703125,6054600
2015-12-08,33.6121711730957,47.0099983215332,47.5,46.375,47.25,3579400
2015-12-09,33.515647888183594,46.875,47.220001220703125,46.400001525878906,46.81999969482422,3122200
2015-12-10,33.075923919677734,46.2599983215332,47.05500030517578,46.17499923706055,46.834999084472656,1777600
2015-12-11,32.63262176513672,45.63999938964844,46.1150016784668,45.435001373291016,45.95000076293945,3112200
2015-12-14,32.85427474975586,45.95000076293945,46.0099983215332,45.2599983215332,45.619998931884766,2685400
2015-12-15,33.17601013183594,46.400001525878906,46.80500030517578,46.06999969482422,46.165000915527344,1949400
2015-12-16,34.40938949584961,48.125,48.17499923706055,46.375,46.459999084472656,3501800
2015-12-17,34.30214309692383,47.974998474121094,48.38999938964844,47.775001525878906,48.150001525878906,1796600
2015-12-18,33.75159454345703,47.20500183105469,47.76499938964844,47.029998779296875,47.6150016784668,4680000
2015-12-21,33.66579818725586,47.084999084472656,47.650001525878906,46.814998626708984,47.45500183105469,2281600
2015-12-22,33.576416015625,46.959999084472656,47.20500183105469,46.58000183105469,47.20500183105469,2016000
2015-12-23,34.772220611572266,48.27000045776367,48.54499816894531,46.79499816894531,46.79499816894531,2473000
2015-12-24,34.58493423461914,48.0099983215332,48.20000076293945,47.85499954223633,48.05500030517578,686600
2015-12-28,34.595741271972656,48.025001525878906,48.1349983215332,47.584999084472656,47.834999084472656,829400
2015-12-29,34.523719787597656,47.92499923706055,48.41999816894531,47.8650016784668,48.244998931884766,2290000
2015-12-30,34.16352081298828,47.42499923706055,48.185001373291016,47.349998474121094,47.9900016784668,2961600
2015-12-31,33.86096954345703,47.005001068115234,47.3849983215332,46.44499969482422,47.23500061035156,2495800
2016-01-04,33.56201934814453,46.59000015258789,46.625,46.185001373291016,46.58000183105469,2980600
2016-01-05,33.961814880371094,47.14500045776367,47.21500015258789,46.05500030517578,46.415000915527344,2419800
2016-01-06,33.137001037597656,46.0,46.92499923706055,45.92499923706055,46.755001068115234,3935200
2016-01-07,31.336084365844727,43.5,45.45000076293945,43.3650016784668,45.244998931884766,9461800
2016-01-08,31.63503074645996,43.915000915527344,44.470001220703125,43.36000061035156,43.564998626708984,5990800
2016-01-11,32.30497360229492,44.845001220703125,44.935001373291016,43.90999984741211,44.01499938964844,4571200
2016-01-12,32.03483200073242,44.470001220703125,45.42499923706055,44.20000076293945,45.40999984741211,4005600
2016-01-13,32.50307083129883,45.119998931884766,45.900001525878906,44.56999969482422,44.77000045776367,4239800
2016-01-14,33.475563049316406,46.470001220703125,46.779998779296875,45.025001525878906,45.11000061035156,4720800
2016-01-15,33.133399963378906,45.994998931884766,46.13999938964844,45.14500045776367,45.665000915527344,3881000
2016-01-19,33.31708526611328,46.25,46.57500076293945,46.0099983215332,46.34000015258789,4977000
2016-01-20,32.434627532958984,45.025001525878906,46.14500045776367,44.56999969482422,46.05500030517578,4173400
2016-01-21,32.791221618652344,45.52000045776367,45.665000915527344,44.724998474121094,45.04999923706055,2549800
2016-01-22,33.716888427734375,46.80500030517578,46.92499923706055,45.69499969482422,45.84000015258789,2786600
2016-01-25,33.162208557128906,46.03499984741211,46.92499923706055,45.915000915527344,46.6150016784668,1937800
2016-01-26,33.21623229980469,46.11000061035156,46.65999984741211,45.869998931884766,46.18000030517578,2432000
2016-01-27,32.89568328857422,45.665000915527344,46.150001525878906,45.29499816894531,45.970001220703125,2379200
2016-01-28,33.43594741821289,46.415000915527344,46.51499938964844,45.76499938964844,45.8849983215332,2224200
2016-01-29,34.12751007080078,47.375,47.63999938964844,46.85499954223633,46.85499954223633,4034200
2016-02-01,34.458885192871094,47.834999084472656,48.099998474121094,47.14500045776367,47.375,2841800
2016-02-02,34.404850006103516,47.7599983215332,47.82500076293945,47.02000045776367,47.470001220703125,4533200
2016-02-03,34.44808578491211,47.81999969482422,48.41999816894531,47.59000015258789,47.974998474121094,3445200
2016-02-04,34.32918930053711,47.654998779296875,48.48500061035156,47.599998474121094,47.7400016784668,3978200
2016-02-05,34.239158630371094,47.529998779296875,47.814998626708984,47.040000915527344,47.4900016784668,2663800
2016-02-08,34.253570556640625,47.54999923706055,47.64500045776367,46.51499938964844,47.435001373291016,2680400
2016-02-09,34.541725158691406,47.95000076293945,48.29499816894531,47.005001068115234,47.375,2618000
2016-02-10,34.9775390625,48.55500030517578,48.8650016784668,47.67499923706055,47.720001220703125,3422200
2016-02-11,34.01945495605469,47.224998474121094,48.45500183105469,47.02000045776367,48.20000076293945,2932600
2016-02-12,33.66646957397461,46.73500061035156,47.55500030517578,46.619998931884766,47.474998474121094,3638600
2016-02-16,34.01585006713867,47.220001220703125,47.3849983215332,46.64500045776367,47.03499984741211,2720200
2016-02-17,34.39762878417969,47.75,47.84000015258789,47.040000915527344,47.41999816894531,2267000
2016-02-18,34.894691467285156,48.439998626708984,48.69499969482422,47.599998474121094,47.65999984741211,1991200
2016-02-19,35.0279655456543,48.625,48.650001525878906,47.869998931884766,48.33000183105469,4286600
2016-02-22,35.5682373046875,49.375,49.7400016784668,48.834999084472656,48.8650016784668,3011800
2016-02-23,35.59706497192383,49.415000915527344,49.619998931884766,48.88999938964844,49.040000915527344,2254600
2016-02-24,35.62226486206055,49.45000076293945,49.560001373291016,49.029998779296875,49.15999984741211,3224800
2016-02-25,35.625877380371094,49.45500183105469,49.720001220703125,49.05500030517578,49.44499969482422,3552200
2016-02-26,34.41923904418945,47.779998779296875,49.03499984741211,47.56999969482422,49.03499984741211,5587200
2016-02-29,34.76142883300781,48.255001068115234,48.810001373291016,47.52000045776367,47.70000076293945,4566200
2016-03-01,34.783042907714844,48.28499984741211,48.67499923706055,48.06999969482422,48.61000061035156,2464800
2016-03-02,35.092803955078125,48.71500015258789,48.724998474121094,47.19499969482422,48.029998779296875,3523600
2016-03-03,35.49980545043945,49.279998779296875,49.435001373291016,48.18000030517578,48.7599983215332,2187400
2016-03-04,35.24768829345703,48.93000030517578,49.43000030517578,48.654998779296875,49.209999084472656,2210600
2016-03-07,35.08198928833008,48.70000076293945,48.92499923706055,48.130001068115234,48.6150016784668,3658800
2016-03-08,35.42056655883789,49.16999816894531,49.29499816894531,48.52000045776367,48.775001525878906,2622000
2016-03-09,35.611473083496094,49.435001373291016,49.869998931884766,48.96500015258789,49.224998474121094,1999000
2016-03-10,35.384552001953125,49.119998931884766,49.650001525878906,48.57500076293945,49.375,2341000
2016-03-11,35.8239860534668,49.72999954223633,49.845001220703125,49.3849983215332,49.470001220703125,2713200
2016-03-14,36.04368591308594,50.03499984741211,50.15999984741211,49.36000061035156,49.71500015258789,1922200
2016-03-15,36.09050750732422,50.099998474121094,50.19499969482422,49.685001373291016,49.685001373291016,2085200
2016-03-16,36.241790771484375,50.310001373291016,50.5,49.43000030517578,49.9900016784668,2430600
2016-03-17,37.11343002319336,51.52000045776367,51.625,50.244998931884766,50.404998779296875,2439400
2016-03-18,37.18186950683594,51.6150016784668,51.97999954223633,51.14500045776367,51.54999923706055,4759000
2016-03-21,37.063018798828125,51.45000076293945,51.66999816894531,51.1150016784668,51.6150016784668,2727200
2016-03-22,37.278900146484375,51.369998931884766,51.57500076293945,50.81999969482422,50.970001220703125,2996800
2016-03-23,36.94871520996094,50.915000915527344,51.26499938964844,50.69499969482422,51.150001525878906,2876400
2016-03-24,37.2099609375,51.275001525878906,51.3849983215332,50.51499938964844,50.72999954223633,1731000
2016-03-28,37.278900146484375,51.369998931884766,51.720001220703125,51.06999969482422,51.369998931884766,1460200
2016-03-29,37.7905158996582,52.07500076293945,52.15999984741211,51.165000915527344,51.439998626708984,1898600
2016-03-30,37.543785095214844,51.73500061035156,52.349998474121094,51.54999923706055,52.349998474121094,2442400
2016-03-31,37.754234313964844,52.025001525878906,52.16999816894531,51.689998626708984,51.689998626708984,2531400
2016-04-01,38.43275833129883,52.959999084472656,53.025001525878906,51.689998626708984,51.959999084472656,3390000
2016-04-04,38.14611053466797,52.564998626708984,52.810001373291016,52.470001220703125,52.79499816894531,2753600
2016-04-05,37.402286529541016,51.540000915527344,52.31999969482422,51.47999954223633,52.275001525878906,2383800
2016-04-06,37.4458122253418,51.599998474121094,51.65999984741211,51.04999923706055,51.42499923706055,2145600
2016-04-07,37.50023651123047,51.67499923706055,51.90999984741211,51.189998626708984,51.3650016784668,2322200
2016-04-08,37.823177337646484,52.119998931884766,52.29499816894531,51.81999969482422,51.81999969482422,1920000
2016-04-11,37.489356994628906,51.65999984741211,52.435001373291016,51.560001373291016,52.15999984741211,1775000
2016-04-12,37.76874923706055,52.04499816894531,52.11000061035156,51.5099983215332,51.76499938964844,1812000
2016-04-13,37.72520446777344,51.98500061035156,52.21500015258789,51.56999969482422,52.17499923706055,1532800
2016-04-14,37.703433990478516,51.95500183105469,52.08000183105469,51.72999954223633,51.97999954223633,1803600
2016-04-15,37.953800201416016,52.29999923706055,52.47999954223633,51.869998931884766,51.869998931884766,1649200
2016-04-18,37.91025161743164,52.2400016784668,52.29999923706055,51.775001525878906,52.29999923706055,2150000
2016-04-19,37.812286376953125,52.10499954223633,52.459999084472656,51.915000915527344,52.275001525878906,2071600
2016-04-20,37.16641616821289,51.21500015258789,52.72999954223633,51.189998626708984,52.22999954223633,2690000
2016-04-21,36.455238342285156,50.23500061035156,51.22999954223633,50.23500061035156,51.095001220703125,2359200
2016-04-22,36.69834899902344,50.56999969482422,50.689998626708984,50.20000076293945,50.400001525878906,2029000
2016-04-25,36.75640869140625,50.650001525878906,50.69499969482422,50.220001220703125,50.564998626708984,1822000
2016-04-26,36.720115661621094,50.599998474121094,51.040000915527344,50.47999954223633,50.82500076293945,1795400
2016-04-27,37.32607650756836,51.435001373291016,51.689998626708984,50.279998779296875,50.73500061035156,2062600
2016-04-28,37.405879974365234,51.54499816894531,51.810001373291016,51.02000045776367,51.02000045776367,1832800
2016-04-29,37.50023651123047,51.67499923706055,51.71500015258789,51.03499984741211,51.2599983215332,2726800
2016-05-02,38.05901336669922,52.44499969482422,52.65999984741211,51.439998626708984,51.73500061035156,3597400
2016-05-03,38.05901336669922,52.44499969482422,52.654998779296875,52.07500076293945,52.3650016784668,3763400
2016-05-04,38.12433624267578,52.53499984741211,53.45500183105469,51.904998779296875,52.20500183105469,3815000
2016-05-05,38.25859069824219,52.720001220703125,53.03499984741211,52.10499954223633,52.474998474121094,3635200
2016-05-06,38.01185989379883,52.380001068115234,52.60499954223633,51.79499816894531,52.540000915527344,2453200
2016-05-09,37.964683532714844,52.314998626708984,52.54499816894531,52.095001220703125,52.45000076293945,1984400
2016-05-10,37.97557067871094,52.33000183105469,52.595001220703125,52.13999938964844,52.46500015258789,2001400
2016-05-11,38.22591781616211,52.67499923706055,52.78499984741211,51.95500183105469,52.40999984741211,2440400
2016-05-12,38.23319625854492,52.685001373291016,52.98500061035156,52.41999816894531,52.689998626708984,1970200
2016-05-13,37.88124084472656,52.20000076293945,52.709999084472656,52.029998779296875,52.625,1558600
2016-05-16,37.95742416381836,52.30500030517578,52.595001220703125,51.94499969482422,52.244998931884766,2142400
2016-05-17,37.72883605957031,51.9900016784668,52.30500030517578,51.564998626708984,52.09000015258789,2832600
2016-05-18,37.126502990722656,51.15999984741211,52.11000061035156,50.8650016784668,51.689998626708984,2604400
2016-05-19,37.365989685058594,51.4900016784668,51.56999969482422,50.584999084472656,50.89500045776367,2551400
2016-05-20,37.601829528808594,51.814998626708984,51.935001373291016,51.30500030517578,51.67499923706055,4996400
2016-05-23,37.311561584472656,51.415000915527344,51.94499969482422,51.39500045776367,51.939998626708984,1803600
2016-05-24,37.85584259033203,52.165000915527344,52.19499969482422,51.01499938964844,51.564998626708984,2550400
2016-05-25,37.94654846191406,52.290000915527344,52.595001220703125,51.80500030517578,52.154998779296875,2153400
2016-05-26,38.015480041503906,52.3849983215332,52.564998626708984,52.130001068115234,52.14500045776367,1833400
2016-05-27,38.22591781616211,52.67499923706055,52.70500183105469,52.18000030517578,52.40999984741211,1231200
2016-05-31,38.86817169189453,53.560001373291016,53.63999938964844,52.66999816894531,52.685001373291016,4043800
2016-06-01,38.74480056762695,53.38999938964844,53.599998474121094,53.084999084472656,53.44499969482422,3073800
2016-06-02,38.72667694091797,53.3650016784668,53.494998931884766,53.08000183105469,53.20500183105469,2360600
2016-06-03,39.717247009277344,54.72999954223633,54.95000076293945,53.685001373291016,53.685001373291016,4087800
2016-06-06,39.56120300292969,54.51499938964844,54.67499923706055,54.03499984741211,54.470001220703125,3354400
2016-06-07,39.437843322753906,54.345001220703125,54.685001373291016,54.25,54.41999816894531,1618800
2016-06-08,39.74989700317383,54.775001525878906,54.779998779296875,54.375,54.375,1576800
2016-06-09,39.91317367553711,55.0,55.1349983215332,54.5,54.720001220703125,1541200
2016-06-10,39.64830017089844,54.6349983215332,55.09000015258789,54.470001220703125,54.900001525878906,1766000
2016-06-13,39.69547653198242,54.70000076293945,54.8849983215332,54.5,54.68000030517578,1665600
2016-06-14,39.942203521728516,55.040000915527344,55.05500030517578,54.45500183105469,54.70000076293945,2098600
2016-06-15,39.59749221801758,54.564998626708984,55.060001373291016,54.46500015258789,55.040000915527344,2415200
2016-06-16,39.69184112548828,54.69499969482422,54.78499984741211,54.279998779296875,54.55500030517578,1928800
2016-06-17,39.78617858886719,54.82500076293945,54.970001220703125,54.314998626708984,54.78499984741211,3018000
2016-06-20,39.662818908691406,54.654998779296875,55.20000076293945,54.494998931884766,55.0099983215332,2292600
2016-06-21,40.07283020019531,55.220001220703125,55.44499969482422,54.58000183105469,54.685001373291016,2264000
2016-06-22,39.74264144897461,54.76499938964844,55.334999084472656,54.689998626708984,55.224998474121094,1837000
2016-06-23,40.3050537109375,55.540000915527344,55.540000915527344,54.80500030517578,55.0099983215332,1823000
2016-06-24,40.03653335571289,55.16999816894531,55.90999984741211,54.650001525878906,54.650001525878906,3319800
2016-06-27,40.417537689208984,55.69499969482422,55.88999938964844,54.834999084472656,55.064998626708984,3252000
2016-06-28,40.346290588378906,55.220001220703125,55.72999954223633,54.79499816894531,55.39500045776367,2997000
2016-06-29,40.64950180053711,55.6349983215332,55.650001525878906,55.29499816894531,55.45500183105469,2670400
2016-06-30,41.654144287109375,57.0099983215332,57.01499938964844,55.80500030517578,55.8849983215332,3459600
2016-07-01,41.46052169799805,56.744998931884766,57.20000076293945,56.25,57.14500045776367,2047400
2016-07-05,41.500709533691406,56.79999923706055,57.06999969482422,56.599998474121094,56.70500183105469,2020800
2016-07-06,41.82950973510742,57.25,57.33000183105469,56.689998626708984,56.880001068115234,3447000
2016-07-07,41.30344009399414,56.529998779296875,57.25,56.380001068115234,57.095001220703125,2129400
2016-07-08,41.68703079223633,57.05500030517578,57.11000061035156,56.005001068115234,56.5,2772600
2016-07-11,41.75278091430664,57.14500045776367,57.17499923706055,56.560001373291016,57.025001525878906,2003000
2016-07-12,41.36190414428711,56.61000061035156,57.21500015258789,56.415000915527344,56.875,1728000
2016-07-13,41.6979866027832,57.06999969482422,57.15999984741211,56.560001373291016,56.7400016784668,1775400
2016-07-14,41.29978561401367,56.525001525878906,56.79499816894531,55.900001525878906,56.79499816894531,2576000
2016-07-15,41.255958557128906,56.46500015258789,56.994998931884766,56.2400016784668,56.650001525878906,2185000
2016-07-18,41.26325988769531,56.474998474121094,56.724998474121094,56.3650016784668,56.46500015258789,2003800
2016-07-19,41.02944564819336,56.154998779296875,56.625,55.939998626708984,56.505001068115234,4963400
2016-07-20,40.91255187988281,55.994998931884766,56.38999938964844,55.8849983215332,56.244998931884766,2649000
2016-07-21,41.30344009399414,56.529998779296875,56.599998474121094,55.65999984741211,55.86000061035156,2339200
2016-07-22,41.566471099853516,56.88999938964844,56.959999084472656,56.46500015258789,56.5,1281000
2016-07-25,41.24498748779297,56.45000076293945,56.75,56.209999084472656,56.67499923706055,919600
2016-07-26,41.04771423339844,56.18000030517578,56.54999923706055,56.01499938964844,56.505001068115234,1229800
2016-07-27,40.51434326171875,55.45000076293945,56.275001525878906,55.0,56.165000915527344,2015800
2016-07-28,40.689697265625,55.689998626708984,55.82500076293945,55.189998626708984,55.5,1482400
2016-07-29,40.87235641479492,55.939998626708984,56.02000045776367,55.42499923706055,55.689998626708984,1768400
2016-08-01,40.773719787597656,55.80500030517578,55.97999954223633,55.65999984741211,55.834999084472656,1265400
2016-08-02,40.47416305541992,55.39500045776367,55.60499954223633,55.119998931884766,55.599998474121094,997000
2016-08-03,40.313419342041016,55.17499923706055,55.474998474121094,54.97999954223633,55.39500045776367,1862400
2016-08-04,40.29149627685547,55.14500045776367,55.68000030517578,54.724998474121094,55.19499969482422,2114200
2016-08-05,39.10419845581055,53.52000045776367,55.05500030517578,53.380001068115234,55.05500030517578,2714200
2016-08-08,39.082271575927734,53.4900016784668,54.14500045776367,53.38999938964844,53.52000045776367,2090400
2016-08-09,38.866737365722656,53.19499969482422,53.54999923706055,52.994998931884766,53.45000076293945,2097200
2016-08-10,39.001914978027344,53.380001068115234,53.584999084472656,53.15999984741211,53.33000183105469,1209400
2016-08-11,39.08592987060547,53.494998931884766,53.529998779296875,53.20500183105469,53.43000030517578,1626800
2016-08-12,39.08592987060547,53.494998931884766,53.91999816894531,53.345001220703125,53.494998931884766,1055600
2016-08-15,38.69139099121094,52.95500183105469,53.79999923706055,52.915000915527344,53.474998474121094,1620000
2016-08-16,38.28586959838867,52.400001525878906,52.95000076293945,52.36000061035156,52.86000061035156,1384200
2016-08-17,38.800968170166016,53.10499954223633,53.15999984741211,51.95500183105469,52.380001068115234,2646400
2016-08-18,39.622947692871094,54.22999954223633,54.2400016784668,52.974998474121094,52.974998474121094,2905000
2016-08-19,39.4366340637207,53.974998474121094,54.314998626708984,53.6150016784668,54.025001525878906,2105800
2016-08-22,39.36722946166992,53.880001068115234,54.29499816894531,53.790000915527344,54.084999084472656,1368800
2016-08-23,39.04208755493164,53.435001373291016,54.290000915527344,53.415000915527344,53.8650016784668,1378200
2016-08-24,39.016517639160156,53.400001525878906,53.56999969482422,52.915000915527344,53.400001525878906,1453800
2016-08-25,38.91056823730469,53.255001068115234,53.58000183105469,53.13999938964844,53.375,1556800
2016-08-26,38.154361724853516,52.220001220703125,53.619998931884766,51.959999084472656,53.43000030517578,2470000
2016-08-29,38.26760482788086,52.375,52.70500183105469,52.20500183105469,52.415000915527344,2418400
2016-08-30,38.01188659667969,52.025001525878906,52.685001373291016,51.8650016784668,52.474998474121094,2198200
2016-08-31,38.22376251220703,52.314998626708984,52.3650016784668,51.810001373291016,52.04999923706055,2554800
2016-09-01,37.884002685546875,51.849998474121094,52.435001373291016,51.689998626708984,52.349998474121094,1692000
2016-09-02,38.103214263916016,52.150001525878906,52.44499969482422,51.619998931884766,51.869998931884766,1816200
2016-09-06,38.757144927978516,53.04499816894531,53.06999969482422,52.095001220703125,52.29999923706055,3043000
2016-09-07,38.738861083984375,53.02000045776367,53.040000915527344,52.775001525878906,52.900001525878906,1599600
2016-09-08,39.11149978637695,53.529998779296875,53.65999984741211,52.775001525878906,52.775001525878906,2659400
2016-09-09,37.591758728027344,51.45000076293945,53.33000183105469,51.435001373291016,53.150001525878906,3729600
2016-09-12,38.18723678588867,52.26499938964844,52.43000030517578,51.185001373291016,51.30500030517578,3495200
2016-09-13,37.45658874511719,51.26499938964844,52.18000030517578,51.07500076293945,52.18000030517578,2197000
2016-09-14,38.04110336303711,52.064998626708984,52.07500076293945,51.17499923706055,51.38999938964844,4183200
2016-09-15,38.4319953918457,52.599998474121094,52.779998779296875,51.83000183105469,52.01499938964844,3376200
2016-09-16,38.95075607299805,53.310001373291016,53.3849983215332,52.185001373291016,52.65999984741211,9917000
2016-09-19,39.432987213134766,53.970001220703125,54.040000915527344,53.244998931884766,53.39500045776367,3207200
2016-09-20,39.60834503173828,54.209999084472656,54.744998931884766,54.08000183105469,54.09000015258789,2936000
2016-09-21,40.284183502197266,55.1349983215332,55.15999984741211,54.03499984741211,54.03499984741211,2944600
2016-09-22,40.39744567871094,55.290000915527344,55.70000076293945,54.915000915527344,55.3849983215332,1784800
2016-09-23,40.152671813964844,54.95500183105469,55.23500061035156,54.8650016784668,55.0099983215332,2147000
2016-09-26,40.46318435668945,55.380001068115234,55.48500061035156,54.7599983215332,54.994998931884766,3322600
2016-09-27,39.791908264160156,54.09000015258789,55.56999969482422,53.959999084472656,55.185001373291016,2624600
2016-09-28,39.964778900146484,54.32500076293945,54.505001068115234,53.685001373291016,54.21500015258789,1685200
2016-09-29,39.3394775390625,53.474998474121094,54.26499938964844,53.345001220703125,54.20500183105469,2208600
2016-09-30,39.42774963378906,53.595001220703125,53.974998474121094,53.46500015258789,53.76499938964844,3626800
2016-10-03,38.65163040161133,52.540000915527344,53.5,52.279998779296875,53.5,2434600
2016-10-04,37.78355407714844,51.36000061035156,52.39500045776367,50.959999084472656,52.39500045776367,3163000
2016-10-05,37.78722381591797,51.3650016784668,52.1150016784668,51.21500015258789,51.505001068115234,3177000
2016-10-06,37.91964340209961,51.54499816894531,51.744998931884766,50.849998474121094,51.224998474121094,1780600
2016-10-07,37.76148223876953,51.33000183105469,52.275001525878906,51.28499984741211,51.720001220703125,2400200
2016-10-10,38.368412017822266,52.154998779296875,52.209999084472656,51.47999954223633,51.505001068115234,1929400
2016-10-11,37.80195617675781,51.3849983215332,51.974998474121094,51.10499954223633,51.974998474121094,2279000
2016-10-12,38.0667839050293,51.744998931884766,51.875,51.349998474121094,51.525001525878906,2221800
2016-10-13,38.475074768066406,52.29999923706055,52.6150016784668,51.56999969482422,51.81999969482422,2084400
2016-10-14,38.25803756713867,52.005001068115234,52.60499954223633,51.84000015258789,52.60499954223633,1950000
2016-10-17,38.42357635498047,52.22999954223633,52.290000915527344,51.970001220703125,52.095001220703125,1548800
2016-10-18,38.644283294677734,52.529998779296875,52.76499938964844,51.95000076293945,52.599998474121094,1164200
2016-10-19,38.49346160888672,52.32500076293945,52.70000076293945,52.290000915527344,52.599998474121094,1619800
2016-10-20,38.75094223022461,52.67499923706055,52.78499984741211,52.33000183105469,52.38999938964844,2034000
2016-10-21,38.56703567504883,52.42499923706055,52.584999084472656,52.18000030517578,52.415000915527344,1393000
2016-10-24,38.699459075927734,52.60499954223633,52.904998779296875,52.314998626708984,52.69499969482422,1991000
2016-10-25,39.14085006713867,53.20500183105469,53.21500015258789,52.41999816894531,52.494998931884766,1368800
2016-10-26,38.75094223022461,52.67499923706055,54.709999084472656,52.48500061035156,53.10499954223633,3398800
2016-10-27,38.46403503417969,52.28499984741211,52.6150016784668,51.68000030517578,52.404998779296875,2516600
2016-10-28,38.65898895263672,52.54999923706055,52.91999816894531,52.07500076293945,52.404998779296875,1365800
2016-10-31,39.394649505615234,53.54999923706055,53.81999969482422,52.72999954223633,52.834999084472656,2405200
2016-11-01,38.56703567504883,52.42499923706055,53.54999923706055,52.27000045776367,53.54999923706055,2113600
2016-11-02,36.54765319824219,49.68000030517578,52.61000061035156,49.53499984741211,52.42499923706055,8669200
2016-11-03,37.143531799316406,50.4900016784668,50.650001525878906,49.345001220703125,49.540000915527344,2805600
2016-11-04,37.55549621582031,51.04999923706055,51.71500015258789,50.73500061035156,50.73500061035156,3888200
2016-11-07,38.28012466430664,52.03499984741211,52.05500030517578,50.96500015258789,51.369998931884766,2843600
2016-11-08,38.3941535949707,52.189998626708984,52.470001220703125,51.86000061035156,52.04999923706055,1421600
2016-11-09,36.661678314208984,49.834999084472656,51.345001220703125,49.01499938964844,51.345001220703125,7853600
2016-11-10,35.76783752441406,48.619998931884766,49.52000045776367,48.279998779296875,49.369998931884766,4787200
2016-11-11,35.19770431518555,47.845001220703125,48.994998931884766,47.70000076293945,48.61000061035156,3566600
2016-11-14,34.8482666015625,47.369998931884766,47.8849983215332,46.474998474121094,47.8849983215332,7300600
2016-11-15,35.69795608520508,48.525001525878906,48.779998779296875,47.42499923706055,47.665000915527344,3833200
2016-11-16,36.161415100097656,49.154998779296875,49.17499923706055,48.26499938964844,48.63999938964844,3703600
2016-11-17,36.610172271728516,49.76499938964844,49.8650016784668,49.02000045776367,49.02000045776367,3419000
2016-11-18,36.71684646606445,49.90999984741211,50.32500076293945,49.63999938964844,49.72999954223633,3948800
2016-11-21,36.67637634277344,49.85499954223633,50.15999984741211,49.43000030517578,50.125,2563800
2016-11-22,36.85293960571289,50.095001220703125,50.380001068115234,49.83000183105469,49.974998474121094,1978000
2016-11-23,36.29751968383789,49.34000015258789,50.16999816894531,49.060001373291016,50.0,2654600
2016-11-25,36.58442687988281,49.72999954223633,49.97999954223633,49.415000915527344,49.494998931884766,856200
2016-11-28,37.242835998535156,50.625,50.88999938964844,49.82500076293945,49.82500076293945,3664400
2016-11-29,37.250186920166016,50.6349983215332,51.185001373291016,50.06999969482422,50.43000030517578,2432000
2016-11-30,36.70948028564453,49.900001525878906,50.81999969482422,49.79999923706055,50.6349983215332,2979800
2016-12-01,36.54396438598633,49.67499923706055,49.88999938964844,49.30500030517578,49.59000015258789,1690200
2016-12-02,36.746273040771484,49.95000076293945,50.76499938964844,49.775001525878906,49.93000030517578,1451600
2016-12-05,36.382118225097656,49.45500183105469,49.755001068115234,49.060001373291016,49.69499969482422,1881000
2016-12-06,36.290164947509766,49.33000183105469,49.935001373291016,49.29499816894531,49.709999084472656,2557200
2016-12-07,36.60649108886719,49.7599983215332,49.82500076293945,49.36000061035156,49.44499969482422,2468000
2016-12-08,36.62856674194336,49.790000915527344,49.880001068115234,49.244998931884766,49.5099983215332,1629800
2016-12-09,37.04420471191406,50.35499954223633,50.525001525878906,49.76499938964844,49.85499954223633,2231600
2016-12-12,37.88286590576172,51.494998931884766,51.564998626708984,50.10499954223633,50.154998779296875,2328200
2016-12-13,38.24333953857422,51.98500061035156,52.349998474121094,51.63999938964844,51.709999084472656,2112000
2016-12-14,37.02214050292969,50.32500076293945,52.314998626708984,50.244998931884766,52.040000915527344,2027600
2016-12-15,37.066287994384766,50.3849983215332,50.58000183105469,49.7400016784668,50.1349983215332,1675400
2016-12-16,37.57020950317383,51.06999969482422,51.16999816894531,50.3650016784668,50.40999984741211,4457200
2016-12-19,38.077823638916016,51.7599983215332,51.98500061035156,51.0099983215332,51.47999954223633,2570200
2016-12-20,37.92332077026367,51.54999923706055,51.904998779296875,51.45500183105469,51.630001068115234,1577400
2016-12-21,37.45985794067383,50.91999816894531,51.7400016784668,50.915000915527344,51.505001068115234,2201600
2016-12-22,37.5665397644043,51.064998626708984,51.279998779296875,50.79999923706055,51.064998626708984,1827600
2016-12-23,37.397335052490234,50.834999084472656,51.2599983215332,50.67499923706055,51.099998474121094,949600
2016-12-27,37.514068603515625,50.6150016784668,50.71500015258789,50.165000915527344,50.38999938964844,933600
2016-12-28,37.028594970703125,49.959999084472656,50.71500015258789,49.8849983215332,50.71500015258789,958000
2016-12-29,37.425113677978516,50.494998931884766,50.75,50.064998626708984,50.21500015258789,1527000
2016-12-30,37.29541778564453,50.31999969482422,50.6349983215332,50.17499923706055,50.474998474121094,1879600
2017-01-03,37.47700881958008,50.564998626708984,50.630001068115234,49.92499923706055,50.46500015258789,2226400
2017-01-04,37.799415588378906,51.0,51.56999969482422,50.584999084472656,50.69499969482422,2778200
2017-01-05,37.71047592163086,50.880001068115234,51.130001068115234,50.060001373291016,51.0,4016200
2017-01-06,38.140350341796875,51.459999084472656,51.58000183105469,50.60499954223633,50.724998474121094,1869200
2017-01-09,37.56965637207031,50.689998626708984,51.814998626708984,50.63999938964844,51.46500015258789,2010200
2017-01-10,37.45106887817383,50.529998779296875,50.849998474121094,50.04499816894531,50.52000045776367,1858600
2017-01-11,37.84759521484375,51.064998626708984,51.2599983215332,50.400001525878906,50.459999084472656,2938400
2017-01-12,37.740116119384766,50.91999816894531,51.45000076293945,50.63999938964844,51.06999969482422,1613600
2017-01-13,37.714176177978516,50.8849983215332,51.165000915527344,50.584999084472656,50.79499816894531,1272000
2017-01-17,38.31822967529297,51.70000076293945,51.7400016784668,50.84000015258789,50.994998931884766,1543400
2017-01-18,38.459041595458984,51.88999938964844,52.125,51.70500183105469,51.75,2030800
2017-01-19,37.82905960083008,51.040000915527344,51.810001373291016,50.8849983215332,51.810001373291016,1480400
2017-01-20,37.962467193603516,51.220001220703125,51.474998474121094,50.79999923706055,51.11000061035156,1579800
2017-01-23,37.87353515625,51.099998474121094,51.7400016784668,50.9900016784668,51.310001373291016,2415400
2017-01-24,38.047706604003906,51.334999084472656,51.44499969482422,50.935001373291016,51.04999923706055,2457800
2017-01-25,38.01064682006836,51.28499984741211,51.345001220703125,50.79499816894531,51.32500076293945,2026800
2017-01-26,37.903167724609375,51.13999938964844,51.505001068115234,50.79999923706055,51.19499969482422,1690800
2017-01-27,37.59188461303711,50.720001220703125,51.29499816894531,50.560001373291016,51.290000915527344,1152200
2017-01-30,37.362125396728516,50.40999984741211,50.88999938964844,49.85499954223633,50.88999938964844,2303200
2017-01-31,37.94394302368164,51.19499969482422,51.255001068115234,50.31999969482422,50.46500015258789,1895200
2017-02-01,37.584476470947266,50.709999084472656,51.11000061035156,50.39500045776367,50.79499816894531,1362000
2017-02-02,38.06623077392578,51.36000061035156,51.380001068115234,50.400001525878906,50.79499816894531,1274000
2017-02-03,38.092166900634766,51.39500045776367,51.6150016784668,51.31999969482422,51.48500061035156,1143600
2017-02-06,38.021759033203125,51.29999923706055,51.63999938964844,50.97999954223633,51.5,923800
2017-02-07,38.00323486328125,51.275001525878906,51.47999954223633,51.04499816894531,51.32500076293945,1066600
2017-02-08,38.618408203125,52.10499954223633,52.21500015258789,51.25,51.25,1591600
2017-02-09,38.4108772277832,51.82500076293945,52.31999969482422,51.75,52.13999938964844,1502200
2017-02-10,38.6702880859375,52.17499923706055,52.2599983215332,51.67499923706055,51.67499923706055,1264400
2017-02-13,38.970458984375,52.58000183105469,52.61000061035156,52.14500045776367,52.19499969482422,1076600
2017-02-14,38.66287612915039,52.165000915527344,52.584999084472656,51.904998779296875,52.380001068115234,1153400
2017-02-15,38.65916061401367,52.15999984741211,52.185001373291016,51.595001220703125,51.66999816894531,1381600
2017-02-16,39.24468994140625,52.95000076293945,52.959999084472656,52.224998474121094,52.275001525878906,1324200
2017-02-17,39.22614669799805,52.92499923706055,53.06999969482422,52.439998626708984,52.95500183105469,1787400
2017-02-21,39.45962142944336,53.2400016784668,53.36000061035156,52.650001525878906,52.810001373291016,1555200
2017-02-22,39.70791244506836,53.57500076293945,53.78499984741211,53.10499954223633,53.314998626708984,1274600
2017-02-23,40.2119026184082,54.255001068115234,54.560001373291016,53.65999984741211,53.814998626708984,1842000
2017-02-24,40.42683410644531,54.54499816894531,54.665000915527344,54.185001373291016,54.185001373291016,2165600
2017-02-27,40.32308578491211,54.404998779296875,54.54999923706055,54.165000915527344,54.54499816894531,1759200
2017-02-28,40.87154006958008,55.14500045776367,55.474998474121094,54.334999084472656,54.55500030517578,4115800
2017-03-01,40.63436508178711,54.82500076293945,55.32500076293945,54.3650016784668,54.93000030517578,2365200
2017-03-02,40.67142868041992,54.875,55.13999938964844,54.47999954223633,54.63999938964844,2304800
2017-03-03,40.47872543334961,54.6150016784668,54.90999984741211,54.16999816894531,54.90999984741211,1542200
2017-03-06,40.74183654785156,54.970001220703125,54.97999954223633,54.314998626708984,54.470001220703125,2067000
2017-03-07,40.979007720947266,55.290000915527344,55.5099983215332,54.7599983215332,54.89500045776367,2245400
2017-03-08,40.185970306396484,54.220001220703125,54.880001068115234,54.130001068115234,54.64500045776367,1717400
2017-03-09,40.04143142700195,54.025001525878906,54.69499969482422,53.94499969482422,54.2599983215332,1512400
2017-03-10,40.541717529296875,54.70000076293945,54.77000045776367,54.16999816894531,54.45500183105469,1624200
2017-03-13,40.67513656616211,54.880001068115234,54.959999084472656,54.53499984741211,54.70000076293945,1291800
2017-03-14,40.45278549194336,54.58000183105469,54.93000030517578,54.42499923706055,54.630001068115234,1048800
2017-03-15,41.21988296508789,55.6150016784668,55.915000915527344,54.72999954223633,54.83000183105469,1833200
2017-03-16,40.823360443115234,55.08000183105469,55.779998779296875,54.834999084472656,55.779998779296875,1582200
2017-03-17,41.04570770263672,55.380001068115234,55.755001068115234,55.20000076293945,55.220001220703125,2722800
2017-03-20,40.908599853515625,55.19499969482422,55.625,54.900001525878906,55.45500183105469,1803000
2017-03-21,41.54071044921875,55.630001068115234,55.790000915527344,54.6150016784668,54.82500076293945,2004000
2017-03-22,41.794593811035156,55.970001220703125,56.28499984741211,55.69499969482422,55.810001373291016,2208600
2017-03-23,41.660186767578125,55.790000915527344,56.540000915527344,55.595001220703125,56.01499938964844,1953400
2017-03-24,41.99248504638672,56.23500061035156,56.39500045776367,55.70000076293945,55.814998626708984,1880200
2017-03-27,41.66765213012695,55.79999923706055,56.57500076293945,55.625,56.1150016784668,1539800
2017-03-28,41.843135833740234,56.03499984741211,56.09000015258789,55.665000915527344,55.75,1573800
2017-03-29,41.54817199707031,55.63999938964844,56.0,55.54999923706055,55.880001068115234,1624400
2017-03-30,41.15613555908203,55.1150016784668,55.439998626708984,55.04499816894531,55.39500045776367,1772400
2017-03-31,41.25695037841797,55.25,55.58000183105469,55.04499816894531,55.04499816894531,2542600
2017-04-03,41.01799392700195,54.93000030517578,55.38999938964844,54.58000183105469,55.2400016784668,2602800
2017-04-04,41.21213912963867,55.189998626708984,55.42499923706055,54.86000061035156,54.994998931884766,1716800
2017-04-05,40.861183166503906,54.720001220703125,55.32500076293945,53.93000030517578,55.25,4966000
2017-04-06,40.97692108154297,54.875,54.93000030517578,54.349998474121094,54.630001068115234,2863400
2017-04-07,40.950782775878906,54.84000015258789,55.459999084472656,54.80500030517578,54.9900016784668,2679000
2017-04-10,41.31294631958008,55.32500076293945,55.435001373291016,54.68000030517578,54.84000015258789,2214200
2017-04-11,41.24947738647461,55.2400016784668,55.42499923706055,54.869998931884766,55.25,1584200
2017-04-12,41.615379333496094,55.72999954223633,55.75,54.96500015258789,55.040000915527344,1898600
2017-04-13,41.63031768798828,55.75,55.9900016784668,55.435001373291016,55.67499923706055,1969600
2017-04-17,41.9140739440918,56.130001068115234,56.130001068115234,55.470001220703125,55.76499938964844,2452200
2017-04-18,42.00368881225586,56.25,56.279998779296875,55.85499954223633,56.17499923706055,2108600
2017-04-19,41.63031768798828,55.75,56.404998779296875,55.61000061035156,56.189998626708984,3090400
2017-04-20,41.92527389526367,56.14500045776367,56.3849983215332,55.125,55.75,4763600
2017-04-21,42.01115036010742,56.2599983215332,56.63999938964844,56.154998779296875,56.17499923706055,2943800
2017-04-24,42.30238723754883,56.650001525878906,56.81999969482422,55.98500061035156,56.369998931884766,2701400
2017-04-25,42.41811752319336,56.80500030517578,56.84000015258789,56.3849983215332,56.45500183105469,1798600
2017-04-26,42.18663024902344,56.494998931884766,56.970001220703125,56.45500183105469,56.525001525878906,2030800
2017-04-27,42.343441009521484,56.70500183105469,56.97999954223633,56.45000076293945,56.45000076293945,2000200
2017-04-28,42.19782638549805,56.5099983215332,56.75,56.220001220703125,56.665000915527344,2465800
2017-05-01,41.73859405517578,55.89500045776367,56.685001373291016,55.70000076293945,56.595001220703125,2088400
2017-05-02,41.869266510009766,56.06999969482422,56.16999816894531,55.775001525878906,55.9900016784668,1314000
2017-05-03,41.6004524230957,55.709999084472656,56.189998626708984,55.66999816894531,55.94499969482422,1370800
2017-05-04,41.581787109375,55.685001373291016,55.82500076293945,55.3650016784668,55.51499938964844,1798400
2017-05-05,41.87300491333008,56.07500076293945,56.14500045776367,55.80500030517578,55.939998626708984,2529400
2017-05-08,41.794593811035156,55.970001220703125,56.189998626708984,55.72999954223633,56.040000915527344,2085000
2017-05-09,41.641510009765625,55.76499938964844,56.43000030517578,55.56999969482422,55.94499969482422,1631200
2017-05-10,41.68632888793945,55.82500076293945,56.46500015258789,55.46500015258789,55.85499954223633,2974200
2017-05-11,41.581787109375,55.685001373291016,55.709999084472656,55.20500183105469,55.65999984741211,1657000
2017-05-12,41.67139434814453,55.80500030517578,56.02000045776367,55.654998779296875,55.65999984741211,2014600
2017-05-15,41.802066802978516,55.97999954223633,56.1150016784668,55.66999816894531,55.779998779296875,1774200
2017-05-16,41.30173873901367,55.310001373291016,56.244998931884766,55.290000915527344,56.040000915527344,1460800
2017-05-17,41.27934646606445,55.279998779296875,55.720001220703125,55.01499938964844,55.310001373291016,5067400
2017-05-18,41.35402297973633,55.380001068115234,55.959999084472656,55.064998626708984,55.459999084472656,2800000
2017-05-19,41.63031768798828,55.75,55.81999969482422,55.099998474121094,55.244998931884766,5179000
2017-05-22,42.1418342590332,56.435001373291016,56.51499938964844,55.720001220703125,55.78499984741211,2351000
2017-05-23,42.29117202758789,56.6349983215332,57.01499938964844,56.154998779296875,56.474998474121094,4789000
2017-05-24,42.47412872314453,56.880001068115234,56.92499923706055,56.650001525878906,56.654998779296875,1967600
2017-05-25,42.769081115722656,57.275001525878906,57.40999984741211,56.78499984741211,56.834999084472656,1371600
2017-05-26,42.74295425415039,57.2400016784668,57.3849983215332,57.064998626708984,57.275001525878906,1120400
2017-05-30,43.183528900146484,57.83000183105469,58.28499984741211,57.09000015258789,57.189998626708984,3864200
2017-05-31,43.4934196472168,58.244998931884766,58.47999954223633,57.95000076293945,57.95500183105469,2926800
2017-06-01,43.73610305786133,58.56999969482422,58.57500076293945,58.125,58.23500061035156,1848400
2017-06-02,43.870506286621094,58.75,58.959999084472656,58.584999084472656,58.85499954223633,1809800
2017-06-05,43.84437561035156,58.71500015258789,58.904998779296875,58.41999816894531,58.69499969482422,2313200
2017-06-06,43.709964752197266,58.53499984741211,58.79499816894531,58.435001373291016,58.79499816894531,2449800
2017-06-07,43.8555793762207,58.72999954223633,58.98500061035156,58.51499938964844,58.564998626708984,3689800
2017-06-08,43.13497543334961,57.76499938964844,58.72999954223633,57.53499984741211,58.72999954223633,5186600
2017-06-09,42.937095642089844,57.5,57.959999084472656,56.935001373291016,57.584999084472656,7983600
2017-06-12,42.828819274902344,57.35499954223633,57.654998779296875,57.25,57.560001373291016,3838000
2017-06-13,42.73173904418945,57.224998474121094,57.36000061035156,56.935001373291016,57.36000061035156,1957400
2017-06-14,42.7168083190918,57.20500183105469,57.93000030517578,56.959999084472656,57.654998779296875,3422400
2017-06-15,42.92963409423828,57.4900016784668,57.584999084472656,57.04499816894531,57.06999969482422,3714200
2017-06-16,43.45608139038086,58.19499969482422,58.23500061035156,57.6150016784668,57.68000030517578,3056800
2017-06-19,43.30300521850586,57.9900016784668,58.209999084472656,57.71500015258789,58.209999084472656,1872200
2017-06-20,43.13124084472656,57.7599983215332,58.119998931884766,57.720001220703125,58.0,1701000
2017-06-21,42.51892852783203,56.939998626708984,57.81999969482422,56.71500015258789,57.81999969482422,3819800
2017-06-22,42.32851028442383,56.685001373291016,57.0099983215332,56.64500045776367,56.93000030517578,1740200
2017-06-23,42.11943435668945,56.404998779296875,56.875,56.35499954223633,56.60499954223633,2589600
2017-06-26,42.578670501708984,57.02000045776367,57.11000061035156,56.279998779296875,56.415000915527344,3123600
2017-06-27,42.45919418334961,56.86000061035156,57.36000061035156,56.584999084472656,56.79499816894531,4076400
2017-06-28,42.257572174072266,56.59000015258789,57.42499923706055,56.55500030517578,57.19499969482422,2244200
2017-06-29,42.18663024902344,56.494998931884766,56.810001373291016,56.05500030517578,56.290000915527344,2282800
2017-06-30,42.097023010253906,56.375,57.03499984741211,56.369998931884766,56.54499816894531,2017200
2017-07-03,41.88420486450195,56.09000015258789,56.564998626708984,56.01499938964844,56.564998626708984,913600
2017-07-05,41.80259323120117,55.56999969482422,55.849998474121094,55.34000015258789,55.71500015258789,1724400
2017-07-06,41.7198486328125,55.459999084472656,55.64500045776367,55.290000915527344,55.439998626708984,1458600
2017-07-07,41.573158264160156,55.26499938964844,55.58000183105469,55.17499923706055,55.564998626708984,1696400
2017-07-10,41.66341781616211,55.3849983215332,55.689998626708984,55.29499816894531,55.5099983215332,1685000
2017-07-11,41.70103073120117,55.435001373291016,55.56999969482422,55.22999954223633,55.529998779296875,2272800
2017-07-12,41.93799591064453,55.75,56.10499954223633,55.665000915527344,55.95000076293945,2292600
2017-07-13,41.9793586730957,55.80500030517578,56.22999954223633,55.4900016784668,55.720001220703125,1936600
2017-07-14,42.18247985839844,56.07500076293945,56.345001220703125,55.91999816894531,56.185001373291016,1585800
2017-07-17,42.137332916259766,56.01499938964844,56.11000061035156,55.79999923706055,56.11000061035156,1996600
2017-07-18,42.20127487182617,56.099998474121094,56.25,55.970001220703125,56.165000915527344,1201200
2017-07-19,42.47960662841797,56.470001220703125,56.470001220703125,55.900001525878906,56.185001373291016,1292800
2017-07-20,42.90086364746094,57.029998779296875,57.03499984741211,56.46500015258789,56.64500045776367,1415400
2017-07-21,43.22810745239258,57.46500015258789,57.46500015258789,56.66999816894531,56.994998931884766,1691800
2017-07-24,42.62630081176758,56.665000915527344,57.474998474121094,56.619998931884766,57.459999084472656,1855000
2017-07-25,42.41190719604492,56.380001068115234,56.685001373291016,56.290000915527344,56.685001373291016,1384200
2017-07-26,42.62630081176758,56.665000915527344,56.66999816894531,56.20000076293945,56.345001220703125,1769800
2017-07-27,42.53227233886719,56.540000915527344,56.60499954223633,56.14500045776367,56.60499954223633,1997800
2017-07-28,42.51723098754883,56.52000045776367,56.86000061035156,56.26499938964844,56.48500061035156,1545600
2017-07-31,42.50593948364258,56.505001068115234,56.79499816894531,56.32500076293945,56.57500076293945,3305800
2017-08-01,43.06260299682617,57.244998931884766,57.46500015258789,56.42499923706055,56.505001068115234,2639600
2017-08-02,43.269466400146484,57.52000045776367,57.540000915527344,56.880001068115234,57.0,1259200
2017-08-03,43.64183807373047,58.01499938964844,58.1349983215332,57.345001220703125,57.38999938964844,2415600
2017-08-04,44.0781364440918,58.595001220703125,58.685001373291016,57.650001525878906,58.14500045776367,1998200
2017-08-07,44.051815032958984,58.560001373291016,58.79499816894531,58.31999969482422,58.595001220703125,1911400
2017-08-08,44.190975189208984,58.744998931884766,58.790000915527344,58.40999984741211,58.51499938964844,1738400
2017-08-09,43.90513229370117,58.3650016784668,58.775001525878906,58.13999938964844,58.775001525878906,1643400
2017-08-10,43.65312576293945,58.029998779296875,58.20000076293945,57.52000045776367,58.16999816894531,2694200
2017-08-11,43.48387145996094,57.80500030517578,58.099998474121094,57.619998931884766,58.099998474121094,1036000
2017-08-14,43.79228591918945,58.21500015258789,58.220001220703125,57.65999984741211,57.82500076293945,2043000
2017-08-15,43.931461334228516,58.400001525878906,58.474998474121094,57.849998474121094,57.849998474121094,2266000
2017-08-16,43.991641998291016,58.47999954223633,58.599998474121094,58.29499816894531,58.44499969482422,1133400
2017-08-17,43.551570892333984,57.89500045776367,58.70500183105469,57.869998931884766,58.540000915527344,1440200
2017-08-18,43.83742904663086,58.275001525878906,58.314998626708984,57.66999816894531,57.814998626708984,1696000
2017-08-21,44.53326416015625,59.20000076293945,59.38999938964844,58.32500076293945,58.3849983215332,3694800
2017-08-22,44.488121032714844,59.13999938964844,59.3849983215332,58.95000076293945,59.21500015258789,2338400
2017-08-23,44.61976623535156,59.314998626708984,59.345001220703125,58.52000045776367,59.1150016784668,2157800
2017-08-24,44.7852668762207,59.53499984741211,59.599998474121094,59.130001068115234,59.224998474121094,1794600
2017-08-25,44.770225524902344,59.51499938964844,59.83000183105469,59.5,59.53499984741211,1993600
2017-08-28,44.83791732788086,59.60499954223633,59.78499984741211,59.345001220703125,59.78499984741211,1485400
2017-08-29,44.676185607910156,59.38999938964844,59.72999954223633,59.3650016784668,59.6349983215332,1279400
2017-08-30,44.28877639770508,58.875,59.334999084472656,58.7599983215332,59.244998931884766,1290600
2017-08-31,44.35647201538086,58.96500015258789,59.11000061035156,58.8650016784668,58.98500061035156,1658600
2017-09-01,44.36024475097656,58.970001220703125,59.279998779296875,58.76499938964844,59.154998779296875,878600
2017-09-05,44.24740982055664,58.81999969482422,59.15999984741211,58.654998779296875,59.029998779296875,1697600
2017-09-06,44.0819091796875,58.599998474121094,58.935001373291016,58.36000061035156,58.935001373291016,1553800
2017-09-07,44.747650146484375,59.48500061035156,59.595001220703125,58.375,58.70000076293945,2000600
2017-09-08,44.81911087036133,59.58000183105469,59.595001220703125,59.220001220703125,59.474998474121094,1137600
2017-09-11,45.15761947631836,60.029998779296875,60.04999923706055,59.400001525878906,59.47999954223633,1912600
2017-09-12,44.510677337646484,59.16999816894531,60.084999084472656,58.79499816894531,59.95000076293945,1920200
2017-09-13,44.427955627441406,59.060001373291016,59.345001220703125,58.9900016784668,59.029998779296875,2204600
2017-09-14,44.79277420043945,59.54499816894531,59.709999084472656,58.81999969482422,59.07500076293945,2721400
2017-09-15,44.868003845214844,59.64500045776367,59.85499954223633,59.42499923706055,59.834999084472656,3324600
2017-09-18,44.254920959472656,58.83000183105469,59.709999084472656,58.58000183105469,59.60499954223633,2516600
2017-09-19,44.22483825683594,58.790000915527344,59.084999084472656,58.6349983215332,58.875,1592600
2017-09-20,43.84870910644531,58.290000915527344,59.05500030517578,58.20500183105469,58.79999923706055,2816800
2017-09-21,43.90665817260742,57.95500183105469,58.43000030517578,57.94499969482422,58.0,2496400
2017-09-22,43.918033599853516,57.970001220703125,58.189998626708984,57.86000061035156,58.189998626708984,2389400
2017-09-25,44.27410125732422,58.439998626708984,58.505001068115234,57.85499954223633,58.05500030517578,2197200
2017-09-26,44.039249420166016,58.130001068115234,58.52000045776367,58.09000015258789,58.43000030517578,1759800
2017-09-27,43.372554779052734,57.25,57.97999954223633,57.0099983215332,57.92499923706055,1846800
2017-09-28,43.402854919433594,57.290000915527344,57.29999923706055,56.775001525878906,57.025001525878906,1941400
2017-09-29,43.23240661621094,57.064998626708984,57.375,56.95000076293945,57.220001220703125,1773400
2017-10-02,43.17557907104492,56.9900016784668,57.59000015258789,56.959999084472656,57.279998779296875,1740000
2017-10-03,43.133914947509766,56.935001373291016,57.084999084472656,56.775001525878906,57.0099983215332,2247800
2017-10-04,43.39528274536133,57.279998779296875,57.310001373291016,56.880001068115234,56.939998626708984,2333400
2017-10-05,42.43312454223633,56.0099983215332,57.0,55.6349983215332,57.0,4451400
2017-10-06,42.406620025634766,55.974998474121094,55.9900016784668,55.0,55.80500030517578,2746000
2017-10-09,42.66419982910156,56.314998626708984,56.630001068115234,56.099998474121094,56.099998474121094,2049200
2017-10-10,43.11118698120117,56.904998779296875,57.255001068115234,56.380001068115234,56.474998474121094,3420000
2017-10-11,43.53922653198242,57.470001220703125,57.755001068115234,57.084999084472656,57.28499984741211,2864400
2017-10-12,43.92560577392578,57.97999954223633,58.084999084472656,57.255001068115234,57.46500015258789,2322000
2017-10-13,43.51271438598633,57.435001373291016,58.244998931884766,57.05500030517578,58.130001068115234,2475600
2017-10-16,43.357398986816406,57.22999954223633,57.44499969482422,57.06999969482422,57.279998779296875,1425600
2017-10-17,43.19831085205078,57.02000045776367,57.29499816894531,56.78499984741211,57.13999938964844,2243000
2017-10-18,42.82330322265625,56.525001525878906,57.029998779296875,56.42499923706055,56.720001220703125,1596600
2017-10-19,43.21725845336914,57.04499816894531,57.17499923706055,56.619998931884766,56.630001068115234,4371200
2017-10-20,43.23240661621094,57.064998626708984,57.14500045776367,56.79999923706055,56.98500061035156,2471000
2017-10-23,43.346046447753906,57.21500015258789,57.34000015258789,57.025001525878906,57.165000915527344,3040400
2017-10-24,43.54679870605469,57.47999954223633,57.51499938964844,57.005001068115234,57.125,2251000
2017-10-25,43.30057907104492,57.154998779296875,57.349998474121094,56.6349983215332,57.314998626708984,3496800
2017-10-26,43.60363006591797,57.55500030517578,57.880001068115234,57.275001525878906,57.61000061035156,2394600
2017-10-27,43.804378509521484,57.81999969482422,58.095001220703125,57.38999938964844,57.40999984741211,2334800
2017-10-30,44.490013122558594,58.724998474121094,58.86000061035156,57.04999923706055,57.720001220703125,4962200
2017-10-31,44.508949279785156,58.75,58.98500061035156,58.404998779296875,58.79999923706055,2697600
2017-11-01,44.17938995361328,58.314998626708984,58.6349983215332,57.95500183105469,58.48500061035156,2895200
2017-11-02,44.62638473510742,58.904998779296875,58.93000030517578,58.22999954223633,58.380001068115234,2811400
2017-11-03,45.069583892822266,59.4900016784668,59.66999816894531,58.77000045776367,58.77000045776367,2542800
2017-11-06,45.02790832519531,59.435001373291016,59.720001220703125,59.275001525878906,59.65999984741211,1990200
2017-11-07,45.65293502807617,60.2599983215332,60.43000030517578,59.275001525878906,59.494998931884766,2216200
2017-11-08,45.84611892700195,60.51499938964844,60.689998626708984,60.064998626708984,60.125,3265200
2017-11-09,45.97869873046875,60.689998626708984,60.849998474121094,60.290000915527344,60.29499816894531,1649200
2017-11-10,45.884002685546875,60.564998626708984,60.68000030517578,60.17499923706055,60.314998626708984,2478000
2017-11-13,46.19840621948242,60.97999954223633,61.154998779296875,60.505001068115234,60.689998626708984,1588600
2017-11-14,46.300662994384766,61.1150016784668,61.310001373291016,60.779998779296875,60.81999969482422,3027600
2017-11-15,45.61126708984375,60.20500183105469,61.4900016784668,60.20500183105469,61.34000015258789,3801200
2017-11-16,45.40292739868164,59.93000030517578,60.30500030517578,59.779998779296875,60.18000030517578,2678600
2017-11-17,45.27033996582031,59.755001068115234,60.09000015258789,59.58000183105469,59.810001373291016,3403400
2017-11-20,45.00139617919922,59.400001525878906,59.94499969482422,59.349998474121094,59.775001525878906,2643400
2017-11-21,45.00897216796875,59.40999984741211,59.665000915527344,59.224998474121094,59.5099983215332,2720600
2017-11-22,44.948368072509766,59.33000183105469,59.79999923706055,59.11000061035156,59.474998474121094,1949400
2017-11-24,44.96351623535156,59.349998474121094,59.65999984741211,59.224998474121094,59.47999954223633,613200
2017-11-27,45.24003982543945,59.71500015258789,59.82500076293945,59.26499938964844,59.47999954223633,1773000
2017-11-28,45.2968635559082,59.790000915527344,60.23500061035156,59.72999954223633,59.79999923706055,2626800
2017-11-29,45.554443359375,60.130001068115234,60.20000076293945,59.33000183105469,59.54999923706055,2106000
2017-11-30,45.83097457885742,60.494998931884766,60.779998779296875,60.07500076293945,60.125,3476000
2017-12-01,45.637779235839844,60.2400016784668,60.8650016784668,59.86000061035156,60.66999816894531,2390600
2017-12-04,45.641563415527344,60.244998931884766,60.79499816894531,60.0099983215332,60.1349983215332,1817600
2017-12-05,44.02408981323242,58.11000061035156,60.27000045776367,57.83000183105469,60.25,6273000
2017-12-06,44.05819320678711,58.154998779296875,58.32500076293945,57.689998626708984,58.11000061035156,3406600
2017-12-07,44.1036376953125,58.21500015258789,58.314998626708984,57.654998779296875,58.02000045776367,3867000
2017-12-08,44.20212936401367,58.345001220703125,58.3650016784668,57.0,58.064998626708984,3842800
2017-12-11,44.709720611572266,59.01499938964844,59.040000915527344,58.064998626708984,58.26499938964844,3281600
2017-12-12,43.444522857666016,57.345001220703125,58.53499984741211,57.27000045776367,58.53499984741211,3217400
2017-12-13,43.652870178222656,57.619998931884766,57.96500015258789,57.334999084472656,57.654998779296875,3735600
2017-12-14,43.85741424560547,57.88999938964844,57.95500183105469,57.025001525878906,57.29499816894531,2383400
2017-12-15,44.14152145385742,58.26499938964844,58.775001525878906,57.650001525878906,58.244998931884766,3888000
2017-12-18,43.588470458984375,57.53499984741211,58.404998779296875,57.22999954223633,58.2400016784668,2341200
2017-12-19,42.49753189086914,56.095001220703125,57.79999923706055,56.084999084472656,57.55500030517578,2324000
2017-12-20,42.3990364074707,55.96500015258789,56.32500076293945,55.7599983215332,56.18000030517578,2852400
2017-12-21,40.497474670410156,53.45500183105469,55.625,53.349998474121094,55.404998779296875,9100600
2017-12-22,41.02779006958008,54.154998779296875,54.3849983215332,52.51499938964844,52.93000030517578,4479200
2017-12-26,40.88761901855469,53.970001220703125,54.43000030517578,53.834999084472656,54.10499954223633,1923200
2017-12-27,40.8459587097168,53.915000915527344,54.459999084472656,53.77000045776367,54.15999984741211,2142200
2017-12-28,40.87382125854492,53.540000915527344,53.92499923706055,53.36000061035156,53.68000030517578,2548000
2017-12-29,40.81275177001953,53.459999084472656,53.790000915527344,53.27000045776367,53.63999938964844,1745400
2018-01-02,40.21346664428711,52.67499923706055,53.7400016784668,52.63999938964844,53.619998931884766,4571000
2018-01-03,41.2784423828125,54.06999969482422,54.25,51.494998931884766,51.494998931884766,7142800
2018-01-04,41.00361633300781,53.709999084472656,54.845001220703125,53.42499923706055,54.04499816894531,7005400
2018-01-05,41.396766662597656,54.224998474121094,54.869998931884766,53.79999923706055,54.41999816894531,25215200
2018-01-08,41.408233642578125,54.2400016784668,54.26499938964844,53.810001373291016,54.224998474121094,7775600
2018-01-09,41.0799560546875,53.810001373291016,54.349998474121094,53.7599983215332,54.279998779296875,8614000
2018-01-10,40.91582107543945,53.595001220703125,53.75,53.3650016784668,53.42499923706055,5158800
2018-01-11,40.7287712097168,53.349998474121094,53.775001525878906,53.19499969482422,53.6349983215332,3678200
2018-01-12,40.801300048828125,53.44499969482422,53.720001220703125,53.064998626708984,53.16999816894531,5123800
2018-01-16,40.86619567871094,53.529998779296875,53.904998779296875,53.25,53.88999938964844,7617400
2018-01-17,40.686790466308594,53.29499816894531,53.54499816894531,53.01499938964844,53.47999954223633,4306600
2018-01-18,40.46922302246094,53.0099983215332,53.290000915527344,52.46500015258789,53.10499954223633,6884800
2018-01-19,40.4577522277832,52.994998931884766,53.26499938964844,52.84000015258789,53.064998626708984,4335600
2018-01-22,40.09894943237305,52.525001525878906,53.47999954223633,52.415000915527344,53.33000183105469,5497000
2018-01-23,40.545562744140625,53.11000061035156,53.54999923706055,52.540000915527344,52.56999969482422,5203000
2018-01-24,40.33943176269531,52.84000015258789,53.22999954223633,52.72999954223633,53.1150016784668,6890800
2018-01-25,40.61426544189453,53.20000076293945,53.23500061035156,52.78499984741211,52.974998474121094,3670200
2018-01-26,40.28217315673828,52.76499938964844,53.369998931884766,52.310001373291016,53.36000061035156,6118800
2018-01-29,39.86991882324219,52.224998474121094,52.709999084472656,51.83000183105469,52.54999923706055,4866200
2018-01-30,40.39668655395508,52.915000915527344,53.09000015258789,52.20000076293945,52.25,5267000
2018-01-31,40.85092544555664,53.5099983215332,53.584999084472656,52.775001525878906,53.0,5574400
2018-02-01,40.66389465332031,53.26499938964844,54.595001220703125,52.91999816894531,53.54999923706055,5954400
2018-02-02,40.30125427246094,52.790000915527344,53.36000061035156,52.59000015258789,52.95000076293945,4011200
2018-02-05,39.79358673095703,52.125,53.55500030517578,51.970001220703125,52.72999954223633,6274400
2018-02-06,39.469120025634766,51.70000076293945,51.88999938964844,50.314998626708984,51.68000030517578,6322800
2018-02-07,39.732505798339844,52.04499816894531,52.55500030517578,51.5099983215332,51.70500183105469,7821000
2018-02-08,39.453857421875,51.68000030517578,52.48500061035156,51.46500015258789,51.89500045776367,6148000
2018-02-09,40.503570556640625,53.05500030517578,53.404998779296875,51.459999084472656,51.8650016784668,6794600
2018-02-12,40.6982307434082,53.310001373291016,53.60499954223633,52.66999816894531,53.084999084472656,3396200
2018-02-13,40.7707633972168,53.404998779296875,53.61000061035156,52.529998779296875,53.19499969482422,2941200
2018-02-14,40.25927734375,52.73500061035156,53.150001525878906,52.58000183105469,53.025001525878906,2292000
2018-02-15,41.21737289428711,53.9900016784668,54.0,52.65999984741211,53.040000915527344,4445600
2018-02-16,41.610538482666016,54.505001068115234,54.654998779296875,53.77000045776367,53.8650016784668,2657000
2018-02-20,41.04941940307617,53.77000045776367,54.60499954223633,53.35499954223633,54.30500030517578,4575000
2018-02-21,40.24399185180664,52.71500015258789,54.09000015258789,52.689998626708984,53.7599983215332,5126400
2018-02-22,40.70587921142578,53.31999969482422,53.744998931884766,52.529998779296875,52.97999954223633,3981200
2018-02-23,41.82429504394531,54.78499984741211,54.81999969482422,53.439998626708984,53.439998626708984,3028200
2018-02-26,41.801387786865234,54.755001068115234,55.005001068115234,54.400001525878906,54.72999954223633,8057600
2018-02-27,42.00371170043945,55.02000045776367,55.654998779296875,54.185001373291016,55.494998931884766,6203600
2018-02-28,41.59907531738281,54.4900016784668,55.29999923706055,54.35499954223633,55.165000915527344,3386600
2018-03-01,41.087589263916016,53.81999969482422,55.060001373291016,53.60499954223633,54.540000915527344,3806200
2018-03-02,40.87764358520508,53.54499816894531,54.35499954223633,52.91999816894531,53.78499984741211,2568800
2018-03-05,42.25180435180664,55.345001220703125,55.564998626708984,53.31999969482422,53.56999969482422,3910600
2018-03-06,41.74412536621094,54.68000030517578,55.92499923706055,54.48500061035156,55.34000015258789,2957600
2018-03-07,41.43877029418945,54.279998779296875,54.8650016784668,53.88999938964844,54.5099983215332,2670200
2018-03-08,41.90828323364258,54.89500045776367,55.099998474121094,54.28499984741211,54.35499954223633,3690200
2018-03-09,41.63726806640625,54.540000915527344,55.189998626708984,54.14500045776367,55.0099983215332,4995600
2018-03-12,41.89299392700195,54.875,54.974998474121094,54.16999816894531,54.435001373291016,4541000
2018-03-13,42.25562286376953,55.349998474121094,55.474998474121094,54.775001525878906,55.13999938964844,3008800
2018-03-14,43.08013153076172,56.43000030517578,56.55500030517578,55.51499938964844,55.53499984741211,3940200
2018-03-15,42.828189849853516,56.099998474121094,56.77000045776367,55.599998474121094,56.29999923706055,3637800
2018-03-16,43.14120101928711,56.5099983215332,56.56999969482422,55.6349983215332,56.005001068115234,8369800
2018-03-19,42.915985107421875,56.21500015258789,56.66999816894531,55.91999816894531,56.38999938964844,3325400
2018-03-20,42.21746826171875,55.29999923706055,56.435001373291016,55.279998779296875,56.084999084472656,4400600
2018-03-21,42.14494323730469,55.20500183105469,55.849998474121094,54.97999954223633,55.459999084472656,3847200
2018-03-22,42.52783966064453,55.255001068115234,56.13999938964844,54.630001068115234,54.86000061035156,2607000
2018-03-23,41.935184478759766,54.48500061035156,55.90999984741211,54.36000061035156,55.22999954223633,2285400
2018-03-26,42.323890686035156,54.9900016784668,55.11000061035156,54.14500045776367,54.505001068115234,2371200
2018-03-27,42.785682678222656,55.59000015258789,56.2400016784668,54.814998626708984,55.01499938964844,3880200
2018-03-28,42.45857238769531,55.165000915527344,55.814998626708984,54.98500061035156,55.70000076293945,3675800
2018-03-29,42.801063537597656,55.61000061035156,55.834999084472656,54.94499969482422,55.334999084472656,2215800
2018-04-02,42.38159942626953,55.064998626708984,55.845001220703125,54.595001220703125,55.70000076293945,3031600
2018-04-03,42.092979431152344,54.689998626708984,55.064998626708984,54.435001373291016,54.959999084472656,4060800
2018-04-04,42.462432861328125,55.16999816894531,55.31999969482422,54.540000915527344,54.70000076293945,3799800
2018-04-05,42.92036819458008,55.76499938964844,55.915000915527344,54.47999954223633,55.10499954223633,3576200
2018-04-06,42.76642990112305,55.564998626708984,56.0,55.31999969482422,55.97999954223633,4168600
2018-04-09,43.016571044921875,55.88999938964844,56.17499923706055,55.244998931884766,55.540000915527344,2490600
2018-04-10,42.978092193603516,55.84000015258789,56.1349983215332,55.73500061035156,55.92499923706055,3271600
2018-04-11,42.71256637573242,55.494998931884766,56.04999923706055,55.40999984741211,55.7599983215332,2290200
2018-04-12,42.435482025146484,55.1349983215332,55.845001220703125,55.025001525878906,55.650001525878906,3562400
2018-04-13,42.57017135620117,55.310001373291016,55.66999816894531,55.064998626708984,55.064998626708984,4341000
2018-04-16,43.02042007446289,55.89500045776367,55.98500061035156,55.380001068115234,55.57500076293945,3861000
2018-04-17,43.332149505615234,56.29999923706055,56.470001220703125,55.71500015258789,55.95500183105469,3476800
2018-04-18,42.947303771972656,55.79999923706055,56.685001373291016,55.77000045776367,56.33000183105469,3725400
2018-04-19,42.47396469116211,55.185001373291016,55.915000915527344,54.81999969482422,55.54999923706055,3764400
2018-04-20,42.258460998535156,54.904998779296875,55.69499969482422,54.67499923706055,55.279998779296875,4335800
2018-04-23,42.06219482421875,54.650001525878906,55.1150016784668,54.39500045776367,54.82500076293945,3849200
2018-04-24,42.28925323486328,54.94499969482422,55.150001525878906,54.415000915527344,54.80500030517578,8967400
2018-04-25,42.0660400390625,54.654998779296875,55.40999984741211,54.494998931884766,54.869998931884766,2769400
2018-04-26,42.47780990600586,55.189998626708984,55.2599983215332,54.3650016784668,54.584999084472656,3146400
2018-04-27,42.958858489990234,55.814998626708984,56.0099983215332,55.04999923706055,55.185001373291016,5376000
2018-04-30,43.02428436279297,55.900001525878906,56.255001068115234,55.86000061035156,55.93000030517578,3903600
2018-05-01,42.97040557861328,55.83000183105469,56.04499816894531,55.625,55.94499969482422,2874400
2018-05-02,42.777992248535156,55.58000183105469,55.959999084472656,55.41999816894531,55.65999984741211,2731400
2018-05-03,42.87418746948242,55.70500183105469,55.709999084472656,54.775001525878906,55.435001373291016,2068000
2018-05-04,43.02428436279297,55.900001525878906,56.17499923706055,55.58000183105469,55.58000183105469,5196200
2018-05-07,42.59326171875,55.34000015258789,56.15999984741211,54.41999816894531,54.94499969482422,5756600
2018-05-08,40.96157455444336,53.220001220703125,55.17499923706055,53.064998626708984,55.05500030517578,6113200
2018-05-09,40.46128845214844,52.56999969482422,53.125,52.29999923706055,53.125,3942400
2018-05-10,40.94232177734375,53.19499969482422,53.26499938964844,52.56999969482422,52.875,3982200
2018-05-11,41.207862854003906,53.540000915527344,53.79499816894531,53.20000076293945,53.310001373291016,3669000
2018-05-14,40.98851013183594,53.255001068115234,53.810001373291016,53.040000915527344,53.525001525878906,3509400
2018-05-15,40.49977493286133,52.619998931884766,53.02000045776367,52.20500183105469,52.71500015258789,5137200
2018-05-16,39.768592834472656,51.66999816894531,52.71500015258789,51.59000015258789,52.70500183105469,4852400
2018-05-17,39.32218933105469,51.09000015258789,51.79499816894531,50.994998931884766,51.775001525878906,3642600
2018-05-18,39.24136734008789,50.98500061035156,51.31999969482422,50.45000076293945,51.125,3982600
2018-05-21,39.49922180175781,51.31999969482422,51.5099983215332,50.650001525878906,51.42499923706055,3068600
2018-05-22,39.80323791503906,51.71500015258789,51.869998931884766,51.36000061035156,51.5,4873200
2018-05-23,40.35353088378906,52.43000030517578,52.5,51.439998626708984,51.755001068115234,4681000
2018-05-24,40.48823165893555,52.60499954223633,52.75,51.86000061035156,52.32500076293945,3023000
2018-05-25,40.48052978515625,52.595001220703125,52.76499938964844,52.400001525878906,52.45500183105469,2951400
2018-05-29,40.7114372253418,52.89500045776367,53.005001068115234,51.90999984741211,52.51499938964844,4614600
2018-05-30,40.88460922241211,53.119998931884766,53.15999984741211,52.30500030517578,52.564998626708984,6288800
2018-05-31,40.9962158203125,53.26499938964844,53.6349983215332,52.55500030517578,52.96500015258789,6055200
2018-06-01,40.138038635253906,52.150001525878906,53.314998626708984,52.029998779296875,52.88999938964844,4340600
2018-06-04,39.79167175292969,51.70000076293945,52.32500076293945,51.52000045776367,52.13999938964844,4694000
2018-06-05,39.56462097167969,51.404998779296875,51.85499954223633,51.255001068115234,51.70500183105469,3720000
2018-06-06,38.7564811706543,50.35499954223633,51.6150016784668,50.244998931884766,51.474998474121094,3426600
2018-06-07,38.77572250366211,50.380001068115234,51.064998626708984,50.25,50.459999084472656,4480800
2018-06-08,39.03356170654297,50.71500015258789,50.75,50.33000183105469,50.64500045776367,2362400
2018-06-11,45.0985221862793,58.595001220703125,59.88999938964844,57.040000915527344,57.38999938964844,23937600
2018-06-12,45.075439453125,58.564998626708984,58.959999084472656,57.790000915527344,58.04499816894531,7952800
2018-06-13,43.874755859375,57.005001068115234,58.7599983215332,56.959999084472656,58.6150016784668,6721000
2018-06-14,43.609222412109375,56.65999984741211,57.369998931884766,56.595001220703125,57.369998931884766,6019400
2018-06-15,43.06660842895508,55.95500183105469,56.654998779296875,55.22999954223633,56.40999984741211,13235600
2018-06-18,43.359073638916016,56.334999084472656,56.59000015258789,55.75,55.869998931884766,7488400
2018-06-19,43.5899772644043,56.6349983215332,57.13999938964844,56.224998474121094,56.404998779296875,3909800
2018-06-20,43.31674575805664,56.279998779296875,56.560001373291016,56.18000030517578,56.54499816894531,9127600
2018-06-21,43.52071762084961,56.54499816894531,57.46500015258789,55.61000061035156,56.19499969482422,5876200
2018-06-22,44.30961990356445,57.56999969482422,57.70500183105469,56.415000915527344,56.755001068115234,4908400
2018-06-25,44.87531661987305,58.30500030517578,58.400001525878906,57.59000015258789,57.59000015258789,3141800
2018-06-26,44.53667068481445,57.8650016784668,58.625,57.720001220703125,57.834999084472656,5109000
2018-06-27,44.61363220214844,57.96500015258789,58.66999816894531,57.619998931884766,57.619998931884766,4717000
2018-06-28,44.298072814941406,57.55500030517578,58.814998626708984,57.3849983215332,58.45500183105469,9202600
2018-06-29,45.033042907714844,58.05500030517578,58.42499923706055,56.560001373291016,56.94499969482422,5001000
2018-07-02,44.81196594238281,57.77000045776367,58.185001373291016,57.314998626708984,57.630001068115234,3127800
2018-07-03,45.03693771362305,58.060001373291016,58.51499938964844,57.42499923706055,57.959999084472656,1375600
2018-07-05,45.49458312988281,58.650001525878906,58.68000030517578,57.91999816894531,58.21500015258789,3204400
2018-07-06,45.68075180053711,58.88999938964844,59.09000015258789,58.525001525878906,58.65999984741211,2637000
2018-07-09,44.84687423706055,57.814998626708984,59.18000030517578,57.58000183105469,59.0,3144400
2018-07-10,45.49458312988281,58.650001525878906,58.84000015258789,57.25,57.48500061035156,2521600
2018-07-11,44.866275787353516,57.84000015258789,58.095001220703125,56.974998474121094,56.974998474121094,13773600
2018-07-12,44.84687423706055,57.814998626708984,58.345001220703125,57.625,57.85499954223633,4758200
2018-07-13,45.18818283081055,58.255001068115234,58.38999938964844,57.814998626708984,58.0,3414000
2018-07-16,44.89729309082031,57.880001068115234,58.314998626708984,57.56999969482422,58.27000045776367,3243200
2018-07-17,44.83913040161133,57.80500030517578,58.165000915527344,57.665000915527344,58.13999938964844,2113600
2018-07-18,44.33879089355469,57.15999984741211,57.79999923706055,57.0,57.599998474121094,2972600
2018-07-19,44.72277069091797,57.654998779296875,57.96500015258789,56.68000030517578,57.09000015258789,4025400
2018-07-20,44.31552505493164,57.130001068115234,58.25,56.71500015258789,57.36000061035156,5108400
2018-07-23,44.047908782958984,56.78499984741211,57.66999816894531,56.7400016784668,57.20000076293945,2877800
2018-07-24,44.408607482910156,57.25,57.43000030517578,56.28499984741211,56.78499984741211,7936600
2018-07-25,44.78481674194336,57.73500061035156,57.79499816894531,57.005001068115234,57.34000015258789,2729400
2018-07-26,44.901180267333984,57.8849983215332,58.20000076293945,57.349998474121094,57.95500183105469,2739000
2018-07-27,44.59090805053711,57.48500061035156,58.220001220703125,57.27000045776367,57.900001525878906,4077600
2018-07-30,44.40084457397461,57.2400016784668,57.64500045776367,57.099998474121094,57.52000045776367,2469400
2018-07-31,44.83135986328125,57.79499816894531,57.84000015258789,57.189998626708984,57.5,3373600
2018-08-01,44.56374740600586,57.45000076293945,57.54999923706055,56.69499969482422,57.34000015258789,2239800
2018-08-02,45.002010345458984,58.01499938964844,58.1150016784668,57.189998626708984,57.45500183105469,2329800
2018-08-03,45.296775817871094,58.39500045776367,58.95000076293945,57.584999084472656,57.86000061035156,4457200
2018-08-06,44.738277435302734,57.67499923706055,58.474998474121094,57.0,58.130001068115234,4767800
2018-08-07,44.97874069213867,57.98500061035156,58.04999923706055,56.8849983215332,57.48500061035156,2389800
2018-08-08,44.62968063354492,57.53499984741211,58.0099983215332,57.474998474121094,57.78499984741211,1863800
2018-08-09,44.49781799316406,57.3650016784668,57.8849983215332,57.29999923706055,57.584999084472656,2266200
2018-08-10,44.38534164428711,57.220001220703125,57.86000061035156,57.07500076293945,57.36000061035156,2912800
2018-08-13,44.559871673583984,57.44499969482422,57.505001068115234,57.029998779296875,57.29999923706055,4169000
2018-08-14,44.30776596069336,57.119998931884766,57.790000915527344,57.060001373291016,57.435001373291016,2548000
2018-08-15,44.38921356201172,57.224998474121094,57.720001220703125,56.84000015258789,57.1349983215332,3313400
2018-08-16,44.99813461303711,58.0099983215332,58.060001373291016,56.95500183105469,57.22999954223633,2646600
2018-08-17,45.32005310058594,58.42499923706055,59.029998779296875,57.724998474121094,57.724998474121094,6285000
2018-08-20,45.358829498291016,58.474998474121094,59.0099983215332,58.255001068115234,59.0,2711600
2018-08-21,45.0795783996582,58.1150016784668,58.61000061035156,57.875,58.55500030517578,2581000
2018-08-22,44.788700103759766,57.7400016784668,58.32500076293945,57.54499816894531,58.150001525878906,2014200
2018-08-23,44.866275787353516,57.84000015258789,58.15999984741211,57.57500076293945,57.58000183105469,1835800
2018-08-24,45.14551544189453,58.20000076293945,58.2599983215332,57.70500183105469,57.900001525878906,1472600
2018-08-27,44.85076141357422,57.81999969482422,58.400001525878906,57.459999084472656,58.375,1992200
2018-08-28,44.8236083984375,57.78499984741211,58.150001525878906,57.57500076293945,57.70000076293945,5344400
2018-08-29,45.2502326965332,58.334999084472656,58.435001373291016,57.71500015258789,57.904998779296875,4305200
2018-08-30,45.223079681396484,58.29999923706055,58.79999923706055,58.09000015258789,58.349998474121094,1998000
2018-08-31,45.02140808105469,58.040000915527344,58.67499923706055,57.849998474121094,58.224998474121094,2911800
2018-09-04,45.37434387207031,58.494998931884766,58.724998474121094,58.04999923706055,58.185001373291016,4285800
2018-09-05,45.82037353515625,59.06999969482422,59.13999938964844,58.345001220703125,58.505001068115234,3712600
2018-09-06,45.77771759033203,59.01499938964844,59.48500061035156,58.849998474121094,59.13999938964844,2407600
2018-09-07,45.32005310058594,58.42499923706055,58.79499816894531,58.189998626708984,58.56999969482422,2433000
2018-09-10,45.61094284057617,58.79999923706055,59.099998474121094,58.45500183105469,58.654998779296875,2144000
2018-09-11,45.46355056762695,58.61000061035156,59.099998474121094,58.040000915527344,58.845001220703125,3930200
2018-09-12,45.68075180053711,58.88999938964844,59.14500045776367,58.45000076293945,58.584999084472656,3893000
2018-09-13,46.02593994140625,59.334999084472656,59.529998779296875,58.595001220703125,58.91999816894531,2751400
2018-09-14,46.0492057800293,59.3650016784668,63.61000061035156,58.564998626708984,59.060001373291016,5254200
2018-09-17,46.10350799560547,59.435001373291016,59.86000061035156,58.98500061035156,59.470001220703125,2211800
2018-09-18,45.482948303222656,58.6349983215332,60.0,58.5099983215332,60.0,5303200
2018-09-19,44.656837463378906,57.56999969482422,58.66999816894531,57.1349983215332,58.66999816894531,4314200
2018-09-20,44.686134338378906,57.15999984741211,57.43000030517578,56.77000045776367,57.375,3542600
2018-09-21,45.034027099609375,57.60499954223633,57.9900016784668,57.25,57.25,10613800
2018-09-24,44.39689254760742,56.790000915527344,57.650001525878906,56.595001220703125,57.404998779296875,3296400
2018-09-25,43.96300506591797,56.23500061035156,56.755001068115234,56.15999984741211,56.63999938964844,4952600
2018-09-26,43.41185760498047,55.529998779296875,56.685001373291016,55.5099983215332,56.28499984741211,4145000
2018-09-27,43.779293060302734,56.0,56.3849983215332,55.494998931884766,55.595001220703125,4531000
2018-09-28,44.463340759277344,56.875,56.97999954223633,56.16999816894531,56.16999816894531,5380400
2018-10-01,44.494625091552734,56.915000915527344,57.15999984741211,56.540000915527344,56.744998931884766,3602000
2018-10-02,45.241207122802734,57.869998931884766,57.90999984741211,56.994998931884766,57.16999816894531,2843200
2018-10-03,44.803409576416016,57.310001373291016,58.275001525878906,56.834999084472656,57.92499923706055,3061800
2018-10-04,44.9089469909668,57.44499969482422,57.47999954223633,56.599998474121094,57.1150016784668,2566800
2018-10-05,45.42101287841797,58.099998474121094,58.27000045776367,57.4900016784668,57.5,2677600
2018-10-08,45.55783462524414,58.275001525878906,58.63999938964844,57.97999954223633,58.39500045776367,2327200
2018-10-09,45.49918746948242,58.20000076293945,58.57500076293945,57.67499923706055,58.39500045776367,4010800
2018-10-10,45.13174819946289,57.72999954223633,58.94499969482422,57.69499969482422,58.09000015258789,4175000
2018-10-11,44.744781494140625,57.23500061035156,58.244998931884766,56.83000183105469,58.21500015258789,3517800
2018-10-12,44.96368408203125,57.51499938964844,57.68000030517578,56.79999923706055,57.40999984741211,2260400
2018-10-15,44.99103927612305,57.54999923706055,57.939998626708984,57.290000915527344,57.435001373291016,2899800
2018-10-16,45.24903106689453,57.880001068115234,58.349998474121094,57.15999984741211,57.5,2349800
2018-10-17,45.0692253112793,57.650001525878906,58.16999816894531,57.279998779296875,57.76499938964844,1936600
2018-10-18,45.30766296386719,57.95500183105469,58.459999084472656,57.70000076293945,58.400001525878906,4196000
2018-10-19,45.58127975463867,58.30500030517578,58.55500030517578,57.70000076293945,57.81999969482422,5389600
2018-10-22,45.194305419921875,57.810001373291016,58.53499984741211,57.755001068115234,58.439998626708984,2574400
2018-10-23,44.635337829589844,57.095001220703125,58.15999984741211,56.92499923706055,57.875,2392000
2018-10-24,45.30374526977539,57.95000076293945,58.30500030517578,56.29999923706055,57.20000076293945,3052200
2018-10-25,44.96759033203125,57.52000045776367,57.89500045776367,57.005001068115234,57.775001525878906,3142600
2018-10-26,44.09590530395508,56.404998779296875,58.01499938964844,55.880001068115234,57.72999954223633,2648000
2018-10-29,43.99037551879883,56.27000045776367,57.04999923706055,55.935001373291016,56.470001220703125,3509800
2018-10-30,43.70111083984375,55.900001525878906,56.630001068115234,55.2599983215332,56.494998931884766,4401200
2018-10-31,43.04442596435547,55.060001373291016,55.95500183105469,54.904998779296875,55.47999954223633,4229600
2018-11-01,43.01706314086914,55.025001525878906,55.279998779296875,54.56999969482422,55.154998779296875,4604400
2018-11-02,42.62617874145508,54.525001525878906,55.474998474121094,54.31999969482422,55.06999969482422,5134200
2018-11-05,44.002098083496094,56.28499984741211,56.28499984741211,54.6150016784668,54.68000030517578,3675600
2018-11-06,44.24835968017578,56.599998474121094,56.849998474121094,55.96500015258789,56.27000045776367,3463200
2018-11-07,45.95261764526367,58.779998779296875,58.97999954223633,57.005001068115234,57.46500015258789,5160200
2018-11-08,46.11288070678711,58.98500061035156,59.400001525878906,58.20500183105469,58.82500076293945,3960200
2018-11-09,45.616451263427734,58.349998474121094,59.05500030517578,57.70000076293945,58.974998474121094,5051200
2018-11-12,45.10829544067383,57.70000076293945,58.34000015258789,57.345001220703125,58.18000030517578,5795200
2018-11-13,45.346744537353516,58.005001068115234,58.1150016784668,57.349998474121094,57.584999084472656,3552600
2018-11-14,44.07637023925781,56.380001068115234,58.14500045776367,56.26499938964844,58.01499938964844,5380600
2018-11-15,43.38059616088867,55.4900016784668,56.369998931884766,55.165000915527344,56.369998931884766,5295200
2018-11-16,44.9011344909668,57.435001373291016,57.66999816894531,56.0,56.744998931884766,7329200
2018-11-19,45.04576110839844,57.619998931884766,57.779998779296875,57.025001525878906,57.39500045776367,2934800
2018-11-20,44.53369903564453,56.96500015258789,57.970001220703125,56.78499984741211,57.880001068115234,3912400
2018-11-21,43.783203125,56.005001068115234,56.92499923706055,55.810001373291016,56.85499954223633,2725400
2018-11-23,43.822296142578125,56.05500030517578,56.33000183105469,55.755001068115234,55.95500183105469,2572600
2018-11-26,43.7949333190918,56.02000045776367,56.39500045776367,55.650001525878906,56.06999969482422,2730200
2018-11-27,44.04900360107422,56.345001220703125,56.54999923706055,55.904998779296875,56.130001068115234,2970000
2018-11-28,44.263999938964844,56.619998931884766,56.88999938964844,56.279998779296875,56.5099983215332,2634400
2018-11-29,44.04118347167969,56.334999084472656,57.310001373291016,56.18000030517578,56.599998474121094,2343800
2018-11-30,45.037940979003906,57.61000061035156,57.67499923706055,56.30500030517578,56.46500015258789,6534200
2018-12-03,45.51874542236328,58.224998474121094,58.23500061035156,57.20500183105469,57.35499954223633,3982200
2018-12-04,45.67899703979492,58.43000030517578,59.439998626708984,58.2599983215332,58.40999984741211,3067600
2018-12-06,45.22557067871094,57.849998474121094,58.619998931884766,56.709999084472656,58.619998931884766,3527200
2018-12-07,45.32329177856445,57.974998474121094,58.665000915527344,57.58000183105469,57.93000030517578,3332600
2018-12-10,45.41710662841797,58.095001220703125,58.33000183105469,56.75,57.91999816894531,4248200
2018-12-11,45.757179260253906,58.529998779296875,58.880001068115234,57.939998626708984,58.310001373291016,2004000
2018-12-12,45.60081100463867,58.33000183105469,58.970001220703125,58.255001068115234,58.65999984741211,8938200
2018-12-13,45.96825408935547,58.79999923706055,59.244998931884766,58.32500076293945,58.32500076293945,2786200
2018-12-14,46.31613540649414,59.244998931884766,59.255001068115234,58.58000183105469,58.80500030517578,4805200
2018-12-17,44.92458724975586,57.46500015258789,59.55500030517578,57.099998474121094,59.5099983215332,3993600
2018-12-18,44.49852752685547,56.91999816894531,58.26499938964844,56.68000030517578,57.70000076293945,3562200
2018-12-19,44.5376091003418,56.970001220703125,57.58000183105469,56.625,57.14500045776367,5066200
2018-12-20,44.19362258911133,56.529998779296875,57.88999938964844,55.66999816894531,57.16999816894531,4215200
2018-12-21,43.708927154541016,55.90999984741211,58.029998779296875,55.755001068115234,56.76499938964844,5566600
2018-12-24,41.98121643066406,53.70000076293945,56.2400016784668,53.255001068115234,56.2400016784668,2414200
2018-12-26,42.21184539794922,53.994998931884766,54.2400016784668,52.970001220703125,53.63999938964844,6664600
2018-12-27,42.06329345703125,53.80500030517578,54.21500015258789,52.439998626708984,53.91999816894531,4655800
2018-12-28,42.28205490112305,53.6349983215332,54.10499954223633,53.349998474121094,53.584999084472656,4360000
2018-12-31,42.644691467285156,54.095001220703125,54.564998626708984,53.27000045776367,53.78499984741211,3676000
2019-01-02,42.08103561401367,53.380001068115234,53.9900016784668,53.04499816894531,53.9900016784668,2393000
2019-01-03,42.27418518066406,53.625,53.9900016784668,53.07500076293945,53.3849983215332,2578000
2019-01-04,43.539451599121094,55.22999954223633,55.244998931884766,53.275001525878906,53.275001525878906,5416000
2019-01-07,43.53156661987305,55.220001220703125,55.619998931884766,54.63999938964844,55.11000061035156,5707000
2019-01-08,44.74952697753906,56.76499938964844,56.900001525878906,55.040000915527344,55.35499954223633,3251200
2019-01-09,44.3120002746582,56.209999084472656,57.07500076293945,56.01499938964844,56.77000045776367,3380200
2019-01-10,45.10428237915039,57.21500015258789,57.279998779296875,56.095001220703125,56.334999084472656,2604200
2019-01-11,44.958438873291016,57.029998779296875,57.494998931884766,56.7400016784668,57.21500015258789,2691000
2019-01-14,44.0518684387207,55.880001068115234,56.619998931884766,55.505001068115234,56.53499984741211,4112600
2019-01-15,44.36324691772461,56.275001525878906,57.0,55.689998626708984,55.709999084472656,4143000
2019-01-16,44.406612396240234,56.33000183105469,56.470001220703125,55.970001220703125,56.165000915527344,3736200
2019-01-17,44.288360595703125,56.18000030517578,56.47999954223633,55.90999984741211,56.07500076293945,2407400
2019-01-18,44.41054916381836,56.334999084472656,56.599998474121094,56.095001220703125,56.525001525878906,3035400
2019-01-22,44.29229736328125,56.185001373291016,56.525001525878906,55.73500061035156,56.29999923706055,2655400
2019-01-23,44.50514602661133,56.45500183105469,56.56999969482422,55.849998474121094,56.09000015258789,3026600
2019-01-24,44.67858123779297,56.67499923706055,56.79499816894531,56.0099983215332,56.775001525878906,3282400
2019-01-25,44.580039978027344,56.54999923706055,56.68000030517578,56.26499938964844,56.54499816894531,3292200
2019-01-28,44.54062271118164,56.5,56.709999084472656,56.22999954223633,56.55500030517578,3340000
2019-01-29,44.875667572021484,56.92499923706055,57.16999816894531,56.505001068115234,56.66999816894531,3738600
2019-01-30,45.28955078125,57.45000076293945,57.625,56.75,56.75,3168800
2019-01-31,46.109405517578125,58.4900016784668,58.58000183105469,57.17499923706055,57.435001373291016,4234600
2019-02-01,46.018741607666016,58.375,58.56999969482422,57.904998779296875,58.33000183105469,3363000
2019-02-04,46.192176818847656,58.595001220703125,58.599998474121094,57.779998779296875,58.084999084472656,2950600
2019-02-05,46.15275192260742,58.54499816894531,58.70000076293945,58.1150016784668,58.540000915527344,2908800
2019-02-06,46.412906646728516,58.875,59.25,58.349998474121094,58.525001525878906,3579800
2019-02-07,46.51934051513672,59.0099983215332,59.04999923706055,58.5,58.810001373291016,2783000
2019-02-08,46.479923248291016,58.959999084472656,59.22999954223633,58.5,59.10499954223633,2382800
2019-02-11,45.30924606323242,57.474998474121094,58.95500183105469,57.224998474121094,58.95500183105469,6039600
2019-02-12,44.982093811035156,57.060001373291016,57.70000076293945,56.6150016784668,57.69499969482422,5380600
2019-02-13,45.02938461303711,57.119998931884766,57.20000076293945,56.654998779296875,56.78499984741211,3987200
2019-02-14,44.954498291015625,57.025001525878906,57.42499923706055,56.935001373291016,57.23500061035156,2881800
2019-02-15,45.43143844604492,57.630001068115234,57.77000045776367,57.2599983215332,57.29999923706055,3344600
2019-02-19,45.82954788208008,58.1349983215332,58.2599983215332,56.939998626708984,57.084999084472656,2962200
2019-02-20,46.168521881103516,58.564998626708984,58.650001525878906,57.935001373291016,58.04999923706055,2874200
2019-02-21,46.38137435913086,58.834999084472656,58.92499923706055,58.18000030517578,58.19499969482422,2674400
2019-02-22,46.70064926147461,59.2400016784668,59.41999816894531,58.81999969482422,59.01499938964844,1986800
2019-02-25,46.3498420715332,58.79499816894531,59.29999923706055,58.630001068115234,59.29999923706055,3278000
2019-02-26,46.86620330810547,59.45000076293945,60.09000015258789,58.869998931884766,59.689998626708984,3718000
2019-02-27,47.42985916137695,60.165000915527344,60.80500030517578,58.9900016784668,59.45000076293945,3930800
2019-02-28,47.47321701049805,60.220001220703125,60.525001525878906,59.6349983215332,60.099998474121094,3453000
2019-03-01,47.796417236328125,60.630001068115234,60.685001373291016,59.970001220703125,60.185001373291016,2942400
2019-03-04,47.82401657104492,60.665000915527344,61.0,60.029998779296875,60.994998931884766,2317600
2019-03-05,47.72547149658203,60.540000915527344,60.994998931884766,60.404998779296875,60.67499923706055,2309200
2019-03-06,47.68210983276367,60.48500061035156,60.875,60.20000076293945,60.6150016784668,1783000
2019-03-07,47.96986770629883,60.849998474121094,61.275001525878906,60.60499954223633,60.75,2457200
2019-03-08,48.206356048583984,61.150001525878906,61.18000030517578,60.5,60.935001373291016,2206000
2019-03-11,48.55716323852539,61.595001220703125,61.65999984741211,61.21500015258789,61.21500015258789,2486600
2019-03-12,48.876441955566406,62.0,62.21500015258789,61.540000915527344,61.75,2368000
2019-03-13,49.010459899902344,62.16999816894531,62.404998779296875,61.724998474121094,61.724998474121094,2810400
2019-03-14,49.053810119628906,62.224998474121094,62.53499984741211,61.744998931884766,62.16999816894531,2078000
2019-03-15,49.120819091796875,62.310001373291016,62.73500061035156,62.07500076293945,62.27000045776367,5036000
2019-03-18,49.132652282714844,62.32500076293945,62.474998474121094,61.880001068115234,62.275001525878906,3039200
2019-03-19,48.84885025024414,61.96500015258789,62.53499984741211,61.68000030517578,62.3650016784668,3341800
2019-03-20,49.29030227661133,62.525001525878906,62.755001068115234,61.744998931884766,62.165000915527344,3747200
2019-03-21,50.000579833984375,62.935001373291016,62.970001220703125,61.959999084472656,62.03499984741211,3491800
2019-03-22,50.08001708984375,63.03499984741211,63.43000030517578,62.8650016784668,63.0,2200200
2019-03-25,49.67087936401367,62.52000045776367,63.04499816894531,62.435001373291016,63.025001525878906,3094000
2019-03-26,49.84564971923828,62.7400016784668,62.959999084472656,62.41999816894531,62.48500061035156,2347000
2019-03-27,49.81784439086914,62.70500183105469,62.82500076293945,62.05500030517578,62.71500015258789,4958000
2019-03-28,49.4444465637207,62.23500061035156,62.97999954223633,61.89500045776367,62.94499969482422,2904600
2019-03-29,49.99660110473633,62.93000030517578,63.09000015258789,62.04999923706055,62.14500045776367,4181200
2019-04-01,50.30247116088867,63.314998626708984,63.375,62.5099983215332,62.98500061035156,3855000
2019-04-02,50.5447883605957,63.619998931884766,63.630001068115234,62.95500183105469,63.35499954223633,4308800
2019-04-03,50.5447883605957,63.619998931884766,63.869998931884766,63.07500076293945,63.38999938964844,3365000
2019-04-04,50.4573974609375,63.5099983215332,63.79999923706055,63.30500030517578,63.79999923706055,3338600
2019-04-05,50.942039489746094,64.12000274658203,64.125,63.52000045776367,63.665000915527344,3338800
2019-04-08,50.763275146484375,63.89500045776367,64.125,63.83000183105469,64.01000213623047,3390000
2019-04-09,50.80299758911133,63.94499969482422,64.0250015258789,63.584999084472656,64.0250015258789,3295000
2019-04-10,50.62027359008789,63.71500015258789,64.4749984741211,63.52000045776367,64.16999816894531,3333200
2019-04-11,50.88641357421875,64.05000305175781,64.0999984741211,63.404998779296875,63.709999084472656,3156200
2019-04-12,51.58159637451172,64.92500305175781,64.96499633789062,63.79499816894531,63.93000030517578,3627000
2019-04-15,51.06914520263672,64.27999877929688,65.0,64.08499908447266,64.9800033569336,3356200
2019-04-16,50.55671691894531,63.6349983215332,64.625,63.52000045776367,64.33499908447266,4834200
2019-04-17,50.564659118652344,63.64500045776367,64.05500030517578,63.34000015258789,63.68000030517578,2939000
2019-04-18,50.612327575683594,63.70500183105469,64.16000366210938,63.63999938964844,63.70000076293945,4486200
2019-04-22,49.80592727661133,62.689998626708984,63.869998931884766,62.584999084472656,63.625,4408800
2019-04-23,50.099891662597656,63.060001373291016,63.474998474121094,62.45500183105469,62.76499938964844,3637000
2019-04-24,50.215091705322266,63.20500183105469,63.5,62.814998626708984,63.2400016784668,3574000
2019-04-25,50.58451461791992,63.66999816894531,63.96500015258789,62.88999938964844,63.0,2838600
2019-04-26,50.8665657043457,64.0250015258789,64.40499877929688,63.84000015258789,63.92499923706055,2393200
2019-04-29,49.972774505615234,62.900001525878906,63.58000183105469,62.58000183105469,63.45000076293945,6180000
2019-04-30,50.82683181762695,63.974998474121094,64.06500244140625,62.834999084472656,62.95500183105469,3842400
2019-05-01,50.13166427612305,63.099998474121094,64.12999725341797,63.099998474121094,63.875,3453000
2019-05-02,50.04030990600586,62.98500061035156,63.69499969482422,62.630001068115234,62.939998626708984,3852000
2019-05-03,50.628211975097656,63.724998474121094,63.79499816894531,63.040000915527344,63.099998474121094,1738800
2019-05-06,50.20713806152344,63.19499969482422,63.67499923706055,62.974998474121094,63.54499816894531,3360800
2019-05-07,49.93702697753906,62.85499954223633,63.52000045776367,62.334999084472656,63.42499923706055,3283000
2019-05-08,49.956878662109375,62.880001068115234,63.4900016784668,62.584999084472656,63.16999816894531,2603200
2019-05-09,50.135643005371094,63.10499954223633,63.52000045776367,62.505001068115234,62.505001068115234,2149200
2019-05-10,51.327354431152344,64.6050033569336,64.6050033569336,62.900001525878906,63.13999938964844,2639000
2019-05-13,51.37105941772461,64.66000366210938,64.83000183105469,63.81999969482422,64.29499816894531,4033800
2019-05-14,51.3869514465332,64.68000030517578,65.30999755859375,64.61000061035156,64.87999725341797,3022400
2019-05-15,51.5935173034668,64.94000244140625,65.4000015258789,64.58000183105469,64.74500274658203,3556400
2019-05-16,51.927188873291016,65.36000061035156,65.88500213623047,64.30500030517578,64.81500244140625,2435600
2019-05-17,51.81992721557617,65.2249984741211,65.7249984741211,64.80000305175781,64.80000305175781,3364800
2019-05-20,52.10991287231445,65.58999633789062,65.86000061035156,65.15499877929688,65.44999694824219,3441800
2019-05-21,52.237037658691406,65.75,66.59500122070312,65.59500122070312,65.70999908447266,2676200
2019-05-22,53.349308013916016,67.1500015258789,67.375,65.73500061035156,66.5199966430664,4160200
2019-05-23,53.97694396972656,67.94000244140625,67.95500183105469,67.05500030517578,67.08499908447266,2788800
2019-05-24,53.36918258666992,67.17500305175781,68.18499755859375,67.16000366210938,67.98500061035156,2423000
2019-05-28,52.87262725830078,66.55000305175781,67.4800033569336,66.3949966430664,67.41000366210938,4412600
2019-05-29,51.939117431640625,65.375,66.76499938964844,65.17500305175781,66.68499755859375,2481400
2019-05-30,52.26485061645508,65.78500366210938,66.13999938964844,65.38500213623047,65.62000274658203,2237400
2019-05-31,52.21717834472656,65.7249984741211,66.0999984741211,65.375,65.72000122070312,2655200
2019-06-03,52.399906158447266,65.95500183105469,66.19999694824219,65.29000091552734,66.0250015258789,2783800
2019-06-04,52.511138916015625,66.09500122070312,66.18000030517578,65.26000213623047,65.95500183105469,2234000
2019-06-05,53.23809051513672,67.01000213623047,67.36499786376953,65.87000274658203,66.09500122070312,4846000
2019-06-06,53.61942672729492,67.48999786376953,67.7750015258789,66.75,66.92500305175781,1984400
2019-06-07,53.42478942871094,67.24500274658203,68.21499633789062,67.18499755859375,68.0,2628000
2019-06-10,53.265892028808594,67.04499816894531,67.31999969482422,66.53500366210938,66.94000244140625,1655000
2019-06-11,53.51615905761719,67.36000061035156,67.38999938964844,66.79499816894531,66.91999816894531,2427000
2019-06-12,53.901466369628906,67.84500122070312,68.20500183105469,67.5199966430664,67.7300033569336,1954600
2019-06-13,54.35829544067383,68.41999816894531,68.43000030517578,67.7300033569336,68.12999725341797,1820000
2019-06-14,54.72376251220703,68.87999725341797,69.18000030517578,68.2300033569336,68.41000366210938,1895600
2019-06-17,54.79923629760742,68.9749984741211,69.28500366210938,68.69499969482422,68.92500305175781,1931400
2019-06-18,54.52116012573242,68.625,69.59500122070312,68.12000274658203,69.59500122070312,2305400
2019-06-19,55.24017333984375,69.52999877929688,69.875,68.00499725341797,68.31999969482422,3044400
2019-06-20,55.74070358276367,70.16000366210938,70.37000274658203,69.32499694824219,69.94499969482422,2097000
2019-06-21,56.026702880859375,70.5199966430664,70.93000030517578,69.79000091552734,70.01000213623047,4180400
2019-06-24,55.95122146606445,70.42500305175781,70.7300033569336,70.22000122070312,70.54499816894531,1713600
2019-06-25,55.800289154052734,70.23500061035156,70.68000030517578,70.02999877929688,70.45500183105469,2345400
2019-06-26,54.425819396972656,68.50499725341797,70.15499877929688,68.40499877929688,70.15499877929688,2222400
2019-06-27,53.84188461303711,67.7699966430664,68.83000183105469,67.45999908447266,68.3499984741211,5664400
2019-06-28,54.59664535522461,68.72000122070312,68.77999877929688,67.65499877929688,67.66500091552734,3825600
2019-07-01,54.28680419921875,68.33000183105469,68.94999694824219,67.375,68.74500274658203,2244800
2019-07-02,54.898536682128906,69.0999984741211,69.16500091552734,68.67500305175781,68.67500305175781,2079600
2019-07-03,55.06575012207031,68.82499694824219,69.37999725341797,68.62999725341797,68.74500274658203,1661600
2019-07-05,55.3577995300293,69.19000244140625,69.25,68.0199966430664,68.27999877929688,1503200
2019-07-08,55.41379928588867,69.26000213623047,69.6500015258789,68.83000183105469,69.3949966430664,1869800
2019-07-09,55.62582015991211,69.5250015258789,69.66999816894531,68.7750015258789,69.19000244140625,2186600
2019-07-10,55.86984634399414,69.83000183105469,70.30000305175781,69.4749984741211,69.7249984741211,2326800
2019-07-11,56.1618766784668,70.19499969482422,70.20500183105469,69.51499938964844,69.82499694824219,2077000
2019-07-12,55.961849212646484,69.94499969482422,70.5,69.63999938964844,70.33000183105469,2250000
2019-07-15,56.001853942871094,69.99500274658203,70.16999816894531,69.58499908447266,69.83000183105469,1858000
2019-07-16,55.70981979370117,69.62999725341797,70.0,68.93499755859375,69.92500305175781,2143000
2019-07-17,55.98585510253906,69.9749984741211,70.26499938964844,69.66999816894531,69.88999938964844,2722800
2019-07-18,56.473899841308594,70.58499908447266,70.6449966430664,69.68000030517578,69.90499877929688,2535000
2019-07-19,56.02585220336914,70.0250015258789,70.58000183105469,69.83499908447266,70.44000244140625,2746600
2019-07-22,56.23387145996094,70.28500366210938,70.58000183105469,69.81999969482422,70.30000305175781,3678400
2019-07-23,55.585819244384766,69.4749984741211,70.375,69.44999694824219,70.06500244140625,2312600
2019-07-24,55.90983963012695,69.87999725341797,69.91000366210938,69.04499816894531,69.68000030517578,1732600
2019-07-25,56.18988037109375,70.2300033569336,70.36000061035156,69.66999816894531,69.80999755859375,1640800
2019-07-26,56.1098747253418,70.12999725341797,70.59500122070312,69.96499633789062,70.36499786376953,1492800
2019-07-29,55.80584716796875,69.75,70.19999694824219,69.5,70.12999725341797,2947400
2019-07-30,54.59373092651367,68.23500061035156,69.92500305175781,67.875,69.61000061035156,4788200
2019-07-31,54.17766571044922,67.71499633789062,68.625,67.27999877929688,68.32499694824219,5373600
2019-08-01,54.27767562866211,67.83999633789062,68.23500061035156,67.16000366210938,67.22000122070312,5040200
2019-08-02,54.27767562866211,67.83999633789062,68.6500015258789,67.55999755859375,67.55999755859375,2745200
2019-08-05,52.85352325439453,66.05999755859375,68.06500244140625,65.66000366210938,68.01000213623047,4584400
2019-08-06,53.577598571777344,66.96499633789062,67.4000015258789,65.73500061035156,66.01000213623047,4394200
2019-08-07,54.06966018676758,67.58000183105469,67.7300033569336,66.30999755859375,67.12999725341797,2625600
2019-08-08,54.689720153808594,68.3550033569336,68.58999633789062,67.23500061035156,67.58000183105469,2614400
2019-08-09,55.07775115966797,68.83999633789062,69.16999816894531,67.88999938964844,68.49500274658203,2240200
2019-08-12,54.86174392700195,68.56999969482422,69.16999816894531,68.03500366210938,68.84500122070312,4125000
2019-08-13,54.94575881958008,68.67500305175781,69.18499755859375,66.94999694824219,66.94999694824219,2526800
2019-08-14,54.70571517944336,68.375,69.625,68.3550033569336,68.86000061035156,2589800
2019-08-15,55.42179489135742,69.2699966430664,69.5250015258789,68.29499816894531,68.44000244140625,3126400
2019-08-16,55.55781555175781,69.44000244140625,69.83000183105469,68.92500305175781,69.29499816894531,5195600
2019-08-19,55.861839294433594,69.81999969482422,70.05000305175781,69.01000213623047,69.29499816894531,3122600
2019-08-20,55.86984634399414,69.83000183105469,70.01000213623047,69.375,69.88999938964844,2870800
2019-08-21,56.33788299560547,70.41500091552734,70.42500305175781,69.80500030517578,69.83499908447266,1966600
2019-08-22,56.05786895751953,70.06500244140625,70.5,69.58499908447266,70.44999694824219,1792200
2019-08-23,55.60981750488281,69.50499725341797,70.55999755859375,69.08499908447266,70.20999908447266,1794200
2019-08-26,56.72193145751953,70.8949966430664,70.95999908447266,69.49500274658203,69.53500366210938,2565400
2019-08-27,56.577911376953125,70.71499633789062,71.43000030517578,70.51499938964844,71.25,3266800
2019-08-28,56.80592727661133,71.0,71.07499694824219,70.50499725341797,70.78500366210938,2432800
2019-08-29,56.9019660949707,71.12000274658203,71.33000183105469,70.81999969482422,71.16500091552734,2888600
2019-08-30,56.657920837402344,70.81500244140625,71.45500183105469,70.66000366210938,71.45500183105469,2080600
2019-09-03,57.406005859375,71.75,71.79000091552734,70.63500213623047,70.71499633789062,2298400
2019-09-04,57.606021881103516,72.0,72.46499633789062,71.58999633789062,72.03500366210938,1658600
2019-09-05,56.73793411254883,70.91500091552734,71.83999633789062,70.58000183105469,71.47000122070312,2406600
2019-09-06,56.80592727661133,71.0,71.4800033569336,70.7750015258789,71.19999694824219,1848200
2019-09-09,56.409889221191406,70.50499725341797,70.82499694824219,70.38999938964844,70.79000091552734,2336800
2019-09-10,56.71393585205078,70.88500213623047,70.99500274658203,70.08000183105469,70.48500061035156,2506600
2019-09-11,57.30998611450195,71.62999725341797,71.97000122070312,70.41000366210938,70.7699966430664,2646200
2019-09-12,57.47002410888672,71.83000183105469,72.12999725341797,71.37999725341797,72.03500366210938,2855000
2019-09-13,56.68592071533203,70.8499984741211,72.11499786376953,70.7699966430664,71.51000213623047,2323200
2019-09-16,56.70592498779297,70.875,71.03500366210938,70.45999908447266,71.01000213623047,2994800
2019-09-17,57.22198486328125,71.5199966430664,71.94999694824219,70.81999969482422,71.04000091552734,2842800
2019-09-18,56.08586883544922,70.0999984741211,71.94999694824219,70.01000213623047,71.86499786376953,6213400
2019-09-19,56.72152328491211,70.40499877929688,70.44499969482422,69.51499938964844,69.98999786376953,3255200
2019-09-20,57.28949737548828,71.11000061035156,71.3949966430664,70.37999725341797,70.625,4704800
2019-09-23,57.14852523803711,70.93499755859375,71.31500244140625,70.86000061035156,70.95999908447266,2537200
2019-09-24,58.10321807861328,72.12000274658203,72.29000091552734,70.93499755859375,71.38999938964844,2369600
2019-09-25,58.010555267333984,72.00499725341797,72.1050033569336,71.33000183105469,72.05000305175781,1908200
2019-09-26,58.30059051513672,72.36499786376953,72.54000091552734,71.75,72.23500061035156,3427800
2019-09-27,58.19988250732422,72.23999786376953,72.53500366210938,71.7249984741211,72.53500366210938,3558000
2019-09-30,59.46072006225586,73.80500030517578,74.06999969482422,72.23999786376953,72.70500183105469,5027600
2019-10-01,58.844398498535156,73.04000091552734,74.0199966430664,73.04000091552734,73.71499633789062,2713800
2019-10-02,57.897762298583984,71.86499786376953,73.04000091552734,71.66000366210938,72.69999694824219,3146000
2019-10-03,58.67522430419922,72.83000183105469,72.86499786376953,71.7750015258789,72.01000213623047,4023400
2019-10-04,59.30765914916992,73.61499786376953,73.69000244140625,72.63500213623047,72.93000030517578,1975800
2019-10-07,58.98539352416992,73.21499633789062,73.53500366210938,73.0,73.46499633789062,2038600
2019-10-08,58.77592849731445,72.95500183105469,73.41000366210938,72.25,73.13999938964844,2479800
2019-10-09,59.06996536254883,73.31999969482422,73.70999908447266,72.98500061035156,73.11000061035156,1602200
2019-10-10,58.97734832763672,73.20500183105469,73.52999877929688,72.70999908447266,73.19999694824219,2054400
2019-10-11,58.60674285888672,72.74500274658203,73.25,72.6449966430664,73.11499786376953,1850000
2019-10-14,58.58256912231445,72.71499633789062,73.45999908447266,72.3949966430664,73.0199966430664,1941400
2019-10-15,58.409339904785156,72.5,72.91500091552734,72.1500015258789,72.78500366210938,2058200
2019-10-16,58.34892654418945,72.42500305175781,72.5199966430664,71.7699966430664,72.43000030517578,2544000
2019-10-17,58.39323043823242,72.4800033569336,72.7300033569336,72.26499938964844,72.42500305175781,1844000
2019-10-18,58.90481948852539,73.11499786376953,73.46499633789062,72.31500244140625,72.49500274658203,3994000
2019-10-21,59.00550842285156,73.23999786376953,73.28500366210938,72.625,73.08999633789062,2007800
2019-10-22,59.16666793823242,73.44000244140625,73.83999633789062,73.29000091552734,73.33999633789062,1883000
2019-10-23,59.617820739746094,74.0,74.0,73.2300033569336,73.625,1940600
2019-10-24,59.64199447631836,74.02999877929688,74.44999694824219,73.72000122070312,73.95500183105469,3439200
2019-10-25,57.994441986083984,71.98500061035156,74.25499725341797,71.70999908447266,74.25499725341797,6386200
2019-10-28,56.86653137207031,70.58499908447266,71.6050033569336,70.45500183105469,71.44999694824219,7719800
2019-10-29,56.87864303588867,70.5999984741211,70.79000091552734,70.40499877929688,70.5999984741211,6160200
2019-10-30,57.02362823486328,70.77999877929688,71.0,70.16999816894531,70.625,5690600
2019-10-31,58.211971282958984,72.25499725341797,72.28500366210938,70.7699966430664,71.02999877929688,5677800
2019-11-01,59.331817626953125,73.6449966430664,74.23500061035156,72.61000061035156,73.01000213623047,5793000
2019-11-04,58.747718811035156,72.91999816894531,73.6500015258789,72.45999908447266,73.6500015258789,2981800
2019-11-05,57.744686126708984,71.67500305175781,72.6449966430664,71.48999786376953,72.5999984741211,4227600
2019-11-06,57.69233703613281,71.61000061035156,72.0,71.12999725341797,71.67500305175781,2896200
2019-11-07,57.24518966674805,71.05500030517578,71.43000030517578,70.54000091552734,71.33999633789062,2867600
2019-11-08,57.249229431152344,71.05999755859375,71.43000030517578,70.75499725341797,70.83999633789062,1768000
2019-11-11,57.33381652832031,71.16500091552734,71.23999786376953,70.70999908447266,71.1050033569336,1694000
2019-11-12,58.38115310668945,72.46499633789062,72.55999755859375,71.30500030517578,71.3550033569336,5074400
2019-11-13,59.15459060668945,73.42500305175781,73.62000274658203,72.3499984741211,72.59500122070312,2523600
2019-11-14,58.59867477416992,72.73500061035156,73.83999633789062,72.4800033569336,73.6050033569336,3112800
2019-11-15,58.86455154418945,73.06500244140625,73.13999938964844,72.28500366210938,72.65499877929688,2614600
2019-11-18,59.46876907348633,73.81500244140625,74.33000183105469,72.97000122070312,73.31500244140625,3619800
2019-11-19,59.299591064453125,73.6050033569336,74.08499908447266,73.24500274658203,73.73500061035156,3264600
2019-11-20,59.561431884765625,73.93000030517578,74.19999694824219,73.13999938964844,73.66500091552734,1630000
2019-11-21,59.13442611694336,73.4000015258789,74.01000213623047,73.18499755859375,73.86000061035156,1823600
2019-11-22,59.05387496948242,73.30000305175781,73.75499725341797,73.0250015258789,73.41000366210938,1866000
2019-11-25,58.961219787597656,73.18499755859375,73.88999938964844,73.05999755859375,73.3499984741211,1922800
2019-11-26,59.17066955566406,73.44499969482422,73.76499938964844,73.08999633789062,73.58999633789062,4523400
2019-11-27,59.44057846069336,73.77999877929688,73.83999633789062,73.28500366210938,73.5250015258789,1626000
2019-11-29,59.323768615722656,73.63500213623047,74.16500091552734,73.46499633789062,73.91000366210938,968600
2019-12-02,58.97734832763672,73.20500183105469,73.50499725341797,72.33499908447266,73.18499755859375,2005600
2019-12-03,59.5855827331543,73.95999908447266,73.97000122070312,73.24500274658203,73.4000015258789,1782200
2019-12-04,59.448646545410156,73.79000091552734,73.88500213623047,73.29499816894531,73.55500030517578,2845600
2019-12-05,59.37209701538086,73.69499969482422,73.76499938964844,73.36000061035156,73.6449966430664,1674600
2019-12-06,58.747718811035156,72.91999816894531,73.8949966430664,72.8949966430664,73.625,3726600
2019-12-09,58.74368667602539,72.91500091552734,73.16000366210938,72.59500122070312,72.96499633789062,3793800
2019-12-10,59.40837097167969,73.73999786376953,73.95999908447266,72.95500183105469,73.09500122070312,4140400
2019-12-11,59.9279899597168,74.38500213623047,74.4000015258789,73.54000091552734,73.58999633789062,3375200
2019-12-12,59.17066955566406,73.44499969482422,74.44499969482422,73.25,74.26499938964844,5294800
2019-12-13,59.93201446533203,74.38999938964844,74.53500366210938,73.19000244140625,73.28500366210938,3218200
2019-12-16,60.681278228759766,75.31999969482422,75.3949966430664,74.3550033569336,74.5250015258789,3416200
2019-12-17,60.47180938720703,75.05999755859375,75.83499908447266,74.91999816894531,75.375,2507400
2019-12-18,61.08408737182617,75.81999969482422,75.91999816894531,74.72000122070312,75.07499694824219,3410600
2019-12-19,61.241207122802734,76.01499938964844,76.12999725341797,75.55999755859375,75.77999877929688,2780000
2019-12-20,60.97934341430664,75.69000244140625,77.23500061035156,75.625,77.12999725341797,9206400
2019-12-23,60.649051666259766,75.27999877929688,75.98999786376953,75.1050033569336,75.98999786376953,2964400
2019-12-24,60.685298919677734,75.32499694824219,75.52999877929688,75.03500366210938,75.28500366210938,1084800
2019-12-26,61.07603454589844,75.80999755859375,75.87000274658203,75.49500274658203,75.76499938964844,1596200
2019-12-27,61.164398193359375,75.43499755859375,75.52999877929688,75.11000061035156,75.36499786376953,1464000
2019-12-30,61.237388610839844,75.5250015258789,75.56999969482422,75.07499694824219,75.42500305175781,2184600
2019-12-31,61.41170883178711,75.73999786376953,75.91500091552734,75.38999938964844,75.58499908447266,2006000
2020-01-02,60.454952239990234,74.55999755859375,75.74500274658203,74.23999786376953,75.66500091552734,2524200
2020-01-03,59.90357971191406,73.87999725341797,74.71499633789062,73.83499908447266,74.3949966430664,2529800
2020-01-06,60.406314849853516,74.5,74.56999969482422,73.87000274658203,73.87000274658203,2214400
2020-01-07,60.357643127441406,74.44000244140625,74.66000366210938,73.80500030517578,74.17500305175781,2421200
2020-01-08,60.77116012573242,74.94999694824219,75.23999786376953,74.50499725341797,74.66500091552734,2510000
2020-01-09,60.333316802978516,74.41000366210938,75.11000061035156,74.2750015258789,74.87999725341797,2238800
2020-01-10,60.71442794799805,74.87999725341797,75.1500015258789,74.56500244140625,74.625,2288200
2020-01-13,61.28606033325195,75.58499908447266,75.9000015258789,74.875,74.9000015258789,1936600
2020-01-14,61.30631637573242,75.61000061035156,75.96499633789062,75.19499969482422,75.625,2682800
2020-01-15,62.490116119384766,77.06999969482422,77.23500061035156,75.88999938964844,75.88999938964844,2060600
2020-01-16,62.91172790527344,77.58999633789062,77.98999786376953,77.13999938964844,77.26000213623047,2856000
2020-01-17,63.730648040771484,78.5999984741211,78.6500015258789,77.56999969482422,77.73999786376953,2891400
2020-01-21,64.03878021240234,78.9800033569336,79.05999755859375,78.20999908447266,78.51000213623047,3016200
2020-01-22,63.8725700378418,78.7750015258789,79.40499877929688,78.54000091552734,79.08999633789062,1799400
2020-01-23,64.8901596069336,80.02999877929688,80.08999633789062,78.52999877929688,78.7249984741211,3067000
2020-01-24,64.76853942871094,79.87999725341797,80.25499725341797,79.50499725341797,79.8949966430664,1962200
2020-01-27,64.27392578125,79.2699966430664,80.0999984741211,78.93000030517578,79.57499694824219,1898200
2020-01-28,64.79285430908203,79.91000366210938,79.9749984741211,79.2750015258789,79.4749984741211,2001400
2020-01-29,64.3306884765625,79.33999633789062,79.90499877929688,79.0999984741211,79.73500061035156,1924200
2020-01-30,65.32392883300781,80.56500244140625,80.69000244140625,79.18499755859375,79.38500213623047,1858000
2020-01-31,65.12528228759766,80.31999969482422,80.5999984741211,79.78500366210938,80.2750015258789,3834800
2020-02-03,65.29556274414062,80.52999877929688,80.93499755859375,80.2750015258789,80.6449966430664,1917000
2020-02-04,64.44823455810547,79.48500061035156,80.83000183105469,79.38999938964844,80.33999633789062,2844000
2020-02-05,64.48068237304688,79.5250015258789,80.16000366210938,79.26499938964844,79.47000122070312,1953600
2020-02-06,65.06854248046875,80.25,80.62000274658203,79.31500244140625,79.66999816894531,2688200
2020-02-07,64.29420471191406,79.29499816894531,80.54000091552734,79.18000030517578,80.33000183105469,2501400
2020-02-10,64.046875,78.98999786376953,79.625,78.80000305175781,79.34500122070312,1770200
2020-02-11,64.28202819824219,79.27999877929688,79.79000091552734,79.05999755859375,79.26499938964844,1355800
2020-02-12,64.41582489013672,79.44499969482422,79.6500015258789,78.78500366210938,78.95500183105469,1651800
2020-02-13,64.46041107177734,79.5,79.8949966430664,78.88500213623047,79.3949966430664,2522200
2020-02-14,65.2550277709961,80.4800033569336,80.4800033569336,79.80999755859375,79.80999755859375,1548800
2020-02-18,65.22663116455078,80.44499969482422,80.87999725341797,80.2300033569336,80.75,2317000
2020-02-19,64.75634002685547,79.86499786376953,80.63999938964844,79.82499694824219,80.32499694824219,1580000
2020-02-20,64.82123565673828,79.94499969482422,80.13500213623047,79.41999816894531,79.66500091552734,2364400
2020-02-21,64.22931671142578,79.21499633789062,80.29499816894531,79.12000274658203,79.78500366210938,2571600
2020-02-24,62.498199462890625,77.08000183105469,79.11499786376953,77.05999755859375,78.91999816894531,4131800
2020-02-25,60.63739776611328,74.78500366210938,77.38500213623047,74.54499816894531,77.24500274658203,3489800
2020-02-26,59.54275894165039,73.43499755859375,75.47000122070312,73.2300033569336,74.9749984741211,4264200
2020-02-27,57.33327865600586,70.70999908447266,75.33499908447266,70.69000244140625,73.77999877929688,6428000
2020-02-28,56.668418884277344,69.88999938964844,70.41999816894531,67.32499694824219,69.05000305175781,8415400
2020-03-02,57.66166687011719,71.11499786376953,71.8499984741211,69.58499908447266,70.2300033569336,6647200
2020-03-03,57.17112731933594,70.51000213623047,73.13500213623047,69.97000122070312,71.32499694824219,5068200
2020-03-04,59.93601608276367,73.91999816894531,74.0,71.26000213623047,71.3499984741211,3129400
2020-03-05,57.47111892700195,70.87999725341797,72.69999694824219,70.3949966430664,72.45999908447266,6219000
2020-03-06,57.515724182128906,70.93499755859375,71.32499694824219,68.36000061035156,69.05500030517578,4949400
2020-03-09,51.79536056518555,63.880001068115234,68.06999969482422,62.55500030517578,67.05000305175781,7101400
2020-03-10,52.94672775268555,65.30000305175781,67.01000213623047,61.09000015258789,64.93000030517578,8460200
2020-03-11,49.845333099365234,61.474998474121094,63.89500045776367,58.869998931884766,63.6349983215332,7554200
2020-03-12,42.27223587036133,52.1349983215332,58.209999084472656,51.92499923706055,58.209999084472656,7989800
2020-03-13,43.34657669067383,53.459999084472656,54.9900016784668,49.08000183105469,54.88999938964844,7496000
2020-03-16,35.92757034301758,44.310001373291016,50.90999984741211,44.064998626708984,49.0,7457800
2020-03-17,39.884376525878906,49.189998626708984,50.275001525878906,44.150001525878906,44.64500045776367,10118000
2020-03-18,41.514129638671875,51.20000076293945,51.474998474121094,44.58000183105469,46.494998931884766,7765800
2020-03-19,40.959136962890625,50.0,50.779998779296875,48.220001220703125,50.72999954223633,4942800
2020-03-20,40.81168746948242,49.81999969482422,52.91999816894531,48.65999984741211,49.57500076293945,10473200
2020-03-23,38.2640266418457,46.709999084472656,50.154998779296875,44.0,50.154998779296875,6290600
2020-03-24,42.60978317260742,52.01499938964844,52.82500076293945,47.685001373291016,48.334999084472656,5652600
2020-03-25,46.70160675048828,57.0099983215332,59.810001373291016,50.564998626708984,52.08000183105469,6731000
2020-03-26,50.62548828125,61.79999923706055,62.63999938964844,55.01499938964844,55.67499923706055,4034000
2020-03-27,49.613792419433594,60.564998626708984,62.64500045776367,58.005001068115234,59.474998474121094,3171800
2020-03-30,49.14685821533203,59.994998931884766,62.220001220703125,59.125,61.314998626708984,4696800
2020-03-31,46.279720306396484,56.494998931884766,59.709999084472656,56.06999969482422,59.17499923706055,7003600
2020-04-01,42.478721618652344,51.85499954223633,54.73500061035156,50.834999084472656,54.17499923706055,3620000
2020-04-02,43.52316665649414,53.130001068115234,53.81999969482422,50.59000015258789,51.09000015258789,3236200
2020-04-03,42.712188720703125,52.13999938964844,53.650001525878906,51.650001525878906,52.32500076293945,3284400
2020-04-06,46.70979309082031,57.02000045776367,58.04999923706055,54.220001220703125,54.474998474121094,4051800
2020-04-07,47.787025451660156,58.334999084472656,60.61000061035156,57.8849983215332,58.83000183105469,3936200
2020-04-08,49.99061965942383,61.025001525878906,61.51499938964844,58.04499816894531,58.82500076293945,3497200
2020-04-09,53.463958740234375,65.26499938964844,66.56999969482422,61.04499816894531,61.4900016784668,4323200
2020-04-13,52.00990676879883,63.4900016784668,65.2699966430664,62.564998626708984,64.88500213623047,3817800
2020-04-14,52.39902114868164,63.96500015258789,65.4000015258789,63.130001068115234,65.0199966430664,3467600
2020-04-15,49.769447326660156,60.755001068115234,62.20000076293945,60.48500061035156,62.03499984741211,3746600
2020-04-16,48.110599517822266,58.72999954223633,61.01499938964844,58.59000015258789,60.83000183105469,4854000
2020-04-17,50.96954345703125,62.220001220703125,62.470001220703125,59.94499969482422,60.1150016784668,3605600
2020-04-20,50.203609466552734,61.28499984741211,62.314998626708984,60.935001373291016,61.470001220703125,2617200
2020-04-21,48.85195541381836,59.6349983215332,60.970001220703125,58.75,60.08000183105469,2598800
2020-04-22,50.650062561035156,61.83000183105469,62.29499816894531,59.7400016784668,60.51499938964844,2972800
2020-04-23,51.403709411621094,62.75,63.349998474121094,61.68000030517578,62.11000061035156,3035200
2020-04-24,52.00581741333008,63.48500061035156,63.93000030517578,62.029998779296875,63.220001220703125,2476600
2020-04-27,52.75537109375,64.4000015258789,64.91500091552734,63.625,64.04000091552734,2657000
2020-04-28,52.0017204284668,63.47999954223633,66.08000183105469,63.11000061035156,65.375,2904800
2020-04-29,53.07484436035156,64.79000091552734,65.78500366210938,63.525001525878906,65.0,2181400
2020-04-30,50.72788619995117,61.92499923706055,64.28500366210938,61.67499923706055,64.28500366210938,2541400
2020-05-01,49.122291564941406,59.96500015258789,61.025001525878906,59.505001068115234,61.025001525878906,3903800
2020-05-04,50.83848571777344,62.060001373291016,62.9900016784668,59.61000061035156,60.07500076293945,4067400
2020-05-05,50.879432678222656,62.11000061035156,62.91999816894531,61.125,61.45500183105469,2703400
2020-05-06,49.97833251953125,61.0099983215332,62.41999816894531,60.7400016784668,62.380001068115234,2481800
2020-05-07,50.67873764038086,61.8650016784668,62.68000030517578,61.599998474121094,61.900001525878906,3743000
2020-05-08,50.88353729248047,62.1150016784668,63.35499954223633,61.474998474121094,62.6150016784668,2430400
2020-05-11,51.117000579833984,62.400001525878906,62.505001068115234,61.19499969482422,61.60499954223633,2908400
2020-05-12,49.72029495239258,60.69499969482422,62.79499816894531,60.68000030517578,62.375,3043800
2020-05-13,48.43417739868164,59.125,60.970001220703125,58.099998474121094,60.55500030517578,3534800
2020-05-14,49.29021072387695,60.16999816894531,60.314998626708984,57.165000915527344,58.54999923706055,2721800
2020-05-15,48.82328414916992,59.599998474121094,60.4900016784668,58.459999084472656,59.94499969482422,5665200
2020-05-18,50.789329528808594,62.0,62.91999816894531,61.35499954223633,61.435001373291016,3994400
2020-05-19,51.64945983886719,63.04999923706055,63.71500015258789,61.099998474121094,61.900001525878906,3357600
2020-05-20,50.232276916503906,61.31999969482422,63.54499816894531,61.14500045776367,63.14500045776367,2605600
2020-05-21,49.59330749511719,60.540000915527344,61.89500045776367,60.47999954223633,61.224998474121094,2527600
2020-05-22,50.71150207519531,61.904998779296875,61.98500061035156,60.28499984741211,60.56999969482422,1713800
2020-05-26,51.293121337890625,62.6150016784668,63.689998626708984,62.165000915527344,62.86000061035156,2379200
2020-05-27,51.157958984375,62.45000076293945,64.26000213623047,61.619998931884766,64.24500274658203,2406800
2020-05-28,52.17784118652344,63.69499969482422,63.88999938964844,62.84000015258789,63.665000915527344,2651000
2020-05-29,51.735469818115234,63.154998779296875,63.709999084472656,62.369998931884766,63.23500061035156,3588400
2020-06-01,52.86594772338867,64.53500366210938,65.0250015258789,63.07500076293945,63.150001525878906,2269800
2020-06-02,53.37794876098633,65.16000366210938,65.2249984741211,64.38999938964844,65.04499816894531,2324000
2020-06-03,53.9022216796875,65.80000305175781,66.3550033569336,65.44999694824219,65.68499755859375,2794400
2020-06-04,52.75126266479492,64.3949966430664,65.48500061035156,63.685001373291016,65.32499694824219,2733000
2020-06-05,54.799217224121094,66.8949966430664,68.04000091552734,64.91999816894531,65.3550033569336,3016200
2020-06-08,55.20881271362305,67.3949966430664,67.98500061035156,66.94499969482422,67.55500030517578,2711600
2020-06-09,53.37385177612305,65.15499877929688,66.63999938964844,64.88999938964844,66.55000305175781,3163000
2020-06-10,52.65705108642578,64.27999877929688,65.69999694824219,64.21499633789062,65.25,3235600
2020-06-11,50.57633972167969,61.7400016784668,62.80500030517578,61.32500076293945,62.584999084472656,4957200
2020-06-12,50.809810638427734,62.025001525878906,64.13500213623047,61.040000915527344,63.845001220703125,4721600
2020-06-15,51.301307678222656,62.625,62.95500183105469,60.189998626708984,61.02000045776367,7050600
2020-06-16,50.93677520751953,62.18000030517578,64.79499816894531,61.810001373291016,64.32499694824219,5864400
2020-06-17,50.858951568603516,62.084999084472656,62.755001068115234,60.904998779296875,62.4900016784668,3668400
2020-06-18,51.01869583129883,62.279998779296875,62.415000915527344,61.375,61.564998626708984,2906200
2020-06-19,48.024574279785156,58.625,63.09000015258789,58.625,62.97999954223633,12026000
2020-06-22,48.925682067871094,59.724998474121094,60.060001373291016,58.67499923706055,58.67499923706055,4749000
2020-06-23,48.93797302246094,59.7400016784668,60.994998931884766,59.3849983215332,60.45500183105469,3668600
2020-06-24,49.16733169555664,60.02000045776367,60.150001525878906,58.4900016784668,59.01499938964844,4126800
2020-06-25,48.475250244140625,58.65999984741211,59.22999954223633,57.959999084472656,59.154998779296875,3530800
2020-06-26,46.52914047241211,56.30500030517578,58.970001220703125,56.08000183105469,58.44499969482422,14151000
2020-06-29,48.80580139160156,59.060001373291016,59.08000183105469,56.724998474121094,57.1150016784668,3067800
2020-06-30,48.43806076049805,58.6150016784668,59.154998779296875,57.880001068115234,59.084999084472656,3558400
2020-07-01,50.14039611816406,60.67499923706055,60.83000183105469,58.97999954223633,59.665000915527344,3936000
2020-07-02,49.97098922729492,60.470001220703125,61.849998474121094,60.369998931884766,61.1349983215332,3050200
2020-07-06,49.768524169921875,60.224998474121094,61.185001373291016,59.814998626708984,60.98500061035156,3666400
2020-07-07,48.65705871582031,58.880001068115234,59.61000061035156,58.79499816894531,59.540000915527344,4230400
2020-07-08,48.446327209472656,58.625,59.189998626708984,58.31999969482422,58.61000061035156,3430400
2020-07-09,48.049659729003906,58.14500045776367,58.5,57.07500076293945,58.334999084472656,4486000
2020-07-10,49.239654541015625,59.584999084472656,59.755001068115234,58.060001373291016,58.060001373291016,2642600
2020-07-13,49.65283966064453,60.084999084472656,60.650001525878906,59.459999084472656,59.79999923706055,2865800
2020-07-14,50.34286117553711,60.91999816894531,61.255001068115234,60.17499923706055,60.18000030517578,4227200
2020-07-15,50.8841438293457,61.57500076293945,62.560001373291016,61.224998474121094,61.625,4554000
2020-07-16,50.66927719116211,61.314998626708984,61.76499938964844,60.78499984741211,61.400001525878906,2744200
2020-07-17,51.574161529541016,62.40999984741211,62.4900016784668,61.470001220703125,61.47999954223633,3872200
2020-07-20,50.665157318115234,61.310001373291016,62.36000061035156,61.095001220703125,62.005001068115234,2457200
2020-07-21,51.76423645019531,62.63999938964844,62.98500061035156,61.654998779296875,61.654998779296875,3517800
2020-07-22,52.83852005004883,63.939998626708984,64.09500122070312,62.349998474121094,62.72999954223633,5327800
2020-07-23,52.615386962890625,63.66999816894531,64.58999633789062,63.46500015258789,63.73500061035156,2920200
2020-07-24,51.904720306396484,62.810001373291016,64.43000030517578,62.57500076293945,63.904998779296875,2862400
2020-07-27,50.813899993896484,61.4900016784668,62.709999084472656,61.39500045776367,62.64500045776367,2657800
2020-07-28,51.503929138183594,62.32500076293945,62.970001220703125,61.08000183105469,61.095001220703125,2644400
2020-07-29,51.65266418457031,62.505001068115234,62.685001373291016,62.1150016784668,62.16999816894531,2162400
2020-07-30,51.13205337524414,61.875,61.97999954223633,61.349998474121094,61.755001068115234,2867600
2020-07-31,51.4254035949707,62.22999954223633,62.3849983215332,61.23500061035156,61.709999084472656,2492600
2020-08-03,51.251888275146484,62.02000045776367,62.400001525878906,61.48500061035156,62.04999923706055,2435000
2020-08-04,51.65679931640625,62.5099983215332,62.755001068115234,61.720001220703125,61.720001220703125,3008200
2020-08-05,52.487308502197266,63.51499938964844,64.88500213623047,62.599998474121094,62.7400016784668,4208800
2020-08-06,52.970741271972656,64.0999984741211,64.70999908447266,63.70000076293945,63.89500045776367,2996800
2020-08-07,53.673160552978516,64.94999694824219,65.2699966430664,64.0199966430664,64.13999938964844,2447000
2020-08-10,55.18956756591797,66.78500366210938,66.94499969482422,64.81500244140625,65.18499755859375,3568800
2020-08-11,54.1731071472168,65.55500030517578,67.5,65.30999755859375,67.5,2887800
2020-08-12,55.44573974609375,67.09500122070312,67.33499908447266,65.7750015258789,66.12000274658203,2992200
2020-08-13,55.63994598388672,67.33000183105469,67.55999755859375,66.51000213623047,66.71499633789062,2147600
2020-08-14,54.49541091918945,65.94499969482422,67.0199966430664,65.59500122070312,66.83499908447266,2598400
2020-08-17,53.5822639465332,64.83999633789062,65.6449966430664,64.44000244140625,65.29000091552734,3395000
2020-08-18,53.45004653930664,64.68000030517578,65.25,64.40499877929688,64.76000213623047,1776200
2020-08-19,52.979007720947266,64.11000061035156,65.15499877929688,63.875,65.08499908447266,2989600
2020-08-20,52.152645111083984,63.11000061035156,64.03500366210938,62.97999954223633,63.650001525878906,2320000
2020-08-21,51.84687423706055,62.7400016784668,63.275001525878906,62.42499923706055,63.26499938964844,2257600
2020-08-24,52.62779235839844,63.685001373291016,63.709999084472656,62.439998626708984,62.86000061035156,1639400
2020-08-25,51.859256744384766,62.755001068115234,64.05000305175781,62.54999923706055,64.04499816894531,2016600
2020-08-26,50.54945755004883,61.16999816894531,62.54999923706055,61.1150016784668,62.400001525878906,2555800
2020-08-27,51.06594467163086,61.79499816894531,62.54999923706055,61.525001525878906,61.560001373291016,2155200
2020-08-28,50.54119110107422,61.15999984741211,61.939998626708984,60.9900016784668,61.56999969482422,2130000
2020-08-31,51.090728759765625,61.82500076293945,61.95500183105469,61.11000061035156,61.2599983215332,2189200
2020-09-01,50.51227569580078,61.125,61.744998931884766,60.7599983215332,61.52000045776367,2098000
2020-09-02,51.46260070800781,62.275001525878906,62.595001220703125,60.85499954223633,61.125,2451600
2020-09-03,50.70646667480469,61.36000061035156,62.95000076293945,60.775001525878906,62.5,2220000
2020-09-04,49.9503288269043,60.44499969482422,61.84000015258789,59.400001525878906,61.619998931884766,2342200
2020-09-08,49.20659637451172,59.54499816894531,60.5,58.6349983215332,60.310001373291016,2929600
2020-09-09,49.97512435913086,60.474998474121094,61.1349983215332,59.790000915527344,60.20500183105469,2741600
2020-09-10,48.80580139160156,59.060001373291016,60.345001220703125,58.97999954223633,60.345001220703125,2116000
2020-09-11,48.673580169677734,58.900001525878906,59.08000183105469,58.31999969482422,58.880001068115234,2656200
2020-09-14,49.231388092041016,59.57500076293945,59.77000045776367,58.790000915527344,59.255001068115234,3398200
2020-09-15,48.60334014892578,58.814998626708984,60.59000015258789,58.525001525878906,59.90999984741211,2131400
2020-09-16,49.92966842651367,60.41999816894531,60.709999084472656,58.60499954223633,58.970001220703125,3040600
2020-09-17,50.008174896240234,60.51499938964844,60.560001373291016,59.34000015258789,59.79999923706055,3602000
2020-09-18,49.5743293762207,59.9900016784668,60.66999816894531,59.3650016784668,60.33000183105469,7896200
2020-09-21,48.20254898071289,58.33000183105469,59.494998931884766,58.25,59.125,3460800
2020-09-22,49.1900749206543,59.525001525878906,59.880001068115234,58.435001373291016,58.57500076293945,3150200
2020-09-23,47.31006622314453,57.25,59.625,57.20500183105469,59.540000915527344,3465400
2020-09-24,48.26289749145508,57.869998931884766,58.45000076293945,56.165000915527344,56.650001525878906,2879400
2020-09-25,49.04267120361328,58.80500030517578,58.900001525878906,57.39500045776367,57.45500183105469,2204400
2020-09-28,48.66738510131836,58.35499954223633,59.36000061035156,58.290000915527344,58.95000076293945,2597800
2020-09-29,48.446372985839844,58.09000015258789,58.994998931884766,57.82500076293945,58.4900016784668,1902600
2020-09-30,49.35541915893555,59.18000030517578,59.42499923706055,58.334999084472656,58.47999954223633,3255800
2020-10-01,49.67650604248047,59.564998626708984,60.125,59.13999938964844,59.689998626708984,2670200
2020-10-02,50.24778366088867,60.25,60.66999816894531,58.849998474121094,59.029998779296875,2496400
2020-10-05,50.777366638183594,60.8849983215332,60.93000030517578,59.845001220703125,60.709999084472656,1899400
2020-10-06,50.96918487548828,61.1150016784668,62.43000030517578,60.625,61.04999923706055,2249200
2020-10-07,51.173500061035156,61.36000061035156,61.75,60.52000045776367,61.19499969482422,2149600
2020-10-08,52.837318420410156,63.35499954223633,63.60499954223633,61.59000015258789,61.744998931884766,2052200
2020-10-09,52.54542541503906,63.005001068115234,63.755001068115234,62.345001220703125,63.755001068115234,1794000
2020-10-12,52.86650085449219,63.38999938964844,63.78499984741211,62.4900016784668,62.834999084472656,1614800
2020-10-13,52.770606994628906,63.275001525878906,63.6349983215332,62.85499954223633,62.939998626708984,2422200
2020-10-14,52.99577331542969,63.54499816894531,64.01499938964844,63.03499984741211,63.595001220703125,1950400
2020-10-15,53.60041427612305,64.2699966430664,64.69499969482422,62.779998779296875,62.869998931884766,2893400
2020-10-16,53.421119689941406,64.05500030517578,64.94000244140625,63.77000045776367,64.33000183105469,2688000
2020-10-19,53.362728118896484,63.98500061035156,64.92500305175781,63.40999984741211,64.33999633789062,3047400
2020-10-20,54.07579040527344,64.83999633789062,65.19999694824219,64.1449966430664,64.50499725341797,1977800
2020-10-21,53.91733169555664,64.6500015258789,65.25499725341797,64.4000015258789,64.88999938964844,2399600
2020-10-22,55.15998077392578,66.13999938964844,66.24500274658203,64.13500213623047,64.81500244140625,2268200
2020-10-23,55.818817138671875,66.93000030517578,67.00499725341797,65.83499908447266,66.55500030517578,2332400
2020-10-26,54.75965881347656,65.66000366210938,66.42500305175781,65.13999938964844,66.42500305175781,2413200
2020-10-27,54.32183074951172,65.13500213623047,66.2300033569336,65.125,65.55000305175781,2706200
2020-10-28,52.582950592041016,63.04999923706055,65.07499694824219,62.86000061035156,64.1500015258789,3352200
2020-10-29,53.04998779296875,63.61000061035156,64.61000061035156,62.34000015258789,62.775001525878906,2497200
2020-10-30,52.27437210083008,62.68000030517578,63.78499984741211,61.9900016784668,63.185001373291016,3069600
2020-11-02,53.21678161621094,63.810001373291016,64.0199966430664,62.915000915527344,63.5,2694000
2020-11-03,53.83393478393555,64.55000305175781,65.20500183105469,64.29499816894531,64.62000274658203,1870800
2020-11-04,53.55455017089844,64.21499633789062,65.94999694824219,64.02999877929688,64.4000015258789,1859600
2020-11-05,52.96241760253906,63.505001068115234,65.46499633789062,63.3849983215332,63.3849983215332,3145400
2020-11-06,52.05337142944336,62.415000915527344,64.1449966430664,62.31999969482422,63.685001373291016,3296800
2020-11-09,54.37185287475586,65.19499969482422,66.79000091552734,64.98999786376953,65.62000274658203,4296000
2020-11-10,56.69451141357422,67.9800033569336,68.40499877929688,65.21499633789062,65.25499725341797,5543000
2020-11-11,55.72708511352539,66.81999969482422,68.30999755859375,66.40499877929688,68.17500305175781,3997400
2020-11-12,55.16831588745117,66.1500015258789,66.68000030517578,65.16000366210938,66.41500091552734,3320200
2020-11-13,56.10655975341797,67.2750015258789,67.63500213623047,66.06999969482422,66.67500305175781,3070400
2020-11-16,56.47767639160156,67.72000122070312,68.73500061035156,67.16999816894531,68.47000122070312,2798400
2020-11-17,55.9022216796875,67.02999877929688,67.7249984741211,66.86499786376953,67.38500213623047,3271600
2020-11-18,55.47688674926758,66.5199966430664,68.18000030517578,66.51000213623047,67.6050033569336,3383400
2020-11-19,54.31348419189453,65.125,66.51499938964844,64.7300033569336,66.1449966430664,3423000
2020-11-20,54.384361267089844,65.20999908447266,65.95500183105469,65.05000305175781,65.17500305175781,2706200
2020-11-23,54.64290237426758,65.5199966430664,65.9749984741211,64.8949966430664,65.42500305175781,2732400
2020-11-24,55.172481536865234,66.15499877929688,66.61000061035156,65.83499908447266,66.16000366210938,2360400
2020-11-25,55.02653503417969,65.9800033569336,66.18000030517578,65.27999877929688,66.15499877929688,2563400
2020-11-27,54.40104293823242,65.2300033569336,65.98999786376953,65.01499938964844,65.88999938964844,964000
2020-11-30,53.15841293334961,63.7400016784668,65.2249984741211,63.630001068115234,64.9000015258789,4876800
2020-12-01,53.275169372558594,63.880001068115234,64.9749984741211,63.81999969482422,64.27999877929688,2739400
2020-12-02,54.80552673339844,65.71499633789062,65.79499816894531,63.83000183105469,64.31500244140625,4898600
2020-12-03,55.04738998413086,66.00499725341797,66.38500213623047,65.03500366210938,65.42500305175781,3544200
2020-12-04,53.44613265991211,64.08499908447266,66.20999908447266,63.689998626708984,65.75499725341797,4988000
2020-12-07,53.47114944458008,64.11499786376953,64.5,63.599998474121094,63.82500076293945,3153400
2020-12-08,53.91733169555664,64.6500015258789,65.0250015258789,63.78499984741211,63.78499984741211,3138400
2020-12-09,53.77555847167969,64.4800033569336,64.80500030517578,64.17500305175781,64.73999786376953,2719600
2020-12-10,53.679649353027344,64.36499786376953,64.75,64.05000305175781,64.58999633789062,2624400
2020-12-11,53.375240325927734,64.0,64.4800033569336,63.6150016784668,63.80500030517578,3361200
2020-12-14,53.39191436767578,64.0199966430664,65.01000213623047,64.0,64.50499725341797,2797600
2020-12-15,54.60536575317383,65.4749984741211,65.75,64.05000305175781,64.4749984741211,3331600
2020-12-16,53.84226608276367,64.55999755859375,65.98999786376953,64.55000305175781,65.79499816894531,3438600
2020-12-17,55.383033752441406,65.87000274658203,66.3499984741211,64.30999755859375,64.4749984741211,5965800
2020-12-18,54.9458122253418,65.3499984741211,66.38999938964844,64.99500274658203,66.16500091552734,7468400
2020-12-21,53.268436431884766,63.35499954223633,64.66000366210938,63.25,64.44499969482422,4649200
2020-12-22,53.08345413208008,63.1349983215332,63.70000076293945,62.82500076293945,63.279998779296875,1926600
2020-12-23,52.94892883300781,62.974998474121094,63.939998626708984,62.94499969482422,63.57500076293945,1486200
2020-12-24,52.92790985107422,62.95000076293945,63.09000015258789,62.36000061035156,62.98500061035156,739600
2020-12-28,53.17593765258789,63.244998931884766,63.94499969482422,63.060001373291016,63.16999816894531,1598400
2020-12-29,53.133907318115234,63.19499969482422,63.70500183105469,63.05500030517578,63.55500030517578,1613800
2020-12-30,52.89427947998047,62.90999984741211,63.54499816894531,62.630001068115234,63.09000015258789,2625800
2020-12-31,53.56271743774414,63.70500183105469,63.78499984741211,62.505001068115234,62.95500183105469,1896200
2021-01-04,52.04507827758789,61.900001525878906,63.73500061035156,61.630001068115234,63.619998931884766,4044000
2021-01-05,51.88112258911133,61.70500183105469,62.165000915527344,60.8849983215332,62.0,4780200
2021-01-06,52.04927444458008,61.904998779296875,62.46500015258789,61.25,61.86000061035156,3805800
2021-01-07,50.4055290222168,59.95000076293945,62.31999969482422,59.72999954223633,62.0099983215332,5234400
2021-01-08,50.35507583618164,59.88999938964844,60.26499938964844,59.69499969482422,60.19499969482422,5687200
2021-01-11,49.77914810180664,59.20500183105469,60.11000061035156,58.630001068115234,59.85499954223633,5660400
2021-01-12,49.606773376464844,59.0,59.099998474121094,57.41999816894531,58.98500061035156,5135800
2021-01-13,50.9310302734375,60.57500076293945,60.814998626708984,58.834999084472656,59.04999923706055,4414600
2021-01-14,51.51117706298828,61.26499938964844,62.415000915527344,60.83000183105469,61.0,5735400
2021-01-15,51.355628967285156,61.08000183105469,62.17499923706055,60.775001525878906,61.16999816894531,3200200
2021-01-19,51.069759368896484,60.7400016784668,61.375,60.525001525878906,61.20000076293945,3175000
2021-01-20,51.654117584228516,61.435001373291016,61.564998626708984,60.28499984741211,60.54499816894531,3360600
2021-01-21,51.44391632080078,61.185001373291016,61.689998626708984,61.005001068115234,61.040000915527344,2912000
2021-01-22,51.05714797973633,60.724998474121094,61.35499954223633,60.29499816894531,61.04999923706055,2550600
2021-01-25,52.95734405517578,62.98500061035156,63.084999084472656,60.25,60.5,5062200
2021-01-26,52.3771858215332,62.29499816894531,63.435001373291016,62.290000915527344,63.15999984741211,2824800
2021-01-27,50.42655944824219,59.974998474121094,62.11000061035156,59.45500183105469,61.939998626708984,4111200
2021-01-28,52.41923522949219,62.345001220703125,62.6349983215332,60.130001068115234,60.470001220703125,4671400
2021-01-29,52.028263092041016,61.880001068115234,63.279998779296875,61.540000915527344,62.0,5570400
2021-02-01,52.52432632446289,62.470001220703125,62.75,61.18000030517578,61.900001525878906,3098800
2021-02-02,52.372989654541016,62.290000915527344,63.71500015258789,62.099998474121094,62.90999984741211,3144000
2021-02-03,51.84749221801758,61.665000915527344,62.55500030517578,61.439998626708984,62.08000183105469,2388200
2021-02-04,52.9993782043457,63.03499984741211,63.130001068115234,61.345001220703125,61.505001068115234,2249400
2021-02-05,53.07084274291992,63.119998931884766,63.540000915527344,62.7400016784668,63.3849983215332,1834200
2021-02-08,52.48649597167969,62.42499923706055,63.31999969482422,62.290000915527344,63.04999923706055,2157400
2021-02-09,52.6924934387207,62.66999816894531,62.939998626708984,61.95000076293945,62.584999084472656,1444200
2021-02-10,53.32727813720703,63.42499923706055,63.80500030517578,62.81999969482422,63.09000015258789,2238400
2021-02-11,52.8858757019043,62.900001525878906,63.34000015258789,62.720001220703125,63.005001068115234,2326600
2021-02-12,52.339359283447266,62.25,62.97999954223633,61.66999816894531,62.69499969482422,2251400
2021-02-16,52.4150276184082,62.34000015258789,62.75,61.79999923706055,62.25,2035600
2021-02-17,52.38560485839844,62.30500030517578,62.57500076293945,61.630001068115234,62.5,1541000
2021-02-18,52.24265670776367,62.1349983215332,62.45000076293945,61.77000045776367,62.130001068115234,2484800
2021-02-19,52.36878967285156,62.28499984741211,62.80500030517578,62.0,62.404998779296875,2404600
2021-02-22,51.565826416015625,61.33000183105469,62.5,60.334999084472656,62.5,2679200
2021-02-23,51.94417953491211,61.779998779296875,62.2400016784668,61.255001068115234,61.90999984741211,3025800
2021-02-24,51.52798843383789,61.28499984741211,61.974998474121094,60.849998474121094,61.40999984741211,3503800
2021-02-25,50.0608024597168,59.540000915527344,61.869998931884766,59.29999923706055,61.279998779296875,3499600
2021-02-26,48.75758361816406,57.9900016784668,59.755001068115234,57.98500061035156,59.755001068115234,4276200
2021-03-01,49.56474304199219,58.95000076293945,59.92499923706055,58.32500076293945,58.32500076293945,2174000
2021-03-02,49.241024017333984,58.564998626708984,59.099998474121094,58.38999938964844,58.96500015258789,4291000
2021-03-03,49.17377471923828,58.48500061035156,58.72999954223633,57.33000183105469,58.189998626708984,2789600
2021-03-04,49.18218231201172,58.494998931884766,60.0,58.28499984741211,58.8650016784668,2994400
2021-03-05,50.09864044189453,59.584999084472656,59.95000076293945,58.3650016784668,59.05500030517578,2677800
2021-03-08,51.67093276977539,61.45500183105469,61.89500045776367,59.630001068115234,59.744998931884766,3384400
2021-03-09,51.8895378112793,61.71500015258789,62.369998931884766,61.28499984741211,61.474998474121094,2563800
2021-03-10,53.17593765258789,63.244998931884766,63.48500061035156,61.75,61.85499954223633,4829800
2021-03-11,53.352516174316406,63.45500183105469,64.31999969482422,62.61000061035156,62.61000061035156,3868600
2021-03-12,54.126041412353516,64.375,64.48999786376953,63.31999969482422,63.79499816894531,2974000
2021-03-15,55.49232864379883,66.0,66.25,64.42500305175781,64.55000305175781,4490000
2021-03-16,55.16863250732422,65.61499786376953,66.11499786376953,65.08999633789062,65.5199966430664,3270800
2021-03-17,54.437137603759766,64.74500274658203,65.74500274658203,64.2699966430664,65.66000366210938,3353200
2021-03-18,54.48759078979492,64.80500030517578,65.06999969482422,64.2699966430664,64.5,3389800
2021-03-19,54.071388244628906,64.30999755859375,65.28500366210938,64.05500030517578,65.01000213623047,12162600
2021-03-22,53.852787017822266,64.05000305175781,64.33499908447266,63.459999084472656,64.0,2706400
2021-03-23,54.44975280761719,64.76000213623047,65.0250015258789,63.83000183105469,64.0,2889200
2021-03-24,54.68294143676758,64.48500061035156,64.96499633789062,63.73500061035156,63.73500061035156,2344800
2021-03-25,55.53518295288086,65.48999786376953,65.71499633789062,64.2300033569336,64.87999725341797,2745000
2021-03-26,56.02701187133789,66.06999969482422,66.19999694824219,65.125,65.70999908447266,2643000
2021-03-29,56.048213958740234,66.09500122070312,66.6500015258789,65.68499755859375,66.04499816894531,2875800
2021-03-30,55.78534698486328,65.78500366210938,66.0199966430664,65.26000213623047,65.53500366210938,1658400
2021-03-31,56.21357727050781,66.29000091552734,66.45999908447266,65.48500061035156,65.76499938964844,2760200
2021-04-01,55.88286590576172,65.9000015258789,66.49500274658203,65.40499877929688,66.20500183105469,1867000
2021-04-05,56.747798919677734,66.91999816894531,67.625,66.25499725341797,66.25499725341797,2588000
2021-04-06,56.917415618896484,67.12000274658203,67.36499786376953,66.38999938964844,66.55500030517578,2239800
2021-04-07,56.61213684082031,66.76000213623047,67.33000183105469,66.30500030517578,67.08999633789062,2604800
2021-04-08,56.45525360107422,66.57499694824219,67.5999984741211,66.54499816894531,66.94000244140625,2706800
2021-04-09,56.93437576293945,67.13999938964844,67.32499694824219,66.63999938964844,66.63999938964844,2014200
2021-04-12,56.51460266113281,66.6449966430664,67.9000015258789,66.3499984741211,67.37000274658203,2885200
2021-04-13,57.25661087036133,67.5199966430664,67.65499877929688,65.80500030517578,66.3499984741211,2855800
2021-04-14,57.426204681396484,67.72000122070312,67.875,67.22000122070312,67.4000015258789,2109400
2021-04-15,58.35478210449219,68.81500244140625,68.8949966430664,67.72000122070312,67.7249984741211,2755600
2021-04-16,58.57099914550781,69.06999969482422,69.41000366210938,68.79000091552734,68.94000244140625,2756200
2021-04-19,58.613407135009766,69.12000274658203,69.78500366210938,68.79499816894531,69.58999633789062,2776000
2021-04-20,59.300270080566406,69.93000030517578,70.05500030517578,68.94999694824219,69.07499694824219,2414600
2021-04-21,58.76604461669922,69.30000305175781,70.1500015258789,68.94000244140625,69.91999816894531,2580200
2021-04-22,58.27842712402344,68.7249984741211,69.44999694824219,68.62000274658203,69.30000305175781,1855000
2021-04-23,58.11734390258789,68.53500366210938,68.7750015258789,68.11499786376953,68.75499725341797,1604200
2021-04-26,57.87141036987305,68.24500274658203,68.54499816894531,67.7249984741211,68.54499816894531,2181600
2021-04-27,57.20996856689453,67.46499633789062,68.32499694824219,67.23500061035156,68.32499694824219,2413400
2021-04-28,57.20573043823242,67.45999908447266,67.78500366210938,66.96499633789062,67.67500305175781,2079200
2021-04-29,57.71451950073242,68.05999755859375,68.11000061035156,67.45999908447266,67.61499786376953,4028800
2021-04-30,58.32933044433594,68.78500366210938,68.80999755859375,67.70999908447266,68.21499633789062,2415800
2021-05-03,58.53709030151367,69.02999877929688,69.68000030517578,68.48500061035156,68.90499877929688,1876400
2021-05-04,58.50316619873047,68.98999786376953,69.29000091552734,68.6500015258789,69.09500122070312,2478200
2021-05-05,57.44316482543945,67.73999786376953,69.37000274658203,67.0999984741211,69.31500244140625,2525400
2021-05-06,57.92228698730469,68.30500030517578,68.37999725341797,67.43000030517578,67.90499877929688,2224400
2021-05-07,58.435325622558594,68.91000366210938,69.41500091552734,67.84500122070312,68.0,1809000
2021-05-10,58.944114685058594,69.51000213623047,70.2300033569336,69.05500030517578,69.2300033569336,1631000
2021-05-11,58.7406005859375,69.2699966430664,69.58999633789062,68.53500366210938,69.51499938964844,2617800
2021-05-12,57.328678131103516,67.6050033569336,69.29000091552734,67.45999908447266,69.20999908447266,2932200
2021-05-13,58.397159576416016,68.86499786376953,69.24500274658203,67.24500274658203,67.54000091552734,1796200
2021-05-14,58.55828094482422,69.05500030517578,69.73999786376953,68.75,69.1449966430664,1892200
2021-05-17,58.31660079956055,68.7699966430664,69.29499816894531,68.36000061035156,69.08499908447266,2772600
2021-05-18,58.236053466796875,68.67500305175781,68.9000015258789,68.40499877929688,68.72000122070312,3633000
2021-05-19,57.64244079589844,67.9749984741211,68.59500122070312,67.2699966430664,68.48999786376953,3504600
2021-05-20,57.55339813232422,67.87000274658203,68.34500122070312,67.625,68.07499694824219,7501200
2021-05-21,58.074920654296875,68.48500061035156,68.67500305175781,67.99500274658203,67.99500274658203,3352000
2021-05-24,58.409873962402344,68.87999725341797,69.3949966430664,68.82499694824219,68.83499908447266,1921000
2021-05-25,57.430450439453125,67.7249984741211,68.98500061035156,67.55999755859375,68.86000061035156,2413800
2021-05-26,58.100364685058594,68.51499938964844,68.91999816894531,67.61000061035156,67.91000366210938,4214800
2021-05-27,57.36686706542969,67.6500015258789,68.7699966430664,67.45999908447266,68.66999816894531,11332800
2021-05-28,57.447410583496094,67.74500274658203,68.44000244140625,67.36000061035156,67.9749984741211,4115200
2021-06-01,57.63396453857422,67.96499633789062,68.2300033569336,67.6449966430664,68.05000305175781,4812800
2021-06-02,57.59580993652344,67.91999816894531,68.2249984741211,67.45999908447266,68.04000091552734,5493000
2021-06-03,58.091880798339844,68.50499725341797,68.69999694824219,67.42500305175781,67.42500305175781,3373800
2021-06-04,57.84171676635742,68.20999908447266,68.88500213623047,67.94499969482422,68.68000030517578,3572200
2021-06-07,57.7060546875,68.05000305175781,68.5199966430664,67.98500061035156,68.37999725341797,2966200
2021-06-08,57.426204681396484,67.72000122070312,68.30500030517578,67.24500274658203,68.30500030517578,3749800
2021-06-09,59.12220001220703,69.72000122070312,69.98500061035156,67.90499877929688,68.19999694824219,4222400
2021-06-10,59.228206634521484,69.84500122070312,70.37000274658203,69.4749984741211,69.72000122070312,2978400
2021-06-11,60.30938720703125,71.12000274658203,71.29000091552734,69.7249984741211,70.0199966430664,5048400
2021-06-14,60.737640380859375,71.625,71.83000183105469,70.83499908447266,71.46499633789062,5340000
2021-06-15,61.08106994628906,72.02999877929688,72.46499633789062,71.41999816894531,71.65499877929688,2812000
2021-06-16,59.851470947265625,70.58000183105469,72.375,70.44000244140625,72.15499877929688,3367000
2021-06-17,59.60554885864258,70.29000091552734,71.04000091552734,70.12000274658203,70.58499908447266,2622000
2021-06-18,58.41411590576172,68.88500213623047,69.88500213623047,68.86000061035156,69.66500091552734,6455400
2021-06-21,58.706687927246094,69.2300033569336,69.87999725341797,68.5,69.23500061035156,3483400
2021-06-22,58.06644058227539,68.4749984741211,69.1449966430664,68.38999938964844,68.97000122070312,2969800
2021-06-23,57.47707748413086,67.77999877929688,68.375,67.3499984741211,68.375,2351400
2021-06-24,57.47286605834961,67.7750015258789,68.23500061035156,67.56500244140625,67.84500122070312,2117000
2021-06-25,58.286930084228516,68.73500061035156,68.78500366210938,67.6050033569336,67.62000274658203,3090600
2021-06-28,58.20637130737305,68.63999938964844,69.1050033569336,68.3550033569336,69.00499725341797,2414600
2021-06-29,56.696922302246094,66.86000061035156,68.33000183105469,66.36000061035156,68.33000183105469,4943400
2021-06-30,56.171173095703125,66.23999786376953,66.84500122070312,65.48999786376953,66.32499694824219,5431400
2021-07-01,56.85380554199219,67.04499816894531,67.33499908447266,65.84500122070312,66.25499725341797,4369000
2021-07-02,57.15059280395508,67.3949966430664,67.5,66.45999908447266,67.1050033569336,3132600
2021-07-06,57.01380920410156,66.68499755859375,66.87000274658203,65.62999725341797,66.61000061035156,2540600
2021-07-07,57.04801940917969,66.7249984741211,66.82499694824219,66.19499969482422,66.59500122070312,2035000
2021-07-08,56.39822769165039,65.96499633789062,66.6500015258789,65.83999633789062,66.18000030517578,2640000
2021-07-09,56.795799255371094,66.43000030517578,66.57499694824219,65.65499877929688,66.13999938964844,3072600
2021-07-12,57.04373550415039,66.72000122070312,66.82499694824219,65.98500061035156,66.25499725341797,1893400
2021-07-13,56.479454040527344,66.05999755859375,66.83999633789062,65.73999786376953,66.66999816894531,1695200
2021-07-14,56.500831604003906,66.08499908447266,66.53500366210938,65.82499694824219,66.20999908447266,3171000
2021-07-15,56.66754913330078,66.27999877929688,66.30999755859375,65.6050033569336,65.7300033569336,3270000
2021-07-16,57.368629455566406,67.0999984741211,67.38500213623047,66.16500091552734,66.43499755859375,3445600
2021-07-19,55.496238708496094,64.91000366210938,67.04000091552734,64.22000122070312,66.76499938964844,3934800
2021-07-20,56.39396667480469,65.95999908447266,66.1050033569336,64.91000366210938,64.91000366210938,2782200
2021-07-21,55.70142364501953,65.1500015258789,66.66000366210938,65.04499816894531,66.19499969482422,2128800
2021-07-22,55.19698715209961,64.55999755859375,65.375,64.51499938964844,65.0999984741211,1645200
2021-07-23,55.880977630615234,65.36000061035156,65.48999786376953,64.66999816894531,64.7249984741211,1372200
2021-07-26,55.8724250793457,65.3499984741211,65.6500015258789,65.06500244140625,65.3550033569336,1604000
2021-07-27,56.69747543334961,66.31500244140625,66.41999816894531,64.88500213623047,65.3499984741211,2447000
2021-07-28,56.7615966796875,66.38999938964844,66.55000305175781,65.4800033569336,66.3499984741211,2063600
2021-07-29,56.61198043823242,66.21499633789062,66.71499633789062,65.91500091552734,66.71499633789062,1564200
2021-07-30,55.85103988647461,65.32499694824219,66.61499786376953,65.08499908447266,66.05500030517578,2268000
2021-08-02,56.107547760009766,65.625,66.3499984741211,65.3550033569336,65.5250015258789,1667400
2021-08-03,56.41960906982422,65.98999786376953,66.21499633789062,65.5250015258789,65.875,1478600
2021-08-04,55.940826416015625,65.43000030517578,65.5250015258789,64.55000305175781,65.46499633789062,1996200
2021-08-05,56.829994201660156,66.47000122070312,66.48999786376953,65.20500183105469,65.25499725341797,1902000
2021-08-06,56.5692253112793,66.16500091552734,66.75,66.07499694824219,66.61000061035156,1422200
2021-08-09,56.11181640625,65.62999725341797,66.27999877929688,65.19499969482422,66.1449966430664,1651600
2021-08-10,56.32128143310547,65.875,66.08000183105469,65.375,65.54499816894531,1297200
2021-08-11,56.428157806396484,66.0,66.30500030517578,65.7699966430664,66.0,2002400
2021-08-12,56.607696533203125,66.20999908447266,66.41000366210938,65.76000213623047,65.875,1214400
2021-08-13,57.18480682373047,66.88500213623047,66.92500305175781,66.125,66.41000366210938,1416600
2021-08-16,57.09931564331055,66.78500366210938,67.7750015258789,66.61499786376953,67.0199966430664,2261800
2021-08-17,57.23610305786133,66.94499969482422,67.01499938964844,66.11499786376953,66.41999816894531,1472400
2021-08-18,56.680381774902344,66.29499816894531,66.91500091552734,66.04000091552734,66.91500091552734,1546400
2021-08-19,56.41533279418945,65.98500061035156,67.08499908447266,65.9000015258789,66.28500366210938,2050800
2021-08-20,57.00953674316406,66.68000030517578,66.82499694824219,65.37000274658203,65.78500366210938,4974000
2021-08-23,56.381141662597656,65.94499969482422,66.98999786376953,65.83000183105469,66.98999786376953,2415200
2021-08-24,55.987857818603516,65.48500061035156,66.1050033569336,65.2300033569336,66.02999877929688,3256000
2021-08-25,56.25288391113281,65.79499816894531,65.91500091552734,65.16500091552734,65.42500305175781,1727600
2021-08-26,56.33837127685547,65.8949966430664,66.24500274658203,65.5,65.66000366210938,2096800
2021-08-27,56.36831283569336,65.93000030517578,66.2750015258789,65.72000122070312,66.02999877929688,2097800
2021-08-30,56.346927642822266,65.90499877929688,66.25,65.83999633789062,66.20999908447266,1195200
2021-08-31,56.582054138183594,66.18000030517578,66.5999984741211,65.68000030517578,65.96499633789062,3472000
2021-09-01,57.11213302612305,66.80000305175781,67.16000366210938,66.26000213623047,66.4749984741211,2399600
2021-09-02,57.56098937988281,67.32499694824219,67.54000091552734,66.90499877929688,66.94999694824219,2766200
2021-09-03,57.03091049194336,66.70500183105469,67.23500061035156,66.66999816894531,67.23500061035156,1281600
2021-09-07,56.51793670654297,66.1050033569336,66.94999694824219,66.0999984741211,66.51000213623047,1982600
2021-09-08,57.28313446044922,67.0,67.48999786376953,66.0,66.125,1881200
2021-09-09,57.2019157409668,66.90499877929688,67.27999877929688,66.7699966430664,66.91999816894531,1780600
2021-09-10,56.637630462646484,66.24500274658203,66.91500091552734,66.21499633789062,66.88500213623047,2085000
2021-09-13,57.28313446044922,67.0,67.69499969482422,66.73500061035156,66.95999908447266,2490200
2021-09-14,57.21044921875,66.91500091552734,67.55500030517578,66.63500213623047,67.25,2562000
2021-09-15,58.46299362182617,68.37999725341797,68.40499877929688,66.57499694824219,67.26499938964844,3930600
2021-09-16,57.76190948486328,67.55999755859375,68.80500030517578,67.2750015258789,68.33999633789062,2627600
2021-09-17,57.018089294433594,66.69000244140625,68.41000366210938,66.625,67.55999755859375,6363600
2021-09-20,56.01349639892578,65.51499938964844,66.63999938964844,64.74500274658203,66.09500122070312,3241400
2021-09-21,55.774105072021484,65.23500061035156,66.26000213623047,65.21499633789062,65.8949966430664,2008000
2021-09-22,55.93227005004883,65.41999816894531,66.05999755859375,65.30999755859375,65.62000274658203,1842400
2021-09-23,55.62619400024414,64.51499938964844,65.4800033569336,64.38500213623047,64.87000274658203,2096600
2021-09-24,55.945220947265625,64.88500213623047,65.22000122070312,64.53500366210938,64.53500366210938,1714600
2021-09-27,55.55720520019531,64.43499755859375,65.83999633789062,64.29000091552734,65.01499938964844,2019600
2021-09-28,53.29387664794922,61.810001373291016,64.37000274658203,61.775001525878906,64.26000213623047,4786600
2021-09-29,54.949344635009766,63.72999954223633,64.05999755859375,61.79499816894531,61.93000030517578,4334600
2021-09-30,54.53547668457031,63.25,64.40499877929688,63.22999954223633,64.12999725341797,2997800
2021-10-01,54.13886260986328,62.790000915527344,64.09500122070312,62.68000030517578,63.790000915527344,2334400
2021-10-04,54.544097900390625,63.2599983215332,63.560001373291016,62.46500015258789,62.5,2469400
2021-10-05,54.59583282470703,63.31999969482422,63.7599983215332,63.04499816894531,63.314998626708984,2552400
2021-10-06,55.082977294921875,63.8849983215332,63.97999954223633,62.435001373291016,62.86000061035156,3695600
2021-10-07,54.14316177368164,62.79499816894531,64.4000015258789,62.5,64.19499969482422,4342200
2021-10-08,53.72499084472656,62.310001373291016,63.244998931884766,62.04499816894531,62.88999938964844,2392800
2021-10-11,53.08262634277344,61.564998626708984,62.439998626708984,61.54499816894531,62.28499984741211,2083600
2021-10-12,53.63445281982422,62.20500183105469,62.38999938964844,61.55500030517578,61.84000015258789,3887800
2021-10-13,54.68635940551758,63.42499923706055,63.529998779296875,61.380001068115234,61.4900016784668,3511400
2021-10-14,55.208011627197266,64.02999877929688,64.18000030517578,63.5,63.755001068115234,2629400
2021-10-15,55.35889434814453,64.20500183105469,64.87000274658203,63.904998779296875,64.17500305175781,2484000
2021-10-18,54.932106018066406,63.709999084472656,64.30999755859375,63.310001373291016,63.8650016784668,2787400
2021-10-19,55.80294418334961,64.72000122070312,64.83499908447266,64.0999984741211,64.18499755859375,1810600
2021-10-20,56.59618377685547,65.63999938964844,65.86499786376953,64.94499969482422,65.02999877929688,1970800
2021-10-21,56.15644454956055,65.12999725341797,65.80500030517578,65.07499694824219,65.6449966430664,1662800
2021-10-22,56.54875946044922,65.58499908447266,65.69499969482422,65.15499877929688,65.30999755859375,1112400
2021-10-25,56.199562072753906,65.18000030517578,65.80500030517578,65.0,65.6050033569336,1519600
2021-10-26,56.665157318115234,65.72000122070312,66.33499908447266,65.40499877929688,65.56500244140625,1491600
2021-10-27,55.98832321166992,64.93499755859375,66.06500244140625,64.84500122070312,65.75,1519800
2021-10-28,55.92365264892578,64.86000061035156,65.46499633789062,64.58999633789062,64.92500305175781,1934800
2021-10-29,55.022621154785156,63.814998626708984,64.9800033569336,63.44499969482422,64.78500366210938,3132200
2021-11-01,55.565834045410156,64.44499969482422,64.62000274658203,63.814998626708984,63.94499969482422,2034800
2021-11-02,55.19508361816406,64.01499938964844,64.62999725341797,63.529998779296875,64.62999725341797,3018800
2021-11-03,55.259735107421875,64.08999633789062,64.43499755859375,63.435001373291016,63.85499954223633,3198200
2021-11-04,54.901920318603516,63.67499923706055,64.28500366210938,63.20500183105469,64.08999633789062,4234600
2021-11-05,54.901920318603516,63.67499923706055,64.88500213623047,63.220001220703125,63.43000030517578,3763600
2021-11-08,54.13886260986328,62.790000915527344,63.95500183105469,62.525001525878906,63.93000030517578,2821000
2021-11-09,53.91468048095703,62.529998779296875,62.85499954223633,62.189998626708984,62.65999984741211,3098000
2021-11-10,53.72067642211914,62.30500030517578,63.11000061035156,62.03499984741211,62.68000030517578,2421600
2021-11-11,52.423038482666016,60.79999923706055,62.345001220703125,60.6349983215332,62.03499984741211,3082600
2021-11-12,52.63859176635742,61.04999923706055,61.095001220703125,60.70500183105469,60.79999923706055,1911200
2021-11-15,53.69912338256836,62.279998779296875,62.4900016784668,61.185001373291016,61.46500015258789,3092000
2021-11-16,54.31991958618164,63.0,64.18000030517578,62.279998779296875,62.46500015258789,6631200
2021-11-17,53.5611686706543,62.119998931884766,62.78499984741211,62.025001525878906,62.709999084472656,2640200
2021-11-18,52.91450500488281,61.369998931884766,62.619998931884766,61.29999923706055,62.119998931884766,2846800
2021-11-19,52.923126220703125,61.380001068115234,61.689998626708984,60.94499969482422,61.67499923706055,3648400
2021-11-22,53.86725616455078,62.474998474121094,62.779998779296875,61.314998626708984,61.35499954223633,3549000
2021-11-23,54.026771545410156,62.65999984741211,63.369998931884766,62.334999084472656,62.71500015258789,3455200
2021-11-24,54.11729049682617,62.76499938964844,63.244998931884766,62.47999954223633,62.57500076293945,2537200
2021-11-26,52.4575309753418,60.84000015258789,62.03499984741211,60.73500061035156,61.92499923706055,2265600
2021-11-29,53.54392623901367,62.099998474121094,62.654998779296875,61.224998474121094,61.55500030517578,4434600
2021-11-30,51.67721939086914,59.935001373291016,61.66999816894531,59.845001220703125,61.505001068115234,5752000
2021-12-01,51.58667755126953,59.83000183105469,61.78499984741211,59.779998779296875,60.53499984741211,3417400
2021-12-02,52.763607025146484,61.19499969482422,61.67499923706055,59.849998474121094,59.90999984741211,3246000
2021-12-03,53.34992599487305,61.875,61.935001373291016,60.79499816894531,61.64500045776367,3204800
2021-12-06,54.087127685546875,62.72999954223633,63.63999938964844,62.154998779296875,62.53499984741211,3083400
2021-12-07,54.71223068237305,63.45500183105469,63.75,62.505001068115234,62.91999816894531,3152600
2021-12-08,54.37166213989258,63.060001373291016,63.75,62.869998931884766,63.29499816894531,2822600
2021-12-09,54.40614700317383,63.099998474121094,63.625,62.290000915527344,63.11000061035156,3397600
2021-12-10,54.66048812866211,63.39500045776367,63.73500061035156,63.04999923706055,63.724998474121094,2614600
2021-12-13,54.4449462890625,63.14500045776367,63.54999923706055,62.869998931884766,63.1349983215332,3414000
2021-12-14,54.38459396362305,63.07500076293945,63.79999923706055,62.974998474121094,63.20000076293945,3625200
2021-12-15,55.048492431640625,63.845001220703125,63.974998474121094,62.82500076293945,63.11000061035156,2844600
2021-12-16,55.43649673461914,64.29499816894531,65.06500244140625,63.90999984741211,64.0,4772400
2021-12-17,54.694984436035156,63.435001373291016,64.31500244140625,63.1349983215332,64.01000213623047,6197800
2021-12-20,54.9881477355957,63.775001525878906,63.970001220703125,62.220001220703125,62.76499938964844,2772000
2021-12-21,55.40201187133789,64.25499725341797,65.07499694824219,64.16000366210938,64.29000091552734,3165800
2021-12-22,56.162960052490234,64.58000183105469,64.93499755859375,64.0,64.00499725341797,3268800
2021-12-23,56.27167510986328,64.70500183105469,65.16999816894531,64.33000183105469,64.44499969482422,2648200
2021-12-27,56.59779739379883,65.08000183105469,65.17500305175781,64.6050033569336,64.98999786376953,1468400
2021-12-28,56.871734619140625,65.3949966430664,65.55500030517578,64.99500274658203,65.11000061035156,1235000
2021-12-29,57.158729553222656,65.7249984741211,65.7750015258789,65.08000183105469,65.3499984741211,2889000
2021-12-30,57.297874450683594,65.88500213623047,66.1050033569336,65.5199966430664,65.80000305175781,1466600
2021-12-31,57.5196418762207,66.13999938964844,66.42500305175781,65.54499816894531,65.70500183105469,1461400
2022-01-03,57.39354705810547,65.99500274658203,66.25,65.46499633789062,66.25,2070600
2022-01-04,58.42844772338867,67.18499755859375,67.80000305175781,66.25,66.25,5013800
2022-01-05,58.78500747680664,67.59500122070312,68.44499969482422,67.29499816894531,67.31999969482422,4007600
2022-01-06,59.206790924072266,68.08000183105469,68.58499908447266,67.41500091552734,67.86499786376953,3353200
2022-01-07,60.09821319580078,69.1050033569336,69.71499633789062,67.44999694824219,68.08000183105469,3569200
2022-01-10,59.876441955566406,68.8499984741211,69.44999694824219,68.5,69.25,3206400
2022-01-11,59.06765365600586,67.91999816894531,68.94000244140625,67.4800033569336,68.68000030517578,2818400
2022-01-12,59.23289108276367,68.11000061035156,68.28500366210938,67.65499877929688,67.875,2253400
2022-01-13,59.5198860168457,68.44000244140625,68.58000183105469,67.9800033569336,67.9800033569336,3179000
2022-01-14,59.98948287963867,68.9800033569336,69.16000366210938,67.68499755859375,68.20999908447266,3054400
2022-01-18,59.015472412109375,67.86000061035156,68.94999694824219,67.63999938964844,68.53500366210938,4367400
2022-01-19,59.0806999206543,67.93499755859375,68.94999694824219,67.8499984741211,68.01000213623047,3066400
2022-01-20,58.65020751953125,67.44000244140625,68.55000305175781,67.33499908447266,67.9800033569336,2765600
2022-01-21,58.658897399902344,67.44999694824219,68.44999694824219,67.28500366210938,67.80500030517578,3519400
2022-01-24,57.245697021484375,65.82499694824219,67.4000015258789,64.97000122070312,67.16000366210938,6652000
2022-01-25,58.232765197753906,66.95999908447266,67.37000274658203,64.84500122070312,65.47000122070312,3945200
2022-01-26,58.54585266113281,67.31999969482422,68.18499755859375,66.58999633789062,67.01000213623047,3691800
2022-01-27,59.11982727050781,67.9800033569336,68.72000122070312,67.43499755859375,68.18499755859375,3697000
2022-01-28,59.511173248291016,68.43000030517578,68.48999786376953,67.05999755859375,67.75,3558400
2022-01-31,60.07645797729492,69.08000183105469,69.1449966430664,67.74500274658203,67.87999725341797,8547800
2022-02-01,59.18939208984375,68.05999755859375,69.375,67.8949966430664,68.8949966430664,4408400
2022-02-02,60.09385299682617,69.0999984741211,69.30999755859375,67.87999725341797,68.11499786376953,3493000
2022-02-03,59.580745697021484,68.51000213623047,69.1449966430664,68.3949966430664,69.02999877929688,2315600
2022-02-04,59.25462341308594,68.13500213623047,68.93000030517578,67.83000183105469,68.0,3055400
2022-02-07,59.57205581665039,68.5,68.8550033569336,68.0250015258789,68.16999816894531,1837000
2022-02-08,59.967750549316406,68.95500183105469,69.2750015258789,68.6050033569336,68.9000015258789,2073800
2022-02-09,59.89817810058594,68.875,69.5,68.37999725341797,69.3499984741211,2367600
2022-02-10,58.94588851928711,67.77999877929688,69.08999633789062,67.58499908447266,68.44999694824219,2959600
2022-02-11,59.1285285949707,67.98999786376953,68.55500030517578,67.66000366210938,68.20999908447266,2209800
2022-02-14,58.7589225769043,67.56500244140625,68.30500030517578,66.83999633789062,68.22000122070312,2922600
2022-02-15,58.52846145629883,67.30000305175781,68.24500274658203,66.97000122070312,67.93000030517578,1778400
2022-02-16,58.802406311035156,67.61499786376953,67.94000244140625,67.15499877929688,67.41000366210938,1888000
2022-02-17,58.8719596862793,67.69499969482422,67.93000030517578,66.94000244140625,67.4800033569336,2066200
2022-02-18,58.92414474487305,67.75499725341797,68.1500015258789,67.25499725341797,67.4800033569336,2740400
2022-02-22,58.92414474487305,67.75499725341797,68.3499984741211,67.16000366210938,68.3499984741211,2464000
2022-02-23,58.111019134521484,66.81999969482422,68.2300033569336,66.79000091552734,67.93000030517578,2570200
2022-02-24,58.36756896972656,67.11499786376953,67.33000183105469,65.50499725341797,66.44999694824219,4065000
2022-02-25,61.502716064453125,70.72000122070312,70.9749984741211,68.08499908447266,68.45500183105469,4331200
2022-02-28,62.711544036865234,72.11000061035156,72.8499984741211,70.41999816894531,71.20999908447266,6548600
2022-03-01,63.12461853027344,72.58499908447266,73.125,71.61499786376953,72.125,4549400
2022-03-02,64.51609802246094,74.18499755859375,74.62000274658203,72.58999633789062,72.7699966430664,5519000
2022-03-03,65.05528259277344,74.80500030517578,75.2300033569336,74.08499908447266,74.18499755859375,4623400
2022-03-04,66.05973815917969,75.95999908447266,75.99500274658203,74.375,74.54000091552734,3750600
2022-03-07,66.45979309082031,76.41999816894531,76.6449966430664,74.91999816894531,75.61499786376953,4574800
2022-03-08,66.6989517211914,76.69499969482422,77.61499786376953,76.03500366210938,77.05999755859375,3898200
2022-03-09,66.2249984741211,76.1500015258789,77.375,76.05500030517578,77.05500030517578,3227600
2022-03-10,67.52079772949219,77.63999938964844,77.68499755859375,75.8949966430664,76.37999725341797,3200200
2022-03-11,67.0555191040039,77.1050033569336,78.53500366210938,76.95999908447266,77.59500122070312,3354400
2022-03-14,66.95116424560547,76.98500061035156,77.9749984741211,75.9749984741211,77.96499633789062,4725400
2022-03-15,67.40337371826172,77.50499725341797,78.57499694824219,76.83999633789062,78.23500061035156,3616400
2022-03-16,67.12509155273438,77.18499755859375,77.73999786376953,76.29000091552734,77.5,3356000
2022-03-17,67.75994873046875,77.91500091552734,78.16500091552734,76.91000366210938,77.34500122070312,4446000
2022-03-18,67.95997619628906,78.1449966430664,78.48999786376953,77.40499877929688,77.79499816894531,8650000
2022-03-21,69.2470703125,79.625,79.75,78.38500213623047,78.48999786376953,4407800
2022-03-22,68.76004028320312,79.06500244140625,79.51499938964844,78.48500061035156,79.26499938964844,6813600
2022-03-23,69.32099151611328,79.70999908447266,80.1500015258789,78.57499694824219,78.91999816894531,5044800
2022-03-24,69.57721710205078,79.43000030517578,79.55500030517578,78.7300033569336,78.88500213623047,2620200
2022-03-25,71.15392303466797,81.2300033569336,81.28500366210938,79.43499755859375,79.47000122070312,2851800
2022-03-28,71.4429931640625,81.55999755859375,81.55999755859375,80.44000244140625,80.92500305175781,2952600
2022-03-29,72.24012756347656,82.47000122070312,82.48999786376953,80.95500183105469,81.58000183105469,3611800
2022-03-30,73.41390991210938,83.80999755859375,83.94999694824219,82.5,82.6050033569336,3128000
2022-03-31,73.63289642333984,84.05999755859375,84.7750015258789,83.2750015258789,83.5,3501800
2022-04-01,74.60521697998047,85.16999816894531,85.29499816894531,83.43499755859375,83.76000213623047,2098200
2022-04-04,73.03723907470703,83.37999725341797,84.80000305175781,82.65499877929688,84.80000305175781,3161200
2022-04-05,72.27952575683594,82.51499938964844,84.93000030517578,82.1050033569336,83.4800033569336,5232400
2022-04-06,73.72486114501953,84.16500091552734,84.28500366210938,82.55999755859375,82.94999694824219,4225200
2022-04-07,73.60223388671875,84.0250015258789,84.23500061035156,82.91999816894531,84.11499786376953,3385600
2022-04-08,74.36430358886719,84.8949966430664,85.38500213623047,84.11000061035156,84.2750015258789,2471200
2022-04-11,73.68982696533203,84.125,85.2699966430664,83.88999938964844,85.00499725341797,2410200
2022-04-12,74.29425048828125,84.81500244140625,85.0999984741211,83.71499633789062,83.83999633789062,2533000
2022-04-13,74.64025115966797,85.20999908447266,85.51499938964844,84.08499908447266,85.51499938964844,2346600
2022-04-14,75.0037612915039,85.625,86.19000244140625,85.375,85.625,2196800
2022-04-18,74.94682312011719,85.55999755859375,86.41999816894531,85.27999877929688,85.96499633789062,2375000
2022-04-19,74.57453918457031,85.13500213623047,86.11000061035156,85.05000305175781,85.84500122070312,3440600
2022-04-20,75.62569427490234,86.33499908447266,86.63999938964844,85.49500274658203,85.98500061035156,1918000
2022-04-21,74.64462280273438,85.21499633789062,86.58000183105469,85.16999816894531,86.12000274658203,2462800
2022-04-22,73.6854476928711,84.12000274658203,85.26499938964844,84.1050033569336,85.25,3278800
2022-04-25,72.43284606933594,82.69000244140625,84.28500366210938,81.75499725341797,84.28500366210938,6193400
2022-04-26,72.02113342285156,82.22000122070312,83.75499725341797,82.1449966430664,82.88500213623047,2591600
2022-04-27,71.69264221191406,81.84500122070312,82.86000061035156,81.18000030517578,82.30000305175781,2980800
2022-04-28,72.48538208007812,82.75,83.2300033569336,81.75,82.18499755859375,2790200
2022-04-29,70.67214965820312,80.68000030517578,82.38999938964844,80.5250015258789,82.38500213623047,3442400
2022-05-02,69.92761993408203,79.83000183105469,81.3949966430664,79.12999725341797,80.94999694824219,2912200
2022-05-03,70.37872314453125,80.34500122070312,81.46499633789062,79.8499984741211,80.4749984741211,3297000
2022-05-04,72.05177307128906,82.25499725341797,82.4000015258789,80.71499633789062,81.19999694824219,3010200
2022-05-05,70.56705474853516,80.55999755859375,82.05000305175781,79.97000122070312,80.625,3174800
2022-05-06,72.22260284423828,82.44999694824219,82.83499908447266,80.01499938964844,80.01499938964844,3290600
2022-05-09,70.96560668945312,81.01499938964844,82.36000061035156,80.7249984741211,81.875,3016600
2022-05-10,69.43704986572266,79.2699966430664,82.08000183105469,78.48999786376953,81.33000183105469,2907400
2022-05-11,69.55970001220703,79.41000366210938,81.19999694824219,79.13999938964844,79.54499816894531,4267600
2022-05-12,69.18304443359375,78.9800033569336,79.82499694824219,77.86499786376953,79.4749984741211,3724000
2022-05-13,70.540771484375,80.52999877929688,80.79499816894531,78.97000122070312,79.79000091552734,2483800
2022-05-16,70.73786163330078,80.75499725341797,81.19999694824219,80.01000213623047,80.91999816894531,2336400
2022-05-17,71.76273345947266,81.92500305175781,81.95500183105469,80.125,81.09500122070312,2425000
2022-05-18,71.29408264160156,81.38999938964844,82.6500015258789,81.16000366210938,82.17500305175781,2965000
2022-05-19,70.90428924560547,80.94499969482422,81.58000183105469,79.80000305175781,81.20999908447266,2242000
2022-05-20,70.12468719482422,80.05500030517578,81.43000030517578,79.53500366210938,81.37999725341797,3136600
2022-05-23,71.7364501953125,81.8949966430664,82.13500213623047,80.63500213623047,81.19499969482422,2366400
2022-05-24,72.75255584716797,83.05500030517578,83.36499786376953,81.48999786376953,81.91000366210938,3359400
2022-05-25,73.02849578857422,83.37000274658203,83.74500274658203,82.69999694824219,83.45999908447266,2660000
2022-05-26,72.2007064819336,82.42500305175781,84.02999877929688,82.2750015258789,83.7300033569336,2524800
2022-05-27,72.98905944824219,83.32499694824219,83.55500030517578,82.12999725341797,82.38999938964844,2855200
2022-05-31,71.76710510253906,81.93000030517578,82.91999816894531,81.7249984741211,82.91999816894531,5768200
2022-06-01,71.61819458007812,81.76000213623047,82.2699966430664,81.21499633789062,82.2699966430664,2481400
2022-06-02,71.35102844238281,81.45500183105469,82.08000183105469,79.95999908447266,82.08000183105469,2462200
2022-06-03,70.18600463867188,80.125,81.4000015258789,80.0,81.20999908447266,2547000
2022-06-06,70.58895111083984,80.58499908447266,81.05000305175781,80.19499969482422,80.38500213623047,1714400
2022-06-07,71.69702911376953,81.8499984741211,81.8949966430664,79.94000244140625,80.41500091552734,2638600
2022-06-08,69.83563995361328,79.7249984741211,81.48999786376953,79.44000244140625,81.48999786376953,2475200
2022-06-09,67.95669555664062,77.58000183105469,79.62999725341797,77.3550033569336,79.62999725341797,3615600
2022-06-10,67.73770141601562,77.33000183105469,78.01499938964844,76.51000213623047,76.92500305175781,3084400
2022-06-13,64.45287322998047,73.58000183105469,76.31500244140625,73.47000122070312,76.30999755859375,3838200
2022-06-14,63.42799758911133,72.41000366210938,74.2249984741211,71.1500015258789,74.2249984741211,3503600
2022-06-15,63.392967224121094,72.37000274658203,73.44499969482422,71.46499633789062,73.01499938964844,2810000
2022-06-16,62.1754035949707,70.9800033569336,71.3949966430664,70.11000061035156,71.2750015258789,3633600
2022-06-17,61.09358215332031,69.74500274658203,71.31500244140625,68.40499877929688,71.04499816894531,11800800
2022-06-21,62.55204391479492,71.41000366210938,71.90499877929688,70.29000091552734,70.63999938964844,2970800
2022-06-22,62.82358932495117,71.72000122070312,72.40499877929688,70.76000213623047,70.76000213623047,3182600
2022-06-23,64.09810638427734,73.17500305175781,73.20500183105469,71.80000305175781,72.08499908447266,3255600
2022-06-24,65.45146942138672,74.72000122070312,74.95999908447266,73.38999938964844,73.57499694824219,4457800
2022-06-27,65.99017333984375,75.33499908447266,75.66500091552734,74.29499816894531,74.63999938964844,2290400
2022-06-28,66.2266845703125,75.6050033569336,76.86000061035156,75.4749984741211,75.87999725341797,3157400
2022-06-29,65.8324966430664,75.15499877929688,76.08999633789062,74.5,75.8949966430664,2303200
2022-06-30,65.81497955322266,75.13500213623047,75.79000091552734,74.44499969482422,74.5250015258789,4120200
2022-07-01,67.25592803955078,76.77999877929688,77.00499725341797,74.95500183105469,75.5,3277200
2022-07-05,64.37841033935547,73.49500274658203,76.5199966430664,72.80999755859375,76.36499786376953,3323800
2022-07-06,65.09130096435547,73.7300033569336,74.69499969482422,72.99500274658203,73.75,3164000
2022-07-07,65.18841552734375,73.83999633789062,74.58000183105469,73.66000366210938,74.1050033569336,1990600
2022-07-08,65.0074234008789,73.63500213623047,74.07499694824219,73.13999938964844,73.86499786376953,3111600
2022-07-11,65.56362915039062,74.26499938964844,74.38999938964844,73.11499786376953,73.5250015258789,1410600
2022-07-12,64.82203674316406,73.42500305175781,74.57499694824219,73.1449966430664,73.62000274658203,2398400
2022-07-13,64.7690658569336,73.36499786376953,74.2300033569336,72.26499938964844,72.68499755859375,2626600
2022-07-14,65.33407592773438,74.00499725341797,74.18499755859375,72.3499984741211,74.0,3484800
2022-07-15,66.7598648071289,75.62000274658203,75.81500244140625,73.36499786376953,74.51000213623047,5307400
2022-07-18,65.92999267578125,74.68000030517578,75.91000366210938,74.62000274658203,75.38500213623047,3367600
2022-07-19,66.91436004638672,75.79499816894531,76.0999984741211,74.8550033569336,75.09500122070312,2443600
2022-07-20,67.43523406982422,76.38500213623047,76.63500213623047,75.07499694824219,75.90499877929688,3849400
2022-07-21,67.75304412841797,76.74500274658203,76.8499984741211,75.52999877929688,76.25499725341797,2650200
2022-07-22,68.08411407470703,77.12000274658203,77.8499984741211,76.6050033569336,77.0250015258789,1705200
2022-07-25,69.86302185058594,79.13500213623047,79.24500274658203,76.78500366210938,76.94000244140625,2823000
2022-07-26,70.48540496826172,79.83999633789062,80.27999877929688,78.96499633789062,78.96499633789062,2572400
2022-07-27,70.60460662841797,79.9749984741211,80.26000213623047,78.80999755859375,79.58000183105469,2275800
2022-07-28,72.20694732666016,81.79000091552734,82.0,80.02999877929688,80.6449966430664,2038000
2022-07-29,73.18688201904297,82.9000015258789,83.1500015258789,81.48999786376953,81.58499908447266,5935200
2022-08-01,72.99707794189453,82.68499755859375,82.98999786376953,81.8550033569336,82.75,2300000
2022-08-02,72.25991821289062,81.8499984741211,83.3949966430664,81.74500274658203,82.94499969482422,2173200
2022-08-03,72.64393615722656,82.28500366210938,82.56500244140625,80.65499877929688,81.72000122070312,2970800
2022-08-04,71.26232147216797,80.72000122070312,82.48500061035156,80.4000015258789,81.5,3449600
2022-08-05,70.53397369384766,79.8949966430664,80.56500244140625,78.86499786376953,80.5,3714000
2022-08-08,71.05043029785156,80.4800033569336,81.00499725341797,79.93499755859375,80.45500183105469,2180200
2022-08-09,71.75228118896484,81.2750015258789,81.6449966430664,80.80999755859375,80.98500061035156,2466800
2022-08-10,72.16279602050781,81.73999786376953,82.11000061035156,81.16999816894531,81.84500122070312,2115000
2022-08-11,72.34378814697266,81.94499969482422,82.45999908447266,81.41000366210938,82.00499725341797,1616400
2022-08-12,73.43849182128906,83.18499755859375,83.2300033569336,82.05500030517578,82.29499816894531,1583200
2022-08-15,73.94612121582031,83.76000213623047,83.9800033569336,82.61000061035156,82.93000030517578,1466000
2022-08-16,74.6214828491211,84.5250015258789,84.57499694824219,83.61000061035156,83.73500061035156,2132000
2022-08-17,74.8598403930664,84.79499816894531,85.11000061035156,84.16999816894531,84.22000122070312,2004800
2022-08-18,75.23505401611328,85.22000122070312,85.83499908447266,84.98500061035156,85.0,1718600
2022-08-19,75.06731414794922,85.02999877929688,85.58000183105469,84.77999877929688,85.23999786376953,1888800
2022-08-22,74.2330551147461,84.08499908447266,84.69000244140625,83.80500030517578,84.4000015258789,1503400
2022-08-23,74.29041290283203,84.1500015258789,84.38999938964844,83.75,84.11499786376953,1929000
2022-08-24,74.3478012084961,84.21499633789062,84.67500305175781,83.76499938964844,84.1500015258789,2042600
2022-08-25,74.4537582397461,84.33499908447266,84.54000091552734,83.88500213623047,84.3550033569336,1787800
2022-08-26,73.51353454589844,83.2699966430664,84.7699966430664,83.12999725341797,84.58999633789062,1807000
2022-08-29,74.28601837158203,84.1449966430664,84.86000061035156,82.34500122070312,82.91500091552734,1733200
2022-08-30,73.30165100097656,83.02999877929688,84.51499938964844,82.80000305175781,84.02999877929688,2652400
2022-08-31,72.82052612304688,82.48500061035156,83.7249984741211,82.44499969482422,82.6500015258789,2818800
2022-09-01,74.16241455078125,84.00499725341797,84.02999877929688,81.91000366210938,82.42500305175781,1969400
2022-09-02,73.62831115722656,83.4000015258789,85.20999908447266,83.16999816894531,84.30000305175781,1562200
2022-09-06,74.08295440673828,83.91500091552734,85.0250015258789,83.5,83.5199966430664,2775400
2022-09-07,76.58137512207031,86.74500274658203,86.8550033569336,84.18499755859375,84.18499755859375,2742600
2022-09-08,76.33859252929688,86.47000122070312,86.91500091552734,85.97000122070312,86.55000305175781,1732800
2022-09-09,76.7005615234375,86.87999725341797,87.44000244140625,86.16999816894531,86.88999938964844,3191600
2022-09-12,77.53482818603516,87.82499694824219,88.23500061035156,86.58499908447266,87.06500244140625,2021600
2022-09-13,75.4072036743164,85.41500091552734,87.46499633789062,84.94999694824219,87.0250015258789,3184800
2022-09-14,76.67406463623047,86.8499984741211,87.68000030517578,85.5250015258789,85.5250015258789,2165400
2022-09-15,75.42927551269531,85.44000244140625,86.6449966430664,85.2249984741211,86.6449966430664,2606000
2022-09-16,74.35222625732422,84.22000122070312,85.31500244140625,84.08000183105469,85.08000183105469,5459200
2022-09-19,76.33418273925781,86.46499633789062,86.51499938964844,83.75,84.04499816894531,2558600
2022-09-20,74.53761291503906,84.43000030517578,86.19499969482422,84.08000183105469,85.73999786376953,2312000
2022-09-21,73.38994598388672,83.12999725341797,86.17500305175781,83.06500244140625,85.36000061035156,2576000
2022-09-22,72.97879028320312,82.09500122070312,82.82499694824219,81.55000305175781,82.66000366210938,2119200
2022-09-23,71.90760040283203,80.88999938964844,81.2699966430664,79.66999816894531,81.2699966430664,3107200
2022-09-26,69.88522338867188,78.61499786376953,80.66500091552734,77.83999633789062,80.56500244140625,3460400
2022-09-27,68.5162353515625,77.07499694824219,79.2699966430664,76.73999786376953,79.2699966430664,3747600
2022-09-28,69.77410125732422,78.48999786376953,78.8949966430664,77.18499755859375,77.98999786376953,2644200
2022-09-29,67.32948303222656,75.73999786376953,78.15499877929688,75.58499908447266,78.04499816894531,1941200
2022-09-30,66.64500427246094,74.97000122070312,76.2699966430664,74.42500305175781,76.15499877929688,4334000
2022-10-03,68.9473876953125,77.55999755859375,78.08000183105469,75.7750015258789,76.51000213623047,3196000
2022-10-04,70.06301879882812,78.81500244140625,79.3949966430664,77.55500030517578,77.98500061035156,2020800
2022-10-05,68.24066162109375,76.76499938964844,78.08499908447266,76.33999633789062,77.67500305175781,3034800
2022-10-06,66.1871566772461,74.45500183105469,76.5,74.33000183105469,76.29000091552734,3246600
2022-10-07,65.3515625,73.51499938964844,74.7249984741211,72.86499786376953,74.45999908447266,2723600
2022-10-10,65.58267974853516,73.7750015258789,74.63999938964844,73.44000244140625,73.79499816894531,2771400
2022-10-11,65.32044982910156,73.4800033569336,74.37999725341797,72.51499938964844,73.25,2940400
2022-10-12,62.53801727294922,70.3499984741211,73.3949966430664,70.29000091552734,73.22000122070312,3386000
2022-10-13,63.573646545410156,71.51499938964844,71.61499786376953,68.2699966430664,69.34500122070312,5405200
2022-10-14,62.89358901977539,70.75,73.20999908447266,70.55999755859375,72.49500274658203,3582400
2022-10-17,64.39148712158203,72.43499755859375,73.12000274658203,71.7699966430664,72.00499725341797,2585800
2022-10-18,64.63150787353516,72.70500183105469,74.20999908447266,72.37000274658203,73.78500366210938,3407400
2022-10-19,63.88923263549805,71.87000274658203,72.33000183105469,71.22000122070312,71.55999755859375,1939800
2022-10-20,62.111324310302734,69.87000274658203,71.62000274658203,69.61499786376953,71.6050033569336,3173200
2022-10-21,63.240291595458984,71.13999938964844,71.7750015258789,69.7300033569336,70.33000183105469,2707200
2022-10-24,64.06700897216797,72.06999969482422,72.5250015258789,71.30999755859375,71.69499969482422,1756600
2022-10-25,64.99152374267578,73.11000061035156,73.31500244140625,71.80500030517578,71.94999694824219,2090200
2022-10-26,65.57379913330078,73.76499938964844,74.0999984741211,72.69000244140625,73.69999694824219,3756600
2022-10-27,66.67166137695312,75.0,75.66999816894531,74.36000061035156,74.50499725341797,2653400
2022-10-28,67.73396301269531,76.19499969482422,76.33499908447266,75.31999969482422,75.40499877929688,1909600
2022-10-31,67.08946228027344,75.47000122070312,76.4800033569336,75.31500244140625,76.01499938964844,2615000
2022-11-01,67.31614685058594,75.7249984741211,76.0,74.66000366210938,75.69999694824219,1865000
2022-11-02,66.91166687011719,75.2699966430664,77.02999877929688,75.09500122070312,75.58499908447266,3005000
2022-11-03,67.83174896240234,76.30500030517578,76.54000091552734,73.55000305175781,74.72000122070312,3761200
2022-11-04,68.8184814453125,77.41500091552734,77.5,76.16999816894531,77.2699966430664,3832000
2022-11-07,66.54277038574219,74.8550033569336,77.45500183105469,74.31999969482422,77.44999694824219,2186600
2022-11-08,67.44059753417969,75.86499786376953,76.3499984741211,74.94000244140625,75.30000305175781,2231800
2022-11-09,66.7027587890625,75.03500366210938,76.30500030517578,74.9000015258789,75.58499908447266,2412000
2022-11-10,69.26295471191406,77.91500091552734,78.00499725341797,76.06500244140625,77.11000061035156,2262000
2022-11-11,68.73847961425781,77.32499694824219,78.16000366210938,76.21499633789062,78.1050033569336,2383000
2022-11-14,69.16517639160156,77.80500030517578,78.8949966430664,77.21499633789062,77.40499877929688,2851200
2022-11-15,69.08516693115234,77.71499633789062,78.79499816894531,76.92500305175781,78.55999755859375,2095200
2022-11-16,69.9652328491211,78.70500183105469,79.5,77.2750015258789,77.5,3145800
2022-11-17,68.48512268066406,77.04000091552734,78.03500366210938,76.11000061035156,77.79499816894531,2420200
2022-11-18,70.15637969970703,78.91999816894531,79.17500305175781,77.9800033569336,78.09500122070312,2899400
2022-11-21,70.5697250366211,79.38500213623047,79.63500213623047,78.84500122070312,78.84500122070312,1562800
2022-11-22,71.26312255859375,80.16500091552734,80.73500061035156,79.6500015258789,79.94999694824219,1535600
2022-11-23,72.44987487792969,81.5,81.61499786376953,79.83000183105469,79.83000183105469,2298600
2022-11-25,72.65434265136719,81.7300033569336,82.16999816894531,81.30000305175781,81.95999908447266,804000
2022-11-28,72.48542785644531,81.54000091552734,81.55500030517578,80.58000183105469,81.05500030517578,2363000
2022-11-29,71.7031478881836,80.66000366210938,81.2249984741211,80.44000244140625,81.19000244140625,1376600
2022-11-30,73.86776733398438,83.09500122070312,83.19499969482422,80.20999908447266,80.55999755859375,4509800
2022-12-01,74.32556915283203,83.61000061035156,84.12000274658203,83.01000213623047,83.5,2922200
2022-12-02,73.7521743774414,82.96499633789062,83.62999725341797,82.625,82.80000305175781,2172800
2022-12-05,72.75655364990234,81.84500122070312,83.06999969482422,81.67500305175781,82.18499755859375,1745000
2022-12-06,73.49439239501953,82.67500305175781,83.16000366210938,81.56500244140625,81.84500122070312,2499800
2022-12-07,72.19207763671875,81.20999908447266,82.76000213623047,81.06999969482422,82.4000015258789,2724200
2022-12-08,72.04983520507812,81.05000305175781,81.38999938964844,80.78500366210938,81.20999908447266,2833400
2022-12-09,71.6275863647461,80.57499694824219,81.62999725341797,80.45500183105469,80.6449966430664,1775800
2022-12-12,73.57438659667969,82.76499938964844,82.81999969482422,80.2699966430664,81.16999816894531,1602200
2022-12-13,73.18770599365234,82.33000183105469,84.125,81.33999633789062,83.99500274658203,2458800
2022-12-14,72.78321838378906,81.875,83.26499938964844,81.42500305175781,82.54499816894531,2132200
2022-12-15,71.96537780761719,80.95500183105469,81.66999816894531,80.23999786376953,81.45500183105469,1886200
2022-12-16,69.92523193359375,78.66000366210938,80.19499969482422,78.09500122070312,79.875,6178200
2022-12-19,69.9074478149414,78.63999938964844,79.36000061035156,77.83000183105469,78.86000061035156,1974800
2022-12-20,69.5740737915039,78.26499938964844,78.93000030517578,77.98999786376953,78.69000244140625,1943000
2022-12-21,70.18080139160156,78.37000274658203,78.56500244140625,77.74500274658203,78.0999984741211,1774200
2022-12-22,70.31511688232422,78.5199966430664,78.58999633789062,76.70999908447266,78.25,2337400
2022-12-23,70.63302612304688,78.875,79.04499816894531,78.08000183105469,78.29000091552734,1274600
2022-12-27,71.12107849121094,79.41999816894531,79.54000091552734,78.52999877929688,79.12000274658203,1042400
2022-12-28,69.99275970458984,78.16000366210938,79.63999938964844,77.875,79.45500183105469,1588200
2022-12-29,69.79574584960938,77.94000244140625,78.52999877929688,77.83499908447266,78.25,1871600
2022-12-30,69.19575500488281,77.2699966430664,78.18499755859375,76.58999633789062,77.875,2145200
2023-01-03,68.82411193847656,76.8550033569336,77.91000366210938,75.2699966430664,77.1500015258789,2655600
2023-01-04,69.41962432861328,77.5199966430664,78.19999694824219,76.78500366210938,77.02999877929688,1683200
2023-01-05,68.27336120605469,76.23999786376953,77.20999908447266,75.49500274658203,76.875,2009600
2023-01-06,69.19575500488281,77.2699966430664,78.18000030517578,77.07499694824219,77.16500091552734,2552000
2023-01-09,70.35543060302734,78.56500244140625,78.87000274658203,77.18499755859375,77.23999786376953,2347400
2023-01-10,70.52555847167969,78.75499725341797,78.87999725341797,77.43000030517578,78.51499938964844,1978000
2023-01-11,72.5628433227539,81.02999877929688,81.36499786376953,78.99500274658203,78.99500274658203,3111200
2023-01-12,72.056884765625,80.46499633789062,81.3499984741211,80.09500122070312,81.20999908447266,2355600
2023-01-13,72.01212310791016,80.41500091552734,80.7249984741211,79.46499633789062,80.12000274658203,2257800
2023-01-17,72.43299102783203,80.88500213623047,81.81999969482422,80.5199966430664,80.6050033569336,2947200
2023-01-18,70.15841674804688,78.34500122070312,81.26499938964844,78.05500030517578,81.26499938964844,2322000
2023-01-19,69.75096130371094,77.88999938964844,78.56999969482422,76.90499877929688,78.24500274658203,3005800
2023-01-20,70.74050903320312,78.99500274658203,79.1050033569336,77.2750015258789,78.23999786376953,2734400
2023-01-23,71.07630920410156,79.37000274658203,80.06500244140625,78.38500213623047,79.0,1606000
2023-01-24,71.24645233154297,79.55999755859375,79.87000274658203,78.37000274658203,78.44000244140625,1675600
2023-01-25,71.18376159667969,79.48999786376953,79.55000305175781,78.50499725341797,78.96499633789062,1325600
2023-01-26,71.8643569946289,80.25,80.25499725341797,79.1050033569336,79.25,1657200
2023-01-27,72.45985412597656,80.91500091552734,81.36000061035156,80.0250015258789,80.24500274658203,2558800
2023-01-30,72.19569396972656,80.62000274658203,81.33000183105469,80.38999938964844,80.46499633789062,3074000
2023-01-31,71.78823852539062,80.16500091552734,80.68000030517578,78.90499877929688,80.62000274658203,3029200
2023-02-01,71.58673858642578,79.94000244140625,80.7249984741211,79.29000091552734,79.77999877929688,2372200
2023-02-02,72.14644622802734,80.56500244140625,81.0,79.0999984741211,80.38999938964844,3881000
2023-02-03,69.8046875,77.94999694824219,80.44000244140625,77.32499694824219,80.03500366210938,2923600
2023-02-06,70.58378601074219,78.81999969482422,78.98999786376953,77.50499725341797,77.66500091552734,1741200
2023-02-07,70.34200286865234,78.55000305175781,78.69999694824219,77.30000305175781,78.0999984741211,1812800
2023-02-08,69.14202117919922,77.20999908447266,78.0,76.69000244140625,77.94499969482422,2115600
2023-02-09,68.39872741699219,76.37999725341797,78.06500244140625,76.30500030517578,77.44499969482422,2825400
2023-02-10,70.35543060302734,78.56500244140625,78.61499786376953,76.42500305175781,76.63999938964844,2186400
2023-02-13,70.6464614868164,78.88999938964844,79.19499969482422,78.54000091552734,78.67500305175781,1423200
2023-02-14,70.23006439208984,78.42500305175781,79.37999725341797,78.20999908447266,78.80000305175781,1792400
2023-02-15,70.9195785522461,79.19499969482422,79.28500366210938,77.86499786376953,78.0250015258789,2077200
2023-02-16,70.50764465332031,78.73500061035156,79.06500244140625,77.53500366210938,78.18499755859375,2145600
2023-02-17,70.96437072753906,79.24500274658203,80.15499877929688,78.30500030517578,78.81500244140625,3693600
2023-02-21,69.58975982666016,77.70999908447266,78.73500061035156,77.58499908447266,78.73500061035156,2260200
2023-02-22,69.47335052490234,77.58000183105469,78.67500305175781,77.05500030517578,77.53500366210938,1969000
2023-02-23,69.6972427368164,77.83000183105469,78.4749984741211,77.18000030517578,77.91999816894531,2038600
2023-02-24,69.52708435058594,77.63999938964844,77.9000015258789,76.54000091552734,77.12000274658203,2154200
2023-02-27,69.34797668457031,77.44000244140625,78.97000122070312,77.05999755859375,77.95500183105469,2385400
2023-02-28,67.14503479003906,74.9800033569336,76.80000305175781,74.25499725341797,76.7300033569336,7263800
2023-03-01,66.20476531982422,73.93000030517578,74.78500366210938,72.91999816894531,74.58999633789062,3853400
2023-03-02,66.5763931274414,74.34500122070312,74.4000015258789,72.81500244140625,73.47000122070312,2635200
2023-03-03,67.56145477294922,75.44499969482422,75.47000122070312,73.57499694824219,74.5999984741211,2268200
2023-03-06,67.63756561279297,75.52999877929688,76.1449966430664,75.2249984741211,75.42500305175781,2136000
2023-03-07,66.4017562866211,74.1500015258789,75.78500366210938,73.7750015258789,75.70999908447266,2504000
2023-03-08,66.5450439453125,74.30999755859375,74.53500366210938,73.69000244140625,74.13500213623047,2184800
2023-03-09,66.0972900390625,73.80999755859375,75.18000030517578,73.58000183105469,74.375,2897800
2023-03-10,64.52569580078125,72.05500030517578,74.49500274658203,71.84500122070312,74.07499694824219,2906400
2023-03-13,64.46300506591797,71.98500061035156,74.54000091552734,71.63999938964844,71.9000015258789,4426000
2023-03-14,65.75253295898438,73.42500305175781,74.4000015258789,72.81999969482422,72.81999969482422,3536800
2023-03-15,65.53312683105469,73.18000030517578,73.76000213623047,72.33999633789062,72.94000244140625,2931800
2023-03-16,66.5763931274414,74.34500122070312,74.3949966430664,72.66999816894531,72.81999969482422,3102400
2023-03-17,65.07643127441406,72.66999816894531,74.00499725341797,72.58999633789062,73.94999694824219,7999600
2023-03-20,66.04803466796875,73.75499725341797,74.01499938964844,72.83499908447266,72.88500213623047,4174600
2023-03-21,65.71851348876953,72.79499816894531,73.7249984741211,71.38500213623047,73.59500122070312,5341000
2023-03-22,64.09801483154297,71.0,72.66000366210938,70.99500274658203,72.29499816894531,3048800
2023-03-23,63.0553092956543,69.84500122070312,71.2249984741211,69.27999877929688,70.7300033569336,3620600
2023-03-24,64.45010375976562,71.38999938964844,71.46499633789062,69.7750015258789,69.9000015258789,2356200
2023-03-27,65.14525604248047,72.16000366210938,72.63500213623047,71.62000274658203,72.125,2164800
2023-03-28,65.65533447265625,72.7249984741211,73.27999877929688,71.87999725341797,72.0199966430664,1447200
2023-03-29,67.009521484375,74.2249984741211,74.48999786376953,73.2699966430664,73.2699966430664,2311200
2023-03-30,67.51055145263672,74.77999877929688,75.44000244140625,74.3499984741211,74.61000061035156,2204200
2023-03-31,68.23279571533203,75.58000183105469,75.59500122070312,74.79000091552734,74.98500061035156,2644400
2023-04-03,67.51959228515625,74.79000091552734,75.70999908447266,74.66999816894531,75.42500305175781,3110000
2023-04-04,67.82653045654297,75.12999725341797,75.37999725341797,74.43499755859375,74.96499633789062,2079200
2023-04-05,69.12654876708984,76.56999969482422,77.08000183105469,75.5,75.5,2694000
2023-04-06,70.11961364746094,77.66999816894531,77.83499908447266,76.91999816894531,76.94999694824219,2375400
2023-04-10,70.0970458984375,77.6449966430664,77.81500244140625,76.81500244140625,77.01000213623047,1415400
2023-04-11,69.85328674316406,77.375,77.65499877929688,76.87000274658203,77.43000030517578,2052200
2023-04-12,69.4921875,76.9749984741211,77.79499816894531,76.63999938964844,77.69000244140625,2138800
2023-04-13,69.8578109741211,77.37999725341797,77.71499633789062,75.87999725341797,76.62999725341797,1961200
2023-04-14,69.07689666748047,76.51499938964844,77.29499816894531,76.30999755859375,76.94000244140625,1878400
2023-04-17,69.95711517333984,77.48999786376953,77.5,76.4000015258789,76.73999786376953,2200800
2023-04-18,70.42656707763672,78.01000213623047,78.15499877929688,77.28500366210938,77.28500366210938,4150800
2023-04-19,71.31582641601562,78.99500274658203,79.51499938964844,78.15499877929688,78.2249984741211,3567000
2023-04-20,70.84184265136719,78.47000122070312,79.43499755859375,78.04000091552734,79.05500030517578,2961400
2023-04-21,70.77867889404297,78.4000015258789,79.05999755859375,77.875,78.99500274658203,1571200
2023-04-24,71.25262451171875,78.92500305175781,78.95500183105469,78.18000030517578,78.625,1491000
2023-04-25,71.31129455566406,78.98999786376953,79.37999725341797,78.69499969482422,78.8550033569336,1236000
2023-04-26,69.66371154785156,77.16500091552734,78.9749984741211,76.75499725341797,78.375,2307000
2023-04-27,70.45816802978516,78.04499816894531,78.1050033569336,77.16500091552734,77.54499816894531,1874400
2023-04-28,70.18731689453125,77.74500274658203,78.22000122070312,77.18000030517578,77.98999786376953,2625800
2023-05-01,70.62518310546875,78.2300033569336,79.29499816894531,77.44999694824219,77.58999633789062,2781000
2023-05-02,69.15363311767578,76.5999984741211,78.4749984741211,76.11499786376953,78.18000030517578,3231400
2023-05-03,68.89183044433594,76.30999755859375,77.33000183105469,76.12999725341797,77.12999725341797,4046000
2023-05-04,69.2845458984375,76.74500274658203,77.54000091552734,76.30000305175781,77.03500366210938,3188200
2023-05-05,69.9300308227539,77.45999908447266,77.84500122070312,76.25,76.5,2587400
2023-05-08,69.93455505371094,77.46499633789062,78.09500122070312,77.2699966430664,77.36000061035156,1858000
2023-05-09,70.2866439819336,77.8550033569336,78.09500122070312,77.13500213623047,77.41500091552734,2908000
2023-05-10,70.23246002197266,77.79499816894531,78.69999694824219,77.26499938964844,78.51499938964844,1907600
2023-05-11,69.28002166748047,76.73999786376953,78.01499938964844,76.28500366210938,77.82499694824219,2311200
2023-05-12,69.19426727294922,76.6449966430664,77.49500274658203,76.30000305175781,77.19999694824219,1779000
2023-05-15,67.94841003417969,75.26499938964844,76.86499786376953,74.95500183105469,76.83499908447266,1882800
2023-05-16,65.67790985107422,72.75,75.21499633789062,72.72000122070312,75.21499633789062,3192400
2023-05-17,66.26922607421875,73.40499877929688,73.44000244140625,72.34500122070312,72.9000015258789,3392000
2023-05-18,66.40464782714844,73.55500030517578,73.7699966430664,72.84500122070312,72.95999908447266,3224800
2023-05-19,65.82234954833984,72.91000366210938,74.4800033569336,72.88999938964844,73.91500091552734,2048000
2023-05-22,65.93971252441406,73.04000091552734,73.5250015258789,72.56999969482422,72.94499969482422,1730800
2023-05-23,66.1292953491211,73.25,73.69999694824219,72.63999938964844,72.9000015258789,1648000
2023-05-24,65.77720642089844,72.86000061035156,73.3499984741211,72.75499725341797,72.88500213623047,2095200
2023-05-25,64.81121826171875,71.79000091552734,72.98999786376953,71.5,72.93000030517578,2064000
2023-05-26,64.93309783935547,71.92500305175781,71.93000030517578,70.94999694824219,71.73999786376953,2874800
2023-05-30,64.8924789428711,71.87999725341797,72.61000061035156,71.4749984741211,71.9800033569336,3289400
2023-05-31,64.78865051269531,71.76499938964844,72.38999938964844,71.0199966430664,72.0250015258789,6058800
2023-06-01,65.08203887939453,72.08999633789062,72.19499969482422,71.4000015258789,72.04499816894531,3820200
2023-06-02,65.25811004638672,72.28500366210938,72.48999786376953,71.26499938964844,71.88999938964844,2500000
2023-06-05,65.45671844482422,72.50499725341797,73.73500061035156,72.21499633789062,72.36000061035156,1641600
2023-06-06,65.48380279541016,72.53500366210938,73.125,71.94000244140625,72.58499908447266,1832400
2023-06-07,66.90119171142578,74.1050033569336,74.30999755859375,72.05500030517578,72.6500015258789,1766000
2023-06-08,67.29840087890625,74.54499816894531,74.76499938964844,73.79499816894531,74.45500183105469,1659000
2023-06-09,66.67095947265625,73.8499984741211,74.7300033569336,73.625,74.69999694824219,2092200
2023-06-12,66.43173217773438,73.58499908447266,74.1449966430664,73.33000183105469,73.99500274658203,1523800
2023-06-13,66.1789321899414,73.30500030517578,73.90499877929688,72.8499984741211,73.04499816894531,1679800
2023-06-14,66.48588562011719,73.6449966430664,74.4000015258789,73.30999755859375,73.37999725341797,1660800
2023-06-15,67.07270050048828,74.29499816894531,74.54000091552734,73.6449966430664,73.94000244140625,1928800
2023-06-16,66.89667510986328,74.0999984741211,74.98999786376953,74.06999969482422,74.58000183105469,4520200
2023-06-20,66.54907989501953,73.71499633789062,74.3499984741211,73.2300033569336,73.87999725341797,1744200
2023-06-21,67.03209686279297,74.25,74.32499694824219,72.80000305175781,73.45999908447266,1384800
2023-06-22,66.13831329345703,73.26000213623047,74.49500274658203,72.96499633789062,74.43000030517578,2126800
2023-06-23,64.88795471191406,71.875,73.81500244140625,71.70500183105469,73.36499786376953,3150800
2023-06-26,65.92616271972656,73.0250015258789,73.19499969482422,71.88999938964844,72.11499786376953,2020200
2023-06-27,66.02547454833984,73.13500213623047,73.2699966430664,72.54499816894531,73.16999816894531,2336000
2023-06-28,65.51089477539062,72.56500244140625,73.16500091552734,72.09500122070312,73.16500091552734,2245400
2023-06-29,65.40254211425781,72.44499969482422,73.1050033569336,72.00499725341797,72.16500091552734,1741200
2023-06-30,65.71851348876953,72.79499816894531,73.08999633789062,72.18499755859375,72.65499877929688,2283400
2023-07-03,66.07351684570312,72.58999633789062,72.95999908447266,71.98500061035156,72.08499908447266,606600
2023-07-05,66.54682922363281,73.11000061035156,73.9000015258789,72.00499725341797,72.25499725341797,2757600
2023-07-06,65.63204956054688,72.1050033569336,72.3550033569336,71.45500183105469,72.3550033569336,4226000
2023-07-07,65.59564971923828,72.06500244140625,72.67500305175781,71.6500015258789,71.79499816894531,2222400
2023-07-10,65.74126434326172,72.2249984741211,72.2750015258789,71.2750015258789,71.91500091552734,2271400
2023-07-11,66.87451171875,73.47000122070312,73.51000213623047,72.31500244140625,72.5,2445800
2023-07-12,67.68917083740234,74.36499786376953,74.48500061035156,73.625,74.01499938964844,2507600
2023-07-13,68.0669174194336,74.77999877929688,74.78500366210938,74.05999755859375,74.41999816894531,2521800
2023-07-14,67.55718994140625,74.22000122070312,74.71499633789062,73.99500274658203,74.61000061035156,1608400
2023-07-17,66.5013198852539,73.05999755859375,74.09500122070312,73.04000091552734,74.04000091552734,1544800
2023-07-18,66.01890563964844,72.52999877929688,73.7300033569336,72.00499725341797,72.94499969482422,1513400
2023-07-19,66.68791961669922,73.26499938964844,73.48999786376953,72.55000305175781,72.55000305175781,2086800
2023-07-20,68.08966827392578,74.80500030517578,75.0,73.44499969482422,73.69999694824219,1616200
2023-07-21,68.75414276123047,75.53500366210938,75.94999694824219,74.83999633789062,75.0,1962800
2023-07-24,68.8360595703125,75.625,75.9800033569336,75.08999633789062,75.5999984741211,1319600
2023-07-25,68.90887451171875,75.70500183105469,75.94499969482422,75.21499633789062,75.58999633789062,1430200
2023-07-26,69.1546401977539,75.9749984741211,76.49500274658203,75.5,75.65499877929688,1206800
2023-07-27,67.97587585449219,74.68000030517578,75.94999694824219,74.29000091552734,75.74500274658203,2021200
2023-07-28,67.94857788085938,74.6500015258789,75.31999969482422,74.13500213623047,75.15499877929688,1740400
2023-07-31,67.82115936279297,74.51000213623047,75.18499755859375,74.18000030517578,75.06999969482422,2419800
2023-08-01,67.01104736328125,73.62000274658203,74.9749984741211,73.61499786376953,74.43499755859375,2057600
2023-08-02,66.84264373779297,73.43499755859375,73.90499877929688,72.94000244140625,73.41500091552734,2098600
2023-08-03,65.22244262695312,71.65499877929688,74.21499633789062,71.19000244140625,74.21499633789062,2996200
2023-08-04,64.59893798828125,70.97000122070312,72.34500122070312,70.68000030517578,71.65499877929688,2693800
2023-08-07,64.80830383300781,71.19999694824219,72.0199966430664,71.16000366210938,71.50499725341797,2619800
2023-08-08,65.22244262695312,71.65499877929688,71.68000030517578,70.44999694824219,71.0,2063800
2023-08-09,65.44090270996094,71.8949966430664,73.38999938964844,71.44000244140625,71.5250015258789,3170800
2023-08-10,65.08136749267578,71.5,72.57499694824219,71.20500183105469,72.08000183105469,1988800
2023-08-11,65.69576263427734,72.17500305175781,72.2249984741211,71.20999908447266,71.48500061035156,2000000
2023-08-14,64.8629150390625,71.26000213623047,72.01499938964844,70.92500305175781,72.01499938964844,2436000
2023-08-15,63.73421859741211,70.0199966430664,71.2249984741211,69.99500274658203,70.87000274658203,2348400
2023-08-16,64.30767822265625,70.6500015258789,70.96499633789062,69.87999725341797,70.0199966430664,2538200
2023-08-17,64.49882507324219,70.86000061035156,72.0250015258789,70.82499694824219,70.9000015258789,2272000
2023-08-18,64.36682891845703,70.71499633789062,71.16999816894531,70.41999816894531,70.57499694824219,2665200
2023-08-21,64.72637176513672,71.11000061035156,71.36499786376953,70.25499725341797,70.72000122070312,2071400
2023-08-22,64.89932250976562,71.30000305175781,71.52999877929688,70.51000213623047,71.23999786376953,2515400
2023-08-23,65.40904998779297,71.86000061035156,71.97000122070312,70.63999938964844,71.79000091552734,2211000
2023-08-24,64.42599487304688,70.77999877929688,72.69999694824219,70.7699966430664,71.73999786376953,1801400
2023-08-25,65.13597106933594,71.55999755859375,72.0199966430664,70.94000244140625,70.98999786376953,1762800
2023-08-28,65.13597106933594,71.55999755859375,72.08000183105469,71.33000183105469,71.66000366210938,1600500
2023-08-29,65.27251434326172,71.70999908447266,72.08999633789062,71.19999694824219,71.73999786376953,1777400
2023-08-30,64.4897232055664,70.8499984741211,71.81999969482422,70.58000183105469,71.51000213623047,1938700
2023-08-31,63.916263580322266,70.22000122070312,71.41000366210938,70.1500015258789,71.0999984741211,3408400
2023-09-01,63.7706298828125,70.05999755859375,70.91000366210938,69.51000213623047,70.7300033569336,1804000
2023-09-05,62.98784255981445,69.19999694824219,70.08000183105469,68.7699966430664,69.91000366210938,2471300
2023-09-06,63.36103057861328,69.61000061035156,69.72000122070312,68.87999725341797,69.36000061035156,2018300
2023-09-07,64.13472747802734,70.45999908447266,71.04000091552734,69.5999984741211,70.0,2167100
2023-09-08,64.85382080078125,71.25,71.55999755859375,70.4000015258789,70.58999633789062,2386700
2023-09-11,64.77188110351562,71.16000366210938,71.81999969482422,71.0199966430664,71.37999725341797,1368300
2023-09-12,64.89022827148438,71.29000091552734,71.6500015258789,70.9000015258789,71.19999694824219,1939200
2023-09-13,65.46366882324219,71.91999816894531,72.38999938964844,71.5199966430664,71.62999725341797,1750000
2023-09-14,66.92913055419922,73.52999877929688,73.58999633789062,72.29000091552734,72.41999816894531,2009500
2023-09-15,66.53773498535156,73.0999984741211,73.86000061035156,73.05000305175781,73.2699966430664,4171400
2023-09-18,66.91093444824219,73.51000213623047,73.66000366210938,72.51000213623047,73.20999908447266,1834500
2023-09-19,66.9200210571289,73.5199966430664,74.12999725341797,73.37999725341797,73.5199966430664,2665900
2023-09-20,66.7470932006836,73.33000183105469,74.5199966430664,73.27999877929688,73.79000091552734,2537200
2023-09-21,65.50006866455078,71.95999908447266,73.55000305175781,71.94000244140625,73.19000244140625,2501100
2023-09-22,65.37262725830078,71.81999969482422,72.3499984741211,71.43000030517578,71.63999938964844,2472000
2023-09-25,65.22701263427734,71.66000366210938,71.72000122070312,70.95999908447266,71.08999633789062,2062400
2023-09-26,63.5335578918457,69.22000122070312,71.05000305175781,69.0,70.61000061035156,3897400
2023-09-27,63.70795822143555,69.41000366210938,70.2699966430664,69.05999755859375,69.2699966430664,3325300
2023-09-28,62.20269012451172,67.7699966430664,69.76000213623047,67.66000366210938,69.68000030517578,2956500
2023-09-29,62.44133758544922,68.02999877929688,68.7300033569336,67.44000244140625,68.43000030517578,3318700
2023-10-02,59.90806198120117,65.2699966430664,67.7699966430664,64.73999786376953,67.48999786376953,4521900
2023-10-03,60.890159606933594,66.33999633789062,66.68000030517578,63.75,64.58000183105469,4235500
2023-10-04,61.027835845947266,66.48999786376953,66.88999938964844,65.2300033569336,66.69999694824219,3304100
2023-10-05,60.80754852294922,66.25,66.69999694824219,65.55999755859375,66.23999786376953,2532200
2023-10-06,61.61526107788086,67.12999725341797,67.47000122070312,64.29000091552734,65.37999725341797,3284400
2023-10-09,62.87272644042969,68.5,68.5199966430664,66.80999755859375,67.12000274658203,2369000
2023-10-10,62.91862106323242,68.55000305175781,68.87999725341797,68.02999877929688,68.5,2961800
2023-10-11,63.579463958740234,69.2699966430664,69.44999694824219,68.26000213623047,68.83000183105469,3241400
2023-10-12,62.83599853515625,68.45999908447266,69.5199966430664,67.83999633789062,69.16000366210938,2902500
2023-10-13,63.78138732910156,69.48999786376953,69.5,68.38999938964844,69.01000213623047,2421300
2023-10-16,65.0847396850586,70.91000366210938,71.16999816894531,69.43000030517578,69.7699966430664,3163600
2023-10-17,64.77267456054688,70.56999969482422,71.22000122070312,70.11000061035156,70.55999755859375,2771400
2023-10-18,64.6349868774414,70.41999816894531,70.80000305175781,69.5199966430664,70.37999725341797,2075700
2023-10-19,63.83646011352539,69.55000305175781,70.63999938964844,69.33000183105469,70.31999969482422,2703300
2023-10-20,62.92778778076172,68.55999755859375,70.12000274658203,68.5199966430664,69.69999694824219,3342200
2023-10-23,62.54228973388672,68.13999938964844,69.30000305175781,67.83000183105469,68.08000183105469,2440700
2023-10-24,64.04757690429688,69.77999877929688,70.01000213623047,68.69000244140625,68.80000305175781,2947000
2023-10-25,64.40552520751953,70.16999816894531,70.47000122070312,69.38999938964844,69.48999786376953,2380400
2023-10-26,64.98377227783203,70.80000305175781,71.58000183105469,70.22000122070312,70.4800033569336,1973100
2023-10-27,63.99249267578125,69.72000122070312,70.76000213623047,69.41999816894531,70.33999633789062,1939400
2023-10-30,63.78138732910156,69.48999786376953,70.77999877929688,69.12999725341797,70.13999938964844,2552200
2023-10-31,64.27703094482422,70.02999877929688,70.11000061035156,69.19999694824219,69.94000244140625,2482300
2023-11-01,64.93787384033203,70.75,71.44000244140625,69.47000122070312,70.37999725341797,2470900
2023-11-02,66.15863037109375,72.08000183105469,72.55000305175781,70.45999908447266,70.94000244140625,3497000
2023-11-03,66.40643310546875,72.3499984741211,74.44000244140625,72.33000183105469,73.55999755859375,4039600
2023-11-06,65.97505187988281,71.87999725341797,72.72000122070312,71.48999786376953,72.5,2111000
2023-11-07,65.53447723388672,71.4000015258789,72.12999725341797,71.19000244140625,72.05999755859375,2115900
2023-11-08,64.7359619140625,70.52999877929688,70.62000274658203,69.76000213623047,70.0,7950700
2023-11-09,63.85481643676758,69.56999969482422,70.93000030517578,69.47000122070312,70.73999786376953,3459800
2023-11-10,64.5615463256836,70.33999633789062,70.44999694824219,69.22000122070312,69.83999633789062,3468200
2023-11-13,64.26783752441406,70.0199966430664,70.25,69.41999816894531,70.12999725341797,5455000
2023-11-14,66.63590240478516,72.5999984741211,72.66999816894531,71.11000061035156,71.4800033569336,5079900
2023-11-15,66.06683349609375,71.9800033569336,73.3499984741211,71.83000183105469,72.56999969482422,4599700
2023-11-16,66.25957489013672,72.19000244140625,72.91000366210938,72.08000183105469,72.55999755859375,4471600
2023-11-17,66.32384490966797,72.26000213623047,72.62000274658203,71.91000366210938,72.58000183105469,1844800
2023-11-20,66.47986602783203,72.43000030517578,72.58000183105469,71.13999938964844,71.98999786376953,3201400
2023-11-21,66.88372039794922,72.87000274658203,72.91999816894531,72.19000244140625,72.58000183105469,3539800
2023-11-22,67.1131820678711,73.12000274658203,73.27999877929688,72.5,73.11000061035156,2930500
2023-11-24,67.61799621582031,73.66999816894531,73.77999877929688,72.87999725341797,72.9800033569336,1835200
2023-11-27,67.66390991210938,73.72000122070312,73.86000061035156,73.30000305175781,73.70999908447266,3856300
2023-11-28,67.48031616210938,73.5199966430664,74.61000061035156,73.44999694824219,73.86000061035156,7088700
2023-11-29,66.95714569091797,72.94999694824219,74.05999755859375,72.77999877929688,73.70999908447266,2648900
2023-11-30,66.88372039794922,72.87000274658203,73.44999694824219,72.27999877929688,73.26000213623047,11122100
2023-12-01,67.18659210205078,73.19999694824219,73.27999877929688,72.55000305175781,72.93000030517578,3142100
2023-12-04,66.82864379882812,72.80999755859375,73.47000122070312,72.66000366210938,72.76000213623047,3511900
2023-12-05,65.63949584960938,70.93000030517578,72.30999755859375,70.91000366210938,72.06999969482422,2806800
2023-12-06,67.60136413574219,73.05000305175781,73.08000183105469,71.44999694824219,71.4800033569336,4002100
2023-12-07,67.59211730957031,73.04000091552734,73.58999633789062,72.73999786376953,73.13999938964844,3158300
2023-12-08,66.9813461303711,72.37999725341797,73.33000183105469,72.22000122070312,73.22000122070312,2521700
2023-12-11,68.42498779296875,73.94000244140625,74.01000213623047,72.06999969482422,72.18000030517578,5282700
2023-12-12,68.3416976928711,73.8499984741211,74.83999633789062,73.70999908447266,74.83999633789062,3231600
2023-12-13,70.78478240966797,76.48999786376953,76.5999984741211,73.58000183105469,73.91999816894531,3509900
2023-12-14,70.77555847167969,76.4800033569336,77.79000091552734,76.08999633789062,76.98999786376953,6495300
2023-12-15,69.60950469970703,75.22000122070312,76.41999816894531,74.4800033569336,75.94999694824219,8523500
2023-12-18,69.22084045410156,74.80000305175781,75.86000061035156,74.66999816894531,75.54000091552734,2763800
2023-12-19,69.40592956542969,75.0,75.41000366210938,74.66000366210938,75.04000091552734,2891700
2023-12-20,67.6846694946289,73.13999938964844,75.08000183105469,73.08000183105469,74.8499984741211,3973000
2023-12-21,67.6846694946289,73.13999938964844,73.98999786376953,72.93000030517578,73.29000091552734,2570400
2023-12-22,68.202880859375,73.69999694824219,74.0999984741211,73.29000091552734,73.62999725341797,1843600
2023-12-26,68.90620422363281,74.45999908447266,74.80000305175781,73.5999984741211,73.62999725341797,2267100
2023-12-27,68.61007690429688,74.13999938964844,74.70999908447266,73.88999938964844,74.29000091552734,2038400
2023-12-28,69.10053253173828,74.66999816894531,74.70999908447266,74.0,74.0,1234900
2023-12-29,69.15607452392578,74.7300033569336,74.83000183105469,74.23999786376953,74.48999786376953,1736500
2024-01-02,70.1647720336914,75.81999969482422,76.2300033569336,74.23999786376953,74.5199966430664,2714200
2024-01-03,70.3405990600586,76.01000213623047,76.12999725341797,75.31999969482422,76.08000183105469,2409000
2024-01-04,70.29432678222656,75.95999908447266,76.81999969482422,75.91999816894531,76.2699966430664,1944500
2024-01-05,70.72926330566406,76.43000030517578,76.83999633789062,75.55999755859375,75.83000183105469,3297900
2024-01-08,71.21974182128906,76.95999908447266,77.05999755859375,75.97000122070312,76.22000122070312,2392100
2024-01-09,70.65522766113281,76.3499984741211,76.83000183105469,76.19000244140625,76.55999755859375,2116600
2024-01-10,70.45164489746094,76.12999725341797,76.47000122070312,75.83000183105469,76.25,1666900
2024-01-11,69.25785064697266,74.83999633789062,76.33000183105469,74.5199966430664,76.2699966430664,2442500
2024-01-12,69.78535461425781,75.41000366210938,75.68000030517578,74.91999816894531,75.44000244140625,3123200
2024-01-16,68.90620422363281,74.45999908447266,75.30000305175781,74.26000213623047,74.9000015258789,2748700
2024-01-17,68.08258056640625,73.56999969482422,75.05000305175781,73.25,73.91999816894531,3848500
2024-01-18,67.74944305419922,73.20999908447266,73.5,72.61000061035156,73.12999725341797,3561800
2024-01-19,67.44404602050781,72.87999725341797,73.4000015258789,72.44000244140625,73.4000015258789,2635500
2024-01-22,66.35205078125,71.69999694824219,73.0999984741211,71.27999877929688,72.91000366210938,3352200
2024-01-23,66.3705825805664,71.72000122070312,71.93000030517578,71.12000274658203,71.72000122070312,2494300
2024-01-24,64.88065338134766,70.11000061035156,72.22000122070312,69.94000244140625,72.22000122070312,3516000
2024-01-25,65.45442962646484,70.7300033569336,70.9800033569336,70.0199966430664,70.43000030517578,3222500
2024-01-26,65.6209945678711,70.91000366210938,71.37000274658203,70.44999694824219,70.86000061035156,3917500
2024-01-29,66.15773010253906,71.48999786376953,71.77999877929688,70.33000183105469,70.88999938964844,3031700
2024-01-30,66.56491088867188,71.93000030517578,72.12000274658203,70.94000244140625,71.31999969482422,3010700
2024-01-31,66.22250366210938,71.55999755859375,72.95999908447266,71.47000122070312,72.5999984741211,3525100
2024-02-01,66.95357513427734,72.3499984741211,72.37000274658203,70.79000091552734,71.4000015258789,2394100
2024-02-02,66.01891326904297,71.33999633789062,72.08000183105469,70.30999755859375,71.55999755859375,2372300
2024-02-05,64.82514190673828,70.05000305175781,70.83999633789062,69.9000015258789,70.7300033569336,2268200
2024-02-06,64.55677032470703,69.76000213623047,70.22000122070312,69.58000183105469,69.86000061035156,2622600
2024-02-07,64.82514190673828,70.05000305175781,70.2300033569336,69.5999984741211,70.08000183105469,2036900
2024-02-08,64.63079833984375,69.83999633789062,70.02999877929688,69.16999816894531,69.80000305175781,1798600
2024-02-09,64.47347259521484,69.66999816894531,70.02999877929688,69.27999877929688,69.55000305175781,1632800
2024-02-12,65.41738891601562,70.69000244140625,70.94999694824219,69.58000183105469,69.72000122070312,2586800
2024-02-13,64.17733764648438,69.3499984741211,70.62999725341797,68.41000366210938,70.37999725341797,3123300
2024-02-14,64.27914428710938,69.45999908447266,69.79000091552734,69.12999725341797,69.5,2584300
2024-02-15,65.2415542602539,70.5,70.86000061035156,69.58999633789062,69.69999694824219,2737200
2024-02-16,65.2323226928711,70.48999786376953,70.93000030517578,69.73999786376953,70.30000305175781,2274400
2024-02-20,65.3896484375,70.66000366210938,71.55000305175781,70.20999908447266,70.41999816894531,3123600
2024-02-21,66.59266662597656,71.95999908447266,72.08000183105469,70.55999755859375,70.91999816894531,2562700
2024-02-22,66.00040435791016,71.31999969482422,71.73999786376953,70.70999908447266,71.3499984741211,2128700
2024-02-23,66.60192108154297,71.97000122070312,72.31999969482422,71.12999725341797,71.4000015258789,3357700
2024-02-26,65.6209945678711,70.91000366210938,71.7300033569336,70.5999984741211,71.5199966430664,3183800
2024-02-27,65.7597885131836,71.05999755859375,71.58000183105469,70.30999755859375,71.52999877929688,2635400
2024-02-28,65.39888000488281,70.66999816894531,71.54000091552734,70.55999755859375,70.8499984741211,3359200
2024-02-29,65.33411407470703,70.5999984741211,71.11000061035156,70.41999816894531,71.08000183105469,4632300
2024-03-01,64.65855407714844,69.87000274658203,70.72000122070312,69.44999694824219,70.55000305175781,2801100
2024-03-04,65.46367645263672,70.73999786376953,70.7699966430664,69.44000244140625,69.45999908447266,2667700
2024-03-05,64.97320556640625,70.20999908447266,71.75,69.79000091552734,70.87999725341797,3710300
2024-03-06,65.37112426757812,70.63999938964844,71.1500015258789,70.33000183105469,70.69000244140625,3106500
2024-03-07,65.33411407470703,70.5999984741211,71.7699966430664,70.30000305175781,71.36000061035156,3425200
2024-03-08,65.76905059814453,71.06999969482422,71.16999816894531,70.19000244140625,70.37000274658203,2744000
2024-03-11,67.138671875,72.55000305175781,72.56999969482422,70.91999816894531,70.91999816894531,3172800
2024-03-12,65.6672592163086,70.95999908447266,72.43000030517578,70.83999633789062,72.19999694824219,2564700
2024-03-13,65.53770446777344,70.81999969482422,71.91000366210938,70.73999786376953,71.4000015258789,3236600
2024-03-14,64.98245239257812,70.22000122070312,71.4000015258789,69.69999694824219,71.11000061035156,3027800
2024-03-15,64.78812408447266,70.01000213623047,70.55000305175781,69.51000213623047,70.05999755859375,7673100
2024-03-18,65.33411407470703,70.5999984741211,70.87999725341797,69.63999938964844,70.13999938964844,2277800
2024-03-19,65.78755950927734,71.08999633789062,71.16999816894531,70.3499984741211,70.80000305175781,2965200
2024-03-20,65.13407135009766,69.7699966430664,71.05000305175781,69.52999877929688,70.37999725341797,3166100
2024-03-21,65.27410888671875,69.91999816894531,70.4800033569336,69.66999816894531,69.76000213623047,2705000
2024-03-22,65.13407135009766,69.7699966430664,70.27999877929688,69.58000183105469,70.05000305175781,2788300
2024-03-25,65.00337982177734,69.62999725341797,70.02999877929688,69.1500015258789,69.88999938964844,2910100
2024-03-26,64.6392822265625,69.23999786376953,69.77999877929688,68.87999725341797,69.69999694824219,2197000
2024-03-27,66.51573944091797,71.25,71.26000213623047,69.55000305175781,69.7699966430664,3600200
2024-03-28,67.05720520019531,71.83000183105469,72.0,71.06999969482422,71.44999694824219,2468800
2024-04-01,66.61842346191406,71.36000061035156,71.83000183105469,70.87000274658203,71.83000183105469,1874300
2024-04-02,67.02919006347656,71.80000305175781,72.26000213623047,71.38999938964844,71.38999938964844,2599300
2024-04-03,66.25433349609375,70.97000122070312,71.94999694824219,70.93000030517578,71.8499984741211,2947600
2024-04-04,66.13296508789062,70.83999633789062,71.6500015258789,70.08000183105469,71.5,4810100
2024-04-05,65.8342514038086,70.5199966430664,70.73999786376953,69.8499984741211,70.41000366210938,2796400
2024-04-08,66.06761932373047,70.7699966430664,71.44000244140625,70.33000183105469,70.66999816894531,2767000
2024-04-09,66.91716003417969,71.68000030517578,71.7300033569336,70.80000305175781,71.06999969482422,4393400
2024-04-10,65.51683044433594,70.18000030517578,70.69000244140625,69.80000305175781,70.51000213623047,4192800
2024-04-11,64.64862060546875,69.25,70.6500015258789,68.87000274658203,70.5,3212500
2024-04-12,64.12583923339844,68.69000244140625,69.62999725341797,68.45999908447266,69.38999938964844,2263400
2024-04-15,63.584381103515625,68.11000061035156,69.30999755859375,67.62999725341797,69.11000061035156,3611700
2024-04-16,61.99734878540039,66.41000366210938,67.94000244140625,66.4000015258789,67.87999725341797,3486300
2024-04-17,63.42567443847656,67.94000244140625,68.1500015258789,66.69999694824219,66.87000274658203,2486200
2024-04-18,63.89244842529297,68.44000244140625,68.58000183105469,67.55000305175781,68.18000030517578,3472300
2024-04-19,65.42346954345703,70.08000183105469,70.16000366210938,68.62999725341797,68.66000366210938,3104500
2024-04-22,66.40370178222656,71.12999725341797,71.25,69.69999694824219,70.08000183105469,3330300
2024-04-23,66.76779174804688,71.5199966430664,71.97000122070312,70.7300033569336,71.11000061035156,2808600
2024-04-24,67.25325775146484,72.04000091552734,72.25,70.5199966430664,70.94000244140625,2366900
2024-04-25,67.19723510742188,71.9800033569336,72.25,71.0,72.0,2504500
2024-04-26,66.5810775756836,71.31999969482422,72.36000061035156,71.30999755859375,72.02999877929688,3161500
2024-04-29,67.47730255126953,72.27999877929688,72.33000183105469,71.66999816894531,71.68000030517578,2428100
2024-04-30,66.87049102783203,71.62999725341797,72.0199966430664,71.33000183105469,71.80999755859375,2310600
2024-05-01,67.1692123413086,71.94999694824219,72.66000366210938,71.33999633789062,71.4000015258789,3088200
2024-05-02,68.0280990600586,72.87000274658203,72.9000015258789,71.97000122070312,72.33000183105469,2620500
2024-05-03,68.07476806640625,72.91999816894531,73.43000030517578,72.36000061035156,73.3499984741211,3451900
2024-05-06,67.87872314453125,72.70999908447266,73.19000244140625,72.5999984741211,72.93000030517578,2091900
2024-05-07,69.07366943359375,73.98999786376953,74.08000183105469,72.18000030517578,73.18000030517578,4318700
2024-05-08,70.23127746582031,75.2300033569336,75.3499984741211,73.30000305175781,73.58000183105469,4095700
2024-05-09,71.10881805419922,76.16999816894531,76.26000213623047,74.97000122070312,75.2300033569336,3377000
2024-05-10,72.05170440673828,77.18000030517578,77.37000274658203,75.9000015258789,76.3499984741211,7396300
2024-05-13,71.9957046508789,77.12000274658203,77.7300033569336,76.83000183105469,77.27999877929688,4346900
2024-05-14,71.53825378417969,76.62999725341797,77.87999725341797,76.55999755859375,77.7300033569336,2666900
2024-05-15,72.8452377319336,78.02999877929688,78.19999694824219,77.18000030517578,77.5,4054900
2024-05-16,72.50914764404297,77.66999816894531,78.4000015258789,77.54000091552734,78.02999877929688,2734200
2024-05-17,72.9759292602539,78.16999816894531,78.30000305175781,77.4000015258789,77.83000183105469,2588900
2024-05-20,72.9012451171875,78.08999633789062,78.5999984741211,77.98999786376953,78.51000213623047,2553800
2024-05-21,73.19064331054688,78.4000015258789,78.83000183105469,77.86000061035156,78.08000183105469,3152600
2024-05-22,72.19175720214844,77.33000183105469,78.16999816894531,77.13999938964844,77.69999694824219,3590000
2024-05-23,70.81941986083984,75.86000061035156,77.02999877929688,75.8499984741211,76.9800033569336,2704100
2024-05-24,70.80073547363281,75.83999633789062,76.27999877929688,75.36000061035156,76.06999969482422,1870800
2024-05-28,70.35264587402344,75.36000061035156,76.3499984741211,75.2300033569336,75.58999633789062,4013200
2024-05-29,69.11102294921875,74.02999877929688,75.04000091552734,73.77999877929688,74.81999969482422,2660600
2024-05-30,69.47509765625,74.41999816894531,74.63999938964844,73.7699966430664,74.29000091552734,2682900
2024-05-31,71.91167449951172,77.02999877929688,77.08999633789062,74.27999877929688,74.77999877929688,5316700
2024-06-03,71.6129379272461,76.70999908447266,77.5199966430664,76.19000244140625,76.94000244140625,2172400
2024-06-04,72.05170440673828,77.18000030517578,77.55999755859375,76.25,76.51000213623047,2758500
2024-06-05,71.39823150634766,76.4800033569336,76.94000244140625,76.08000183105469,76.9000015258789,2382900
2024-06-06,70.94078063964844,75.98999786376953,76.83000183105469,75.8499984741211,76.18000030517578,2174100
2024-06-07,70.32463836669922,75.33000183105469,75.8499984741211,75.0999984741211,75.25,3723500
2024-06-10,70.09124755859375,75.08000183105469,75.4000015258789,74.73999786376953,75.2300033569336,3684700
2024-06-11,70.64203643798828,75.66999816894531,75.8499984741211,74.5,74.6500015258789,2329800
2024-06-12,70.62337493896484,75.6500015258789,76.63999938964844,75.29000091552734,76.62000274658203,2516900
2024-06-13,71.080810546875,76.13999938964844,76.31999969482422,74.80999755859375,75.75,2401500
2024-06-14,70.922119140625,75.97000122070312,76.0999984741211,74.97000122070312,75.73999786376953,2666800
2024-06-17,69.8671875,74.83999633789062,75.93000030517578,74.76000213623047,75.56999969482422,2712300
2024-06-18,70.10990142822266,75.0999984741211,75.33999633789062,74.4000015258789,74.68000030517578,2443100
2024-06-20,70.46467590332031,75.4800033569336,75.87000274658203,74.83000183105469,75.0,1885300
2024-06-21,70.26861572265625,75.2699966430664,76.5,75.23999786376953,76.0999984741211,5265700
2024-06-24,71.37022399902344,76.44999694824219,76.79000091552734,75.37999725341797,75.5,2246700
2024-06-25,70.42733764648438,75.44000244140625,76.58000183105469,75.05000305175781,76.33000183105469,2964600
2024-06-26,71.05281829833984,76.11000061035156,76.29000091552734,74.5,74.88999938964844,3441000
2024-06-27,71.47636413574219,75.94000244140625,76.16999816894531,75.19999694824219,75.52999877929688,2450100
2024-06-28,71.58930969238281,76.05999755859375,76.63999938964844,75.47000122070312,76.2699966430664,4925600
2024-07-01,70.56338500976562,74.97000122070312,76.4000015258789,74.73999786376953,76.13999938964844,2799100
2024-07-02,70.75162506103516,75.16999816894531,75.44000244140625,74.9000015258789,75.04000091552734,1875300
2024-07-03,70.75162506103516,75.16999816894531,75.86000061035156,75.01000213623047,75.13999938964844,1261400
2024-07-05,71.65519714355469,76.12999725341797,76.22000122070312,74.75,75.13999938964844,4498100
2024-07-08,70.76102447509766,75.18000030517578,76.30000305175781,74.66000366210938,76.13999938964844,2356100
2024-07-09,71.13751983642578,75.58000183105469,76.18000030517578,75.01000213623047,75.22000122070312,2133600
2024-07-10,71.626953125,76.0999984741211,76.26000213623047,75.4000015258789,75.91000366210938,1925000
2024-07-11,72.50228118896484,77.02999877929688,77.30000305175781,76.2699966430664,76.38999938964844,2992900
2024-07-12,72.5211181640625,77.05000305175781,77.7699966430664,77.0,77.3499984741211,3282200
2024-07-15,71.5516586303711,76.0199966430664,77.02999877929688,75.83000183105469,76.58000183105469,3392400
2024-07-16,71.88107299804688,76.37000274658203,76.56999969482422,75.88999938964844,76.41000366210938,3730100
2024-07-17,73.1517333984375,77.72000122070312,78.44000244140625,76.3499984741211,76.55999755859375,3448200
2024-07-18,73.19877624511719,77.7699966430664,79.45999908447266,77.20999908447266,77.25,2804000
2024-07-19,73.01054382324219,77.56999969482422,78.19999694824219,77.22000122070312,78.19999694824219,1559500
2024-07-22,73.40585327148438,77.98999786376953,78.19000244140625,77.5,77.86000061035156,2137800
2024-07-23,73.16114807128906,77.7300033569336,78.25,77.52999877929688,77.7699966430664,2186300
2024-07-24,74.46944427490234,79.12000274658203,79.4800033569336,78.0,78.43000030517578,3032200
2024-07-25,73.48116302490234,78.06999969482422,80.54000091552734,78.02999877929688,79.62999725341797,4582100
2024-07-26,73.93295288085938,78.55000305175781,79.1500015258789,78.05999755859375,78.33000183105469,2530400
2024-07-29,74.60121154785156,79.26000213623047,79.5,78.30999755859375,78.73999786376953,2072000
2024-07-30,75.5047836303711,80.22000122070312,80.37999725341797,79.18000030517578,79.31999969482422,2043100
2024-07-31,75.35419464111328,80.05999755859375,80.45999908447266,79.48999786376953,80.2699966430664,2159400
2024-08-01,76.69072723388672,81.4800033569336,81.5,80.16000366210938,80.55999755859375,2033200
2024-08-02,76.93544006347656,81.73999786376953,83.68000030517578,80.83999633789062,82.77999877929688,2695400
2024-08-05,74.07411193847656,78.69999694824219,82.37000274658203,78.52999877929688,82.33000183105469,4775000
2024-08-06,72.5211181640625,77.05000305175781,79.30000305175781,77.05000305175781,78.5,4744000
2024-08-07,72.7187728881836,77.26000213623047,78.13999938964844,77.0199966430664,77.58999633789062,4243500
2024-08-08,73.01054382324219,77.56999969482422,78.19999694824219,76.66999816894531,76.75,3444500
2024-08-09,73.80118560791016,78.41000366210938,78.52999877929688,77.06999969482422,78.16000366210938,2514500
2024-08-12,74.34707641601562,78.98999786376953,79.05999755859375,78.12999725341797,78.55000305175781,1972200
2024-08-13,73.89531707763672,78.51000213623047,79.4800033569336,78.19999694824219,79.26000213623047,2976900
2024-08-14,74.08354187011719,78.70999908447266,79.38999938964844,78.0199966430664,78.12999725341797,2659400
2024-08-15,74.99652099609375,79.68000030517578,79.81999969482422,78.22000122070312,78.3499984741211,2588000
2024-08-16,75.28829956054688,79.98999786376953,80.30999755859375,79.58000183105469,80.16000366210938,3244300
2024-08-19,76.11658477783203,80.87000274658203,80.91000366210938,79.9800033569336,80.0,2224000
2024-08-20,76.01304626464844,80.76000213623047,81.1500015258789,80.47000122070312,80.87000274658203,1737700
2024-08-21,76.2201156616211,80.9800033569336,81.29000091552734,80.68000030517578,80.9000015258789,1620100
2024-08-22,76.53071594238281,81.30999755859375,81.41999816894531,80.62999725341797,80.87999725341797,1878500
2024-08-23,76.61543273925781,81.4000015258789,81.8499984741211,81.16000366210938,81.5999984741211,1974600
2024-08-26,77.27427673339844,82.0999984741211,82.56999969482422,81.45999908447266,81.66000366210938,1756100
2024-08-27,76.85073852539062,81.6500015258789,82.38999938964844,81.16999816894531,81.94999694824219,2240600
2024-08-28,76.85073852539062,81.6500015258789,82.27999877929688,81.31999969482422,81.87999725341797,2830100
2024-08-29,76.82249450683594,81.62000274658203,81.7699966430664,80.2300033569336,81.7300033569336,1873900
2024-08-30,77.34957122802734,82.18000030517578,82.45999908447266,81.27999877929688,81.5999984741211,3181700
2024-09-03,77.77312469482422,82.62999725341797,83.12000274658203,81.47000122070312,82.01000213623047,1614900
2024-09-04,78.49787139892578,83.4000015258789,84.27999877929688,82.83000183105469,83.01000213623047,1745200
2024-09-05,78.20609283447266,83.08999633789062,84.22000122070312,82.80000305175781,84.22000122070312,1433400
2024-09-06,77.27427673339844,82.0999984741211,83.26000213623047,82.08000183105469,83.11000061035156,2115400
2024-09-09,78.06491088867188,82.94000244140625,83.01000213623047,82.05000305175781,82.33000183105469,2231100
2024-09-10,77.25545501708984,82.08000183105469,83.81999969482422,81.41999816894531,83.08999633789062,3041700
2024-09-11,76.58719635009766,81.37000274658203,81.88999938964844,80.45999908447266,81.8499984741211,3439600
2024-09-12,76.89778900146484,81.69999694824219,81.83000183105469,81.0,81.55000305175781,2331500
2024-09-13,78.09315490722656,82.97000122070312,83.06999969482422,81.3499984741211,81.93000030517578,2492900
2024-09-16,78.68611907958984,83.5999984741211,84.29000091552734,83.30000305175781,83.61000061035156,2390200
2024-09-17,79.01553344726562,83.94999694824219,84.02999877929688,83.41000366210938,83.83999633789062,2025300
2024-09-18,78.06491088867188,82.94000244140625,84.0999984741211,82.25,83.87999725341797,1942300
2024-09-19,77.66018676757812,82.51000213623047,83.0,81.95999908447266,82.6500015258789,2296900
2024-09-20,78.29080200195312,83.18000030517578,83.45999908447266,82.08999633789062,82.83000183105469,4640500
2024-09-23,79.10025024414062,84.04000091552734,84.12000274658203,83.13999938964844,83.44000244140625,2334500
2024-09-24,78.14020538330078,83.0199966430664,84.37999725341797,82.9000015258789,83.83000183105469,3213100
2024-09-25,78.12139129638672,83.0,83.69000244140625,82.38999938964844,83.44000244140625,2377400
2024-09-26,77.7041244506836,81.94000244140625,82.97000122070312,81.75,82.0199966430664,2775100
2024-09-27,78.94640350341797,83.25,83.58000183105469,82.33000183105469,82.33000183105469,2462800
2024-09-30,79.30675506591797,83.62999725341797,83.6500015258789,82.44000244140625,83.36000061035156,2355200
2024-10-01,79.58177185058594,83.91999816894531,84.47000122070312,83.51000213623047,83.81999969482422,1628700
2024-10-02,79.0696792602539,83.37999725341797,83.91999816894531,82.75,83.18000030517578,1740000
2024-10-03,78.26362609863281,82.52999877929688,83.5,82.2300033569336,83.5,1711300
2024-10-04,78.33001708984375,82.5999984741211,82.87000274658203,81.5999984741211,81.69000244140625,1388400
2024-10-07,77.2963638305664,81.51000213623047,82.33000183105469,81.3499984741211,82.13999938964844,2742000
2024-10-08,77.39118957519531,81.61000061035156,82.31999969482422,81.54000091552734,81.91999816894531,2416400
2024-10-09,77.30583953857422,81.5199966430664,81.97000122070312,81.08000183105469,81.62999725341797,1573100
2024-10-10,77.12566375732422,81.33000183105469,82.5,81.26000213623047,81.87000274658203,2050400
2024-10-11,77.91275787353516,82.16000366210938,82.38999938964844,81.37000274658203,81.54000091552734,1794300
2024-10-14,78.85159301757812,83.1500015258789,83.29000091552734,82.11000061035156,82.19999694824219,1998400
2024-10-15,79.68608093261719,84.02999877929688,84.48999786376953,83.18000030517578,83.4800033569336,6532000
2024-10-16,81.23182678222656,85.66000366210938,85.83000183105469,83.87000274658203,84.13999938964844,3173600
2024-10-17,81.07061004638672,85.48999786376953,85.91999816894531,84.61000061035156,85.5,3135200
2024-10-18,81.51631927490234,85.95999908447266,86.12999725341797,84.62999725341797,85.66999816894531,3023000
2024-10-21,80.53955841064453,84.93000030517578,86.05999755859375,84.08999633789062,86.05999755859375,3065700
2024-10-22,80.61543273925781,85.01000213623047,85.2300033569336,84.26000213623047,84.4000015258789,3547000
2024-10-23,81.51631927490234,85.95999908447266,85.98999786376953,84.87000274658203,85.29000091552734,3098200
2024-10-24,81.33613586425781,85.7699966430664,86.56999969482422,85.37999725341797,86.3499984741211,2202400
2024-10-25,80.01798248291016,84.37999725341797,86.36000061035156,84.33000183105469,86.23999786376953,2308500
2024-10-28,80.76715087890625,85.16999816894531,85.5999984741211,84.7300033569336,84.9000015258789,1924400
2024-10-29,79.23091125488281,83.55000305175781,84.54000091552734,83.44999694824219,84.54000091552734,2459700
2024-10-30,79.23091125488281,83.55000305175781,84.08000183105469,82.6500015258789,83.86000061035156,2196500
2024-10-31,79.0602035522461,83.37000274658203,84.38999938964844,83.19999694824219,83.37000274658203,2236400
2024-11-01,77.42911529541016,81.6500015258789,83.93000030517578,81.54000091552734,83.73999786376953,2789600
2024-11-04,76.6325454711914,80.80999755859375,81.94000244140625,80.11000061035156,81.55000305175781,3379900
2024-11-05,77.99810028076172,82.25,82.2699966430664,80.22000122070312,80.80000305175781,4274200
2024-11-06,83.69742584228516,88.26000213623047,88.58999633789062,80.87000274658203,81.5,7768800
2024-11-07,85.11988067626953,89.76000213623047,90.16000366210938,88.05000305175781,88.25,5243500
2024-11-08,86.53285217285156,91.25,91.87999725341797,89.4800033569336,89.68000030517578,3733600
2024-11-11,87.35787963867188,92.12000274658203,92.66000366210938,90.5199966430664,90.5199966430664,2690300
2024-11-12,87.43374633789062,92.19999694824219,92.48999786376953,91.4800033569336,92.2699966430664,3403000
2024-11-13,87.42426300048828,92.19000244140625,93.12000274658203,91.26000213623047,92.44000244140625,3745200
2024-11-14,85.76473236083984,90.44000244140625,92.12000274658203,90.43000030517578,92.0,3247500
2024-11-15,87.42426300048828,92.19000244140625,92.27999877929688,90.25,90.44000244140625,3050100
2024-11-18,88.11651611328125,92.91999816894531,93.20999908447266,91.72000122070312,91.8499984741211,2466800
2024-11-19,88.55274200439453,93.37999725341797,93.44000244140625,91.72000122070312,92.16000366210938,2901800
2024-11-20,88.30619049072266,93.12000274658203,93.9000015258789,92.48999786376953,93.7300033569336,2311700
2024-11-21,89.79501342773438,94.69000244140625,94.86000061035156,92.45999908447266,92.91000366210938,2541400
2024-11-22,89.396728515625,94.2699966430664,95.29000091552734,94.1500015258789,94.98999786376953,2554400
2024-11-25,89.8708724975586,94.7699966430664,95.7699966430664,94.33999633789062,95.55999755859375,4978000
2024-11-26,88.46739959716797,93.29000091552734,94.69000244140625,92.87999725341797,94.69000244140625,5601900
2024-11-27,89.40621185302734,94.27999877929688,94.83000183105469,93.3499984741211,93.77999877929688,2871800
2024-11-29,88.82775115966797,93.66999816894531,94.91999816894531,93.66999816894531,94.5199966430664,1762800
2024-12-02,87.33891296386719,92.0999984741211,94.1500015258789,91.68000030517578,94.1500015258789,3199500
2024-12-03,87.2535629272461,92.01000213623047,93.58000183105469,91.98999786376953,92.9000015258789,4018300
2024-12-04,86.7699203491211,91.5,92.05000305175781,91.08999633789062,91.86000061035156,3415500
2024-12-05,86.82721710205078,90.94000244140625,91.80000305175781,90.83000183105469,91.23999786376953,3910500
2024-12-06,85.54782104492188,89.5999984741211,91.25,89.29000091552734,91.11000061035156,3265200
2024-12-09,84.76490020751953,88.77999877929688,89.68000030517578,88.69000244140625,89.41999816894531,3015600
2024-12-10,84.54530334472656,88.55000305175781,89.43000030517578,87.77999877929688,88.88999938964844,2415500
2024-12-11,83.45686340332031,87.41000366210938,88.80999755859375,87.0999984741211,88.62999725341797,3996900
2024-12-12,83.95335388183594,87.93000030517578,88.5,87.4000015258789,87.97000122070312,4254500
2024-12-13,85.12771606445312,89.16000366210938,89.79000091552734,88.80999755859375,89.01000213623047,2766700
2024-12-16,84.62168884277344,88.62999725341797,89.7699966430664,88.62000274658203,89.11000061035156,2881300
2024-12-17,83.0271987915039,86.95999908447266,88.58000183105469,86.36000061035156,87.58000183105469,4188800
2024-12-18,81.24177551269531,85.08999633789062,87.94000244140625,85.05999755859375,87.01000213623047,3344600
2024-12-19,82.01515197753906,85.9000015258789,86.68000030517578,85.0999984741211,85.33000183105469,3532800
2024-12-20,82.88398742675781,86.80999755859375,87.2300033569336,85.33999633789062,85.33999633789062,4747300
2024-12-23,83.10359191894531,87.04000091552734,87.06999969482422,85.80999755859375,86.6500015258789,2789500
2024-12-24,83.98198699951172,87.95999908447266,87.97000122070312,86.66999816894531,86.95999908447266,795600
2024-12-26,83.64781188964844,87.61000061035156,87.73999786376953,87.0,87.51000213623047,7243800
2024-12-27,83.80057525634766,87.7699966430664,88.16000366210938,87.0,87.0,1791200
2024-12-30,83.39956665039062,87.3499984741211,87.63999938964844,86.31999969482422,87.19999694824219,4381300
2024-12-31,83.75284576416016,87.72000122070312,88.0199966430664,87.25,87.27999877929688,1827300
2025-01-02,83.18952941894531,87.12999725341797,88.6500015258789,86.80000305175781,88.30999755859375,2330600
2025-01-03,83.7051010131836,87.66999816894531,87.94999694824219,86.8499984741211,87.41999816894531,2838100
2025-01-06,80.68801879882812,84.51000213623047,87.37999725341797,84.19999694824219,87.31999969482422,3075100
2025-01-07,80.42068481445312,84.2300033569336,85.19999694824219,84.05999755859375,84.79000091552734,4262200
2025-01-08,79.0744400024414,82.81999969482422,84.41000366210938,81.29000091552734,84.19000244140625,6214400
2025-01-10,75.1694107055664,78.7300033569336,82.45999908447266,78.5999984741211,81.86000061035156,8190700
2025-01-13,73.46037292480469,76.94000244140625,79.0999984741211,76.72000122070312,78.93000030517578,9327700
2025-01-14,74.57744598388672,78.11000061035156,79.22000122070312,77.19000244140625,77.69999694824219,6083700
2025-01-15,78.6925277709961,82.41999816894531,83.19000244140625,79.31999969482422,79.41999816894531,10263100
2025-01-16,80.19153594970703,83.98999786376953,84.12999725341797,82.0199966430664,82.29000091552734,7815600
2025-01-17,81.32770538330078,85.18000030517578,85.33000183105469,83.72000122070312,84.19000244140625,3628900
2025-01-21,82.59756469726562,86.51000213623047,87.12000274658203,85.44000244140625,85.8499984741211,5333400
2025-01-22,79.05535125732422,82.80000305175781,86.25,82.6500015258789,86.0199966430664,4423300
2025-01-23,79.06488800048828,82.80999755859375,83.52999877929688,82.5199966430664,82.94999694824219,4586000
2025-01-24,78.96941375732422,82.70999908447266,83.30999755859375,82.26000213623047,82.26000213623047,3683600
2025-01-27,78.43474578857422,82.1500015258789,83.0199966430664,80.2300033569336,82.55999755859375,6813200
2025-01-28,78.05282592773438,81.75,82.30999755859375,81.0,82.23999786376953,4461800
2025-01-29,78.27243041992188,81.9800033569336,83.0,81.83000183105469,81.83000183105469,2700000
2025-01-30,79.523193359375,83.29000091552734,83.47000122070312,82.41999816894531,82.79000091552734,2192000
2025-01-31,79.1794662475586,82.93000030517578,83.93000030517578,82.61000061035156,83.30000305175781,2677600
2025-02-03,78.85484313964844,82.58999633789062,82.70999908447266,81.12000274658203,81.73999786376953,2589400
2025-02-04,77.74730682373047,81.43000030517578,83.56999969482422,81.30000305175781,82.26000213623047,3756300
2025-02-05,78.57795715332031,82.30000305175781,82.56999969482422,81.5,82.16000366210938,2708300
2025-02-06,78.36791229248047,82.08000183105469,83.0,81.76000213623047,82.83000183105469,2400300
2025-02-07,78.27243041992188,81.9800033569336,82.44999694824219,81.38999938964844,82.04000091552734,2390600
2025-02-10,78.49203491210938,82.20999908447266,82.79000091552734,81.2300033569336,81.95999908447266,3660000
2025-02-11,79.6568603515625,83.43000030517578,83.79000091552734,81.62999725341797,82.25,3019500
2025-02-12,79.1794662475586,82.93000030517578,83.16000366210938,82.01000213623047,82.02999877929688,3360900
2025-02-13,80.06741333007812,83.86000061035156,84.05000305175781,82.5999984741211,82.94999694824219,2891000
2025-02-14,80.29655456542969,84.0999984741211,85.06999969482422,83.8499984741211,84.16999816894531,3603500
2025-02-18,80.79302978515625,84.62000274658203,85.1500015258789,84.0999984741211,84.31999969482422,3530000
2025-02-19,81.48047637939453,85.33999633789062,85.62000274658203,84.5,84.5,3154900
2025-02-20,82.12017822265625,86.01000213623047,86.33000183105469,84.16999816894531,85.0999984741211,2293600
2025-02-21,83.1608657836914,87.0999984741211,87.51000213623047,85.58000183105469,85.75,4644500
2025-02-24,83.23726654052734,87.18000030517578,87.5999984741211,86.72000122070312,87.20999908447266,4392300
2025-02-25,67.4452896118164,70.63999938964844,73.44000244140625,64.88999938964844,72.37999725341797,29513700
2025-02-26,69.55534362792969,72.8499984741211,74.25,68.19000244140625,70.02999877929688,15587500
2025-02-27,68.64830780029297,71.9000015258789,73.16000366210938,71.68000030517578,72.44999694824219,12176500
2025-02-28,68.3332290649414,71.56999969482422,73.04000091552734,70.56999969482422,72.62999725341797,8874400
2025-03-03,68.20909881591797,71.44000244140625,72.58000183105469,70.79000091552734,71.01000213623047,4650000
2025-03-04,67.43573760986328,70.62999725341797,71.61000061035156,70.08000183105469,71.3499984741211,6252500
2025-03-05,68.64830780029297,71.9000015258789,72.13999938964844,69.33000183105469,70.75,6661100
2025-03-06,66.47142028808594,69.62000274658203,71.9000015258789,69.05999755859375,71.5,5728400
2025-03-07,66.1658935546875,69.30000305175781,69.63999938964844,67.81999969482422,69.47000122070312,5948300
2025-03-10,66.32820129394531,69.47000122070312,69.72000122070312,67.45999908447266,69.0999984741211,9239200
2025-03-11,65.678955078125,68.79000091552734,70.69999694824219,68.47000122070312,69.69000244140625,6969900
2025-03-12,65.83171081542969,68.94999694824219,69.86000061035156,68.4800033569336,69.11000061035156,4421800
2025-03-13,64.78146362304688,67.8499984741211,69.37999725341797,67.5999984741211,68.4800033569336,4990200
2025-03-14,67.03473663330078,70.20999908447266,70.3499984741211,67.87999725341797,68.5,5795800
2025-03-17,67.8462905883789,71.05999755859375,71.80999755859375,70.0,70.20999908447266,4759400
2025-03-18,67.55030822753906,70.75,71.33000183105469,70.11000061035156,70.44000244140625,3915100
2025-03-19,67.87493133544922,71.08999633789062,71.19999694824219,70.33000183105469,70.91000366210938,5920400
2025-03-20,67.44617462158203,70.0,70.88999938964844,69.69000244140625,70.19000244140625,6093400
2025-03-21,67.00296020507812,69.54000091552734,70.22000122070312,69.16999816894531,69.72000122070312,7235900
2025-03-24,67.69668579101562,70.26000213623047,70.76000213623047,69.70999908447266,70.01000213623047,4073900
2025-03-25,66.5886459350586,69.11000061035156,70.26000213623047,68.7699966430664,70.26000213623047,4456100
2025-03-26,68.18807220458984,70.7699966430664,70.9800033569336,69.30000305175781,69.3499984741211,5304600
2025-03-27,67.50398254394531,70.05999755859375,70.72000122070312,69.91999816894531,70.5,4412700
2025-03-28,67.18602752685547,69.7300033569336,70.5,69.62000274658203,70.4800033569336,3114300
2025-03-31,68.75656127929688,71.36000061035156,71.63999938964844,69.73999786376953,69.94999694824219,5007500
2025-04-01,68.94925689697266,71.55999755859375,71.68000030517578,70.3499984741211,71.08999633789062,5649500
2025-04-02,70.18255615234375,72.83999633789062,73.11000061035156,71.12000274658203,71.12000274658203,4726600
2025-04-03,68.14954376220703,70.7300033569336,73.41999816894531,70.6500015258789,72.16000366210938,6681100
2025-04-04,63.47648239135742,65.87999725341797,70.44999694824219,65.36000061035156,70.2300033569336,6652200
2025-04-07,61.57835006713867,63.90999984741211,66.41999816894531,61.900001525878906,64.5999984741211,9770500
2025-04-08,61.45309829711914,63.779998779296875,66.5,62.65999984741211,65.8499984741211,5639200
2025-04-09,65.57694244384766,68.05999755859375,68.30999755859375,62.380001068115234,63.38999938964844,5983900
2025-04-10,64.45926666259766,66.9000015258789,67.87000274658203,65.06999969482422,67.1500015258789,6830400
2025-04-11,65.81782531738281,68.30999755859375,68.62000274658203,65.6500015258789,67.02999877929688,4169500
2025-04-14,67.18602752685547,69.7300033569336,70.13999938964844,68.58000183105469,69.19000244140625,3742300
2025-04-15,67.65814208984375,70.22000122070312,70.52999877929688,69.66000366210938,69.87000274658203,3187300
2025-04-16,67.82193756103516,70.38999938964844,71.26000213623047,69.69999694824219,69.9800033569336,3027800
2025-04-17,68.52531433105469,71.12000274658203,71.95999908447266,70.22000122070312,70.76000213623047,3595100
2025-04-21,67.8893814086914,70.45999908447266,71.06999969482422,69.08000183105469,70.52999877929688,5086200
2025-04-22,69.6718978881836,72.30999755859375,72.44999694824219,70.94999694824219,71.3499984741211,4966500
2025-04-23,70.63540649414062,73.30999755859375,74.25,72.55999755859375,73.05999755859375,4060500
2025-04-24,71.80126190185547,74.5199966430664,74.76000213623047,72.70999908447266,73.20999908447266,4021500
2025-04-25,71.95543670654297,74.68000030517578,75.2300033569336,74.20999908447266,74.54000091552734,4123000
2025-04-28,72.84186553955078,75.5999984741211,75.91999816894531,74.30999755859375,74.79000091552734,4817800
2025-04-29,72.60098266601562,75.3499984741211,76.05999755859375,75.13999938964844,75.30999755859375,3507500
2025-04-30,71.56038665771484,74.2699966430664,75.08000183105469,72.98999786376953,74.94000244140625,4419700
2025-05-01,71.97470092773438,74.69999694824219,75.22000122070312,73.44000244140625,74.37999725341797,3306000
2025-05-02,72.71660614013672,75.47000122070312,76.04000091552734,74.80999755859375,75.0999984741211,2830800
2025-05-05,72.61062622070312,75.36000061035156,75.73999786376953,74.55000305175781,75.0999984741211,3187900
2025-05-06,72.3311996459961,75.06999969482422,76.05000305175781,74.44999694824219,75.04000091552734,3108900
2025-05-07,73.0923843383789,75.86000061035156,76.30000305175781,74.5199966430664,74.86000061035156,4619200
2025-05-08,73.00566101074219,75.7699966430664,77.58000183105469,75.55999755859375,75.9000015258789,4031900
2025-05-09,72.6684341430664,75.41999816894531,76.33999633789062,74.83999633789062,75.26000213623047,3066400
2025-05-12,72.90930938720703,75.66999816894531,76.13999938964844,74.80999755859375,76.13999938964844,4194000
2025-05-13,72.38900756835938,75.12999725341797,76.5999984741211,75.04000091552734,75.47000122070312,4249900
2025-05-14,72.12886047363281,74.86000061035156,75.08999633789062,73.33000183105469,75.08000183105469,4989200
2025-05-15,73.68012237548828,76.47000122070312,76.68000030517578,75.0,75.0,2895800
2025-05-16,74.7785415649414,77.61000061035156,77.68000030517578,76.01000213623047,76.66999816894531,3336900
2025-05-19,75.56861877441406,78.43000030517578,78.47000122070312,77.12000274658203,77.38999938964844,4004600
2025-05-20,75.37592315673828,78.2300033569336,78.9800033569336,78.0999984741211,78.76000213623047,3435100
2025-05-21,74.02699279785156,76.83000183105469,78.56999969482422,76.80000305175781,78.0,3521500
2025-05-22,73.94991302490234,76.75,77.16999816894531,75.72000122070312,76.41000366210938,3269700
2025-05-23,74.85562133789062,77.69000244140625,77.77999877929688,76.13999938964844,76.79000091552734,3272400
2025-05-27,76.03111267089844,78.91000366210938,79.25,78.0,78.79000091552734,2903000
2025-05-28,74.67254638671875,77.5,79.23999786376953,77.0199966430664,78.77999877929688,3124800
2025-05-29,75.10612487792969,77.94999694824219,77.97000122070312,77.11000061035156,77.55000305175781,2308600
2025-05-30,75.72277069091797,78.58999633789062,78.80999755859375,77.37000274658203,77.51000213623047,8580600
2025-06-02,75.17357635498047,78.0199966430664,78.58999633789062,77.5,77.87999725341797,3250000
2025-06-03,74.95196533203125,77.79000091552734,78.01000213623047,76.70999908447266,78.0,3455100
2025-06-04,73.64158630371094,76.43000030517578,77.75,76.36000061035156,77.63999938964844,3170700
2025-06-05,73.17909240722656,75.94999694824219,76.72000122070312,75.75,76.44999694824219,2616900
2025-06-06,74.04625701904297,76.8499984741211,76.9000015258789,75.83999633789062,76.61000061035156,2882700
2025-06-09,71.96508026123047,74.69000244140625,77.08999633789062,74.43000030517578,76.73999786376953,6237000
2025-06-10,73.19837188720703,75.97000122070312,76.16999816894531,74.83999633789062,74.93000030517578,3772600
2025-06-11,73.2080078125,75.9800033569336,76.44000244140625,75.58999633789062,76.06999969482422,3042300
2025-06-12,73.44888305664062,76.2300033569336,76.30999755859375,75.55000305175781,75.68000030517578,2698800
2025-06-13,71.37732696533203,74.08000183105469,76.27999877929688,73.58999633789062,76.05999755859375,3855100
2025-06-16,71.0882568359375,73.77999877929688,75.05000305175781,73.38999938964844,74.83000183105469,3553100
2025-06-17,71.37732696533203,74.08000183105469,74.27999877929688,73.05999755859375,73.48999786376953,4107300
2025-06-18,71.67601013183594,74.38999938964844,75.06999969482422,73.83000183105469,74.19999694824219,3257800
2025-06-20,71.35804748535156,74.05999755859375,75.36000061035156,73.91999816894531,74.5999984741211,10288000
2025-06-23,73.02493286132812,75.79000091552734,75.86000061035156,74.18000030517578,74.4000015258789,5506200
2025-06-24,73.31398010253906,76.08999633789062,76.37000274658203,75.38999938964844,75.79000091552734,3358700
2025-06-25,72.28302001953125,75.0199966430664,75.9000015258789,74.77999877929688,75.58000183105469,2443600
2025-06-26,72.8321304321289,74.94000244140625,74.94999694824219,73.61000061035156,74.45999908447266,5365400
2025-06-27,73.24032592773438,75.36000061035156,75.9000015258789,74.75,75.08000183105469,5966300
2025-06-30,73.63878631591797,75.7699966430664,75.83000183105469,74.94999694824219,75.30000305175781,3815900
2025-07-01,74.0372543334961,76.18000030517578,76.91999816894531,75.19000244140625,75.52999877929688,3780700
2025-07-02,72.71550750732422,74.81999969482422,76.06999969482422,74.55000305175781,75.9000015258789,3303800
2025-07-03,73.00707244873047,75.12000274658203,75.33999633789062,74.30000305175781,74.7300033569336,1972700
2025-07-07,72.297607421875,74.38999938964844,75.30999755859375,74.0999984741211,74.88999938964844,2207200
2025-07-08,72.22957611083984,74.31999969482422,74.69999694824219,73.33999633789062,74.0199966430664,4352200
2025-07-09,72.39479064941406,74.48999786376953,74.83000183105469,73.18000030517578,74.56999969482422,5035900
2025-07-10,72.79325866699219,74.9000015258789,75.05000305175781,73.83000183105469,73.83999633789062,2638000
2025-07-11,72.46282958984375,74.55999755859375,75.0199966430664,73.83999633789062,74.06999969482422,2819300
2025-07-14,72.45310974121094,74.55000305175781,75.08000183105469,73.97000122070312,74.5,2345900
2025-07-15,72.05464172363281,74.13999938964844,74.75,73.8499984741211,74.58999633789062,2823800
2025-07-16,73.12368774414062,75.23999786376953,75.45999908447266,73.98999786376953,74.13999938964844,3596600
2025-07-17,74.1441650390625,76.29000091552734,76.4000015258789,74.83000183105469,74.98999786376953,2227000
2025-07-18,76.04903411865234,78.25,78.45999908447266,76.44000244140625,76.5,3637300
2025-07-21,76.36003875732422,78.56999969482422,78.83000183105469,77.87000274658203,78.27999877929688,3046000
2025-07-22,77.55543518066406,79.80000305175781,79.83000183105469,78.20999908447266,78.30000305175781,3399800
2025-07-23,77.14724731445312,79.37999725341797,80.48999786376953,78.70999908447266,80.0,3203900
2025-07-24,78.19686889648438,80.45999908447266,80.83999633789062,79.19999694824219,79.41999816894531,2957600
2025-07-25,78.54674530029297,80.81999969482422,80.97000122070312,79.9000015258789,80.5199966430664,2138000
2025-07-28,78.05108642578125,80.30999755859375,80.73999786376953,79.81999969482422,80.72000122070312,2973100
2025-07-29,78.86746978759766,81.1500015258789,81.43000030517578,80.55000305175781,80.75,4314400
2025-07-30,78.89662170410156,81.18000030517578,81.94999694824219,80.66000366210938,81.44999694824219,3690900
2025-07-31,79.38255310058594,81.68000030517578,82.1500015258789,80.7699966430664,80.7699966430664,3631900
2025-08-01,78.6925277709961,80.97000122070312,81.77999877929688,80.44999694824219,81.66000366210938,2661700
2025-08-04,80.64599609375,82.9800033569336,83.48999786376953,81.4000015258789,81.54000091552734,4358600
2025-08-05,80.05315399169922,82.37000274658203,83.26000213623047,80.6500015258789,83.25,5165600
2025-08-06,78.86746978759766,81.1500015258789,82.91999816894531,80.88999938964844,82.43000030517578,4807300
2025-08-07,80.26696014404297,82.58999633789062,83.23999786376953,81.0,81.48999786376953,5962200
2025-08-08,79.41171264648438,81.70999908447266,83.5,81.05000305175781,82.47000122070312,3605000
2025-08-11,78.62449645996094,80.9000015258789,81.98999786376953,80.38999938964844,81.75,3906500
2025-08-12,79.78102111816406,82.08999633789062,82.12000274658203,80.72000122070312,81.04000091552734,2601000
2025-08-13,79.9073715209961,82.22000122070312,82.6500015258789,81.58000183105469,82.29000091552734,3159000
2025-08-14,79.5769271850586,81.87999725341797,82.5199966430664,81.36000061035156,81.88999938964844,2775400
2025-08-15,78.94522094726562,81.2300033569336,81.94999694824219,80.9800033569336,81.75,4067200
2025-08-18,78.71196746826172,80.98999786376953,81.44999694824219,80.55000305175781,81.12999725341797,2118800
2025-08-19,80.32527160644531,82.6500015258789,82.80999755859375,81.16000366210938,81.16000366210938,3136800
2025-08-20,80.08231353759766,82.4000015258789,83.44000244140625,82.13999938964844,82.88999938964844,2838400
2025-08-21,78.8480224609375,81.12999725341797,82.70999908447266,81.11000061035156,82.33999633789062,3398600
2025-08-22,80.5682373046875,82.9000015258789,83.0199966430664,81.19999694824219,81.88999938964844,2489200
2025-08-25,79.39227294921875,81.69000244140625,82.45999908447266,81.5,82.16000366210938,2268800
2025-08-26,79.479736328125,81.77999877929688,82.52999877929688,81.1500015258789,81.44000244140625,3964100
2025-08-27,79.94624328613281,82.26000213623047,82.47000122070312,81.83000183105469,81.88999938964844,3708700
2025-08-28,79.1493148803711,81.44000244140625,82.33000183105469,81.30999755859375,82.26000213623047,2535000
2025-08-29,80.23780822753906,82.55999755859375,83.36000061035156,81.04000091552734,81.11000061035156,3485200
2025-09-02,80.55851745605469,82.88999938964844,83.23999786376953,81.58000183105469,82.0,4127400
2025-09-03,79.9170913696289,82.2300033569336,82.97000122070312,81.36000061035156,82.44999694824219,3238900
2025-09-04,79.81018829345703,82.12000274658203,82.9800033569336,81.27999877929688,82.5999984741211,3601800
2025-09-05,78.8285903930664,81.11000061035156,82.37000274658203,80.45999908447266,82.06999969482422,4311500
2025-09-08,77.17640686035156,79.41000366210938,81.4000015258789,78.97000122070312,81.4000015258789,4818200
2025-09-09,78.0608139038086,80.31999969482422,80.81999969482422,79.1500015258789,79.1500015258789,4025600
2025-09-10,79.70328521728516,82.01000213623047,82.20999908447266,80.22000122070312,80.37999725341797,3727700
2025-09-11,81.1222152709961,83.47000122070312,83.58000183105469,81.75,82.0,4779600
2025-09-12,81.57899475097656,83.94000244140625,84.31999969482422,83.11000061035156,83.30000305175781,3204800
2025-09-15,81.04446411132812,83.38999938964844,85.22000122070312,83.31999969482422,84.02999877929688,5775400
2025-09-16,80.37386322021484,82.69999694824219,83.5999984741211,82.56999969482422,83.19999694824219,4362900
2025-09-17,80.32527160644531,82.6500015258789,84.0,82.56999969482422,83.2699966430664,6866000
2025-09-18,80.16006469726562,82.4800033569336,82.93000030517578,81.72000122070312,82.31999969482422,5866300
2025-09-19,80.85979461669922,83.19999694824219,83.58000183105469,82.37000274658203,82.95999908447266,9015600
2025-09-22,80.05315399169922,82.37000274658203,83.0,81.9800033569336,82.56999969482422,6043700
2025-09-23,83.629638671875,86.05000305175781,86.80000305175781,83.70999908447266,85.0,7570800
2025-09-24,84.82504272460938,87.27999877929688,87.36000061035156,86.12000274658203,86.41000366210938,4580500
2025-09-25,84.05725860595703,86.48999786376953,87.6500015258789,86.05999755859375,87.16999816894531,3868500
2025-09-26,86.09819030761719,88.58999633789062,88.66000366210938,86.5,86.80999755859375,3494900
2025-09-29,87.17697143554688,89.69999694824219,89.80000305175781,88.29000091552734,88.80999755859375,3930600
2025-09-30,87.44910430908203,89.9800033569336,90.52999877929688,89.16000366210938,89.61000061035156,3512400
2025-10-01,87.37568664550781,89.26000213623047,89.62999725341797,88.81999969482422,89.44999694824219,2586900
2025-10-02,87.39525604248047,89.27999877929688,89.69000244140625,88.43000030517578,88.75,3580300
2025-10-03,89.5096664428711,91.44000244140625,91.98999786376953,89.0999984741211,89.48999786376953,4127000
2025-10-06,90.50812530517578,92.45999908447266,92.48999786376953,91.22000122070312,91.5,2863100
2025-10-07,92.02540588378906,94.01000213623047,94.05000305175781,92.5,93.62000274658203,4738800
2025-10-08,91.38912963867188,93.36000061035156,95.72000122070312,93.36000061035156,94.12999725341797,4820700
2025-10-09,89.70542907714844,91.63999938964844,94.5,91.31999969482422,93.87999725341797,4104000
2025-10-10,88.29583740234375,90.19999694824219,92.5,90.0999984741211,92.11000061035156,3899600
2025-10-13,89.24535369873047,91.16999816894531,91.72000122070312,89.98999786376953,90.37000274658203,3035900
2025-10-14,89.40199279785156,91.33000183105469,91.5999984741211,90.19999694824219,90.87000274658203,3087600
2025-10-15,90.34171295166016,92.29000091552734,92.6500015258789,91.51000213623047,91.7300033569336,3066400
2025-10-16,89.21599578857422,91.13999938964844,92.94000244140625,90.95999908447266,92.25,2674100
2025-10-17,89.36283111572266,91.29000091552734,91.63999938964844,90.58000183105469,91.25,2978800
2025-10-20,90.76264190673828,92.72000122070312,93.66000366210938,91.8499984741211,92.3499984741211,3444300
2025-10-21,90.34171295166016,92.29000091552734,93.58000183105469,91.6500015258789,93.19999694824219,2722400
2025-10-22,90.11656951904297,92.05999755859375,93.23999786376953,91.37999725341797,93.08999633789062,3320100
2025-10-23,89.8718490600586,91.80999755859375,92.98999786376953,91.37999725341797,92.62999725341797,1910300
2025-10-24,90.82136535644531,92.77999877929688,92.93000030517578,92.12000274658203,92.30000305175781,1876700
2025-10-27,91.20313262939453,93.16999816894531,93.31999969482422,92.05000305175781,92.83000183105469,2568300
2025-10-28,90.59623718261719,92.55000305175781,93.87000274658203,92.16000366210938,93.87000274658203,2407300
2025-10-29,90.25361633300781,92.19999694824219,93.05999755859375,91.66999816894531,92.26000213623047,2200500
2025-10-30,90.48855590820312,92.44000244140625,93.22000122070312,92.27999877929688,92.48999786376953,2064100
2025-10-31,89.99910736083984,91.94000244140625,92.44999694824219,91.02999877929688,91.69000244140625,3027400
2025-11-03,90.62559509277344,92.58000183105469,92.73999786376953,90.16999816894531,91.69999694824219,2649200
2025-11-04,90.5277099609375,92.4800033569336,92.95999908447266,91.69999694824219,92.30000305175781,2848900
2025-11-05,90.43960571289062,92.38999938964844,94.75,90.83999633789062,93.33000183105469,6589900
2025-11-06,90.82136535644531,92.77999877929688,93.7699966430664,92.43000030517578,92.44999694824219,2659500
2025-11-07,91.74153137207031,93.72000122070312,93.94999694824219,91.87999725341797,93.06999969482422,3505800
2025-11-10,90.97798919677734,92.94000244140625,94.12999725341797,92.48999786376953,93.94999694824219,3807500
2025-11-11,91.55553436279297,93.52999877929688,93.83999633789062,92.31999969482422,93.02999877929688,3201000
2025-11-12,90.5179214477539,92.47000122070312,93.9000015258789,91.9000015258789,93.31999969482422,2946000
2025-11-13,90.27320098876953,92.22000122070312,93.61000061035156,90.37999725341797,92.2300033569336,5611200
2025-11-14,90.0578384399414,92.0,93.3499984741211,91.48999786376953,93.33000183105469,4475200
2025-11-17,90.25361633300781,92.19999694824219,92.75,91.12000274658203,92.37999725341797,5119400
2025-11-18,89.6662826538086,91.5999984741211,92.3499984741211,90.66000366210938,91.9000015258789,3882400
2025-11-19,89.09852600097656,91.0199966430664,92.01000213623047,90.98999786376953,91.9000015258789,3566900
2025-11-20,88.7950668334961,90.70999908447266,92.81999969482422,90.66999816894531,91.80999755859375,2573700
2025-11-21,90.54728698730469,92.5,92.86000061035156,90.54000091552734,91.30999755859375,4634900
2025-11-24,91.92752075195312,93.91000366210938,95.05000305175781,91.97000122070312,92.5,13195700
2025-11-25,90.5179214477539,92.47000122070312,93.91000366210938,92.33999633789062,93.91000366210938,3382200
2025-11-26,91.81005859375,93.79000091552734,94.0,92.62000274658203,92.98999786376953,2725200
2025-11-28,92.72042083740234,94.72000122070312,94.7300033569336,93.16000366210938,93.7699966430664,1281200
2025-12-01,89.56839752197266,91.5,94.27999877929688,91.37000274658203,93.87999725341797,4579100
2025-12-02,89.02999877929688,90.94999694824219,91.75,90.26000213623047,91.63999938964844,3406300
2025-12-03,88.81465148925781,90.7300033569336,91.12999725341797,90.30999755859375,91.08000183105469,2526900
2025-12-04,88.1685791015625,90.06999969482422,91.41999816894531,89.80000305175781,90.44999694824219,5004200
2025-12-05,88.74612426757812,90.66000366210938,91.12000274658203,89.7699966430664,90.22000122070312,3395000
2025-12-08,86.29890441894531,88.16000366210938,90.58000183105469,87.8499984741211,90.52999877929688,4131100
2025-12-09,86.45552825927734,88.31999969482422,89.18000030517578,88.08999633789062,88.62999725341797,2656100
2025-12-10,87.189697265625,89.06999969482422,89.29000091552734,87.91000366210938,88.22000122070312,5688700
2025-12-11,87.72708129882812,88.97000122070312,89.2300033569336,87.94999694824219,88.20999908447266,2913800
2025-12-12,87.2537841796875,88.48999786376953,89.5199966430664,87.94000244140625,89.12000274658203,2424100
2025-12-15,87.35238647460938,88.58999633789062,89.51000213623047,87.05999755859375,89.51000213623047,3620300
2025-12-16,86.68189239501953,87.91000366210938,88.47000122070312,86.86000061035156,88.04000091552734,3321200
2025-12-17,85.56767272949219,86.77999877929688,88.16999816894531,86.23999786376953,87.51000213623047,5368900
2025-12-18,86.0311050415039,87.25,87.94999694824219,87.11000061035156,87.72000122070312,4716000
2025-12-19,85.7254409790039,86.94000244140625,88.37999725341797,86.87000274658203,87.38999938964844,6173800
2025-12-22,86.85936737060547,88.08999633789062,88.1500015258789,86.55999755859375,87.04000091552734,2794600
2025-12-23,87.44112396240234,88.68000030517578,88.88999938964844,87.61000061035156,88.0,3207400
2025-12-24,87.59889221191406,88.83999633789062,89.0199966430664,88.37999725341797,88.80000305175781,1191800
2025-12-26,87.37210845947266,88.61000061035156,89.1500015258789,88.30999755859375,88.8499984741211,1087600
2025-12-29,87.66792297363281,88.91000366210938,89.45999908447266,88.69000244140625,88.69000244140625,2002700
2025-12-30,87.84539794921875,89.08999633789062,89.16999816894531,88.4800033569336,88.88999938964844,1662200
2025-12-31,87.05657958984375,88.29000091552734,89.56999969482422,88.11000061035156,89.08999633789062,2039900
2026-01-02,88.45674133300781,89.70999908447266,89.91999816894531,87.83999633789062,88.72000122070312,1996000
2026-01-05,86.31705474853516,87.54000091552734,89.44999694824219,86.5,89.44999694824219,2954100
2026-01-06,86.47482299804688,87.69999694824219,87.91000366210938,86.8499984741211,87.58000183105469,2921500
2026-01-07,85.1535415649414,86.36000061035156,88.27999877929688,85.80999755859375,87.94999694824219,2492800
2026-01-08,86.80020904541016,88.02999877929688,88.5199966430664,86.08000183105469,86.0999984741211,3374800
2026-01-09,87.57917022705078,88.81999969482422,89.12999725341797,88.08999633789062,88.4800033569336,2809300
2026-01-12,87.85525512695312,89.0999984741211,89.73999786376953,88.33999633789062,88.48999786376953,2117200
2026-01-13,89.02863311767578,90.29000091552734,90.47000122070312,88.5,89.0,2173200
2026-01-14,90.04425048828125,91.31999969482422,91.66000366210938,90.05000305175781,90.2699966430664,3230600
2026-01-15,90.29075622558594,91.56999969482422,92.23999786376953,91.29000091552734,91.58000183105469,2176000
2026-01-16,91.25706481933594,92.55000305175781,92.56999969482422,90.75,91.2300033569336,2116700
2026-01-20,87.19461822509766,88.43000030517578,92.29000091552734,87.9000015258789,92.11000061035156,6771500
2026-01-21,84.77885437011719,85.9800033569336,88.98999786376953,83.91000366210938,88.80000305175781,11182300
2026-01-22,84.55206298828125,85.75,87.12000274658203,85.2699966430664,86.48999786376953,6330500
2026-01-23,84.73941040039062,85.94000244140625,86.75,85.38999938964844,85.77999877929688,4797100
2026-01-26,85.48878479003906,86.69999694824219,87.41000366210938,86.1500015258789,86.22000122070312,5039700
2026-01-27,85.89305877685547,87.11000061035156,87.55999755859375,86.0999984741211,86.68000030517578,3798000
2026-01-28,85.56767272949219,86.77999877929688,87.72000122070312,86.31999969482422,87.11000061035156,5611900
2026-01-29,85.8832015991211,87.0999984741211,87.73999786376953,86.01000213623047,87.47000122070312,5638800
2026-01-30,85.79446411132812,87.01000213623047,87.75,86.22000122070312,87.08000183105469,8028000
2026-02-02,85.0155029296875,86.22000122070312,87.75,85.79000091552734,87.0,3788500
2026-02-03,85.78459930419922,87.0,87.13999938964844,85.79000091552734,85.87999725341797,5622700
2026-02-04,85.41976928710938,86.62999725341797,87.69999694824219,86.37999725341797,87.5199966430664,4110000
2026-02-05,85.44934844970703,86.66000366210938,87.11000061035156,85.62999725341797,86.0,4490000
2026-02-06,86.13957214355469,87.36000061035156,88.08000183105469,86.20999908447266,87.55000305175781,4775500
2026-02-09,86.25789642333984,87.4800033569336,88.04000091552734,86.18000030517578,87.47000122070312,3696300
2026-02-10,88.4468765258789,89.69999694824219,90.05999755859375,87.33000183105469,87.9000015258789,4143400
2026-02-11,89.90620422363281,91.18000030517578,91.20999908447266,89.77999877929688,90.61000061035156,3670300
2026-02-12,91.49371337890625,92.79000091552734,93.36000061035156,91.20999908447266,91.4800033569336,4902300
2026-02-13,93.4559097290039,94.77999877929688,95.73999786376953,91.94000244140625,92.62999725341797,6225100
2026-02-17,91.6416244506836,92.94000244140625,95.5,92.80000305175781,95.16999816894531,3342100
2026-02-18,90.44852447509766,91.7300033569336,93.8499984741211,91.58000183105469,93.0199966430664,3420700
2026-02-19,91.67119598388672,92.97000122070312,93.08999633789062,91.62000274658203,91.8499984741211,2402900
2026-02-20,92.24309539794922,93.55000305175781,93.61000061035156,92.48999786376953,93.61000061035156,3255500
2026-02-23,92.29239654541016,93.5999984741211,94.80999755859375,93.05000305175781,93.45999908447266,2930700
2026-02-24,92.6572265625,93.97000122070312,94.37000274658203,92.25,93.66000366210938,2976400
2026-02-25,93.17982482910156,94.5,94.79000091552734,92.83999633789062,93.77999877929688,4172200
2026-02-26,93.87004089355469,95.19999694824219,97.44999694824219,94.01000213623047,95.7699966430664,4950900
2026-02-27,94.92509460449219,96.2699966430664,96.44999694824219,94.61000061035156,96.18000030517578,4816300
2026-03-02,94.3334732055664,95.66999816894531,96.44999694824219,95.16000366210938,96.12999725341797,3064200
2026-03-03,94.02781677246094,95.36000061035156,95.94000244140625,92.79000091552734,94.12000274658203,3245800
2026-03-04,94.05738830566406,95.38999938964844,96.23999786376953,94.55000305175781,96.20999908447266,2470300
2026-03-05,92.62764739990234,93.94000244140625,94.80999755859375,92.87999725341797,94.75,3905400
2026-03-06,91.33594512939453,92.62999725341797,93.26000213623047,91.18000030517578,92.4800033569336,3595100
2026-03-09,92.20365142822266,93.51000213623047,93.7699966430664,90.81999969482422,92.06999969482422,4064800
2026-03-10,91.67119598388672,92.97000122070312,94.23999786376953,92.56999969482422,93.11000061035156,4533200
2026-03-11,91.49371337890625,92.79000091552734,93.30999755859375,92.31999969482422,92.7699966430664,2131700
2026-03-12,91.88813018798828,93.19000244140625,94.12999725341797,91.94999694824219,92.41999816894531,3699000
2026-03-13,93.78129577636719,95.11000061035156,95.63999938964844,94.19999694824219,94.30999755859375,2782900
2026-03-16,94.5997085571289,95.94000244140625,96.4000015258789,95.0199966430664,96.13999938964844,3561800
2026-03-17,94.5997085571289,95.94000244140625,97.0,95.80999755859375,96.97000122070312,2949900
2026-03-18,93.7122802734375,95.04000091552734,96.08000183105469,95.0,95.5199966430664,3585500
2026-03-19,94.5741195678711,95.25,95.80999755859375,93.68000030517578,94.33999633789062,4734300
2026-03-20,91.06916809082031,91.72000122070312,95.80000305175781,91.16000366210938,95.44000244140625,5703700
2026-03-23,92.79682159423828,93.45999908447266,94.04000091552734,92.5199966430664,93.76000213623047,3344000
2026-03-24,94.32588958740234,95.0,95.6500015258789,92.72000122070312,92.79000091552734,3196600
2026-03-25,94.64362335205078,95.31999969482422,95.95999908447266,94.44999694824219,95.68000030517578,3699600
2026-03-26,94.862060546875,95.54000091552734,96.29000091552734,94.69000244140625,94.95999908447266,3411700
2026-03-27,95.19964599609375,95.87999725341797,97.08000183105469,95.02999877929688,95.41000366210938,3166600
2026-03-30,95.89468383789062,96.58000183105469,97.61000061035156,96.19999694824219,97.31999969482422,3303200
2026-03-31,96.4804916381836,97.16999816894531,97.44000244140625,96.2300033569336,97.18000030517578,4759900
2026-04-01,96.71879577636719,97.41000366210938,98.44999694824219,96.69000244140625,97.01000213623047,2598000
2026-04-02,98.49608612060547,99.19999694824219,99.27999877929688,97.0199966430664,97.33999633789062,3555800
2026-04-06,97.31453704833984,98.01000213623047,98.91000366210938,97.44999694824219,98.29000091552734,3127400
2026-04-07,97.76133728027344,98.45999908447266,99.11000061035156,97.55999755859375,97.80000305175781,2210200
2026-04-08,98.17835998535156,98.87999725341797,98.88999938964844,96.2699966430664,97.70999908447266,2888600
2026-04-09,99.04218292236328,99.75,101.04000091552734,98.41000366210938,98.75,2677000
2026-04-10,98.11878204345703,98.81999969482422,100.16000366210938,98.69000244140625,99.56999969482422,1880400
2026-04-13,95.54716491699219,96.2300033569336,98.7699966430664,95.37999725341797,98.6500015258789,3231800
2026-04-14,95.4776611328125,96.16000366210938,96.2699966430664,95.08999633789062,96.12000274658203,3837100
2026-04-15,94.79255676269531,95.47000122070312,96.41000366210938,95.02999877929688,95.95999908447266,2848800
2026-04-16,95.11029052734375,95.79000091552734,96.05000305175781,94.66000366210938,95.22000122070312,3611400
2026-04-17,93.35284423828125,94.0199966430664,95.80999755859375,92.93000030517578,95.4000015258789,4675800
2026-04-20,92.7173843383789,93.37999725341797,94.43000030517578,93.06999969482422,94.27999877929688,3513400
2026-04-21,92.48902130126953,93.1500015258789,94.58000183105469,92.72000122070312,94.5,2975000
2026-04-22,91.72447967529297,92.37999725341797,94.55000305175781,92.18000030517578,93.98999786376953,2921900
2026-04-23,93.2436294555664,93.91000366210938,94.12000274658203,92.69000244140625,92.91999816894531,4735500
2026-04-24,92.53865814208984,93.19999694824219,94.08000183105469,93.08000183105469,93.91000366210938,2724800
2026-04-27,91.80391693115234,92.45999908447266,94.05999755859375,92.30000305175781,93.23999786376953,3049900
2026-04-28,92.24079132080078,92.9000015258789,93.76000213623047,92.4800033569336,93.01000213623047,2627700
2026-04-29,91.98263549804688,92.63999938964844,93.5999984741211,92.30000305175781,92.3499984741211,2607800
2026-04-30,94.4450454711914,95.12000274658203,95.26000213623047,92.18000030517578,92.18000030517578,4745800
2026-05-01,93.99822998046875,94.66999816894531,96.05999755859375,94.38999938964844,95.19999694824219,2603500
2026-05-04,93.71028900146484,94.37999725341797,95.11000061035156,93.51000213623047,94.16000366210938,2411100
2026-05-05,93.70036315917969,94.37000274658203,95.29000091552734,94.29000091552734,94.58999633789062,2329700
2026-05-06,93.00532531738281,93.66999816894531,94.0999984741211,92.37000274658203,93.77999877929688,4183800
2026-05-07,90.92022705078125,91.56999969482422,92.19999694824219,89.62000274658203,92.18000030517578,4261000
2026-05-08,90.8805160522461,91.52999877929688,93.33999633789062,91.5,92.44999694824219,4296600
2026-05-11,92.17129516601562,92.83000183105469,93.7300033569336,91.5,91.97000122070312,3850300
2026-05-12,92.74717712402344,93.41000366210938,94.08999633789062,91.69000244140625,91.69000244140625,4276800
2026-05-13,91.02944946289062,91.68000030517578,93.11000061035156,91.63999938964844,92.9000015258789,4786900
2026-05-14,92.20108032226562,92.86000061035156,92.9800033569336,91.94999694824219,92.19000244140625,3424400
2026-05-15,89.78832244873047,90.43000030517578,92.0199966430664,89.68000030517578,91.81999969482422,5374000
2026-05-18,89.5897445678711,90.2300033569336,91.19000244140625,88.97000122070312,90.94999694824219,3054300
2026-05-19,90.66207122802734,91.30999755859375,91.37000274658203,89.51000213623047,90.04000091552734,3271400
2026-05-20,90.8110122680664,91.45999908447266,92.08000183105469,90.87999725341797,91.5999984741211,2637700
2026-05-21,90.90037536621094,91.55000305175781,91.98999786376953,90.76000213623047,91.4800033569336,1886800
2026-05-22,92.1415023803711,92.80000305175781,93.02999877929688,91.26000213623047,91.91000366210938,2201900
2026-05-26,90.90037536621094,91.55000305175781,93.36000061035156,91.48999786376953,93.33999633789062,2198700
2026-05-27,90.61243438720703,91.26000213623047,91.6500015258789,90.58000183105469,91.2300033569336,2603200
2026-05-28,89.39115905761719,90.02999877929688,91.41999816894531,89.4800033569336,91.16999816894531,2995200
2026-05-29,88.49754333496094,89.12999725341797,90.52999877929688,88.58999633789062,90.5,9729000
2026-06-01,86.51173400878906,87.12999725341797,89.37000274658203,87.0999984741211,88.22000122070312,2968100
2026-06-02,88.91456604003906,89.55000305175781,89.6500015258789,87.66000366210938,87.66000366210938,4150800
2026-06-03,88.89470672607422,89.52999877929688,91.25,89.19999694824219,89.79000091552734,4513500
2026-06-04,89.6989517211914,90.33999633789062,90.61000061035156,89.02999877929688,89.54000091552734,2274600
2026-06-05,90.77129364013672,91.41999816894531,92.12000274658203,90.45999908447266,90.45999908447266,2958500
2026-06-08,88.36846923828125,89.0,91.68000030517578,88.9800033569336,91.4800033569336,3633600
2026-06-09,90.22520446777344,90.87000274658203,91.05999755859375,89.0999984741211,89.5999984741211,3770200
2026-06-10,90.38406372070312,91.02999877929688,91.73999786376953,90.41999816894531,91.55000305175781,3146100
2026-06-11,90.89044189453125,91.54000091552734,92.68000030517578,91.25,91.44000244140625,4148400
2026-06-12,91.63512420654297,92.29000091552734,92.95999908447266,91.72000122070312,91.72000122070312,3057700
2026-06-15,91.27767944335938,91.93000030517578,92.6500015258789,91.19999694824219,91.87999725341797,4876800
2026-06-16,91.11880493164062,91.7699966430664,92.9800033569336,91.62999725341797,92.02999877929688,5062700
2026-06-17,89.6095962524414,90.25,91.91000366210938,89.80000305175781,91.05000305175781,5537100
2026-06-18,90.04647827148438,90.69000244140625,91.56999969482422,89.83999633789062,90.43000030517578,9725500
2026-06-22,90.96987915039062,91.62000274658203,92.13999938964844,90.0,90.66999816894531,4648600
2026-06-23,91.63512420654297,92.29000091552734,92.47000122070312,91.08999633789062,91.83999633789062,5280300
2026-06-24,92.07200622558594,92.7300033569336,92.93000030517578,91.48999786376953,92.72000122070312,2976700
2026-06-25,93.43000030517578,93.43000030517578,93.63999938964844,91.66999816894531,92.55999755859375,4571600
2026-06-26,94.2699966430664,94.2699966430664,94.30999755859375,92.9000015258789,93.81999969482422,4169600
2026-06-29,93.91000366210938,93.91000366210938,94.55999755859375,93.11000061035156,93.8499984741211,5045000
2026-06-30,92.70999908447266,92.70999908447266,93.76000213623047,92.43000030517578,93.33000183105469,7164500
2026-07-01,91.37000274658203,91.37000274658203,93.11000061035156,91.27999877929688,92.31999969482422,3620200
2026-07-02,93.05999755859375,93.05999755859375,93.19999694824219,91.83000183105469,92.16000366210938,2169900
2026-07-06,92.94999694824219,92.94999694824219,93.31999969482422,92.16999816894531,93.0199966430664,3101200
2026-07-07,94.58999633789062,94.58999633789062,95.51000213623047,93.41000366210938,93.9000015258789,2541900
2026-07-08,95.33000183105469,95.33000183105469,96.0199966430664,94.41000366210938,95.0999984741211,3113600
2026-07-09,94.62000274658203,94.62000274658203,95.97000122070312,93.8499984741211,95.51000213623047,3593100
2026-07-10,94.19999694824219,94.19999694824219,95.01000213623047,93.80000305175781,94.61000061035156,2409900
2026-07-13,94.41000366210938,94.41000366210938,95.33000183105469,93.97000122070312,94.55000305175781,2455000
2026-07-14,93.36000061035156,93.36000061035156,95.61000061035156,93.31999969482422,95.05999755859375,2330300
2026-07-15,92.77999877929688,92.77999877929688,94.23999786376953,92.45999908447266,93.2300033569336,2495500
2026-07-16,93.1500015258789,93.1500015258789,93.47000122070312,92.3499984741211,92.51000213623047,2289500
2026-07-17,92.25,92.25,95.12000274658203,92.19000244140625,94.55000305175781,3297600
2026-07-20,90.69000244140625,90.69000244140625,93.33999633789062,90.66000366210938,92.51000213623047,2440000
2026-07-21,90.58999633789062,90.58999633789062,90.75,89.4000015258789,90.33999633789062,2604700
2026-07-22,93.05000305175781,93.05000305175781,93.41000366210938,91.36000061035156,91.62999725341797,2991300
2026-07-23,93.44000244140625,93.44000244140625,94.20999908447266,92.45999908447266,92.9000015258789,2473900
2026-07-24,92.9800033569336,92.9800033569336,94.25,92.76000213623047,93.83000183105469,2577600
