Date,Adj Close,Close,High,Low,Open,Volume
2015-01-02,49.80070495605469,76.94999694824219,77.19999694824219,75.98999786376953,76.05000305175781,1794700
2015-01-05,50.41554260253906,77.9000015258789,78.0999984741211,76.43000030517578,76.70999908447266,2066500
2015-01-06,51.13390350341797,79.01000213623047,79.41000366210938,75.30999755859375,77.68000030517578,2897700
2015-01-07,51.606346130371094,79.73999786376953,80.05000305175781,78.61000061035156,79.01000213623047,2736500
2015-01-08,51.392784118652344,79.41000366210938,80.19999694824219,78.54000091552734,80.08999633789062,2459700
2015-01-09,51.444541931152344,79.48999786376953,80.05000305175781,78.44000244140625,79.27999877929688,1845600
2015-01-12,52.22117233276367,80.69000244140625,80.83000183105469,79.69000244140625,79.76000213623047,1644900
2015-01-13,52.337677001953125,80.87000274658203,81.33000183105469,80.38999938964844,80.63999938964844,1908400
2015-01-14,53.004268646240234,81.9000015258789,81.94000244140625,80.45999908447266,80.61000061035156,2302200
2015-01-15,53.8261833190918,83.16999816894531,83.25,81.36000061035156,81.93000030517578,3080900
2015-01-16,54.563968658447266,84.30999755859375,84.41999816894531,82.88999938964844,83.27999877929688,3164300
2015-01-20,53.95561599731445,83.37000274658203,84.87999725341797,83.0,84.4000015258789,3071000
2015-01-21,53.3472785949707,82.43000030517578,83.3499984741211,81.7300033569336,83.20999908447266,2858500
2015-01-22,53.709678649902344,82.98999786376953,83.27999877929688,82.44000244140625,82.55999755859375,3341800
2015-01-23,53.86500549316406,83.2300033569336,83.5,82.72000122070312,83.13999938964844,2160800
2015-01-26,53.76792526245117,83.08000183105469,83.2300033569336,81.93000030517578,83.0199966430664,2038200
2015-01-27,53.72911071777344,83.0199966430664,83.66999816894531,82.72000122070312,82.91999816894531,1579300
2015-01-28,53.7420539855957,83.04000091552734,83.91000366210938,83.02999877929688,83.08999633789062,2317800
2015-01-29,54.19508361816406,83.73999786376953,83.76000213623047,82.70999908447266,82.9800033569336,2367800
2015-01-30,53.0366325378418,81.94999694824219,83.62999725341797,81.91000366210938,83.54000091552734,2640400
2015-02-02,53.0366325378418,81.94999694824219,82.05000305175781,80.19999694824219,81.81999969482422,2614600
2015-02-03,52.91364669799805,81.76000213623047,82.0,80.3499984741211,82.0,2884600
2015-02-04,52.240596771240234,80.72000122070312,81.5,80.33000183105469,81.5,2596900
2015-02-05,52.82952880859375,81.62999725341797,81.69999694824219,80.4000015258789,81.22000122070312,1882800
2015-02-06,50.50530242919922,77.25,81.0999984741211,76.97000122070312,81.0999984741211,3838400
2015-02-09,50.38761901855469,77.06999969482422,77.77999877929688,76.95999908447266,77.18000030517578,1885100
2015-02-10,50.668758392333984,77.5,77.70999908447266,76.51000213623047,77.06999969482422,2144700
2015-02-11,50.498741149902344,77.23999786376953,78.23999786376953,76.38999938964844,77.68000030517578,2511400
2015-02-12,50.63605880737305,77.44999694824219,77.80000305175781,76.8499984741211,77.33999633789062,1613900
2015-02-13,50.42030334472656,77.12000274658203,77.52999877929688,76.5199966430664,77.26000213623047,1267400
2015-02-17,50.32223892211914,76.97000122070312,77.94999694824219,76.62999725341797,76.77999877929688,1711400
2015-02-18,51.06755447387695,78.11000061035156,78.16999816894531,76.23999786376953,77.16999816894531,2259600
2015-02-19,49.83190155029297,76.22000122070312,77.79000091552734,76.05999755859375,77.79000091552734,2004700
2015-02-20,51.028316497802734,78.05000305175781,78.44999694824219,76.3499984741211,76.66000366210938,4007900
2015-02-23,51.446746826171875,78.69000244140625,78.7300033569336,77.56999969482422,78.04000091552734,2953600
2015-02-24,50.01493835449219,76.5,77.52999877929688,76.05000305175781,76.30000305175781,16363900
2015-02-25,50.75374221801758,77.62999725341797,78.33999633789062,76.83000183105469,76.9000015258789,4391200
2015-02-26,49.73384094238281,76.06999969482422,77.87000274658203,75.95999908447266,77.75,2865000
2015-02-27,50.41375732421875,77.11000061035156,77.12000274658203,75.6500015258789,76.33999633789062,2660100
2015-03-02,50.59027862548828,77.37999725341797,78.43000030517578,77.2300033569336,77.44000244140625,2900200
2015-03-03,50.71451950073242,77.56999969482422,77.80999755859375,76.80000305175781,77.69000244140625,1964600
2015-03-04,50.158790588378906,76.72000122070312,78.19000244140625,76.52999877929688,77.51000213623047,2064200
2015-03-05,50.13262939453125,76.68000030517578,77.75,76.66000366210938,77.0199966430664,2015100
2015-03-06,48.132041931152344,73.62000274658203,75.61000061035156,73.19999694824219,75.61000061035156,4831300
2015-03-09,48.63545608520508,74.38999938964844,74.5999984741211,73.66999816894531,73.91999816894531,2934800
2015-03-10,48.988494873046875,74.93000030517578,75.44999694824219,74.12999725341797,74.20999908447266,3302400
2015-03-11,48.530860900878906,74.2300033569336,75.13999938964844,73.86000061035156,74.80999755859375,1924400
2015-03-12,49.230411529541016,75.30000305175781,75.4000015258789,74.58999633789062,74.58999633789062,2030400
2015-03-13,49.04734802246094,75.0199966430664,75.73999786376953,74.61000061035156,75.36000061035156,1415000
2015-03-16,49.165035247802734,75.19999694824219,76.22000122070312,75.02999877929688,75.26000213623047,2653200
2015-03-17,48.81196975708008,74.66000366210938,75.63999938964844,74.58000183105469,75.19999694824219,2510100
2015-03-18,50.32223892211914,76.97000122070312,77.29000091552734,74.30000305175781,74.66999816894531,3301700
2015-03-19,50.198028564453125,76.77999877929688,77.63999938964844,76.61000061035156,77.05000305175781,2538100
2015-03-20,51.73444366455078,79.12999725341797,79.12999725341797,76.55000305175781,76.55000305175781,6907600
2015-03-23,51.91093826293945,79.4000015258789,80.3499984741211,78.76000213623047,78.93000030517578,2300200
2015-03-24,51.70826721191406,79.08999633789062,79.6500015258789,78.79000091552734,79.19000244140625,2463500
2015-03-25,50.94987106323242,77.93000030517578,79.5999984741211,77.77999877929688,79.19000244140625,1874600
2015-03-26,50.60336685180664,77.4000015258789,78.0,77.16999816894531,77.45999908447266,1946100
2015-03-27,50.851802825927734,77.77999877929688,78.26000213623047,77.2699966430664,77.58999633789062,1798500
2015-03-30,51.459842681884766,78.70999908447266,78.7699966430664,77.58999633789062,78.02999877929688,1665400
2015-03-31,50.57720184326172,77.36000061035156,78.6500015258789,77.30000305175781,78.43000030517578,3228200
2015-04-01,50.47260665893555,77.19999694824219,77.45999908447266,76.77999877929688,77.45999908447266,2044200
2015-04-02,50.88449478149414,77.83000183105469,78.08999633789062,76.95999908447266,77.1500015258789,1804000
2015-04-06,51.93711471557617,79.44000244140625,79.5999984741211,78.11000061035156,78.12000274658203,2558400
2015-04-07,51.07410430908203,78.12000274658203,79.19999694824219,78.04000091552734,79.19999694824219,2749900
2015-04-08,51.15254211425781,78.23999786376953,78.62999725341797,77.97000122070312,78.3499984741211,1630300
2015-04-09,50.139183044433594,76.69000244140625,78.33999633789062,76.52999877929688,78.19000244140625,1697300
2015-04-10,49.81227493286133,76.19000244140625,77.3499984741211,75.86000061035156,76.9000015258789,1454400
2015-04-13,49.35462951660156,75.48999786376953,76.31999969482422,75.48999786376953,76.05999755859375,1816500
2015-04-14,49.80574417114258,76.18000030517578,76.63999938964844,75.83999633789062,75.83999633789062,1191400
2015-04-15,49.31539535522461,75.43000030517578,76.58000183105469,75.37999725341797,76.12999725341797,1633900
2015-04-16,49.4461555480957,75.62999725341797,76.04000091552734,74.91999816894531,75.19999694824219,1213700
2015-04-17,49.20426940917969,75.26000213623047,76.06999969482422,75.0199966430664,75.55999755859375,1413700
2015-04-20,49.19770431518555,75.25,75.68000030517578,75.0,75.33999633789062,1105400
2015-04-21,49.18465042114258,75.2300033569336,76.04000091552734,75.19000244140625,75.62999725341797,1226200
2015-04-22,49.32194137573242,75.44000244140625,75.79000091552734,75.06999969482422,75.11000061035156,1245100
2015-04-23,49.57038879394531,75.81999969482422,76.01000213623047,75.23999786376953,75.38999938964844,1289200
2015-04-24,49.59653854370117,75.86000061035156,76.33999633789062,75.55999755859375,75.79000091552734,1055300
2015-04-27,49.50498962402344,75.72000122070312,76.58000183105469,75.44999694824219,76.0199966430664,1513600
2015-04-28,49.43962860107422,75.62000274658203,75.97000122070312,75.01000213623047,75.45999908447266,1181800
2015-04-29,48.35432815551758,73.95999908447266,75.61000061035156,73.62999725341797,74.88999938964844,2017300
2015-04-30,47.08597183227539,72.0199966430664,73.94000244140625,71.52999877929688,73.68000030517578,3481400
2015-05-01,47.24289321899414,72.26000213623047,73.0,72.08999633789062,72.25,1969400
2015-05-04,47.15789794921875,72.12999725341797,73.0,72.0,72.58999633789062,1503000
2015-05-05,46.569480895996094,71.2300033569336,72.25,70.98999786376953,72.0199966430664,1895100
2015-05-06,46.28181838989258,70.79000091552734,71.37999725341797,70.48999786376953,71.1500015258789,2268700
2015-05-07,46.72639465332031,71.47000122070312,71.97000122070312,70.80999755859375,70.94999694824219,2692500
2015-05-08,47.72844314575195,72.16000366210938,73.16000366210938,71.45999908447266,71.47000122070312,1923600
2015-05-11,46.789222717285156,70.73999786376953,72.23999786376953,70.58999633789062,71.94999694824219,2053800
2015-05-12,46.91489791870117,70.93000030517578,71.33000183105469,69.7699966430664,70.20999908447266,1854600
2015-05-13,46.359283447265625,70.08999633789062,71.6500015258789,69.9000015258789,71.0999984741211,2686700
2015-05-14,47.06041717529297,71.1500015258789,71.18000030517578,70.19000244140625,70.3499984741211,1825300
2015-05-15,47.89381408691406,72.41000366210938,72.6500015258789,71.31999969482422,71.4000015258789,2785500
2015-05-18,47.51018524169922,71.83000183105469,72.2300033569336,71.38999938964844,72.0,1935500
2015-05-19,47.33821487426758,71.56999969482422,72.23999786376953,71.3499984741211,71.54000091552734,1646400
2015-05-20,47.33821487426758,71.56999969482422,72.08000183105469,71.37000274658203,71.91000366210938,1659200
2015-05-21,47.11993408203125,71.23999786376953,71.66999816894531,70.91000366210938,71.66000366210938,2095700
2015-05-22,46.86859893798828,70.86000061035156,71.47000122070312,70.25,70.98999786376953,1438500
2015-05-26,46.68339157104492,70.58000183105469,71.04000091552734,70.19999694824219,71.0,2205900
2015-05-27,47.04056167602539,71.12000274658203,71.33000183105469,70.44000244140625,70.83999633789062,1348600
2015-05-28,46.848758697509766,70.83000183105469,71.19000244140625,70.33000183105469,71.19000244140625,1566800
2015-05-29,46.471744537353516,70.26000213623047,71.02999877929688,70.0,70.9000015258789,3784800
2015-06-01,47.053794860839844,71.13999938964844,71.47000122070312,70.26000213623047,70.41999816894531,1932600
2015-06-02,46.65031051635742,70.52999877929688,70.91999816894531,70.20999908447266,70.88999938964844,2206700
2015-06-03,45.83015823364258,69.29000091552734,70.44999694824219,69.22000122070312,70.30999755859375,2643800
2015-06-04,46.048439025878906,69.62000274658203,70.19000244140625,68.6500015258789,69.08999633789062,4032100
2015-06-05,44.851234436035156,67.80999755859375,68.88999938964844,67.7699966430664,68.62999725341797,2935500
2015-06-08,45.2282600402832,68.37999725341797,68.88999938964844,67.61000061035156,67.87000274658203,2087500
2015-06-09,44.851234436035156,67.80999755859375,68.54000091552734,67.69000244140625,68.30999755859375,1444200
2015-06-10,45.181968688964844,68.30999755859375,68.87000274658203,67.62000274658203,67.7699966430664,1566000
2015-06-11,45.26131820678711,68.43000030517578,68.87000274658203,68.30000305175781,68.72000122070312,2004100
2015-06-12,44.950477600097656,67.95999908447266,68.7300033569336,67.9000015258789,68.33999633789062,1563300
2015-06-15,44.65943908691406,67.5199966430664,67.94999694824219,67.37000274658203,67.83000183105469,1932500
2015-06-16,44.97692108154297,68.0,68.38999938964844,67.4800033569336,67.61000061035156,2024300
2015-06-17,45.12905502319336,68.2300033569336,68.3499984741211,67.31999969482422,68.04000091552734,3059900
2015-06-18,45.5589599609375,68.87999725341797,69.52999877929688,68.2300033569336,68.51000213623047,2374300
2015-06-19,45.46636962890625,68.73999786376953,69.26000213623047,68.2300033569336,68.88999938964844,3196900
2015-06-22,44.67928695678711,67.55000305175781,69.04000091552734,67.4800033569336,69.04000091552734,1944100
2015-06-23,44.33533477783203,67.02999877929688,67.87999725341797,66.6500015258789,67.41000366210938,1661500
2015-06-24,43.998008728027344,66.5199966430664,67.41000366210938,66.41000366210938,67.12999725341797,3234900
2015-06-25,43.640830993652344,65.9800033569336,66.73999786376953,65.91999816894531,66.51000213623047,2636800
2015-06-26,43.90541076660156,66.37999725341797,66.62999725341797,65.69999694824219,66.04000091552734,2027400
2015-06-29,43.495330810546875,65.76000213623047,67.22000122070312,65.72000122070312,66.37999725341797,2430600
2015-06-30,43.40934371948242,65.62999725341797,66.41999816894531,65.4800033569336,66.3499984741211,2496500
2015-07-01,43.885562896728516,66.3499984741211,66.37000274658203,65.37000274658203,66.0,3443600
2015-07-02,43.806190490722656,66.2300033569336,67.62999725341797,66.08999633789062,66.87999725341797,2309400
2015-07-06,44.0509147644043,66.5999984741211,66.66000366210938,65.87999725341797,65.87999725341797,1720800
2015-07-07,45.175350189208984,68.30000305175781,68.4000015258789,66.69000244140625,66.9800033569336,2323200
2015-07-08,45.439910888671875,68.69999694824219,69.06999969482422,67.6500015258789,68.06999969482422,2689700
2015-07-09,45.201805114746094,68.33999633789062,69.44000244140625,68.23999786376953,69.13999938964844,2270700
2015-07-10,45.47299575805664,68.75,69.47000122070312,68.27999877929688,68.80000305175781,1835400
2015-07-13,45.28116226196289,68.45999908447266,69.52999877929688,67.94999694824219,69.20999908447266,1907300
2015-07-14,45.06291198730469,68.12999725341797,68.76000213623047,68.05999755859375,68.70999908447266,1448400
2015-07-15,44.666053771972656,67.52999877929688,68.25,67.37999725341797,68.12999725341797,3136900
2015-07-16,44.666053771972656,67.52999877929688,68.0,67.06999969482422,67.69999694824219,2798800
2015-07-17,44.51392364501953,67.30000305175781,67.63999938964844,66.9800033569336,67.55000305175781,1744100
2015-07-20,44.53377151489258,67.33000183105469,67.43000030517578,66.80000305175781,67.26000213623047,1548300
2015-07-21,44.38164520263672,67.0999984741211,67.55000305175781,66.94999694824219,67.2699966430664,1914100
2015-07-22,44.75204086303711,67.66000366210938,67.80000305175781,67.0199966430664,67.05999755859375,1570000
2015-07-23,44.33533477783203,67.02999877929688,67.7300033569336,66.5999984741211,67.5,1418500
2015-07-24,44.85785675048828,67.81999969482422,68.08999633789062,66.80000305175781,66.9000015258789,1561100
2015-07-27,45.43330383300781,68.69000244140625,68.80000305175781,67.76000213623047,67.81999969482422,2507000
2015-07-28,45.4068489074707,68.6500015258789,69.08999633789062,68.4000015258789,68.70999908447266,2048700
2015-07-29,45.84339141845703,69.30999755859375,69.4800033569336,68.01000213623047,68.54000091552734,2050400
2015-07-30,45.51266860961914,68.80999755859375,69.56999969482422,68.55999755859375,69.12999725341797,1631600
2015-07-31,45.88307571411133,69.37000274658203,70.19000244140625,69.20999908447266,69.45999908447266,1792100
2015-08-03,46.187320709228516,69.83000183105469,69.83999633789062,69.26000213623047,69.30999755859375,2177800
2015-08-04,45.777244567871094,69.20999908447266,70.22000122070312,69.0,69.22000122070312,2544800
2015-08-05,45.3406982421875,68.55000305175781,69.94000244140625,68.11000061035156,69.45999908447266,2923400
2015-08-06,45.301029205322266,68.48999786376953,68.5999984741211,66.97000122070312,68.51000213623047,2968600
2015-08-07,45.52529525756836,68.0,68.27999877929688,66.83000183105469,67.66999816894531,2017700
2015-08-10,45.103519439697266,67.37000274658203,68.23999786376953,67.08999633789062,68.12000274658203,1723800
2015-08-11,45.398094177246094,67.80999755859375,68.61000061035156,67.41000366210938,67.44999694824219,1857300
2015-08-12,45.65920639038086,68.19999694824219,68.22000122070312,67.08000183105469,67.75,5850300
2015-08-13,45.424861907958984,67.8499984741211,68.26000213623047,66.91999816894531,67.68000030517578,2385400
2015-08-14,45.47842788696289,67.93000030517578,68.16000366210938,67.26000213623047,67.63999938964844,2342300
2015-08-17,46.429107666015625,69.3499984741211,69.4000015258789,68.0199966430664,68.05000305175781,3302300
2015-08-18,46.41572570800781,69.33000183105469,69.5999984741211,69.08999633789062,69.30999755859375,1700900
2015-08-19,46.23497009277344,69.05999755859375,69.38999938964844,68.54000091552734,68.91000366210938,1706200
2015-08-20,46.4425048828125,69.37000274658203,69.66000366210938,68.33999633789062,68.77999877929688,2341500
2015-08-21,45.806495666503906,68.41999816894531,69.7699966430664,68.41999816894531,69.29000091552734,2857300
2015-08-24,44.0256462097168,65.76000213623047,66.88999938964844,65.61000061035156,66.30999755859375,5944700
2015-08-25,42.37199783325195,63.290000915527344,66.95999908447266,63.2400016784668,66.58999633789062,3320000
2015-08-26,43.12853240966797,64.41999816894531,64.52999877929688,62.9900016784668,64.19999694824219,3289100
2015-08-27,43.73106384277344,65.31999969482422,66.12999725341797,64.1500015258789,65.2699966430664,2861000
2015-08-28,43.57039260864258,65.08000183105469,65.5,64.56999969482422,65.37000274658203,1916500
2015-08-31,42.412166595458984,63.349998474121094,65.0,63.29999923706055,64.98999786376953,2826100
2015-09-01,41.76945877075195,62.38999938964844,62.84000015258789,61.900001525878906,62.58000183105469,2545700
2015-09-02,42.32514572143555,63.220001220703125,63.540000915527344,62.47999954223633,63.09000015258789,2326800
2015-09-03,42.08412170410156,62.86000061035156,63.5,62.689998626708984,63.400001525878906,1631000
2015-09-04,41.120052337646484,61.41999816894531,62.54999923706055,61.0,62.36000061035156,1720200
2015-09-08,41.89665985107422,62.58000183105469,62.75,61.869998931884766,62.20000076293945,2307500
2015-09-09,41.4481086730957,61.90999984741211,63.18000030517578,61.79999923706055,62.97999954223633,2321100
2015-09-10,41.40793991088867,61.849998474121094,62.70000076293945,61.63999938964844,61.849998474121094,1754200
2015-09-11,42.05064010620117,62.810001373291016,62.83000183105469,61.599998474121094,61.7400016784668,1331400
2015-09-14,42.412166595458984,63.349998474121094,63.38999938964844,62.61000061035156,63.06999969482422,2074400
2015-09-15,42.71344757080078,63.79999923706055,64.16000366210938,62.849998474121094,63.36000061035156,1541700
2015-09-16,43.168697357177734,64.4800033569336,64.70999908447266,63.65999984741211,63.65999984741211,1214200
2015-09-17,44.30683517456055,66.18000030517578,67.5,64.08999633789062,64.47000122070312,2921400
2015-09-18,45.096832275390625,67.36000061035156,68.37999725341797,65.1500015258789,65.20999908447266,5513600
2015-09-21,45.344539642333984,67.7300033569336,68.0999984741211,67.1500015258789,67.43000030517578,2252000
2015-09-22,45.21733093261719,67.54000091552734,67.97000122070312,67.22000122070312,67.29000091552734,2145700
2015-09-23,45.632423400878906,68.16000366210938,68.43000030517578,67.23999786376953,67.5,1817900
2015-09-24,45.46504592895508,67.91000366210938,68.4800033569336,67.51000213623047,68.05999755859375,2306800
2015-09-25,45.290985107421875,67.6500015258789,68.4000015258789,67.51000213623047,67.9800033569336,2243200
2015-09-28,44.25996017456055,66.11000061035156,67.5,65.72000122070312,67.47000122070312,2327600
2015-09-29,45.076744079589844,67.33000183105469,67.48999786376953,65.77999877929688,66.05999755859375,2814700
2015-09-30,45.33784484863281,67.72000122070312,68.45999908447266,67.2300033569336,67.69000244140625,2077400
2015-10-01,45.32445526123047,67.69999694824219,68.1500015258789,66.95999908447266,68.0,1832200
2015-10-02,45.67927932739258,68.2300033569336,68.2300033569336,67.02999877929688,67.33999633789062,1878800
2015-10-05,46.33538055419922,69.20999908447266,69.25,68.1500015258789,68.44000244140625,2131900
2015-10-06,46.261741638183594,69.0999984741211,69.37999725341797,68.69000244140625,69.19000244140625,1477100
2015-10-07,46.60987854003906,69.62000274658203,69.63999938964844,68.54000091552734,69.06999969482422,2024000
2015-10-08,46.63665771484375,69.66000366210938,69.81999969482422,68.83999633789062,69.62000274658203,2014400
2015-10-09,46.36886215209961,69.26000213623047,69.69999694824219,69.01000213623047,69.52999877929688,1496700
2015-10-12,46.228271484375,69.05000305175781,69.68000030517578,68.75,69.26000213623047,1669600
2015-10-13,46.18140411376953,68.9800033569336,69.37999725341797,68.44999694824219,68.44999694824219,1331400
2015-10-14,45.31106948852539,67.68000030517578,69.26000213623047,67.48999786376953,69.01000213623047,1857800
2015-10-15,45.76631546020508,68.36000061035156,68.38999938964844,67.52999877929688,67.68000030517578,1707900
2015-10-16,46.39564514160156,69.30000305175781,69.41000366210938,67.33000183105469,67.6500015258789,1598600
2015-10-19,46.9580078125,70.13999938964844,70.16999816894531,69.12000274658203,69.25,1461300
2015-10-20,46.66343307495117,69.69999694824219,70.16000366210938,69.27999877929688,69.87000274658203,1392200
2015-10-21,47.23250198364258,70.55000305175781,70.86000061035156,69.73999786376953,69.94000244140625,1527500
2015-10-22,47.473514556884766,70.91000366210938,71.25,70.27999877929688,70.79000091552734,2271900
2015-10-23,45.84665298461914,68.4800033569336,70.94000244140625,68.0,70.62000274658203,2906900
2015-10-26,45.411495208740234,67.83000183105469,68.47000122070312,66.5,68.2300033569336,3147300
2015-10-27,45.57215881347656,68.06999969482422,68.13999938964844,67.0999984741211,67.72000122070312,1945800
2015-10-28,44.73529815673828,66.81999969482422,68.27999877929688,66.2699966430664,68.18000030517578,3092400
2015-10-29,44.82232666015625,66.94999694824219,67.06999969482422,66.25,66.54000091552734,2899400
2015-10-30,43.42980194091797,64.87000274658203,67.75,64.05000305175781,66.76000213623047,4094900
2015-11-02,44.092594146728516,65.86000061035156,65.86000061035156,64.44999694824219,64.73999786376953,2987800
2015-11-03,43.382938385009766,64.80000305175781,66.13999938964844,64.44000244140625,65.77999877929688,2836600
2015-11-04,43.36284637451172,64.7699966430664,65.11000061035156,64.56999969482422,64.87999725341797,2239000
2015-11-05,43.46327590942383,64.91999816894531,65.02999877929688,64.13999938964844,64.62999725341797,2910900
2015-11-06,41.378089904785156,61.02000045776367,64.38999938964844,60.529998779296875,63.70000076293945,4082100
2015-11-09,40.015098571777344,59.0099983215332,61.029998779296875,58.61000061035156,60.75,4334000
2015-11-10,40.27956008911133,59.400001525878906,60.06999969482422,58.849998474121094,59.18000030517578,3335400
2015-11-11,40.015098571777344,59.0099983215332,59.84000015258789,58.959999084472656,59.630001068115234,1674300
2015-11-12,40.272769927978516,59.38999938964844,59.83000183105469,58.369998931884766,59.0099983215332,3508800
2015-11-13,39.47261428833008,58.209999084472656,60.16999816894531,58.189998626708984,59.66999816894531,3097400
2015-11-16,40.096466064453125,59.130001068115234,59.540000915527344,58.20000076293945,58.209999084472656,2707600
2015-11-17,39.90660095214844,58.849998474121094,59.459999084472656,58.209999084472656,58.209999084472656,2178100
2015-11-18,40.394832611083984,59.56999969482422,59.630001068115234,58.65999984741211,59.13999938964844,2080300
2015-11-19,41.059383392333984,60.54999923706055,60.779998779296875,59.68000030517578,59.77000045776367,3078700
2015-11-20,41.81886291503906,61.66999816894531,61.75,60.599998474121094,60.939998626708984,3401600
2015-11-23,42.2121696472168,62.25,62.75,61.86000061035156,62.290000915527344,3119500
2015-11-24,42.22571563720703,62.27000045776367,62.58000183105469,61.88999938964844,62.08000183105469,3015500
2015-11-25,42.35456085205078,62.459999084472656,62.7400016784668,62.11000061035156,62.34000015258789,1740700
2015-11-27,42.84959030151367,63.189998626708984,63.38999938964844,62.369998931884766,62.43000030517578,1005000
2015-11-30,42.84959030151367,63.189998626708984,64.05999755859375,62.790000915527344,63.18000030517578,5552900
2015-12-01,43.9481086730957,64.80999755859375,64.81999969482422,63.650001525878906,63.650001525878906,3109000
2015-12-02,43.025882720947266,63.45000076293945,64.9800033569336,63.33000183105469,64.51000213623047,2843300
2015-12-03,42.52409362792969,62.709999084472656,63.369998931884766,62.279998779296875,63.02000045776367,3332600
2015-12-04,43.16151428222656,63.650001525878906,63.77000045776367,62.779998779296875,63.060001373291016,2624500
2015-12-07,43.50056838989258,64.1500015258789,64.55999755859375,63.380001068115234,63.66999816894531,2449800
2015-12-08,43.65654373168945,64.37999725341797,64.9800033569336,64.0,64.25,2345400
2015-12-09,43.514122009277344,64.16999816894531,64.70999908447266,63.54999923706055,63.93000030517578,1924000
2015-12-10,42.59189987182617,62.810001373291016,64.22000122070312,62.75,64.08000183105469,3245100
2015-12-11,42.8631477355957,63.209999084472656,63.70000076293945,62.5,62.5,2610000
2015-12-14,43.0869255065918,63.540000915527344,63.63999938964844,62.7599983215332,62.9900016784668,2277600
2015-12-15,43.812496185302734,64.61000061035156,64.88999938964844,64.04000091552734,64.06999969482422,2474300
2015-12-16,44.917808532714844,66.23999786376953,66.47000122070312,64.75,64.77999877929688,2492400
2015-12-17,44.761844635009766,66.01000213623047,66.23999786376953,65.58000183105469,65.97000122070312,2399200
2015-12-18,44.246482849121094,65.25,66.26000213623047,64.9800033569336,66.01000213623047,4534700
2015-12-21,44.388885498046875,65.45999908447266,66.12999725341797,65.05999755859375,65.93000030517578,1528300
2015-12-22,44.86355972290039,66.16000366210938,66.54000091552734,65.51000213623047,65.7300033569336,1678800
2015-12-23,45.45350646972656,67.02999877929688,67.06999969482422,66.11000061035156,66.19000244140625,1782200
2015-12-24,45.45350646972656,67.02999877929688,67.23999786376953,66.5999984741211,67.06999969482422,637200
2015-12-28,45.78578567504883,67.5199966430664,67.5199966430664,66.66000366210938,66.98999786376953,1167100
2015-12-29,46.45713806152344,68.51000213623047,68.55999755859375,67.52999877929688,67.72000122070312,1910100
2015-12-30,46.32828140258789,68.31999969482422,68.76000213623047,68.11000061035156,68.44000244140625,996300
2015-12-31,46.131614685058594,68.02999877929688,68.51000213623047,67.6500015258789,68.27999877929688,1461800
2016-01-04,46.37574005126953,68.38999938964844,68.45999908447266,67.11000061035156,67.7699966430664,2434100
2016-01-05,47.52851867675781,70.08999633789062,70.44999694824219,68.1500015258789,68.5,3346500
2016-01-06,47.42681121826172,69.94000244140625,70.16000366210938,69.30000305175781,69.5,2591900
2016-01-07,46.07058334350586,67.94000244140625,69.87000274658203,67.5999984741211,69.23999786376953,4418400
2016-01-08,46.17230224609375,68.08999633789062,68.70999908447266,67.94999694824219,68.16000366210938,2299100
2016-01-11,46.4842414855957,68.55000305175781,69.22000122070312,68.19999694824219,68.41000366210938,2608400
2016-01-12,46.131614685058594,68.02999877929688,68.95999908447266,67.69999694824219,68.83000183105469,2304100
2016-01-13,45.14836502075195,66.58000183105469,68.5199966430664,66.25,68.06999969482422,3166200
2016-01-14,45.01952362060547,66.38999938964844,67.0199966430664,65.91000366210938,66.37999725341797,3193400
2016-01-15,44.97206497192383,66.31999969482422,66.52999877929688,65.22000122070312,65.52999877929688,2778800
2016-01-19,45.95530700683594,67.7699966430664,68.44000244140625,66.62999725341797,66.97000122070312,2365700
2016-01-20,43.74468231201172,64.51000213623047,67.6500015258789,63.70000076293945,67.26000213623047,3225900
2016-01-21,44.4024543762207,65.4800033569336,66.48999786376953,64.08999633789062,65.1500015258789,2225700
2016-01-22,45.9417610168457,67.75,68.29000091552734,66.0,66.12999725341797,1924600
2016-01-25,45.263648986816406,66.75,68.44000244140625,66.63999938964844,67.68000030517578,1895200
2016-01-26,44.755069732666016,66.0,67.91999816894531,65.66999816894531,67.02999877929688,4865200
2016-01-27,41.771392822265625,61.599998474121094,65.36000061035156,60.72999954223633,65.20999908447266,6630700
2016-01-28,40.97800827026367,60.43000030517578,62.04999923706055,60.33000183105469,61.400001525878906,4976100
2016-01-29,42.19182586669922,62.220001220703125,62.22999954223633,60.529998779296875,61.279998779296875,4401500
2016-02-01,42.60546112060547,62.83000183105469,63.310001373291016,61.54999923706055,61.900001525878906,2337000
2016-02-02,41.913795471191406,61.810001373291016,62.86000061035156,61.7400016784668,62.83000183105469,3260000
2016-02-03,43.16829299926758,63.65999984741211,63.709999084472656,62.060001373291016,62.33000183105469,2528500
2016-02-04,43.188629150390625,63.689998626708984,63.90999984741211,62.83000183105469,63.459999084472656,2400300
2016-02-05,43.38798522949219,63.119998931884766,63.22999954223633,61.93000030517578,62.70000076293945,3272100
2016-02-08,41.642024993896484,60.58000183105469,63.22999954223633,59.15999984741211,63.0,3618900
2016-02-09,38.3150634765625,55.7400016784668,59.93000030517578,54.40999984741211,59.880001068115234,7557500
2016-02-10,38.29442596435547,55.709999084472656,56.470001220703125,55.61000061035156,55.97999954223633,2671200
2016-02-11,36.89902114868164,53.68000030517578,55.22999954223633,52.79999923706055,54.68000030517578,5659600
2016-02-12,37.393951416015625,54.400001525878906,55.34000015258789,53.5,54.29999923706055,3965600
2016-02-16,38.46627426147461,55.959999084472656,55.97999954223633,54.380001068115234,55.060001373291016,3655500
2016-02-17,38.85809326171875,56.529998779296875,56.970001220703125,55.47999954223633,56.04999923706055,5821100
2016-02-18,40.335968017578125,58.68000030517578,59.439998626708984,56.119998931884766,57.0,3848400
2016-02-19,40.69340515136719,59.20000076293945,60.04999923706055,57.86000061035156,58.439998626708984,3924500
2016-02-22,41.47017288208008,60.33000183105469,60.380001068115234,59.15999984741211,59.529998779296875,2652700
2016-02-23,41.70388412475586,60.66999816894531,61.93000030517578,60.0099983215332,60.150001525878906,2796700
2016-02-24,42.30191421508789,61.540000915527344,61.650001525878906,60.119998931884766,60.380001068115234,2638900
2016-02-25,43.07866287231445,62.66999816894531,62.709999084472656,61.54999923706055,61.849998474121094,2582900
2016-02-26,43.64918899536133,63.5,63.689998626708984,62.459999084472656,62.619998931884766,2355300
2016-02-29,43.841651916503906,63.779998779296875,64.4000015258789,63.380001068115234,63.47999954223633,3214000
2016-03-01,45.353912353515625,65.9800033569336,66.0,64.0,64.1500015258789,2401000
2016-03-02,46.00692367553711,66.93000030517578,66.93000030517578,65.62999725341797,65.9800033569336,1878800
2016-03-03,45.36077880859375,65.98999786376953,67.2699966430664,65.05000305175781,67.01000213623047,3247600
2016-03-04,45.498260498046875,66.19000244140625,66.41999816894531,65.41999816894531,65.98999786376953,1936900
2016-03-07,45.96569061279297,66.87000274658203,67.16000366210938,65.43000030517578,65.75,1712400
2016-03-08,45.27143478393555,65.86000061035156,67.02999877929688,65.6500015258789,66.69999694824219,2232100
2016-03-09,45.71135330200195,66.5,66.8499984741211,65.8499984741211,66.01000213623047,1699700
2016-03-10,44.769622802734375,65.12999725341797,66.41999816894531,64.30999755859375,66.0,3297100
2016-03-11,45.7457275390625,66.55000305175781,66.66999816894531,65.62000274658203,65.63999938964844,3946900
2016-03-14,45.73198699951172,66.52999877929688,66.61000061035156,65.63999938964844,66.37999725341797,1974600
2016-03-15,45.19581985473633,65.75,66.47000122070312,64.76000213623047,66.27999877929688,2016500
2016-03-16,45.7457275390625,66.55000305175781,66.80999755859375,64.83000183105469,65.55000305175781,2416300
2016-03-17,46.446861267089844,67.56999969482422,67.73999786376953,66.37999725341797,66.83000183105469,2316200
2016-03-18,46.15129470825195,67.13999938964844,67.94000244140625,67.11000061035156,67.7300033569336,3598200
2016-03-21,45.945064544677734,66.83999633789062,67.5,66.77999877929688,66.97000122070312,1997900
2016-03-22,45.87633514404297,66.73999786376953,66.97000122070312,66.16000366210938,66.45999908447266,2214700
2016-03-23,45.97256088256836,66.87999725341797,67.37000274658203,66.2699966430664,66.81999969482422,1723400
2016-03-24,46.02755355834961,66.95999908447266,67.12999725341797,65.86000061035156,66.44999694824219,1630400
2016-03-28,46.50185775756836,67.6500015258789,68.04000091552734,66.83999633789062,66.97000122070312,1426900
2016-03-29,47.704769134521484,69.4000015258789,69.61000061035156,67.45999908447266,67.66000366210938,2527000
2016-03-30,47.347328186035156,68.87999725341797,69.5999984741211,68.80000305175781,69.54000091552734,1840300
2016-03-31,47.66353225708008,69.33999633789062,69.94000244140625,68.51000213623047,68.76000213623047,2994500
2016-04-01,47.53981399536133,69.16000366210938,69.4000015258789,68.0199966430664,68.37999725341797,1829700
2016-04-04,47.84225082397461,69.5999984741211,69.87999725341797,69.16999816894531,69.38999938964844,1941200
2016-04-05,47.71166229248047,69.41000366210938,70.1500015258789,68.97000122070312,69.48999786376953,1638600
2016-04-06,47.47793960571289,69.06999969482422,69.62000274658203,68.98999786376953,69.3499984741211,1845800
2016-04-07,47.27172088623047,68.7699966430664,69.68000030517578,68.52999877929688,68.94999694824219,2238900
2016-04-08,47.62916946411133,69.29000091552734,69.66000366210938,68.70999908447266,68.98999786376953,1827300
2016-04-11,47.807884216308594,69.55000305175781,69.9000015258789,69.19999694824219,69.47000122070312,1865800
2016-04-12,48.03471374511719,69.87999725341797,70.23999786376953,69.5199966430664,69.91999816894531,1390700
2016-04-13,47.86975860595703,69.63999938964844,70.0,69.4000015258789,70.0,1448300
2016-04-14,47.89037322998047,69.66999816894531,69.9000015258789,69.18000030517578,69.61000061035156,2051100
2016-04-15,47.986602783203125,69.80999755859375,70.31999969482422,69.52999877929688,69.62000274658203,1707600
2016-04-18,48.55714416503906,70.63999938964844,70.66000366210938,69.58000183105469,69.86000061035156,1396100
2016-04-19,49.03144454956055,71.33000183105469,71.33000183105469,70.48999786376953,70.66999816894531,1621200
2016-04-20,47.44358444213867,69.0199966430664,71.31999969482422,68.81999969482422,71.30000305175781,1863400
2016-04-21,45.7938346862793,66.62000274658203,69.1500015258789,66.55000305175781,69.0199966430664,2689200
2016-04-22,46.928035736083984,68.2699966430664,68.55999755859375,66.76000213623047,67.0,2100000
2016-04-25,47.63604736328125,69.30000305175781,69.30000305175781,68.0,68.20999908447266,1492600
2016-04-26,47.704769134521484,69.4000015258789,70.31999969482422,69.19000244140625,69.44000244140625,1345500
2016-04-27,47.97972106933594,69.80000305175781,69.91999816894531,68.80000305175781,69.23999786376953,1700200
2016-04-28,47.883506774902344,69.66000366210938,70.05999755859375,69.26000213623047,69.26000213623047,1423600
2016-04-29,47.71852111816406,69.41999816894531,69.66000366210938,68.44000244140625,69.20999908447266,1717600
2016-05-02,48.3096809387207,70.27999877929688,70.55999755859375,69.47000122070312,69.68000030517578,1787300
2016-05-03,49.38889694213867,71.8499984741211,72.36000061035156,69.6500015258789,69.97000122070312,2810100
2016-05-04,51.12797546386719,74.37999725341797,74.4800033569336,71.55000305175781,71.55000305175781,4959500
2016-05-05,50.681175231933594,73.7300033569336,74.5999984741211,73.0,74.05999755859375,3112500
2016-05-06,51.168025970458984,73.56999969482422,73.94999694824219,72.01000213623047,72.83999633789062,2348000
2016-05-09,51.953941345214844,74.69999694824219,74.95999908447266,73.4800033569336,73.9000015258789,2855400
2016-05-10,50.792457580566406,73.02999877929688,74.63999938964844,71.68000030517578,74.63999938964844,3785200
2016-05-11,49.42232131958008,71.05999755859375,72.98999786376953,70.5999984741211,72.94000244140625,3668500
2016-05-12,50.13867950439453,72.08999633789062,72.51000213623047,70.80999755859375,71.37999725341797,2018800
2016-05-13,49.91611862182617,71.7699966430664,72.02999877929688,71.11000061035156,71.94999694824219,1674100
2016-05-16,50.52119827270508,72.63999938964844,73.18000030517578,71.63999938964844,71.75,1397000
2016-05-17,49.804840087890625,71.61000061035156,72.5999984741211,71.04000091552734,72.58000183105469,1990200
2016-05-18,48.23995590209961,69.36000061035156,71.30999755859375,68.13999938964844,71.30999755859375,3956600
2016-05-19,47.57228088378906,68.4000015258789,68.95999908447266,68.22000122070312,68.55999755859375,3606300
2016-05-20,47.67660903930664,68.55000305175781,69.11000061035156,67.69999694824219,68.91999816894531,3383500
2016-05-23,47.51664352416992,68.31999969482422,68.94999694824219,68.18000030517578,68.80999755859375,2408400
2016-05-24,47.77397918701172,68.69000244140625,69.30999755859375,68.33999633789062,68.77999877929688,2180600
2016-05-25,47.71834182739258,68.61000061035156,68.95999908447266,67.5199966430664,68.80000305175781,2119200
2016-05-26,47.940895080566406,68.93000030517578,69.12999725341797,68.43000030517578,68.66999816894531,1383500
2016-05-27,48.17736053466797,69.2699966430664,69.75,68.93000030517578,68.94999694824219,1200600
2016-05-31,47.92699432373047,68.91000366210938,69.44999694824219,68.41000366210938,69.31999969482422,4403000
2016-06-01,47.98263168334961,68.98999786376953,69.37999725341797,68.5999984741211,68.75,1883800
2016-06-02,48.316471099853516,69.47000122070312,69.47000122070312,68.63999938964844,68.87000274658203,1756200
2016-06-03,49.603145599365234,71.31999969482422,71.5199966430664,70.0999984741211,70.16999816894531,3062100
2016-06-06,48.55990219116211,69.81999969482422,71.4000015258789,69.61000061035156,71.20999908447266,2831100
2016-06-07,49.17888259887695,70.70999908447266,70.83999633789062,69.81999969482422,70.02999877929688,2405500
2016-06-08,49.94395065307617,71.80999755859375,71.98999786376953,70.33000183105469,70.6500015258789,2252500
2016-06-09,50.180423736572266,72.1500015258789,72.37999725341797,71.33999633789062,71.58999633789062,2035500
2016-06-10,50.1734619140625,72.13999938964844,72.43000030517578,71.63999938964844,71.66000366210938,1905800
2016-06-13,50.569889068603516,72.70999908447266,73.27999877929688,72.23999786376953,72.23999786376953,2238400
2016-06-14,50.70899963378906,72.91000366210938,73.44000244140625,72.12000274658203,72.69999694824219,2904300
2016-06-15,51.119346618652344,73.5,73.91999816894531,72.86000061035156,72.95999908447266,2247400
2016-06-16,51.37667465209961,73.87000274658203,73.91999816894531,72.73999786376953,73.26000213623047,1816800
2016-06-17,51.64095687866211,74.25,74.7300033569336,73.19999694824219,73.73999786376953,7802400
2016-06-20,50.9732666015625,73.29000091552734,74.51000213623047,73.20999908447266,74.5,2667100
2016-06-21,51.07065963745117,73.43000030517578,73.76000213623047,72.80999755859375,73.37999725341797,2090000
2016-06-22,50.33342742919922,72.37000274658203,72.72000122070312,72.0,72.6500015258789,2070700
2016-06-23,50.79939651489258,73.04000091552734,73.18000030517578,71.94999694824219,73.0,1461600
2016-06-24,50.41688919067383,72.48999786376953,73.73999786376953,71.1500015258789,71.29000091552734,5415900
2016-06-27,51.02198028564453,73.36000061035156,73.66999816894531,71.9000015258789,72.1500015258789,2552200
2016-06-28,51.953941345214844,74.69999694824219,74.72000122070312,73.12999725341797,73.55999755859375,1904000
2016-06-29,52.52425765991211,75.5199966430664,75.79000091552734,74.43000030517578,74.8499984741211,2286500
2016-06-30,52.9763298034668,76.16999816894531,76.23999786376953,74.73999786376953,75.62999725341797,2499800
2016-07-01,52.9971809387207,76.19999694824219,77.18000030517578,75.97000122070312,76.1500015258789,2276700
2016-07-05,53.344940185546875,76.69999694824219,76.75,76.0,76.0199966430664,1670500
2016-07-06,53.12934494018555,76.38999938964844,76.7300033569336,75.9000015258789,76.45999908447266,2364500
2016-07-07,52.05129623413086,74.83999633789062,76.04000091552734,74.27999877929688,75.93000030517578,2301000
2016-07-08,52.593788146972656,75.62000274658203,75.8499984741211,74.52999877929688,75.33000183105469,2291400
2016-07-11,52.9971809387207,76.19999694824219,76.33000183105469,75.0,75.77999877929688,1420500
2016-07-12,52.87199783325195,76.0199966430664,76.58000183105469,75.5199966430664,76.13999938964844,1783800
2016-07-13,53.51881408691406,76.94999694824219,77.01000213623047,76.0,76.3499984741211,1746000
2016-07-14,52.9763298034668,76.16999816894531,76.97000122070312,75.68000030517578,76.94999694824219,1531300
2016-07-15,53.20585250854492,76.5,76.58000183105469,75.5999984741211,76.31999969482422,1507900
2016-07-18,53.68573760986328,77.19000244140625,77.37999725341797,76.37999725341797,76.62999725341797,1085800
2016-07-19,53.94307327270508,77.55999755859375,77.5999984741211,76.7699966430664,77.20999908447266,1517600
2016-07-20,53.97785949707031,77.61000061035156,77.62999725341797,77.1500015258789,77.4800033569336,1060000
2016-07-21,54.29082107543945,78.05999755859375,78.08000183105469,77.06999969482422,77.25,1070100
2016-07-22,54.77073669433594,78.75,79.13999938964844,77.91000366210938,78.0,1251700
2016-07-25,54.77073669433594,78.75,79.0999984741211,78.22000122070312,78.9000015258789,1137500
2016-07-26,54.089141845703125,77.7699966430664,78.69000244140625,77.5,78.6500015258789,1333200
2016-07-27,53.80397415161133,77.36000061035156,77.94000244140625,76.25,77.7699966430664,1740500
2016-07-28,54.50642776489258,78.37000274658203,78.58999633789062,77.05999755859375,77.2300033569336,1713200
2016-07-29,55.17410659790039,79.33000183105469,79.98999786376953,78.51000213623047,78.51000213623047,1925200
2016-08-01,55.368858337402344,79.61000061035156,80.19000244140625,78.61000061035156,79.31999969482422,1944800
2016-08-02,54.11000442504883,77.80000305175781,79.56999969482422,77.30999755859375,79.06999969482422,2352200
2016-08-03,53.87351608276367,77.45999908447266,77.83999633789062,75.91999816894531,77.55000305175781,2366400
2016-08-04,54.04737854003906,77.70999908447266,77.75,77.02999877929688,77.45999908447266,1467400
2016-08-05,53.716835021972656,76.37999725341797,77.37000274658203,76.16000366210938,76.94999694824219,1508500
2016-08-08,54.18806838989258,77.05000305175781,77.47000122070312,76.33999633789062,76.5,1577800
2016-08-09,55.039024353027344,78.26000213623047,78.4000015258789,76.11000061035156,76.94000244140625,2392700
2016-08-10,55.4891357421875,78.9000015258789,79.16999816894531,78.30999755859375,78.4800033569336,2022300
2016-08-11,54.680355072021484,77.75,78.93000030517578,77.30000305175781,78.86000061035156,2105300
2016-08-12,55.109371185302734,78.36000061035156,79.41999816894531,77.7300033569336,77.97000122070312,1676400
2016-08-15,54.680355072021484,77.75,78.70999908447266,77.68000030517578,78.45999908447266,1663700
2016-08-16,53.92080307006836,76.66999816894531,77.69999694824219,76.37999725341797,77.55000305175781,1627500
2016-08-17,54.152889251708984,77.0,77.26000213623047,76.08999633789062,76.8499984741211,1999200
2016-08-18,54.07551574707031,76.88999938964844,77.26000213623047,76.41000366210938,77.0,1240800
2016-08-19,53.632469177246094,76.26000213623047,76.91999816894531,76.06999969482422,76.63999938964844,1774200
2016-08-22,53.89971160888672,76.63999938964844,76.97000122070312,76.27999877929688,76.45999908447266,1538200
2016-08-23,54.089603424072266,76.91000366210938,77.11000061035156,76.54000091552734,76.9800033569336,1178600
2016-08-24,53.65355682373047,76.29000091552734,77.1500015258789,75.8499984741211,76.91000366210938,1064800
2016-08-25,54.152889251708984,77.0,77.30000305175781,76.30000305175781,76.37999725341797,1446400
2016-08-26,53.29486846923828,75.77999877929688,77.58000183105469,75.13999938964844,77.13999938964844,1916100
2016-08-29,54.124759674072266,76.95999908447266,77.33999633789062,76.05000305175781,76.08999633789062,1485500
2016-08-30,54.152889251708984,77.0,77.22000122070312,76.23999786376953,77.11000061035156,1130000
2016-08-31,53.97708511352539,76.75,77.31999969482422,76.2300033569336,76.83000183105469,2266200
2016-09-01,53.75202941894531,76.43000030517578,76.79000091552734,75.9800033569336,76.75,1263100
2016-09-02,53.9419059753418,76.69999694824219,77.72000122070312,76.38999938964844,76.70999908447266,1676200
2016-09-06,54.79990768432617,77.91999816894531,77.97000122070312,76.44999694824219,76.94999694824219,1877900
2016-09-07,54.98980712890625,78.19000244140625,78.19000244140625,77.45999908447266,77.88999938964844,1289700
2016-09-08,54.420135498046875,77.37999725341797,77.87000274658203,77.01000213623047,77.80999755859375,3189400
2016-09-09,51.86723327636719,73.75,76.80999755859375,73.51000213623047,76.5199966430664,3189600
2016-09-12,52.58457565307617,74.7699966430664,75.0999984741211,73.37999725341797,73.62999725341797,2179700
2016-09-13,51.40304183959961,73.08999633789062,74.51000213623047,72.81999969482422,74.25,1896500
2016-09-14,51.71952819824219,73.54000091552734,74.19999694824219,73.11000061035156,73.45999908447266,1927400
2016-09-15,51.76875305175781,73.61000061035156,73.77999877929688,72.87000274658203,73.29000091552734,1579600
2016-09-16,51.473388671875,73.19000244140625,73.55999755859375,72.77999877929688,73.37999725341797,3372400
2016-09-19,51.51556396484375,73.25,73.80999755859375,73.01000213623047,73.63999938964844,2751000
2016-09-20,51.466346740722656,73.18000030517578,73.95999908447266,73.16000366210938,73.95999908447266,2529200
2016-09-21,52.28215789794922,74.33999633789062,74.5,72.33999633789062,73.27999877929688,2891700
2016-09-22,53.51288604736328,76.08999633789062,76.29000091552734,74.88999938964844,74.91000366210938,2901600
2016-09-23,53.73093032836914,76.4000015258789,76.83000183105469,75.31999969482422,76.04000091552734,1666900
2016-09-26,54.01222610473633,76.80000305175781,77.12999725341797,75.91999816894531,75.91999816894531,2816400
2016-09-27,53.112037658691406,75.5199966430664,77.18000030517578,75.38999938964844,77.0199966430664,2404400
2016-09-28,53.76609802246094,76.44999694824219,76.54000091552734,75.58999633789062,75.58999633789062,1640000
2016-09-29,53.31597137451172,75.80999755859375,76.62000274658203,75.01000213623047,76.02999877929688,1722600
2016-09-30,52.58457565307617,74.7699966430664,76.88999938964844,74.72000122070312,76.41999816894531,2126300
2016-10-03,51.89536666870117,73.79000091552734,74.8499984741211,73.62000274658203,74.45999908447266,1850500
2016-10-04,50.55207443237305,71.87999725341797,73.76000213623047,71.48999786376953,73.69999694824219,2479800
2016-10-05,49.49713897705078,70.37999725341797,72.5199966430664,70.1500015258789,72.06999969482422,2847500
2016-10-06,49.46198272705078,70.33000183105469,70.77999877929688,69.11000061035156,70.16000366210938,3066000
2016-10-07,48.90639877319336,69.54000091552734,71.48999786376953,69.26000213623047,70.70999908447266,2749900
2016-10-10,49.08219909667969,69.79000091552734,70.38999938964844,69.5,69.5999984741211,1279000
2016-10-11,48.34376525878906,68.73999786376953,69.9800033569336,68.63999938964844,69.58999633789062,1775600
2016-10-12,48.61101150512695,69.12000274658203,69.45999908447266,68.7300033569336,68.75,1420300
2016-10-13,49.15253448486328,69.88999938964844,70.12000274658203,68.80999755859375,69.0,1594400
2016-10-14,48.82902526855469,69.43000030517578,70.69000244140625,68.91000366210938,70.69000244140625,1508600
2016-10-17,48.758705139160156,69.33000183105469,70.01000213623047,69.20999908447266,69.58999633789062,1496000
2016-10-18,49.46198272705078,70.33000183105469,70.73999786376953,69.70999908447266,69.9800033569336,1473400
2016-10-19,49.64483642578125,70.58999633789062,70.91999816894531,70.16000366210938,70.41999816894531,1963200
2016-10-20,49.84879684448242,70.87999725341797,71.12999725341797,70.30000305175781,70.61000061035156,1619500
2016-10-21,49.5815544128418,70.5,70.88999938964844,70.27999877929688,70.44999694824219,1266800
2016-10-24,49.83472442626953,70.86000061035156,71.69999694824219,70.48999786376953,70.8499984741211,1121400
2016-10-25,49.912086486816406,70.97000122070312,71.0999984741211,70.3499984741211,70.79000091552734,1118400
2016-10-26,49.011871337890625,69.69000244140625,70.58000183105469,69.27999877929688,70.44000244140625,1075600
2016-10-27,48.104644775390625,68.4000015258789,69.44999694824219,67.62000274658203,69.36000061035156,1864000
2016-10-28,48.13981628417969,68.44999694824219,69.1500015258789,68.11000061035156,68.76000213623047,1946300
2016-10-31,48.19606399536133,68.52999877929688,69.1500015258789,68.30000305175781,68.88999938964844,2497700
2016-11-01,47.40840148925781,67.41000366210938,68.54000091552734,66.45999908447266,68.27999877929688,3891600
2016-11-02,47.26774215698242,67.20999908447266,68.22000122070312,67.0,67.36000061035156,4007900
2016-11-03,46.4026985168457,65.9800033569336,67.06999969482422,65.75,67.06999969482422,3366200
2016-11-04,46.41695785522461,65.13999938964844,65.62999725341797,64.23999786376953,65.05000305175781,2634700
2016-11-07,47.200775146484375,66.23999786376953,66.2699966430664,64.93000030517578,65.9800033569336,2252000
2016-11-08,46.29581832885742,64.97000122070312,66.27999877929688,64.86000061035156,65.97000122070312,2692800
2016-11-09,44.713905334472656,62.75,63.91999816894531,61.38999938964844,63.2400016784668,4956100
2016-11-10,43.47402572631836,61.0099983215332,62.599998474121094,59.38999938964844,62.56999969482422,6131200
2016-11-11,43.837440490722656,61.52000045776367,62.06999969482422,60.709999084472656,60.810001373291016,3337500
2016-11-14,45.40509033203125,63.720001220703125,64.05999755859375,60.619998931884766,61.36000061035156,3366300
2016-11-15,44.72102355957031,62.7599983215332,65.1500015258789,62.36000061035156,63.869998931884766,2559800
2016-11-16,44.899169921875,63.0099983215332,63.470001220703125,62.29999923706055,62.869998931884766,2493900
2016-11-17,44.165218353271484,61.97999954223633,63.470001220703125,61.66999816894531,63.040000915527344,2037900
2016-11-18,44.528629302978516,62.4900016784668,62.66999816894531,61.689998626708984,62.04999923706055,2177500
2016-11-21,44.07258224487305,61.849998474121094,63.0,61.720001220703125,62.75,2311200
2016-11-22,44.47875213623047,62.41999816894531,62.58000183105469,61.650001525878906,62.11000061035156,2598200
2016-11-23,44.3077392578125,62.18000030517578,62.31999969482422,61.380001068115234,61.900001525878906,2098700
2016-11-25,44.63550567626953,62.63999938964844,63.16999816894531,61.86000061035156,62.16999816894531,817000
2016-11-28,45.17707443237305,63.400001525878906,63.58000183105469,62.45000076293945,62.65999984741211,2467200
2016-11-29,45.74000930786133,64.19000244140625,64.2699966430664,63.04999923706055,63.439998626708984,2437900
2016-11-30,44.73527908325195,62.779998779296875,63.79999923706055,62.43000030517578,63.380001068115234,4513000
2016-12-01,43.75905227661133,61.40999984741211,62.59000015258789,61.08000183105469,62.540000915527344,2438700
2016-12-02,44.73527908325195,62.779998779296875,63.689998626708984,61.959999084472656,62.02000045776367,2688600
2016-12-05,44.649776458740234,62.65999984741211,63.11000061035156,62.06999969482422,62.72999954223633,2648600
2016-12-06,45.283966064453125,63.54999923706055,63.900001525878906,62.5099983215332,62.650001525878906,2460900
2016-12-07,46.50959396362305,65.2699966430664,65.30999755859375,63.7599983215332,63.869998931884766,2809900
2016-12-08,46.75186538696289,65.61000061035156,65.69999694824219,64.3499984741211,64.79000091552734,2119400
2016-12-09,46.79460525512695,65.66999816894531,66.45999908447266,65.4800033569336,65.52999877929688,1658700
2016-12-12,47.41455841064453,66.54000091552734,66.62000274658203,65.05000305175781,65.51000213623047,2087300
2016-12-13,47.45017623901367,66.58999633789062,66.7300033569336,66.0199966430664,66.63999938964844,2309700
2016-12-14,45.95378112792969,64.48999786376953,66.58999633789062,64.4000015258789,66.55999755859375,2747600
2016-12-15,45.13432693481445,63.34000015258789,64.5,63.04999923706055,64.2300033569336,4009700
2016-12-16,46.44544982910156,65.18000030517578,65.58000183105469,63.88999938964844,63.88999938964844,5069100
2016-12-19,47.300537109375,66.37999725341797,66.9000015258789,65.7300033569336,65.7300033569336,1822400
2016-12-20,47.3575439453125,66.45999908447266,67.0,65.94000244140625,66.30999755859375,1386500
2016-12-21,46.53807830810547,65.30999755859375,67.19999694824219,65.25,66.47000122070312,1634600
2016-12-22,46.5594482421875,65.33999633789062,65.55999755859375,64.44999694824219,65.05000305175781,1288900
2016-12-23,46.68061065673828,65.51000213623047,65.72000122070312,65.05000305175781,65.44999694824219,908400
2016-12-27,46.93001174926758,65.86000061035156,66.0999984741211,65.23999786376953,65.55999755859375,1218800
2016-12-28,46.60222625732422,65.4000015258789,65.94000244140625,65.0199966430664,65.86000061035156,1007700
2016-12-29,46.86585998535156,65.7699966430664,66.2699966430664,65.12999725341797,65.52999877929688,1506500
2016-12-30,47.69245147705078,66.93000030517578,67.06999969482422,65.62999725341797,65.91000366210938,1688200
2017-01-03,47.15089797973633,66.16999816894531,67.11000061035156,65.83000183105469,67.11000061035156,2085000
2017-01-04,47.51429748535156,66.68000030517578,66.91000366210938,65.9000015258789,66.11000061035156,2070700
2017-01-05,48.576053619384766,68.16999816894531,68.31999969482422,66.38999938964844,67.30999755859375,2228000
2017-01-06,48.77556610107422,68.44999694824219,68.68000030517578,67.48999786376953,68.08000183105469,1908600
2017-01-09,48.73993682861328,68.4000015258789,68.86000061035156,67.9800033569336,68.5999984741211,1806600
2017-01-10,47.257789611816406,66.31999969482422,67.9000015258789,66.12000274658203,67.9000015258789,3252200
2017-01-11,47.314788818359375,66.4000015258789,67.05999755859375,65.70999908447266,66.30999755859375,2741100
2017-01-12,47.63544845581055,66.8499984741211,66.95999908447266,65.77999877929688,66.08999633789062,1611400
2017-01-13,47.50004959106445,66.66000366210938,67.08000183105469,66.20999908447266,66.7300033569336,1156500
2017-01-17,47.95610809326172,67.30000305175781,67.63999938964844,66.94000244140625,67.08000183105469,1468600
2017-01-18,47.79935073852539,67.08000183105469,67.62999725341797,66.97000122070312,67.27999877929688,2514800
2017-01-19,47.314788818359375,66.4000015258789,66.83999633789062,66.04000091552734,66.70999908447266,1770300
2017-01-20,47.57131576538086,66.76000213623047,66.80000305175781,65.80999755859375,66.16000366210938,1540800
2017-01-23,48.226890563964844,67.68000030517578,67.80999755859375,66.51000213623047,66.8499984741211,1884700
2017-01-24,47.95610809326172,67.30000305175781,67.98999786376953,66.94999694824219,67.5199966430664,1865800
2017-01-25,47.28628921508789,66.36000061035156,67.44000244140625,66.02999877929688,67.25,1571100
2017-01-26,47.12952423095703,66.13999938964844,66.88999938964844,65.94000244140625,66.4800033569336,1714600
2017-01-27,46.98701095581055,65.94000244140625,66.61000061035156,65.68000030517578,66.37000274658203,1189100
2017-01-30,47.27203369140625,66.33999633789062,66.58999633789062,65.69999694824219,66.05999755859375,1264200
2017-01-31,47.2435417175293,66.30000305175781,67.0199966430664,66.16000366210938,66.4800033569336,2561900
2017-02-01,46.50959396362305,65.2699966430664,66.66999816894531,65.23999786376953,66.1500015258789,2041500
2017-02-02,47.27203369140625,66.33999633789062,66.44999694824219,65.38999938964844,65.41999816894531,1726800
2017-02-03,47.2431526184082,65.43000030517578,66.29000091552734,65.12999725341797,65.66000366210938,1802100
2017-02-06,47.77745819091797,66.16999816894531,66.37999725341797,65.43000030517578,65.55999755859375,1807900
2017-02-07,47.56085205078125,65.87000274658203,66.66999816894531,65.77999877929688,66.33000183105469,1406900
2017-02-08,47.67637634277344,66.02999877929688,66.43000030517578,65.9000015258789,65.9000015258789,2013300
2017-02-09,47.21427917480469,65.38999938964844,66.26000213623047,65.19999694824219,66.02999877929688,1653300
2017-02-10,47.56085205078125,65.87000274658203,65.88999938964844,65.05000305175781,65.27999877929688,1462000
2017-02-13,47.864112854003906,66.29000091552734,66.58999633789062,65.55999755859375,66.0,1747000
2017-02-14,47.30092239379883,65.51000213623047,66.4800033569336,64.87000274658203,66.44000244140625,1346800
2017-02-15,47.35145950317383,65.58000183105469,65.69000244140625,64.62999725341797,65.23999786376953,1692800
2017-02-16,47.712486267089844,66.08000183105469,66.88999938964844,65.66999816894531,65.66999816894531,1347400
2017-02-17,47.596954345703125,65.91999816894531,66.63999938964844,65.37999725341797,66.41999816894531,2199300
2017-02-21,48.33345031738281,66.94000244140625,67.08999633789062,65.51000213623047,66.02999877929688,2031400
2017-02-22,48.8821907043457,67.69999694824219,68.30999755859375,67.11000061035156,67.80999755859375,2667300
2017-02-23,49.712547302246094,68.8499984741211,68.94999694824219,67.58999633789062,68.02999877929688,1773200
2017-02-24,50.58620071411133,70.05999755859375,70.0999984741211,68.22000122070312,68.80999755859375,2476800
2017-02-27,50.5717658996582,70.04000091552734,70.52999877929688,69.76000213623047,69.91000366210938,1572800
2017-02-28,50.81724548339844,70.37999725341797,70.7300033569336,69.86000061035156,70.04000091552734,2360900
2017-03-01,50.16742706298828,69.4800033569336,70.11000061035156,69.01000213623047,69.75,2405900
2017-03-02,50.50678253173828,69.94999694824219,70.04000091552734,68.75,69.2300033569336,2183800
2017-03-03,50.23240661621094,69.56999969482422,69.94000244140625,68.81999969482422,69.94000244140625,1447000
2017-03-06,49.48869323730469,68.54000091552734,69.5199966430664,68.25,69.08000183105469,1477400
2017-03-07,49.452606201171875,68.48999786376953,68.62000274658203,67.69000244140625,68.30999755859375,1218100
2017-03-08,48.39120101928711,67.0199966430664,68.0,66.97000122070312,67.80999755859375,1863900
2017-03-09,47.510311126708984,65.80000305175781,67.12000274658203,65.58999633789062,66.97000122070312,1913600
2017-03-10,47.77745819091797,66.16999816894531,66.91999816894531,65.75,65.80000305175781,2174300
2017-03-13,47.654727935791016,66.0,66.66000366210938,65.3499984741211,66.16999816894531,2061200
2017-03-14,47.69081497192383,66.05000305175781,66.13999938964844,65.26000213623047,65.86000061035156,1726400
2017-03-15,48.550048828125,67.23999786376953,67.36000061035156,66.12000274658203,66.2699966430664,2294800
2017-03-16,48.586151123046875,67.29000091552734,67.55999755859375,66.91999816894531,67.0,1709000
2017-03-17,48.57892990112305,67.27999877929688,67.93000030517578,67.06999969482422,67.44000244140625,3462700
2017-03-20,48.93994903564453,67.77999877929688,68.19999694824219,67.20999908447266,67.95999908447266,2160800
2017-03-21,48.968833923339844,67.81999969482422,68.16000366210938,67.51000213623047,67.91000366210938,1933200
2017-03-22,49.57535171508789,68.66000366210938,68.80000305175781,67.83000183105469,68.0,1740100
2017-03-23,50.25407409667969,69.5999984741211,70.30000305175781,68.44000244140625,68.69999694824219,2576200
2017-03-24,50.30460739135742,69.66999816894531,69.97000122070312,69.52999877929688,69.77999877929688,2364100
2017-03-27,50.636749267578125,70.12999725341797,70.77999877929688,69.55000305175781,69.75,2424400
2017-03-28,50.983314514160156,70.61000061035156,70.68000030517578,69.83999633789062,70.02999877929688,1931400
2017-03-29,51.21437454223633,70.93000030517578,71.08000183105469,70.44000244140625,70.52999877929688,2334600
2017-03-30,51.10607147216797,70.77999877929688,70.9800033569336,70.25,70.7300033569336,1818200
2017-03-31,51.13496398925781,70.81999969482422,71.13999938964844,70.4800033569336,70.6500015258789,2650400
2017-04-03,51.373233795166016,71.1500015258789,71.25,70.5,70.81999969482422,2027400
2017-04-04,50.961673736572266,70.58000183105469,71.1500015258789,70.44999694824219,71.1500015258789,2834800
2017-04-05,51.481529235839844,71.30000305175781,71.52999877929688,70.44000244140625,70.5999984741211,2141300
2017-04-06,51.683719635009766,71.58000183105469,71.86000061035156,70.83000183105469,71.22000122070312,2189700
2017-04-07,52.174713134765625,72.26000213623047,72.4800033569336,71.62999725341797,71.62999725341797,2163000
2017-04-10,52.629581451416016,72.88999938964844,73.02999877929688,72.0199966430664,72.2699966430664,1676800
2017-04-11,52.557376861572266,72.79000091552734,73.08999633789062,72.63999938964844,72.87999725341797,1274800
2017-04-12,52.65846633911133,72.93000030517578,73.16999816894531,72.44999694824219,72.79000091552734,1523300
2017-04-13,52.600704193115234,72.8499984741211,73.31999969482422,72.69000244140625,72.88999938964844,1819300
2017-04-17,52.990604400634766,73.38999938964844,73.45999908447266,73.04000091552734,73.1500015258789,1304000
2017-04-18,53.604339599609375,74.23999786376953,74.5,73.30999755859375,73.44000244140625,2448600
2017-04-19,53.337181091308594,73.87000274658203,74.25,73.56999969482422,74.16999816894531,2300700
2017-04-20,53.481597900390625,74.06999969482422,74.11000061035156,73.58999633789062,73.76000213623047,1617700
2017-04-21,53.20000457763672,73.68000030517578,74.27999877929688,73.55999755859375,73.80999755859375,2306800
2017-04-24,52.347991943359375,72.5,73.94000244140625,71.43000030517578,73.87000274658203,2955300
2017-04-25,52.470741271972656,72.66999816894531,72.7300033569336,72.1500015258789,72.48999786376953,1112300
2017-04-26,51.864227294921875,71.83000183105469,72.4800033569336,71.68000030517578,72.43000030517578,1562600
2017-04-27,52.10249328613281,72.16000366210938,72.76000213623047,71.5199966430664,71.83000183105469,1287700
2017-04-28,51.58262634277344,71.44000244140625,72.05000305175781,70.58000183105469,72.05000305175781,1922700
2017-05-01,51.409324645996094,71.19999694824219,71.98999786376953,70.93000030517578,71.52999877929688,1670900
2017-05-02,51.08441925048828,70.75,71.44000244140625,70.41000366210938,71.30000305175781,2528600
2017-05-03,50.40568542480469,69.80999755859375,71.16000366210938,69.55999755859375,70.9800033569336,2182100
2017-05-04,50.4417839050293,69.86000061035156,70.01000213623047,68.94999694824219,69.75,1971600
2017-05-05,51.034027099609375,69.80000305175781,69.93000030517578,68.75,68.91000366210938,1888200
2017-05-08,50.975528717041016,69.72000122070312,69.95999908447266,69.01000213623047,69.94999694824219,1813200
2017-05-09,50.471031188964844,69.02999877929688,69.80999755859375,68.66000366210938,69.75,1659900
2017-05-10,51.187564849853516,70.01000213623047,70.19999694824219,68.8499984741211,69.16999816894531,1498400
2017-05-11,52.2769889831543,71.5,71.56999969482422,69.44000244140625,69.80000305175781,1856300
2017-05-12,52.53287887573242,71.8499984741211,72.30000305175781,71.48999786376953,71.69000244140625,2421100
2017-05-15,52.39396286010742,71.66000366210938,72.63999938964844,71.61000061035156,72.0,1496600
2017-05-16,52.35009002685547,71.5999984741211,71.9800033569336,71.05999755859375,71.79000091552734,1395300
2017-05-17,52.83264923095703,72.26000213623047,72.87999725341797,71.45999908447266,71.66999816894531,2540000
2017-05-18,53.32252502441406,72.93000030517578,73.0999984741211,71.9000015258789,72.31999969482422,1941800
2017-05-19,53.5491828918457,73.23999786376953,73.44999694824219,72.36000061035156,73.20999908447266,1910900
2017-05-22,53.66615676879883,73.4000015258789,73.56999969482422,72.87999725341797,73.19999694824219,1664700
2017-05-23,53.556480407714844,73.25,73.93000030517578,73.22000122070312,73.52999877929688,1647700
2017-05-24,53.76121139526367,73.52999877929688,73.88999938964844,73.4000015258789,73.41999816894531,1123700
2017-05-25,53.490692138671875,73.16000366210938,73.75,73.11000061035156,73.58000183105469,1248900
2017-05-26,53.03004837036133,72.52999877929688,73.4800033569336,72.37000274658203,73.33000183105469,1381000
2017-05-30,53.00812911987305,72.5,72.97000122070312,72.33999633789062,72.5,1245200
2017-05-31,53.03737258911133,72.54000091552734,72.97000122070312,72.38999938964844,72.51000213623047,2493400
2017-06-01,53.344451904296875,72.95999908447266,73.0199966430664,71.79000091552734,72.37999725341797,1495200
2017-06-02,53.95131301879883,73.79000091552734,74.08999633789062,73.23999786376953,73.33999633789062,1483500
2017-06-05,53.71733474731445,73.47000122070312,73.6500015258789,73.08000183105469,73.56999969482422,874200
2017-06-06,53.39563751220703,73.02999877929688,73.6500015258789,72.95999908447266,73.61000061035156,884600
2017-06-07,53.50529861450195,73.18000030517578,73.37999725341797,72.86000061035156,73.02999877929688,1341000
2017-06-08,53.30057144165039,72.9000015258789,73.3499984741211,72.11000061035156,73.18000030517578,1110800
2017-06-09,53.70270538330078,73.44999694824219,73.55999755859375,72.41000366210938,72.83999633789062,1231600
2017-06-12,54.13407897949219,74.04000091552734,74.04000091552734,73.05999755859375,73.45999908447266,2035300
2017-06-13,54.20720672607422,74.13999938964844,74.33999633789062,73.66999816894531,73.95999908447266,1555300
2017-06-14,54.42654037475586,74.44000244140625,75.58999633789062,74.16000366210938,74.94000244140625,2332100
2017-06-15,54.5947151184082,74.66999816894531,75.20999908447266,74.05000305175781,74.1500015258789,1722000
2017-06-16,55.27467727661133,75.5999984741211,76.06999969482422,74.69999694824219,74.81999969482422,3944200
2017-06-19,55.74993133544922,76.25,76.25,75.44999694824219,75.66999816894531,2035200
2017-06-20,56.23979568481445,76.91999816894531,77.2300033569336,76.0199966430664,76.30000305175781,2215100
2017-06-21,56.4079475402832,77.1500015258789,77.19999694824219,76.52999877929688,76.94000244140625,1762900
2017-06-22,56.65654373168945,77.48999786376953,77.69999694824219,76.69000244140625,77.04000091552734,1638800
2017-06-23,56.612667083740234,77.43000030517578,78.16999816894531,77.12000274658203,77.31999969482422,2210200
2017-06-26,56.78083801269531,77.66000366210938,78.0,77.16999816894531,77.66999816894531,1107700
2017-06-27,55.93270492553711,76.5,77.79000091552734,76.36000061035156,77.41999816894531,1476600
2017-06-28,55.95465850830078,76.52999877929688,77.22000122070312,76.04000091552734,76.5199966430664,1367100
2017-06-29,54.47041702270508,74.5,76.33000183105469,74.45999908447266,76.16000366210938,2109900
2017-06-30,54.726318359375,74.8499984741211,75.37999725341797,74.44000244140625,74.83000183105469,1903100
2017-07-03,55.391658782958984,75.76000213623047,75.91000366210938,74.73999786376953,75.13999938964844,934900
2017-07-05,54.90179443359375,75.08999633789062,75.79000091552734,74.6500015258789,75.79000091552734,1351000
2017-07-06,53.42488098144531,73.06999969482422,74.76000213623047,73.0199966430664,74.76000213623047,1490100
2017-07-07,53.30057144165039,72.9000015258789,73.25,72.16000366210938,73.0999984741211,1527200
2017-07-10,53.03004837036133,72.52999877929688,73.19000244140625,72.48999786376953,73.04000091552734,1118000
2017-07-11,53.08854293823242,72.61000061035156,72.9000015258789,72.08000183105469,72.58000183105469,983600
2017-07-12,53.89280700683594,73.70999908447266,73.93000030517578,73.12999725341797,73.12999725341797,1020800
2017-07-13,53.59304428100586,73.30000305175781,73.66000366210938,73.11000061035156,73.54000091552734,956400
2017-07-14,53.92206573486328,73.75,74.0999984741211,73.54000091552734,73.88999938964844,1087700
2017-07-17,53.995155334472656,73.8499984741211,74.19000244140625,73.51000213623047,73.72000122070312,1286300
2017-07-18,54.14139938354492,74.05000305175781,74.31999969482422,73.63999938964844,73.91999816894531,1255700
2017-07-19,54.19989013671875,74.12999725341797,74.2699966430664,73.56999969482422,74.01000213623047,1190700
2017-07-20,53.88548278808594,73.69999694824219,74.48999786376953,73.68000030517578,74.31999969482422,1327100
2017-07-21,54.05364990234375,73.93000030517578,74.19000244140625,73.30000305175781,73.66999816894531,1227400
2017-07-24,53.483367919921875,73.1500015258789,74.08000183105469,72.80000305175781,73.95999908447266,1854700
2017-07-25,53.38100814819336,73.01000213623047,73.3499984741211,72.29000091552734,73.30999755859375,1623900
2017-07-26,53.585723876953125,73.29000091552734,73.58000183105469,72.66000366210938,73.04000091552734,1007700
2017-07-27,53.22016143798828,72.79000091552734,73.44999694824219,72.19999694824219,73.0,1396800
2017-07-28,53.42488098144531,73.06999969482422,74.4000015258789,72.47000122070312,74.4000015258789,1365200
2017-07-31,53.658836364746094,73.38999938964844,73.61000061035156,72.4000015258789,73.20999908447266,2125100
2017-08-01,52.87651824951172,72.31999969482422,73.68000030517578,71.66999816894531,73.5999984741211,2091600
2017-08-02,52.956947326660156,72.43000030517578,72.44999694824219,71.83000183105469,72.12000274658203,1455900
2017-08-03,53.41755294799805,73.05999755859375,73.18000030517578,71.88999938964844,72.43000030517578,1632200
2017-08-04,53.15116882324219,71.83000183105469,72.33000183105469,71.68000030517578,72.19999694824219,1361400
2017-08-07,53.21778106689453,71.91999816894531,72.33000183105469,71.37999725341797,71.83000183105469,1253100
2017-08-08,53.23257827758789,71.94000244140625,72.18000030517578,71.4800033569336,71.73999786376953,1536000
2017-08-09,52.714599609375,71.23999786376953,72.19999694824219,71.16999816894531,72.0,1222400
2017-08-10,52.241031646728516,70.5999984741211,71.52999877929688,70.5199966430664,71.20999908447266,1486100
2017-08-11,52.093055725097656,70.4000015258789,70.88999938964844,69.8499984741211,70.88999938964844,1346500
2017-08-14,53.09197998046875,71.75,71.9800033569336,70.5,70.62999725341797,1605700
2017-08-15,52.714599609375,71.23999786376953,71.55999755859375,70.81999969482422,71.55999755859375,1590700
2017-08-16,53.27696990966797,72.0,72.37999725341797,71.29000091552734,71.44999694824219,1661400
2017-08-17,52.611000061035156,71.0999984741211,72.25,71.0999984741211,71.7300033569336,1368500
2017-08-18,52.27803039550781,70.6500015258789,71.27999877929688,70.55999755859375,71.20999908447266,1403700
2017-08-21,53.26215744018555,71.9800033569336,72.1500015258789,70.56999969482422,70.7699966430664,1378000
2017-08-22,52.4852180480957,70.93000030517578,72.08000183105469,70.76000213623047,71.9800033569336,1176700
2017-08-23,52.9661979675293,71.58000183105469,71.80000305175781,70.76000213623047,70.9000015258789,930200
2017-08-24,52.84040451049805,71.41000366210938,71.9800033569336,71.30999755859375,71.51000213623047,1510300
2017-08-25,53.21778106689453,71.91999816894531,72.3499984741211,71.6500015258789,71.79000091552734,1300800
2017-08-28,52.714599609375,71.23999786376953,72.0999984741211,71.0999984741211,72.01000213623047,931700
2017-08-29,53.225181579589844,71.93000030517578,72.2300033569336,71.37999725341797,71.48999786376953,1509300
2017-08-30,53.65435028076172,72.51000213623047,72.70999908447266,71.80000305175781,71.80999755859375,2275000
2017-08-31,54.179725646972656,73.22000122070312,73.41000366210938,72.62000274658203,72.80999755859375,2598000
2017-09-01,54.51271057128906,73.66999816894531,73.77999877929688,73.19000244140625,73.2300033569336,1731000
2017-09-05,54.80128860473633,74.05999755859375,74.4000015258789,73.63999938964844,73.86000061035156,2399000
2017-09-06,54.51271057128906,73.66999816894531,74.62999725341797,73.45999908447266,74.2300033569336,2253700
2017-09-07,54.749481201171875,73.98999786376953,74.22000122070312,73.48999786376953,73.81999969482422,1085300
2017-09-08,55.25263977050781,74.66999816894531,74.80999755859375,73.76000213623047,73.91000366210938,1451100
2017-09-11,55.76321792602539,75.36000061035156,75.43000030517578,74.3499984741211,74.56999969482422,1722400
2017-09-12,55.00846862792969,74.33999633789062,75.58000183105469,74.02999877929688,75.25,1424100
2017-09-13,54.830894470214844,74.0999984741211,74.4800033569336,73.81999969482422,74.26000213623047,1490100
2017-09-14,55.089874267578125,74.44999694824219,74.44999694824219,73.5,74.01000213623047,1651300
2017-09-15,55.17867660522461,74.56999969482422,74.62000274658203,73.61000061035156,74.26000213623047,2810000
2017-09-18,54.986263275146484,74.30999755859375,74.70999908447266,73.94999694824219,74.5199966430664,1430500
2017-09-19,54.33510971069336,73.43000030517578,74.62999725341797,73.2699966430664,74.4000015258789,1681200
2017-09-20,54.164920806884766,73.19999694824219,73.87000274658203,72.9000015258789,73.70999908447266,2130200
2017-09-21,53.42495346069336,72.19999694824219,73.4000015258789,72.16999816894531,73.19000244140625,1566100
2017-09-22,52.507408142089844,70.95999908447266,72.38999938964844,70.80000305175781,72.33000183105469,1853100
2017-09-25,52.76639175415039,71.30999755859375,71.51000213623047,70.93000030517578,71.08999633789062,1513100
2017-09-26,53.13638687133789,71.80999755859375,71.9000015258789,70.68000030517578,71.23999786376953,2813100
2017-09-27,51.73046875,69.91000366210938,71.66000366210938,69.7699966430664,71.25,2379700
2017-09-28,52.226234436035156,70.58000183105469,70.5999984741211,69.7699966430664,69.80999755859375,1152300
2017-09-29,52.004249572753906,70.27999877929688,70.95999908447266,69.95999908447266,70.36000061035156,2062000
2017-10-02,51.46407699584961,69.55000305175781,70.87000274658203,69.48999786376953,70.87000274658203,1777700
2017-10-03,51.38267517089844,69.44000244140625,70.19999694824219,69.20999908447266,69.5999984741211,1546600
2017-10-04,50.78331756591797,68.62999725341797,68.9800033569336,68.0,68.9800033569336,3287100
2017-10-05,50.7019157409668,68.5199966430664,69.18000030517578,68.41000366210938,68.88999938964844,2052800
2017-10-06,50.576114654541016,68.3499984741211,68.38999938964844,67.45999908447266,68.30000305175781,2905100
2017-10-09,50.502113342285156,68.25,68.81999969482422,68.18000030517578,68.4000015258789,1268500
2017-10-10,50.324527740478516,68.01000213623047,68.72000122070312,67.61000061035156,68.43000030517578,2688900
2017-10-11,50.27273178100586,67.94000244140625,68.30000305175781,67.73999786376953,67.97000122070312,1988400
2017-10-12,50.324527740478516,68.01000213623047,68.01000213623047,67.08999633789062,67.83999633789062,1382300
2017-10-13,50.46513748168945,68.19999694824219,68.55999755859375,67.83999633789062,68.3499984741211,1923900
2017-10-16,50.36893081665039,68.06999969482422,68.43000030517578,67.76000213623047,68.25,1274900
2017-10-17,50.457740783691406,68.19000244140625,68.29000091552734,67.62999725341797,67.75,1273400
2017-10-18,50.546531677246094,68.30999755859375,68.51000213623047,67.83000183105469,68.19000244140625,1268900
2017-10-19,50.45033264160156,68.18000030517578,68.6500015258789,67.9800033569336,68.31999969482422,1221100
2017-10-20,50.44294357299805,68.16999816894531,68.20999908447266,67.75,68.20999908447266,1530000
2017-10-23,49.939762115478516,67.48999786376953,68.38999938964844,67.37000274658203,68.3499984741211,1339300
2017-10-24,49.4661865234375,66.8499984741211,67.63999938964844,66.55999755859375,67.5199966430664,1657600
2017-10-25,48.98521041870117,66.19999694824219,66.76000213623047,65.4000015258789,66.37000274658203,1557500
2017-10-26,48.65962600708008,65.76000213623047,66.86000061035156,65.62999725341797,66.66000366210938,1133300
2017-10-27,49.69559097290039,67.16000366210938,67.81999969482422,65.69999694824219,65.72000122070312,1930300
2017-10-30,49.73256301879883,67.20999908447266,67.43000030517578,66.80000305175781,67.1500015258789,1276500
2017-10-31,49.547584533691406,66.95999908447266,67.2300033569336,66.18000030517578,67.11000061035156,1384800
2017-11-01,49.59197998046875,67.0199966430664,67.43000030517578,66.66999816894531,67.0,1192800
2017-11-02,50.10995864868164,67.72000122070312,68.08999633789062,67.18000030517578,67.26000213623047,1884000
2017-11-03,50.42812728881836,68.1500015258789,68.25,67.30999755859375,67.43000030517578,1396500
2017-11-06,50.96778869628906,68.0,68.0199966430664,67.38999938964844,67.69000244140625,2126000
2017-11-07,51.41001510620117,68.58999633789062,69.80000305175781,68.30000305175781,69.06999969482422,2738000
2017-11-08,51.529937744140625,68.75,69.19000244140625,68.19999694824219,68.55000305175781,2142700
2017-11-09,51.17767333984375,68.27999877929688,68.87999725341797,68.0199966430664,68.5,1452300
2017-11-10,51.057743072509766,68.12000274658203,68.52999877929688,68.0,68.0,1400100
2017-11-13,51.2076416015625,68.31999969482422,68.55000305175781,67.94000244140625,68.19999694824219,2534700
2017-11-14,51.03525161743164,68.08999633789062,68.73999786376953,67.9000015258789,68.12000274658203,1378000
2017-11-15,50.77289962768555,67.73999786376953,68.41999816894531,67.72000122070312,68.11000061035156,2358900
2017-11-16,50.922813415527344,67.94000244140625,68.3499984741211,67.62000274658203,67.73999786376953,1784800
2017-11-17,50.93781280517578,67.95999908447266,68.16000366210938,67.79000091552734,67.79000091552734,1358900
2017-11-20,50.91531753540039,67.93000030517578,68.1500015258789,67.4000015258789,68.08000183105469,1297900
2017-11-21,51.185157775878906,68.29000091552734,68.62999725341797,68.0,68.04000091552734,2183000
2017-11-22,51.095211029052734,68.16999816894531,68.44999694824219,67.97000122070312,68.08999633789062,1263900
2017-11-24,51.16266632080078,68.26000213623047,68.5999984741211,68.13999938964844,68.41000366210938,462200
2017-11-27,50.5705451965332,67.47000122070312,68.2699966430664,67.45999908447266,68.19000244140625,1209900
2017-11-28,50.308204650878906,67.12000274658203,67.61000061035156,66.63999938964844,67.5,1586100
2017-11-29,50.428131103515625,67.27999877929688,67.47000122070312,66.69999694824219,67.0199966430664,1593000
2017-11-30,50.56304168701172,67.45999908447266,67.87999725341797,66.94999694824219,67.80999755859375,2523900
2017-12-01,50.93781280517578,67.95999908447266,68.22000122070312,67.11000061035156,67.70999908447266,2051700
2017-12-04,50.315696716308594,67.12999725341797,68.20999908447266,66.7699966430664,68.08999633789062,2467100
2017-12-05,49.558692932128906,66.12000274658203,67.25,65.97000122070312,66.98999786376953,2672600
2017-12-06,49.68611145019531,66.29000091552734,66.66999816894531,65.75,66.12000274658203,2226100
2017-12-07,49.611148834228516,66.19000244140625,67.0,65.98999786376953,66.29000091552734,2548800
2017-12-08,49.708595275878906,66.31999969482422,66.62999725341797,66.12999725341797,66.29000091552734,2018200
2017-12-11,49.40878677368164,65.91999816894531,66.30000305175781,65.69000244140625,65.9800033569336,2106800
2017-12-12,49.558692932128906,66.12000274658203,66.44999694824219,65.58000183105469,65.97000122070312,2458800
2017-12-13,49.776058197021484,66.41000366210938,66.87000274658203,66.26000213623047,66.33999633789062,2331200
2017-12-14,49.68611145019531,66.29000091552734,66.62999725341797,66.08000183105469,66.26000213623047,1906600
2017-12-15,50.173301696777344,66.94000244140625,67.25,66.38999938964844,66.62000274658203,4753500
2017-12-18,50.47310256958008,67.33999633789062,67.80000305175781,67.06999969482422,67.0999984741211,1622700
2017-12-19,48.32946014404297,64.4800033569336,67.23999786376953,64.11000061035156,67.05000305175781,4094300
2017-12-20,47.71484375,63.65999984741211,65.12000274658203,63.650001525878906,64.4800033569336,2182200
2017-12-21,47.57993698120117,63.47999954223633,63.970001220703125,63.2599983215332,63.810001373291016,1871900
2017-12-22,47.51997375488281,63.400001525878906,63.869998931884766,63.279998779296875,63.439998626708984,1586200
2017-12-26,47.58742904663086,63.4900016784668,64.08000183105469,63.150001525878906,63.349998474121094,1811600
2017-12-27,47.42253494262695,63.27000045776367,63.75,63.119998931884766,63.709999084472656,1565400
2017-12-28,47.75981903076172,63.720001220703125,63.7400016784668,63.060001373291016,63.279998779296875,1276900
2017-12-29,47.797298431396484,63.77000045776367,64.29000091552734,63.5099983215332,63.70000076293945,1378500
2018-01-02,47.99216842651367,64.02999877929688,64.5,63.66999816894531,63.90999984741211,1997300
2018-01-03,48.074623107910156,64.13999938964844,64.68000030517578,63.95000076293945,64.30000305175781,1832600
2018-01-04,47.04026412963867,62.7599983215332,64.1500015258789,62.72999954223633,64.11000061035156,1993500
2018-01-05,46.747962951660156,62.369998931884766,62.97999954223633,62.209999084472656,62.84000015258789,2003300
2018-01-08,46.91285705566406,62.59000015258789,62.84000015258789,62.33000183105469,62.400001525878906,1623200
2018-01-09,45.99843215942383,61.369998931884766,62.619998931884766,61.29999923706055,62.5,2032800
2018-01-10,45.50373840332031,60.709999084472656,61.20000076293945,60.70000076293945,61.08000183105469,3072900
2018-01-11,45.0989990234375,60.16999816894531,61.43000030517578,60.13999938964844,61.040000915527344,2414300
2018-01-12,44.341983795166016,59.15999984741211,60.310001373291016,58.97999954223633,60.310001373291016,2686600
2018-01-16,44.41694259643555,59.2599983215332,60.720001220703125,59.20000076293945,59.29999923706055,3144800
2018-01-17,45.05402755737305,60.11000061035156,60.189998626708984,59.0099983215332,59.58000183105469,4696000
2018-01-18,44.439422607421875,59.290000915527344,59.900001525878906,58.959999084472656,59.900001525878906,3496400
2018-01-19,44.439422607421875,59.290000915527344,59.31999969482422,58.2400016784668,59.290000915527344,3011000
2018-01-22,44.46940231323242,59.33000183105469,59.709999084472656,59.0099983215332,59.2599983215332,2817900
2018-01-23,45.211429595947266,60.31999969482422,60.5099983215332,59.279998779296875,59.66999816894531,2759300
2018-01-24,45.3763313293457,60.540000915527344,60.939998626708984,60.150001525878906,60.27000045776367,2368100
2018-01-25,45.60118865966797,60.84000015258789,60.90999984741211,60.40999984741211,60.529998779296875,2134400
2018-01-26,45.41380310058594,60.59000015258789,60.9900016784668,60.09000015258789,60.970001220703125,2206400
2018-01-29,44.61181640625,59.52000045776367,60.22999954223633,58.9900016784668,60.150001525878906,2085500
2018-01-30,43.869773864746094,58.529998779296875,59.88999938964844,58.529998779296875,59.439998626708984,2444700
2018-01-31,44.9490966796875,59.970001220703125,60.0099983215332,58.599998474121094,58.650001525878906,4265600
2018-02-01,43.502506256103516,58.040000915527344,60.290000915527344,57.939998626708984,60.0,2609300
2018-02-02,43.809818267822266,58.45000076293945,58.81999969482422,56.88999938964844,57.56999969482422,2827500
2018-02-05,42.3707275390625,56.529998779296875,58.86000061035156,56.40999984741211,58.369998931884766,3525100
2018-02-06,42.88040542602539,57.209999084472656,57.279998779296875,55.290000915527344,55.90999984741211,3943300
2018-02-07,42.385711669921875,56.54999923706055,58.099998474121094,56.43000030517578,57.11000061035156,3239700
2018-02-08,40.97660446166992,54.66999816894531,57.209999084472656,54.65999984741211,56.36000061035156,3956600
2018-02-09,41.58372497558594,55.47999954223633,56.0,53.65999984741211,54.630001068115234,4303900
2018-02-12,41.324825286865234,54.27000045776367,54.970001220703125,53.0,54.83000183105469,4115600
2018-02-13,41.94161605834961,55.08000183105469,55.31999969482422,53.630001068115234,54.36000061035156,3839200
2018-02-14,41.23344421386719,54.150001525878906,54.720001220703125,53.43000030517578,54.540000915527344,3249000
2018-02-15,42.0101432800293,55.16999816894531,55.58000183105469,54.20000076293945,54.369998931884766,2908500
2018-02-16,42.48225402832031,55.790000915527344,56.439998626708984,55.25,55.29999923706055,4051100
2018-02-20,41.7284049987793,54.79999923706055,56.099998474121094,54.790000915527344,55.5099983215332,2639200
2018-02-21,41.11161422729492,53.9900016784668,55.04999923706055,53.849998474121094,54.900001525878906,3418200
2018-02-22,40.92124557495117,53.7400016784668,55.060001373291016,53.11000061035156,53.81999969482422,3324100
2018-02-23,41.431434631347656,54.40999984741211,54.40999984741211,53.060001373291016,53.90999984741211,2661200
2018-02-26,41.42381286621094,54.400001525878906,54.66999816894531,53.41999816894531,54.61000061035156,2582200
2018-02-27,39.763816833496094,52.220001220703125,54.709999084472656,52.220001220703125,54.349998474121094,3189600
2018-02-28,39.97702407836914,52.5,54.900001525878906,51.849998474121094,54.900001525878906,3342600
2018-03-01,40.09125518798828,52.650001525878906,53.439998626708984,51.630001068115234,52.04999923706055,2684600
2018-03-02,40.30445861816406,52.93000030517578,53.0099983215332,52.099998474121094,52.47999954223633,2385600
2018-03-05,41.172523498535156,54.06999969482422,54.209999084472656,52.650001525878906,52.650001525878906,3113700
2018-03-06,40.25115203857422,52.86000061035156,53.91999816894531,52.279998779296875,53.630001068115234,3070500
2018-03-07,41.096378326416016,53.970001220703125,54.06999969482422,52.650001525878906,52.779998779296875,2579900
2018-03-08,40.79180145263672,53.56999969482422,54.09000015258789,53.34000015258789,53.93000030517578,2215000
2018-03-09,40.78418731689453,53.560001373291016,53.709999084472656,53.060001373291016,53.709999084472656,2122400
2018-03-12,41.67509841918945,54.72999954223633,54.81999969482422,53.29999923706055,53.5099983215332,3202500
2018-03-13,40.93647766113281,53.7599983215332,55.2400016784668,53.650001525878906,55.130001068115234,2994500
2018-03-14,40.7613410949707,53.529998779296875,54.11000061035156,53.119998931884766,53.790000915527344,1845700
2018-03-15,40.92885971069336,53.75,53.95000076293945,53.5,53.63999938964844,2170400
2018-03-16,41.119224548339844,54.0,54.18000030517578,53.38999938964844,53.619998931884766,3609600
2018-03-19,40.548133850097656,53.25,54.09000015258789,52.84000015258789,53.880001068115234,1832800
2018-03-20,40.471988677978516,53.150001525878906,53.84000015258789,52.9900016784668,53.290000915527344,2306800
2018-03-21,39.938961029052734,52.45000076293945,53.20000076293945,51.869998931884766,52.939998626708984,3058200
2018-03-22,40.167396545410156,52.75,54.150001525878906,52.33000183105469,52.41999816894531,2715300
2018-03-23,39.6191291809082,52.029998779296875,53.060001373291016,51.869998931884766,52.849998474121094,2434400
2018-03-26,39.70289993286133,52.13999938964844,52.5,51.900001525878906,52.380001068115234,1662800
2018-03-27,40.570960998535156,53.279998779296875,53.95000076293945,51.720001220703125,52.13999938964844,2099500
2018-03-28,41.77408981323242,54.86000061035156,55.41999816894531,53.40999984741211,53.459999084472656,3770600
2018-03-29,41.4466552734375,54.43000030517578,54.86000061035156,54.029998779296875,54.849998474121094,2897400
2018-04-02,41.096378326416016,53.970001220703125,54.540000915527344,53.650001525878906,54.369998931884766,2312000
2018-04-03,40.92885971069336,53.75,54.15999984741211,52.79999923706055,54.15999984741211,2906400
2018-04-04,42.00252914428711,55.15999984741211,55.5099983215332,53.38999938964844,53.56999969482422,2637300
2018-04-05,41.67509841918945,54.72999954223633,55.0099983215332,53.90999984741211,55.0099983215332,2565700
2018-04-06,41.888301849365234,55.0099983215332,55.869998931884766,54.720001220703125,54.970001220703125,2814100
2018-04-09,41.49235153198242,54.4900016784668,55.0099983215332,53.959999084472656,55.0099983215332,2129000
2018-04-10,41.119224548339844,54.0,54.709999084472656,53.880001068115234,54.619998931884766,2027700
2018-04-11,41.11161422729492,53.9900016784668,54.86000061035156,53.709999084472656,53.709999084472656,1658900
2018-04-12,40.00748825073242,52.540000915527344,53.95000076293945,52.27000045776367,53.95000076293945,3191900
2018-04-13,40.07601547241211,52.630001068115234,52.630001068115234,51.81999969482422,52.349998474121094,2014700
2018-04-16,40.00748825073242,52.540000915527344,52.77000045776367,51.93000030517578,52.65999984741211,2629400
2018-04-17,40.64712905883789,53.380001068115234,53.65999984741211,52.56999969482422,52.75,2345900
2018-04-18,40.235931396484375,52.84000015258789,53.58000183105469,52.70000076293945,53.400001525878906,1587600
2018-04-19,39.535369873046875,51.91999816894531,53.0,51.27000045776367,52.709999084472656,2066700
2018-04-20,38.97188186645508,51.18000030517578,52.27000045776367,51.09000015258789,52.09000015258789,2146400
2018-04-23,38.59115982055664,50.68000030517578,51.2400016784668,50.369998931884766,51.11000061035156,2071800
2018-04-24,38.85005187988281,51.02000045776367,51.56999969482422,50.130001068115234,50.75,2514800
2018-04-25,38.46931838989258,50.52000045776367,51.02000045776367,49.58000183105469,50.75,2709200
2018-04-26,38.08096694946289,50.0099983215332,51.060001373291016,49.599998474121094,50.65999984741211,4997200
2018-04-27,40.266380310058594,52.880001068115234,53.22999954223633,50.29999923706055,50.939998626708984,4565600
2018-04-30,40.69280242919922,53.439998626708984,53.5099983215332,52.369998931884766,53.04999923706055,3894700
2018-05-01,41.77408981323242,54.86000061035156,55.33000183105469,53.36000061035156,53.560001373291016,4965900
2018-05-02,41.918766021728516,55.04999923706055,55.220001220703125,53.599998474121094,54.61000061035156,4050000
2018-05-03,42.253814697265625,55.4900016784668,56.0,54.720001220703125,55.13999938964844,2365200
2018-05-04,42.77922821044922,56.18000030517578,56.279998779296875,55.400001525878906,55.41999816894531,2354500
2018-05-07,43.08859634399414,55.709999084472656,55.7599983215332,55.099998474121094,55.380001068115234,2491600
2018-05-08,42.647743225097656,55.13999938964844,55.52000045776367,54.810001373291016,55.5,2927700
2018-05-09,42.833377838134766,55.380001068115234,55.459999084472656,54.58000183105469,54.869998931884766,2091900
2018-05-10,43.42118453979492,56.13999938964844,56.13999938964844,55.560001373291016,55.65999984741211,1371900
2018-05-11,43.50625991821289,56.25,56.5,55.77000045776367,56.20000076293945,1725800
2018-05-14,42.93391799926758,55.5099983215332,56.06999969482422,55.150001525878906,56.029998779296875,1805600
2018-05-15,42.41571044921875,54.84000015258789,55.5,54.63999938964844,55.099998474121094,2834200
2018-05-16,42.41571044921875,54.84000015258789,55.25,54.58000183105469,55.099998474121094,2141600
2018-05-17,41.71187210083008,53.93000030517578,54.81999969482422,53.779998779296875,54.81999969482422,1836800
2018-05-18,41.97484588623047,54.27000045776367,54.77000045776367,53.529998779296875,53.529998779296875,4423600
2018-05-21,42.67868423461914,55.18000030517578,55.470001220703125,53.7599983215332,54.880001068115234,1862300
2018-05-22,43.06539535522461,55.68000030517578,56.060001373291016,54.54999923706055,55.18000030517578,2055600
2018-05-23,43.91619110107422,56.779998779296875,56.970001220703125,55.849998474121094,55.90999984741211,2562900
2018-05-24,43.50625991821289,56.25,56.900001525878906,55.81999969482422,56.810001373291016,1737000
2018-05-25,43.98579406738281,56.869998931884766,56.900001525878906,56.11000061035156,56.11000061035156,1460300
2018-05-29,44.10954666137695,57.029998779296875,57.310001373291016,56.4900016784668,56.79999923706055,1988900
2018-05-30,44.50400161743164,57.540000915527344,57.79999923706055,56.4900016784668,56.880001068115234,1613800
2018-05-31,44.58907699584961,57.650001525878906,57.7400016784668,57.18000030517578,57.380001068115234,2165600
2018-06-01,44.875267028808594,58.02000045776367,58.41999816894531,57.540000915527344,57.540000915527344,1473500
2018-06-04,44.68190002441406,57.77000045776367,58.33000183105469,57.31999969482422,58.15999984741211,1641000
2018-06-05,44.40346145629883,57.40999984741211,58.20000076293945,57.38999938964844,57.97999954223633,2038200
2018-06-06,44.49626922607422,57.529998779296875,57.810001373291016,56.86000061035156,57.5,1377400
2018-06-07,44.54268264770508,57.59000015258789,57.95000076293945,57.150001525878906,57.52000045776367,1603500
2018-06-08,44.85205841064453,57.9900016784668,58.060001373291016,57.5099983215332,57.779998779296875,977800
2018-06-11,45.091827392578125,58.29999923706055,58.400001525878906,57.68000030517578,58.0,1308400
2018-06-12,45.09955978393555,58.310001373291016,58.599998474121094,57.90999984741211,58.0099983215332,2353700
2018-06-13,43.954864501953125,56.83000183105469,58.63999938964844,56.79999923706055,58.25,2362500
2018-06-14,44.581356048583984,57.63999938964844,57.939998626708984,57.0,57.0,1636400
2018-06-15,44.47307586669922,57.5,58.060001373291016,57.400001525878906,57.75,2888000
2018-06-18,44.08634948730469,57.0,57.7599983215332,56.599998474121094,57.400001525878906,1370300
2018-06-19,44.24877166748047,57.209999084472656,57.91999816894531,56.90999984741211,56.95000076293945,1861100
2018-06-20,45.15370559692383,58.380001068115234,58.5,57.029998779296875,57.13999938964844,1403500
2018-06-21,45.478553771972656,58.79999923706055,58.97999954223633,58.029998779296875,58.47999954223633,1576700
2018-06-22,45.67190170288086,59.04999923706055,59.209999084472656,58.380001068115234,58.79999923706055,2000200
2018-06-25,45.86527633666992,59.29999923706055,59.59000015258789,58.33000183105469,59.06999969482422,1716500
2018-06-26,45.97355270385742,59.439998626708984,59.88999938964844,59.25,59.58000183105469,2174400
2018-06-27,46.337074279785156,59.90999984741211,60.209999084472656,59.25,59.66999816894531,1751500
2018-06-28,48.23201370239258,62.36000061035156,63.45000076293945,59.560001373291016,60.02000045776367,3803700
2018-06-29,48.487239837646484,62.689998626708984,63.02000045776367,61.72999954223633,62.04999923706055,2995400
2018-07-02,48.01545333862305,62.08000183105469,62.869998931884766,61.119998931884766,62.5099983215332,2630600
2018-07-03,48.649662017822266,62.900001525878906,63.72999954223633,61.63999938964844,61.66999816894531,1328800
2018-07-05,49.36897659301758,63.83000183105469,63.93000030517578,62.119998931884766,62.79999923706055,1984300
2018-07-06,49.809837341308594,64.4000015258789,64.45999908447266,63.84000015258789,63.93000030517578,2047500
2018-07-09,48.89717483520508,63.220001220703125,64.41999816894531,62.689998626708984,64.37000274658203,1876800
2018-07-10,48.92037582397461,63.25,63.650001525878906,62.91999816894531,63.31999969482422,1723300
2018-07-11,48.796627044677734,63.09000015258789,63.56999969482422,62.849998474121094,63.27000045776367,1132500
2018-07-12,48.850765228271484,63.15999984741211,63.380001068115234,62.84000015258789,63.279998779296875,879100
2018-07-13,48.47950744628906,62.68000030517578,63.52000045776367,62.400001525878906,63.380001068115234,1172400
2018-07-16,48.40990447998047,62.59000015258789,62.81999969482422,61.7400016784668,62.61000061035156,1465000
2018-07-17,48.06185531616211,62.13999938964844,62.900001525878906,62.0099983215332,62.880001068115234,1639700
2018-07-18,47.798885345458984,61.79999923706055,62.380001068115234,61.31999969482422,62.040000915527344,1199400
2018-07-19,48.54912567138672,62.77000045776367,63.0099983215332,61.59000015258789,61.75,1405700
2018-07-20,49.10600280761719,63.4900016784668,63.59000015258789,62.40999984741211,62.79999923706055,2424400
2018-07-23,49.291622161865234,63.72999954223633,64.0,63.099998474121094,63.38999938964844,3333300
2018-07-24,48.912635803222656,63.2400016784668,63.650001525878906,62.459999084472656,63.650001525878906,3362400
2018-07-25,49.477256774902344,63.970001220703125,64.41999816894531,63.29999923706055,63.41999816894531,1620900
2018-07-26,49.74022674560547,64.30999755859375,64.55999755859375,63.7400016784668,64.16000366210938,1815600
2018-07-27,47.806617736816406,61.810001373291016,64.12999725341797,61.119998931884766,62.27000045776367,3390200
2018-07-30,47.72152328491211,61.70000076293945,61.79999923706055,60.7400016784668,61.779998779296875,2137600
2018-07-31,48.41763687133789,62.599998474121094,62.9900016784668,61.81999969482422,61.9900016784668,3830300
2018-08-01,48.696075439453125,62.959999084472656,63.09000015258789,61.54999923706055,62.29999923706055,1988200
2018-08-02,48.85849380493164,63.16999816894531,63.2599983215332,62.5,62.970001220703125,2288200
2018-08-03,49.747962951660156,64.31999969482422,64.70999908447266,63.15999984741211,63.290000915527344,2129300
2018-08-06,49.69307327270508,63.380001068115234,63.84000015258789,62.91999816894531,63.529998779296875,1480000
2018-08-07,50.045902252197266,63.83000183105469,63.88999938964844,63.06999969482422,63.25,2151900
2018-08-08,49.779327392578125,63.4900016784668,64.16000366210938,63.290000915527344,63.75,1630600
2018-08-09,49.75580978393555,63.459999084472656,63.939998626708984,63.36000061035156,63.61000061035156,2465200
2018-08-10,49.504913330078125,63.13999938964844,63.79999923706055,62.900001525878906,63.369998931884766,1933200
2018-08-13,49.669559478759766,63.349998474121094,63.380001068115234,62.52000045776367,62.9900016784668,1453400
2018-08-14,50.16350555419922,63.97999954223633,64.44000244140625,63.349998474121094,63.400001525878906,1823100
2018-08-15,51.229801177978516,65.33999633789062,65.61000061035156,64.04000091552734,64.04000091552734,2162300
2018-08-16,51.49639129638672,65.68000030517578,65.86000061035156,64.68000030517578,65.0,1949100
2018-08-17,52.29611587524414,66.69999694824219,66.72000122070312,65.66999816894531,65.83999633789062,2311900
2018-08-20,52.24123764038086,66.62999725341797,67.3499984741211,66.43000030517578,66.9800033569336,3840700
2018-08-21,52.053062438964844,66.38999938964844,66.68000030517578,65.95999908447266,66.5999984741211,1989100
2018-08-22,51.951148986816406,66.26000213623047,66.55999755859375,65.91999816894531,66.44999694824219,1323700
2018-08-23,51.67672348022461,65.91000366210938,66.43000030517578,65.80999755859375,66.36000061035156,1799600
2018-08-24,51.700252532958984,65.94000244140625,66.05999755859375,65.0199966430664,65.66999816894531,1236300
2018-08-27,51.67672348022461,65.91000366210938,65.98999786376953,65.33999633789062,65.94000244140625,1634500
2018-08-28,52.382354736328125,66.80999755859375,66.83000183105469,65.6500015258789,65.8499984741211,1477800
2018-08-29,52.28044128417969,66.68000030517578,67.0199966430664,66.68000030517578,66.88999938964844,1578200
2018-08-30,52.20204162597656,66.58000183105469,66.9000015258789,66.43000030517578,66.8499984741211,1431700
2018-08-31,52.303958892822266,66.70999908447266,67.16000366210938,66.36000061035156,66.6500015258789,2080200
2018-09-04,51.927616119384766,66.2300033569336,66.97000122070312,65.94999694824219,66.55000305175781,2825900
2018-09-05,52.7430305480957,67.2699966430664,67.51000213623047,65.58000183105469,65.9800033569336,1898500
2018-09-06,52.891990661621094,67.45999908447266,67.69999694824219,67.16000366210938,67.33000183105469,1745900
2018-09-07,52.053062438964844,66.38999938964844,67.0199966430664,66.27999877929688,66.88999938964844,1330900
2018-09-10,52.42158126831055,66.86000061035156,67.36000061035156,66.69000244140625,66.95999908447266,1809400
2018-09-11,52.41373062133789,66.8499984741211,67.04000091552734,66.29000091552734,66.58999633789062,1090000
2018-09-12,52.27259063720703,66.66999816894531,67.11000061035156,66.61000061035156,66.86000061035156,1198200
2018-09-13,52.648948669433594,67.1500015258789,67.33000183105469,66.55000305175781,66.98999786376953,1897800
2018-09-14,52.06876754760742,66.41000366210938,66.94999694824219,65.62999725341797,66.94999694824219,1778100
2018-09-17,52.382354736328125,66.80999755859375,66.95999908447266,65.97000122070312,66.37999725341797,2210700
2018-09-18,52.09227752685547,66.44000244140625,66.98999786376953,66.05000305175781,66.86000061035156,1768000
2018-09-19,51.34742736816406,65.48999786376953,66.48999786376953,65.37000274658203,66.48999786376953,2714800
2018-09-20,51.410160064697266,65.56999969482422,65.69999694824219,64.77999877929688,65.41999816894531,2465500
2018-09-21,51.35526657104492,65.5,65.66000366210938,64.87000274658203,65.02999877929688,3686900
2018-09-24,50.147830963134766,63.959999084472656,65.48999786376953,63.56999969482422,65.38999938964844,2205200
2018-09-25,50.61042022705078,64.55000305175781,65.06999969482422,64.0,64.1500015258789,2437400
2018-09-26,49.36377716064453,62.959999084472656,64.58000183105469,62.91999816894531,64.44999694824219,2025700
2018-09-27,49.43435287475586,63.04999923706055,63.7599983215332,63.029998779296875,63.209999084472656,1303900
2018-09-28,50.430084228515625,64.31999969482422,64.3499984741211,63.0,63.099998474121094,2040200
2018-10-01,49.63035583496094,63.29999923706055,64.2300033569336,63.290000915527344,64.0999984741211,1590100
2018-10-02,49.40297317504883,63.0099983215332,63.72999954223633,63.0,63.5,1419800
2018-10-03,48.532691955566406,61.900001525878906,63.25,61.470001220703125,62.95000076293945,2136600
2018-10-04,48.77574920654297,62.209999084472656,62.380001068115234,61.189998626708984,61.439998626708984,2541600
2018-10-05,48.79926300048828,62.2400016784668,62.88999938964844,62.09000015258789,62.220001220703125,1671500
2018-10-08,49.55195617675781,63.20000076293945,63.709999084472656,62.34000015258789,62.34000015258789,1971700
2018-10-09,50.16350555419922,63.97999954223633,64.0199966430664,62.720001220703125,63.16999816894531,2086800
2018-10-10,50.147830963134766,63.959999084472656,64.66000366210938,63.689998626708984,63.88999938964844,2298800
2018-10-11,48.3994026184082,61.72999954223633,64.02999877929688,61.650001525878906,64.02999877929688,2715700
2018-10-12,48.29746627807617,61.599998474121094,62.150001525878906,60.93000030517578,62.150001525878906,2462500
2018-10-15,48.532691955566406,61.900001525878906,62.650001525878906,61.560001373291016,61.560001373291016,1931400
2018-10-16,49.489219665527344,63.119998931884766,63.529998779296875,61.54999923706055,61.959999084472656,2277300
2018-10-17,49.700923919677734,63.38999938964844,63.720001220703125,62.91999816894531,63.09000015258789,1319100
2018-10-18,49.75580978393555,63.459999084472656,63.97999954223633,63.220001220703125,63.439998626708984,1310900
2018-10-19,50.54768753051758,64.47000122070312,64.58000183105469,63.220001220703125,63.5099983215332,1667300
2018-10-22,49.66170883178711,63.34000015258789,65.08999633789062,63.2599983215332,64.6500015258789,3560600
2018-10-23,50.3203125,64.18000030517578,64.73999786376953,63.33000183105469,63.33000183105469,1784500
2018-10-24,51.582637786865234,65.79000091552734,66.2699966430664,64.04000091552734,64.30000305175781,2358400
2018-10-25,51.966819763183594,66.27999877929688,66.58000183105469,65.12999725341797,65.63999938964844,2094900
2018-10-26,51.080848693847656,65.1500015258789,66.79000091552734,64.80000305175781,65.91999816894531,2351800
2018-10-29,51.731605529785156,65.9800033569336,66.16000366210938,65.41999816894531,65.63999938964844,1592300
2018-10-30,54.483612060546875,69.48999786376953,69.8499984741211,65.9800033569336,66.2300033569336,4266200
2018-10-31,51.80216598510742,66.06999969482422,68.41000366210938,66.0199966430664,67.69999694824219,4077800
2018-11-01,52.9233512878418,67.5,67.70999908447266,65.75,66.58999633789062,2412700
2018-11-02,51.63752365112305,65.86000061035156,67.29000091552734,64.43000030517578,67.29000091552734,2160200
2018-11-05,53.14289474487305,67.77999877929688,68.11000061035156,65.9000015258789,66.19000244140625,1719300
2018-11-06,54.19351577758789,69.12000274658203,69.16000366210938,67.0999984741211,67.75,3163100
2018-11-07,54.177852630615234,69.0999984741211,69.5,68.52999877929688,69.19000244140625,2177000
2018-11-08,54.45576477050781,68.58000183105469,68.66000366210938,67.5999984741211,68.19999694824219,1139000
2018-11-09,55.170406341552734,69.4800033569336,69.72000122070312,68.33000183105469,68.69999694824219,2133900
2018-11-12,55.48008346557617,69.87000274658203,70.44000244140625,69.44000244140625,69.47000122070312,1732100
2018-11-13,55.24980926513672,69.58000183105469,70.31999969482422,69.18000030517578,69.88999938964844,1489300
2018-11-14,55.662696838378906,70.0999984741211,70.38999938964844,69.55000305175781,69.87000274658203,1611100
2018-11-15,55.1783332824707,69.48999786376953,70.06999969482422,68.80999755859375,69.83999633789062,1430900
2018-11-16,55.84535598754883,70.33000183105469,70.41000366210938,69.19000244140625,69.73999786376953,2006200
2018-11-19,55.829463958740234,70.30999755859375,70.98999786376953,70.0199966430664,70.44999694824219,1411800
2018-11-20,55.81359100341797,70.29000091552734,71.2699966430664,70.1500015258789,70.1500015258789,2505800
2018-11-21,55.19423294067383,69.51000213623047,70.2300033569336,69.44000244140625,70.2300033569336,1766900
2018-11-23,55.416542053222656,69.79000091552734,70.19999694824219,68.95999908447266,69.44999694824219,586000
2018-11-26,55.51978302001953,69.91999816894531,70.26000213623047,69.19999694824219,70.20999908447266,1479700
2018-11-27,56.17089080810547,70.73999786376953,71.0,69.37000274658203,69.97000122070312,1645200
2018-11-28,56.655269622802734,71.3499984741211,71.3499984741211,69.76000213623047,70.58000183105469,2162700
2018-11-29,56.718788146972656,71.43000030517578,71.68000030517578,70.94999694824219,71.19000244140625,1780700
2018-11-30,57.43342971801758,72.33000183105469,72.33999633789062,71.0,71.69999694824219,3284400
2018-12-03,57.687538146972656,72.6500015258789,72.66000366210938,71.47000122070312,72.33000183105469,2116200
2018-12-04,57.27464294433594,72.12999725341797,73.87999725341797,71.94999694824219,72.62000274658203,3178800
2018-12-06,59.331207275390625,74.72000122070312,74.75,71.91999816894531,72.05999755859375,3320000
2018-12-07,58.54511260986328,73.7300033569336,74.55999755859375,72.98999786376953,74.55999755859375,3167400
2018-12-10,57.9734001159668,73.01000213623047,73.91999816894531,72.30000305175781,73.70999908447266,2208900
2018-12-11,58.00514221191406,73.05000305175781,73.8499984741211,72.94000244140625,73.19999694824219,4902200
2018-12-12,56.94907760620117,71.72000122070312,73.79000091552734,71.58999633789062,73.5199966430664,2234000
2018-12-13,57.409629821777344,72.30000305175781,72.95999908447266,71.94999694824219,71.95999908447266,1738400
2018-12-14,57.44139099121094,72.33999633789062,72.41000366210938,71.68000030517578,71.87999725341797,1657100
2018-12-17,56.155029296875,70.72000122070312,73.44000244140625,70.37999725341797,72.5199966430664,3204300
2018-12-18,56.68702697753906,71.38999938964844,71.9000015258789,70.73999786376953,71.0,2452300
2018-12-19,56.47263717651367,71.12000274658203,72.30000305175781,70.81999969482422,71.72000122070312,2492900
2018-12-20,56.488521575927734,71.13999938964844,71.91000366210938,70.62000274658203,71.19999694824219,2610700
2018-12-21,55.90886306762695,70.41000366210938,72.8499984741211,70.41000366210938,71.08999633789062,5608700
2018-12-24,52.75650405883789,66.44000244140625,70.48999786376953,66.33000183105469,70.19999694824219,1128900
2018-12-26,54.86866760253906,69.0999984741211,69.0999984741211,65.94000244140625,66.69000244140625,1835100
2018-12-27,55.00365447998047,69.2699966430664,69.41000366210938,67.29000091552734,68.8499984741211,1960500
2018-12-28,55.08306121826172,69.37000274658203,70.33000183105469,68.4800033569336,69.80000305175781,1757200
2018-12-31,55.114837646484375,69.41000366210938,69.5999984741211,68.08999633789062,69.5999984741211,1421800
2019-01-02,53.43144989013672,67.29000091552734,68.91999816894531,66.81999969482422,68.79000091552734,2328100
2019-01-03,54.41606903076172,68.52999877929688,69.16000366210938,67.30999755859375,67.45999908447266,2369600
2019-01-04,54.21754837036133,68.27999877929688,69.25,68.02999877929688,68.94999694824219,2673200
2019-01-07,54.86071014404297,69.08999633789062,69.70999908447266,68.27999877929688,68.4800033569336,1643800
2019-01-08,55.829463958740234,70.30999755859375,70.56999969482422,69.23999786376953,69.4000015258789,1794000
2019-01-09,55.32921600341797,69.68000030517578,70.48999786376953,69.12999725341797,70.48999786376953,1911400
2019-01-10,56.567909240722656,71.23999786376953,71.36000061035156,69.45999908447266,69.51000213623047,2488400
2019-01-11,56.74260711669922,71.45999908447266,71.54000091552734,70.94000244140625,71.18000030517578,2054400
2019-01-14,56.51234817504883,71.16999816894531,71.55999755859375,70.87999725341797,71.31999969482422,1407300
2019-01-15,57.481075286865234,72.38999938964844,72.62999725341797,71.19000244140625,71.31999969482422,1319800
2019-01-16,57.6398811340332,72.58999633789062,73.12000274658203,71.88999938964844,71.88999938964844,1404200
2019-01-17,57.73517608642578,72.70999908447266,73.22000122070312,72.2300033569336,72.3499984741211,1648200
2019-01-18,57.99721908569336,73.04000091552734,73.20999908447266,72.43000030517578,72.70999908447266,1921900
2019-01-22,58.29100036621094,73.41000366210938,73.80000305175781,72.7699966430664,73.08000183105469,1770700
2019-01-23,58.894474029541016,74.16999816894531,74.19999694824219,72.94999694824219,73.25,1631000
2019-01-24,59.00566101074219,74.30999755859375,74.5,73.51000213623047,74.2699966430664,1453000
2019-01-25,59.50592041015625,74.94000244140625,75.0,74.16999816894531,74.5199966430664,1938900
2019-01-28,59.91880798339844,75.45999908447266,75.52999877929688,74.66999816894531,74.81999969482422,2679000
2019-01-29,60.33964920043945,75.98999786376953,76.0,75.02999877929688,75.5999984741211,2134700
2019-01-30,60.82402801513672,76.5999984741211,77.01000213623047,75.61000061035156,75.83999633789062,3195100
2019-01-31,61.53071975708008,77.48999786376953,77.9000015258789,75.68000030517578,76.44000244140625,4277400
2019-02-01,60.5937614440918,76.30999755859375,77.7300033569336,75.2300033569336,77.55999755859375,2269600
2019-02-04,61.26073455810547,77.1500015258789,77.1500015258789,75.56999969482422,76.11000061035156,2177200
2019-02-05,61.50691223144531,77.45999908447266,77.52999877929688,76.37000274658203,77.1500015258789,2089500
2019-02-06,60.943138122558594,76.75,77.66000366210938,76.41999816894531,77.33999633789062,1831900
2019-02-07,61.181358337402344,77.05000305175781,77.1500015258789,76.22000122070312,76.63999938964844,2866900
2019-02-08,61.308387756347656,77.20999908447266,77.23999786376953,76.26000213623047,76.52999877929688,1738000
2019-02-11,61.48307418823242,77.43000030517578,77.66999816894531,76.91999816894531,77.38999938964844,2220800
2019-02-12,60.86372375488281,76.6500015258789,77.7699966430664,76.3499984741211,77.37999725341797,2729800
2019-02-13,61.58629608154297,77.55999755859375,77.66000366210938,75.94999694824219,76.30999755859375,1943400
2019-02-14,61.51483917236328,77.47000122070312,77.9000015258789,77.01000213623047,77.66000366210938,1509600
2019-02-15,61.62601852416992,77.61000061035156,77.79000091552734,77.16000366210938,77.70999908447266,2907700
2019-02-19,60.95108413696289,76.76000213623047,77.73999786376953,76.66999816894531,77.69000244140625,2152800
2019-02-20,60.14908981323242,75.75,76.80000305175781,75.08999633789062,76.5199966430664,2933000
2019-02-21,59.79563522338867,74.44000244140625,75.0999984741211,74.13999938964844,74.80999755859375,5911800
2019-02-22,60.59892272949219,75.44000244140625,75.9000015258789,74.51000213623047,74.73999786376953,2693100
2019-02-25,59.76351547241211,74.4000015258789,75.77999877929688,74.18000030517578,75.77999877929688,3271200
2019-02-26,59.884002685546875,74.55000305175781,75.16000366210938,74.0999984741211,74.87000274658203,2009800
2019-02-27,59.87596893310547,74.54000091552734,74.63999938964844,73.11000061035156,74.0199966430664,2362600
2019-02-28,59.69121551513672,74.30999755859375,75.79000091552734,74.12999725341797,74.5,5700300
2019-03-01,59.450233459472656,74.01000213623047,74.5,72.62000274658203,74.45999908447266,3070300
2019-03-04,59.892032623291016,74.55999755859375,74.72000122070312,73.51000213623047,74.25,2209000
2019-03-05,60.13300704956055,74.86000061035156,75.3499984741211,74.48999786376953,74.48999786376953,2494700
2019-03-06,59.69925308227539,74.31999969482422,75.02999877929688,74.16000366210938,74.86000061035156,1748500
2019-03-07,60.325801849365234,75.0999984741211,75.48999786376953,74.61000061035156,74.66999816894531,2687900
2019-03-08,60.22138214111328,74.97000122070312,75.80999755859375,74.3499984741211,75.0999984741211,2245600
2019-03-11,61.42628860473633,76.47000122070312,76.48999786376953,75.18000030517578,75.18000030517578,2184700
2019-03-12,61.739566802978516,76.86000061035156,77.1500015258789,76.51000213623047,76.5999984741211,2230700
2019-03-13,62.15725326538086,77.37999725341797,77.58999633789062,77.01000213623047,77.04000091552734,2177400
2019-03-14,62.55888748168945,77.87999725341797,77.88999938964844,77.25,77.44999694824219,2216400
2019-03-15,62.0849723815918,77.29000091552734,78.23999786376953,77.04000091552734,78.0,5124400
2019-03-18,60.86399841308594,75.7699966430664,77.54000091552734,75.33999633789062,77.41999816894531,2857700
2019-03-19,60.46235275268555,75.2699966430664,75.9000015258789,75.02999877929688,75.70999908447266,2554400
2019-03-20,60.6471061706543,75.5,75.91999816894531,74.47000122070312,75.44999694824219,2100200
2019-03-21,62.390201568603516,77.66999816894531,77.66999816894531,75.27999877929688,75.47000122070312,3143900
2019-03-22,62.51070022583008,77.81999969482422,79.41000366210938,77.77999877929688,77.77999877929688,2896500
2019-03-25,62.97660446166992,78.4000015258789,78.79000091552734,77.5,77.91999816894531,1941100
2019-03-26,63.233638763427734,78.72000122070312,78.87999725341797,78.27999877929688,78.79000091552734,1546700
2019-03-27,62.71153259277344,78.06999969482422,78.88999938964844,77.87000274658203,78.56999969482422,2023400
2019-03-28,63.121192932128906,78.58000183105469,78.5999984741211,77.83999633789062,78.33999633789062,1945900
2019-03-29,62.33396530151367,77.5999984741211,78.55999755859375,77.43000030517578,78.51000213623047,2673200
2019-04-01,61.90022277832031,77.05999755859375,77.66999816894531,76.12999725341797,77.66999816894531,2241300
2019-04-02,62.36611557006836,77.63999938964844,77.69999694824219,76.25,77.23999786376953,2289600
2019-04-03,62.06088638305664,77.26000213623047,77.80000305175781,76.7699966430664,77.44000244140625,1472000
2019-04-04,61.49856948852539,76.55999755859375,77.20999908447266,76.12999725341797,77.20999908447266,1259500
2019-04-05,61.6431770324707,76.73999786376953,76.81999969482422,76.04000091552734,76.19999694824219,1707900
2019-04-08,60.847938537597656,75.75,77.12999725341797,75.72000122070312,76.94000244140625,1913600
2019-04-09,60.880062103271484,75.79000091552734,75.97000122070312,75.54000091552734,75.83999633789062,1594600
2019-04-10,61.46644592285156,76.5199966430664,76.61000061035156,75.94999694824219,76.19999694824219,1527300
2019-04-11,61.46644592285156,76.5199966430664,76.94000244140625,76.06999969482422,76.31999969482422,1741700
2019-04-12,61.42628860473633,76.47000122070312,76.47000122070312,75.27999877929688,75.81999969482422,1337400
2019-04-15,61.41022491455078,76.44999694824219,76.61000061035156,76.04000091552734,76.5,1073200
2019-04-16,59.22532272338867,73.7300033569336,76.5,73.48999786376953,76.33999633789062,1977100
2019-04-17,58.044517517089844,72.26000213623047,73.94000244140625,71.83000183105469,73.9000015258789,1728900
2019-04-18,58.83171463012695,73.23999786376953,73.45999908447266,72.06999969482422,72.51000213623047,1294500
2019-04-22,57.64286804199219,71.76000213623047,73.16999816894531,71.18000030517578,72.94000244140625,1990800
2019-04-23,58.39793395996094,72.69999694824219,73.01000213623047,71.76000213623047,72.26000213623047,1437300
2019-04-24,58.99237823486328,73.44000244140625,73.68000030517578,72.62000274658203,73.13999938964844,1586900
2019-04-25,59.241390228271484,73.75,73.87000274658203,72.94000244140625,73.26000213623047,1272900
2019-04-26,59.87596893310547,74.54000091552734,74.83999633789062,73.77999877929688,74.37999725341797,977300
2019-04-29,58.63090515136719,72.98999786376953,74.54000091552734,72.9000015258789,74.33000183105469,1123800
2019-04-30,59.86794662475586,74.52999877929688,74.9800033569336,72.80000305175781,73.12999725341797,2680300
2019-05-01,60.14105224609375,74.87000274658203,76.0,74.43000030517578,74.80000305175781,1955000
2019-05-02,60.5266227722168,75.3499984741211,75.66999816894531,74.72000122070312,74.88999938964844,1752500
2019-05-03,61.41022491455078,76.44999694824219,76.56999969482422,75.30000305175781,75.54000091552734,1049100
2019-05-06,61.048763275146484,76.0,76.62999725341797,75.68000030517578,76.12000274658203,948700
2019-05-07,60.550716400146484,75.37999725341797,76.12999725341797,74.80000305175781,76.12999725341797,1260400
2019-05-08,60.47841262817383,75.29000091552734,76.33999633789062,75.25,75.47000122070312,1061100
2019-05-09,61.1130256652832,76.08000183105469,76.12000274658203,74.9000015258789,75.30999755859375,1132800
2019-05-10,62.27775573730469,77.52999877929688,77.62999725341797,75.88999938964844,76.0,1085000
2019-05-13,63.114532470703125,77.69000244140625,77.7699966430664,76.08999633789062,76.16999816894531,1920500
2019-05-14,63.43134689331055,78.08000183105469,78.1500015258789,77.27999877929688,77.41000366210938,1590700
2019-05-15,63.926902770996094,78.69000244140625,79.18000030517578,77.83999633789062,77.87000274658203,1167300
2019-05-16,64.5687026977539,79.4800033569336,79.81999969482422,78.5,78.61000061035156,1375400
2019-05-17,65.02363586425781,80.04000091552734,80.1500015258789,78.91999816894531,79.19000244140625,1356500
2019-05-20,64.36559295654297,79.2300033569336,80.4000015258789,78.68000030517578,80.08000183105469,1284700
2019-05-21,64.99112701416016,80.0,80.19999694824219,79.30000305175781,79.47000122070312,1484400
2019-05-22,65.16986846923828,80.22000122070312,80.31999969482422,79.55000305175781,79.94999694824219,1149200
2019-05-23,66.08788299560547,81.3499984741211,81.37000274658203,79.94000244140625,80.0,1787100
2019-05-24,66.26658630371094,81.56999969482422,81.91999816894531,81.36000061035156,81.38999938964844,1419700
2019-05-28,65.08049011230469,80.11000061035156,82.18000030517578,80.11000061035156,81.81999969482422,2200100
2019-05-29,64.75555419921875,79.70999908447266,80.68000030517578,79.33000183105469,80.44999694824219,1801900
2019-05-30,65.60856628417969,80.76000213623047,80.7699966430664,79.55000305175781,79.87000274658203,1464900
2019-05-31,65.98224639892578,81.22000122070312,81.91000366210938,80.5,80.81999969482422,1811200
2019-06-03,66.6240463256836,82.01000213623047,82.18000030517578,81.13999938964844,81.62999725341797,1814000
2019-06-04,65.03990173339844,80.05999755859375,81.66999816894531,79.41999816894531,81.66999816894531,3331600
2019-06-05,66.59966278076172,81.9800033569336,82.06999969482422,80.25,80.58000183105469,2252900
2019-06-06,67.08709716796875,82.58000183105469,82.81999969482422,81.69999694824219,82.02999877929688,1473700
2019-06-07,67.61518096923828,83.2300033569336,83.87000274658203,82.77999877929688,83.12000274658203,2268600
2019-06-10,66.92460632324219,82.37999725341797,83.5,81.87000274658203,83.30999755859375,1565100
2019-06-11,66.70527648925781,82.11000061035156,82.6500015258789,81.30000305175781,82.41999816894531,1791300
2019-06-12,66.83525848388672,82.2699966430664,83.25,82.12000274658203,82.41000366210938,1565900
2019-06-13,66.88401794433594,82.33000183105469,82.66000366210938,81.69000244140625,82.19000244140625,1759600
2019-06-14,66.8433837890625,82.27999877929688,83.25,82.19999694824219,82.19999694824219,2015800
2019-06-17,67.92385864257812,83.61000061035156,83.8499984741211,82.5,82.7300033569336,2322600
2019-06-18,67.46078491210938,83.04000091552734,84.36000061035156,82.69999694824219,84.08999633789062,2061200
2019-06-19,68.0782241821289,83.80000305175781,84.26000213623047,82.18000030517578,82.56999969482422,2459700
2019-06-20,68.75249481201172,84.62999725341797,85.26000213623047,84.18000030517578,84.2300033569336,3496100
2019-06-21,67.95635986328125,83.6500015258789,84.75,82.55000305175781,84.55000305175781,10019400
2019-06-24,68.29754638671875,84.06999969482422,84.58999633789062,83.47000122070312,84.08000183105469,3101200
2019-06-25,67.6720199584961,83.30000305175781,84.80999755859375,82.9800033569336,84.2300033569336,3555600
2019-06-26,65.86038970947266,81.06999969482422,83.0,80.52999877929688,82.9800033569336,2843900
2019-06-27,66.3153076171875,81.62999725341797,82.16999816894531,81.2699966430664,81.31999969482422,1784600
2019-06-28,66.23409271240234,81.52999877929688,82.19000244140625,81.38999938964844,81.62999725341797,4007600
2019-07-01,66.40469360351562,81.73999786376953,82.12999725341797,80.02999877929688,82.12999725341797,2257800
2019-07-02,68.3787841796875,84.16999816894531,84.26000213623047,81.93000030517578,82.0999984741211,2090700
2019-07-03,69.27242279052734,85.2699966430664,85.45999908447266,84.29000091552734,84.29000091552734,1123100
2019-07-05,68.41942596435547,84.22000122070312,84.5,82.4000015258789,84.25,1382900
2019-07-08,69.26429748535156,85.26000213623047,85.26000213623047,84.22000122070312,84.30000305175781,1334800
2019-07-09,69.94668579101562,86.0999984741211,86.26000213623047,84.97000122070312,85.12000274658203,1555700
2019-07-10,70.45039367675781,86.72000122070312,86.91000366210938,85.9000015258789,86.25,1734100
2019-07-11,69.19117736816406,85.16999816894531,86.58999633789062,84.94999694824219,86.38999938964844,2168600
2019-07-12,68.84999084472656,84.75,85.37999725341797,84.41000366210938,85.30000305175781,1492500
2019-07-15,68.57376098632812,84.41000366210938,85.68000030517578,84.37000274658203,84.87999725341797,1728000
2019-07-16,68.76874542236328,84.6500015258789,84.80999755859375,83.54000091552734,83.87000274658203,1599000
2019-07-17,68.64686584472656,84.5,85.47000122070312,83.91000366210938,84.94000244140625,1278200
2019-07-18,68.93121337890625,84.8499984741211,85.11000061035156,83.9800033569336,84.33000183105469,1201600
2019-07-19,67.46891784667969,83.05000305175781,84.94999694824219,82.97000122070312,84.9000015258789,1775000
2019-07-22,67.46891784667969,83.05000305175781,83.62000274658203,82.66999816894531,83.13999938964844,3221500
2019-07-23,68.01322174072266,83.72000122070312,83.7300033569336,82.5,83.16999816894531,2070600
2019-07-24,67.50140380859375,83.08999633789062,84.01000213623047,82.58999633789062,84.0,2051100
2019-07-25,67.12773895263672,82.62999725341797,83.12999725341797,82.22000122070312,82.86000061035156,1619400
2019-07-26,67.5339126586914,83.12999725341797,83.27999877929688,82.13999938964844,82.58000183105469,1588800
2019-07-29,68.0051040649414,83.70999908447266,84.68000030517578,83.41999816894531,83.75,1113300
2019-07-30,68.20006561279297,83.94999694824219,84.41999816894531,83.06999969482422,83.56999969482422,1326600
2019-07-31,67.52578735351562,83.12000274658203,84.68000030517578,82.83000183105469,83.7300033569336,2011600
2019-08-01,67.99696350097656,83.69999694824219,84.43000030517578,81.36000061035156,82.7699966430664,2791000
2019-08-02,68.85810089111328,84.76000213623047,85.23999786376953,83.69999694824219,83.69999694824219,1511800
2019-08-05,68.92310333251953,84.83999633789062,85.51000213623047,83.77999877929688,85.16999816894531,3232300
2019-08-06,69.38617706298828,85.41000366210938,86.80000305175781,84.04000091552734,84.51000213623047,2564700
2019-08-07,70.8809814453125,87.25,87.91000366210938,84.6500015258789,85.44999694824219,2256600
2019-08-08,71.41712951660156,87.91000366210938,88.2699966430664,86.06999969482422,86.72000122070312,2649500
2019-08-09,71.71773529052734,88.27999877929688,88.44000244140625,87.33999633789062,87.88999938964844,1507000
2019-08-12,71.48210906982422,87.98999786376953,88.87000274658203,87.37000274658203,88.30000305175781,1199800
2019-08-13,71.368408203125,87.8499984741211,88.23999786376953,86.4800033569336,87.94999694824219,1834900
2019-08-14,71.02376556396484,86.55999755859375,87.55000305175781,86.44999694824219,87.11000061035156,1556800
2019-08-15,72.43505859375,88.27999877929688,88.47000122070312,86.44000244140625,86.48999786376953,1866900
2019-08-16,72.853515625,88.79000091552734,89.05999755859375,86.44000244140625,88.20999908447266,1500700
2019-08-19,73.37044525146484,89.41999816894531,89.62000274658203,88.30999755859375,88.9800033569336,1644600
2019-08-20,72.65660095214844,88.55000305175781,90.25,88.5,89.9000015258789,2286100
2019-08-21,72.96839904785156,88.93000030517578,89.33999633789062,87.95999908447266,88.69999694824219,1074600
2019-08-22,72.94377136230469,88.9000015258789,89.26000213623047,88.22000122070312,88.80999755859375,1322400
2019-08-23,72.00019073486328,87.75,90.19999694824219,87.4000015258789,89.01000213623047,2110300
2019-08-26,72.69761657714844,88.5999984741211,88.72000122070312,87.4000015258789,88.16000366210938,2153000
2019-08-27,72.99300384521484,88.95999908447266,90.22000122070312,88.95999908447266,89.18000030517578,3336700
2019-08-28,72.93557739257812,88.88999938964844,89.8499984741211,88.61000061035156,89.47000122070312,1242900
2019-08-29,73.58380126953125,89.68000030517578,89.80000305175781,88.72000122070312,89.36000061035156,1606100
2019-08-30,73.4853286743164,89.55999755859375,90.0,89.02999877929688,89.83999633789062,1245500
2019-09-03,74.97865295410156,91.37999725341797,91.44000244140625,89.08999633789062,89.37999725341797,1937300
2019-09-04,75.86483001708984,92.45999908447266,92.5,91.52999877929688,92.19000244140625,2095900
2019-09-05,74.74072265625,91.08999633789062,92.11000061035156,89.69999694824219,91.68000030517578,2100900
2019-09-06,74.98686981201172,91.38999938964844,92.11000061035156,91.19000244140625,91.19000244140625,1904900
2019-09-09,74.01866912841797,90.20999908447266,91.04000091552734,89.62999725341797,91.0,1585600
2019-09-10,72.10686492919922,87.87999725341797,89.76000213623047,86.9800033569336,89.30000305175781,2472200
2019-09-11,71.94275665283203,87.68000030517578,88.4800033569336,86.58999633789062,87.19999694824219,2735800
2019-09-12,71.75402069091797,87.44999694824219,89.33000183105469,87.2300033569336,88.87999725341797,2340200
2019-09-13,70.16223907470703,85.51000213623047,87.61000061035156,85.19000244140625,87.01000213623047,3001000
2019-09-16,71.3273696899414,86.93000030517578,87.44999694824219,85.6500015258789,86.0999984741211,2421000
2019-09-17,73.2719955444336,89.30000305175781,89.47000122070312,87.5,87.66999816894531,1743900
2019-09-18,72.92736053466797,88.87999725341797,89.87999725341797,87.91999816894531,89.73999786376953,1870800
2019-09-19,73.2719955444336,89.30000305175781,89.68000030517578,88.91000366210938,89.08000183105469,1354500
2019-09-20,72.8617172241211,88.80000305175781,89.72000122070312,88.66000366210938,89.70999908447266,3578200
2019-09-23,73.07504272460938,89.05999755859375,89.94000244140625,88.62000274658203,88.62000274658203,1736400
2019-09-24,73.16532135009766,89.16999816894531,90.18000030517578,88.55999755859375,89.30000305175781,2093600
2019-09-25,73.16532135009766,89.16999816894531,89.8499984741211,88.83999633789062,89.27999877929688,1414100
2019-09-26,74.35507202148438,90.62000274658203,90.91999816894531,89.23999786376953,89.63999938964844,1290800
2019-09-27,74.08428192138672,90.29000091552734,91.05000305175781,89.48999786376953,90.72000122070312,1862000
2019-09-30,74.3796615600586,90.6500015258789,91.05000305175781,90.08000183105469,90.23999786376953,2505500
2019-10-01,73.40328216552734,89.45999908447266,90.5199966430664,89.41000366210938,90.2699966430664,1680900
2019-10-02,73.66582489013672,89.77999877929688,90.48999786376953,88.9800033569336,90.05999755859375,1525500
2019-10-03,74.93762969970703,91.33000183105469,91.98999786376953,89.83999633789062,89.83999633789062,1514800
2019-10-04,75.45455932617188,91.95999908447266,92.0,91.30000305175781,91.45999908447266,1160000
2019-10-07,75.10993957519531,91.54000091552734,92.33000183105469,91.0,91.05000305175781,1411700
2019-10-08,74.81454467773438,91.18000030517578,92.08000183105469,90.73999786376953,91.88999938964844,1143300
2019-10-09,74.95404815673828,91.3499984741211,92.06999969482422,91.27999877929688,91.37000274658203,889200
2019-10-10,75.1591796875,91.5999984741211,91.83999633789062,90.3499984741211,91.16000366210938,1476800
2019-10-11,74.81454467773438,91.18000030517578,91.81999969482422,90.83000183105469,91.66999816894531,1456100
2019-10-14,75.3150634765625,91.79000091552734,91.88999938964844,90.91999816894531,91.27999877929688,964400
2019-10-15,74.98686981201172,91.38999938964844,92.1500015258789,90.44000244140625,91.9000015258789,1456200
2019-10-16,74.68327331542969,91.0199966430664,91.2300033569336,89.77999877929688,90.88999938964844,1857200
2019-10-17,74.81454467773438,91.18000030517578,91.37000274658203,90.5,91.08999633789062,2237600
2019-10-18,75.56119537353516,92.08999633789062,92.37999725341797,90.97000122070312,91.13999938964844,1896800
2019-10-21,75.65966033935547,92.20999908447266,92.22000122070312,91.0199966430664,91.8499984741211,1656900
2019-10-22,75.42173767089844,91.91999816894531,93.16999816894531,91.7300033569336,92.5999984741211,2081700
2019-10-23,74.76532745361328,91.12000274658203,92.3499984741211,90.58000183105469,92.0,3023000
2019-10-24,74.53556823730469,90.83999633789062,91.27999877929688,90.27999877929688,91.18000030517578,1913100
2019-10-25,72.17247009277344,87.95999908447266,90.56999969482422,87.63999938964844,90.16999816894531,2461700
2019-10-28,71.41763305664062,87.04000091552734,87.9000015258789,86.76000213623047,87.86000061035156,3518600
2019-10-29,73.38685607910156,89.44000244140625,92.06999969482422,88.86000061035156,92.06999969482422,3377300
2019-10-30,74.22378540039062,90.45999908447266,90.51000213623047,88.93000030517578,88.94000244140625,1896800
2019-10-31,74.41251373291016,90.69000244140625,91.47000122070312,89.9000015258789,90.47000122070312,2069200
2019-11-01,73.8709716796875,90.02999877929688,91.0999984741211,88.87999725341797,90.83999633789062,1820500
2019-11-04,71.29454040527344,86.88999938964844,89.38999938964844,86.63999938964844,89.38999938964844,1807800
2019-11-05,70.19505310058594,85.55000305175781,86.20999908447266,84.02999877929688,86.20999908447266,3328900
2019-11-06,69.63710021972656,84.87000274658203,86.36000061035156,84.44000244140625,86.16000366210938,2411200
2019-11-07,68.30789184570312,83.25,84.12000274658203,82.51000213623047,84.02999877929688,2433400
2019-11-08,68.0042724609375,82.87999725341797,83.80000305175781,82.69000244140625,83.04000091552734,1750400
2019-11-11,68.19300079345703,83.11000061035156,83.61000061035156,82.66999816894531,83.11000061035156,1281900
2019-11-12,68.23446655273438,82.29000091552734,83.44999694824219,82.0999984741211,82.44999694824219,2512000
2019-11-13,68.90612030029297,83.0999984741211,83.4000015258789,82.4000015258789,82.52999877929688,2313400
2019-11-14,69.3124008178711,83.58999633789062,83.79000091552734,83.2300033569336,83.36000061035156,1558000
2019-11-15,69.64409637451172,83.98999786376953,84.19000244140625,83.20999908447266,83.75,3593100
2019-11-18,70.33231353759766,84.81999969482422,85.44000244140625,84.02999877929688,84.18000030517578,2264200
2019-11-19,70.56449127197266,85.0999984741211,85.54000091552734,84.61000061035156,85.37000274658203,1434700
2019-11-20,70.34889221191406,84.83999633789062,85.37000274658203,84.19000244140625,85.0199966430664,1306800
2019-11-21,69.23776245117188,83.5,84.61000061035156,83.29000091552734,84.1500015258789,1646400
2019-11-22,69.36216735839844,83.6500015258789,83.88999938964844,82.80999755859375,83.77999877929688,1417000
2019-11-25,68.98072052001953,83.19000244140625,84.77999877929688,83.11000061035156,83.94000244140625,4300500
2019-11-26,70.11671447753906,84.55999755859375,84.56999969482422,83.38999938964844,83.5,3373500
2019-11-27,71.1614990234375,85.81999969482422,85.81999969482422,84.02999877929688,84.2699966430664,2085700
2019-11-29,70.1250228881836,84.56999969482422,86.13999938964844,84.44999694824219,85.76000213623047,1015800
2019-12-02,69.01390838623047,83.2300033569336,84.58000183105469,83.19999694824219,84.26000213623047,1777100
2019-12-03,69.59432220458984,83.93000030517578,84.73999786376953,83.69999694824219,83.88999938964844,1828000
2019-12-04,69.46996307373047,83.77999877929688,84.37999725341797,83.54000091552734,83.70999908447266,1968900
2019-12-05,69.7021484375,84.05999755859375,84.05999755859375,82.76000213623047,83.37999725341797,1944100
2019-12-06,69.46167755126953,83.7699966430664,84.51000213623047,83.43000030517578,84.0199966430664,1185100
2019-12-09,68.93927764892578,83.13999938964844,83.9800033569336,82.91999816894531,83.77999877929688,1697000
2019-12-10,68.566162109375,82.69000244140625,83.33000183105469,82.08000183105469,83.13999938964844,1603800
2019-12-11,67.30575561523438,81.16999816894531,82.79000091552734,80.54000091552734,82.68000030517578,2528700
2019-12-12,65.61419677734375,79.12999725341797,81.47000122070312,79.01000213623047,81.05000305175781,2239700
2019-12-13,65.23274993896484,78.66999816894531,79.77999877929688,77.7300033569336,78.94000244140625,2664900
2019-12-16,65.23274993896484,78.66999816894531,78.97000122070312,77.72000122070312,78.63999938964844,2742800
2019-12-17,64.17970275878906,77.4000015258789,79.2300033569336,77.23999786376953,79.0199966430664,2613800
2019-12-18,65.00059509277344,78.38999938964844,78.68000030517578,76.75,76.97000122070312,2412000
2019-12-19,65.5478744506836,79.05000305175781,79.38999938964844,77.9000015258789,78.55999755859375,2900200
2019-12-20,66.66728210449219,80.4000015258789,80.79000091552734,79.75,80.43000030517578,5539100
2019-12-23,66.21124267578125,79.8499984741211,80.81999969482422,79.55999755859375,80.54000091552734,1956300
2019-12-24,66.27758026123047,79.93000030517578,80.13999938964844,79.55000305175781,79.83000183105469,425600
2019-12-26,66.733642578125,80.4800033569336,80.4800033569336,79.91000366210938,80.0199966430664,758700
2019-12-27,67.13162231445312,80.95999908447266,81.0999984741211,80.4000015258789,80.70999908447266,1050200
2019-12-30,67.17310333251953,81.01000213623047,81.04000091552734,80.29000091552734,80.55000305175781,2517700
2019-12-31,67.81155395507812,81.77999877929688,81.79000091552734,81.01000213623047,81.05999755859375,2777200
2020-01-02,66.45170593261719,80.13999938964844,82.13999938964844,79.95999908447266,82.08999633789062,2049100
2020-01-03,67.620849609375,81.55000305175781,81.66000366210938,79.55000305175781,79.63999938964844,1687000
2020-01-06,68.64904022216797,82.79000091552734,83.22000122070312,81.66000366210938,82.08999633789062,2201200
2020-01-07,68.2012939453125,82.25,82.54000091552734,81.23999786376953,82.48999786376953,1239500
2020-01-08,68.21786499023438,82.2699966430664,82.36000061035156,81.45999908447266,81.91999816894531,2016800
2020-01-09,68.37542724609375,82.45999908447266,82.76000213623047,81.79000091552734,82.13999938964844,1211900
2020-01-10,68.65734100341797,82.80000305175781,83.04000091552734,82.3499984741211,82.52999877929688,1897400
2020-01-13,69.7104263305664,84.06999969482422,84.19999694824219,82.61000061035156,82.61000061035156,1563800
2020-01-14,69.67726135253906,84.02999877929688,84.06999969482422,83.05000305175781,83.83999633789062,2365700
2020-01-15,70.44010162353516,84.94999694824219,85.19999694824219,84.13999938964844,84.25,1726500
2020-01-16,71.76685333251953,86.55000305175781,86.75,84.72000122070312,84.95999908447266,1851700
2020-01-17,71.63416290283203,86.38999938964844,86.91999816894531,86.05999755859375,86.6500015258789,2177900
2020-01-21,72.80331420898438,87.80000305175781,87.81999969482422,86.4000015258789,86.47000122070312,1707700
2020-01-22,71.3107681274414,86.0,88.11000061035156,85.87999725341797,88.0,2116100
2020-01-23,72.3389663696289,87.23999786376953,87.27999877929688,85.79000091552734,86.11000061035156,2335100
2020-01-24,72.09851837158203,86.94999694824219,87.37999725341797,86.4000015258789,87.30000305175781,1479000
2020-01-27,72.03218841552734,86.87000274658203,87.26000213623047,86.45999908447266,86.62000274658203,1601000
2020-01-28,71.93268585205078,86.75,87.16999816894531,86.5199966430664,86.80999755859375,1341900
2020-01-29,71.75022888183594,86.52999877929688,87.20999908447266,86.30000305175781,86.97000122070312,1548100
2020-01-30,70.81326293945312,85.4000015258789,86.36000061035156,85.23999786376953,86.19000244140625,3210100
2020-01-31,70.40694427490234,84.91000366210938,85.58000183105469,84.45999908447266,85.55999755859375,2419200
2020-02-03,70.0338134765625,84.45999908447266,85.31999969482422,84.25,85.11000061035156,2770500
2020-02-04,70.44010162353516,84.94999694824219,85.87999725341797,84.22000122070312,84.63999938964844,1915000
2020-02-05,69.66067504882812,84.01000213623047,84.8499984741211,83.76000213623047,84.62000274658203,1738400
2020-02-06,70.20796203613281,84.66999816894531,85.3499984741211,84.02999877929688,84.44999694824219,2256200
2020-02-07,69.76016998291016,84.12999725341797,85.0999984741211,84.0199966430664,84.66999816894531,1581700
2020-02-10,70.58108520507812,85.12000274658203,85.54000091552734,84.36000061035156,84.5999984741211,1834600
2020-02-11,70.39867401123047,84.9000015258789,85.69999694824219,84.41999816894531,85.05000305175781,1891700
2020-02-12,71.19468688964844,85.86000061035156,86.0199966430664,84.7300033569336,84.94000244140625,1412500
2020-02-13,72.72040557861328,87.69999694824219,88.2300033569336,85.68000030517578,85.7699966430664,2650800
2020-02-14,74.06371307373047,89.31999969482422,89.37000274658203,88.0,88.25,2484500
2020-02-18,74.49488067626953,89.83999633789062,89.98999786376953,88.97000122070312,89.31999969482422,2991600
2020-02-19,72.7535629272461,87.73999786376953,89.7699966430664,87.54000091552734,89.7699966430664,2193400
2020-02-20,72.9857406616211,88.0199966430664,88.12999725341797,86.9000015258789,87.80999755859375,3168400
2020-02-21,72.9522476196289,87.11000061035156,88.16999816894531,87.0,87.36000061035156,2202000
2020-02-24,72.55027770996094,86.62999725341797,87.5999984741211,85.6500015258789,86.7300033569336,3017600
2020-02-25,69.48509979248047,82.97000122070312,86.94000244140625,82.91000366210938,86.88999938964844,3761900
2020-02-26,67.60079956054688,80.72000122070312,83.4800033569336,80.37000274658203,83.12999725341797,3839900
2020-02-27,63.296180725097656,75.58000183105469,80.47000122070312,75.56999969482422,79.69999694824219,3598400
2020-02-28,62.65971755981445,74.81999969482422,76.37999725341797,71.97000122070312,75.0,5619700
2020-03-02,63.0281982421875,75.26000213623047,75.73999786376953,72.8499984741211,75.25,5980800
2020-03-03,64.49378967285156,77.01000213623047,79.63999938964844,74.97000122070312,75.5,6261700
2020-03-04,66.70469665527344,79.6500015258789,79.76000213623047,77.69999694824219,78.47000122070312,2592700
2020-03-05,63.7902946472168,76.16999816894531,78.81999969482422,75.38999938964844,78.52999877929688,4065100
2020-03-06,61.93946838378906,73.95999908447266,74.66000366210938,71.12999725341797,74.12999725341797,5658000
2020-03-09,54.33522033691406,64.87999725341797,69.47000122070312,64.76000213623047,69.47000122070312,5732100
2020-03-10,54.10911560058594,64.61000061035156,66.70999908447266,61.0099983215332,66.63999938964844,5142400
2020-03-11,47.30883026123047,56.4900016784668,62.7400016784668,55.34000015258789,62.599998474121094,6277600
2020-03-12,38.481868743896484,45.95000076293945,52.150001525878906,39.939998626708984,52.150001525878906,12651200
2020-03-13,42.94560241699219,51.279998779296875,52.31999969482422,44.619998931884766,50.290000915527344,9208100
2020-03-16,32.46881866455078,38.77000045776367,44.779998779296875,38.0,44.38999938964844,7116800
2020-03-17,32.35157012939453,38.630001068115234,41.95000076293945,35.29999923706055,39.810001373291016,8052300
2020-03-18,27.82084846496582,33.220001220703125,36.81999969482422,24.270000457763672,35.9900016784668,8833800
2020-03-19,34.269378662109375,40.91999816894531,42.470001220703125,30.75,32.849998474121094,7698400
2020-03-20,35.52558898925781,42.41999816894531,46.45000076293945,41.349998474121094,42.61000061035156,11125500
2020-03-23,36.42169189453125,43.4900016784668,45.84000015258789,38.06999969482422,40.790000915527344,7627100
2020-03-24,37.99614715576172,45.369998931884766,48.709999084472656,42.84000015258789,46.529998779296875,7375700
2020-03-25,38.657745361328125,46.15999984741211,48.79999923706055,42.84000015258789,45.650001525878906,8434200
2020-03-26,42.21699905395508,50.40999984741211,50.779998779296875,44.560001373291016,47.29999923706055,7642000
2020-03-27,41.62239456176758,49.70000076293945,50.52000045776367,45.900001525878906,47.52000045776367,4939200
2020-03-30,39.51197052001953,47.18000030517578,49.36000061035156,45.029998779296875,48.650001525878906,5214200
2020-03-31,38.33950424194336,45.779998779296875,47.290000915527344,44.529998779296875,46.68000030517578,6286900
2020-04-01,34.00139236450195,40.599998474121094,43.25,38.880001068115234,42.88999938964844,5002900
2020-04-02,32.48556900024414,38.790000915527344,42.099998474121094,37.56999969482422,40.2599983215332,3825400
2020-04-03,31.204227447509766,37.2599983215332,39.29999923706055,36.22999954223633,37.779998779296875,5650000
2020-04-06,35.600975036621094,42.5099983215332,42.97999954223633,40.0,40.9900016784668,5405200
2020-04-07,37.18379211425781,44.400001525878906,48.209999084472656,44.290000915527344,44.790000915527344,5039500
2020-04-08,43.20521545410156,51.59000015258789,52.7400016784668,44.4900016784668,45.38999938964844,5030400
2020-04-09,47.40095520019531,56.599998474121094,58.0,53.97999954223633,54.09000015258789,7865200
2020-04-13,43.9505729675293,52.47999954223633,57.0,51.70000076293945,56.630001068115234,3596100
2020-04-14,44.67917251586914,53.349998474121094,55.439998626708984,52.93000030517578,53.43000030517578,3245700
2020-04-15,40.64255905151367,48.529998779296875,51.81999969482422,48.0,50.56999969482422,3127800
2020-04-16,39.56222152709961,47.2400016784668,49.099998474121094,46.65999984741211,49.0099983215332,2492900
2020-04-17,41.11991500854492,49.099998474121094,50.0,48.09000015258789,49.56999969482422,4518200
2020-04-20,38.00450897216797,45.380001068115234,48.22999954223633,45.2599983215332,47.33000183105469,2844600
2020-04-21,36.6226806640625,43.72999954223633,44.220001220703125,42.02000045776367,42.56999969482422,3127900
2020-04-22,37.091670989990234,44.290000915527344,45.47999954223633,43.84000015258789,45.279998779296875,2260800
2020-04-23,36.103450775146484,43.11000061035156,45.310001373291016,43.040000915527344,44.70000076293945,3409900
2020-04-24,36.8990478515625,44.060001373291016,44.13999938964844,42.650001525878906,43.150001525878906,3339800
2020-04-27,38.47349166870117,45.939998626708984,46.4900016784668,44.25,44.31999969482422,3253000
2020-04-28,41.08641052246094,49.060001373291016,49.349998474121094,46.47999954223633,48.400001525878906,3697000
2020-04-29,44.00082015991211,52.540000915527344,52.970001220703125,49.189998626708984,51.20000076293945,4084100
2020-04-30,42.90372848510742,51.22999954223633,51.529998779296875,49.61000061035156,49.7599983215332,3994700
2020-05-01,39.63758850097656,47.33000183105469,48.7599983215332,46.95000076293945,48.7599983215332,3325700
2020-05-04,40.466678619384766,48.31999969482422,48.38999938964844,45.75,46.58000183105469,2199000
2020-05-05,40.36619186401367,48.20000076293945,50.11000061035156,48.02000045776367,49.16999816894531,4909500
2020-05-06,37.954261779785156,45.31999969482422,48.4900016784668,45.220001220703125,48.29999923706055,3521800
2020-05-07,35.17385482788086,42.0,46.88999938964844,41.310001373291016,43.54999923706055,10992400
2020-05-08,37.309410095214844,44.54999923706055,44.779998779296875,40.75,42.15999984741211,6798900
2020-05-11,35.22411346435547,42.060001373291016,45.04999923706055,42.0,43.880001068115234,5063400
2020-05-12,33.30629348754883,39.77000045776367,42.41999816894531,38.97999954223633,42.130001068115234,7700800
2020-05-13,31.79047203063965,37.959999084472656,39.869998931884766,37.5099983215332,39.11000061035156,6717000
2020-05-14,33.783653259277344,40.34000015258789,40.400001525878906,36.08000183105469,36.79999923706055,5266400
2020-05-15,34.04327392578125,40.650001525878906,40.93000030517578,39.43000030517578,39.779998779296875,7250400
2020-05-18,38.37094497680664,45.130001068115234,45.61000061035156,42.209999084472656,42.209999084472656,5163000
2020-05-19,38.430458068847656,45.20000076293945,46.150001525878906,43.540000915527344,45.119998931884766,3241700
2020-05-20,38.8980827331543,45.75,45.9900016784668,44.63999938964844,45.18000030517578,3423100
2020-05-21,39.46772766113281,46.41999816894531,46.86000061035156,45.36000061035156,45.75,3393900
2020-05-22,40.6580696105957,47.81999969482422,47.86000061035156,46.209999084472656,46.439998626708984,2387400
2020-05-26,43.463836669921875,51.119998931884766,52.9900016784668,50.02000045776367,52.099998474121094,5301800
2020-05-27,44.118507385253906,51.88999938964844,53.970001220703125,51.15999984741211,53.2599983215332,4426300
2020-05-28,43.65087890625,51.34000015258789,52.81999969482422,50.7400016784668,52.52000045776367,3907600
2020-05-29,43.08122634887695,50.66999816894531,51.54999923706055,49.16999816894531,50.369998931884766,7484100
2020-06-01,45.12178039550781,53.06999969482422,53.439998626708984,50.290000915527344,50.459999084472656,3817800
2020-06-02,46.5756721496582,54.779998779296875,55.15999984741211,53.380001068115234,53.869998931884766,3958600
2020-06-03,50.13814926147461,58.970001220703125,59.34000015258789,55.4900016784668,55.7400016784668,3951600
2020-06-04,49.91707992553711,58.709999084472656,58.970001220703125,57.220001220703125,58.470001220703125,3395600
2020-06-05,52.37425231933594,61.599998474121094,64.69000244140625,60.849998474121094,63.0,6457100
2020-06-08,52.416778564453125,61.650001525878906,63.209999084472656,61.0099983215332,62.81999969482422,4718100
2020-06-09,50.67379379272461,59.599998474121094,61.2599983215332,58.529998779296875,59.34000015258789,4256000
2020-06-10,47.41740417480469,55.77000045776367,58.95000076293945,55.459999084472656,58.95000076293945,3952400
2020-06-11,43.65087890625,51.34000015258789,54.13999938964844,50.75,51.349998474121094,5475500
2020-06-12,46.966793060302734,55.2400016784668,55.470001220703125,51.9900016784668,54.93000030517578,3748100
2020-06-15,47.71498107910156,56.119998931884766,56.36000061035156,52.45000076293945,52.77000045776367,3187500
2020-06-16,49.00734329223633,57.63999938964844,59.77000045776367,56.369998931884766,59.720001220703125,2695100
2020-06-17,47.629966735839844,56.02000045776367,58.41999816894531,55.810001373291016,58.220001220703125,2681900
2020-06-18,47.451419830322266,55.810001373291016,56.36000061035156,54.810001373291016,55.04999923706055,2115200
2020-06-19,43.36179733276367,51.0,56.900001525878906,50.18000030517578,56.900001525878906,11173700
2020-06-22,43.68489074707031,51.380001068115234,52.65999984741211,50.59000015258789,51.959999084472656,3795900
2020-06-23,43.76991271972656,51.47999954223633,52.349998474121094,50.9900016784668,51.810001373291016,1944300
2020-06-24,41.984432220458984,49.380001068115234,50.720001220703125,47.18000030517578,50.29999923706055,3551300
2020-06-25,42.69010925292969,50.209999084472656,50.25,48.279998779296875,48.90999984741211,2619500
2020-06-26,42.29051208496094,49.7400016784668,50.68000030517578,49.41999816894531,50.08000183105469,3829800
2020-06-29,43.582862854003906,51.2599983215332,51.310001373291016,49.15999984741211,50.5,1826400
2020-06-30,43.99947738647461,51.75,52.47999954223633,50.70000076293945,51.369998931884766,2983100
2020-07-01,45.606414794921875,53.63999938964844,54.099998474121094,51.66999816894531,52.189998626708984,2569200
2020-07-02,44.747676849365234,52.630001068115234,55.25,52.380001068115234,54.88999938964844,1855200
2020-07-06,44.47560119628906,52.310001373291016,54.33000183105469,52.060001373291016,54.310001373291016,1447200
2020-07-07,42.46905517578125,49.95000076293945,51.470001220703125,49.880001068115234,51.470001220703125,2267600
2020-07-08,42.537078857421875,50.029998779296875,50.45000076293945,49.290000915527344,50.02000045776367,2562200
2020-07-09,41.831390380859375,49.20000076293945,49.900001525878906,48.040000915527344,49.7400016784668,2291300
2020-07-10,42.979190826416016,50.54999923706055,50.599998474121094,48.9900016784668,49.04999923706055,2452900
2020-07-13,42.52857208251953,50.02000045776367,51.08000183105469,49.68000030517578,50.75,2069500
2020-07-14,42.460548400878906,49.939998626708984,50.97999954223633,49.72999954223633,50.099998474121094,1973500
2020-07-15,43.395809173583984,51.040000915527344,51.689998626708984,50.18000030517578,51.529998779296875,2060600
2020-07-16,42.409549713134766,49.880001068115234,51.119998931884766,49.529998779296875,50.470001220703125,2147000
2020-07-17,43.35329818725586,50.9900016784668,51.29999923706055,49.630001068115234,50.099998474121094,2188400
2020-07-20,41.916404724121094,49.29999923706055,50.95000076293945,49.09000015258789,50.47999954223633,2455400
2020-07-21,42.06945037841797,49.47999954223633,50.470001220703125,49.38999938964844,49.9900016784668,1646700
2020-07-22,44.49260330200195,52.33000183105469,52.86000061035156,48.900001525878906,49.2400016784668,3988900
2020-07-23,44.1610221862793,51.939998626708984,52.470001220703125,51.38999938964844,51.68000030517578,2079500
2020-07-24,43.718894958496094,51.41999816894531,52.709999084472656,51.13999938964844,52.220001220703125,2221400
2020-07-27,43.37030029296875,51.0099983215332,51.310001373291016,50.130001068115234,51.16999816894531,1544500
2020-07-28,45.18128967285156,53.13999938964844,53.540000915527344,51.0,51.0099983215332,2217700
2020-07-29,46.4991569519043,54.689998626708984,54.72999954223633,53.2599983215332,53.779998779296875,2861000
2020-07-30,46.354618072509766,54.52000045776367,54.849998474121094,53.209999084472656,53.4900016784668,2112500
2020-07-31,45.538387298583984,53.560001373291016,54.5,52.72999954223633,54.31999969482422,4884800
2020-08-03,44.95173263549805,52.869998931884766,53.279998779296875,51.90999984741211,52.72999954223633,2379600
2020-08-04,45.308834075927734,53.290000915527344,54.16999816894531,52.880001068115234,52.880001068115234,2809400
2020-08-05,45.18980407714844,53.150001525878906,54.029998779296875,52.66999816894531,53.900001525878906,2163400
2020-08-06,47.96155548095703,56.40999984741211,57.189998626708984,52.689998626708984,53.2400016784668,3515700
2020-08-07,48.616241455078125,57.18000030517578,57.84000015258789,55.619998931884766,56.029998779296875,3360900
2020-08-10,48.83728790283203,57.439998626708984,57.970001220703125,56.31999969482422,57.099998474121094,2421000
2020-08-11,48.14860153198242,56.630001068115234,58.58000183105469,56.33000183105469,58.279998779296875,2887800
2020-08-12,48.38666534423828,56.90999984741211,57.099998474121094,56.0,56.779998779296875,1806100
2020-08-13,47.60445785522461,55.9900016784668,57.58000183105469,55.63999938964844,56.58000183105469,1795700
2020-08-14,48.2506217956543,56.75,57.7599983215332,55.599998474121094,56.02000045776367,2100900
2020-08-17,48.11311340332031,55.97999954223633,56.54999923706055,55.470001220703125,56.54999923706055,1977400
2020-08-18,47.219276428222656,54.939998626708984,55.849998474121094,54.529998779296875,55.849998474121094,2288500
2020-08-19,46.36839294433594,53.95000076293945,55.349998474121094,53.790000915527344,55.150001525878906,2433300
2020-08-20,47.339595794677734,55.08000183105469,55.720001220703125,53.04999923706055,53.31999969482422,2201500
2020-08-21,48.24203872680664,56.130001068115234,56.22999954223633,54.61000061035156,55.36000061035156,3258900
2020-08-24,49.35075378417969,57.41999816894531,57.439998626708984,55.310001373291016,55.84000015258789,2052100
2020-08-25,49.496864318847656,57.59000015258789,57.599998474121094,56.45000076293945,57.27000045776367,3790100
2020-08-26,48.00139236450195,55.849998474121094,57.56999969482422,55.279998779296875,57.33000183105469,2350300
2020-08-27,49.78049087524414,57.91999816894531,58.02000045776367,55.599998474121094,55.599998474121094,2786500
2020-08-28,51.09547424316406,59.45000076293945,59.470001220703125,57.13999938964844,58.02000045776367,2425300
2020-08-31,49.436710357666016,57.52000045776367,59.22999954223633,57.439998626708984,58.970001220703125,2627800
2020-09-01,49.96097183227539,58.130001068115234,58.27000045776367,56.5099983215332,57.0,1386900
2020-09-02,51.5767822265625,60.0099983215332,60.099998474121094,57.45000076293945,58.13999938964844,2724100
2020-09-03,51.9549446105957,60.45000076293945,61.5,59.400001525878906,60.150001525878906,2828400
2020-09-04,52.53078842163086,61.119998931884766,61.380001068115234,59.45000076293945,60.58000183105469,3447500
2020-09-08,51.61116409301758,60.04999923706055,61.79999923706055,59.9900016784668,60.7599983215332,3370500
2020-09-09,52.3331184387207,60.88999938964844,61.72999954223633,59.77000045776367,60.529998779296875,2326200
2020-09-10,51.44786071777344,59.86000061035156,61.36000061035156,59.83000183105469,60.33000183105469,1787900
2020-09-11,50.59699249267578,58.869998931884766,60.29999923706055,58.220001220703125,59.849998474121094,2518100
2020-09-14,51.67131423950195,60.119998931884766,60.41999816894531,59.40999984741211,59.5,2796300
2020-09-15,52.178401947021484,60.709999084472656,61.439998626708984,59.869998931884766,59.869998931884766,4107900
2020-09-16,51.45645523071289,59.869998931884766,61.41999816894531,59.75,60.95000076293945,4158100
2020-09-17,49.66017150878906,57.779998779296875,59.88999938964844,57.41999816894531,59.130001068115234,4270500
2020-09-18,48.517059326171875,56.45000076293945,57.810001373291016,56.34000015258789,57.15999984741211,4996800
2020-09-21,46.57466125488281,54.189998626708984,55.459999084472656,53.650001525878906,55.06999969482422,5014900
2020-09-22,47.02159118652344,54.709999084472656,55.709999084472656,54.060001373291016,54.150001525878906,3804900
2020-09-23,44.658050537109375,51.959999084472656,54.84000015258789,51.86000061035156,54.349998474121094,2726900
2020-09-24,44.58069610595703,51.869998931884766,53.15999984741211,51.220001220703125,51.65999984741211,2733700
2020-09-25,45.775352478027344,53.2599983215332,53.310001373291016,51.40999984741211,51.689998626708984,2539500
2020-09-28,46.746559143066406,54.38999938964844,54.939998626708984,53.959999084472656,54.79999923706055,2402900
2020-09-29,46.841102600097656,54.5,54.630001068115234,53.31999969482422,54.029998779296875,2048800
2020-09-30,47.34819030761719,55.09000015258789,56.2400016784668,53.93000030517578,55.16999816894531,3399200
2020-10-01,48.49127960205078,56.41999816894531,56.45000076293945,54.310001373291016,55.220001220703125,4048400
2020-10-02,49.79767990112305,57.939998626708984,58.189998626708984,54.90999984741211,55.400001525878906,2569000
2020-10-05,49.39373016357422,57.470001220703125,58.56999969482422,56.56999969482422,58.20000076293945,3177700
2020-10-06,48.69757080078125,56.65999984741211,57.95000076293945,56.27000045776367,57.869998931884766,3443800
2020-10-07,48.21624755859375,56.099998474121094,57.22999954223633,55.630001068115234,56.9900016784668,2755000
2020-10-08,49.17885971069336,57.220001220703125,57.5,56.2599983215332,56.61000061035156,3500900
2020-10-09,48.396728515625,56.310001373291016,57.65999984741211,55.83000183105469,57.65999984741211,1411800
2020-10-12,48.01858139038086,55.869998931884766,56.439998626708984,55.2599983215332,56.439998626708984,1492200
2020-10-13,46.634830474853516,54.2599983215332,55.380001068115234,53.47999954223633,55.22999954223633,2126600
2020-10-14,46.29963684082031,53.869998931884766,54.70000076293945,53.619998931884766,54.310001373291016,1948000
2020-10-15,47.31380081176758,55.04999923706055,55.52000045776367,53.2400016784668,53.34000015258789,2292000
2020-10-16,46.65202331542969,54.279998779296875,55.36000061035156,53.34000015258789,54.02000045776367,2602100
2020-10-19,45.19091796875,52.58000183105469,54.7400016784668,52.47999954223633,54.7400016784668,2135900
2020-10-20,46.48871612548828,54.09000015258789,54.310001373291016,53.18000030517578,53.4900016784668,1741900
2020-10-21,46.16212463378906,53.709999084472656,54.41999816894531,53.09000015258789,53.709999084472656,2102900
2020-10-22,47.48571014404297,55.25,55.4900016784668,53.41999816894531,53.58000183105469,4269200
2020-10-23,48.35377502441406,56.2599983215332,56.54999923706055,55.33000183105469,55.66999816894531,1352800
2020-10-26,47.872467041015625,55.70000076293945,55.790000915527344,54.689998626708984,55.58000183105469,2227100
2020-10-27,46.43714904785156,54.029998779296875,56.040000915527344,53.970001220703125,55.720001220703125,1881000
2020-10-28,44.91588592529297,52.2599983215332,53.68000030517578,52.119998931884766,53.0099983215332,3046400
2020-10-29,46.95283508300781,54.630001068115234,55.52000045776367,51.65999984741211,52.279998779296875,3347300
2020-10-30,46.21369171142578,53.77000045776367,54.68000030517578,52.56999969482422,54.25,1816100
2020-11-02,48.76632308959961,56.7400016784668,56.79999923706055,53.47999954223633,54.099998474121094,2075200
2020-11-03,50.7172966003418,59.0099983215332,59.529998779296875,57.0,57.63999938964844,2988600
2020-11-04,48.981197357177734,56.9900016784668,58.779998779296875,56.91999816894531,58.779998779296875,2150800
2020-11-05,48.86085891723633,56.849998474121094,57.70000076293945,56.189998626708984,57.5,2682500
2020-11-06,47.70057678222656,55.5,57.9900016784668,54.83000183105469,57.380001068115234,1895700
2020-11-09,57.928958892822266,66.66000366210938,72.23999786376953,60.63999938964844,60.95000076293945,7776800
2020-11-10,58.95439147949219,67.83999633789062,69.36000061035156,65.86000061035156,67.12999725341797,5828200
2020-11-11,56.93825912475586,65.5199966430664,67.54000091552734,64.8499984741211,67.54000091552734,2745700
2020-11-12,55.25236129760742,63.58000183105469,65.9800033569336,62.70000076293945,65.30999755859375,2700200
2020-11-13,56.981719970703125,65.56999969482422,65.93000030517578,62.810001373291016,62.810001373291016,2881600
2020-11-16,57.72039031982422,66.41999816894531,68.23999786376953,65.37999725341797,67.6500015258789,2664100
2020-11-17,57.31193161010742,65.94999694824219,66.66000366210938,64.2699966430664,65.37999725341797,3328000
2020-11-18,55.46962356567383,63.83000183105469,66.87999725341797,63.77000045776367,65.95999908447266,2352800
2020-11-19,56.66018295288086,65.19999694824219,65.36000061035156,62.369998931884766,63.439998626708984,2916900
2020-11-20,56.0605583190918,64.51000213623047,65.05000305175781,63.68000030517578,64.93000030517578,2015000
2020-11-23,55.33926773071289,63.68000030517578,65.80000305175781,63.40999984741211,65.06999969482422,1926000
2020-11-24,56.89482116699219,65.47000122070312,65.94999694824219,64.55999755859375,64.9800033569336,3082600
2020-11-25,56.71232223510742,65.26000213623047,65.58000183105469,64.44999694824219,64.87999725341797,1862800
2020-11-27,56.08662414550781,64.54000091552734,65.26000213623047,64.01000213623047,65.25,703400
2020-11-30,54.730953216552734,62.97999954223633,64.95999908447266,62.959999084472656,64.94999694824219,3714400
2020-12-01,55.17414855957031,63.4900016784668,64.51000213623047,63.27000045776367,64.08000183105469,1961800
2020-12-02,54.296443939208984,62.47999954223633,63.810001373291016,62.369998931884766,62.63999938964844,2062200
2020-12-03,54.913448333740234,63.189998626708984,64.19000244140625,61.52000045776367,61.52000045776367,2719600
2020-12-04,55.7911491394043,64.19999694824219,64.61000061035156,63.58000183105469,64.0,2386200
2020-12-07,57.1120719909668,65.72000122070312,66.5,64.45999908447266,64.45999908447266,3066300
2020-12-08,56.44291687011719,64.94999694824219,66.54000091552734,64.77999877929688,65.29000091552734,3414900
2020-12-09,56.50375747680664,65.0199966430664,65.63999938964844,64.55000305175781,65.23999786376953,3098400
2020-12-10,55.64342498779297,64.02999877929688,65.52999877929688,63.68000030517578,64.30000305175781,1951400
2020-12-11,55.8346061706543,64.25,64.44000244140625,63.09000015258789,63.66999816894531,2120900
2020-12-14,54.956905364990234,63.2400016784668,65.44999694824219,63.20000076293945,65.31999969482422,3389900
2020-12-15,57.242427825927734,65.87000274658203,65.9000015258789,62.869998931884766,63.66999816894531,2409200
2020-12-16,57.78121566772461,66.48999786376953,67.08999633789062,65.5999984741211,66.0,3326400
2020-12-17,57.31193161010742,65.94999694824219,67.12000274658203,64.7699966430664,66.9000015258789,3185100
2020-12-18,55.634735107421875,64.0199966430664,66.43000030517578,63.040000915527344,66.08000183105469,5336200
2020-12-21,54.444175720214844,62.650001525878906,63.93000030517578,62.04999923706055,63.16999816894531,4141100
2020-12-22,54.4615478515625,62.66999816894531,63.04999923706055,61.849998474121094,62.619998931884766,3636400
2020-12-23,54.192161560058594,62.36000061035156,63.43000030517578,61.81999969482422,62.5,1564700
2020-12-24,55.200225830078125,63.52000045776367,63.599998474121094,62.31999969482422,62.68000030517578,547500
2020-12-28,54.722251892089844,62.970001220703125,63.630001068115234,62.54999923706055,63.540000915527344,4210400
2020-12-29,54.90475845336914,63.18000030517578,63.75,62.599998474121094,63.58000183105469,1364400
2020-12-30,55.443546295166016,63.79999923706055,64.58000183105469,63.13999938964844,63.22999954223633,1195200
2020-12-31,56.15614318847656,64.62000274658203,64.73999786376953,62.709999084472656,63.54999923706055,1424900
2021-01-04,53.531700134277344,61.599998474121094,64.69999694824219,61.5,64.63999938964844,2235500
2021-01-05,53.84455490112305,61.959999084472656,62.65999984741211,61.599998474121094,61.79999923706055,1986500
2021-01-06,56.12138748168945,64.58000183105469,64.97000122070312,62.7400016784668,63.2400016784668,2458200
2021-01-07,55.009029388427734,63.29999923706055,64.47000122070312,62.38999938964844,64.36000061035156,1962700
2021-01-08,54.47024917602539,62.68000030517578,63.02000045776367,61.40999984741211,62.040000915527344,1941000
2021-01-11,53.166709899902344,61.18000030517578,62.5,61.06999969482422,62.36000061035156,1748200
2021-01-12,53.08850860595703,61.09000015258789,61.72999954223633,60.709999084472656,61.47999954223633,2285700
2021-01-13,55.452247619628906,63.810001373291016,63.869998931884766,61.439998626708984,61.439998626708984,1596900
2021-01-14,55.234989166259766,63.560001373291016,64.58999633789062,63.380001068115234,64.0199966430664,1319700
2021-01-15,55.8346061706543,64.25,64.66000366210938,62.81999969482422,63.43000030517578,2649000
2021-01-19,53.010292053222656,61.0,64.0999984741211,60.599998474121094,63.959999084472656,2995100
2021-01-20,53.992286682128906,62.130001068115234,62.470001220703125,60.47999954223633,60.849998474121094,3442000
2021-01-21,53.74896240234375,61.849998474121094,62.2400016784668,60.79999923706055,61.560001373291016,2244500
2021-01-22,54.809165954589844,63.06999969482422,63.27000045776367,61.209999084472656,61.369998931884766,2111300
2021-01-25,54.365962982177734,62.560001373291016,63.75,61.470001220703125,62.540000915527344,2182000
2021-01-26,53.696815490722656,61.790000915527344,63.290000915527344,61.2400016784668,62.47999954223633,2218700
2021-01-27,51.958778381347656,59.790000915527344,61.66999816894531,59.380001068115234,61.47999954223633,2102500
2021-01-28,53.68812942504883,61.779998779296875,63.209999084472656,59.75,59.83000183105469,2087200
2021-01-29,52.66267776489258,60.599998474121094,61.81999969482422,59.45000076293945,61.16999816894531,2746500
2021-02-01,54.322509765625,62.5099983215332,62.540000915527344,59.86000061035156,60.9900016784668,2166800
2021-02-02,54.02705764770508,62.16999816894531,63.04999923706055,61.86000061035156,62.810001373291016,2541100
2021-02-03,53.957523345947266,62.09000015258789,62.36000061035156,60.150001525878906,61.25,2284800
2021-02-04,55.53913879394531,63.90999984741211,64.06999969482422,62.099998474121094,62.54999923706055,2368000
2021-02-05,55.634735107421875,64.0199966430664,64.94000244140625,63.79999923706055,64.0199966430664,1977400
2021-02-08,54.930824279785156,63.209999084472656,63.939998626708984,62.95000076293945,63.70000076293945,1481300
2021-02-09,54.94820785522461,63.22999954223633,64.0,62.470001220703125,64.0,2133800
2021-02-10,56.42555236816406,64.93000030517578,66.19999694824219,62.72999954223633,63.209999084472656,2625100
2021-02-11,57.72907638549805,66.43000030517578,66.8499984741211,64.48999786376953,65.01000213623047,2900200
2021-02-12,58.667625427246094,67.51000213623047,67.5999984741211,66.0999984741211,66.38999938964844,2629400
2021-02-16,58.37214279174805,67.16999816894531,68.0,66.3499984741211,67.58999633789062,3703100
2021-02-17,58.4764404296875,67.29000091552734,67.61000061035156,65.6500015258789,66.75,1623500
2021-02-18,59.24117660522461,68.16999816894531,68.36000061035156,66.94000244140625,67.52999877929688,2414000
2021-02-19,59.96895980834961,68.38999938964844,68.87000274658203,67.43000030517578,68.29000091552734,2864100
2021-02-22,61.284278869628906,69.88999938964844,71.44999694824219,68.0,68.0,3172400
2021-02-23,61.90685272216797,70.5999984741211,71.12999725341797,69.58999633789062,70.5999984741211,2830800
2021-02-24,64.53742980957031,73.5999984741211,73.70999908447266,70.94000244140625,70.95999908447266,3675000
2021-02-25,61.626251220703125,70.27999877929688,74.12999725341797,69.91999816894531,73.29000091552734,2754600
2021-02-26,59.53929901123047,67.9000015258789,70.61000061035156,67.87000274658203,70.43000030517578,3739800
2021-03-01,60.04790496826172,68.4800033569336,70.69000244140625,68.45999908447266,69.19000244140625,2651800
2021-03-02,60.170654296875,68.62000274658203,68.93000030517578,67.41000366210938,68.62000274658203,2594700
2021-03-03,60.521400451660156,69.0199966430664,69.5999984741211,67.94999694824219,68.05999755859375,2741000
2021-03-04,61.14399719238281,69.7300033569336,70.38999938964844,68.2300033569336,69.30999755859375,2523600
2021-03-05,61.60871505737305,70.26000213623047,70.76000213623047,68.45999908447266,70.04000091552734,2322400
2021-03-08,63.336143493652344,72.2300033569336,73.30000305175781,69.95999908447266,71.01000213623047,2032900
2021-03-09,63.800899505615234,72.76000213623047,73.20999908447266,71.70999908447266,72.4000015258789,2687400
2021-03-10,64.86188507080078,73.97000122070312,74.19000244140625,71.58000183105469,72.68000030517578,2077900
2021-03-11,64.33577728271484,73.37000274658203,76.0,73.13999938964844,73.69000244140625,2531600
2021-03-12,64.993408203125,74.12000274658203,74.13999938964844,72.76000213623047,73.55999755859375,2342500
2021-03-15,65.37047576904297,74.55000305175781,75.0999984741211,73.4000015258789,74.68000030517578,1947200
2021-03-16,63.93241500854492,72.91000366210938,74.27999877929688,72.20999908447266,74.2300033569336,1954900
2021-03-17,64.61637115478516,73.69000244140625,74.29000091552734,72.61000061035156,73.11000061035156,1514400
2021-03-18,63.00293731689453,71.8499984741211,73.48999786376953,71.5,73.23999786376953,1605200
2021-03-19,62.01206970214844,70.72000122070312,72.62000274658203,70.5,71.61000061035156,3552400
2021-03-22,62.25759506225586,71.0,71.52999877929688,70.16999816894531,70.87999725341797,1410900
2021-03-23,62.24885559082031,70.98999786376953,71.61000061035156,70.31999969482422,70.80000305175781,2425300
2021-03-24,62.41542434692383,71.18000030517578,72.23999786376953,70.5999984741211,70.91000366210938,2830100
2021-03-25,62.397911071777344,71.16000366210938,71.68000030517578,69.29000091552734,71.05999755859375,1685700
2021-03-26,64.35330200195312,73.38999938964844,73.52999877929688,71.41000366210938,71.66000366210938,2233700
2021-03-29,62.85386657714844,71.68000030517578,73.0,71.31999969482422,72.8499984741211,1546100
2021-03-30,63.94995880126953,72.93000030517578,74.04000091552734,71.95999908447266,72.37999725341797,1865300
2021-03-31,62.81000900268555,71.62999725341797,72.77999877929688,71.33999633789062,72.30000305175781,2828800
2021-04-01,64.23052215576172,73.25,73.36000061035156,71.33999633789062,72.02999877929688,2178700
2021-04-05,63.835960388183594,72.80000305175781,73.80999755859375,71.87000274658203,73.54000091552734,2175900
2021-04-06,65.02851867675781,74.16000366210938,74.30999755859375,72.66999816894531,72.80000305175781,2586500
2021-04-07,65.94044494628906,75.19999694824219,75.44999694824219,74.0999984741211,74.0999984741211,3416400
2021-04-08,66.30873107910156,75.62000274658203,76.18000030517578,75.0,75.27999877929688,2059500
2021-04-09,65.86152648925781,75.11000061035156,76.0999984741211,74.93000030517578,75.45999908447266,1779200
2021-04-12,66.10704040527344,75.38999938964844,75.79000091552734,74.48999786376953,75.79000091552734,1894200
2021-04-13,66.45780944824219,75.79000091552734,76.19000244140625,74.83000183105469,75.02999877929688,1677800
2021-04-14,65.84398651123047,75.08999633789062,76.41000366210938,75.01000213623047,75.94000244140625,1358300
2021-04-15,66.86116027832031,76.25,76.61000061035156,75.11000061035156,75.54000091552734,1888300
2021-04-16,66.3700942993164,75.69000244140625,76.87000274658203,75.62000274658203,76.80000305175781,1190800
2021-04-19,65.65985870361328,74.87999725341797,75.69000244140625,74.7699966430664,75.68000030517578,1492400
2021-04-20,66.74717712402344,76.12000274658203,76.38999938964844,74.68000030517578,74.87999725341797,1837200
2021-04-21,66.9576187133789,76.36000061035156,76.7699966430664,75.81999969482422,76.02999877929688,1424300
2021-04-22,66.31747436523438,75.62999725341797,76.81999969482422,75.58000183105469,76.58000183105469,1862100
2021-04-23,66.1509017944336,75.44000244140625,76.18000030517578,75.05999755859375,76.0999984741211,1553000
2021-04-26,66.54547882080078,75.88999938964844,76.6500015258789,75.70999908447266,76.0,1026500
2021-04-27,67.0540771484375,76.47000122070312,76.69999694824219,75.66000366210938,75.98999786376953,1715000
2021-04-28,66.22103881835938,75.5199966430664,76.68000030517578,75.33000183105469,76.23999786376953,2318300
2021-04-29,66.71207427978516,76.08000183105469,77.54000091552734,74.69999694824219,75.0,1814000
2021-04-30,65.79136657714844,75.02999877929688,75.58000183105469,74.69999694824219,75.56999969482422,2734300
2021-05-03,67.07160186767578,76.48999786376953,77.01000213623047,75.11000061035156,75.5,2119300
2021-05-04,65.68612670898438,74.91000366210938,77.05999755859375,74.22000122070312,76.58999633789062,1432100
2021-05-05,63.70443344116211,72.6500015258789,74.91000366210938,72.19999694824219,74.91000366210938,1738400
2021-05-06,64.45852661132812,73.51000213623047,73.62000274658203,72.70999908447266,72.80999755859375,1322600
2021-05-07,65.50199127197266,74.69999694824219,75.0999984741211,73.30000305175781,73.62999725341797,1831100
2021-05-10,65.6965103149414,74.30999755859375,76.1500015258789,74.16999816894531,74.69999694824219,2556900
2021-05-11,64.61791229248047,73.08999633789062,73.87000274658203,72.20999908447266,73.87000274658203,1708200
2021-05-12,62.80554962158203,71.04000091552734,73.16000366210938,70.73999786376953,72.94999694824219,1995800
2021-05-13,63.72499084472656,72.08000183105469,73.18000030517578,71.0,71.0,1874300
2021-05-14,64.73286437988281,73.22000122070312,73.62000274658203,72.55999755859375,72.58000183105469,1142400
2021-05-17,64.64443969726562,73.12000274658203,73.61000061035156,72.58999633789062,73.16999816894531,1970600
2021-05-18,64.65328979492188,73.12999725341797,74.0,72.47000122070312,73.08999633789062,1200400
2021-05-19,64.37922668457031,72.81999969482422,73.06999969482422,71.33999633789062,72.37999725341797,1832900
2021-05-20,64.9273452758789,73.44000244140625,73.7699966430664,72.2699966430664,72.54000091552734,1712700
2021-05-21,64.785888671875,73.27999877929688,74.47000122070312,72.86000061035156,73.63999938964844,1219600
2021-05-24,66.00593566894531,74.66000366210938,75.3499984741211,73.69000244140625,74.0,1384800
2021-05-25,66.1562271118164,74.83000183105469,75.16000366210938,74.04000091552734,74.30000305175781,1168800
2021-05-26,66.29767608642578,74.98999786376953,75.51000213623047,74.44000244140625,74.87999725341797,1024500
2021-05-27,65.51084899902344,74.0999984741211,75.48999786376953,74.0999984741211,75.48999786376953,1649700
2021-05-28,66.10318756103516,74.7699966430664,75.3499984741211,74.3499984741211,74.66999816894531,1552300
2021-06-01,67.8094711303711,76.69999694824219,76.79000091552734,74.58999633789062,75.02999877929688,1687300
2021-06-02,68.79965209960938,77.81999969482422,77.91999816894531,76.41000366210938,77.0,2103300
2021-06-03,67.81832885742188,76.70999908447266,77.88999938964844,76.44000244140625,77.80000305175781,1644900
2021-06-04,67.58844757080078,76.44999694824219,76.91000366210938,75.5999984741211,76.91000366210938,1535100
2021-06-07,67.95977783203125,76.87000274658203,77.47000122070312,76.22000122070312,76.68000030517578,1266300
2021-06-08,69.0914077758789,78.1500015258789,78.80000305175781,77.0,77.33000183105469,2177000
2021-06-09,69.70142364501953,78.83999633789062,79.37000274658203,78.30999755859375,78.56999969482422,1563900
2021-06-10,69.9666519165039,79.13999938964844,79.41000366210938,78.19000244140625,78.81999969482422,2016000
2021-06-11,70.44404602050781,79.68000030517578,79.68000030517578,78.55999755859375,79.31999969482422,1253500
2021-06-14,71.79671478271484,81.20999908447266,81.36000061035156,79.7699966430664,80.20999908447266,1787500
2021-06-15,71.75251770019531,81.16000366210938,82.38999938964844,81.11000061035156,82.12999725341797,2742400
2021-06-16,71.43423461914062,80.80000305175781,82.25,80.66000366210938,81.04000091552734,2150100
2021-06-17,71.21321868896484,80.55000305175781,81.23999786376953,80.12999725341797,80.70999908447266,2149700
2021-06-18,69.40968322753906,78.51000213623047,80.5999984741211,78.4800033569336,80.44999694824219,5532200
2021-06-21,71.23971557617188,80.58000183105469,80.69999694824219,78.3499984741211,78.73999786376953,1818200
2021-06-22,72.68963623046875,82.22000122070312,83.18000030517578,80.93000030517578,81.06999969482422,3915900
2021-06-23,73.79473876953125,83.47000122070312,83.80999755859375,81.80000305175781,82.20999908447266,2698200
2021-06-24,73.78590393066406,83.45999908447266,83.83000183105469,82.29000091552734,83.6500015258789,2259400
2021-06-25,74.28099060058594,84.0199966430664,84.0199966430664,83.37000274658203,83.80000305175781,2230000
2021-06-28,73.34384155273438,82.95999908447266,84.0199966430664,82.33999633789062,84.0199966430664,2535700
2021-06-29,73.74168395996094,83.41000366210938,83.83000183105469,82.66999816894531,83.0,1657400
2021-06-30,73.46763610839844,83.0999984741211,84.2300033569336,82.72000122070312,83.58000183105469,4388000
2021-07-01,74.02460479736328,83.7300033569336,84.56999969482422,82.81999969482422,83.41000366210938,2249000
2021-07-02,75.07667541503906,84.91999816894531,84.97000122070312,83.7300033569336,84.0,2208800
2021-07-06,75.27117156982422,85.13999938964844,85.30000305175781,83.20999908447266,84.61000061035156,2390400
2021-07-07,75.03246307373047,84.87000274658203,85.2300033569336,83.95999908447266,84.94999694824219,2448900
2021-07-08,75.0501480102539,84.88999938964844,85.41999816894531,83.62000274658203,84.05000305175781,2435900
2021-07-09,76.41165924072266,86.43000030517578,86.48999786376953,84.91999816894531,85.38999938964844,1844900
2021-07-12,77.3841323852539,87.52999877929688,87.79000091552734,85.97000122070312,85.97000122070312,1806700
2021-07-13,76.88904571533203,86.97000122070312,87.95999908447266,86.38999938964844,87.55000305175781,2904000
2021-07-14,77.97647857666016,88.19999694824219,88.81999969482422,86.55999755859375,86.68000030517578,2672300
2021-07-15,78.3301010131836,88.5999984741211,88.69000244140625,87.66000366210938,87.91000366210938,2088200
2021-07-16,79.28492736816406,89.68000030517578,89.80000305175781,88.94000244140625,89.0999984741211,2041300
2021-07-19,74.64344787597656,84.43000030517578,88.48999786376953,84.0999984741211,88.48999786376953,3044300
2021-07-20,77.81734466552734,88.0199966430664,88.41999816894531,84.30999755859375,84.93000030517578,2259700
2021-07-21,77.79080963134766,87.98999786376953,89.41999816894531,87.76000213623047,88.0999984741211,1591600
2021-07-22,77.2249984741211,87.3499984741211,87.9000015258789,86.69999694824219,87.86000061035156,1303600
2021-07-23,77.58748626708984,87.76000213623047,88.38999938964844,87.08999633789062,88.08000183105469,1104200
2021-07-26,77.4460220336914,87.5999984741211,88.27999877929688,86.2699966430664,87.26000213623047,1582300
2021-07-27,78.03834533691406,88.2699966430664,88.58000183105469,86.73999786376953,87.30999755859375,1629600
2021-07-28,77.26036071777344,87.38999938964844,88.48999786376953,86.94999694824219,88.48999786376953,986800
2021-07-29,77.56095123291016,87.7300033569336,88.62999725341797,87.41000366210938,87.41000366210938,1218200
2021-07-30,76.79180145263672,86.86000061035156,89.5,86.79000091552734,88.58000183105469,2386000
2021-08-02,76.27018737792969,86.2699966430664,89.18000030517578,86.18000030517578,87.37999725341797,1246000
2021-08-03,77.01282501220703,87.11000061035156,87.22000122070312,86.12000274658203,86.88999938964844,1656400
2021-08-04,75.23580932617188,85.0999984741211,87.25,84.95999908447266,86.94999694824219,1892000
2021-08-05,76.54425048828125,86.58000183105469,86.5999984741211,85.33000183105469,85.6500015258789,1246600
2021-08-06,75.30652618408203,85.18000030517578,87.30999755859375,84.91000366210938,86.7699966430664,2090900
2021-08-09,75.64247131347656,85.55999755859375,85.6500015258789,84.47000122070312,85.11000061035156,1687100
2021-08-10,75.18275451660156,85.04000091552734,85.93000030517578,84.93000030517578,85.5,3813100
2021-08-11,74.75534057617188,83.94999694824219,84.93000030517578,83.80999755859375,84.93000030517578,1975000
2021-08-12,74.56832122802734,83.73999786376953,84.16999816894531,83.30000305175781,84.16999816894531,1262900
2021-08-13,75.78826904296875,85.11000061035156,85.18000030517578,83.5199966430664,83.73999786376953,2437600
2021-08-16,75.921875,85.26000213623047,85.80000305175781,84.52999877929688,84.7699966430664,1576700
2021-08-17,76.21571350097656,85.58999633789062,85.83999633789062,84.27999877929688,84.68000030517578,1469300
2021-08-18,75.06700134277344,84.30000305175781,85.47000122070312,84.08999633789062,85.44999694824219,1882200
2021-08-19,74.8711166381836,84.08000183105469,84.97000122070312,83.0199966430664,83.86000061035156,1999900
2021-08-20,74.99575805664062,84.22000122070312,84.73999786376953,82.66000366210938,83.80999755859375,1853000
2021-08-23,74.96014404296875,84.18000030517578,84.9800033569336,83.45999908447266,84.72000122070312,1071400
2021-08-24,75.227294921875,84.4800033569336,84.62999725341797,83.38999938964844,84.19999694824219,1312000
2021-08-25,75.5923843383789,84.88999938964844,85.7300033569336,84.0,84.52999877929688,1544500
2021-08-26,75.39647674560547,84.66999816894531,85.7300033569336,84.45999908447266,85.30000305175781,1426000
2021-08-27,76.26022338867188,85.63999938964844,86.5199966430664,85.0,85.18000030517578,2041900
2021-08-30,76.36709594726562,85.76000213623047,86.13999938964844,85.08999633789062,85.55000305175781,1565900
2021-08-31,77.94322967529297,87.52999877929688,87.66000366210938,85.41999816894531,85.55999755859375,3051300
2021-09-01,78.52204895019531,88.18000030517578,88.9800033569336,87.25,87.91999816894531,2581000
2021-09-02,78.13912963867188,87.75,88.66000366210938,86.87999725341797,88.4800033569336,2130200
2021-09-03,77.24867248535156,86.75,87.41000366210938,85.69000244140625,87.41000366210938,2245700
2021-09-07,75.77045440673828,85.08999633789062,86.69999694824219,84.2699966430664,86.62000274658203,2076100
2021-09-08,76.5807876586914,86.0,86.51000213623047,84.48999786376953,84.7699966430664,1443400
2021-09-09,76.67875671386719,86.11000061035156,87.69000244140625,85.26000213623047,85.51000213623047,2941700
2021-09-10,77.18633270263672,86.68000030517578,87.63999938964844,85.4000015258789,86.38999938964844,2231800
2021-09-13,78.55766296386719,88.22000122070312,88.79000091552734,87.20999908447266,87.62999725341797,2403800
2021-09-14,77.95213317871094,87.54000091552734,88.83000183105469,86.5,88.76000213623047,1632700
2021-09-15,77.36442565917969,86.87999725341797,87.56999969482422,86.70999908447266,87.56999969482422,1714500
2021-09-16,78.19258117675781,87.80999755859375,88.13999938964844,86.41999816894531,86.87999725341797,1533400
2021-09-17,76.42942810058594,85.83000183105469,87.33000183105469,85.58999633789062,87.0999984741211,3531800
2021-09-20,76.35818481445312,85.75,86.86000061035156,84.51000213623047,85.04000091552734,1960700
2021-09-21,76.52738952636719,85.94000244140625,87.6500015258789,85.9000015258789,86.31999969482422,1417600
2021-09-22,76.08214569091797,85.44000244140625,86.77999877929688,85.29000091552734,86.63999938964844,1657000
2021-09-23,76.34927368164062,85.73999786376953,86.8499984741211,85.52999877929688,85.75,1638400
2021-09-24,74.17654418945312,83.30000305175781,85.66999816894531,82.62000274658203,85.23999786376953,1918800
2021-09-27,73.7223892211914,82.79000091552734,85.13999938964844,82.7699966430664,83.52999877929688,1733700
2021-09-28,73.9984359741211,83.0999984741211,83.48999786376953,81.5999984741211,82.2300033569336,2203900
2021-09-29,74.61286926269531,83.79000091552734,84.2300033569336,83.25,83.30999755859375,1702700
2021-09-30,73.37509155273438,82.4000015258789,84.37999725341797,82.16999816894531,84.37999725341797,2809100
2021-10-01,74.66629028320312,83.8499984741211,84.27999877929688,82.44000244140625,83.0999984741211,1213000
2021-10-04,74.5594253540039,83.7300033569336,84.44999694824219,83.19000244140625,83.44000244140625,1269800
2021-10-05,72.78739166259766,81.73999786376953,83.83000183105469,81.70999908447266,83.83000183105469,1569700
2021-10-06,74.08746337890625,83.19999694824219,83.41000366210938,80.01000213623047,81.11000061035156,2083200
2021-10-07,73.84707641601562,82.93000030517578,84.36000061035156,82.70999908447266,83.80000305175781,1027400
2021-10-08,73.63333892822266,82.69000244140625,83.33999633789062,82.5,82.87000274658203,766300
2021-10-11,73.76691436767578,82.83999633789062,83.36000061035156,81.70999908447266,82.22000122070312,761000
2021-10-12,74.16764068603516,83.29000091552734,84.16999816894531,82.4800033569336,82.79000091552734,1343100
2021-10-13,74.16764068603516,83.29000091552734,83.44000244140625,82.29000091552734,82.91000366210938,1109800
2021-10-14,74.75534057617188,83.94999694824219,84.55999755859375,83.66999816894531,83.95999908447266,1729300
2021-10-15,74.89783477783203,84.11000061035156,84.8499984741211,83.72000122070312,84.69999694824219,1472400
2021-10-18,74.22994995117188,83.36000061035156,84.11000061035156,82.93000030517578,83.54000091552734,1765600
2021-10-19,74.86219787597656,84.06999969482422,84.2699966430664,83.37000274658203,83.79000091552734,1170400
2021-10-20,75.31633758544922,84.58000183105469,85.19000244140625,83.91000366210938,84.06999969482422,1454700
2021-10-21,74.04296112060547,83.1500015258789,85.05999755859375,82.97000122070312,84.80000305175781,1553600
2021-10-22,72.16404724121094,81.04000091552734,83.94000244140625,80.83000183105469,83.2300033569336,2352700
2021-10-25,72.11064147949219,80.9800033569336,82.08999633789062,79.73999786376953,81.23999786376953,2843100
2021-10-26,71.620849609375,80.43000030517578,81.30999755859375,80.4000015258789,80.95999908447266,2415300
2021-10-27,73.28605651855469,82.30000305175781,82.69000244140625,80.41000366210938,80.79000091552734,2057700
2021-10-28,73.66895294189453,82.7300033569336,82.83000183105469,81.75,82.30000305175781,1165700
2021-10-29,71.59414672851562,80.4000015258789,82.44000244140625,79.5199966430664,82.22000122070312,3692500
2021-11-01,73.41961669921875,82.44999694824219,82.58999633789062,79.91999816894531,80.37000274658203,1626600
2021-11-02,72.92095947265625,81.88999938964844,82.98999786376953,81.36000061035156,82.94000244140625,1866400
2021-11-03,73.74910736083984,82.81999969482422,83.30999755859375,81.75,81.9800033569336,1631000
2021-11-04,71.65648651123047,80.47000122070312,83.16000366210938,79.70999908447266,82.95999908447266,3057000
2021-11-05,75.33414459228516,84.5999984741211,86.02999877929688,81.19000244140625,82.94000244140625,2718100
2021-11-08,75.47661590576172,84.76000213623047,85.87000274658203,83.9800033569336,84.45999908447266,2375100
2021-11-09,76.03760528564453,85.38999938964844,86.23999786376953,84.16000366210938,85.08000183105469,2060000
2021-11-10,77.48017883300781,87.01000213623047,87.63999938964844,85.54000091552734,85.54000091552734,3049500
2021-11-11,75.8951416015625,85.2300033569336,87.08000183105469,85.04000091552734,86.77999877929688,1868000
2021-11-12,76.18009185791016,85.55000305175781,85.91000366210938,84.72000122070312,85.1500015258789,1212100
2021-11-15,75.5433120727539,84.2300033569336,85.5199966430664,83.29000091552734,85.5199966430664,1436300
2021-11-16,75.3370361328125,84.0,84.5,82.91999816894531,84.29000091552734,1994700
2021-11-17,77.32808685302734,86.22000122070312,86.51000213623047,82.93000030517578,83.63999938964844,2343900
2021-11-18,77.26529693603516,86.1500015258789,86.6500015258789,85.20999908447266,86.23999786376953,1483200
2021-11-19,75.50743865966797,84.19000244140625,86.79000091552734,83.8499984741211,86.08999633789062,2115100
2021-11-22,75.34600067138672,84.01000213623047,85.0,83.25,83.63999938964844,1618100
2021-11-23,76.9334716796875,85.77999877929688,86.4800033569336,84.37999725341797,84.72000122070312,1567100
2021-11-24,78.09041595458984,87.06999969482422,87.2699966430664,85.87000274658203,85.87000274658203,1512900
2021-11-26,73.47154235839844,81.91999816894531,85.25,81.77999877929688,84.93000030517578,1879400
2021-11-29,73.57917022705078,82.04000091552734,83.68000030517578,81.9800033569336,82.33999633789062,2684600
2021-11-30,71.40874481201172,79.62000274658203,81.83999633789062,79.20999908447266,81.47000122070312,4177800
2021-12-01,71.17555236816406,79.36000061035156,82.1500015258789,79.26000213623047,80.62999725341797,2148400
2021-12-02,73.61504364013672,82.08000183105469,82.7699966430664,79.79000091552734,80.05999755859375,2401000
2021-12-03,72.1082992553711,80.4000015258789,82.55999755859375,79.94999694824219,82.2300033569336,2880000
2021-12-06,74.47603607177734,83.04000091552734,83.94000244140625,81.2699966430664,81.2699966430664,1823100
2021-12-07,76.03659057617188,84.77999877929688,85.3499984741211,83.52999877929688,83.98999786376953,2301700
2021-12-08,76.86170959472656,85.69999694824219,86.16000366210938,84.5,85.05999755859375,2421100
2021-12-09,75.4715805053711,84.1500015258789,85.45999908447266,84.13999938964844,85.11000061035156,1772800
2021-12-10,74.1800765991211,82.70999908447266,84.93000030517578,82.2699966430664,84.70999908447266,2019800
2021-12-13,74.83478546142578,83.44000244140625,84.05000305175781,81.73999786376953,82.19000244140625,2079500
2021-12-14,73.71370697021484,82.19000244140625,83.98999786376953,81.23999786376953,83.44000244140625,2311000
2021-12-15,74.39531707763672,82.94999694824219,83.47000122070312,81.86000061035156,82.4000015258789,2486100
2021-12-16,74.52985382080078,83.0999984741211,84.47000122070312,82.18000030517578,83.0,2426700
2021-12-17,74.61954498291016,83.19999694824219,84.44999694824219,81.94000244140625,83.0999984741211,7156500
2021-12-20,72.04552459716797,80.33000183105469,81.63999938964844,80.02999877929688,80.2699966430664,2786000
2021-12-21,74.11727905273438,82.63999938964844,83.37000274658203,80.83999633789062,81.19999694824219,1474100
2021-12-22,74.40428924560547,82.95999908447266,83.37000274658203,82.08999633789062,82.94999694824219,1952500
2021-12-23,74.25181579589844,82.79000091552734,83.58000183105469,81.93000030517578,83.25,1228400
2021-12-27,75.3729248046875,84.04000091552734,84.08000183105469,81.73999786376953,82.6500015258789,1381200
2021-12-28,75.99175262451172,84.7300033569336,84.8499984741211,83.61000061035156,83.7699966430664,1224800
2021-12-29,76.33256530761719,85.11000061035156,85.33000183105469,83.33999633789062,84.69999694824219,1219600
2021-12-30,77.04108428955078,85.9000015258789,86.3499984741211,84.93000030517578,84.93000030517578,1380000
2021-12-31,76.92448425292969,85.7699966430664,86.69000244140625,85.58000183105469,85.72000122070312,1301100
2022-01-03,76.73616027832031,85.55999755859375,87.12000274658203,84.41000366210938,86.16000366210938,2170200
2022-01-04,79.05007934570312,88.13999938964844,88.68000030517578,85.72000122070312,85.79000091552734,2885300
2022-01-05,78.00969696044922,86.9800033569336,89.56999969482422,86.81999969482422,88.66999816894531,1770100
2022-01-06,78.59266662597656,87.62999725341797,88.25,86.94000244140625,87.68000030517578,1297300
2022-01-07,78.77204132080078,87.83000183105469,89.43000030517578,86.79000091552734,87.61000061035156,2817400
2022-01-10,78.51195526123047,87.54000091552734,87.61000061035156,86.66999816894531,87.41999816894531,2519700
2022-01-11,77.4267578125,86.33000183105469,87.58000183105469,84.76000213623047,87.5,1843200
2022-01-12,77.4087905883789,86.30999755859375,87.18000030517578,85.94000244140625,86.04000091552734,1888100
2022-01-13,78.66442108154297,87.70999908447266,88.27999877929688,85.87999725341797,86.52999877929688,2236600
2022-01-14,78.48505401611328,87.51000213623047,88.18000030517578,86.36000061035156,87.58999633789062,1807100
2022-01-18,78.1890869140625,87.18000030517578,87.58000183105469,86.01000213623047,87.3499984741211,2078800
2022-01-19,76.7092514038086,85.52999877929688,87.86000061035156,85.45999908447266,87.76000213623047,2459300
2022-01-20,77.11283111572266,85.9800033569336,88.04000091552734,85.80000305175781,86.18000030517578,2109500
2022-01-21,78.48505401611328,87.51000213623047,88.31999969482422,86.27999877929688,86.6500015258789,3205500
2022-01-24,77.1487045288086,86.0199966430664,86.8499984741211,83.2699966430664,86.68000030517578,3765500
2022-01-25,76.7092514038086,85.52999877929688,85.95999908447266,83.36000061035156,84.9800033569336,3023700
2022-01-26,75.20250701904297,83.8499984741211,87.8499984741211,83.1500015258789,86.01000213623047,2667200
2022-01-27,74.81684112548828,83.41999816894531,86.2300033569336,83.11000061035156,84.51000213623047,2660300
2022-01-28,75.39083862304688,84.05999755859375,84.11000061035156,80.66000366210938,83.41999816894531,3123300
2022-01-31,77.69579315185547,86.62999725341797,86.62999725341797,83.38999938964844,83.38999938964844,4174000
2022-02-01,75.92894744873047,84.66000366210938,86.36000061035156,84.08000183105469,86.0,2082000
2022-02-02,76.09937286376953,84.8499984741211,86.19999694824219,84.69000244140625,85.13999938964844,1945800
2022-02-03,74.22492218017578,82.76000213623047,84.55000305175781,82.66999816894531,84.47000122070312,1624200
2022-02-04,72.13520812988281,80.43000030517578,82.19000244140625,78.91999816894531,81.72000122070312,2114900
2022-02-07,72.40426635742188,80.7300033569336,81.16999816894531,80.30000305175781,80.5,1770300
2022-02-08,71.7406005859375,79.98999786376953,81.29000091552734,79.62000274658203,80.98999786376953,1844300
2022-02-09,73.36392211914062,81.80000305175781,81.9000015258789,80.45999908447266,81.05999755859375,2129500
2022-02-10,72.35944366455078,80.68000030517578,82.22000122070312,80.12000274658203,80.95999908447266,2113100
2022-02-11,71.84822845458984,80.11000061035156,81.37999725341797,79.25,80.68000030517578,2597000
2022-02-14,71.4535903930664,79.66999816894531,81.33000183105469,79.12999725341797,80.45999908447266,2205000
2022-02-15,72.78993225097656,81.16000366210938,81.31999969482422,79.83000183105469,80.26000213623047,2775700
2022-02-16,75.2383804321289,83.88999938964844,84.47000122070312,82.55999755859375,84.47000122070312,4564500
2022-02-17,73.66885375976562,82.13999938964844,83.87999725341797,81.41000366210938,83.19999694824219,3394100
2022-02-18,74.31461334228516,82.86000061035156,84.29000091552734,81.45999908447266,81.5999984741211,3612300
2022-02-22,74.40428924560547,82.95999908447266,83.41000366210938,81.97000122070312,82.73999786376953,3631800
2022-02-23,72.54778289794922,80.88999938964844,83.98999786376953,80.75,83.0999984741211,2212400
2022-02-24,73.56121826171875,82.0199966430664,82.31999969482422,78.94999694824219,79.36000061035156,2335400
2022-02-25,75.61506652832031,84.30999755859375,84.43000030517578,81.83999633789062,82.66999816894531,2241500
2022-02-28,75.24467468261719,83.29000091552734,84.33000183105469,82.41000366210938,82.61000061035156,4314300
2022-03-01,74.38643646240234,82.33999633789062,83.72000122070312,81.06999969482422,83.38999938964844,2044900
2022-03-02,76.20227813720703,84.3499984741211,85.20999908447266,82.9000015258789,82.94999694824219,2146800
2022-03-03,77.12377166748047,85.37000274658203,85.45999908447266,83.52999877929688,84.63999938964844,1840600
2022-03-04,78.6685791015625,87.08000183105469,87.23999786376953,84.4800033569336,84.4800033569336,2521700
2022-03-07,78.52404022216797,86.91999816894531,88.44999694824219,86.80999755859375,86.98999786376953,2089400
2022-03-08,79.7978286743164,88.33000183105469,89.47000122070312,86.2300033569336,86.9800033569336,2682700
2022-03-09,80.18631744384766,88.76000213623047,90.0999984741211,88.58000183105469,89.5,1768600
2022-03-10,81.70402526855469,90.44000244140625,90.44000244140625,87.30999755859375,88.0999984741211,2155200
2022-03-11,82.39965057373047,91.20999908447266,92.7699966430664,90.87000274658203,91.75,2790200
2022-03-14,82.18282318115234,90.97000122070312,92.83999633789062,90.93000030517578,91.79000091552734,2450900
2022-03-15,81.4872055053711,90.19999694824219,91.98999786376953,89.45999908447266,91.33999633789062,1306900
2022-03-16,81.94795227050781,90.70999908447266,91.77999877929688,88.72000122070312,90.77999877929688,2142900
2022-03-17,83.12238311767578,92.01000213623047,92.4800033569336,90.19000244140625,90.5199966430664,1938700
2022-03-18,83.26691436767578,92.16999816894531,92.80000305175781,91.33999633789062,91.6500015258789,3593700
2022-03-21,83.74571990966797,92.69999694824219,93.2300033569336,91.9800033569336,92.62000274658203,1602800
2022-03-22,83.67345428466797,92.62000274658203,94.61000061035156,92.41999816894531,93.30000305175781,2588100
2022-03-23,83.8631591796875,92.83000183105469,93.37999725341797,91.33000183105469,92.80000305175781,1759200
2022-03-24,85.51641082763672,94.66000366210938,94.77999877929688,92.2300033569336,92.80000305175781,2256900
2022-03-25,86.92572021484375,96.22000122070312,96.31999969482422,94.97000122070312,95.0,1488700
2022-03-28,86.96185302734375,96.26000213623047,96.61000061035156,95.6500015258789,96.52999877929688,1653200
2022-03-29,88.8138198852539,98.30999755859375,98.47000122070312,96.58999633789062,96.91000366210938,2635600
2022-03-30,88.40729522705078,97.86000061035156,98.25,96.83000183105469,97.79000091552734,1839200
2022-03-31,86.85342407226562,96.13999938964844,98.16000366210938,96.0999984741211,97.86000061035156,2689000
2022-04-01,88.37115478515625,97.81999969482422,97.8499984741211,96.62000274658203,97.0,1969800
2022-04-04,88.23564147949219,97.66999816894531,99.43000030517578,96.66000366210938,99.1500015258789,2186400
2022-04-05,86.4468994140625,95.69000244140625,98.26000213623047,95.13999938964844,97.16999816894531,1930300
2022-04-06,87.6845703125,97.05999755859375,97.29000091552734,94.58000183105469,95.5,1997500
2022-04-07,86.98893737792969,96.29000091552734,97.05000305175781,95.3499984741211,96.75,1973000
2022-04-08,87.6123046875,96.9800033569336,97.12000274658203,96.25,96.80999755859375,1275700
2022-04-11,87.06121826171875,96.37000274658203,97.6500015258789,96.12000274658203,97.13999938964844,1448200
2022-04-12,87.23284912109375,96.55999755859375,97.41999816894531,95.16000366210938,96.36000061035156,2048500
2022-04-13,87.54004669189453,96.9000015258789,97.5,95.94999694824219,97.0,1647900
2022-04-14,86.75405883789062,96.02999877929688,98.41999816894531,95.86000061035156,97.4000015258789,1697800
2022-04-18,87.16963958740234,96.48999786376953,96.62999725341797,95.56999969482422,95.83999633789062,2233400
2022-04-19,87.43161010742188,96.77999877929688,97.76000213623047,95.98999786376953,97.13999938964844,1575900
2022-04-20,88.0910873413086,97.51000213623047,98.1500015258789,96.38999938964844,96.62999725341797,2441800
2022-04-21,87.90138244628906,97.30000305175781,98.2699966430664,97.12999725341797,97.91999816894531,2477900
2022-04-22,85.76936340332031,94.94000244140625,96.83999633789062,94.7300033569336,96.37000274658203,1917600
2022-04-25,86.32945251464844,95.55999755859375,95.73999786376953,93.9000015258789,94.8499984741211,2366900
2022-04-26,86.05843353271484,95.26000213623047,96.38999938964844,94.7699966430664,95.29000091552734,1957400
2022-04-27,84.23355865478516,93.23999786376953,95.62000274658203,92.83999633789062,95.4800033569336,1910900
2022-04-28,85.3176498413086,94.44000244140625,94.6500015258789,92.62999725341797,93.20999908447266,1484000
2022-04-29,82.03827667236328,90.80999755859375,94.62000274658203,90.58999633789062,94.19999694824219,2480300
2022-05-02,81.4149398803711,90.12000274658203,92.33000183105469,88.58999633789062,91.37999725341797,2449200
2022-05-03,81.92987823486328,90.69000244140625,92.30999755859375,88.48999786376953,90.47000122070312,4185600
2022-05-04,81.5052719116211,90.22000122070312,90.7699966430664,87.91000366210938,90.23999786376953,2895900
2022-05-05,81.27942657470703,89.97000122070312,91.12999725341797,89.19999694824219,90.04000091552734,2418700
2022-05-06,79.88816833496094,88.43000030517578,89.12000274658203,87.22000122070312,88.81999969482422,2646700
2022-05-09,78.6505126953125,87.05999755859375,88.88999938964844,86.72000122070312,87.7699966430664,2632400
2022-05-10,77.5122299194336,85.80000305175781,88.19000244140625,85.0199966430664,87.80000305175781,3375000
2022-05-11,78.58727264404297,86.98999786376953,88.8499984741211,84.83999633789062,85.44999694824219,3329300
2022-05-12,78.6685791015625,87.08000183105469,87.16999816894531,85.55000305175781,87.13999938964844,2111600
2022-05-13,79.83396911621094,88.37000274658203,88.44999694824219,86.91999816894531,87.63999938964844,2224900
2022-05-16,80.26758575439453,88.8499984741211,89.20999908447266,88.30999755859375,88.7699966430664,1790800
2022-05-17,80.99935913085938,89.66000366210938,89.69999694824219,88.0999984741211,89.54000091552734,2502700
2022-05-18,79.69845581054688,88.22000122070312,90.69000244140625,87.83999633789062,90.37999725341797,2048600
2022-05-19,79.06607818603516,87.5199966430664,88.93000030517578,87.06999969482422,87.62000274658203,2132100
2022-05-20,79.59907531738281,88.11000061035156,89.12000274658203,86.94999694824219,88.83000183105469,2464100
2022-05-23,79.79012298583984,87.70999908447266,89.0,87.06999969482422,88.25,2151900
2022-05-24,80.43600463867188,88.41999816894531,88.43000030517578,85.68000030517578,87.55000305175781,2258100
2022-05-25,80.91815185546875,88.94999694824219,89.25,88.12000274658203,88.12000274658203,2051000
2022-05-26,80.58155822753906,88.58000183105469,90.18000030517578,88.31999969482422,89.72000122070312,1960400
2022-05-27,82.02800750732422,90.16999816894531,90.3499984741211,88.91000366210938,88.94000244140625,2133900
2022-05-31,81.04551696777344,89.08999633789062,89.68000030517578,88.66000366210938,89.25,7252500
2022-06-01,80.1994857788086,88.16000366210938,89.1500015258789,86.43000030517578,88.94999694824219,2352000
2022-06-02,80.84537506103516,88.87000274658203,88.95999908447266,86.27999877929688,87.87999725341797,1914900
2022-06-03,80.0539321899414,88.0,88.94999694824219,87.44999694824219,88.62000274658203,1538900
2022-06-06,79.27159118652344,87.13999938964844,88.70999908447266,86.80999755859375,88.70999908447266,1425500
2022-06-07,81.2365493774414,89.30000305175781,89.44999694824219,86.91000366210938,86.91000366210938,1899300
2022-06-08,78.21633911132812,85.9800033569336,89.08999633789062,85.66999816894531,88.93000030517578,1967800
2022-06-09,75.71465301513672,83.2300033569336,85.8499984741211,83.16999816894531,85.2699966430664,1956000
2022-06-10,74.6594009399414,82.06999969482422,83.2300033569336,81.70999908447266,82.41000366210938,2234800
2022-06-13,70.82044219970703,77.8499984741211,80.83000183105469,77.45999908447266,80.26000213623047,2500100
2022-06-14,70.45657348632812,77.44999694824219,78.61000061035156,76.77999877929688,77.80000305175781,2823000
2022-06-15,71.36624908447266,78.44999694824219,79.4800033569336,77.25,78.20999908447266,3573200
2022-06-16,70.68397521972656,77.69999694824219,78.86000061035156,76.62999725341797,77.41000366210938,2754800
2022-06-17,70.63848876953125,77.6500015258789,79.12999725341797,76.55999755859375,77.41999816894531,9174300
2022-06-21,71.57548522949219,78.68000030517578,80.55000305175781,78.05999755859375,78.05999755859375,2525700
2022-06-22,72.56707000732422,79.7699966430664,80.95999908447266,78.12999725341797,78.12999725341797,2282100
2022-06-23,74.3319091796875,81.70999908447266,82.08000183105469,79.54000091552734,80.25,2668100
2022-06-24,75.83292388916016,83.36000061035156,83.86000061035156,81.56999969482422,82.06999969482422,3299700
2022-06-27,75.6600570678711,83.16999816894531,84.66999816894531,82.4800033569336,83.11000061035156,1992600
2022-06-28,75.39624786376953,82.87999725341797,84.76000213623047,82.73999786376953,83.77999877929688,1454700
2022-06-29,75.71465301513672,83.2300033569336,83.69000244140625,82.68000030517578,82.68000030517578,1529400
2022-06-30,74.91410064697266,82.3499984741211,83.48999786376953,81.88999938964844,82.8499984741211,2500500
2022-07-01,75.69644927978516,83.20999908447266,83.41000366210938,81.52999877929688,81.94000244140625,1724900
2022-07-05,74.9231948852539,82.36000061035156,82.8499984741211,79.98999786376953,82.7300033569336,1819000
2022-07-06,74.29551696777344,81.66999816894531,83.45999908447266,81.63999938964844,82.7300033569336,1347400
2022-07-07,74.34101104736328,81.72000122070312,82.45999908447266,81.18000030517578,81.55999755859375,1439600
2022-07-08,74.69578552246094,82.11000061035156,82.73999786376953,81.47000122070312,81.75,1336900
2022-07-11,74.69578552246094,82.11000061035156,82.5999984741211,81.47000122070312,82.0199966430664,971000
2022-07-12,74.99600219726562,82.44000244140625,83.5199966430664,81.61000061035156,81.66999816894531,1467900
2022-07-13,74.51385498046875,81.91000366210938,82.19999694824219,80.81999969482422,81.54000091552734,2150400
2022-07-14,72.86727142333984,80.0999984741211,81.66000366210938,79.77999877929688,80.5,2771100
2022-07-15,73.88614654541016,81.22000122070312,81.4800033569336,80.20999908447266,81.19000244140625,2078600
2022-07-18,73.49497985839844,80.79000091552734,81.83000183105469,80.41000366210938,81.4800033569336,1586600
2022-07-19,74.71397399902344,82.12999725341797,82.30999755859375,80.69999694824219,81.18000030517578,2123200
2022-07-20,74.0407943725586,81.38999938964844,82.5999984741211,80.97000122070312,82.02999877929688,1551800
2022-07-21,73.98622131347656,81.33000183105469,81.33999633789062,79.22000122070312,81.05000305175781,1696000
2022-07-22,75.35077667236328,82.83000183105469,83.19999694824219,81.7699966430664,82.27999877929688,1686000
2022-07-25,76.5242919921875,84.12000274658203,84.19000244140625,82.12999725341797,82.55000305175781,1745800
2022-07-26,77.25204467773438,84.91999816894531,85.31999969482422,84.19000244140625,84.58999633789062,2263200
2022-07-27,76.89725494384766,84.52999877929688,85.62000274658203,84.11000061035156,84.68000030517578,1392900
2022-07-28,78.21633911132812,85.9800033569336,86.04000091552734,84.47000122070312,85.02999877929688,1561600
2022-07-29,78.5438232421875,86.33999633789062,86.83000183105469,85.41999816894531,86.0,3905700
2022-08-01,78.21633911132812,85.9800033569336,86.70999908447266,85.87000274658203,86.16000366210938,1322100
2022-08-02,76.11492919921875,83.66999816894531,86.33000183105469,83.5999984741211,85.83000183105469,1853700
2022-08-03,74.96868133544922,82.41000366210938,84.58000183105469,82.37999725341797,83.87000274658203,2280100
2022-08-04,73.68600463867188,81.0,82.5,80.4800033569336,82.5,2569700
2022-08-05,73.39490509033203,80.68000030517578,80.9800033569336,79.13999938964844,80.5,2911100
2022-08-08,74.23181915283203,81.5999984741211,82.41000366210938,81.25,81.6500015258789,2063600
2022-08-09,75.19611358642578,82.66000366210938,82.80000305175781,81.45999908447266,81.73999786376953,2889100
2022-08-10,75.78741455078125,83.30999755859375,83.48999786376953,80.81999969482422,82.55000305175781,2909100
2022-08-11,73.8952407836914,81.2300033569336,83.19000244140625,80.75,82.75,2985900
2022-08-12,75.2234115600586,82.69000244140625,82.79000091552734,81.66999816894531,81.9800033569336,1954800
2022-08-15,74.3136978149414,81.69000244140625,82.87999725341797,81.30000305175781,82.66999816894531,1249100
2022-08-16,73.376708984375,80.66000366210938,81.58000183105469,80.2699966430664,81.5,1986300
2022-08-17,74.20453643798828,81.56999969482422,81.87999725341797,80.12000274658203,80.16000366210938,1922600
2022-08-18,72.77631378173828,80.0,81.9800033569336,79.47000122070312,81.58000183105469,2531300
2022-08-19,72.39422607421875,79.58000183105469,80.18000030517578,79.08000183105469,79.83999633789062,4554100
2022-08-22,72.55008697509766,79.13999938964844,79.41000366210938,78.12999725341797,78.77999877929688,2459300
2022-08-23,70.72577667236328,77.1500015258789,79.11000061035156,77.05999755859375,78.87999725341797,2562500
2022-08-24,71.05580139160156,77.51000213623047,78.19000244140625,76.91000366210938,76.97000122070312,2594200
2022-08-25,72.27503967285156,78.83999633789062,78.87000274658203,77.69999694824219,77.94000244140625,1845800
2022-08-26,70.89079284667969,77.33000183105469,78.9800033569336,77.26000213623047,78.9800033569336,1757200
2022-08-29,70.49661254882812,76.9000015258789,77.66999816894531,76.45999908447266,77.05999755859375,1868700
2022-08-30,69.77237701416016,76.11000061035156,77.51000213623047,75.95999908447266,76.94999694824219,2084100
2022-08-31,70.26741790771484,76.6500015258789,77.62000274658203,76.5,76.86000061035156,4030300
2022-09-01,70.20323181152344,76.58000183105469,76.62000274658203,75.80000305175781,76.2300033569336,2017500
2022-09-02,69.51568603515625,75.83000183105469,77.56999969482422,75.52999877929688,77.12000274658203,1679700
2022-09-06,69.92822265625,76.27999877929688,77.0,75.54000091552734,76.43000030517578,1896300
2022-09-07,71.2024917602539,77.66999816894531,77.80999755859375,76.12000274658203,76.23999786376953,1435400
2022-09-08,70.0107421875,76.37000274658203,78.19999694824219,76.26000213623047,77.2699966430664,2306400
2022-09-09,71.1291275024414,77.58999633789062,77.6500015258789,75.9800033569336,76.68000030517578,2547900
2022-09-12,71.74334716796875,78.26000213623047,79.27999877929688,77.9000015258789,78.05000305175781,2309900
2022-09-13,68.94731903076172,75.20999908447266,77.33999633789062,75.12999725341797,77.0,2490200
2022-09-14,67.81974792480469,73.9800033569336,75.18000030517578,72.62000274658203,74.61000061035156,3786900
2022-09-15,66.68299865722656,72.73999786376953,74.2300033569336,72.61000061035156,73.88999938964844,2928700
2022-09-16,66.75634765625,72.81999969482422,72.95999908447266,70.55999755859375,72.55999755859375,7662000
2022-09-19,65.30790710449219,71.23999786376953,72.9800033569336,70.83999633789062,71.9800033569336,2818400
2022-09-20,63.76778793334961,69.55999755859375,70.68000030517578,69.12999725341797,70.37999725341797,2249500
2022-09-21,63.245243072509766,68.98999786376953,70.87000274658203,68.97000122070312,70.04000091552734,2023300
2022-09-22,62.5668830871582,68.25,68.83000183105469,67.23999786376953,68.70999908447266,1982600
2022-09-23,61.15510940551758,66.70999908447266,68.56999969482422,65.97000122070312,67.37000274658203,2723900
2022-09-26,60.29337692260742,65.7699966430664,66.47000122070312,64.5999984741211,66.41000366210938,3006000
2022-09-27,58.95494842529297,64.30999755859375,66.80000305175781,64.16999816894531,66.38999938964844,2467200
2022-09-28,59.97251892089844,65.41999816894531,65.93000030517578,64.04000091552734,64.9800033569336,1846500
2022-09-29,58.05656814575195,63.33000183105469,64.95999908447266,62.650001525878906,64.62999725341797,2844400
2022-09-30,58.9641227722168,64.31999969482422,64.66999816894531,62.959999084472656,63.70000076293945,3208500
2022-10-03,59.93586349487305,65.37999725341797,65.87000274658203,63.849998474121094,65.0999984741211,2560500
2022-10-04,59.019126892089844,64.37999725341797,66.33000183105469,63.400001525878906,65.36000061035156,4330900
2022-10-05,57.13066482543945,62.31999969482422,63.59000015258789,61.68000030517578,63.4900016784668,3007100
2022-10-06,54.78383255004883,59.7599983215332,62.18000030517578,59.56999969482422,61.97999954223633,2802100
2022-10-07,53.72042465209961,58.599998474121094,59.75,58.15999984741211,59.400001525878906,2773300
2022-10-10,52.592838287353516,57.369998931884766,58.58000183105469,57.36000061035156,58.150001525878906,3556200
2022-10-11,53.32622146606445,58.16999816894531,58.439998626708984,56.52000045776367,57.61000061035156,3054800
2022-10-12,53.08788299560547,57.90999984741211,58.310001373291016,56.91999816894531,57.91999816894531,2439500
2022-10-13,54.242958068847656,59.16999816894531,59.25,56.5,56.97999954223633,2623000
2022-10-14,53.02370834350586,57.84000015258789,59.900001525878906,57.7400016784668,59.900001525878906,2731200
2022-10-17,54.985511779785156,59.97999954223633,60.08000183105469,58.220001220703125,58.75,2579500
2022-10-18,55.61805725097656,60.66999816894531,61.54999923706055,60.029998779296875,60.810001373291016,2359900
2022-10-19,54.38964080810547,59.33000183105469,60.5099983215332,59.130001068115234,59.97999954223633,1709100
2022-10-20,54.06877899169922,58.97999954223633,59.90999984741211,58.599998474121094,59.31999969482422,1832500
2022-10-21,53.06037521362305,57.880001068115234,59.06999969482422,57.209999084472656,58.900001525878906,5553000
2022-10-24,52.72119140625,57.5099983215332,58.56999969482422,56.65999984741211,58.27000045776367,3645700
2022-10-25,55.3338737487793,60.36000061035156,60.41999816894531,57.810001373291016,57.810001373291016,2659900
2022-10-26,55.37054443359375,60.400001525878906,61.29999923706055,60.16999816894531,60.5099983215332,3869900
2022-10-27,54.9488410949707,59.939998626708984,61.65999984741211,59.66999816894531,60.95000076293945,2349300
2022-10-28,56.378936767578125,61.5,61.689998626708984,59.650001525878906,60.0099983215332,2167800
2022-10-31,55.957244873046875,61.040000915527344,61.91999816894531,60.65999984741211,60.810001373291016,2275500
2022-11-01,55.095523834228516,60.099998474121094,61.09000015258789,59.86000061035156,60.709999084472656,1806300
2022-11-02,53.95878219604492,58.86000061035156,60.72999954223633,58.810001373291016,60.099998474121094,2287800
2022-11-03,53.537078857421875,58.400001525878906,58.880001068115234,57.099998474121094,58.15999984741211,2578300
2022-11-04,55.874732971191406,60.95000076293945,61.41999816894531,58.720001220703125,58.900001525878906,3314900
2022-11-07,56.3422737121582,61.459999084472656,62.31999969482422,60.72999954223633,61.75,2523900
2022-11-08,60.97175979614258,66.51000213623047,68.54000091552734,64.83000183105469,65.37000274658203,5087400
2022-11-09,60.96260070800781,66.5,68.16000366210938,66.20999908447266,66.25,4330400
2022-11-10,64.22615814208984,70.05999755859375,70.94000244140625,68.1500015258789,68.16000366210938,4430100
2022-11-11,65.61959075927734,71.58000183105469,71.7300033569336,70.30999755859375,70.30999755859375,3011900
2022-11-14,64.43701171875,70.29000091552734,71.56999969482422,70.13999938964844,70.98999786376953,2378400
2022-11-15,64.08866119384766,69.91000366210938,71.22000122070312,69.11000061035156,71.16000366210938,2800200
2022-11-16,62.521034240722656,68.19999694824219,69.83000183105469,67.94999694824219,69.76000213623047,2600100
2022-11-17,61.71628189086914,66.72000122070312,67.2300033569336,65.68000030517578,66.56999969482422,2407500
2022-11-18,62.6967887878418,67.77999877929688,67.9800033569336,66.55000305175781,67.8499984741211,3805000
2022-11-21,63.0667839050293,68.18000030517578,68.23999786376953,66.88999938964844,67.73999786376953,2266900
2022-11-22,63.68653869628906,68.8499984741211,69.0,67.87999725341797,68.18000030517578,1885700
2022-11-23,64.1490478515625,69.3499984741211,69.47000122070312,68.38999938964844,68.48999786376953,1577400
2022-11-25,64.31554412841797,69.52999877929688,69.7300033569336,68.98999786376953,69.44999694824219,956600
2022-11-28,61.64228439331055,66.63999938964844,69.83999633789062,66.29000091552734,69.19000244140625,3256700
2022-11-29,64.01028442382812,69.19999694824219,69.23999786376953,66.80999755859375,66.88999938964844,2401800
2022-11-30,65.70304870605469,71.02999877929688,71.52999877929688,68.62000274658203,69.0999984741211,9642500
2022-12-01,65.66604614257812,70.98999786376953,72.19999694824219,70.55999755859375,71.44999694824219,3345700
2022-12-02,65.7492904663086,71.08000183105469,71.52999877929688,69.66000366210938,70.38999938964844,2195100
2022-12-05,64.92606353759766,70.19000244140625,71.16999816894531,69.94999694824219,70.51000213623047,2978900
2022-12-06,63.08528137207031,68.19999694824219,70.5199966430664,67.93000030517578,70.5199966430664,3516500
2022-12-07,60.125274658203125,65.0,65.9800033569336,64.0199966430664,64.79000091552734,10394800
2022-12-08,60.77277374267578,65.69999694824219,66.66999816894531,65.02999877929688,65.19999694824219,3756800
2022-12-09,61.67003631591797,66.66999816894531,67.05999755859375,65.29000091552734,65.61000061035156,2779500
2022-12-12,60.8005256652832,65.7300033569336,66.88999938964844,64.98999786376953,66.69000244140625,3023800
2022-12-13,61.2907829284668,66.26000213623047,68.06999969482422,65.16999816894531,67.81999969482422,4433500
2022-12-14,62.29903793334961,67.3499984741211,68.58000183105469,65.98999786376953,66.20999908447266,3234400
2022-12-15,62.08628845214844,67.12000274658203,67.58999633789062,66.27999877929688,66.63999938964844,2512500
2022-12-16,59.49626922607422,64.31999969482422,66.55999755859375,63.58000183105469,66.05000305175781,8289900
2022-12-19,58.92277145385742,63.70000076293945,64.41999816894531,63.09000015258789,64.19000244140625,2413200
2022-12-20,58.784019470214844,63.54999923706055,63.93000030517578,62.619998931884766,63.0099983215332,2380600
2022-12-21,59.17252731323242,63.970001220703125,65.08999633789062,63.630001068115234,64.06999969482422,1777300
2022-12-22,59.69052505493164,64.52999877929688,64.56999969482422,63.0,63.16999816894531,1737900
2022-12-23,60.190032958984375,65.06999969482422,65.08000183105469,63.790000915527344,64.38999938964844,1148100
2022-12-27,60.994789123535156,65.94000244140625,66.3499984741211,64.91000366210938,65.05999755859375,1758000
2022-12-28,59.977272033691406,64.83999633789062,66.62000274658203,64.62999725341797,66.06999969482422,1648300
2022-12-29,60.893028259277344,65.83000183105469,66.23999786376953,64.75,65.47000122070312,1422000
2022-12-30,60.634029388427734,65.55000305175781,66.01000213623047,64.7699966430664,65.63999938964844,1189700
2023-01-03,61.929019927978516,66.94999694824219,67.18000030517578,65.4800033569336,66.51000213623047,3086400
2023-01-04,63.67729949951172,68.83999633789062,69.41000366210938,67.48999786376953,67.69000244140625,2263700
2023-01-05,62.33604431152344,67.38999938964844,68.62000274658203,66.69000244140625,68.11000061035156,1761800
2023-01-06,64.54679870605469,69.77999877929688,70.0,67.4000015258789,67.7300033569336,1685000
2023-01-09,64.0750503540039,69.2699966430664,70.30999755859375,69.1500015258789,70.08999633789062,2207200
2023-01-10,63.81603240966797,68.98999786376953,69.01000213623047,67.95999908447266,68.72000122070312,2091100
2023-01-11,66.44306945800781,71.83000183105469,71.98999786376953,69.52999877929688,69.5999984741211,2144700
2023-01-12,66.69279479980469,72.0999984741211,72.7300033569336,71.58000183105469,72.0,2403200
2023-01-13,65.81404876708984,71.1500015258789,71.94999694824219,70.83000183105469,71.55000305175781,1376800
2023-01-17,66.33204650878906,71.70999908447266,72.08999633789062,71.05000305175781,71.29000091552734,1583000
2023-01-18,66.27655792236328,71.6500015258789,72.48999786376953,71.36000061035156,72.20999908447266,2985100
2023-01-19,66.27655792236328,71.6500015258789,72.27999877929688,71.29000091552734,71.29000091552734,2002200
2023-01-20,67.3680648803711,72.83000183105469,72.91000366210938,71.29000091552734,71.83000183105469,1843700
2023-01-23,68.70931243896484,74.27999877929688,74.5199966430664,72.19999694824219,72.72000122070312,2051200
2023-01-24,69.26431274414062,74.87999725341797,74.91999816894531,73.5,73.83000183105469,1528100
2023-01-25,68.32081604003906,73.86000061035156,74.83999633789062,73.41000366210938,74.69999694824219,1502800
2023-01-26,68.61681365966797,74.18000030517578,74.41000366210938,73.62999725341797,74.18000030517578,1274800
2023-01-27,69.55107879638672,75.19000244140625,75.56999969482422,73.47000122070312,74.30000305175781,2091600
2023-01-30,68.93131256103516,74.5199966430664,75.27999877929688,74.45999908447266,74.86000061035156,2349600
2023-01-31,69.41231536865234,75.04000091552734,75.0999984741211,73.86000061035156,74.37999725341797,2601900
2023-02-01,69.26431274414062,74.87999725341797,75.41999816894531,73.52999877929688,74.97000122070312,2266400
2023-02-02,70.55008697509766,76.2699966430664,76.72000122070312,74.81999969482422,75.48999786376953,1930800
2023-02-03,70.13383483886719,75.81999969482422,75.87999725341797,74.31999969482422,75.16000366210938,1648700
2023-02-06,68.93131256103516,74.5199966430664,75.36000061035156,73.68000030517578,74.93000030517578,1987100
2023-02-07,69.30131530761719,74.91999816894531,75.63999938964844,73.75,74.08000183105469,2332500
2023-02-08,69.37532806396484,75.0,75.44000244140625,74.30000305175781,74.73999786376953,1650200
2023-02-09,68.44105529785156,73.98999786376953,75.55000305175781,73.61000061035156,75.55000305175781,2483500
2023-02-10,69.63431549072266,75.27999877929688,75.58999633789062,73.55000305175781,73.7300033569336,2016700
2023-02-13,70.19855499267578,75.88999938964844,76.27999877929688,75.27999877929688,75.38999938964844,1298700
2023-02-14,70.0690689086914,75.75,76.38999938964844,75.1500015258789,75.51000213623047,1735600
2023-02-15,70.04132080078125,75.72000122070312,75.83000183105469,74.80000305175781,75.05999755859375,1865000
2023-02-16,72.19658660888672,78.05000305175781,78.54000091552734,73.70999908447266,74.22000122070312,2938100
2023-02-17,71.59534454345703,77.4000015258789,78.5,77.11000061035156,78.30000305175781,2544000
2023-02-21,71.05883026123047,76.81999969482422,77.51000213623047,75.83000183105469,77.13999938964844,2300900
2023-02-22,69.9488296508789,75.62000274658203,77.88999938964844,75.5,77.19000244140625,2199800
2023-02-23,70.45756530761719,76.16999816894531,76.44000244140625,75.08999633789062,75.86000061035156,1680500
2023-02-24,69.25507354736328,74.87000274658203,75.66000366210938,73.95999908447266,75.0,1927600
2023-02-27,69.26438903808594,74.2699966430664,75.61000061035156,73.72000122070312,75.05000305175781,1199700
2023-02-28,69.12450408935547,74.12000274658203,74.83000183105469,73.91999816894531,74.66000366210938,4664400
2023-03-01,68.16390991210938,73.08999633789062,73.72000122070312,71.51000213623047,73.55000305175781,2665900
2023-03-02,69.3390121459961,74.3499984741211,74.44999694824219,72.70999908447266,72.80000305175781,1677800
2023-03-03,70.23429870605469,75.30999755859375,75.83999633789062,74.69999694824219,74.86000061035156,1979800
2023-03-06,70.12239074707031,75.19000244140625,75.9800033569336,74.91000366210938,75.5999984741211,2880800
2023-03-07,68.984619140625,73.97000122070312,75.04000091552734,73.76000213623047,75.04000091552734,4827600
2023-03-08,69.68406677246094,74.72000122070312,75.44999694824219,73.58000183105469,73.69000244140625,1732700
2023-03-09,67.5670394897461,72.44999694824219,74.94000244140625,72.37999725341797,74.5,4593000
2023-03-10,63.2584342956543,67.83000183105469,72.31999969482422,67.72000122070312,71.83999633789062,4106300
2023-03-13,64.54542541503906,69.20999908447266,69.6500015258789,66.72000122070312,67.2300033569336,2710300
2023-03-14,66.73705291748047,71.55999755859375,71.5999984741211,70.1500015258789,70.56999969482422,2347200
2023-03-15,66.44793701171875,71.25,71.33000183105469,69.94000244140625,70.69000244140625,2623800
2023-03-16,66.07490539550781,70.8499984741211,71.3499984741211,69.41999816894531,70.54000091552734,2916400
2023-03-17,64.11642456054688,68.75,71.16000366210938,68.58000183105469,70.19999694824219,4939900
2023-03-20,64.47081756591797,69.12999725341797,69.9000015258789,68.66000366210938,69.13999938964844,3012000
2023-03-21,64.71329498291016,69.38999938964844,70.2300033569336,69.05000305175781,69.66000366210938,2465200
2023-03-22,61.71031188964844,66.16999816894531,69.16999816894531,66.0999984741211,68.98999786376953,2457100
2023-03-23,61.32794952392578,65.76000213623047,67.38999938964844,65.66000366210938,66.29000091552734,1743900
2023-03-24,62.93203353881836,67.4800033569336,67.55999755859375,65.18000030517578,65.44000244140625,1576700
2023-03-27,63.30507278442383,67.87999725341797,68.37000274658203,67.51000213623047,68.0,1765100
2023-03-28,64.13507843017578,68.7699966430664,69.12999725341797,67.05000305175781,67.45999908447266,2056500
2023-03-29,65.24486541748047,69.95999908447266,70.72000122070312,69.68000030517578,69.77999877929688,1984000
2023-03-30,66.16815948486328,70.94999694824219,71.19000244140625,70.1500015258789,70.62999725341797,1610100
2023-03-31,66.8582763671875,71.69000244140625,71.76000213623047,70.27999877929688,71.25,3648400
2023-04-03,66.89559173583984,71.7300033569336,72.6500015258789,71.13999938964844,71.95999908447266,2702700
2023-04-04,65.6365737915039,70.37999725341797,72.05999755859375,70.08000183105469,71.88999938964844,2150300
2023-04-05,65.804443359375,70.55999755859375,71.26000213623047,70.12999725341797,70.3499984741211,1612200
2023-04-06,66.72772979736328,71.55000305175781,72.16000366210938,70.48999786376953,71.66999816894531,1858200
2023-04-10,67.91211700439453,72.81999969482422,72.86000061035156,70.91000366210938,71.23999786376953,1305100
2023-04-11,69.32966613769531,74.33999633789062,75.16999816894531,73.61000061035156,74.18000030517578,2369400
2023-04-12,69.60013580322266,74.62999725341797,75.36000061035156,74.4000015258789,75.1500015258789,1839000
2023-04-13,69.4788818359375,74.5,74.95999908447266,73.31999969482422,74.7300033569336,2032500
2023-04-14,69.0965347290039,74.08999633789062,75.12000274658203,73.66000366210938,74.83000183105469,1677100
2023-04-17,70.16901397705078,75.23999786376953,75.26000213623047,74.12000274658203,74.18000030517578,1753400
2023-04-18,70.36488342285156,75.44999694824219,75.52999877929688,74.6500015258789,75.16999816894531,1357400
2023-04-19,71.1109390258789,76.25,76.30999755859375,74.8499984741211,74.87000274658203,1296600
2023-04-20,70.76588439941406,75.87999725341797,76.30999755859375,75.25,76.19999694824219,1239400
2023-04-21,70.5327377319336,75.62999725341797,76.22000122070312,75.05000305175781,76.08000183105469,1494700
2023-04-24,70.25296020507812,75.33000183105469,76.05999755859375,74.45999908447266,75.94999694824219,1848800
2023-04-25,71.24151611328125,76.38999938964844,76.66000366210938,74.7699966430664,75.04000091552734,2247700
2023-04-26,71.03633117675781,76.16999816894531,76.94000244140625,75.75,76.0999984741211,2619800
2023-04-27,72.73368072509766,77.98999786376953,78.0,76.19999694824219,76.19999694824219,2109900
2023-04-28,73.88078308105469,79.22000122070312,79.2699966430664,77.95999908447266,78.25,2314000
2023-05-01,72.98548126220703,78.26000213623047,79.6500015258789,78.12000274658203,79.0,2025200
2023-05-02,72.13680267333984,77.3499984741211,78.47000122070312,76.76000213623047,78.11000061035156,2531900
2023-05-03,72.29534912109375,77.5199966430664,79.04000091552734,76.44999694824219,78.13999938964844,2281500
2023-05-04,71.7171401977539,76.9000015258789,78.20999908447266,75.93000030517578,77.69999694824219,2234100
2023-05-05,73.45178985595703,78.76000213623047,78.9800033569336,76.83999633789062,77.20999908447266,1697200
2023-05-08,71.18556213378906,76.33000183105469,77.98999786376953,76.19999694824219,77.36000061035156,4200500
2023-05-09,73.04144287109375,78.31999969482422,78.72000122070312,76.0,76.3499984741211,4261000
2023-05-10,74.02999877929688,79.37999725341797,79.69999694824219,77.94999694824219,78.80000305175781,2426300
2023-05-11,73.81549835205078,79.1500015258789,79.9000015258789,78.19000244140625,78.80000305175781,2530200
2023-05-12,73.95539093017578,79.30000305175781,79.58999633789062,78.80000305175781,79.12000274658203,1887300
2023-05-15,75.3087387084961,80.12999725341797,80.23999786376953,78.58000183105469,79.11000061035156,2221400
2023-05-16,72.86518096923828,77.52999877929688,80.30000305175781,77.4800033569336,80.30000305175781,2166300
2023-05-17,72.84638214111328,77.51000213623047,77.94000244140625,76.38999938964844,77.80999755859375,1911000
2023-05-18,72.25428771972656,76.87999725341797,77.81999969482422,76.47000122070312,77.0,1943100
2023-05-19,71.93474578857422,76.54000091552734,77.5199966430664,76.12000274658203,77.26000213623047,1848000
2023-05-22,71.88777160644531,76.48999786376953,77.41999816894531,76.30999755859375,76.63999938964844,1457800
2023-05-23,71.58702087402344,76.16999816894531,77.33000183105469,76.08999633789062,76.4000015258789,1638000
2023-05-24,69.76374816894531,74.2300033569336,76.38999938964844,74.12000274658203,76.12000274658203,1925900
2023-05-25,69.19044494628906,73.62000274658203,74.5199966430664,72.47000122070312,74.5199966430664,1889200
2023-05-26,69.1152572631836,73.54000091552734,74.0,72.8499984741211,73.9000015258789,1569000
2023-05-30,68.72991943359375,73.12999725341797,74.1500015258789,72.83000183105469,73.30999755859375,1924000
2023-05-31,70.12088012695312,74.61000061035156,74.83999633789062,73.25,73.55000305175781,7307300
2023-06-01,70.12088012695312,74.61000061035156,75.11000061035156,73.27999877929688,74.08000183105469,1906400
2023-06-02,71.2016830444336,75.76000213623047,76.7699966430664,75.22000122070312,75.63999938964844,2002200
2023-06-05,71.5118179321289,76.08999633789062,76.25,75.41000366210938,75.8499984741211,1460000
2023-06-06,73.91780090332031,78.6500015258789,78.66999816894531,76.44000244140625,76.66999816894531,2382600
2023-06-07,75.581298828125,80.41999816894531,80.7300033569336,78.87999725341797,79.43000030517578,2588100
2023-06-08,74.99861145019531,79.80000305175781,80.51000213623047,79.04000091552734,79.86000061035156,3036500
2023-06-09,76.22036743164062,81.0999984741211,81.1500015258789,79.55000305175781,80.0199966430664,2344100
2023-06-12,76.88768005371094,81.80999755859375,81.81999969482422,80.83000183105469,81.04000091552734,2834300
2023-06-13,77.01924896240234,81.94999694824219,82.61000061035156,81.5,81.75,2332700
2023-06-14,76.63390350341797,81.54000091552734,82.91999816894531,81.36000061035156,82.51000213623047,3196300
2023-06-15,75.32754516601562,80.1500015258789,81.51000213623047,79.41000366210938,81.51000213623047,4333700
2023-06-16,75.57190704345703,80.41000366210938,81.97000122070312,79.9800033569336,80.5199966430664,11642800
2023-06-20,74.45349884033203,79.22000122070312,80.29000091552734,78.61000061035156,80.01000213623047,2655200
2023-06-21,74.23734283447266,78.98999786376953,79.12000274658203,78.01000213623047,78.70999908447266,2456100
2023-06-22,73.73922729492188,78.45999908447266,79.37999725341797,77.30000305175781,79.23999786376953,1625900
2023-06-23,71.69039916992188,76.27999877929688,78.54000091552734,75.86000061035156,77.91999816894531,3670700
2023-06-26,74.78244018554688,79.56999969482422,79.68000030517578,76.43000030517578,76.55000305175781,2283600
2023-06-27,75.88204193115234,80.73999786376953,80.9800033569336,79.18000030517578,80.02999877929688,1604400
2023-06-28,75.24295806884766,80.05999755859375,80.56999969482422,79.63999938964844,80.37000274658203,1964000
2023-06-29,75.55310821533203,80.38999938964844,80.52999877929688,79.4800033569336,79.81999969482422,1891800
2023-06-30,76.02302551269531,80.88999938964844,81.22000122070312,79.44000244140625,80.91000366210938,4238300
2023-07-03,76.568115234375,81.47000122070312,81.7699966430664,80.3499984741211,80.3499984741211,968900
2023-07-05,76.29556274414062,81.18000030517578,82.44999694824219,80.69000244140625,81.37999725341797,3081400
2023-07-06,75.45912170410156,80.29000091552734,80.43000030517578,78.38999938964844,80.05000305175781,1831000
2023-07-07,75.00798797607422,79.80999755859375,80.44999694824219,79.43000030517578,79.55999755859375,1427700
2023-07-10,74.40650939941406,79.16999816894531,79.8499984741211,78.31999969482422,79.56999969482422,1710400
2023-07-11,76.03240966796875,80.9000015258789,80.94999694824219,79.54000091552734,79.69000244140625,2501700
2023-07-12,74.89523315429688,79.69000244140625,82.2300033569336,79.6500015258789,82.0999984741211,2254400
2023-07-13,75.99483489990234,80.86000061035156,80.88999938964844,79.33999633789062,79.69000244140625,1866900
2023-07-14,75.16777038574219,79.9800033569336,80.31999969482422,79.12999725341797,80.01000213623047,2114600
2023-07-17,74.50988006591797,79.27999877929688,80.05999755859375,79.22000122070312,79.98999786376953,1199400
2023-07-18,73.87080383300781,78.5999984741211,79.4800033569336,77.9000015258789,79.4800033569336,1828500
2023-07-19,75.581298828125,80.41999816894531,80.45999908447266,78.77999877929688,79.0,1857000
2023-07-20,77.07563018798828,82.01000213623047,82.05000305175781,80.0,80.52999877929688,1557100
2023-07-21,77.3575668334961,82.30999755859375,83.2699966430664,81.77999877929688,82.25,1531400
2023-07-24,77.6959228515625,82.66999816894531,82.9800033569336,82.19999694824219,82.27999877929688,1202600
2023-07-25,77.94967651367188,82.94000244140625,83.68000030517578,82.58999633789062,82.83000183105469,1708700
2023-07-26,78.23162078857422,83.23999786376953,83.9800033569336,82.30999755859375,82.81999969482422,1608500
2023-07-27,76.33314514160156,81.22000122070312,83.88999938964844,81.19000244140625,83.7699966430664,1487200
2023-07-28,76.13580322265625,81.01000213623047,82.2699966430664,80.5,81.97000122070312,1198400
2023-07-31,77.20720672607422,82.1500015258789,82.16000366210938,80.73999786376953,81.4000015258789,1910800
2023-08-01,79.5097885131836,84.5999984741211,85.23999786376953,81.55000305175781,81.77999877929688,2401300
2023-08-02,78.54177856445312,83.56999969482422,84.97000122070312,83.27999877929688,84.5,1582500
2023-08-03,78.74854278564453,83.79000091552734,83.94000244140625,81.44000244140625,83.25,2184000
2023-08-04,77.4233627319336,82.37999725341797,84.30999755859375,82.01000213623047,83.37999725341797,1737500
2023-08-07,79.68836212158203,84.79000091552734,85.08000183105469,82.69999694824219,82.69999694824219,1639800
2023-08-08,80.15827941894531,85.29000091552734,85.62999725341797,83.27999877929688,83.77999877929688,1512800
2023-08-09,80.32744598388672,85.47000122070312,86.04000091552734,84.27999877929688,84.69999694824219,1994000
2023-08-10,79.83872985839844,84.94999694824219,86.38999938964844,84.66000366210938,85.83000183105469,1420400
2023-08-11,79.19026184082031,84.26000213623047,85.73999786376953,83.9000015258789,84.76000213623047,1872500
2023-08-14,79.78666687011719,84.27999877929688,84.63999938964844,82.98999786376953,83.25,1803500
2023-08-15,78.83050537109375,83.2699966430664,84.66000366210938,83.02999877929688,83.8499984741211,1600800
2023-08-16,78.81157684326172,83.25,84.12999725341797,82.81999969482422,83.3499984741211,2216000
2023-08-17,77.42943572998047,81.79000091552734,84.30000305175781,81.7699966430664,83.51000213623047,1883100
2023-08-18,76.87086486816406,81.19999694824219,81.73999786376953,80.58999633789062,80.93000030517578,2170100
2023-08-21,76.03778839111328,80.31999969482422,81.69999694824219,80.12000274658203,81.19999694824219,2207300
2023-08-22,75.59284973144531,79.8499984741211,80.6500015258789,79.62999725341797,80.62000274658203,1642900
2023-08-23,76.6815414428711,81.0,81.1500015258789,79.83999633789062,80.16000366210938,1641800
2023-08-24,76.07566833496094,80.36000061035156,82.13999938964844,80.2699966430664,80.93000030517578,1537700
2023-08-25,76.7099380493164,81.02999877929688,81.58000183105469,80.41000366210938,80.56999969482422,1388700
2023-08-28,76.9560775756836,81.29000091552734,82.25,81.16000366210938,81.16000366210938,767900
2023-08-29,78.63170623779297,83.05999755859375,83.13999938964844,81.0,81.29000091552734,1492900
2023-08-30,78.48971557617188,82.91000366210938,83.37999725341797,82.44000244140625,83.04000091552734,1381900
2023-08-31,78.46131134033203,82.87999725341797,83.41000366210938,82.62000274658203,83.0199966430664,3081800
2023-09-01,78.23409271240234,82.63999938964844,83.76000213623047,82.25,83.31999969482422,1311900
2023-09-05,76.54900360107422,80.86000061035156,83.01000213623047,80.41000366210938,82.66000366210938,1611300
2023-09-06,77.6092758178711,81.9800033569336,82.55999755859375,80.8499984741211,81.22000122070312,1987900
2023-09-07,78.1489028930664,82.55000305175781,83.25,81.9800033569336,82.20999908447266,1388100
2023-09-08,78.19624328613281,82.5999984741211,83.05000305175781,82.08999633789062,82.55000305175781,1151000
2023-09-11,79.27545928955078,83.73999786376953,83.91999816894531,82.77999877929688,83.02999877929688,1669600
2023-09-12,79.1334457397461,83.58999633789062,84.3499984741211,83.19000244140625,83.20999908447266,1761100
2023-09-13,78.17730712890625,82.58000183105469,84.16999816894531,82.38999938964844,83.55999755859375,1849600
2023-09-14,80.00440216064453,84.51000213623047,84.80999755859375,83.5999984741211,83.61000061035156,2842700
2023-09-15,79.87185668945312,84.37000274658203,85.16000366210938,83.81999969482422,84.12000274658203,7623000
2023-09-18,80.26948547363281,84.79000091552734,85.25,83.7300033569336,84.52999877929688,2163100
2023-09-19,79.27545928955078,83.73999786376953,85.26000213623047,83.73999786376953,84.9800033569336,2371400
2023-09-20,80.71442413330078,85.26000213623047,86.72000122070312,84.22000122070312,84.8499984741211,2117500
2023-09-21,79.27545928955078,83.73999786376953,85.33999633789062,83.55000305175781,84.95999908447266,2532500
2023-09-22,78.41397857666016,82.83000183105469,84.37000274658203,82.69999694824219,83.66999816894531,2537200
2023-09-25,78.75477600097656,83.19000244140625,83.37999725341797,82.2699966430664,82.38999938964844,1336800
2023-09-26,76.76673889160156,81.08999633789062,82.80999755859375,81.02999877929688,82.58999633789062,1788700
2023-09-27,75.92418670654297,80.19999694824219,82.58999633789062,80.0199966430664,81.55000305175781,2579500
2023-09-28,76.17032623291016,80.45999908447266,81.69000244140625,80.3499984741211,80.9000015258789,2146100
2023-09-29,77.552490234375,81.91999816894531,84.25,81.4000015258789,83.51000213623047,4353400
2023-10-02,77.37259674072266,81.7300033569336,84.5,80.66999816894531,81.51000213623047,5079500
2023-10-03,75.08163452148438,79.30999755859375,81.38999938964844,78.37999725341797,80.8499984741211,3277500
2023-10-04,77.29688262939453,81.6500015258789,81.73999786376953,79.55999755859375,79.7699966430664,2970100
2023-10-05,78.57491302490234,83.0,83.23999786376953,81.5199966430664,81.5199966430664,3116900
2023-10-06,77.1359634399414,81.4800033569336,82.9000015258789,80.55000305175781,82.19999694824219,3837600
2023-10-09,77.74183654785156,82.12000274658203,82.4000015258789,80.80000305175781,80.83000183105469,2464700
2023-10-10,79.20919799804688,83.66999816894531,84.44999694824219,82.08999633789062,82.08999633789062,2435600
2023-10-11,81.2350845336914,85.80999755859375,85.94999694824219,84.13999938964844,84.36000061035156,3409700
2023-10-12,80.46827697753906,85.0,85.41000366210938,84.30999755859375,84.80000305175781,2703400
2023-10-13,80.61028289794922,85.1500015258789,85.68000030517578,84.58999633789062,85.58000183105469,2727100
2023-10-16,81.10255432128906,85.66999816894531,85.9800033569336,84.52999877929688,85.7699966430664,2356400
2023-10-17,81.94511413574219,86.55999755859375,86.97000122070312,85.06999969482422,85.27999877929688,2182700
2023-10-18,81.1877670288086,85.76000213623047,86.4800033569336,84.88999938964844,86.05999755859375,1689800
2023-10-19,79.44586181640625,83.91999816894531,85.72000122070312,83.75,85.19999694824219,3790600
2023-10-20,79.41747283935547,83.88999938964844,84.77999877929688,83.61000061035156,84.06999969482422,2596800
2023-10-23,78.5654296875,82.98999786376953,83.54000091552734,82.73999786376953,83.11000061035156,3080800
2023-10-24,79.79612731933594,84.29000091552734,84.5999984741211,83.5199966430664,83.66999816894531,3474000
2023-10-25,78.26249694824219,82.66999816894531,84.25,82.5199966430664,83.70999908447266,3161200
2023-10-26,78.61277770996094,83.04000091552734,84.0,82.97000122070312,83.01000213623047,2602400
2023-10-27,77.01287841796875,81.3499984741211,83.80000305175781,81.29000091552734,83.4800033569336,2481000
2023-10-30,77.5051498413086,81.87000274658203,82.76000213623047,80.80000305175781,82.25,5863600
2023-10-31,79.15238189697266,83.61000061035156,85.6500015258789,82.54000091552734,83.7300033569336,4149300
2023-11-01,80.8753662109375,85.43000030517578,85.47000122070312,83.06999969482422,83.83999633789062,2961000
2023-11-02,83.11901092529297,87.80000305175781,88.06999969482422,86.0,86.69000244140625,2733300
2023-11-03,83.7343521118164,88.44999694824219,89.69000244140625,88.2300033569336,88.80000305175781,2553700
2023-11-06,83.44087219238281,88.13999938964844,88.4800033569336,87.37000274658203,88.06999969482422,1900600
2023-11-07,81.0836181640625,85.6500015258789,86.77999877929688,85.5999984741211,85.77999877929688,9874000
2023-11-08,81.7652359008789,86.37000274658203,86.7300033569336,85.4800033569336,86.08999633789062,12513600
2023-11-09,80.12747955322266,84.63999938964844,87.31999969482422,84.55000305175781,86.83000183105469,2633800
2023-11-10,81.39604187011719,85.9800033569336,86.18000030517578,84.94000244140625,85.48999786376953,4190400
2023-11-13,81.49137115478516,85.47000122070312,85.66000366210938,84.37999725341797,84.94000244140625,2581100
2023-11-14,82.89295196533203,86.94000244140625,88.08999633789062,86.83999633789062,87.8499984741211,3894100
2023-11-15,82.26367950439453,86.27999877929688,87.69000244140625,86.23999786376953,86.83000183105469,3461700
2023-11-16,82.7308578491211,86.7699966430664,87.56999969482422,86.36000061035156,86.47000122070312,2340700
2023-11-17,83.4173583984375,87.48999786376953,87.77999877929688,86.52999877929688,87.47000122070312,2196700
2023-11-20,84.42800903320312,88.55000305175781,89.08000183105469,87.27999877929688,87.54000091552734,2897400
2023-11-21,84.60916900634766,88.73999786376953,89.13999938964844,87.8499984741211,88.13999938964844,2032700
2023-11-22,84.57102966308594,88.69999694824219,89.5,87.88999938964844,89.44999694824219,1674500
2023-11-24,85.44820404052734,89.62000274658203,89.72000122070312,88.0999984741211,88.66999816894531,920000
2023-11-27,85.92491912841797,90.12000274658203,90.62999725341797,89.3499984741211,89.5999984741211,2336300
2023-11-28,85.15262603759766,89.30999755859375,90.12999725341797,88.94999694824219,89.41000366210938,2676800
2023-11-29,84.09429931640625,88.19999694824219,89.87999725341797,87.98999786376953,89.7300033569336,2534500
2023-11-30,84.95240020751953,89.0999984741211,89.22000122070312,87.4800033569336,88.19999694824219,6975000
2023-12-01,85.29563903808594,89.45999908447266,90.41000366210938,88.51000213623047,89.08999633789062,3281600
2023-12-04,85.63887786865234,89.81999969482422,89.9800033569336,88.25,88.7699966430664,3011700
2023-12-05,85.69609069824219,89.87999725341797,90.16000366210938,89.31999969482422,89.51000213623047,3330300
2023-12-06,83.35060119628906,87.41999816894531,90.33000183105469,87.2699966430664,90.0,3717200
2023-12-07,83.43641662597656,87.51000213623047,87.76000213623047,86.94999694824219,87.68000030517578,2512300
2023-12-08,83.63664245605469,87.72000122070312,88.04000091552734,86.80999755859375,87.0,2072800
2023-12-11,83.97035217285156,88.06999969482422,88.18000030517578,87.27999877929688,87.58999633789062,2220000
2023-12-12,84.4756851196289,88.5999984741211,89.05000305175781,87.86000061035156,88.33000183105469,2140700
2023-12-13,86.6209487915039,90.8499984741211,91.36000061035156,88.23999786376953,88.73999786376953,2712700
2023-12-14,87.59346008300781,91.87000274658203,93.41999816894531,90.97000122070312,91.98999786376953,5067600
2023-12-15,86.56373596191406,90.79000091552734,92.30000305175781,89.80000305175781,91.8499984741211,7153000
2023-12-18,85.94400024414062,90.13999938964844,92.47000122070312,89.37999725341797,92.47000122070312,3144900
2023-12-19,86.08702087402344,90.29000091552734,91.06999969482422,90.08000183105469,90.38999938964844,2124700
2023-12-20,84.40892791748047,88.52999877929688,90.33999633789062,88.48999786376953,89.97000122070312,3196600
2023-12-21,85.7628402709961,89.94999694824219,89.97000122070312,88.16999816894531,89.41000366210938,2097200
2023-12-22,85.7723617553711,89.95999908447266,91.19999694824219,89.76000213623047,90.33999633789062,2187700
2023-12-26,86.24909973144531,90.45999908447266,90.73999786376953,89.5,89.95999908447266,1008400
2023-12-27,86.81161499023438,91.05000305175781,91.06999969482422,90.19000244140625,90.41999816894531,1332600
2023-12-28,86.91650390625,91.16000366210938,91.33000183105469,90.52999877929688,90.75,1318300
2023-12-29,85.97260284423828,90.16999816894531,91.19999694824219,90.05999755859375,90.62999725341797,2331400
2024-01-02,86.03934478759766,90.23999786376953,90.62999725341797,89.79000091552734,90.30999755859375,1906300
2024-01-03,84.77125549316406,88.91000366210938,90.29000091552734,88.76000213623047,89.80000305175781,2079200
2024-01-04,84.57102966308594,88.69999694824219,89.45999908447266,88.30999755859375,88.94000244140625,1824900
2024-01-05,84.3993911743164,88.5199966430664,89.36000061035156,87.9000015258789,88.83000183105469,3072400
2024-01-08,85.62934875488281,89.80999755859375,89.81999969482422,88.30000305175781,88.48999786376953,1787200
2024-01-09,85.41958618164062,89.58999633789062,90.20999908447266,88.63999938964844,88.91999816894531,1731700
2024-01-10,86.50653076171875,90.7300033569336,91.05999755859375,89.58999633789062,89.72000122070312,1881700
2024-01-11,85.79145050048828,89.9800033569336,91.0,89.75,90.62000274658203,1505100
2024-01-12,87.65066528320312,91.93000030517578,92.11000061035156,90.55999755859375,90.55999755859375,1937000
2024-01-16,87.0690689086914,91.31999969482422,92.2300033569336,91.22000122070312,91.7699966430664,2243500
2024-01-17,85.4672622680664,89.63999938964844,91.52999877929688,88.05999755859375,89.98999786376953,2005200
2024-01-18,84.86658477783203,89.01000213623047,90.13999938964844,88.30999755859375,89.6500015258789,2284200
2024-01-19,85.66748809814453,89.8499984741211,90.20999908447266,88.48999786376953,89.87000274658203,1946600
2024-01-22,84.79985809326172,88.94000244140625,90.61000061035156,88.87000274658203,89.93000030517578,2170800
2024-01-23,83.9608154296875,88.05999755859375,89.58999633789062,87.5,88.94999694824219,2408400
2024-01-24,83.0740966796875,87.12999725341797,89.94999694824219,87.04000091552734,89.94999694824219,1943000
2024-01-25,83.159912109375,87.22000122070312,88.80000305175781,86.86000061035156,88.48999786376953,1790700
2024-01-26,83.32200622558594,87.38999938964844,87.79000091552734,86.77999877929688,87.45999908447266,1293300
2024-01-29,83.11224365234375,87.16999816894531,87.72000122070312,86.47000122070312,87.27999877929688,1580900
2024-01-30,82.8833999633789,86.93000030517578,87.30999755859375,86.33000183105469,87.08000183105469,2878000
2024-01-31,82.48297882080078,86.51000213623047,88.0199966430664,86.44999694824219,87.5199966430664,2766500
2024-02-01,84.12290954589844,88.2300033569336,88.30999755859375,85.61000061035156,86.30999755859375,4542600
2024-02-02,83.83686828613281,87.93000030517578,88.5199966430664,85.4000015258789,87.18000030517578,3900300
2024-02-05,82.48297882080078,86.51000213623047,87.43000030517578,86.05000305175781,86.8499984741211,2726400
2024-02-06,82.50204467773438,86.52999877929688,87.66000366210938,86.31999969482422,86.43000030517578,2821200
2024-02-07,82.7213363647461,86.76000213623047,87.41000366210938,85.62999725341797,86.75,2645100
2024-02-08,82.93108367919922,86.9800033569336,87.43000030517578,85.95999908447266,86.58999633789062,2161900
2024-02-09,83.57946014404297,87.66000366210938,87.68000030517578,86.2300033569336,86.81999969482422,2124100
2024-02-12,83.47457122802734,87.55000305175781,88.06999969482422,87.08999633789062,87.75,1916300
2024-02-13,83.20758056640625,87.2699966430664,87.33999633789062,85.4000015258789,86.12999725341797,2552600
2024-02-14,89.02364349365234,93.37000274658203,94.62999725341797,89.58999633789062,89.58999633789062,5693800
2024-02-15,89.37641143798828,93.73999786376953,94.37000274658203,92.61000061035156,93.6500015258789,3125100
2024-02-16,88.79479217529297,93.12999725341797,94.36000061035156,92.81999969482422,93.0,3102200
2024-02-20,88.48970794677734,92.80999755859375,93.79000091552734,91.97000122070312,92.5999984741211,3622600
2024-02-21,89.8626708984375,94.25,94.5199966430664,92.6500015258789,93.12000274658203,3004700
2024-02-22,90.03541564941406,93.81999969482422,94.52999877929688,92.93000030517578,94.30999755859375,2609100
2024-02-23,89.64195251464844,93.41000366210938,94.43000030517578,93.30999755859375,94.18000030517578,2007200
2024-02-26,88.15448760986328,91.86000061035156,93.5999984741211,91.7300033569336,93.4000015258789,2270000
2024-02-27,88.40398406982422,92.12000274658203,93.12999725341797,91.91000366210938,92.52999877929688,2707400
2024-02-28,88.15448760986328,91.86000061035156,93.11000061035156,91.81999969482422,91.94000244140625,3651000
2024-02-29,88.44236755371094,92.16000366210938,93.01000213623047,91.41999816894531,92.29000091552734,8932800
2024-03-01,88.97978973388672,92.72000122070312,92.80999755859375,91.20999908447266,91.87000274658203,2556900
2024-03-04,89.63235473632812,93.4000015258789,93.69999694824219,91.05000305175781,92.6500015258789,2521500
2024-03-05,87.85699462890625,91.55000305175781,93.75,91.27999877929688,93.19999694824219,2457200
2024-03-06,88.35600280761719,92.06999969482422,92.79000091552734,91.54000091552734,92.45999908447266,1809300
2024-03-07,88.32721710205078,92.04000091552734,93.16000366210938,91.45999908447266,92.73999786376953,2102400
2024-03-08,88.28882598876953,92.0,92.36000061035156,91.61000061035156,92.30999755859375,3137900
2024-03-11,88.96058654785156,92.69999694824219,92.80999755859375,91.5,91.7699966430664,2170500
2024-03-12,89.11415100097656,92.86000061035156,93.56999969482422,92.30999755859375,92.54000091552734,1743600
2024-03-13,88.94139862060547,92.68000030517578,93.2300033569336,92.20999908447266,92.9000015258789,2334200
2024-03-14,88.00093078613281,91.69999694824219,92.1500015258789,90.79000091552734,92.0,2517100
2024-03-15,87.66504669189453,91.3499984741211,92.16000366210938,91.12000274658203,91.29000091552734,6279900
2024-03-18,88.57672882080078,92.30000305175781,92.7699966430664,91.52999877929688,91.87999725341797,2074100
2024-03-19,89.88187408447266,93.66000366210938,93.81999969482422,92.33000183105469,92.76000213623047,2686400
2024-03-20,89.2388916015625,92.98999786376953,93.72000122070312,92.30999755859375,93.37999725341797,2212500
2024-03-21,89.34444427490234,93.0999984741211,93.52999877929688,91.31999969482422,93.36000061035156,3810100
2024-03-22,88.36559295654297,92.08000183105469,93.68000030517578,92.0,93.38999938964844,1659600
2024-03-25,87.58827209472656,91.2699966430664,92.70999908447266,91.23999786376953,92.41999816894531,1761900
2024-03-26,87.33875274658203,91.01000213623047,92.3499984741211,90.98999786376953,91.55000305175781,1776400
2024-03-27,89.05655670166016,92.80000305175781,92.87999725341797,91.13999938964844,91.8499984741211,3077200
2024-03-28,89.67073822021484,93.44000244140625,93.5999984741211,92.94000244140625,93.33000183105469,3519500
2024-04-01,88.27923583984375,91.98999786376953,93.52999877929688,91.80999755859375,93.44000244140625,2198600
2024-04-02,87.30998992919922,90.9800033569336,92.0,90.9000015258789,91.58999633789062,2582000
2024-04-03,87.58827209472656,91.2699966430664,91.87000274658203,90.66000366210938,91.19999694824219,1974800
2024-04-04,86.79176330566406,90.44000244140625,92.44000244140625,90.11000061035156,92.12000274658203,1787400
2024-04-05,88.05851745605469,91.76000213623047,92.0199966430664,90.44000244140625,90.44000244140625,1728100
2024-04-08,88.08729553222656,91.79000091552734,92.06999969482422,91.30000305175781,91.4800033569336,1807500
2024-04-09,88.28882598876953,92.0,92.01000213623047,90.98999786376953,91.77999877929688,2019000
2024-04-10,86.56144714355469,90.19999694824219,90.68000030517578,89.45999908447266,89.91999816894531,4559400
2024-04-11,86.7245864868164,90.37000274658203,91.25,89.80000305175781,90.61000061035156,2312300
2024-04-12,86.16796875,89.79000091552734,90.62000274658203,89.37999725341797,90.29000091552734,1808400
2024-04-15,85.50581359863281,89.0999984741211,90.58000183105469,88.33000183105469,90.43000030517578,1548000
2024-04-16,84.7476806640625,88.30999755859375,89.19000244140625,87.87000274658203,88.69999694824219,1911100
2024-04-17,86.08160400390625,89.69999694824219,91.04000091552734,88.30999755859375,88.36000061035156,3175900
2024-04-18,87.1468276977539,90.80999755859375,90.91000366210938,89.37999725341797,89.75,1879100
2024-04-19,87.63626861572266,91.31999969482422,91.98999786376953,90.7699966430664,91.41000366210938,1901600
2024-04-22,87.91456604003906,91.61000061035156,91.87999725341797,90.76000213623047,91.7300033569336,1940500
2024-04-23,89.18130493164062,92.93000030517578,93.04000091552734,91.41000366210938,91.80000305175781,2379000
2024-04-24,89.92024993896484,93.69999694824219,94.0,91.91000366210938,92.19999694824219,2692300
2024-04-25,90.20816040039062,94.0,94.12000274658203,92.7300033569336,93.18000030517578,2477900
2024-04-26,90.53443908691406,94.33999633789062,94.98999786376953,93.95999908447266,94.30000305175781,1857200
2024-04-29,91.91635131835938,95.77999877929688,95.83000183105469,94.62000274658203,95.08999633789062,2607900
2024-04-30,91.43651580810547,95.27999877929688,98.19000244140625,94.5199966430664,94.5199966430664,3879100
2024-05-01,90.55362701416016,94.36000061035156,96.05000305175781,94.13999938964844,95.0199966430664,2283500
2024-05-02,92.2042465209961,96.08000183105469,96.19000244140625,93.72000122070312,95.0,3129100
2024-05-03,91.94512939453125,95.80999755859375,97.20999908447266,94.66000366210938,96.95999908447266,2557300
2024-05-06,92.87600708007812,96.77999877929688,96.8499984741211,95.86000061035156,96.5,1605800
2024-05-07,93.52857208251953,97.45999908447266,97.95999908447266,96.91000366210938,97.5,1836400
2024-05-08,94.43067169189453,98.4000015258789,98.66000366210938,97.22000122070312,97.80000305175781,2293600
2024-05-09,95.15999603271484,99.16000366210938,99.33999633789062,97.87999725341797,98.83000183105469,2253000
2024-05-10,95.43037414550781,98.83000183105469,99.38999938964844,98.33000183105469,98.88999938964844,1763500
2024-05-13,96.0580062866211,99.4800033569336,99.68000030517578,98.36000061035156,99.08999633789062,2091000
2024-05-14,95.42070770263672,98.81999969482422,100.33000183105469,98.66000366210938,99.7699966430664,2721800
2024-05-15,97.52572631835938,101.0,101.0999984741211,99.30000305175781,100.4000015258789,2632600
2024-05-16,97.47744750976562,100.94999694824219,101.76000213623047,100.80999755859375,101.43000030517578,2326300
2024-05-17,97.80574798583984,101.29000091552734,101.87999725341797,100.88999938964844,101.51000213623047,1913200
2024-05-20,97.3712158203125,100.83999633789062,102.1500015258789,100.79000091552734,101.01000213623047,1800700
2024-05-21,97.62228393554688,101.0999984741211,101.33999633789062,100.37000274658203,100.81999969482422,1472900
2024-05-22,98.36580657958984,101.87000274658203,102.66000366210938,100.38999938964844,101.05999755859375,2274300
2024-05-23,96.52149200439453,99.95999908447266,102.0,99.7699966430664,101.95999908447266,2129800
2024-05-24,97.40020751953125,100.87000274658203,101.37000274658203,100.08000183105469,100.6500015258789,1936700
2024-05-28,97.361572265625,100.83000183105469,101.75,100.6500015258789,101.44000244140625,2738000
2024-05-29,97.17810821533203,100.63999938964844,100.91999816894531,99.94999694824219,100.38999938964844,2075900
2024-05-30,98.63616943359375,102.1500015258789,102.20999908447266,100.95999908447266,101.06999969482422,1672500
2024-05-31,100.1038818359375,103.66999816894531,104.05000305175781,102.05000305175781,102.86000061035156,7068500
2024-06-03,100.48046112060547,104.05999755859375,104.4000015258789,103.31999969482422,103.76000213623047,3030100
2024-06-04,100.89567565917969,104.48999786376953,105.01000213623047,103.41000366210938,103.91000366210938,2039200
2024-06-05,101.39778137207031,105.01000213623047,105.69000244140625,104.08999633789062,104.37999725341797,2202900
2024-06-06,101.05016326904297,104.6500015258789,105.25,104.2300033569336,104.6500015258789,1666300
2024-06-07,100.23906707763672,103.80999755859375,104.16000366210938,103.12999725341797,103.81999969482422,1967200
2024-06-10,99.96869659423828,103.52999877929688,105.25,103.44999694824219,104.55000305175781,2268000
2024-06-11,99.9011001586914,103.45999908447266,104.12000274658203,102.37000274658203,102.8499984741211,2346500
2024-06-12,99.3313980102539,102.87000274658203,105.2699966430664,102.5999984741211,105.2699966430664,2182100
2024-06-13,100.29700469970703,103.87000274658203,104.08000183105469,102.88999938964844,103.30000305175781,1883200
2024-06-14,100.46115112304688,104.04000091552734,104.47000122070312,103.18000030517578,103.8499984741211,1859500
2024-06-17,100.2197494506836,103.79000091552734,104.33000183105469,103.30000305175781,103.55000305175781,1900300
2024-06-18,100.36458587646484,103.94000244140625,104.26000213623047,102.94999694824219,103.80999755859375,2172600
2024-06-20,99.48589324951172,103.02999877929688,103.88999938964844,102.80000305175781,103.66999816894531,3080000
2024-06-21,98.80032348632812,102.31999969482422,103.3499984741211,101.80000305175781,102.93000030517578,17559600
2024-06-24,99.42796325683594,102.97000122070312,103.88999938964844,102.06999969482422,102.4000015258789,3349700
2024-06-25,97.45814514160156,100.93000030517578,103.08999633789062,100.45999908447266,102.9800033569336,3136500
2024-06-26,98.32718658447266,101.83000183105469,101.94000244140625,100.12999725341797,100.5199966430664,2846700
2024-06-27,99.79488372802734,103.3499984741211,103.58000183105469,101.97000122070312,102.05999755859375,2649600
2024-06-28,100.6639404296875,104.25,104.86000061035156,103.29000091552734,103.7699966430664,11688700
2024-07-01,100.42252349853516,104.0,104.77999877929688,102.94000244140625,104.23999786376953,2494100
2024-07-02,102.32476806640625,105.97000122070312,105.9800033569336,104.08000183105469,104.55000305175781,2775500
2024-07-03,101.72608947753906,105.3499984741211,106.2300033569336,105.16000366210938,105.91000366210938,1204800
2024-07-05,102.81721496582031,106.4800033569336,106.5,104.7300033569336,105.5,1626900
2024-07-08,100.82807159423828,104.41999816894531,105.94999694824219,104.27999877929688,105.7699966430664,3726300
2024-07-09,101.22398376464844,104.83000183105469,105.05000305175781,103.30000305175781,104.16000366210938,4672100
2024-07-10,100.95362091064453,104.55000305175781,105.41000366210938,102.91999816894531,105.2300033569336,2448000
2024-07-11,101.05016326904297,104.6500015258789,106.22000122070312,103.75,104.97000122070312,3071700
2024-07-12,100.61563873291016,104.19999694824219,104.98999786376953,103.36000061035156,104.95999908447266,3512500
2024-07-15,101.71643829345703,105.33999633789062,105.56999969482422,104.0999984741211,104.47000122070312,1811600
2024-07-16,102.2957992553711,105.94000244140625,106.37000274658203,105.33999633789062,105.9800033569336,2181700
2024-07-17,103.11656188964844,106.79000091552734,106.94000244140625,105.54000091552734,105.98999786376953,2144400
2024-07-18,102.30543518066406,105.94999694824219,107.58000183105469,105.58999633789062,106.2300033569336,1599300
2024-07-19,103.7152328491211,107.41000366210938,108.05999755859375,105.86000061035156,106.66000366210938,2100800
2024-07-22,104.89325714111328,108.62999725341797,108.66999816894531,106.9800033569336,107.38999938964844,1744100
2024-07-23,105.82023620605469,109.58999633789062,110.62999725341797,108.44999694824219,108.75,2601600
2024-07-24,105.78163146972656,109.55000305175781,111.38999938964844,109.06999969482422,109.58999633789062,2224200
2024-07-25,104.75807189941406,108.48999786376953,111.8499984741211,108.48999786376953,110.08999633789062,2572600
2024-07-26,106.00370788574219,109.77999877929688,110.48999786376953,108.23999786376953,108.5999984741211,2104700
2024-07-29,107.80938720703125,111.6500015258789,112.16000366210938,109.37000274658203,110.30000305175781,3316900
2024-07-30,108.37908935546875,112.23999786376953,115.33000183105469,111.20999908447266,113.97000122070312,3992200
2024-07-31,107.42314910888672,111.25,113.79000091552734,111.23999786376953,112.2300033569336,3178400
2024-08-01,108.52392578125,112.38999938964844,112.91999816894531,111.06999969482422,112.4000015258789,1967200
2024-08-02,108.88118743896484,112.76000213623047,114.62000274658203,111.94999694824219,112.37999725341797,2827000
2024-08-05,107.22035217285156,111.04000091552734,114.68000030517578,110.73999786376953,112.11000061035156,4104400
2024-08-06,111.0055160522461,114.95999908447266,115.86000061035156,111.27999877929688,111.62999725341797,3935800
2024-08-07,110.8703384399414,114.81999969482422,117.44000244140625,114.62000274658203,115.56999969482422,3426100
2024-08-08,111.74903106689453,115.7300033569336,116.4000015258789,114.37000274658203,114.7699966430664,2543400
2024-08-09,113.36158752441406,117.4000015258789,117.66999816894531,115.44999694824219,116.23999786376953,2209200
2024-08-12,113.25475311279297,116.62000274658203,117.79000091552734,115.7699966430664,116.94999694824219,2116900
2024-08-13,113.78887939453125,117.16999816894531,117.9800033569336,116.56999969482422,117.3499984741211,1740400
2024-08-14,114.11908721923828,117.51000213623047,118.62999725341797,117.06999969482422,117.06999969482422,2340400
2024-08-15,112.98283386230469,116.33999633789062,118.4800033569336,115.3499984741211,117.26000213623047,2462300
2024-08-16,112.57495880126953,115.91999816894531,116.45999908447266,115.33000183105469,116.31999969482422,3472500
2024-08-19,112.20592498779297,115.54000091552734,117.0,115.18000030517578,116.0,1681900
2024-08-20,113.07024383544922,116.43000030517578,116.83999633789062,115.48999786376953,115.73999786376953,1681900
2024-08-21,112.97313690185547,116.33000183105469,117.2300033569336,116.29000091552734,116.79000091552734,3016000
2024-08-22,114.42012786865234,117.81999969482422,117.87999725341797,116.5,116.5,1668700
2024-08-23,115.92540740966797,119.37000274658203,119.5,118.01000213623047,118.0999984741211,2221100
2024-08-26,115.79915618896484,119.23999786376953,120.22000122070312,118.87000274658203,119.51000213623047,1399200
2024-08-27,116.78971862792969,120.26000213623047,120.79000091552734,118.41999816894531,118.63999938964844,2356000
2024-08-28,117.57635498046875,121.06999969482422,121.4800033569336,120.37999725341797,120.38999938964844,2948800
2024-08-29,117.07134246826172,120.55000305175781,121.25,119.93000030517578,120.98999786376953,2011900
2024-08-30,117.19759368896484,120.68000030517578,121.69999694824219,119.95999908447266,120.91999816894531,7190700
2024-09-03,118.53778839111328,122.05999755859375,122.36000061035156,120.2300033569336,120.2300033569336,2888900
2024-09-04,120.88794708251953,124.4800033569336,124.87999725341797,122.18000030517578,122.25,4334100
2024-09-05,120.42179870605469,124.0,125.5,123.63999938964844,125.18000030517578,2608200
2024-09-06,121.00447845458984,124.5999984741211,124.83000183105469,123.0,123.86000061035156,2457000
2024-09-09,123.65570068359375,127.33000183105469,127.47000122070312,124.47000122070312,124.62000274658203,3460100
2024-09-10,125.29695129394531,129.02000427246094,129.11000061035156,126.33000183105469,127.87999725341797,2506300
2024-09-11,124.94732666015625,128.66000366210938,128.77999877929688,126.69000244140625,128.07000732421875,3995000
2024-09-12,125.1124267578125,128.8300018310547,128.92999267578125,127.05000305175781,128.02999877929688,3055700
2024-09-13,126.00587463378906,129.75,129.8699951171875,128.27999877929688,129.0500030517578,2100100
2024-09-16,125.45232391357422,129.17999267578125,131.30999755859375,129.10000610351562,130.97000122070312,2199400
2024-09-17,123.7819595336914,127.45999908447266,129.55999755859375,127.05999755859375,128.9499969482422,2110300
2024-09-18,123.98589324951172,127.66999816894531,128.72000122070312,126.77999877929688,127.63999938964844,2729300
2024-09-19,121.77169036865234,125.38999938964844,128.4600067138672,124.48999786376953,127.66000366210938,3091300
2024-09-20,121.6551513671875,125.2699966430664,126.30000305175781,123.05000305175781,123.9800033569336,10565700
2024-09-23,124.87934112548828,128.58999633789062,128.7100067138672,125.5,125.83000183105469,2410000
2024-09-24,123.91791534423828,127.5999984741211,128.38999938964844,126.8499984741211,127.12000274658203,2389700
2024-09-25,125.35520935058594,129.0800018310547,129.5399932861328,128.27000427246094,128.30999755859375,2777800
2024-09-26,122.89820861816406,126.55000305175781,129.0800018310547,126.11000061035156,128.9199981689453,3376000
2024-09-27,123.52944946289062,127.19999694824219,127.5199966430664,126.20999908447266,127.3499984741211,2286000
2024-09-30,124.33551025390625,128.02999877929688,128.02999877929688,126.19999694824219,126.83999633789062,3515400
2024-10-01,123.89849853515625,127.58000183105469,128.5,126.91000366210938,128.30999755859375,1981800
2024-10-02,123.36436462402344,127.02999877929688,127.97000122070312,126.12000274658203,126.41999816894531,2047400
2024-10-03,122.8108139038086,126.45999908447266,127.7699966430664,126.22000122070312,127.33999633789062,1702500
2024-10-04,121.936767578125,125.55999755859375,125.9000015258789,124.54000091552734,125.31999969482422,1966600
2024-10-07,120.68399810791016,124.2699966430664,125.52999877929688,123.98999786376953,124.91000366210938,2857600
2024-10-08,121.1695785522461,124.7699966430664,125.0,123.81999969482422,124.5,2092200
2024-10-09,120.75198364257812,124.33999633789062,124.87000274658203,123.23999786376953,124.80000305175781,2413600
2024-10-10,119.55748748779297,123.11000061035156,124.44999694824219,122.33999633789062,124.36000061035156,1722200
2024-10-11,121.5677490234375,125.18000030517578,125.30999755859375,123.5999984741211,124.33999633789062,1758300
2024-10-14,123.91791534423828,127.5999984741211,127.91000366210938,125.72000122070312,126.16999816894531,2195700
2024-10-15,125.52030181884766,129.25,130.0399932861328,128.10000610351562,128.47999572753906,2442800
2024-10-16,126.58855438232422,130.35000610351562,130.75,128.82000732421875,129.1999969482422,1560500
2024-10-17,126.96728515625,130.74000549316406,131.00999450683594,130.0,130.8000030517578,1971500
2024-10-18,128.4240264892578,132.24000549316406,132.27000427246094,130.72000122070312,131.4199981689453,2187200
2024-10-21,126.30693817138672,130.05999755859375,132.5399932861328,129.77999877929688,131.9499969482422,2416600
2024-10-22,126.3360595703125,130.08999633789062,130.6999969482422,129.25,129.47999572753906,1415900
2024-10-23,127.96758270263672,131.77000427246094,132.27000427246094,129.6699981689453,129.91000366210938,1676600
2024-10-24,128.22976684570312,132.0399932861328,132.4499969482422,131.10000610351562,131.44000244140625,1197200
2024-10-25,126.4428939819336,130.1999969482422,132.66000366210938,130.1300048828125,132.39999389648438,1837100
2024-10-28,126.80221557617188,130.57000732421875,131.5399932861328,129.92999267578125,130.7899932861328,2282300
2024-10-29,133.37686157226562,137.33999633789062,137.72999572753906,133.39999389648438,133.6199951171875,4160400
2024-10-30,134.45481872558594,138.4499969482422,139.8000030517578,136.9499969482422,137.4600067138672,3679200
2024-10-31,130.9878387451172,134.8800048828125,138.6199951171875,134.6300048828125,137.3800048828125,3980900
2024-11-01,129.42431640625,133.27000427246094,136.6699981689453,133.14999389648438,135.5399932861328,2217100
2024-11-04,130.43429565429688,134.30999755859375,134.8800048828125,133.36000061035156,133.6699981689453,2131800
2024-11-05,131.2209014892578,135.1199951171875,135.1699981689453,133.0500030517578,133.6999969482422,2355400
2024-11-06,129.812744140625,133.6699981689453,136.0,131.2100067138672,136.0,2928700
2024-11-07,132.96897888183594,136.9199981689453,137.52000427246094,133.4600067138672,133.91000366210938,2020800
2024-11-08,134.21202087402344,138.1999969482422,140.19000244140625,137.91000366210938,138.0,2484900
2024-11-11,133.6584930419922,137.6300048828125,138.7899932861328,136.89999389648438,138.1999969482422,2868500
2024-11-12,132.0366973876953,135.9600067138672,137.97000122070312,135.89999389648438,137.5800018310547,2377000
2024-11-13,131.70484924316406,134.9499969482422,137.30999755859375,134.77999877929688,136.6300048828125,3404800
2024-11-14,131.18760681152344,134.4199981689453,135.30999755859375,133.25999450683594,134.63999938964844,2215500
2024-11-15,132.74911499023438,136.02000427246094,136.25,133.80999755859375,133.91000366210938,1994300
2024-11-18,133.71530151367188,137.00999450683594,137.2100067138672,135.1999969482422,135.1999969482422,2330700
2024-11-19,134.857177734375,138.17999267578125,138.58999633789062,136.4199981689453,137.11000061035156,1652600
2024-11-20,134.09593200683594,137.39999389648438,138.47000122070312,137.16000366210938,137.55999755859375,1720000
2024-11-21,134.5644073486328,137.8800048828125,138.33999633789062,136.82000732421875,137.27000427246094,1831000
2024-11-22,134.5936737060547,137.91000366210938,139.33999633789062,137.3000030517578,138.82000732421875,1619100
2024-11-25,132.48562622070312,135.75,138.52000427246094,135.69000244140625,137.7899932861328,9474900
2024-11-26,135.61843872070312,138.9600067138672,139.10000610351562,136.0500030517578,136.57000732421875,2874700
2024-11-27,135.9502410888672,139.3000030517578,140.75,138.88999938964844,139.8300018310547,3352100
2024-11-29,134.857177734375,138.17999267578125,140.2899932861328,138.17999267578125,139.32000732421875,2149200
2024-12-02,130.8069610595703,134.02999877929688,137.8000030517578,133.49000549316406,137.38999938964844,2416300
2024-12-03,129.65533447265625,132.85000610351562,134.3800048828125,132.64999389648438,134.0,3142000
2024-12-04,130.37754821777344,133.58999633789062,134.3300018310547,132.25999450683594,132.91000366210938,3159900
2024-12-05,129.42111206054688,132.61000061035156,133.85000610351562,132.35000610351562,133.0800018310547,2468900
2024-12-06,128.21095275878906,131.3699951171875,133.1300048828125,130.3800048828125,132.11000061035156,2304700
2024-12-09,126.33709716796875,129.4499969482422,131.88999938964844,129.02999877929688,131.25,3808200
2024-12-10,126.16144561767578,129.27000427246094,131.00999450683594,128.80999755859375,129.69000244140625,2581500
2024-12-11,125.49778747558594,128.58999633789062,129.41000366210938,127.9800033569336,128.22000122070312,2252900
2024-12-12,125.35139465332031,128.44000244140625,130.22000122070312,128.44000244140625,128.8699951171875,1810900
2024-12-13,126.01505279541016,129.1199951171875,129.64999389648438,127.9000015258789,128.4499969482422,1955400
2024-12-16,125.60514068603516,128.6999969482422,130.49000549316406,128.66000366210938,129.5,2170600
2024-12-17,126.12238311767578,129.22999572753906,131.02000427246094,127.72000122070312,128.13999938964844,3497900
2024-12-18,122.5699234008789,125.58999633789062,129.94000244140625,125.4000015258789,128.7100067138672,4105100
2024-12-19,120.80345916748047,123.77999877929688,128.3800048828125,123.66000366210938,125.9800033569336,4629100
2024-12-20,121.64277648925781,124.63999938964844,126.5999984741211,123.25,124.58000183105469,11368600
2024-12-23,122.59920501708984,125.62000274658203,126.0199966430664,124.0199966430664,124.7699966430664,1871900
2024-12-24,123.54588317871094,126.58999633789062,126.88999938964844,125.0199966430664,125.0199966430664,1074800
2024-12-26,123.35070037841797,126.38999938964844,126.87000274658203,125.5999984741211,125.5999984741211,1079000
2024-12-27,121.9941177368164,125.0,126.43000030517578,124.70999908447266,125.5999984741211,2612200
2024-12-30,121.91605377197266,124.91999816894531,125.22000122070312,123.4800033569336,124.3499984741211,1255000
2024-12-31,122.99934387207031,126.02999877929688,126.2699966430664,124.75,125.94000244140625,2645400
2025-01-02,121.72085571289062,124.72000122070312,126.11000061035156,123.56999969482422,125.63999938964844,1716200
2025-01-03,122.79440307617188,125.81999969482422,126.18000030517578,124.45999908447266,124.91999816894531,2433700
2025-01-06,121.06697082519531,124.05000305175781,126.31999969482422,123.7699966430664,125.77999877929688,2136800
2025-01-07,121.25239562988281,124.23999786376953,125.58000183105469,123.66000366210938,124.7300033569336,2606300
2025-01-08,123.43853759765625,126.4800033569336,127.18000030517578,124.01000213623047,124.87000274658203,2353100
2025-01-10,121.77940368652344,124.77999877929688,126.2699966430664,123.11000061035156,125.12999725341797,3116200
2025-01-13,122.69680786132812,125.72000122070312,125.91000366210938,124.19000244140625,124.5,2392100
2025-01-14,123.81915283203125,126.87000274658203,127.0,125.69999694824219,125.73999786376953,1844300
2025-01-15,123.54588317871094,126.58999633789062,129.42999267578125,125.80999755859375,128.92999267578125,2525300
2025-01-16,125.6344223022461,128.72999572753906,128.80999755859375,126.5,126.68000030517578,1732900
2025-01-17,126.22974395751953,129.33999633789062,129.67999267578125,128.35000610351562,129.11000061035156,2726900
2025-01-21,130.45562744140625,133.6699981689453,134.25,129.6199951171875,129.6199951171875,3558100
2025-01-22,127.99623107910156,131.14999389648438,133.58999633789062,131.0800018310547,133.58999633789062,3666100
2025-01-23,129.06002807617188,132.24000549316406,132.38999938964844,130.7100067138672,131.10000610351562,3374700
2025-01-24,133.46157836914062,136.75,137.5800018310547,131.13999938964844,132.0,3504500
2025-01-27,135.1206817626953,138.4499969482422,139.2899932861328,136.2899932861328,136.5800018310547,3033900
2025-01-28,133.85194396972656,137.14999389648438,139.89999389648438,136.49000549316406,138.36000061035156,1989300
2025-01-29,131.68531799316406,134.92999267578125,138.1199951171875,134.3000030517578,137.14999389648438,1781800
2025-01-30,133.8812255859375,137.17999267578125,138.32000732421875,136.11000061035156,136.69000244140625,1906700
2025-01-31,133.19805908203125,136.47999572753906,137.8800048828125,136.02999877929688,137.10000610351562,1579200
2025-02-03,137.0042724609375,140.3800048828125,140.58999633789062,135.75,136.0,3399400
2025-02-04,135.52081298828125,138.86000061035156,140.22000122070312,137.7899932861328,139.57000732421875,2582000
2025-02-05,138.770751953125,142.19000244140625,142.85000610351562,139.3800048828125,140.32000732421875,2057100
2025-02-06,138.9659423828125,142.38999938964844,143.16000366210938,141.69000244140625,142.75,3072700
2025-02-07,139.1611328125,142.58999633789062,143.38999938964844,142.30999755859375,142.49000549316406,2065600
2025-02-10,139.66864013671875,143.11000061035156,143.83999633789062,140.8000030517578,142.19000244140625,2062100
2025-02-11,139.95164489746094,143.39999389648438,143.5800018310547,141.58999633789062,142.32000732421875,2555900
2025-02-12,142.9771270751953,146.5,148.5,142.0,144.5500030517578,3815200
2025-02-13,147.79832458496094,151.44000244140625,151.9600067138672,146.60000610351562,146.85000610351562,4201600
2025-02-14,146.36367797851562,149.97000122070312,151.7899932861328,149.05999755859375,151.5,1878600
2025-02-18,147.1737060546875,150.8000030517578,152.80999755859375,149.89999389648438,149.9600067138672,3116900
2025-02-19,146.1099090576172,149.7100067138672,150.77999877929688,149.27999877929688,150.72000122070312,2345200
2025-02-20,146.70526123046875,150.32000732421875,151.07000732421875,148.7899932861328,149.1300048828125,3321600
2025-02-21,145.00709533691406,148.5800018310547,151.0800018310547,147.2899932861328,150.3300018310547,3988500
2025-02-24,147.0175323486328,150.63999938964844,151.77000427246094,148.8300018310547,148.9199981689453,2320900
2025-02-25,148.75271606445312,151.74000549316406,152.58999633789062,149.44000244140625,150.35000610351562,3163400
2025-02-26,147.6841583251953,150.64999389648438,152.42999267578125,149.82000732421875,152.32000732421875,2045500
2025-02-27,148.53704833984375,151.52000427246094,152.19000244140625,149.97999572753906,150.57000732421875,2150500
2025-02-28,150.48785400390625,153.50999450683594,153.89999389648438,150.6999969482422,152.91000366210938,5298900
2025-03-03,153.77191162109375,156.86000061035156,157.1699981689453,152.50999450683594,153.49000549316406,3441400
2025-03-04,150.87017822265625,153.89999389648438,158.5500030517578,153.36000061035156,157.30999755859375,3030300
2025-03-05,151.80149841308594,154.85000610351562,155.52000427246094,152.27999877929688,152.27999877929688,2391000
2025-03-06,146.03724670410156,148.97000122070312,154.0,148.7899932861328,153.72000122070312,3740900
2025-03-07,144.54718017578125,147.4499969482422,149.82000732421875,146.22999572753906,149.2100067138672,3323900
2025-03-10,143.32177734375,146.1999969482422,146.8699951171875,143.5800018310547,145.44000244140625,3344800
2025-03-11,144.3903045654297,147.2899932861328,149.3300018310547,145.72000122070312,147.22000122070312,2461300
2025-03-12,144.4785614013672,147.3800048828125,148.4199981689453,146.07000732421875,148.17999267578125,2460900
2025-03-13,143.0178680419922,145.88999938964844,148.25,144.75,147.75,2079600
2025-03-14,144.9294891357422,147.83999633789062,148.2899932861328,145.3800048828125,146.0399932861328,2536200
2025-03-17,148.28213500976562,151.25999450683594,151.74000549316406,147.2100067138672,148.1699981689453,2206400
2025-03-18,147.0175323486328,149.97000122070312,152.60000610351562,149.7100067138672,151.0,2838000
2025-03-19,145.83135986328125,148.75999450683594,150.49000549316406,148.1199951171875,149.97000122070312,4881000
2025-03-20,144.97850036621094,147.88999938964844,149.14999389648438,147.3300018310547,148.75999450683594,4751300
2025-03-21,143.63548278808594,146.52000427246094,148.38999938964844,145.77999877929688,146.6199951171875,12752000
2025-03-24,146.89010620117188,149.83999633789062,150.83999633789062,146.9199981689453,147.77000427246094,4496300
2025-03-25,145.2529754638672,148.1699981689453,150.67999267578125,147.35000610351562,149.7100067138672,4511200
2025-03-26,146.89993286132812,149.85000610351562,150.1199951171875,147.97999572753906,148.4199981689453,1808700
2025-03-27,146.9685516357422,149.9199981689453,151.36000061035156,149.0399932861328,149.7899932861328,2849200
2025-03-28,150.39964294433594,153.4199981689453,153.74000549316406,150.82000732421875,150.9199981689453,2853000
2025-03-31,150.1937713623047,153.2100067138672,154.47000122070312,152.0399932861328,153.8699951171875,3708500
2025-04-01,151.11524963378906,154.14999389648438,154.47000122070312,151.8800048828125,154.0500030517578,3198000
2025-04-02,150.06631469726562,153.0800018310547,154.99000549316406,152.17999267578125,154.0,2464300
2025-04-03,149.4291229248047,152.42999267578125,157.39999389648438,151.8800048828125,153.25999450683594,4044200
2025-04-04,140.4690399169922,143.2899932861328,152.91000366210938,142.97999572753906,152.3000030517578,4825300
2025-04-07,136.07725524902344,138.80999755859375,145.1300048828125,136.63999938964844,140.10000610351562,5387700
2025-04-08,133.80294799804688,136.49000549316406,143.30999755859375,135.27000427246094,142.97999572753906,4786900
2025-04-09,138.70449829101562,141.49000549316406,142.1199951171875,130.2899932861328,134.72999572753906,4707300
2025-04-10,139.0181884765625,141.80999755859375,143.8800048828125,138.0500030517578,140.99000549316406,3412300
2025-04-11,139.86126708984375,142.6699981689453,143.1199951171875,139.08999633789062,141.39999389648438,2651400
2025-04-14,142.72378540039062,145.58999633789062,146.52000427246094,142.74000549316406,143.89999389648438,2576800
2025-04-15,143.7041015625,146.58999633789062,147.91000366210938,144.8000030517578,146.38999938964844,1930500
2025-04-16,142.76300048828125,145.6300048828125,147.8699951171875,144.9499969482422,146.52000427246094,2471000
2025-04-17,144.37071228027344,147.27000427246094,148.3800048828125,146.25999450683594,146.42999267578125,1951700
2025-04-21,140.8219757080078,143.64999389648438,147.27000427246094,141.5500030517578,146.75999450683594,2241800
2025-04-22,144.35110473632812,147.25,148.0,144.5500030517578,144.9499969482422,3386000
2025-04-23,144.74322509765625,147.64999389648438,148.89999389648438,146.35000610351562,147.3800048828125,1976400
2025-04-24,144.84124755859375,147.75,148.97000122070312,146.6199951171875,147.02999877929688,1684100
2025-04-25,144.0668182373047,146.9600067138672,148.9499969482422,145.89999389648438,148.0800018310547,1531000
2025-04-28,146.1156768798828,149.0500030517578,149.35000610351562,146.8800048828125,147.82000732421875,2397900
2025-04-29,148.49783325195312,151.47999572753906,152.82000732421875,149.88999938964844,152.6300048828125,4444400
2025-04-30,149.58596801757812,152.58999633789062,153.7899932861328,150.13999938964844,151.0399932861328,4269300
2025-05-01,147.3704833984375,150.3300018310547,151.7100067138672,148.89999389648438,151.5,2695000
2025-05-02,147.75279235839844,150.72000122070312,153.19000244140625,149.80999755859375,152.0399932861328,2367800
2025-05-05,147.95864868164062,150.92999267578125,151.61000061035156,149.4499969482422,151.07000732421875,2688700
2025-05-06,147.537109375,150.5,151.47000122070312,149.5,150.49000549316406,2528200
2025-05-07,148.360595703125,151.33999633789062,152.42999267578125,149.60000610351562,149.8699951171875,4334000
2025-05-08,145.3314208984375,148.25,152.0399932861328,148.05999755859375,151.30999755859375,2605000
2025-05-09,146.24310302734375,149.17999267578125,149.77999877929688,147.97999572753906,148.6699981689453,1764000
2025-05-12,142.76300048828125,145.6300048828125,149.27999877929688,142.97999572753906,149.10000610351562,3227600
2025-05-13,142.4198760986328,145.27999877929688,146.22999572753906,143.5500030517578,145.88999938964844,3284400
2025-05-14,141.22821044921875,143.39999389648438,144.2899932861328,142.64999389648438,144.22000122070312,3016200
2025-05-15,144.6653594970703,146.88999938964844,147.0,143.77999877929688,143.77999877929688,2396200
2025-05-16,146.46763610839844,148.72000122070312,148.72000122070312,146.5,147.27999877929688,2412600
2025-05-19,148.368408203125,150.64999389648438,150.7100067138672,147.61000061035156,148.41000366210938,2548700
2025-05-20,148.9297637939453,151.22000122070312,151.41000366210938,149.4199981689453,149.44000244140625,2681900
2025-05-21,146.05401611328125,148.3000030517578,152.11000061035156,148.05999755859375,151.5500030517578,2154100
2025-05-22,144.6752166748047,146.89999389648438,148.7899932861328,146.64999389648438,148.47000122070312,1987900
2025-05-23,146.91082763671875,149.1699981689453,149.72000122070312,147.49000549316406,148.16000366210938,2183300
2025-05-27,150.16085815429688,152.47000122070312,153.16000366210938,149.9199981689453,150.67999267578125,2342700
2025-05-28,149.4025115966797,151.6999969482422,152.08999633789062,149.89999389648438,151.47999572753906,2244700
2025-05-29,150.75177001953125,153.07000732421875,153.35000610351562,150.39999389648438,151.3800048828125,2720400
2025-05-30,151.9434356689453,154.27999877929688,154.91000366210938,152.0399932861328,153.1999969482422,7389900
2025-06-02,152.86920166015625,155.22000122070312,155.32000732421875,152.7899932861328,153.1999969482422,2094300
2025-06-03,149.8949432373047,152.1999969482422,155.6999969482422,151.39999389648438,155.3800048828125,2407500
2025-06-04,149.74720764160156,152.0500030517578,153.10000610351562,150.33999633789062,151.8800048828125,2572500
2025-06-05,150.7123565673828,153.02999877929688,153.9199981689453,150.55999755859375,152.0500030517578,2560000
2025-06-06,152.11087036132812,154.4499969482422,154.57000732421875,152.61000061035156,153.22000122070312,1912800
2025-06-09,148.03355407714844,150.30999755859375,153.8000030517578,148.60000610351562,152.1300048828125,4401300
2025-06-10,148.6146240234375,150.89999389648438,151.61000061035156,149.82000732421875,150.0,2394500
2025-06-11,147.96463012695312,150.24000549316406,151.5,148.6999969482422,150.60000610351562,2002800
2025-06-12,149.6093292236328,151.91000366210938,152.92999267578125,150.8699951171875,151.66000366210938,1562700
2025-06-13,150.09190368652344,152.39999389648438,152.44000244140625,150.49000549316406,151.97999572753906,2487400
2025-06-16,148.29946899414062,150.5800018310547,154.1300048828125,150.0500030517578,152.88999938964844,2207800
2025-06-17,149.5699462890625,151.8699951171875,152.05999755859375,149.6999969482422,150.82000732421875,4055700
2025-06-18,150.86009216308594,153.17999267578125,153.9199981689453,151.08999633789062,152.0,4257000
2025-06-20,148.94947814941406,151.24000549316406,154.1999969482422,151.13999938964844,152.91000366210938,11336500
2025-06-23,151.7858428955078,154.1199951171875,154.85000610351562,152.25,152.82000732421875,5187400
2025-06-24,151.9138946533203,154.25,155.38999938964844,152.5,153.25999450683594,4939900
2025-06-25,151.10629272460938,153.42999267578125,154.86000061035156,152.16000366210938,153.02999877929688,3107700
2025-06-26,151.15553283691406,153.47999572753906,156.22000122070312,151.72000122070312,155.00999450683594,3152100
2025-06-27,149.8260040283203,152.1300048828125,153.4199981689453,151.9199981689453,153.0800018310547,3373600
2025-06-30,151.4017791748047,153.72999572753906,153.8800048828125,150.00999450683594,151.8699951171875,4618400
2025-07-01,149.3040313720703,151.60000610351562,154.7899932861328,150.0,154.16000366210938,3232600
2025-07-02,148.427490234375,150.7100067138672,151.72999572753906,148.97000122070312,151.07000732421875,2921400
2025-07-03,150.45631408691406,152.77000427246094,153.10000610351562,150.1999969482422,151.80999755859375,1513900
2025-07-07,151.89419555664062,154.22999572753906,154.72999572753906,152.74000549316406,153.61000061035156,3114100
2025-07-08,149.4615936279297,151.75999450683594,154.0,150.52999877929688,153.4199981689453,2417800
2025-07-09,149.94418334960938,152.25,153.17999267578125,150.6999969482422,151.1699981689453,3122100
2025-07-10,150.4070587158203,152.72000122070312,153.61000061035156,150.77999877929688,151.80999755859375,2224000
2025-07-11,152.8101043701172,155.16000366210938,155.52000427246094,151.9199981689453,152.1199951171875,2455300
2025-07-14,155.67604064941406,158.07000732421875,158.22000122070312,155.35000610351562,155.35000610351562,2734000
2025-07-15,154.33663940429688,156.7100067138672,158.5500030517578,155.3300018310547,157.6300048828125,2104600
2025-07-16,155.16390991210938,157.5500030517578,158.41000366210938,156.22999572753906,157.52999877929688,1824400
2025-07-17,155.2427215576172,157.6300048828125,157.94000244140625,156.47000122070312,157.27999877929688,1484100
2025-07-18,156.64120483398438,159.0500030517578,159.57000732421875,156.9600067138672,157.52999877929688,1559600
2025-07-21,157.89198303222656,160.32000732421875,160.94000244140625,158.4600067138672,158.8000030517578,1475000
2025-07-22,158.65029907226562,161.08999633789062,161.49000549316406,159.82000732421875,160.67999267578125,1898500
2025-07-23,159.18212890625,161.6300048828125,161.74000549316406,159.66000366210938,160.6300048828125,1448900
2025-07-24,158.95559692382812,161.39999389648438,162.22999572753906,159.3800048828125,161.50999450683594,2417100
2025-07-25,159.11318969726562,161.55999755859375,162.25999450683594,160.1999969482422,161.19000244140625,1588000
2025-07-28,155.89268493652344,158.2899932861328,161.2899932861328,158.24000549316406,161.1999969482422,2178500
2025-07-29,163.44654846191406,165.9600067138672,167.1999969482422,160.50999450683594,162.47999572753906,5266900
2025-07-30,163.8601837158203,166.3800048828125,168.83999633789062,165.55999755859375,165.92999267578125,2461700
2025-07-31,162.57003784179688,165.07000732421875,167.32000732421875,164.8800048828125,165.80999755859375,2908400
2025-08-01,163.72232055664062,166.24000549316406,167.77999877929688,165.1199951171875,166.86000061035156,2413600
2025-08-04,166.2238311767578,168.77999877929688,169.0,165.7100067138672,165.72999572753906,2857900
2025-08-05,167.12005615234375,169.69000244140625,170.3000030517578,168.0,168.82000732421875,3127500
2025-08-06,166.40110778808594,168.9600067138672,171.08999633789062,168.86000061035156,169.74000549316406,3106300
2025-08-07,167.11019897460938,169.67999267578125,170.50999450683594,168.77999877929688,168.8800048828125,2663400
2025-08-08,165.48519897460938,168.02999877929688,170.88999938964844,168.02999877929688,170.1199951171875,1982300
2025-08-11,165.48519897460938,168.02999877929688,169.57000732421875,167.02000427246094,167.89999389648438,2484600
2025-08-12,163.01214599609375,164.7899932861328,167.4499969482422,162.19000244140625,167.4499969482422,2506800
2025-08-13,161.28102111816406,163.0399932861328,165.50999450683594,161.27000427246094,165.25999450683594,3029100
2025-08-14,160.13356018066406,161.8800048828125,164.36000061035156,161.74000549316406,163.5399932861328,1702700
2025-08-15,161.14254760742188,162.89999389648438,163.3300018310547,161.25999450683594,162.07000732421875,2490300
2025-08-18,160.6578369140625,162.41000366210938,164.41000366210938,162.0,163.27000427246094,1671100
2025-08-19,161.80532836914062,163.57000732421875,163.61000061035156,162.2899932861328,162.41000366210938,1691800
2025-08-20,164.19921875,165.99000549316406,167.32000732421875,164.4600067138672,164.4600067138672,2127800
2025-08-21,165.1389617919922,166.94000244140625,167.8000030517578,165.42999267578125,165.6199951171875,2285200
2025-08-22,162.65603637695312,164.42999267578125,168.47000122070312,163.97000122070312,167.86000061035156,2798400
2025-08-25,163.1209716796875,164.89999389648438,165.99000549316406,164.47999572753906,164.52999877929688,1333000
2025-08-26,164.0508270263672,165.83999633789062,166.60000610351562,164.10000610351562,165.0,3632100
2025-08-27,165.9402313232422,167.75,168.14999389648438,166.07000732421875,166.25,1794300
2025-08-28,165.59400939941406,167.39999389648438,168.5,166.66000366210938,167.42999267578125,2114900
2025-08-29,166.46450805664062,168.27999877929688,168.55999755859375,167.2899932861328,167.5,1689700
2025-09-02,165.93032836914062,167.74000549316406,169.27000427246094,166.97999572753906,168.08999633789062,2666600
2025-09-03,165.62367248535156,167.42999267578125,169.47000122070312,167.13999938964844,167.47999572753906,2090900
2025-09-04,165.8709716796875,167.67999267578125,168.91000366210938,166.1699981689453,168.25,2161000
2025-09-05,166.0094757080078,167.82000732421875,168.58999633789062,164.3300018310547,168.36000061035156,2700800
2025-09-08,167.53285217285156,169.36000061035156,170.99000549316406,166.9600067138672,167.80999755859375,2679700
2025-09-09,167.0283660888672,168.85000610351562,169.6199951171875,168.1699981689453,169.02000427246094,2136600
2025-09-10,166.27655029296875,168.08999633789062,170.49000549316406,168.00999450683594,168.83999633789062,2045200
2025-09-11,166.65245056152344,168.47000122070312,169.22000122070312,167.52999877929688,168.22999572753906,1816900
2025-09-12,167.3053436279297,169.1300048828125,169.6699981689453,168.07000732421875,168.42999267578125,1981800
2025-09-15,167.0976104736328,168.9199981689453,170.41000366210938,168.5800018310547,169.3000030517578,2074500
2025-09-16,163.42762756347656,165.2100067138672,169.14999389648438,164.92999267578125,169.00999450683594,2715700
2025-09-17,164.1200714111328,165.91000366210938,167.0,164.3300018310547,165.3300018310547,3769200
2025-09-18,164.7333984375,166.52999877929688,167.72000122070312,166.10000610351562,166.1999969482422,3695600
2025-09-19,163.4078369140625,165.19000244140625,168.1999969482422,164.8800048828125,166.77000427246094,20205200
2025-09-22,165.61378479003906,167.4199981689453,167.74000549316406,164.5399932861328,165.4499969482422,3535100
2025-09-23,170.68844604492188,172.5500030517578,172.7100067138672,167.8800048828125,168.47000122070312,3126300
2025-09-24,169.12548828125,170.97000122070312,173.22000122070312,170.80999755859375,172.50999450683594,3678800
2025-09-25,169.8476104736328,171.6999969482422,172.69000244140625,170.88999938964844,171.4600067138672,2776300
2025-09-26,173.01307678222656,174.89999389648438,175.10000610351562,172.36000061035156,172.49000549316406,3167600
2025-09-29,174.29905700683594,176.1999969482422,177.22999572753906,174.24000549316406,175.0,3427100
2025-09-30,176.21812438964844,178.13999938964844,178.5399932861328,176.52999877929688,176.52999877929688,4692300
2025-10-01,177.44476318359375,179.3800048828125,180.39999389648438,177.94000244140625,178.3699951171875,3106400
2025-10-02,173.6066131591797,175.5,179.3699951171875,174.88999938964844,178.9199981689453,3059000
2025-10-03,173.15158081054688,175.0399932861328,176.60000610351562,175.0,175.3800048828125,2001400
2025-10-06,172.26129150390625,174.13999938964844,175.44000244140625,173.14999389648438,174.0399932861328,1932200
2025-10-07,171.1335906982422,173.0,174.0,171.7899932861328,173.86000061035156,2241600
2025-10-08,167.31521606445312,169.13999938964844,172.80999755859375,168.8800048828125,172.47000122070312,3116800
2025-10-09,165.46539306640625,167.27000427246094,170.07000732421875,166.47999572753906,169.58999633789062,2420300
2025-10-10,164.14974975585938,165.94000244140625,167.9600067138672,165.52000427246094,167.02000427246094,2538100
2025-10-13,165.04994201660156,166.85000610351562,166.88999938964844,163.75,165.55999755859375,2155400
2025-10-14,167.51307678222656,169.33999633789062,169.47999572753906,166.8800048828125,166.8800048828125,3481500
2025-10-15,170.48069763183594,172.33999633789062,173.36000061035156,168.8300018310547,169.0,2862500
2025-10-16,170.2235107421875,172.0800018310547,173.72000122070312,171.25,173.5800018310547,2631000
2025-10-17,173.2010498046875,175.08999633789062,175.66000366210938,172.5,172.63999938964844,3152400
2025-10-20,175.79278564453125,177.7100067138672,177.94000244140625,175.07000732421875,176.3300018310547,1901700
2025-10-21,173.230712890625,175.1199951171875,178.6300048828125,173.1300048828125,178.42999267578125,3450300
2025-10-22,174.0418701171875,175.94000244140625,176.60000610351562,174.72000122070312,175.86000061035156,1571800
2025-10-23,174.16058349609375,176.05999755859375,177.25999450683594,174.89999389648438,176.4499969482422,1832400
2025-10-24,176.02029418945312,177.94000244140625,179.6199951171875,176.35000610351562,176.7899932861328,1893800
2025-10-27,180.63990783691406,182.61000061035156,182.8699951171875,177.52999877929688,178.3300018310547,3371300
2025-10-28,177.7613067626953,179.6999969482422,189.52999877929688,177.5500030517578,189.52999877929688,5371100
2025-10-29,175.05087280273438,176.9600067138672,183.5399932861328,174.91000366210938,179.0399932861328,4807100
2025-10-30,178.9285888671875,180.8800048828125,181.52000427246094,177.4499969482422,177.77000427246094,2802000
2025-10-31,179.0868377685547,181.0399932861328,181.83999633789062,178.19000244140625,179.47999572753906,4039900
2025-11-03,180.35305786132812,182.32000732421875,182.77000427246094,179.24000549316406,179.77999877929688,2926400
2025-11-04,182.36114501953125,184.35000610351562,184.89999389648438,180.97000122070312,183.30999755859375,2578100
2025-11-05,184.33956909179688,186.35000610351562,188.1199951171875,185.19000244140625,186.02000427246094,3129600
2025-11-06,185.7343292236328,187.75999450683594,188.92999267578125,185.4199981689453,187.08999633789062,3826900
2025-11-07,188.19747924804688,190.25,190.67999267578125,186.22999572753906,188.02999877929688,3319400
2025-11-10,189.73675537109375,191.05999755859375,192.1199951171875,189.0,189.64999389648438,3429100
2025-11-11,190.97808837890625,192.30999755859375,192.7899932861328,189.72000122070312,191.41000366210938,2139400
2025-11-12,190.312744140625,191.63999938964844,192.80999755859375,191.02000427246094,191.75,3879400
2025-11-13,189.74668884277344,191.07000732421875,192.61000061035156,190.11000061035156,192.13999938964844,3181900
2025-11-14,192.47763061523438,193.82000732421875,194.8300018310547,191.52999877929688,192.4499969482422,2794100
2025-11-17,195.90374755859375,197.27000427246094,197.42999267578125,194.22000122070312,194.63999938964844,5516700
2025-11-18,196.9166717529297,198.2899932861328,200.63999938964844,197.3699951171875,197.99000549316406,3990300
2025-11-19,195.5363006591797,196.89999389648438,199.64999389648438,196.25999450683594,197.1999969482422,2842000
2025-11-20,196.2115936279297,197.5800018310547,201.4199981689453,197.07000732421875,198.19000244140625,5023000
2025-11-21,198.54530334472656,199.92999267578125,200.25,194.63999938964844,197.77999877929688,4471600
2025-11-24,200.89891052246094,202.3000030517578,203.17999267578125,199.1999969482422,199.92999267578125,6147600
2025-11-25,203.17303466796875,204.58999633789062,205.3300018310547,201.5500030517578,201.8699951171875,2830000
2025-11-26,204.82154846191406,206.25,207.00999450683594,202.72000122070312,204.5,2292100
2025-11-28,206.7779083251953,208.22000122070312,209.0500030517578,206.22000122070312,206.75999450683594,1311200
2025-12-01,202.48782348632812,203.89999389648438,208.1199951171875,203.72000122070312,207.60000610351562,2573000
2025-12-02,201.79266357421875,203.1999969482422,204.75,202.35000610351562,204.19000244140625,2576500
2025-12-03,200.5215301513672,201.9199981689453,203.22999572753906,200.8000030517578,202.77000427246094,2639600
2025-12-04,202.45803833007812,203.8699951171875,205.5500030517578,201.07000732421875,201.86000061035156,2544800
2025-12-05,202.8949737548828,204.30999755859375,205.0399932861328,203.0500030517578,204.39999389648438,2731900
2025-12-08,199.48873901367188,200.8800048828125,204.86000061035156,200.50999450683594,204.52000427246094,3807800
2025-12-09,194.4439239501953,195.8000030517578,203.3800048828125,195.42999267578125,201.47000122070312,3422600
2025-12-10,189.74668884277344,191.07000732421875,197.2100067138672,190.72000122070312,196.63999938964844,3744100
2025-12-11,183.68893432617188,184.97000122070312,190.58999633789062,183.60000610351562,190.2899932861328,7107100
2025-12-12,185.43673706054688,186.72999572753906,187.92999267578125,185.00999450683594,186.1300048828125,4236500
2025-12-15,189.1508331298828,190.47000122070312,191.00999450683594,187.8300018310547,188.02000427246094,3914800
2025-12-16,189.08131408691406,190.39999389648438,193.17999267578125,189.92999267578125,190.58999633789062,2852700
2025-12-17,187.8498992919922,189.16000366210938,191.52000427246094,188.1199951171875,190.07000732421875,4458000
2025-12-18,186.1914825439453,187.49000549316406,190.02000427246094,184.67999267578125,188.86000061035156,4167400
2025-12-19,184.7217254638672,186.00999450683594,188.4199981689453,185.75999450683594,187.41000366210938,16159300
2025-12-22,185.13880920410156,186.42999267578125,187.24000549316406,185.11000061035156,186.49000549316406,2320400
2025-12-23,185.5658416748047,186.86000061035156,187.49000549316406,185.25999450683594,186.1699981689453,2406200
2025-12-24,186.4000244140625,187.6999969482422,187.74000549316406,186.4600067138672,186.86000061035156,818900
2025-12-26,186.5589141845703,187.86000061035156,188.07000732421875,186.39999389648438,187.35000610351562,995100
2025-12-29,188.3265838623047,189.63999938964844,189.77000427246094,188.02999877929688,188.86000061035156,1660500
2025-12-30,186.69793701171875,188.0,190.83999633789062,187.74000549316406,190.42999267578125,1668800
2025-12-31,184.32449340820312,185.61000061035156,188.39999389648438,185.27000427246094,188.25,2372500
2026-01-02,185.64527893066406,186.94000244140625,186.99000549316406,183.6699981689453,185.61000061035156,2186100
2026-01-05,183.45057678222656,184.72999572753906,187.02999877929688,181.91000366210938,187.02000427246094,3650900
2026-01-06,184.37416076660156,185.66000366210938,186.6999969482422,183.5500030517578,183.99000549316406,3579800
2026-01-07,184.3642120361328,185.64999389648438,188.9199981689453,185.49000549316406,186.0,2609200
2026-01-08,185.0196533203125,186.30999755859375,187.02000427246094,182.97000122070312,186.1300048828125,2429400
2026-01-09,184.79124450683594,186.0800018310547,190.0,185.72999572753906,186.91000366210938,2757900
2026-01-12,185.38706970214844,186.67999267578125,189.74000549316406,186.4199981689453,186.82000732421875,2420800
2026-01-13,186.9462127685547,188.25,188.6199951171875,185.61000061035156,186.5,2603900
2026-01-14,187.4030303955078,188.7100067138672,189.24000549316406,186.25,188.17999267578125,2388500
2026-01-15,186.87669372558594,188.17999267578125,192.0500030517578,187.6999969482422,189.67999267578125,2276300
2026-01-16,190.05453491210938,191.3800048828125,191.94000244140625,187.00999450683594,187.83999633789062,3239300
2026-01-20,186.69793701171875,188.0,192.19000244140625,187.61000061035156,191.10000610351562,5219000
2026-01-21,184.7117919921875,186.0,189.5,185.22999572753906,188.72999572753906,3758800
2026-01-22,180.6997833251953,181.9600067138672,186.4600067138672,181.55999755859375,186.0800018310547,3977600
2026-01-23,182.40785217285156,183.67999267578125,184.0500030517578,181.50999450683594,181.97000122070312,4668000
2026-01-26,182.35821533203125,183.6300048828125,184.60000610351562,182.4600067138672,184.0,3661400
2026-01-27,182.2191925048828,183.49000549316406,184.99000549316406,182.61000061035156,184.49000549316406,2499100
2026-01-28,182.6660614013672,183.94000244140625,185.85000610351562,182.57000732421875,183.25,2419500
2026-01-29,184.40394592285156,185.69000244140625,187.27999877929688,183.35000610351562,184.85000610351562,2617800
2026-01-30,187.05545043945312,188.36000061035156,188.89999389648438,184.38999938964844,185.24000549316406,2794900
2026-02-02,186.1318817138672,187.42999267578125,189.60000610351562,187.27999877929688,188.4600067138672,3222800
2026-02-03,186.201416015625,187.5,187.77999877929688,181.47000122070312,187.0800018310547,2950200
2026-02-04,184.1953887939453,185.47999572753906,189.2100067138672,185.10000610351562,188.16000366210938,2199200
2026-02-05,189.73675537109375,191.05999755859375,192.10000610351562,185.75999450683594,185.75999450683594,2489300
2026-02-06,194.56307983398438,195.9199981689453,196.30999755859375,191.66000366210938,192.91000366210938,2944300
2026-02-09,195.88388061523438,197.25,198.85000610351562,196.02999877929688,196.35000610351562,2933800
2026-02-10,199.44900512695312,200.83999633789062,201.13999938964844,196.77999877929688,197.1999969482422,3302200
2026-02-11,206.4402618408203,207.8800048828125,212.6199951171875,205.36000061035156,205.36000061035156,5781200
2026-02-12,206.69845581054688,208.13999938964844,212.17999267578125,207.0,209.02000427246094,6736400
2026-02-13,209.26058959960938,210.72000122070312,211.86000061035156,207.8300018310547,208.3800048828125,3587500
2026-02-17,213.9876251220703,215.47999572753906,216.42999267578125,211.41000366210938,212.00999450683594,4838100
2026-02-18,207.1453399658203,208.58999633789062,215.55999755859375,208.22000122070312,214.83999633789062,4433500
2026-02-19,206.56935119628906,208.00999450683594,210.17999267578125,207.00999450683594,209.3800048828125,2163600
2026-02-20,206.74810791015625,208.19000244140625,209.72000122070312,206.67999267578125,208.85000610351562,1954200
2026-02-23,208.0887451171875,209.5399932861328,211.5,207.3800048828125,208.7100067138672,2416800
2026-02-24,207.85043334960938,209.3000030517578,210.14999389648438,206.32000732421875,209.72999572753906,2511700
2026-02-25,207.54147338867188,208.25,210.85000610351562,207.57000732421875,208.25999450683594,2276900
2026-02-26,207.74078369140625,208.4499969482422,209.8699951171875,207.08999633789062,208.4600067138672,2192700
2026-02-27,206.41531372070312,207.1199951171875,211.13999938964844,207.08999633789062,209.02999877929688,6204200
2026-03-02,209.44497680664062,210.16000366210938,210.44000244140625,207.1300048828125,207.86000061035156,3751500
2026-03-03,207.29232788085938,208.0,209.0,205.3699951171875,207.6699981689453,2430800
2026-03-04,206.146240234375,206.85000610351562,208.11000061035156,205.5800018310547,207.55999755859375,3085600
2026-03-05,204.35235595703125,205.0500030517578,206.02999877929688,199.1999969482422,205.27999877929688,4166600
2026-03-06,203.59494018554688,204.2899932861328,205.30999755859375,200.4199981689453,202.32000732421875,2453700
2026-03-09,206.97340393066406,207.67999267578125,208.24000549316406,202.61000061035156,202.86000061035156,3757500
2026-03-10,207.01327514648438,207.72000122070312,210.67999267578125,205.22999572753906,206.9499969482422,2818800
2026-03-11,204.63140869140625,205.3300018310547,207.60000610351562,204.44000244140625,207.4600067138672,2134900
2026-03-12,205.49844360351562,206.1999969482422,207.19000244140625,203.16000366210938,204.61000061035156,3064400
2026-03-13,207.11294555664062,207.82000732421875,210.1199951171875,206.32000732421875,207.88999938964844,2793100
2026-03-16,209.46490478515625,210.17999267578125,211.0,208.44000244140625,209.67999267578125,2938500
2026-03-17,212.4347686767578,213.16000366210938,214.5500030517578,211.0399932861328,212.5,3530200
2026-03-18,208.4982147216797,209.2100067138672,213.97000122070312,209.14999389648438,212.75,3093400
2026-03-19,205.38882446289062,206.08999633789062,210.94000244140625,205.4499969482422,208.6300048828125,2535200
2026-03-20,195.2733612060547,195.94000244140625,205.1199951171875,194.3000030517578,205.0500030517578,9165200
2026-03-23,194.3365478515625,195.0,199.85000610351562,194.6699981689453,198.80999755859375,3598100
2026-03-24,195.94107055664062,196.61000061035156,198.25,192.66000366210938,193.33999633789062,2598700
2026-03-25,196.0606689453125,196.72999572753906,198.52999877929688,195.6300048828125,196.5,3036100
2026-03-26,194.86474609375,195.52999877929688,197.61000061035156,194.64999389648438,195.00999450683594,1970400
2026-03-27,195.10394287109375,195.77000427246094,197.97999572753906,194.2899932861328,195.05999755859375,2192700
2026-03-30,194.63552856445312,195.3000030517578,198.6699981689453,194.88999938964844,197.92999267578125,2530000
2026-03-31,197.03733825683594,197.7100067138672,199.1999969482422,194.27999877929688,196.11000061035156,3425200
2026-04-01,198.1834259033203,198.86000061035156,200.33999633789062,196.92999267578125,197.75,3150300
2026-04-02,201.64161682128906,202.3300018310547,202.3800048828125,198.83999633789062,198.83999633789062,2225900
2026-04-06,200.22645568847656,200.91000366210938,203.08999633789062,200.74000549316406,201.61000061035156,1528800
2026-04-07,200.8941650390625,201.5800018310547,202.3800048828125,199.3000030517578,200.82000732421875,1931800
2026-04-08,204.0035400390625,204.6999969482422,205.36000061035156,201.97000122070312,202.5399932861328,3545300
2026-04-09,205.63796997070312,206.33999633789062,210.82000732421875,203.6699981689453,204.47000122070312,2771900
2026-04-10,206.8837127685547,207.58999633789062,207.8300018310547,205.89999389648438,206.1300048828125,2418400
2026-04-13,206.2658233642578,206.97000122070312,208.8800048828125,205.3000030517578,207.64999389648438,2546900
2026-04-14,210.27215576171875,210.99000549316406,211.0399932861328,204.7899932861328,206.0399932861328,1926700
2026-04-15,210.61099243164062,211.3300018310547,211.47000122070312,208.4499969482422,210.32000732421875,2276400
2026-04-16,213.78016662597656,214.50999450683594,214.83999633789062,211.25999450683594,211.47000122070312,1906300
2026-04-17,209.8037567138672,210.52000427246094,214.99000549316406,210.00999450683594,213.97000122070312,3276100
2026-04-20,208.7373809814453,209.4499969482422,211.02999877929688,208.1300048828125,210.58999633789062,2124000
2026-04-21,205.68780517578125,206.38999938964844,209.38999938964844,201.3699951171875,209.24000549316406,3664800
2026-04-22,199.0205535888672,199.6999969482422,207.0,198.8800048828125,206.38999938964844,3522500
2026-04-23,207.53150939941406,208.24000549316406,208.5500030517578,200.02999877929688,200.85000610351562,2332900
2026-04-24,208.03976440429688,208.75,211.58999633789062,207.72999572753906,208.1300048828125,2272100
2026-04-27,209.2855224609375,210.0,210.89999389648438,205.02000427246094,206.39999389648438,2114000
2026-04-28,213.50112915039062,214.22999572753906,214.8300018310547,208.9499969482422,208.9499969482422,2974900
2026-04-29,211.368408203125,212.08999633789062,219.58999633789062,211.41000366210938,214.52000427246094,3651400
2026-04-30,216.6005401611328,217.33999633789062,218.5800018310547,210.6300048828125,211.4600067138672,4137900
2026-05-01,216.17201232910156,216.91000366210938,218.80999755859375,216.0,217.36000061035156,2480600
2026-05-04,216.40122985839844,217.13999938964844,218.5399932861328,215.44000244140625,215.61000061035156,3875100
2026-05-05,213.57089233398438,214.3000030517578,217.97999572753906,212.0,217.97999572753906,2666500
2026-05-06,215.73350524902344,216.47000122070312,216.77999877929688,213.02000427246094,214.2100067138672,2328800
2026-05-07,212.22547912597656,212.9499969482422,215.9600067138672,208.6699981689453,215.30999755859375,2732800
2026-05-08,213.89976501464844,214.6300048828125,217.6699981689453,213.25,213.25,2734400
2026-05-11,214.1090545654297,214.83999633789062,217.57000732421875,213.17999267578125,215.0,2631900
2026-05-12,216.75999450683594,217.5,218.13999938964844,213.52000427246094,213.86000061035156,2931800
2026-05-13,220.13999938964844,220.13999938964844,221.67999267578125,215.60000610351562,215.8699951171875,3465800
2026-05-14,217.75,217.75,221.41000366210938,216.88999938964844,221.41000366210938,2901300
2026-05-15,213.74000549316406,213.74000549316406,218.1199951171875,213.2100067138672,218.1199951171875,4531000
2026-05-18,212.61000061035156,212.61000061035156,215.39999389648438,211.77999877929688,212.91000366210938,1992200
2026-05-19,218.0,218.0,218.0,212.02999877929688,212.02999877929688,7048700
2026-05-20,218.61000061035156,218.61000061035156,220.5,214.33999633789062,218.2899932861328,5114400
2026-05-21,216.00999450683594,216.00999450683594,217.99000549316406,214.63999938964844,217.52000427246094,4191500
2026-05-22,216.1699981689453,216.1699981689453,218.39999389648438,215.24000549316406,218.0,2291900
2026-05-26,218.1300048828125,218.1300048828125,219.75,215.72999572753906,217.5800018310547,3242600
2026-05-27,214.17999267578125,214.17999267578125,217.80999755859375,214.11000061035156,216.99000549316406,2713400
2026-05-28,210.2899932861328,210.2899932861328,215.50999450683594,209.2899932861328,213.94000244140625,3089000
2026-05-29,205.3300018310547,205.3300018310547,210.8699951171875,205.3300018310547,209.99000549316406,10334500
2026-06-01,197.36000061035156,197.36000061035156,207.39999389648438,197.3300018310547,205.02999877929688,3483400
2026-06-02,195.35000610351562,195.35000610351562,198.4600067138672,194.6699981689453,197.25,3348400
2026-06-03,199.58999633789062,199.58999633789062,200.9199981689453,195.2899932861328,195.32000732421875,5469500
2026-06-04,200.85000610351562,200.85000610351562,204.00999450683594,198.25,202.30999755859375,2844500
2026-06-05,206.92999267578125,206.92999267578125,210.41000366210938,200.0,200.8800048828125,3176800
2026-06-08,200.0,200.0,208.24000549316406,198.97000122070312,207.1199951171875,2905600
2026-06-09,206.77000427246094,206.77000427246094,207.89999389648438,199.02000427246094,201.80999755859375,3160200
2026-06-10,211.36000061035156,211.36000061035156,212.83999633789062,207.89999389648438,208.6999969482422,3111300
2026-06-11,210.6699981689453,210.6699981689453,214.3300018310547,210.52999877929688,212.58999633789062,3807200
2026-06-12,214.22999572753906,214.22999572753906,214.9199981689453,211.9499969482422,212.22000122070312,2264100
2026-06-15,212.82000732421875,212.82000732421875,215.6199951171875,211.64999389648438,212.64999389648438,4469500
2026-06-16,213.5,213.5,215.72999572753906,212.05999755859375,213.4499969482422,2354300
2026-06-17,206.5500030517578,206.5500030517578,214.1699981689453,206.30999755859375,213.19000244140625,4854700
2026-06-18,206.64999389648438,206.64999389648438,208.52000427246094,202.89999389648438,208.52000427246094,8060800
2026-06-22,211.4499969482422,211.4499969482422,212.49000549316406,206.2100067138672,207.8000030517578,3643700
2026-06-23,217.6699981689453,217.6699981689453,219.0,211.66000366210938,213.05999755859375,3593400
2026-06-24,221.42999267578125,221.42999267578125,223.94000244140625,217.10000610351562,218.85000610351562,5355900
2026-06-25,223.72999572753906,223.72999572753906,224.47000122070312,219.3300018310547,221.67999267578125,2824200
2026-06-26,227.3300018310547,227.3300018310547,228.52999877929688,223.0399932861328,227.02999877929688,4944800
2026-06-29,227.72999572753906,227.72999572753906,228.02999877929688,223.9199981689453,227.24000549316406,2592600
2026-06-30,226.97000122070312,226.97000122070312,230.07000732421875,225.16000366210938,226.30999755859375,4464500
2026-07-01,230.19000244140625,230.19000244140625,231.85000610351562,226.97000122070312,227.60000610351562,2735900
2026-07-02,236.05999755859375,236.05999755859375,236.05999755859375,229.22000122070312,231.14999389648438,4131900
2026-07-06,232.69000244140625,232.69000244140625,236.33999633789062,231.00999450683594,235.8699951171875,2857700
2026-07-07,237.58999633789062,237.58999633789062,239.11000061035156,233.27000427246094,234.52999877929688,4197800
2026-07-08,233.89999389648438,233.89999389648438,238.0,233.80999755859375,236.6199951171875,2557500
2026-07-09,232.1199951171875,232.1199951171875,234.6999969482422,231.7100067138672,233.6699981689453,1654800
2026-07-10,231.58999633789062,231.58999633789062,233.00999450683594,228.3699951171875,232.72999572753906,2531000
2026-07-13,234.5500030517578,234.5500030517578,235.72999572753906,230.89999389648438,233.1699981689453,1903000
2026-07-14,236.0,236.0,237.22000122070312,234.0,235.39999389648438,3324300
2026-07-15,233.2899932861328,233.2899932861328,238.02999877929688,232.32000732421875,236.69000244140625,2548200
2026-07-16,241.49000549316406,241.49000549316406,241.7899932861328,233.8699951171875,234.25999450683594,2711300
2026-07-17,243.25,243.25,246.42999267578125,242.22999572753906,244.07000732421875,2792400
2026-07-20,244.83999633789062,244.83999633789062,245.36000061035156,242.67999267578125,243.4600067138672,2603600
2026-07-21,246.3699951171875,246.3699951171875,247.4499969482422,242.27000427246094,242.27000427246094,2694300
2026-07-22,245.0399932861328,245.0399932861328,247.35000610351562,244.16000366210938,247.24000549316406,2019300
2026-07-23,247.0500030517578,247.0500030517578,250.1199951171875,243.50999450683594,244.92999267578125,2831600
2026-07-24,252.07000732421875,252.07000732421875,252.94000244140625,246.02999877929688,248.47999572753906,3312300
