Date,Adj Close,Close,High,Low,Open,Volume
2015-01-02,39.736106872558594,54.70000076293945,55.189998626708984,54.189998626708984,55.11000061035156,11700900
2015-01-05,38.64646911621094,53.20000076293945,54.36000061035156,53.099998474121094,54.13999938964844,15000500
2015-01-06,37.84012222290039,52.09000015258789,53.470001220703125,51.849998474121094,53.349998474121094,20211200
2015-01-07,38.06532669067383,52.400001525878906,52.63999938964844,52.11000061035156,52.630001068115234,15714700
2015-01-08,38.90800094604492,53.560001373291016,53.59000015258789,52.959999084472656,53.0,16721600
2015-01-09,38.26871871948242,52.68000030517578,53.59000015258789,52.66999816894531,53.540000915527344,14550800
2015-01-12,37.81106948852539,52.04999923706055,52.689998626708984,51.709999084472656,52.58000183105469,16967500
2015-01-13,37.6657829284668,51.849998474121094,52.529998779296875,51.25,52.29999923706055,25080900
2015-01-14,37.22991943359375,51.25,51.72999954223633,50.41999816894531,51.0,37590100
2015-01-15,36.84490203857422,50.720001220703125,51.540000915527344,50.459999084472656,51.209999084472656,32144700
2015-01-16,37.513214111328125,51.63999938964844,51.70000076293945,50.5099983215332,50.529998779296875,23174900
2015-01-20,37.77473449707031,52.0,52.29999923706055,51.70000076293945,51.97999954223633,17691000
2015-01-21,37.84738540649414,52.099998474121094,52.70000076293945,51.709999084472656,51.9900016784668,17928300
2015-01-22,39.06053924560547,53.77000045776367,53.81999969482422,52.47999954223633,52.4900016784668,21488700
2015-01-23,38.69004440307617,53.2599983215332,53.97999954223633,53.2400016784668,53.72999954223633,17779700
2015-01-26,38.92251205444336,53.58000183105469,53.599998474121094,52.88999938964844,52.90999984741211,13429400
2015-01-27,38.47939682006836,52.970001220703125,53.34000015258789,52.56999969482422,52.93000030517578,14351600
2015-01-28,37.890968322753906,52.15999984741211,53.36000061035156,52.150001525878906,53.310001373291016,18775100
2015-01-29,38.32683181762695,52.7599983215332,52.900001525878906,51.900001525878906,52.2400016784668,16700000
2015-01-30,37.71661376953125,51.91999816894531,52.77000045776367,51.900001525878906,52.20000076293945,21754800
2015-02-02,38.363162994384766,52.810001373291016,52.90999984741211,51.9900016784668,52.189998626708984,17714500
2015-02-03,38.82807922363281,53.45000076293945,53.529998779296875,52.970001220703125,53.0099983215332,20258900
2015-02-04,38.776878356933594,53.029998779296875,53.5,52.900001525878906,53.029998779296875,14435600
2015-02-05,39.244869232177734,53.66999816894531,53.84000015258789,53.220001220703125,53.2400016784668,13281900
2015-02-06,39.81523513793945,54.45000076293945,55.08000183105469,53.83000183105469,54.119998931884766,19317000
2015-02-09,39.639732360839844,54.209999084472656,54.45000076293945,54.08000183105469,54.27000045776367,9739200
2015-02-10,39.90297317504883,54.56999969482422,54.709999084472656,54.220001220703125,54.619998931884766,12342500
2015-02-11,39.413063049316406,53.900001525878906,54.2599983215332,53.65999984741211,54.060001373291016,18296800
2015-02-12,40.11503601074219,54.86000061035156,54.900001525878906,53.970001220703125,54.189998626708984,20159500
2015-02-13,40.45871353149414,55.33000183105469,55.560001373291016,54.810001373291016,54.97999954223633,18809000
2015-02-17,40.48794937133789,55.369998931884766,55.459999084472656,54.95000076293945,55.310001373291016,11908600
2015-02-18,39.866416931152344,54.52000045776367,55.20000076293945,54.400001525878906,55.09000015258789,13231600
2015-02-19,39.89566421508789,54.560001373291016,54.81999969482422,54.130001068115234,54.40999984741211,10784600
2015-02-20,40.09310531616211,54.83000183105469,54.939998626708984,54.029998779296875,54.40999984741211,15049100
2015-02-23,40.290523529052734,55.099998474121094,55.11000061035156,54.27000045776367,54.68000030517578,13715000
2015-02-24,40.48794937133789,55.369998931884766,55.540000915527344,55.02000045776367,55.189998626708984,11957800
2015-02-25,40.45871353149414,55.33000183105469,55.58000183105469,55.2400016784668,55.38999938964844,10516900
2015-02-26,40.327083587646484,55.150001525878906,55.349998474121094,54.959999084472656,55.220001220703125,13579100
2015-02-27,40.063846588134766,54.790000915527344,55.279998779296875,54.790000915527344,54.81999969482422,12937000
2015-03-02,40.61958694458008,55.54999923706055,55.560001373291016,54.720001220703125,54.790000915527344,12988500
2015-03-03,40.546451568603516,55.45000076293945,55.58000183105469,55.13999938964844,55.45000076293945,11759600
2015-03-04,40.085777282714844,54.81999969482422,55.20000076293945,54.66999816894531,55.16999816894531,16653300
2015-03-05,40.100399017333984,54.84000015258789,55.0099983215332,54.650001525878906,54.939998626708984,9576100
2015-03-06,39.91759490966797,54.59000015258789,55.4900016784668,54.5099983215332,54.97999954223633,17298400
2015-03-09,39.976097106933594,54.66999816894531,55.0099983215332,54.630001068115234,54.779998779296875,11937900
2015-03-10,38.96701431274414,53.290000915527344,54.16999816894531,53.290000915527344,54.15999984741211,18723200
2015-03-11,39.266815185546875,53.70000076293945,53.9900016784668,53.599998474121094,53.869998931884766,16612900
2015-03-12,40.648834228515625,55.59000015258789,55.63999938964844,54.20000076293945,54.52000045776367,26266900
2015-03-13,40.466026306152344,55.34000015258789,55.650001525878906,55.02000045776367,55.4900016784668,17591400
2015-03-16,40.751190185546875,55.72999954223633,55.81999969482422,55.33000183105469,55.5,15505200
2015-03-17,40.88282012939453,55.90999984741211,55.97999954223633,55.2599983215332,55.5,13107700
2015-03-18,41.07295227050781,56.16999816894531,56.279998779296875,55.4900016784668,55.68000030517578,20000500
2015-03-19,40.59032440185547,55.5099983215332,55.97999954223633,55.2400016784668,55.95000076293945,14841100
2015-03-20,40.95594024658203,56.0099983215332,56.209999084472656,55.52000045776367,55.529998779296875,26487200
2015-03-23,40.78775405883789,55.779998779296875,56.290000915527344,55.72999954223633,56.029998779296875,16477400
2015-03-24,40.47333526611328,55.349998474121094,55.869998931884766,55.349998474121094,55.70000076293945,13927400
2015-03-25,39.88102722167969,54.540000915527344,55.36000061035156,54.540000915527344,55.2599983215332,15413700
2015-03-26,39.85179138183594,54.5,54.75,53.970001220703125,54.349998474121094,15038600
2015-03-27,39.57393264770508,54.119998931884766,54.599998474121094,53.959999084472656,54.540000915527344,13600300
2015-03-30,40.04920959472656,54.77000045776367,55.02000045776367,54.38999938964844,54.38999938964844,11706700
2015-03-31,39.7786750793457,54.400001525878906,54.689998626708984,54.189998626708984,54.470001220703125,13306200
2015-04-01,39.44229507446289,53.939998626708984,54.41999816894531,53.779998779296875,54.41999816894531,15436900
2015-04-02,39.756717681884766,54.369998931884766,54.47999954223633,53.81999969482422,53.95000076293945,13498900
2015-04-06,39.544681549072266,54.08000183105469,54.369998931884766,53.560001373291016,53.81999969482422,10786100
2015-04-07,39.50080490112305,54.02000045776367,54.38999938964844,53.97999954223633,54.279998779296875,10853700
2015-04-08,39.48617172241211,54.0,54.36000061035156,53.83000183105469,53.97999954223633,9828700
2015-04-09,39.62511444091797,54.189998626708984,54.290000915527344,53.72999954223633,54.060001373291016,10279400
2015-04-10,39.72016525268555,54.31999969482422,54.47999954223633,54.060001373291016,54.33000183105469,9531500
2015-04-13,39.91759490966797,54.59000015258789,54.72999954223633,54.279998779296875,54.33000183105469,14931600
2015-04-14,39.62511444091797,54.189998626708984,54.470001220703125,53.56999969482422,53.93000030517578,29289600
2015-04-15,40.078468322753906,54.810001373291016,54.90999984741211,54.189998626708984,54.369998931884766,16899900
2015-04-16,40.078468322753906,54.810001373291016,55.06999969482422,54.34000015258789,54.529998779296875,15643200
2015-04-17,39.52273941040039,54.04999923706055,54.560001373291016,53.97999954223633,54.40999984741211,17569700
2015-04-20,39.749427795410156,54.36000061035156,54.66999816894531,54.16999816894531,54.34000015258789,13327200
2015-04-21,39.69091796875,54.279998779296875,54.849998474121094,54.189998626708984,54.54999923706055,10954200
2015-04-22,39.976097106933594,54.66999816894531,54.90999984741211,54.15999984741211,54.310001373291016,13563800
2015-04-23,40.11503601074219,54.86000061035156,55.119998931884766,54.40999984741211,54.40999984741211,14657800
2015-04-24,39.9980354309082,54.70000076293945,54.91999816894531,54.61000061035156,54.7599983215332,15268100
2015-04-27,40.1954460144043,54.970001220703125,55.5,54.709999084472656,54.790000915527344,19852400
2015-04-28,40.517215728759766,55.40999984741211,55.43000030517578,54.869998931884766,54.90999984741211,13028300
2015-04-29,40.55376434326172,55.459999084472656,55.7599983215332,55.08000183105469,55.16999816894531,18144500
2015-04-30,40.290523529052734,55.099998474121094,55.650001525878906,54.779998779296875,55.650001525878906,16577800
2015-05-01,40.356346130371094,55.189998626708984,55.58000183105469,54.959999084472656,55.2599983215332,12069400
2015-05-04,40.751190185546875,55.72999954223633,55.77000045776367,55.2599983215332,55.27000045776367,9981800
2015-05-05,40.74388885498047,55.720001220703125,56.20000076293945,55.599998474121094,55.72999954223633,17068100
2015-05-06,40.431007385253906,54.91999816894531,55.599998474121094,54.45000076293945,55.43000030517578,15670700
2015-05-07,40.350032806396484,54.810001373291016,55.189998626708984,54.61000061035156,54.959999084472656,14723100
2015-05-08,41.26288604736328,56.04999923706055,56.04999923706055,55.09000015258789,55.16999816894531,17477500
2015-05-11,40.86536407470703,55.5099983215332,55.959999084472656,55.439998626708984,55.91999816894531,12922100
2015-05-12,40.835906982421875,55.470001220703125,55.63999938964844,55.0,55.310001373291016,11705900
2015-05-13,40.931610107421875,55.599998474121094,55.83000183105469,55.369998931884766,55.470001220703125,11448100
2015-05-14,41.255531311035156,56.040000915527344,56.130001068115234,55.720001220703125,55.95000076293945,11025400
2015-05-15,40.87271499633789,55.52000045776367,56.040000915527344,55.29999923706055,56.040000915527344,13323200
2015-05-18,41.04204559326172,55.75,55.97999954223633,55.54999923706055,55.58000183105469,10637300
2015-05-19,41.520572662353516,56.400001525878906,56.70000076293945,55.88999938964844,55.900001525878906,17194100
2015-05-20,41.28498077392578,56.08000183105469,56.369998931884766,55.93000030517578,56.31999969482422,13292000
2015-05-21,41.23344039916992,56.0099983215332,56.18000030517578,55.83000183105469,55.90999984741211,13466700
2015-05-22,41.22608947753906,56.0,56.22999954223633,55.9900016784668,56.040000915527344,8568800
2015-05-26,40.97577667236328,55.65999984741211,56.0,55.459999084472656,55.970001220703125,15859100
2015-05-27,41.27761459350586,56.06999969482422,56.310001373291016,55.709999084472656,55.91999816894531,12526100
2015-05-28,41.38067626953125,56.209999084472656,56.29999923706055,55.88999938964844,56.11000061035156,10348700
2015-05-29,41.19664001464844,55.959999084472656,56.2599983215332,55.68000030517578,56.25,17291500
2015-06-01,41.255531311035156,56.040000915527344,56.4900016784668,55.79999923706055,56.2400016784668,15746200
2015-06-02,41.35859680175781,56.18000030517578,56.45000076293945,55.7400016784668,56.0099983215332,13148700
2015-06-03,41.89600372314453,56.90999984741211,57.20000076293945,56.349998474121094,56.349998474121094,16197700
2015-06-04,41.32915496826172,56.13999938964844,56.88999938964844,55.93000030517578,56.529998779296875,17627100
2015-06-05,41.67515563964844,56.61000061035156,57.220001220703125,56.400001525878906,57.040000915527344,16890300
2015-06-08,41.31442642211914,56.119998931884766,56.939998626708984,56.119998931884766,56.939998626708984,14248400
2015-06-09,41.74140548706055,56.70000076293945,56.93000030517578,56.0,56.22999954223633,14669900
2015-06-10,42.116859436035156,57.209999084472656,57.56999969482422,56.90999984741211,56.97999954223633,18622400
2015-06-11,42.153663635253906,57.2599983215332,57.56999969482422,57.06999969482422,57.2599983215332,13943300
2015-06-12,42.02851867675781,57.09000015258789,57.290000915527344,56.7400016784668,57.130001068115234,13439000
2015-06-15,41.94752883911133,56.97999954223633,57.06999969482422,56.47999954223633,56.650001525878906,12920600
2015-06-16,42.12422561645508,57.220001220703125,57.2400016784668,56.72999954223633,56.849998474121094,10476100
2015-06-17,42.087425231933594,57.16999816894531,57.54999923706055,57.099998474121094,57.310001373291016,17497700
2015-06-18,42.47759246826172,57.70000076293945,57.84000015258789,57.189998626708984,57.290000915527344,18299900
2015-06-19,41.99907302856445,57.04999923706055,57.56999969482422,57.04999923706055,57.41999816894531,36241100
2015-06-22,42.63219451904297,57.90999984741211,58.040000915527344,57.529998779296875,57.58000183105469,15111200
2015-06-23,42.61747360229492,57.88999938964844,58.2599983215332,57.7599983215332,58.0,13354200
2015-06-24,42.35980224609375,57.540000915527344,58.150001525878906,57.540000915527344,57.66999816894531,16166600
2015-06-25,42.087425231933594,57.16999816894531,57.790000915527344,57.130001068115234,57.75,14053600
2015-06-26,42.286190032958984,57.439998626708984,57.58000183105469,57.290000915527344,57.34000015258789,16975900
2015-06-29,41.27024841308594,56.060001373291016,57.189998626708984,56.0099983215332,56.79999923706055,19289700
2015-06-30,41.402774810791016,56.2400016784668,56.880001068115234,55.9900016784668,56.540000915527344,17346700
2015-07-01,41.89600372314453,56.90999984741211,57.20000076293945,56.61000061035156,57.09000015258789,12165300
2015-07-02,41.77085876464844,56.7400016784668,57.13999938964844,56.52000045776367,56.84000015258789,10106800
2015-07-06,41.54999923706055,56.439998626708984,56.529998779296875,56.0099983215332,56.099998474121094,11682100
2015-07-07,41.41013717651367,56.25,56.470001220703125,55.08000183105469,56.31999969482422,15831800
2015-07-08,40.67395782470703,55.25,56.16999816894531,55.209999084472656,55.84000015258789,12906600
2015-07-09,40.85798263549805,55.5,56.150001525878906,55.439998626708984,56.060001373291016,13623200
2015-07-10,41.28498077392578,56.08000183105469,56.459999084472656,55.86000061035156,56.33000183105469,13269600
2015-07-13,41.77085876464844,56.7400016784668,56.7599983215332,56.41999816894531,56.560001373291016,15521800
2015-07-14,42.14630889892578,57.25,57.369998931884766,56.38999938964844,56.459999084472656,20066300
2015-07-15,42.53648376464844,57.779998779296875,58.15999984741211,57.2599983215332,57.40999984741211,17159400
2015-07-16,42.823585510253906,58.16999816894531,58.349998474121094,57.97999954223633,58.2400016784668,13194500
2015-07-17,42.65427780151367,57.939998626708984,58.04999923706055,57.4900016784668,57.970001220703125,12963900
2015-07-20,42.735267639160156,58.04999923706055,58.290000915527344,57.880001068115234,57.9900016784668,10084900
2015-07-21,42.66163635253906,57.95000076293945,58.369998931884766,57.75,58.02000045776367,12504300
2015-07-22,43.08126449584961,58.52000045776367,58.59000015258789,57.9900016784668,58.06999969482422,14871100
2015-07-23,42.8530387878418,58.209999084472656,58.77000045776367,58.06999969482422,58.72999954223633,13582200
2015-07-24,42.53648376464844,57.779998779296875,58.34000015258789,57.70000076293945,58.18000030517578,13157300
2015-07-27,42.39661407470703,57.59000015258789,57.84000015258789,57.34000015258789,57.47999954223633,15495300
2015-07-28,42.256744384765625,57.400001525878906,57.84000015258789,57.15999984741211,57.72999954223633,16730600
2015-07-29,42.66900634765625,57.959999084472656,58.130001068115234,57.41999816894531,57.599998474121094,13718400
2015-07-30,42.808876037597656,58.150001525878906,58.189998626708984,57.720001220703125,57.849998474121094,9864800
2015-07-31,42.60273742675781,57.869998931884766,58.25,57.790000915527344,58.22999954223633,12369800
2015-08-03,42.63219451904297,57.90999984741211,58.06999969482422,57.5,58.06999969482422,13085900
2015-08-04,42.56593704223633,57.81999969482422,58.15999984741211,57.709999084472656,57.77000045776367,12324700
2015-08-05,42.71782302856445,57.650001525878906,58.02000045776367,57.47999954223633,57.810001373291016,12032500
2015-08-06,42.6289176940918,57.529998779296875,57.95000076293945,57.40999984741211,57.650001525878906,12556600
2015-08-07,42.58445739746094,57.470001220703125,57.86000061035156,57.040000915527344,57.56999969482422,13596200
2015-08-10,42.932716369628906,57.939998626708984,57.97999954223633,57.68000030517578,57.79999923706055,12397500
2015-08-11,42.39179229736328,57.209999084472656,57.54999923706055,56.97999954223633,57.22999954223633,15425500
2015-08-12,42.02872848510742,56.720001220703125,56.95000076293945,56.20000076293945,56.900001525878906,21663200
2015-08-13,42.154685974121094,56.88999938964844,57.130001068115234,56.630001068115234,56.75,11868600
2015-08-14,42.48070526123047,57.33000183105469,57.369998931884766,56.81999969482422,56.88999938964844,9742500
2015-08-17,42.495540618896484,57.349998474121094,57.5,56.93000030517578,57.02000045776367,11462500
2015-08-18,42.636329650878906,57.540000915527344,57.720001220703125,57.27000045776367,57.40999984741211,10581500
2015-08-19,42.280643463134766,57.060001373291016,57.54999923706055,56.95000076293945,57.279998779296875,13744600
2015-08-20,41.58412170410156,56.119998931884766,56.58000183105469,56.11000061035156,56.459999084472656,20857700
2015-08-21,39.99100875854492,53.970001220703125,55.779998779296875,53.959999084472656,55.33000183105469,31954400
2015-08-24,37.975528717041016,51.25,53.2400016784668,47.75,49.20000076293945,40198100
2015-08-25,37.064109802246094,50.02000045776367,53.650001525878906,50.0,53.54999923706055,31041800
2015-08-26,38.75356674194336,52.29999923706055,52.40999984741211,50.58000183105469,51.560001373291016,30235800
2015-08-27,40.035465240478516,54.029998779296875,54.099998474121094,52.880001068115234,53.439998626708984,26452500
2015-08-28,39.67238998413086,53.540000915527344,53.93000030517578,53.040000915527344,53.75,18342200
2015-08-31,39.51677703857422,53.33000183105469,53.560001373291016,53.060001373291016,53.400001525878906,13842200
2015-09-01,37.78287124633789,50.9900016784668,52.31999969482422,50.529998779296875,52.11000061035156,28031700
2015-09-02,38.52385330200195,51.9900016784668,52.4900016784668,51.27000045776367,52.4900016784668,20919600
2015-09-03,38.84989547729492,52.43000030517578,53.0,52.220001220703125,52.38999938964844,15719000
2015-09-04,38.00516891479492,51.290000915527344,51.81999969482422,50.7599983215332,51.79999923706055,22303800
2015-09-08,39.22037887573242,52.93000030517578,52.97999954223633,51.97999954223633,52.650001525878906,19685400
2015-09-09,38.67203903198242,52.189998626708984,53.70000076293945,52.02000045776367,53.61000061035156,16221500
2015-09-10,38.946231842041016,52.560001373291016,52.86000061035156,51.79999923706055,52.06999969482422,17996200
2015-09-11,38.99067687988281,52.619998931884766,52.65999984741211,52.029998779296875,52.34000015258789,12549400
2015-09-14,39.101829528808594,52.77000045776367,52.880001068115234,52.40999984741211,52.630001068115234,16225600
2015-09-15,39.620513916015625,53.470001220703125,53.790000915527344,52.81999969482422,53.040000915527344,14305500
2015-09-16,39.80575942993164,53.720001220703125,53.88999938964844,52.900001525878906,53.52000045776367,15218500
2015-09-17,38.68687438964844,52.209999084472656,53.90999984741211,52.029998779296875,53.70000076293945,25025800
2015-09-18,37.819915771484375,51.040000915527344,51.47999954223633,50.70000076293945,51.27000045776367,39561600
2015-09-21,38.197818756103516,51.54999923706055,51.75,51.18000030517578,51.52000045776367,16673300
2015-09-22,37.560577392578125,50.689998626708984,51.150001525878906,50.33000183105469,50.869998931884766,21761300
2015-09-23,37.62726593017578,50.779998779296875,50.939998626708984,50.5,50.880001068115234,12521200
2015-09-24,37.45683288574219,50.54999923706055,50.68000030517578,49.79999923706055,50.09000015258789,17064300
2015-09-25,38.14594650268555,51.47999954223633,51.869998931884766,51.06999969482422,51.36000061035156,18394800
2015-09-28,37.323455810546875,50.369998931884766,51.29999923706055,50.20000076293945,51.06999969482422,17647900
2015-09-29,37.70875930786133,50.88999938964844,50.959999084472656,50.0,50.470001220703125,20816400
2015-09-30,38.049617767333984,51.349998474121094,51.720001220703125,50.70000076293945,51.630001068115234,20514800
2015-10-01,38.11631774902344,51.439998626708984,51.86000061035156,50.91999816894531,51.5099983215332,15556600
2015-10-02,37.982940673828125,51.2599983215332,51.290000915527344,49.5099983215332,50.279998779296875,21630300
2015-10-05,38.8350715637207,52.40999984741211,52.56999969482422,51.5,51.709999084472656,15240700
2015-10-06,38.55349349975586,52.029998779296875,52.540000915527344,51.91999816894531,52.18000030517578,14490700
2015-10-07,38.67203903198242,52.189998626708984,52.72999954223633,51.90999984741211,52.4900016784668,13863500
2015-10-08,38.931392669677734,52.540000915527344,52.59000015258789,51.77000045776367,52.22999954223633,15384100
2015-10-09,38.6349983215332,52.13999938964844,53.06999969482422,51.97999954223633,53.02000045776367,16983100
2015-10-12,38.66463088989258,52.18000030517578,52.43000030517578,51.75,52.119998931884766,10639000
2015-10-13,38.42752456665039,51.86000061035156,52.310001373291016,51.709999084472656,52.02000045776367,16002200
2015-10-14,38.16077423095703,51.5,51.900001525878906,50.7400016784668,51.70000076293945,26269100
2015-10-15,39.04254150390625,52.689998626708984,52.70000076293945,51.7599983215332,51.97999954223633,18262400
2015-10-16,39.1833381652832,52.880001068115234,53.189998626708984,52.5099983215332,53.150001525878906,15676300
2015-10-19,38.946231842041016,52.560001373291016,53.0099983215332,52.45000076293945,52.7599983215332,15515700
2015-10-20,39.331539154052734,53.08000183105469,53.290000915527344,52.58000183105469,52.619998931884766,13583300
2015-10-21,39.36117172241211,53.119998931884766,53.86000061035156,53.029998779296875,53.040000915527344,17666700
2015-10-22,40.05769729614258,54.060001373291016,54.45000076293945,53.400001525878906,53.400001525878906,18263200
2015-10-23,40.568973541259766,54.75,54.79999923706055,54.11000061035156,54.34000015258789,16924800
2015-10-26,40.22812271118164,54.290000915527344,54.810001373291016,54.15999984741211,54.7599983215332,12661400
2015-10-27,40.1021614074707,54.119998931884766,54.33000183105469,53.81999969482422,53.97999954223633,12443900
2015-10-28,41.087650299072266,55.45000076293945,55.5,54.16999816894531,54.2400016784668,16681600
2015-10-29,40.82090759277344,55.09000015258789,55.56999969482422,54.90999984741211,55.38999938964844,11334900
2015-10-30,40.116981506347656,54.13999938964844,55.06999969482422,54.029998779296875,55.06999969482422,18450500
2015-11-02,40.64308547973633,54.849998474121094,55.02000045776367,54.130001068115234,54.209999084472656,10992300
2015-11-03,40.702354431152344,54.93000030517578,55.150001525878906,54.45000076293945,54.68000030517578,10709100
2015-11-04,40.721004486083984,54.58000183105469,54.75,54.380001068115234,54.560001373291016,12823600
2015-11-05,40.929901123046875,54.86000061035156,55.08000183105469,54.349998474121094,54.349998474121094,12263900
2015-11-06,41.668521881103516,55.849998474121094,56.34000015258789,55.560001373291016,56.040000915527344,22376800
2015-11-09,41.385013580322266,55.470001220703125,56.220001220703125,55.13999938964844,56.08000183105469,17609700
2015-11-10,41.71329879760742,55.90999984741211,55.959999084472656,55.22999954223633,55.29999923706055,13475900
2015-11-11,41.631221771240234,55.79999923706055,56.16999816894531,55.5099983215332,56.130001068115234,10808500
2015-11-12,41.16120529174805,55.16999816894531,55.75,55.16999816894531,55.52000045776367,17552200
2015-11-13,40.713539123535156,54.56999969482422,55.36000061035156,54.33000183105469,55.02000045776367,16550200
2015-11-16,41.23579788208008,55.27000045776367,55.27000045776367,54.400001525878906,54.47999954223633,11955400
2015-11-17,41.004520416259766,54.959999084472656,55.4900016784668,54.84000015258789,55.33000183105469,11331900
2015-11-18,41.53423309326172,55.66999816894531,55.77000045776367,54.970001220703125,55.060001373291016,16612600
2015-11-19,41.758060455322266,55.970001220703125,56.06999969482422,55.459999084472656,55.77000045776367,12167600
2015-11-20,41.646148681640625,55.81999969482422,56.2599983215332,55.720001220703125,56.2599983215332,16264100
2015-11-23,41.481998443603516,55.599998474121094,56.040000915527344,55.560001373291016,55.900001525878906,9638100
2015-11-24,41.24325942993164,55.279998779296875,55.47999954223633,54.88999938964844,55.13999938964844,14156500
2015-11-25,41.19850158691406,55.220001220703125,55.52000045776367,55.099998474121094,55.459999084472656,10034400
2015-11-27,41.32532501220703,55.38999938964844,55.470001220703125,54.97999954223633,55.34000015258789,4914000
2015-11-30,41.10896301269531,55.099998474121094,55.689998626708984,55.099998474121094,55.459999084472656,15998900
2015-12-01,41.56406784057617,55.709999084472656,55.77000045776367,55.27000045776367,55.5099983215332,15543400
2015-12-02,41.09403991699219,55.08000183105469,55.79999923706055,55.0,55.79999923706055,12779900
2015-12-03,40.4375,54.20000076293945,55.220001220703125,54.029998779296875,55.130001068115234,15410100
2015-12-04,41.53423309326172,55.66999816894531,55.880001068115234,54.310001373291016,54.47999954223633,19647700
2015-12-07,41.347721099853516,55.41999816894531,55.560001373291016,55.02000045776367,55.45000076293945,17991600
2015-12-08,40.58672332763672,54.400001525878906,55.209999084472656,54.279998779296875,54.97999954223633,19949500
2015-12-09,40.377811431884766,54.119998931884766,54.939998626708984,53.709999084472656,54.119998931884766,18499600
2015-12-10,40.54195785522461,54.34000015258789,54.9900016784668,53.880001068115234,54.25,14075300
2015-12-11,39.773494720458984,53.310001373291016,53.939998626708984,52.9900016784668,53.45000076293945,17815700
2015-12-14,39.69141387939453,53.20000076293945,53.56999969482422,52.75,53.31999969482422,22055100
2015-12-15,40.96721649169922,54.90999984741211,55.119998931884766,53.810001373291016,53.83000183105469,19056700
2015-12-16,41.668521881103516,55.849998474121094,56.040000915527344,54.81999969482422,55.209999084472656,21086800
2015-12-17,41.385013580322266,55.470001220703125,56.2400016784668,55.470001220703125,56.11000061035156,18800500
2015-12-18,40.13160705566406,53.790000915527344,55.150001525878906,53.790000915527344,55.0,31468600
2015-12-21,40.3032112121582,54.02000045776367,54.540000915527344,53.54999923706055,54.29999923706055,12993400
2015-12-22,40.54195785522461,54.34000015258789,54.5,53.70000076293945,54.36000061035156,10318100
2015-12-23,41.064208984375,55.040000915527344,55.060001373291016,54.459999084472656,54.599998474121094,13033600
2015-12-24,40.90005874633789,54.81999969482422,55.09000015258789,54.709999084472656,54.970001220703125,4999400
2015-12-28,40.79560852050781,54.68000030517578,54.779998779296875,54.16999816894531,54.54999923706055,8288800
2015-12-29,41.25071716308594,55.290000915527344,55.349998474121094,54.9900016784668,55.11000061035156,7894900
2015-12-30,40.95228958129883,54.88999938964844,55.310001373291016,54.790000915527344,55.27000045776367,8016900
2015-12-31,40.55686950683594,54.36000061035156,54.95000076293945,54.220001220703125,54.5099983215332,10929800
2016-01-04,39.47505187988281,52.90999984741211,53.27000045776367,52.29999923706055,53.09000015258789,25985400
2016-01-05,39.46012878417969,52.88999938964844,53.27000045776367,52.54999923706055,52.93000030517578,14759600
2016-01-06,38.70659637451172,51.880001068115234,52.619998931884766,51.83000183105469,52.119998931884766,20026400
2016-01-07,37.602386474609375,50.400001525878906,51.189998626708984,50.150001525878906,51.0099983215332,30425600
2016-01-08,36.97568130493164,49.560001373291016,50.86000061035156,49.459999084472656,50.79999923706055,22981400
2016-01-11,37.3711051940918,50.09000015258789,50.33000183105469,49.63999938964844,50.18000030517578,19046400
2016-01-12,38.3186149597168,51.36000061035156,51.52000045776367,50.45000076293945,50.880001068115234,28961500
2016-01-13,37.10251998901367,49.72999954223633,51.79999923706055,49.5,51.72999954223633,22013500
2016-01-14,37.78144836425781,50.63999938964844,51.0,49.599998474121094,50.08000183105469,24569800
2016-01-15,36.423583984375,48.81999969482422,49.63999938964844,48.130001068115234,48.59000015258789,41090400
2016-01-19,35.968482971191406,48.209999084472656,49.540000915527344,47.9900016784668,49.25,29918500
2016-01-20,35.714813232421875,47.869998931884766,48.25,46.880001068115234,47.279998779296875,40241100
2016-01-21,35.819252014160156,48.0099983215332,49.04999923706055,47.90999984741211,48.029998779296875,24272900
2016-01-22,36.572811126708984,49.02000045776367,49.27000045776367,48.560001373291016,49.029998779296875,18298700
2016-01-25,35.558143615722656,47.65999984741211,48.97999954223633,47.619998931884766,48.90999984741211,23440800
2016-01-26,36.00578689575195,48.2599983215332,48.560001373291016,47.65999984741211,47.75,18895100
2016-01-27,36.2370719909668,48.56999969482422,49.29999923706055,48.130001068115234,48.29999923706055,20441500
2016-01-28,36.49820327758789,48.91999816894531,49.400001525878906,48.599998474121094,49.099998474121094,21306600
2016-01-29,37.475563049316406,50.22999954223633,50.25,49.16999816894531,49.290000915527344,25358300
2016-02-01,37.25920104980469,49.939998626708984,50.18000030517578,49.560001373291016,50.119998931884766,17385400
2016-02-02,36.4310417175293,48.83000183105469,49.31999969482422,48.779998779296875,49.2599983215332,25593200
2016-02-03,35.788204193115234,47.599998474121094,48.5099983215332,46.5099983215332,48.45000076293945,47149700
2016-02-04,36.276920318603516,48.25,48.61000061035156,47.369998931884766,47.400001525878906,30851700
2016-02-05,35.983707427978516,47.86000061035156,48.65999984741211,47.599998474121094,48.349998474121094,23733700
2016-02-08,34.9611701965332,46.5,47.34000015258789,46.060001373291016,47.11000061035156,31172100
2016-02-09,34.923583984375,46.45000076293945,46.7599983215332,45.36000061035156,45.61000061035156,29896200
2016-02-10,34.71306228637695,46.16999816894531,47.220001220703125,46.11000061035156,46.880001068115234,19885500
2016-02-11,33.953697204589844,45.15999984741211,45.529998779296875,44.5,44.93000030517578,32570900
2016-02-12,35.57017135620117,47.310001373291016,47.38999938964844,45.93000030517578,45.959999084472656,28533900
2016-02-16,36.269405364990234,48.2400016784668,48.40999984741211,47.56999969482422,48.04999923706055,20410600
2016-02-17,36.186702728271484,48.130001068115234,48.959999084472656,47.9900016784668,48.650001525878906,18060500
2016-02-18,35.88595199584961,47.72999954223633,48.13999938964844,47.47999954223633,48.09000015258789,17162800
2016-02-19,36.1566276550293,48.09000015258789,48.16999816894531,47.34000015258789,47.400001525878906,18234900
2016-02-22,36.983665466308594,49.189998626708984,49.34000015258789,48.09000015258789,48.09000015258789,17572800
2016-02-23,36.16413497924805,48.099998474121094,48.91999816894531,47.97999954223633,48.869998931884766,15224700
2016-02-24,35.79573059082031,47.61000061035156,47.68000030517578,46.560001373291016,47.34000015258789,18595700
2016-02-25,35.901004791259766,47.75,48.15999984741211,47.709999084472656,47.709999084472656,16646200
2016-02-26,36.14158248901367,48.06999969482422,48.540000915527344,47.83000183105469,48.130001068115234,20325600
2016-02-29,35.27695083618164,46.91999816894531,48.029998779296875,46.90999984741211,48.029998779296875,24018100
2016-03-01,36.630279541015625,48.720001220703125,48.720001220703125,47.13999938964844,47.13999938964844,24758500
2016-03-02,37.26936340332031,49.56999969482422,49.56999969482422,48.61000061035156,48.84000015258789,18667700
2016-03-03,37.41973876953125,49.77000045776367,49.790000915527344,49.06999969482422,49.630001068115234,14268100
2016-03-04,37.67536544799805,50.11000061035156,50.4900016784668,49.68000030517578,50.0099983215332,18685600
2016-03-07,37.64529037475586,50.06999969482422,50.15999984741211,49.439998626708984,49.77000045776367,14386100
2016-03-08,36.878395080566406,49.04999923706055,49.65999984741211,48.91999816894531,49.61000061035156,18098200
2016-03-09,36.68291473388672,48.790000915527344,49.5,48.5099983215332,49.380001068115234,17920100
2016-03-10,36.4724006652832,48.5099983215332,49.130001068115234,47.959999084472656,48.939998626708984,18542700
2016-03-11,37.64529037475586,50.06999969482422,50.130001068115234,48.880001068115234,49.119998931884766,18318400
2016-03-14,37.50244903564453,49.880001068115234,50.06999969482422,49.439998626708984,49.970001220703125,12803900
2016-03-15,37.57762908935547,49.97999954223633,49.9900016784668,49.20000076293945,49.29999923706055,12945600
2016-03-16,37.246803283691406,49.540000915527344,50.290000915527344,49.279998779296875,49.75,16629700
2016-03-17,37.3896598815918,49.72999954223633,49.93000030517578,48.84000015258789,49.43000030517578,16002800
2016-03-18,37.99866485595703,50.540000915527344,50.70000076293945,49.93000030517578,50.439998626708984,35812100
2016-03-21,38.096397399902344,50.66999816894531,50.75,50.16999816894531,50.5,13543200
2016-03-22,37.870853424072266,50.369998931884766,50.58000183105469,50.0,50.209999084472656,13907000
2016-03-23,37.41222381591797,49.7599983215332,50.33000183105469,49.70000076293945,50.18000030517578,13648100
2016-03-24,36.76563262939453,48.900001525878906,49.08000183105469,48.52000045776367,49.02000045776367,20871100
2016-03-28,36.61525344848633,48.70000076293945,49.040000915527344,48.54999923706055,49.040000915527344,18478100
2016-03-29,36.126548767089844,48.04999923706055,48.650001525878906,47.84000015258789,48.619998931884766,24459500
2016-03-30,36.57765197753906,48.650001525878906,49.15999984741211,48.150001525878906,48.400001525878906,16794200
2016-03-31,36.359622955322266,48.36000061035156,48.84000015258789,48.27000045776367,48.599998474121094,16397600
2016-04-01,36.42729568481445,48.45000076293945,48.58000183105469,47.779998779296875,48.22999954223633,14321400
2016-04-04,36.464881896972656,48.5,48.66999816894531,48.20000076293945,48.41999816894531,12110200
2016-04-05,35.72053909301758,47.5099983215332,48.09000015258789,47.459999084472656,48.08000183105469,18297700
2016-04-06,36.14910125732422,48.08000183105469,48.130001068115234,47.220001220703125,47.38999938964844,17214400
2016-04-07,35.28447341918945,46.93000030517578,47.779998779296875,46.619998931884766,47.709999084472656,17593100
2016-04-08,35.389732360839844,47.06999969482422,47.650001525878906,46.970001220703125,47.349998474121094,12236500
2016-04-11,35.359657287597656,47.029998779296875,47.709999084472656,47.0,47.11000061035156,15113500
2016-04-12,35.91602325439453,47.77000045776367,47.83000183105469,46.95000076293945,47.13999938964844,18772600
2016-04-13,36.863365173339844,49.029998779296875,49.25,48.27000045776367,48.290000915527344,26311900
2016-04-14,36.68291473388672,48.790000915527344,49.29999923706055,48.16999816894531,48.29999923706055,30067900
2016-04-15,36.276920318603516,48.25,48.939998626708984,48.060001373291016,48.619998931884766,24885200
2016-04-18,36.72052001953125,48.84000015258789,48.880001068115234,47.90999984741211,48.25,18225800
2016-04-19,37.50244903564453,49.880001068115234,49.91999816894531,48.97999954223633,49.0099983215332,18673400
2016-04-20,37.93099594116211,50.45000076293945,50.52000045776367,49.7599983215332,49.97999954223633,22647700
2016-04-21,37.63025665283203,50.04999923706055,50.779998779296875,49.93000030517578,50.54999923706055,20255400
2016-04-22,38.058807373046875,50.619998931884766,50.7400016784668,50.04999923706055,50.04999923706055,16365700
2016-04-25,37.97610855102539,50.5099983215332,50.599998474121094,50.119998931884766,50.310001373291016,11689100
2016-04-26,38.284366607666016,50.91999816894531,50.9900016784668,50.45000076293945,50.5099983215332,13333500
2016-04-27,38.29188537597656,50.93000030517578,51.40999984741211,50.720001220703125,50.869998931884766,15342700
2016-04-28,37.90092849731445,50.40999984741211,50.93000030517578,50.20000076293945,50.5099983215332,15506300
2016-04-29,37.57762908935547,49.97999954223633,50.459999084472656,49.68000030517578,50.459999084472656,17887000
2016-05-02,38.0362434387207,50.59000015258789,50.70000076293945,50.150001525878906,50.279998779296875,14780300
2016-05-03,37.592655181884766,50.0,50.130001068115234,49.540000915527344,49.86000061035156,16246400
2016-05-04,37.077491760253906,48.939998626708984,49.27000045776367,48.68000030517578,49.060001373291016,22402500
2016-05-05,37.0926399230957,48.959999084472656,49.189998626708984,48.77000045776367,48.970001220703125,15953600
2016-05-06,37.138099670410156,49.02000045776367,49.119998931884766,48.650001525878906,48.709999084472656,14189600
2016-05-09,37.032039642333984,48.880001068115234,49.220001220703125,48.810001373291016,49.02000045776367,13877000
2016-05-10,37.42599105834961,49.400001525878906,49.5099983215332,49.0,49.0,14234400
2016-05-11,37.18355941772461,49.08000183105469,49.720001220703125,49.08000183105469,49.36000061035156,17344300
2016-05-12,37.27445983886719,49.20000076293945,49.58000183105469,49.04999923706055,49.34000015258789,13589600
2016-05-13,36.547149658203125,48.2400016784668,49.43000030517578,48.209999084472656,49.099998474121094,25251700
2016-05-16,36.569889068603516,48.27000045776367,48.630001068115234,47.939998626708984,48.119998931884766,19655300
2016-05-17,36.077430725097656,47.619998931884766,48.16999816894531,47.54999923706055,48.13999938964844,21495600
2016-05-18,36.85777282714844,48.650001525878906,48.720001220703125,47.619998931884766,47.68000030517578,30028200
2016-05-19,36.65324401855469,48.380001068115234,48.959999084472656,48.15999984741211,48.439998626708984,13604100
2016-05-20,36.93352508544922,48.75,49.209999084472656,48.560001373291016,48.619998931884766,13222800
2016-05-23,36.89567184448242,48.70000076293945,48.880001068115234,48.349998474121094,48.7599983215332,10644000
2016-05-24,37.27445983886719,49.20000076293945,49.369998931884766,48.689998626708984,49.04999923706055,16597700
2016-05-25,38.25937271118164,50.5,50.83000183105469,49.5099983215332,49.58000183105469,22478600
2016-05-26,38.2972526550293,50.54999923706055,50.65999984741211,50.400001525878906,50.52000045776367,14983300
2016-05-27,38.5245246887207,50.849998474121094,50.86000061035156,50.4900016784668,50.599998474121094,13430500
2016-05-31,38.42604064941406,50.720001220703125,51.189998626708984,50.4900016784668,51.02000045776367,19725000
2016-06-01,38.638160705566406,51.0,51.040000915527344,50.16999816894531,50.2599983215332,16774300
2016-06-02,38.721492767333984,51.11000061035156,51.11000061035156,50.709999084472656,50.959999084472656,14206700
2016-06-03,38.024513244628906,50.189998626708984,50.310001373291016,49.61000061035156,50.16999816894531,25452600
2016-06-06,38.25178527832031,50.4900016784668,50.869998931884766,50.189998626708984,50.2400016784668,14528500
2016-06-07,38.085113525390625,50.27000045776367,50.72999954223633,50.27000045776367,50.72999954223633,15310100
2016-06-08,37.88054275512695,50.0,50.439998626708984,49.7400016784668,50.25,18168500
2016-06-09,37.22900390625,49.13999938964844,49.68000030517578,48.849998474121094,49.650001525878906,19464400
2016-06-10,36.62291717529297,48.34000015258789,48.709999084472656,48.16999816894531,48.4900016784668,16815300
2016-06-13,36.34260940551758,47.970001220703125,48.5099983215332,47.959999084472656,48.130001068115234,16150100
2016-06-14,35.51681900024414,46.880001068115234,48.119998931884766,46.5099983215332,47.86000061035156,25311700
2016-06-15,35.441043853759766,46.779998779296875,47.560001373291016,46.7400016784668,47.27000045776367,20142000
2016-06-16,35.494083404541016,46.849998474121094,46.86000061035156,45.959999084472656,46.470001220703125,15619300
2016-06-17,35.30466842651367,46.599998474121094,47.0,46.52000045776367,46.849998474121094,25661300
2016-06-20,35.55469512939453,46.93000030517578,47.900001525878906,46.91999816894531,47.4900016784668,19490100
2016-06-21,35.781978607177734,47.22999954223633,47.34000015258789,46.77000045776367,47.290000915527344,11731600
2016-06-22,35.58501052856445,46.970001220703125,47.58000183105469,46.93000030517578,47.150001525878906,17072100
2016-06-23,36.297149658203125,47.90999984741211,47.90999984741211,47.38999938964844,47.63999938964844,16270000
2016-06-24,34.63039779663086,45.709999084472656,46.970001220703125,45.279998779296875,45.7599983215332,46744100
2016-06-27,34.1000862121582,45.0099983215332,45.33000183105469,44.5,45.20000076293945,35030100
2016-06-28,34.925872802734375,46.099998474121094,46.11000061035156,45.34000015258789,45.88999938964844,27525700
2016-06-29,35.58501052856445,46.970001220703125,46.9900016784668,46.150001525878906,46.630001068115234,20856400
2016-06-30,35.85773849487305,47.33000183105469,47.36000061035156,46.529998779296875,47.2400016784668,22538800
2016-07-01,35.63044357299805,47.029998779296875,47.279998779296875,46.86000061035156,47.08000183105469,19013600
2016-07-05,35.00921630859375,46.209999084472656,46.7599983215332,45.810001373291016,46.70000076293945,22213000
2016-07-06,35.342552185058594,46.650001525878906,46.65999984741211,45.70000076293945,45.88999938964844,19024100
2016-07-07,35.45619583129883,46.79999923706055,47.220001220703125,46.439998626708984,46.58000183105469,17946200
2016-07-08,36.206241607666016,47.790000915527344,47.91999816894531,47.45000076293945,47.45000076293945,19775700
2016-07-11,36.42594528198242,48.08000183105469,48.45000076293945,47.939998626708984,48.099998474121094,16008700
2016-07-12,36.630496978759766,48.349998474121094,48.630001068115234,48.220001220703125,48.41999816894531,15067900
2016-07-13,36.569889068603516,48.27000045776367,48.470001220703125,47.97999954223633,48.310001373291016,14389600
2016-07-14,37.077491760253906,48.939998626708984,49.150001525878906,48.66999816894531,49.04999923706055,17578400
2016-07-15,36.145626068115234,47.709999084472656,48.880001068115234,47.40999984741211,48.849998474121094,35121000
2016-07-18,36.57746887207031,48.279998779296875,48.33000183105469,47.779998779296875,47.810001373291016,24139200
2016-07-19,36.645652770996094,48.369998931884766,48.54999923706055,48.04999923706055,48.08000183105469,15982900
2016-07-20,36.82746887207031,48.61000061035156,48.689998626708984,48.400001525878906,48.59000015258789,16569900
2016-07-21,36.592613220214844,48.29999923706055,48.810001373291016,48.290000915527344,48.650001525878906,15532000
2016-07-22,36.60776901245117,48.31999969482422,48.36000061035156,48.099998474121094,48.31999969482422,13588500
2016-07-25,36.45624923706055,48.119998931884766,48.2599983215332,47.849998474121094,48.2400016784668,12122200
2016-07-26,36.34260940551758,47.970001220703125,48.16999816894531,47.79999923706055,48.029998779296875,16130100
2016-07-27,36.365333557128906,48.0,48.220001220703125,47.779998779296875,47.95000076293945,17886800
2016-07-28,36.46382141113281,48.130001068115234,48.220001220703125,47.68000030517578,47.939998626708984,12562600
2016-07-29,36.34260940551758,47.970001220703125,48.16999816894531,47.95000076293945,47.95000076293945,13111700
2016-08-01,36.22138595581055,47.810001373291016,48.04999923706055,47.630001068115234,47.97999954223633,16026600
2016-08-02,36.1380500793457,47.70000076293945,47.83000183105469,47.38999938964844,47.65999984741211,17033100
2016-08-03,36.328975677490234,47.56999969482422,47.63999938964844,47.33000183105469,47.33000183105469,14913500
2016-08-04,36.5351676940918,47.84000015258789,48.0,47.56999969482422,47.599998474121094,14662600
2016-08-05,37.17667770385742,48.68000030517578,48.70000076293945,48.130001068115234,48.38999938964844,19064700
2016-08-08,37.352325439453125,48.90999984741211,49.04999923706055,48.7400016784668,48.779998779296875,14871600
2016-08-09,37.36759567260742,48.93000030517578,49.150001525878906,48.810001373291016,49.02000045776367,10449800
2016-08-10,36.794830322265625,48.18000030517578,48.93000030517578,48.08000183105469,48.81999969482422,16782700
2016-08-11,36.84064483642578,48.2400016784668,48.5,47.91999816894531,48.22999954223633,14614100
2016-08-12,36.580997467041016,47.900001525878906,48.08000183105469,47.83000183105469,48.04999923706055,13227500
2016-08-15,36.86355209350586,48.27000045776367,48.34000015258789,48.029998779296875,48.04999923706055,11758900
2016-08-16,36.9933967590332,48.439998626708984,48.599998474121094,48.060001373291016,48.15999984741211,13957600
2016-08-17,37.12321090698242,48.61000061035156,48.65999984741211,48.310001373291016,48.369998931884766,13062900
2016-08-18,37.06212615966797,48.529998779296875,48.65999984741211,48.33000183105469,48.5,12189200
2016-08-19,37.15375518798828,48.650001525878906,48.72999954223633,48.20000076293945,48.439998626708984,12557700
2016-08-22,37.13848876953125,48.630001068115234,48.7400016784668,48.5,48.63999938964844,9212600
2016-08-23,36.97047805786133,48.40999984741211,48.75,48.38999938964844,48.63999938964844,15430200
2016-08-24,37.13848876953125,48.630001068115234,48.77000045776367,48.349998474121094,48.5,16315800
2016-08-25,36.94757843017578,48.380001068115234,48.689998626708984,48.29999923706055,48.619998931884766,13643200
2016-08-26,37.04685592651367,48.5099983215332,48.84000015258789,48.279998779296875,48.58000183105469,15527300
2016-08-29,37.84872055053711,49.560001373291016,49.75,48.689998626708984,48.75,21201400
2016-08-30,38.65823745727539,50.619998931884766,50.63999938964844,49.68000030517578,49.72999954223633,25055800
2016-08-31,38.79570388793945,50.79999923706055,50.91999816894531,50.2400016784668,50.70000076293945,24533600
2016-09-01,38.51313400268555,50.43000030517578,51.0,50.11000061035156,50.91999816894531,17017100
2016-09-02,38.604801177978516,50.54999923706055,50.65999984741211,50.18000030517578,50.45000076293945,12684000
2016-09-06,38.1771125793457,49.9900016784668,50.56999969482422,49.630001068115234,50.560001373291016,21832200
2016-09-07,38.00910568237305,49.77000045776367,50.029998779296875,49.650001525878906,49.790000915527344,12437300
2016-09-08,38.10838317871094,49.900001525878906,49.9900016784668,49.560001373291016,49.810001373291016,14169200
2016-09-09,37.20722961425781,48.720001220703125,49.86000061035156,48.720001220703125,49.4900016784668,32147200
2016-09-12,37.06975173950195,48.540000915527344,48.63999938964844,47.97999954223633,48.369998931884766,35588400
2016-09-13,35.86312484741211,46.959999084472656,47.86000061035156,46.52000045776367,47.79999923706055,59000500
2016-09-14,35.527099609375,46.52000045776367,47.58000183105469,46.5,47.08000183105469,44841700
2016-09-15,35.244529724121094,46.150001525878906,46.349998474121094,45.189998626708984,46.119998931884766,60827800
2016-09-16,34.69465637207031,45.43000030517578,45.869998931884766,45.25,45.70000076293945,51871400
2016-09-19,35.13761520385742,46.0099983215332,46.290000915527344,45.47999954223633,45.619998931884766,33562400
2016-09-20,35.557647705078125,46.560001373291016,47.20000076293945,46.119998931884766,47.150001525878906,51510400
2016-09-21,35.00013732910156,45.83000183105469,46.540000915527344,45.33000183105469,46.5099983215332,64530200
2016-09-22,34.91613006591797,45.720001220703125,46.119998931884766,45.369998931884766,45.83000183105469,36964400
2016-09-23,34.93141555786133,45.7400016784668,45.90999984741211,45.43000030517578,45.5,28710500
2016-09-26,34.27463912963867,44.880001068115234,45.5,44.650001525878906,45.369998931884766,30938000
2016-09-27,34.43500518798828,45.09000015258789,45.099998474121094,44.65999984741211,44.790000915527344,24359000
2016-09-28,34.603031158447266,45.310001373291016,45.47999954223633,44.959999084472656,45.36000061035156,28220300
2016-09-29,33.88514709472656,44.369998931884766,45.2599983215332,44.209999084472656,45.189998626708984,45266700
2016-09-30,33.81642150878906,44.279998779296875,44.72999954223633,44.099998474121094,44.33000183105469,54117700
2016-10-03,33.47276306152344,43.83000183105469,44.15999984741211,43.560001373291016,44.119998931884766,38197700
2016-10-04,33.41166305541992,43.75,44.09000015258789,43.54999923706055,43.619998931884766,44008300
2016-10-05,34.358642578125,44.9900016784668,45.08000183105469,43.83000183105469,43.83000183105469,40459000
2016-10-06,34.50374221801758,45.18000030517578,45.38999938964844,44.83000183105469,45.18000030517578,29878200
2016-10-07,34.61830139160156,45.33000183105469,45.45000076293945,44.93000030517578,45.20000076293945,24893600
2016-10-10,34.86267852783203,45.650001525878906,45.91999816894531,45.439998626708984,45.70000076293945,21804900
2016-10-11,34.70994567871094,45.45000076293945,45.81999969482422,45.150001525878906,45.79999923706055,25442600
2016-10-12,34.61066436767578,45.31999969482422,45.83000183105469,45.31999969482422,45.5099983215332,21780500
2016-10-13,34.17534637451172,44.75,45.2400016784668,44.279998779296875,45.2400016784668,44174600
2016-10-14,34.144805908203125,44.709999084472656,45.52000045776367,44.31999969482422,45.16999816894531,45418600
2016-10-17,33.984439849853516,44.5,44.7599983215332,44.31999969482422,44.540000915527344,18861300
2016-10-18,34.32809829711914,44.95000076293945,45.0,44.40999984741211,44.75,23877600
2016-10-19,34.56483840942383,45.2599983215332,45.529998779296875,44.86000061035156,44.86000061035156,26977000
2016-10-20,34.31282043457031,44.93000030517578,45.290000915527344,44.65999984741211,44.970001220703125,27210600
2016-10-21,34.43500518798828,45.09000015258789,45.29999923706055,44.65999984741211,44.7400016784668,21490800
2016-10-24,34.763397216796875,45.52000045776367,45.68000030517578,45.290000915527344,45.45000076293945,19303800
2016-10-25,34.91613006591797,45.720001220703125,45.79999923706055,45.40999984741211,45.470001220703125,20402000
2016-10-26,35.244529724121094,46.150001525878906,46.16999816894531,45.439998626708984,45.459999084472656,25181900
2016-10-27,35.443084716796875,46.40999984741211,46.810001373291016,46.2599983215332,46.41999816894531,25661000
2016-10-28,35.30562210083008,46.22999954223633,46.63999938964844,45.880001068115234,46.56999969482422,20882000
2016-10-31,35.13761520385742,46.0099983215332,46.560001373291016,46.0,46.400001525878906,20115900
2016-11-01,35.122337341308594,45.9900016784668,46.279998779296875,45.599998474121094,46.119998931884766,20020200
2016-11-02,34.8374137878418,45.2400016784668,45.5099983215332,45.06999969482422,45.380001068115234,19566600
2016-11-03,34.9144172668457,45.34000015258789,45.790000915527344,45.25,45.33000183105469,14982700
2016-11-04,34.34457778930664,44.599998474121094,45.41999816894531,44.4900016784668,45.36000061035156,27391600
2016-11-07,34.960628509521484,45.400001525878906,45.689998626708984,45.209999084472656,45.220001220703125,25769400
2016-11-08,35.06843566894531,45.540000915527344,45.81999969482422,44.869998931884766,45.18000030517578,19462600
2016-11-09,36.955074310302734,47.9900016784668,48.61000061035156,46.0,46.33000183105469,67615000
2016-11-10,39.75807571411133,51.630001068115234,51.93000030517578,48.790000915527344,48.93000030517578,100988800
2016-11-11,39.83509063720703,51.72999954223633,51.9900016784668,50.72999954223633,51.09000015258789,46594900
2016-11-14,40.98247528076172,53.220001220703125,54.060001373291016,51.90999984741211,51.90999984741211,59154400
2016-11-15,40.49733352661133,52.59000015258789,52.59000015258789,51.540000915527344,52.380001068115234,39437900
2016-11-16,39.79659652709961,51.68000030517578,52.16999816894531,51.36000061035156,51.790000915527344,26996200
2016-11-17,40.42033767700195,52.4900016784668,52.900001525878906,50.959999084472656,51.38999938964844,29205900
2016-11-18,40.674461364746094,52.81999969482422,52.97999954223633,51.9900016784668,52.45000076293945,29673400
2016-11-21,40.13542175292969,52.119998931884766,52.97999954223633,52.02000045776367,52.849998474121094,23587200
2016-11-22,40.21242141723633,52.220001220703125,52.58000183105469,51.810001373291016,52.43000030517578,22816900
2016-11-23,40.16621398925781,52.15999984741211,52.630001068115234,51.95000076293945,52.45000076293945,19986800
2016-11-25,40.520442962646484,52.619998931884766,52.619998931884766,52.040000915527344,52.400001525878906,9635500
2016-11-28,39.71958541870117,51.58000183105469,52.47999954223633,51.38999938964844,52.119998931884766,26518500
2016-11-29,39.93519592285156,51.86000061035156,52.130001068115234,51.560001373291016,51.560001373291016,16267300
2016-11-30,40.75146484375,52.91999816894531,53.15999984741211,52.29999923706055,52.47999954223633,26567200
2016-12-01,41.84494400024414,54.34000015258789,54.470001220703125,53.060001373291016,53.130001068115234,35623100
2016-12-02,41.25969696044922,53.58000183105469,54.27000045776367,53.310001373291016,54.2400016784668,21894700
2016-12-05,41.85264205932617,54.349998474121094,54.529998779296875,53.869998931884766,53.900001525878906,24793900
2016-12-06,42.776710510253906,55.54999923706055,55.56999969482422,54.220001220703125,54.45000076293945,30706700
2016-12-07,44.10889434814453,57.279998779296875,57.290000915527344,55.22999954223633,55.54999923706055,46617000
2016-12-08,44.11661148071289,57.290000915527344,58.02000045776367,56.709999084472656,57.290000915527344,39828600
2016-12-09,44.001102447509766,57.13999938964844,57.2400016784668,56.4900016784668,56.90999984741211,20331200
2016-12-12,42.953826904296875,55.779998779296875,57.099998474121094,55.54999923706055,56.5,27886200
2016-12-13,43.000022888183594,55.84000015258789,56.209999084472656,55.290000915527344,55.849998474121094,24355600
2016-12-14,42.122161865234375,54.70000076293945,55.619998931884766,54.029998779296875,54.7400016784668,54590600
2016-12-15,42.4995002746582,55.189998626708984,56.25,54.900001525878906,55.16999816894531,31345900
2016-12-16,42.61499786376953,55.34000015258789,55.650001525878906,54.91999816894531,55.4900016784668,33171800
2016-12-19,42.5225944519043,55.220001220703125,55.470001220703125,54.650001525878906,55.18000030517578,16801400
2016-12-20,43.20023727416992,56.099998474121094,56.31999969482422,55.150001525878906,55.470001220703125,19245300
2016-12-21,42.899925231933594,55.709999084472656,56.09000015258789,55.63999938964844,56.09000015258789,14058400
2016-12-22,42.93072509765625,55.75,56.029998779296875,55.5,55.7599983215332,14515500
2016-12-23,43.092445373535156,55.959999084472656,55.97999954223633,55.619998931884766,55.779998779296875,8313000
2016-12-27,43.08473205566406,55.95000076293945,56.099998474121094,55.84000015258789,55.900001525878906,8893900
2016-12-28,42.59959030151367,55.31999969482422,56.08000183105469,55.27000045776367,55.97999954223633,10609100
2016-12-29,42.22996520996094,54.84000015258789,55.459999084472656,54.47999954223633,55.189998626708984,15933500
2016-12-30,42.43788528442383,55.11000061035156,55.36000061035156,54.790000915527344,54.88999938964844,15095500
2017-01-03,43.12322998046875,56.0,56.349998474121094,55.459999084472656,55.66999816894531,22063800
2017-01-04,43.16175079345703,56.04999923706055,56.310001373291016,55.61000061035156,56.15999984741211,15036100
2017-01-05,42.49178695678711,55.18000030517578,55.81999969482422,54.47999954223633,55.4900016784668,18831600
2017-01-06,42.38397979736328,55.040000915527344,55.56999969482422,54.70000076293945,55.2599983215332,18715900
2017-01-09,41.767940521240234,54.2400016784668,54.810001373291016,54.18000030517578,54.68000030517578,21794100
2017-01-10,42.06055450439453,54.619998931884766,55.18000030517578,54.2599983215332,54.349998474121094,17978200
2017-01-11,42.199161529541016,54.79999923706055,54.79999923706055,53.720001220703125,54.599998474121094,21100600
2017-01-12,41.96815490722656,54.5,54.779998779296875,53.900001525878906,54.650001525878906,20566600
2017-01-13,42.59190368652344,55.310001373291016,56.20000076293945,54.650001525878906,55.11000061035156,37231600
2017-01-17,41.41371536254883,53.779998779296875,54.959999084472656,53.58000183105469,54.79999923706055,26974400
2017-01-18,41.791046142578125,54.27000045776367,54.290000915527344,53.34000015258789,53.779998779296875,21186700
2017-01-19,42.02976608276367,54.58000183105469,54.77000045776367,53.86000061035156,54.2400016784668,20906900
2017-01-20,42.407081604003906,55.06999969482422,55.11000061035156,54.619998931884766,54.75,24160800
2017-01-23,41.775634765625,54.25,55.0,54.150001525878906,54.709999084472656,17227400
2017-01-24,42.122161865234375,54.70000076293945,55.06999969482422,54.130001068115234,54.36000061035156,18523300
2017-01-25,43.60066604614258,56.619998931884766,56.83000183105469,55.279998779296875,55.380001068115234,32252100
2017-01-26,44.031917572021484,57.18000030517578,57.33000183105469,56.59000015258789,56.61000061035156,23769800
2017-01-27,43.577571868896484,56.59000015258789,57.11000061035156,56.40999984741211,57.029998779296875,17186200
2017-01-30,43.184844970703125,56.08000183105469,56.31999969482422,55.75,56.119998931884766,15961400
2017-01-31,43.37736511230469,56.33000183105469,56.380001068115234,55.79999923706055,55.97999954223633,22409100
2017-02-01,43.346336364746094,55.90999984741211,57.06999969482422,55.77000045776367,56.540000915527344,21157700
2017-02-02,43.222293853759766,55.75,55.959999084472656,55.400001525878906,55.56999969482422,13044400
2017-02-03,44.40073013305664,57.27000045776367,57.290000915527344,56.43000030517578,56.880001068115234,19879800
2017-02-06,43.8425178527832,56.54999923706055,57.40999984741211,56.4900016784668,57.08000183105469,13940200
2017-02-07,43.679718017578125,56.34000015258789,57.189998626708984,56.27000045776367,56.86000061035156,14937400
2017-02-08,43.1292610168457,55.630001068115234,56.209999084472656,55.16999816894531,56.209999084472656,18592200
2017-02-09,43.98208236694336,56.72999954223633,56.77000045776367,55.630001068115234,55.630001068115234,15907800
2017-02-10,44.08286666870117,56.86000061035156,57.040000915527344,56.65999984741211,57.02000045776367,12268100
2017-02-13,44.25343704223633,57.08000183105469,57.5099983215332,56.88999938964844,57.06999969482422,15325300
2017-02-14,44.95119094848633,57.97999954223633,58.0,56.9900016784668,57.130001068115234,16382900
2017-02-15,45.39311218261719,58.54999923706055,59.0099983215332,57.88999938964844,58.099998474121094,25350400
2017-02-16,45.05973815917969,58.119998931884766,58.36000061035156,57.5099983215332,58.36000061035156,14694500
2017-02-17,45.036468505859375,58.09000015258789,58.099998474121094,57.45000076293945,57.58000183105469,15783200
2017-02-21,45.1605224609375,58.25,58.630001068115234,57.900001525878906,58.25,16916800
2017-02-22,45.24580383300781,58.36000061035156,58.59000015258789,58.0,58.0,12344200
2017-02-23,45.346580505371094,58.4900016784668,58.59000015258789,58.060001373291016,58.43000030517578,13841400
2017-02-24,44.819393157958984,57.810001373291016,57.90999984741211,57.31999969482422,57.70000076293945,16379100
2017-02-27,45.01321792602539,58.060001373291016,58.25,57.709999084472656,57.810001373291016,10101000
2017-02-28,44.87367630004883,57.880001068115234,58.31999969482422,57.72999954223633,57.9900016784668,15558900
2017-03-01,46.30794143676758,59.72999954223633,59.9900016784668,59.09000015258789,59.11000061035156,25912700
2017-03-02,45.517154693603516,58.709999084472656,59.790000915527344,58.56999969482422,59.779998779296875,17578600
2017-03-03,45.656700134277344,58.88999938964844,59.2400016784668,58.66999816894531,58.849998474121094,14740000
2017-03-06,45.43962860107422,58.61000061035156,58.880001068115234,58.18000030517578,58.540000915527344,13225500
2017-03-07,45.19928741455078,58.29999923706055,58.52000045776367,58.02000045776367,58.43000030517578,13099900
2017-03-08,45.12950134277344,58.209999084472656,59.130001068115234,58.16999816894531,58.95000076293945,14711300
2017-03-09,45.50939178466797,58.70000076293945,58.869998931884766,58.20000076293945,58.45000076293945,15721500
2017-03-10,45.62569046020508,58.849998474121094,59.18000030517578,58.52000045776367,58.97999954223633,15120200
2017-03-13,45.50939178466797,58.70000076293945,59.029998779296875,58.52000045776367,58.83000183105469,14063500
2017-03-14,45.55591583251953,58.7599983215332,58.810001373291016,58.25,58.4900016784668,10885000
2017-03-15,45.517154693603516,58.709999084472656,59.310001373291016,58.36000061035156,58.900001525878906,17777300
2017-03-16,45.990089416503906,59.31999969482422,59.40999984741211,58.7599983215332,58.86000061035156,18468200
2017-03-17,45.48613357543945,58.66999816894531,59.40999984741211,58.52000045776367,59.369998931884766,20985700
2017-03-20,44.67984390258789,57.630001068115234,58.470001220703125,57.619998931884766,58.470001220703125,17663200
2017-03-21,43.29981994628906,55.849998474121094,57.959999084472656,55.630001068115234,57.93000030517578,31766400
2017-03-22,42.89667892456055,55.33000183105469,55.56999969482422,54.849998474121094,55.529998779296875,27740900
2017-03-23,42.83465576171875,55.25,55.9900016784668,54.97999954223633,55.22999954223633,19000000
2017-03-24,43.284324645996094,55.83000183105469,56.04999923706055,55.220001220703125,55.5,21127500
2017-03-27,42.94318389892578,55.38999938964844,55.58000183105469,54.2400016784668,54.630001068115234,16854800
2017-03-28,43.385108947753906,55.959999084472656,56.25,55.2400016784668,55.349998474121094,14878900
2017-03-29,43.16026306152344,55.66999816894531,56.09000015258789,55.54999923706055,55.939998626708984,10329100
2017-03-30,43.602195739746094,56.2400016784668,56.43000030517578,55.61000061035156,55.68000030517578,12106500
2017-03-31,43.152523040771484,55.65999984741211,56.18000030517578,55.619998931884766,56.02000045776367,11864600
2017-04-03,43.02071762084961,55.4900016784668,55.81999969482422,54.790000915527344,55.70000076293945,14550700
2017-04-04,42.795894622802734,55.20000076293945,55.33000183105469,54.97999954223633,55.29999923706055,11937400
2017-04-05,42.62533950805664,54.97999954223633,56.20000076293945,54.93000030517578,55.790000915527344,17411700
2017-04-06,42.92768096923828,55.369998931884766,55.650001525878906,54.709999084472656,54.95000076293945,10387500
2017-04-07,42.51677703857422,54.84000015258789,55.310001373291016,54.61000061035156,54.939998626708984,15848800
2017-04-10,42.28420639038086,54.540000915527344,55.25,54.31999969482422,54.9900016784668,14607700
2017-04-11,41.989585876464844,54.15999984741211,54.2599983215332,53.27000045776367,54.22999954223633,28086800
2017-04-12,41.183284759521484,53.119998931884766,54.02000045776367,53.04999923706055,53.95000076293945,25601300
2017-04-13,39.81103515625,51.349998474121094,52.75,51.349998474121094,51.79999923706055,47982000
2017-04-17,40.87317657470703,52.720001220703125,52.7599983215332,51.2599983215332,51.63999938964844,31959100
2017-04-18,40.66384506225586,52.45000076293945,52.66999816894531,52.09000015258789,52.36000061035156,22257500
2017-04-19,40.431270599365234,52.150001525878906,53.13999938964844,52.04999923706055,52.880001068115234,17414600
2017-04-20,41.4779052734375,53.5,53.59000015258789,52.43000030517578,52.720001220703125,31552900
2017-04-21,41.09027099609375,53.0,53.84000015258789,52.95000076293945,53.38999938964844,26177300
2017-04-24,41.59419631958008,53.650001525878906,54.34000015258789,53.59000015258789,54.150001525878906,23856700
2017-04-25,42.299713134765625,54.560001373291016,55.09000015258789,54.290000915527344,54.33000183105469,27061300
2017-04-26,42.28420639038086,54.540000915527344,55.06999969482422,54.36000061035156,54.599998474121094,15915500
2017-04-27,42.2066764831543,54.439998626708984,54.650001525878906,53.90999984741211,54.540000915527344,13978000
2017-04-28,41.74148941040039,53.84000015258789,54.58000183105469,53.72999954223633,54.33000183105469,16501900
2017-05-01,42.22218322753906,54.459999084472656,54.75,53.970001220703125,54.099998474121094,13915800
2017-05-02,42.28420639038086,54.540000915527344,54.61000061035156,54.060001373291016,54.459999084472656,15634900
2017-05-03,42.82289505004883,54.849998474121094,54.88999938964844,53.95000076293945,54.0099983215332,15737100
2017-05-04,43.08053970336914,55.18000030517578,55.599998474121094,54.869998931884766,55.27000045776367,17054100
2017-05-05,43.025882720947266,55.11000061035156,55.38999938964844,54.880001068115234,55.25,13078800
2017-05-08,42.97123718261719,55.040000915527344,55.290000915527344,54.75,55.119998931884766,14242800
2017-05-09,42.6901741027832,54.68000030517578,55.369998931884766,54.45000076293945,55.13999938964844,14402900
2017-05-10,42.72141647338867,54.720001220703125,54.90999984741211,54.36000061035156,54.43000030517578,15897200
2017-05-11,41.95629119873047,53.7400016784668,54.41999816894531,53.060001373291016,54.279998779296875,32200100
2017-05-12,41.39418411254883,53.02000045776367,53.31999969482422,52.540000915527344,53.29999923706055,29642300
2017-05-15,41.62839126586914,53.31999969482422,53.41999816894531,53.02000045776367,53.060001373291016,15245000
2017-05-16,41.58155059814453,53.2599983215332,53.439998626708984,52.95000076293945,53.400001525878906,12650100
2017-05-17,40.78519821166992,52.2400016784668,53.2599983215332,51.650001525878906,53.2599983215332,33173100
2017-05-18,40.89450454711914,52.380001068115234,52.959999084472656,51.95000076293945,52.310001373291016,19790100
2017-05-19,41.42539978027344,53.060001373291016,53.34000015258789,52.38999938964844,52.56999969482422,16895000
2017-05-22,41.38636779785156,53.0099983215332,53.31999969482422,52.5,53.27000045776367,13947000
2017-05-23,41.68303680419922,53.38999938964844,53.560001373291016,52.849998474121094,53.0099983215332,11751700
2017-05-24,41.448822021484375,53.09000015258789,53.61000061035156,52.79999923706055,53.4900016784668,11304400
2017-05-25,41.2067985534668,52.779998779296875,53.25,52.56999969482422,53.25,16643800
2017-05-26,40.917930603027344,52.40999984741211,52.810001373291016,52.369998931884766,52.630001068115234,14247700
2017-05-30,40.72274398803711,52.15999984741211,52.5,51.900001525878906,52.15999984741211,19379700
2017-05-31,39.92640686035156,51.13999938964844,52.25,50.83000183105469,52.22999954223633,30519700
2017-06-01,40.660301208496094,52.08000183105469,52.209999084472656,51.060001373291016,51.529998779296875,21001800
2017-06-02,40.449493408203125,51.810001373291016,52.2400016784668,51.529998779296875,51.66999816894531,19477300
2017-06-05,40.379215240478516,51.720001220703125,52.18000030517578,51.66999816894531,51.709999084472656,13663800
2017-06-06,40.449493408203125,51.810001373291016,52.029998779296875,51.2400016784668,51.31999969482422,14887500
2017-06-07,40.6680908203125,52.09000015258789,52.310001373291016,51.70000076293945,51.84000015258789,17022400
2017-06-08,41.035037994384766,52.560001373291016,53.029998779296875,51.880001068115234,52.09000015258789,22644200
2017-06-09,42.00313186645508,53.79999923706055,53.95000076293945,52.79999923706055,52.86000061035156,25750000
2017-06-12,42.22954559326172,54.09000015258789,54.59000015258789,53.939998626708984,53.97999954223633,22791400
2017-06-13,42.510616302490234,54.45000076293945,54.689998626708984,54.279998779296875,54.349998474121094,17966000
2017-06-14,42.57307434082031,54.529998779296875,54.63999938964844,53.56999969482422,54.09000015258789,16575000
2017-06-15,42.08121871948242,53.900001525878906,54.45000076293945,53.810001373291016,54.040000915527344,17232300
2017-06-16,42.07341384887695,53.88999938964844,54.2400016784668,53.650001525878906,53.93000030517578,23492700
2017-06-19,42.34665298461914,54.2400016784668,54.63999938964844,54.119998931884766,54.310001373291016,15367300
2017-06-20,41.737693786621094,53.459999084472656,54.099998474121094,53.43000030517578,54.060001373291016,13622200
2017-06-21,41.362937927246094,52.97999954223633,53.47999954223633,52.79999923706055,53.470001220703125,12653700
2017-06-22,40.98038864135742,52.4900016784668,52.88999938964844,52.220001220703125,52.79999923706055,15362200
2017-06-23,40.94915008544922,52.45000076293945,52.83000183105469,52.31999969482422,52.70000076293945,21868500
2017-06-26,41.30048751831055,52.900001525878906,53.43000030517578,52.59000015258789,52.72999954223633,12532800
2017-06-27,41.50346374511719,53.15999984741211,53.65999984741211,52.90999984741211,53.02000045776367,13496300
2017-06-28,42.41692352294922,54.33000183105469,54.41999816894531,53.52000045776367,53.61000061035156,20961700
2017-06-29,43.54896926879883,55.779998779296875,56.599998474121094,55.209999084472656,55.650001525878906,32552100
2017-06-30,43.2601203918457,55.40999984741211,56.04999923706055,55.15999984741211,56.029998779296875,16750700
2017-07-03,43.54896926879883,55.779998779296875,56.45000076293945,55.709999084472656,55.810001373291016,11825000
2017-07-05,43.54896926879883,55.779998779296875,56.02000045776367,55.34000015258789,55.970001220703125,14086900
2017-07-06,43.37721252441406,55.560001373291016,56.31999969482422,55.5,55.97999954223633,14481200
2017-07-07,43.51775360107422,55.7400016784668,55.83000183105469,55.25,55.779998779296875,11503500
2017-07-10,43.40062713623047,55.59000015258789,55.810001373291016,55.34000015258789,55.529998779296875,10979000
2017-07-11,42.97123718261719,55.040000915527344,55.709999084472656,54.81999969482422,55.65999984741211,14842700
2017-07-12,43.07273483276367,55.16999816894531,55.2400016784668,54.599998474121094,54.93000030517578,11951500
2017-07-13,43.408443450927734,55.599998474121094,55.66999816894531,55.060001373291016,55.2599983215332,14201800
2017-07-14,42.93220520019531,54.9900016784668,55.20000076293945,54.119998931884766,54.310001373291016,17949600
2017-07-17,42.71359634399414,54.709999084472656,54.97999954223633,54.439998626708984,54.900001525878906,14953600
2017-07-18,42.78386688232422,54.79999923706055,54.91999816894531,54.22999954223633,54.310001373291016,13603300
2017-07-19,42.893165588378906,54.939998626708984,55.209999084472656,54.689998626708984,54.79999923706055,12366200
2017-07-20,42.84633255004883,54.880001068115234,55.310001373291016,54.68000030517578,54.959999084472656,15123500
2017-07-21,42.29201889038086,54.16999816894531,54.619998931884766,54.099998474121094,54.43000030517578,17384500
2017-07-24,42.37006759643555,54.27000045776367,54.40999984741211,54.040000915527344,54.099998474121094,18489900
2017-07-25,42.986846923828125,55.060001373291016,55.40999984741211,54.90999984741211,55.0,20167800
2017-07-26,42.8697395324707,54.90999984741211,55.33000183105469,54.810001373291016,55.31999969482422,19686900
2017-07-27,42.71359634399414,54.709999084472656,54.959999084472656,54.38999938964844,54.86000061035156,17352600
2017-07-28,41.6127815246582,53.29999923706055,54.56999969482422,53.18000030517578,54.29999923706055,32590600
2017-07-31,42.112430572509766,53.939998626708984,54.220001220703125,53.400001525878906,53.41999816894531,20378100
2017-08-01,42.221736907958984,54.08000183105469,54.38999938964844,53.849998474121094,54.22999954223633,19350300
2017-08-02,42.16669464111328,53.619998931884766,53.959999084472656,53.45000076293945,53.540000915527344,19422100
2017-08-03,41.99368667602539,53.400001525878906,53.65999984741211,53.34000015258789,53.5,19374700
2017-08-04,41.55331802368164,52.84000015258789,53.70000076293945,51.90999984741211,53.66999816894531,44664600
2017-08-07,41.31739044189453,52.540000915527344,52.95000076293945,52.43000030517578,52.72999954223633,22673700
2017-08-08,41.45106887817383,52.709999084472656,53.29999923706055,52.220001220703125,52.31999969482422,24877800
2017-08-09,41.51398468017578,52.790000915527344,52.810001373291016,52.13999938964844,52.279998779296875,14631600
2017-08-10,40.85340881347656,51.95000076293945,52.720001220703125,51.91999816894531,52.38999938964844,18373000
2017-08-11,40.84553909301758,51.939998626708984,52.209999084472656,51.7400016784668,51.83000183105469,14714500
2017-08-14,41.55331802368164,52.84000015258789,53.09000015258789,52.34000015258789,52.369998931884766,16313200
2017-08-15,41.5611686706543,52.849998474121094,53.36000061035156,52.83000183105469,53.20000076293945,11028100
2017-08-16,41.435340881347656,52.689998626708984,53.209999084472656,52.459999084472656,53.0099983215332,11224400
2017-08-17,40.735450744628906,51.79999923706055,52.630001068115234,51.790000915527344,52.470001220703125,16814300
2017-08-18,40.64108657836914,51.68000030517578,52.13999938964844,51.380001068115234,51.630001068115234,17130600
2017-08-21,40.75117492675781,51.81999969482422,51.90999984741211,51.400001525878906,51.7400016784668,13503100
2017-08-22,41.065738677978516,52.220001220703125,52.27000045776367,51.91999816894531,51.95000076293945,12984100
2017-08-23,40.91632080078125,52.029998779296875,52.47999954223633,51.79999923706055,51.83000183105469,10019500
2017-08-24,41.018550872802734,52.15999984741211,52.529998779296875,52.040000915527344,52.189998626708984,12345000
2017-08-25,40.71186447143555,51.77000045776367,52.56999969482422,51.7599983215332,52.27000045776367,15307800
2017-08-28,40.601768493652344,51.630001068115234,52.02000045776367,51.41999816894531,51.95000076293945,12425900
2017-08-29,40.436607360839844,51.41999816894531,51.5,51.130001068115234,51.209999084472656,10715500
2017-08-30,40.38943099975586,51.36000061035156,51.7400016784668,51.20000076293945,51.459999084472656,11427500
2017-08-31,40.161376953125,51.06999969482422,51.2400016784668,50.869998931884766,51.0,25231100
2017-09-01,40.08273696899414,50.970001220703125,51.4900016784668,50.93000030517578,51.060001373291016,16217700
2017-09-05,39.39857482910156,50.099998474121094,50.66999816894531,49.7599983215332,50.630001068115234,31251300
2017-09-06,39.22557067871094,49.880001068115234,50.27000045776367,49.560001373291016,50.25,26854000
2017-09-07,39.06828308105469,49.68000030517578,49.939998626708984,49.27000045776367,49.939998626708984,23367300
2017-09-08,38.98965072631836,49.58000183105469,49.97999954223633,49.43000030517578,49.61000061035156,18975700
2017-09-11,39.838958740234375,50.65999984741211,50.79999923706055,49.939998626708984,50.0,17987100
2017-09-12,40.554588317871094,51.56999969482422,51.72999954223633,50.84000015258789,50.849998474121094,17129500
2017-09-13,40.468074798583984,51.459999084472656,51.5099983215332,51.18000030517578,51.38999938964844,12617300
2017-09-14,40.33439254760742,51.290000915527344,51.720001220703125,51.08000183105469,51.540000915527344,13739400
2017-09-15,40.625362396240234,51.65999984741211,51.68000030517578,51.25,51.279998779296875,28494300
2017-09-18,41.45106887817383,52.709999084472656,52.84000015258789,51.61000061035156,51.66999816894531,20943400
2017-09-19,41.96222686767578,53.36000061035156,53.59000015258789,52.529998779296875,52.720001220703125,17047000
2017-09-20,42.2689208984375,53.75,54.11000061035156,53.279998779296875,53.38999938964844,21560400
2017-09-21,42.51270294189453,54.060001373291016,54.2400016784668,53.52000045776367,53.54999923706055,16210900
2017-09-22,42.66213607788086,54.25,54.36000061035156,53.75,53.91999816894531,18047800
2017-09-25,42.48912048339844,54.029998779296875,54.33000183105469,53.54999923706055,54.06999969482422,11595900
2017-09-26,42.308250427246094,53.79999923706055,54.279998779296875,53.7599983215332,54.099998474121094,12052500
2017-09-27,42.63065719604492,54.209999084472656,54.529998779296875,54.060001373291016,54.470001220703125,15840800
2017-09-28,42.66213607788086,54.25,54.33000183105469,53.7400016784668,54.290000915527344,14531700
2017-09-29,43.36988067626953,55.150001525878906,55.22999954223633,54.09000015258789,54.25,20872300
2017-10-02,43.62153244018555,55.470001220703125,55.470001220703125,54.86000061035156,55.15999984741211,11764400
2017-10-03,43.708045959472656,55.58000183105469,55.619998931884766,54.849998474121094,55.33000183105469,17405100
2017-10-04,43.22047424316406,54.959999084472656,55.349998474121094,54.900001525878906,55.310001373291016,14697800
2017-10-05,43.558616638183594,55.38999938964844,55.77000045776367,54.779998779296875,55.0,14560700
2017-10-06,43.708045959472656,55.58000183105469,55.68000030517578,55.220001220703125,55.47999954223633,11151200
2017-10-09,43.362022399902344,55.13999938964844,55.70000076293945,54.91999816894531,55.619998931884766,11377000
2017-10-10,43.73162841796875,55.61000061035156,55.720001220703125,55.150001525878906,55.369998931884766,12800500
2017-10-11,43.77094650268555,55.65999984741211,55.709999084472656,55.2599983215332,55.439998626708984,12843100
2017-10-12,43.41706848144531,55.209999084472656,55.709999084472656,55.060001373291016,55.689998626708984,15067500
2017-10-13,42.22173309326172,53.689998626708984,53.709999084472656,52.84000015258789,53.4900016784668,35310000
2017-10-16,42.308250427246094,53.79999923706055,53.970001220703125,53.41999816894531,53.650001525878906,22802400
2017-10-17,41.82854461669922,53.189998626708984,54.0,53.119998931884766,53.97999954223633,18614700
2017-10-18,42.001556396484375,53.40999984741211,54.06999969482422,53.31999969482422,53.40999984741211,21604000
2017-10-19,42.2689208984375,53.75,53.93000030517578,53.0,53.11000061035156,12669700
2017-10-20,43.189022064208984,54.91999816894531,55.06999969482422,54.040000915527344,54.209999084472656,28407700
2017-10-23,43.18114471435547,54.90999984741211,55.040000915527344,54.70000076293945,54.75,18102100
2017-10-24,43.58221435546875,55.41999816894531,55.560001373291016,55.0,55.0,18779400
2017-10-25,43.44853210449219,55.25,55.58000183105469,54.869998931884766,55.4900016784668,17096900
2017-10-26,43.7394905090332,55.619998931884766,56.16999816894531,55.45000076293945,55.45000076293945,15979200
2017-10-27,43.936092376708984,55.869998931884766,56.040000915527344,55.130001068115234,55.22999954223633,17258600
2017-10-30,43.92036056518555,55.849998474121094,55.959999084472656,55.310001373291016,55.45000076293945,12249200
2017-10-31,44.14842224121094,56.13999938964844,56.52000045776367,55.900001525878906,55.95000076293945,14619200
2017-11-01,44.203468322753906,56.209999084472656,56.84000015258789,56.189998626708984,56.31999969482422,11678300
2017-11-02,44.72610855102539,56.47999954223633,56.52000045776367,55.349998474121094,55.79999923706055,15630000
2017-11-03,44.623172760009766,56.349998474121094,56.439998626708984,55.900001525878906,56.25,10049200
2017-11-06,44.48855209350586,56.18000030517578,56.43000030517578,56.0,56.099998474121094,10414900
2017-11-07,43.59370422363281,55.04999923706055,56.290000915527344,54.66999816894531,56.16999816894531,18679100
2017-11-08,42.968109130859375,54.2599983215332,54.9900016784668,54.04999923706055,54.79999923706055,24047100
2017-11-09,42.76222610473633,54.0,54.189998626708984,53.209999084472656,53.900001525878906,24438800
2017-11-10,42.61177062988281,53.810001373291016,54.130001068115234,53.790000915527344,54.02000045776367,13671700
2017-11-13,42.540489196777344,53.720001220703125,53.90999984741211,53.40999984741211,53.52000045776367,13447000
2017-11-14,42.793907165527344,54.040000915527344,54.099998474121094,53.31999969482422,53.52000045776367,20830100
2017-11-15,42.564247131347656,53.75,54.119998931884766,53.4900016784668,53.630001068115234,18238600
2017-11-16,43.23735809326172,54.599998474121094,54.86000061035156,53.86000061035156,53.95000076293945,26361800
2017-11-17,42.881011962890625,54.150001525878906,54.459999084472656,53.970001220703125,54.209999084472656,15814800
2017-11-20,42.801815032958984,54.04999923706055,54.209999084472656,53.849998474121094,54.119998931884766,16943100
2017-11-21,43.174007415771484,54.52000045776367,54.58000183105469,53.9900016784668,54.08000183105469,13757000
2017-11-22,42.80974197387695,54.060001373291016,54.619998931884766,54.029998779296875,54.459999084472656,11421700
2017-11-24,42.833492279052734,54.09000015258789,54.310001373291016,54.0,54.189998626708984,5386500
2017-11-27,42.72262191772461,53.95000076293945,54.459999084472656,53.86000061035156,54.02000045776367,11066800
2017-11-28,44.005496978759766,55.56999969482422,55.88999938964844,53.720001220703125,53.869998931884766,25685200
2017-11-29,44.884498596191406,56.68000030517578,57.25,55.70000076293945,55.84000015258789,29631800
2017-11-30,44.718196868896484,56.470001220703125,57.33000183105469,56.380001068115234,57.029998779296875,30984400
2017-12-01,44.50437545776367,56.20000076293945,57.18000030517578,55.439998626708984,56.56999969482422,31242400
2017-12-04,45.44673538208008,57.38999938964844,57.9900016784668,57.20000076293945,57.27000045776367,28720400
2017-12-05,46.36533737182617,58.54999923706055,59.40999984741211,57.439998626708984,58.65999984741211,39754900
2017-12-06,46.38117599487305,58.56999969482422,59.099998474121094,58.119998931884766,58.68000030517578,26758300
2017-12-07,47.00676727294922,59.36000061035156,60.0,58.290000915527344,58.45000076293945,32990600
2017-12-08,46.967185974121094,59.310001373291016,59.91999816894531,59.150001525878906,59.310001373291016,22017100
2017-12-11,46.618736267089844,58.869998931884766,59.29999923706055,58.619998931884766,58.959999084472656,15876600
2017-12-12,47.77490997314453,60.33000183105469,60.560001373291016,58.709999084472656,58.709999084472656,25040400
2017-12-13,47.03843688964844,59.400001525878906,60.5,59.380001068115234,60.310001373291016,18227000
2017-12-14,46.895896911621094,59.220001220703125,59.9900016784668,59.209999084472656,59.54999923706055,14731000
2017-12-15,47.41063690185547,59.869998931884766,60.650001525878906,59.349998474121094,59.45000076293945,36467500
2017-12-18,48.24211883544922,60.91999816894531,61.130001068115234,60.369998931884766,60.439998626708984,19970900
2017-12-19,47.79866409301758,60.36000061035156,61.27000045776367,60.279998779296875,61.20000076293945,17062700
2017-12-20,47.62444305419922,60.13999938964844,61.06999969482422,60.060001373291016,60.880001068115234,16544500
2017-12-21,48.78852844238281,61.61000061035156,62.119998931884766,60.68000030517578,60.68000030517578,22130700
2017-12-22,48.74100875854492,61.54999923706055,62.2400016784668,61.189998626708984,62.0,11653200
2017-12-26,48.40842056274414,61.130001068115234,61.720001220703125,60.79999923706055,61.5,11662800
2017-12-27,48.26587677001953,60.95000076293945,61.2400016784668,60.65999984741211,61.099998474121094,10010800
2017-12-28,48.54304504394531,61.29999923706055,61.310001373291016,60.90999984741211,61.029998779296875,10550900
2017-12-29,48.04413986206055,60.66999816894531,61.58000183105469,60.66999816894531,61.459999084472656,10711400
2018-01-02,48.376747131347656,61.09000015258789,61.36000061035156,60.70000076293945,61.040000915527344,13819300
2018-01-03,48.74894714355469,61.560001373291016,61.77000045776367,61.099998474121094,61.220001220703125,14203700
2018-01-04,49.35869216918945,62.33000183105469,63.04999923706055,61.90999984741211,61.97999954223633,18740500
2018-01-05,49.69130325317383,62.75,62.810001373291016,62.09000015258789,62.7599983215332,14217900
2018-01-08,49.12904739379883,62.040000915527344,62.72999954223633,61.939998626708984,62.65999984741211,15569400
2018-01-09,49.30326843261719,62.2599983215332,62.77000045776367,62.06999969482422,62.29999923706055,15766500
2018-01-10,49.984291076660156,63.119998931884766,63.400001525878906,62.36000061035156,62.47999954223633,18107500
2018-01-11,49.897178649902344,63.0099983215332,63.66999816894531,62.689998626708984,63.650001525878906,22075000
2018-01-12,49.53291320800781,62.54999923706055,63.400001525878906,62.04999923706055,63.20000076293945,25886100
2018-01-16,49.49331283569336,62.5,63.150001525878906,62.18000030517578,62.790000915527344,17907800
2018-01-17,50.586124420166016,63.880001068115234,64.04000091552734,62.4900016784668,62.849998474121094,23892900
2018-01-18,50.641563415527344,63.95000076293945,64.30999755859375,63.86000061035156,63.869998931884766,16305900
2018-01-19,50.855369567871094,64.22000122070312,64.26000213623047,63.83000183105469,64.1500015258789,16524000
2018-01-22,51.25923538208008,64.7300033569336,64.75,63.970001220703125,64.0,12245200
2018-01-23,51.06917953491211,64.48999786376953,64.8499984741211,64.22000122070312,64.30999755859375,12937100
2018-01-24,51.8531608581543,65.4800033569336,65.62999725341797,64.80000305175781,64.94999694824219,20180300
2018-01-25,51.98777389526367,65.6500015258789,65.8499984741211,65.4000015258789,65.69999694824219,17568700
2018-01-26,52.20951461791992,65.93000030517578,66.04000091552734,65.25,65.88999938964844,16251900
2018-01-29,52.12240219116211,65.81999969482422,66.30999755859375,65.66000366210938,65.77999877929688,16105200
2018-01-30,51.694786071777344,65.27999877929688,65.93000030517578,65.27999877929688,65.43000030517578,16158900
2018-01-31,52.09073257446289,65.77999877929688,66.0999984741211,65.16000366210938,65.2699966430664,18147900
2018-02-01,52.18631362915039,65.51000213623047,66.08999633789062,65.05999755859375,65.37000274658203,15717600
2018-02-02,51.03919219970703,64.06999969482422,65.52999877929688,63.83000183105469,65.33000183105469,18905300
2018-02-05,46.331199645996094,58.15999984741211,59.88999938964844,57.5,58.70000076293945,103394400
2018-02-06,45.63016128540039,57.279998779296875,58.5,55.869998931884766,56.90999984741211,83076900
2018-02-07,45.8372917175293,57.540000915527344,58.119998931884766,56.75,56.939998626708984,45551000
2018-02-08,44.132530212402344,55.400001525878906,57.439998626708984,55.349998474121094,57.33000183105469,43569700
2018-02-09,44.71406555175781,56.130001068115234,56.540000915527344,54.720001220703125,56.13999938964844,48904600
2018-02-12,45.00880813598633,56.5,57.119998931884766,55.880001068115234,56.36000061035156,24401300
2018-02-13,46.203731536865234,58.0,58.09000015258789,55.95000076293945,56.060001373291016,24234200
2018-02-14,47.4384880065918,59.54999923706055,59.599998474121094,57.79999923706055,57.849998474121094,23681800
2018-02-15,47.812889099121094,60.02000045776367,60.099998474121094,59.150001525878906,59.81999969482422,22397300
2018-02-16,47.75713348388672,59.95000076293945,60.43000030517578,59.66999816894531,59.66999816894531,18661900
2018-02-20,47.75713348388672,59.95000076293945,61.27000045776367,59.779998779296875,59.86000061035156,18517600
2018-02-21,47.581871032714844,59.72999954223633,60.4900016784668,59.72999954223633,59.86000061035156,19987800
2018-02-22,46.8489875793457,58.810001373291016,60.16999816894531,58.68000030517578,59.880001068115234,17948600
2018-02-23,47.13577651977539,59.16999816894531,59.2400016784668,58.349998474121094,59.06999969482422,21099200
2018-02-26,47.773067474365234,59.970001220703125,60.0,58.95000076293945,59.75,16478300
2018-02-27,47.167633056640625,59.209999084472656,60.47999954223633,59.209999084472656,60.029998779296875,17024400
2018-02-28,46.530330657958984,58.40999984741211,59.81999969482422,58.31999969482422,59.470001220703125,17869100
2018-03-01,45.6540641784668,57.310001373291016,58.939998626708984,57.060001373291016,58.25,28491000
2018-03-02,45.73371887207031,57.40999984741211,57.619998931884766,56.41999816894531,56.91999816894531,22428500
2018-03-05,45.87711715698242,57.59000015258789,57.970001220703125,56.59000015258789,56.810001373291016,20560900
2018-03-06,45.4628791809082,57.06999969482422,57.869998931884766,56.63999938964844,57.709999084472656,23975900
2018-03-07,45.08847427368164,56.599998474121094,56.7400016784668,56.0099983215332,56.400001525878906,24788700
2018-03-08,45.18405532836914,56.720001220703125,57.02000045776367,56.22999954223633,56.75,16828400
2018-03-09,46.386940002441406,58.22999954223633,58.27000045776367,57.0,57.15999984741211,19051500
2018-03-12,46.21966552734375,58.02000045776367,58.560001373291016,57.959999084472656,58.27000045776367,12414800
2018-03-13,45.85322570800781,57.560001373291016,58.41999816894531,57.41999816894531,58.38999938964844,13810600
2018-03-14,45.112369537353516,56.630001068115234,57.900001525878906,56.45000076293945,57.86000061035156,12212900
2018-03-15,45.27168273925781,56.83000183105469,57.119998931884766,56.2400016784668,56.77000045776367,13277700
2018-03-16,44.53083038330078,55.900001525878906,57.16999816894531,55.869998931884766,56.9900016784668,37095000
2018-03-19,44.196250915527344,55.47999954223633,55.9900016784668,54.970001220703125,55.880001068115234,17982200
2018-03-20,43.734222412109375,54.900001525878906,55.88999938964844,54.65999984741211,55.77000045776367,26874600
2018-03-21,43.646602630615234,54.790000915527344,55.58000183105469,54.540000915527344,55.02000045776367,18997300
2018-03-22,41.84624099731445,52.529998779296875,54.279998779296875,52.18000030517578,54.209999084472656,32656300
2018-03-23,40.61148452758789,50.97999954223633,52.75,50.939998626708984,52.720001220703125,30975800
2018-03-26,41.65505599975586,52.290000915527344,52.54999923706055,51.52000045776367,51.95000076293945,26718000
2018-03-27,40.70707321166992,51.099998474121094,52.79999923706055,50.689998626708984,52.400001525878906,23669300
2018-03-28,41.009788513183594,51.47999954223633,51.93000030517578,50.95000076293945,51.15999984741211,23342500
2018-03-29,41.75065612792969,52.40999984741211,52.75,51.720001220703125,52.060001373291016,17706800
2018-04-02,40.9062385559082,51.349998474121094,52.400001525878906,50.41999816894531,52.369998931884766,23359800
2018-04-03,41.48776626586914,52.08000183105469,52.189998626708984,51.060001373291016,51.720001220703125,16646400
2018-04-04,42.148956298828125,52.90999984741211,53.040000915527344,51.0099983215332,51.130001068115234,15952700
2018-04-05,42.427772521972656,53.2599983215332,53.959999084472656,53.04999923706055,53.34000015258789,16488800
2018-04-06,41.60724639892578,52.22999954223633,52.91999816894531,51.959999084472656,52.650001525878906,22943800
2018-04-09,41.623191833496094,52.25,53.33000183105469,52.15999984741211,52.5,17032000
2018-04-10,41.91793441772461,52.619998931884766,53.060001373291016,52.119998931884766,52.9900016784668,14594700
2018-04-11,41.36827087402344,51.93000030517578,52.470001220703125,51.720001220703125,52.31999969482422,14673200
2018-04-12,41.98167037963867,52.70000076293945,53.27000045776367,52.029998779296875,52.15999984741211,19967800
2018-04-13,40.53978729248047,50.88999938964844,52.29999923706055,50.810001373291016,52.0099983215332,32054900
2018-04-16,40.46809387207031,50.79999923706055,51.34000015258789,50.310001373291016,50.59000015258789,31879100
2018-04-17,40.28487014770508,50.56999969482422,51.15999984741211,50.4900016784668,50.95000076293945,25507100
2018-04-18,40.141483306884766,50.38999938964844,50.970001220703125,50.2599983215332,50.779998779296875,21055700
2018-04-19,41.057586669921875,51.540000915527344,51.61000061035156,50.4900016784668,50.5099983215332,23678400
2018-04-20,41.87014389038086,52.560001373291016,52.81999969482422,51.81999969482422,51.93000030517578,31149300
2018-04-23,41.90996551513672,52.61000061035156,52.84000015258789,52.18000030517578,52.54999923706055,17723900
2018-04-24,41.8303108215332,52.5099983215332,53.75,52.18000030517578,52.95000076293945,23052100
2018-04-25,42.308284759521484,53.11000061035156,53.4900016784668,51.93000030517578,52.439998626708984,20978500
2018-04-26,41.7745475769043,52.439998626708984,53.11000061035156,52.2599983215332,52.9900016784668,17025800
2018-04-27,41.71080780029297,52.36000061035156,52.939998626708984,52.209999084472656,52.279998779296875,12304300
2018-04-30,41.392181396484375,51.959999084472656,53.04999923706055,51.959999084472656,52.560001373291016,17050500
2018-05-01,41.87014389038086,52.560001373291016,52.599998474121094,51.599998474121094,51.7599983215332,13903800
2018-05-02,41.575382232666016,52.189998626708984,52.869998931884766,52.060001373291016,52.380001068115234,16397200
2018-05-03,41.36671447753906,51.540000915527344,51.790000915527344,50.810001373291016,51.619998931884766,19216100
2018-05-04,42.06499481201172,52.40999984741211,52.900001525878906,51.06999969482422,51.16999816894531,16660500
2018-05-07,42.2656364440918,52.65999984741211,52.9900016784668,52.380001068115234,52.970001220703125,16259100
2018-05-08,42.69103240966797,53.189998626708984,53.709999084472656,52.630001068115234,52.720001220703125,20786200
2018-05-09,43.14850616455078,53.7599983215332,53.97999954223633,53.349998474121094,53.45000076293945,16286700
2018-05-10,43.862831115722656,54.650001525878906,54.72999954223633,53.630001068115234,54.130001068115234,20699000
2018-05-11,43.70232009887695,54.45000076293945,54.93000030517578,54.27000045776367,54.689998626708984,14424000
2018-05-14,43.72639846801758,54.47999954223633,54.81999969482422,54.33000183105469,54.779998779296875,12809100
2018-05-15,43.943092346191406,54.75,55.279998779296875,54.380001068115234,54.43000030517578,14991100
2018-05-16,44.175872802734375,55.040000915527344,55.31999969482422,54.560001373291016,54.70000076293945,16450200
2018-05-17,43.51772689819336,54.220001220703125,54.66999816894531,54.029998779296875,54.400001525878906,21622400
2018-05-18,43.10035705566406,53.70000076293945,54.41999816894531,53.689998626708984,54.150001525878906,21492700
2018-05-21,43.77455139160156,54.540000915527344,54.630001068115234,54.06999969482422,54.08000183105469,11491400
2018-05-22,44.3524284362793,55.2599983215332,55.650001525878906,54.439998626708984,54.630001068115234,17398200
2018-05-23,45.090850830078125,56.18000030517578,56.18000030517578,54.630001068115234,55.029998779296875,23566100
2018-05-24,43.8788948059082,54.66999816894531,55.900001525878906,54.439998626708984,55.869998931884766,24673400
2018-05-25,44.06349563598633,54.900001525878906,54.9900016784668,54.529998779296875,54.599998474121094,17741900
2018-05-29,42.49839401245117,52.95000076293945,54.2599983215332,52.63999938964844,54.040000915527344,31604000
2018-05-30,43.5257453918457,54.22999954223633,54.439998626708984,53.380001068115234,53.65999984741211,16416200
2018-05-31,43.33312225341797,53.9900016784668,54.380001068115234,53.79999923706055,54.209999084472656,17515900
2018-06-01,43.89493942260742,54.689998626708984,55.02000045776367,54.279998779296875,54.560001373291016,14100200
2018-06-04,44.0073127746582,54.83000183105469,55.16999816894531,54.599998474121094,54.790000915527344,10593700
2018-06-05,43.742454528808594,54.5,54.93000030517578,54.290000915527344,54.61000061035156,11883900
2018-06-06,44.60927200317383,55.58000183105469,55.630001068115234,54.65999984741211,54.720001220703125,15848200
2018-06-07,44.6494026184082,55.630001068115234,55.9900016784668,55.25,55.77000045776367,17299600
2018-06-08,44.68952941894531,55.68000030517578,55.77000045776367,54.97999954223633,55.560001373291016,12965900
2018-06-11,44.5530891418457,55.5099983215332,56.11000061035156,55.5,55.790000915527344,13518400
2018-06-12,44.448753356933594,55.380001068115234,55.95000076293945,55.09000015258789,55.63999938964844,13608300
2018-06-13,44.272178649902344,55.15999984741211,55.93000030517578,55.13999938964844,55.38999938964844,14901100
2018-06-14,43.93507766723633,54.7400016784668,55.349998474121094,54.47999954223633,55.33000183105469,18189100
2018-06-15,44.12770462036133,54.97999954223633,55.369998931884766,54.380001068115234,54.54999923706055,35715800
2018-06-18,44.20795822143555,55.08000183105469,55.22999954223633,54.43000030517578,54.5099983215332,17856700
2018-06-19,44.20795822143555,55.08000183105469,55.22999954223633,54.599998474121094,54.68000030517578,16654800
2018-06-20,43.72639846801758,54.47999954223633,55.59000015258789,54.439998626708984,55.459999084472656,16545600
2018-06-21,43.63810729980469,54.369998931884766,54.7599983215332,53.880001068115234,54.25,21191600
2018-06-22,43.292991638183594,53.939998626708984,55.04999923706055,53.779998779296875,54.959999084472656,24015000
2018-06-25,43.30902862548828,53.959999084472656,54.13999938964844,53.099998474121094,53.779998779296875,21069600
2018-06-26,42.8836669921875,53.43000030517578,53.939998626708984,53.02000045776367,53.900001525878906,14409100
2018-06-27,42.76325607299805,53.279998779296875,53.939998626708984,53.060001373291016,53.2400016784668,19520900
2018-06-28,43.0441780090332,53.630001068115234,53.86000061035156,53.02000045776367,53.54999923706055,13837300
2018-06-29,44.49690246582031,55.439998626708984,57.119998931884766,55.40999984741211,55.619998931884766,43888500
2018-07-02,45.20320510864258,56.31999969482422,56.380001068115234,55.06999969482422,55.20000076293945,21204900
2018-07-03,44.59320831298828,55.560001373291016,56.630001068115234,55.43000030517578,56.43000030517578,12830400
2018-07-05,44.33638000488281,55.2400016784668,56.08000183105469,55.04999923706055,55.91999816894531,16788600
2018-07-06,44.85806655883789,55.88999938964844,56.130001068115234,55.029998779296875,55.29999923706055,12389100
2018-07-09,45.56438446044922,56.77000045776367,56.970001220703125,56.0099983215332,56.189998626708984,16684000
2018-07-10,45.44398880004883,56.619998931884766,57.08000183105469,56.34000015258789,57.060001373291016,15581400
2018-07-11,45.0025520324707,56.06999969482422,56.75,55.97999954223633,56.400001525878906,15641400
2018-07-12,44.970455169677734,56.029998779296875,56.47999954223633,55.599998474121094,56.459999084472656,18236100
2018-07-13,44.43269348144531,55.36000061035156,55.790000915527344,53.630001068115234,54.7400016784668,34323400
2018-07-16,45.74095916748047,56.9900016784668,57.22999954223633,55.630001068115234,55.7400016784668,25538700
2018-07-17,45.395835876464844,56.560001373291016,57.029998779296875,56.43000030517578,56.95000076293945,21649000
2018-07-18,45.40386199951172,56.56999969482422,56.81999969482422,56.13999938964844,56.2599983215332,19913900
2018-07-19,45.21123123168945,56.33000183105469,56.880001068115234,56.02000045776367,56.2599983215332,22219400
2018-07-20,45.27544021606445,56.40999984741211,56.65999984741211,55.849998474121094,56.06999969482422,17250400
2018-07-23,46.55160140991211,58.0,58.09000015258789,56.29999923706055,56.38999938964844,24584100
2018-07-24,46.832515716552734,58.349998474121094,58.689998626708984,57.849998474121094,58.0,27245000
2018-07-25,46.736202239990234,58.22999954223633,58.5,57.849998474121094,58.099998474121094,15531100
2018-07-26,46.80039978027344,58.310001373291016,58.72999954223633,58.20000076293945,58.470001220703125,14165300
2018-07-27,47.057247161865234,58.630001068115234,58.900001525878906,58.15999984741211,58.380001068115234,17662900
2018-07-30,46.94487762451172,58.4900016784668,59.27000045776367,58.29999923706055,58.83000183105469,22699900
2018-07-31,45.98173904418945,57.290000915527344,58.709999084472656,57.20000076293945,58.61000061035156,21633800
2018-08-01,46.27067947387695,57.650001525878906,58.279998779296875,57.209999084472656,57.959999084472656,19192700
2018-08-02,46.784358978271484,58.290000915527344,58.45000076293945,57.08000183105469,57.08000183105469,13489100
2018-08-03,47.217769622802734,58.83000183105469,58.93000030517578,58.029998779296875,58.060001373291016,13720400
2018-08-06,47.26593017578125,58.88999938964844,59.029998779296875,58.189998626708984,58.58000183105469,13360500
2018-08-07,47.209747314453125,58.81999969482422,59.15999984741211,58.70000076293945,58.939998626708984,13810900
2018-08-08,47.5067024230957,59.189998626708984,59.5,58.7599983215332,58.7599983215332,13778600
2018-08-09,47.24798583984375,58.439998626708984,58.900001525878906,58.400001525878906,58.650001525878906,15859500
2018-08-10,46.93267059326172,58.04999923706055,58.41999816894531,57.380001068115234,57.380001068115234,16170100
2018-08-13,46.57694625854492,57.61000061035156,58.11000061035156,57.560001373291016,57.65999984741211,19541100
2018-08-14,46.948856353759766,58.06999969482422,58.2599983215332,57.66999816894531,57.66999816894531,14860400
2018-08-15,46.8841667175293,57.9900016784668,58.25,57.650001525878906,57.68000030517578,17378400
2018-08-16,47.42586135864258,58.65999984741211,58.810001373291016,58.04999923706055,58.13999938964844,19992500
2018-08-17,47.58755874633789,58.86000061035156,59.040000915527344,58.5099983215332,58.5099983215332,13737600
2018-08-20,47.72500228881836,59.029998779296875,59.209999084472656,58.66999816894531,58.810001373291016,11403400
2018-08-21,47.66840362548828,58.959999084472656,59.529998779296875,58.939998626708984,59.0,17943500
2018-08-22,47.83818817138672,59.16999816894531,59.5,58.83000183105469,59.040000915527344,20829600
2018-08-23,47.393516540527344,58.619998931884766,59.04999923706055,58.56999969482422,59.0,19655600
2018-08-24,47.45011901855469,58.689998626708984,58.91999816894531,58.66999816894531,58.900001525878906,14366600
2018-08-27,47.781593322753906,59.099998474121094,59.47999954223633,58.7599983215332,58.869998931884766,19915200
2018-08-28,47.7573356628418,59.06999969482422,59.33000183105469,58.9900016784668,59.189998626708984,19330200
2018-08-29,47.66840362548828,58.959999084472656,59.18000030517578,58.81999969482422,59.04999923706055,14436600
2018-08-30,47.264156341552734,58.459999084472656,59.08000183105469,58.43000030517578,58.66999816894531,14800900
2018-08-31,47.28032302856445,58.47999954223633,58.540000915527344,58.06999969482422,58.27000045776367,16720200
2018-09-04,47.53905487060547,58.79999923706055,58.95000076293945,58.06999969482422,58.45000076293945,19003700
2018-09-05,47.66032409667969,58.95000076293945,59.20000076293945,58.810001373291016,58.880001068115234,22332300
2018-09-06,46.835662841796875,57.93000030517578,59.15999984741211,57.93000030517578,58.90999984741211,20756900
2018-09-07,46.407161712646484,57.400001525878906,58.06999969482422,57.349998474121094,57.91999816894531,21482400
2018-09-10,46.45567321777344,57.459999084472656,57.84000015258789,57.310001373291016,57.619998931884766,15623000
2018-09-11,46.3909912109375,57.380001068115234,57.560001373291016,57.31999969482422,57.400001525878906,22160300
2018-09-12,45.226768493652344,55.939998626708984,57.38999938964844,55.79999923706055,57.33000183105469,23868800
2018-09-13,44.466796875,55.0,56.25,54.9900016784668,56.0099983215332,26954800
2018-09-14,44.24850082397461,54.72999954223633,55.560001373291016,54.70000076293945,55.189998626708984,20997600
2018-09-17,43.90892791748047,54.310001373291016,54.7599983215332,53.939998626708984,54.75,21959500
2018-09-18,44.06254196166992,54.5,54.70000076293945,54.040000915527344,54.25,22055200
2018-09-19,44.6446647644043,55.220001220703125,55.45000076293945,54.279998779296875,54.4900016784668,17046200
2018-09-20,44.911460876464844,55.54999923706055,55.810001373291016,54.9900016784668,55.630001068115234,20308000
2018-09-21,44.45869827270508,54.9900016784668,55.810001373291016,54.91999816894531,55.75,36158500
2018-09-24,43.86850357055664,54.2599983215332,55.15999984741211,54.2400016784668,54.79999923706055,19604700
2018-09-25,43.84425735473633,54.22999954223633,54.689998626708984,54.20000076293945,54.29999923706055,15207400
2018-09-26,42.97917938232422,53.15999984741211,54.45000076293945,53.02000045776367,54.380001068115234,22025100
2018-09-27,42.704288482666016,52.81999969482422,53.599998474121094,52.7599983215332,53.279998779296875,19991000
2018-09-28,42.494083404541016,52.560001373291016,52.97999954223633,52.40999984741211,52.689998626708984,18588600
2018-10-01,42.24345397949219,52.25,52.79999923706055,52.15999984741211,52.7400016784668,17209000
2018-10-02,42.14643478393555,52.130001068115234,52.349998474121094,51.880001068115234,52.2400016784668,17509600
2018-10-03,42.56684494018555,52.650001525878906,52.91999816894531,52.33000183105469,52.5,18444900
2018-10-04,43.262142181396484,53.5099983215332,53.86000061035156,52.72999954223633,52.72999954223633,21417500
2018-10-05,43.00343322753906,53.189998626708984,53.86000061035156,52.97999954223633,53.70000076293945,14793000
2018-10-08,43.39149475097656,53.66999816894531,53.959999084472656,52.97999954223633,52.97999954223633,12858200
2018-10-09,43.2783203125,53.529998779296875,53.970001220703125,52.97999954223633,53.380001068115234,15918300
2018-10-10,42.38898468017578,52.43000030517578,54.06999969482422,52.40999984741211,53.70000076293945,21875900
2018-10-11,41.58857727050781,51.439998626708984,52.84000015258789,51.0099983215332,52.380001068115234,33147900
2018-10-12,42.13026809692383,52.11000061035156,53.33000183105469,50.869998931884766,52.099998474121094,32067300
2018-10-15,43.043861389160156,53.2400016784668,53.9900016784668,52.5099983215332,52.5099983215332,34118900
2018-10-16,43.44001007080078,53.72999954223633,53.790000915527344,52.529998779296875,53.310001373291016,28227200
2018-10-17,44.030208587646484,54.459999084472656,55.0099983215332,53.189998626708984,53.560001373291016,23524200
2018-10-18,42.9306755065918,53.099998474121094,54.400001525878906,52.7599983215332,54.16999816894531,22533300
2018-10-19,42.760887145996094,52.88999938964844,53.630001068115234,52.86000061035156,53.08000183105469,19521000
2018-10-22,41.75837326049805,51.650001525878906,53.16999816894531,51.560001373291016,53.06999969482422,17621500
2018-10-23,41.68559265136719,51.560001373291016,51.95000076293945,50.470001220703125,50.84000015258789,25529800
2018-10-24,40.57796859741211,50.189998626708984,51.4900016784668,50.02000045776367,51.310001373291016,31161500
2018-10-25,41.92814254760742,51.86000061035156,52.61000061035156,50.41999816894531,50.529998779296875,29366100
2018-10-26,41.434967041015625,51.25,51.93000030517578,50.790000915527344,51.31999969482422,30053800
2018-10-29,42.22728729248047,52.22999954223633,53.150001525878906,51.59000015258789,51.880001068115234,30541300
2018-10-30,42.59918975830078,52.689998626708984,52.90999984741211,51.869998931884766,52.45000076293945,24910900
2018-10-31,43.03577423095703,53.22999954223633,54.029998779296875,53.029998779296875,53.040000915527344,23667400
2018-11-01,43.30257797241211,53.560001373291016,53.959999084472656,53.150001525878906,53.43000030517578,17654800
2018-11-02,43.342987060546875,53.61000061035156,54.630001068115234,53.11000061035156,54.209999084472656,18285600
2018-11-05,43.3834342956543,53.65999984741211,54.29999923706055,51.15999984741211,53.72999954223633,18990000
2018-11-06,43.29448699951172,53.54999923706055,53.709999084472656,52.959999084472656,53.36000061035156,20696800
2018-11-07,43.318748474121094,53.58000183105469,54.18000030517578,52.790000915527344,53.81999969482422,20668500
2018-11-08,43.3268928527832,53.15999984741211,53.599998474121094,52.86000061035156,52.900001525878906,22429200
2018-11-09,43.22909164428711,53.040000915527344,53.38999938964844,52.72999954223633,53.09000015258789,18972200
2018-11-12,42.666725158691406,52.349998474121094,53.58000183105469,52.279998779296875,53.130001068115234,19003300
2018-11-13,42.98458480834961,52.7400016784668,53.33000183105469,52.619998931884766,52.619998931884766,28102000
2018-11-14,42.50372314453125,52.150001525878906,53.290000915527344,51.4900016784668,53.13999938964844,24788400
2018-11-15,43.049774169921875,52.81999969482422,52.90999984741211,51.279998779296875,51.540000915527344,23220100
2018-11-16,43.14759063720703,52.939998626708984,53.18000030517578,52.47999954223633,52.650001525878906,18872500
2018-11-19,43.45730209350586,53.31999969482422,53.47999954223633,52.599998474121094,52.970001220703125,20215500
2018-11-20,42.82158279418945,52.540000915527344,53.2400016784668,52.36000061035156,53.04999923706055,22999200
2018-11-21,42.731929779052734,52.43000030517578,53.20000076293945,52.27000045776367,52.619998931884766,16946300
2018-11-23,42.242916107177734,51.83000183105469,52.290000915527344,51.61000061035156,51.970001220703125,11139400
2018-11-26,43.098690032958984,52.880001068115234,53.18000030517578,52.33000183105469,52.33000183105469,20581700
2018-11-27,43.351341247558594,53.189998626708984,53.31999969482422,52.45000076293945,52.689998626708984,18044600
2018-11-28,44.29677200317383,54.349998474121094,54.36000061035156,52.58000183105469,53.150001525878906,23713300
2018-11-29,44.04412078857422,54.040000915527344,54.41999816894531,53.790000915527344,53.970001220703125,14978400
2018-11-30,44.23973083496094,54.279998779296875,54.54999923706055,53.869998931884766,54.08000183105469,18939000
2018-12-03,44.20713424682617,54.2400016784668,55.040000915527344,53.599998474121094,54.779998779296875,21261700
2018-12-04,42.2021598815918,51.779998779296875,53.9900016784668,51.5099983215332,53.95000076293945,33280500
2018-12-06,41.63978576660156,51.09000015258789,51.13999938964844,50.02000045776367,50.650001525878906,40310200
2018-12-07,40.96330642700195,50.2599983215332,51.45000076293945,50.04999923706055,50.88999938964844,28510500
2018-12-10,39.773372650146484,48.79999923706055,50.06999969482422,48.29999923706055,50.06999969482422,34524600
2018-12-11,38.92573928833008,47.7599983215332,49.59000015258789,47.54999923706055,49.40999984741211,32388600
2018-12-12,38.90943908691406,47.7400016784668,48.29999923706055,46.849998474121094,48.290000915527344,42820000
2018-12-13,38.33076477050781,47.029998779296875,48.119998931884766,46.93000030517578,47.970001220703125,35227100
2018-12-14,37.93141174316406,46.540000915527344,47.4900016784668,46.380001068115234,46.54999923706055,25913000
2018-12-17,37.988460540771484,46.61000061035156,47.310001373291016,46.119998931884766,46.220001220703125,29443300
2018-12-18,37.91510772705078,46.52000045776367,47.52000045776367,46.31999969482422,46.939998626708984,26740000
2018-12-19,37.222320556640625,45.66999816894531,47.43000030517578,45.29999923706055,46.38999938964844,34287600
2018-12-20,37.523887634277344,46.040000915527344,46.77000045776367,45.33000183105469,45.400001525878906,43969900
2018-12-21,36.77407455444336,45.119998931884766,46.529998779296875,44.93000030517578,45.59000015258789,55577900
2018-12-24,35.53522491455078,43.599998474121094,45.099998474121094,43.599998474121094,44.470001220703125,18049900
2018-12-26,37.157142639160156,45.59000015258789,45.59000015258789,43.02000045776367,43.84000015258789,27770000
2018-12-27,37.10823059082031,45.529998779296875,45.529998779296875,43.849998474121094,44.720001220703125,27005300
2018-12-28,37.31198501586914,45.779998779296875,46.43000030517578,45.529998779296875,45.68000030517578,23635000
2018-12-31,37.55649185180664,46.08000183105469,46.47999954223633,45.56999969482422,45.97999954223633,16544500
2019-01-02,38.25743103027344,46.939998626708984,46.95000076293945,45.40999984741211,45.529998779296875,20295200
2019-01-03,37.95585632324219,46.56999969482422,47.349998474121094,46.369998931884766,46.650001525878906,22262000
2019-01-04,39.08060073852539,47.95000076293945,48.11000061035156,47.20000076293945,47.41999816894531,23343600
2019-01-07,38.82793426513672,47.63999938964844,48.22999954223633,47.540000915527344,47.779998779296875,21858000
2019-01-08,38.746437072753906,47.540000915527344,48.15999984741211,46.91999816894531,47.900001525878906,19702900
2019-01-09,38.958335876464844,47.79999923706055,47.97999954223633,47.08000183105469,47.5099983215332,18837700
2019-01-10,38.91759490966797,47.75,48.04999923706055,47.310001373291016,47.5,16208400
2019-01-11,39.01539993286133,47.869998931884766,48.09000015258789,47.18000030517578,47.5,20006900
2019-01-14,39.46365737915039,48.41999816894531,48.4900016784668,47.400001525878906,47.5099983215332,23827600
2019-01-15,38.85239028930664,47.66999816894531,48.25,47.0099983215332,47.599998474121094,27447600
2019-01-16,39.887474060058594,48.939998626708984,49.34000015258789,47.9900016784668,48.150001525878906,32026400
2019-01-17,40.12382888793945,49.22999954223633,49.36000061035156,48.400001525878906,48.63999938964844,25738800
2019-01-18,40.75955581665039,50.0099983215332,50.15999984741211,48.86000061035156,49.099998474121094,36380300
2019-01-22,40.637290954589844,49.86000061035156,50.099998474121094,49.630001068115234,49.77000045776367,33975200
2019-01-23,40.84920883178711,50.119998931884766,50.31999969482422,49.5,50.0,16806700
2019-01-24,40.73509979248047,49.97999954223633,50.34000015258789,49.650001525878906,49.790000915527344,17862100
2019-01-25,40.85736083984375,50.130001068115234,50.540000915527344,49.959999084472656,50.400001525878906,20183400
2019-01-28,40.604705810546875,49.81999969482422,49.900001525878906,49.20000076293945,49.77000045776367,19913100
2019-01-29,40.62914276123047,49.849998474121094,50.11000061035156,49.720001220703125,49.779998779296875,11927600
2019-01-30,40.82475662231445,50.09000015258789,50.349998474121094,49.59000015258789,49.84000015258789,16885100
2019-01-31,40.22439956665039,48.90999984741211,49.41999816894531,48.65999984741211,49.279998779296875,24934700
2019-02-01,40.22439956665039,48.90999984741211,49.08000183105469,48.790000915527344,49.0,21123500
2019-02-04,40.34775161743164,49.060001373291016,49.150001525878906,48.709999084472656,48.849998474121094,17547800
2019-02-05,40.52046585083008,49.27000045776367,49.31999969482422,48.75,49.27000045776367,14784900
2019-02-06,40.4793586730957,49.220001220703125,49.529998779296875,49.06999969482422,49.09000015258789,12145700
2019-02-07,39.54179000854492,48.08000183105469,49.29999923706055,47.709999084472656,49.09000015258789,24189700
2019-02-08,39.188148498535156,47.650001525878906,48.040000915527344,47.060001373291016,47.939998626708984,20641200
2019-02-11,39.188148498535156,47.650001525878906,47.959999084472656,47.380001068115234,47.869998931884766,15995900
2019-02-12,40.33952713012695,49.04999923706055,49.459999084472656,48.0099983215332,48.0099983215332,22033000
2019-02-13,40.31486129760742,49.02000045776367,49.709999084472656,48.88999938964844,49.2400016784668,13770900
2019-02-14,39.903656005859375,48.52000045776367,48.90999984741211,48.029998779296875,48.630001068115234,16456500
2019-02-15,40.4793586730957,49.220001220703125,49.41999816894531,48.4900016784668,49.09000015258789,19346200
2019-02-19,40.61093521118164,49.380001068115234,49.619998931884766,48.81999969482422,49.029998779296875,15121700
2019-02-20,40.96456527709961,49.810001373291016,49.880001068115234,49.29999923706055,49.43000030517578,16742600
2019-02-21,40.75896453857422,49.560001373291016,49.88999938964844,49.369998931884766,49.7599983215332,16938800
2019-02-22,40.31486129760742,49.02000045776367,49.75,48.95000076293945,49.599998474121094,15848200
2019-02-25,40.841217041015625,49.65999984741211,50.22999954223633,49.25,49.2599983215332,16564100
2019-02-26,40.783634185791016,49.59000015258789,50.13999938964844,49.34000015258789,49.4900016784668,16997800
2019-02-27,41.0385856628418,49.900001525878906,50.029998779296875,49.36000061035156,49.59000015258789,17455000
2019-02-28,41.03036117553711,49.88999938964844,50.130001068115234,49.72999954223633,49.97999954223633,17786600
2019-03-01,41.1455078125,50.029998779296875,50.84000015258789,49.869998931884766,50.22999954223633,19051400
2019-03-04,41.21128845214844,50.11000061035156,50.900001525878906,49.689998626708984,50.290000915527344,16697000
2019-03-05,41.03036117553711,49.88999938964844,50.04999923706055,49.33000183105469,50.029998779296875,14235400
2019-03-06,40.97278594970703,49.81999969482422,50.220001220703125,49.68000030517578,49.970001220703125,14211000
2019-03-07,40.85764694213867,49.68000030517578,49.849998474121094,49.290000915527344,49.709999084472656,19047300
2019-03-08,40.95634460449219,49.79999923706055,49.900001525878906,49.16999816894531,49.2599983215332,17400000
2019-03-11,40.923458099365234,49.7599983215332,50.099998474121094,49.630001068115234,50.0,19471500
2019-03-12,40.83298110961914,49.650001525878906,50.04999923706055,49.540000915527344,49.779998779296875,18299300
2019-03-13,41.0550422668457,49.91999816894531,50.08000183105469,49.61000061035156,49.869998931884766,21647300
2019-03-14,41.40867614746094,50.349998474121094,50.790000915527344,49.93000030517578,50.06999969482422,20160700
2019-03-15,41.66361618041992,50.65999984741211,50.79999923706055,50.0,50.220001220703125,46117300
2019-03-18,42.54361343383789,51.72999954223633,52.06999969482422,50.83000183105469,50.84000015258789,23843300
2019-03-19,42.28044128417969,51.40999984741211,52.41999816894531,51.34000015258789,52.41999816894531,19911900
2019-03-20,41.449790954589844,50.400001525878906,51.56999969482422,50.33000183105469,51.189998626708984,20632400
2019-03-21,41.00569152832031,49.86000061035156,50.13999938964844,49.16999816894531,49.97999954223633,24132800
2019-03-22,39.7309455871582,48.310001373291016,49.470001220703125,48.0,49.25,27975800
2019-03-25,39.54179000854492,48.08000183105469,48.88999938964844,47.849998474121094,48.41999816894531,17227600
2019-03-26,40.30663299560547,49.0099983215332,49.040000915527344,48.40999984741211,48.52000045776367,16989600
2019-03-27,40.10927200317383,48.77000045776367,49.189998626708984,48.45000076293945,48.939998626708984,16912000
2019-03-28,40.37242889404297,49.09000015258789,49.220001220703125,48.349998474121094,48.72999954223633,15881600
2019-03-29,39.73917007446289,48.31999969482422,49.79999923706055,47.79999923706055,49.79999923706055,53590800
2019-04-01,40.142154693603516,48.810001373291016,48.900001525878906,48.16999816894531,48.43000030517578,42015500
2019-04-02,39.6486930847168,48.209999084472656,48.880001068115234,47.959999084472656,48.56999969482422,35393600
2019-04-03,40.18328094482422,48.86000061035156,48.869998931884766,48.08000183105469,48.470001220703125,30366300
2019-04-04,40.4382209777832,49.16999816894531,49.68000030517578,48.880001068115234,48.95000076293945,19260100
2019-04-05,40.11748504638672,48.779998779296875,49.40999984741211,48.599998474121094,49.2599983215332,23734900
2019-04-08,40.19972610473633,48.880001068115234,49.099998474121094,48.58000183105469,48.63999938964844,18875200
2019-04-09,39.59114074707031,48.13999938964844,48.70000076293945,48.02000045776367,48.68000030517578,22903500
2019-04-10,39.30328369140625,47.790000915527344,48.189998626708984,47.400001525878906,48.08000183105469,30977800
2019-04-11,39.26217269897461,47.7400016784668,48.2599983215332,47.380001068115234,47.970001220703125,33662700
2019-04-12,38.234153747558594,46.4900016784668,48.81999969482422,46.060001373291016,47.75,70271400
2019-04-15,38.464420318603516,46.77000045776367,47.060001373291016,45.65999984741211,45.869998931884766,34954000
2019-04-16,39.188148498535156,47.650001525878906,47.869998931884766,46.869998931884766,46.880001068115234,25217100
2019-04-17,39.10590362548828,47.54999923706055,47.959999084472656,46.91999816894531,47.959999084472656,25144000
2019-04-18,39.130577087402344,47.58000183105469,47.869998931884766,47.119998931884766,47.439998626708984,22416800
2019-04-22,38.867401123046875,47.2599983215332,47.5,47.099998474121094,47.40999984741211,15972600
2019-04-23,38.941429138183594,47.349998474121094,47.439998626708984,46.95000076293945,47.20000076293945,16434300
2019-04-24,39.048343658447266,47.47999954223633,47.689998626708984,47.029998779296875,47.060001373291016,17831800
2019-04-25,39.07300567626953,47.5099983215332,47.959999084472656,46.90999984741211,47.16999816894531,23042800
2019-04-26,39.44310760498047,47.959999084472656,47.97999954223633,47.400001525878906,47.52000045776367,13035500
2019-04-29,39.69804382324219,48.27000045776367,48.790000915527344,47.959999084472656,47.970001220703125,16918700
2019-04-30,39.81319046020508,48.40999984741211,48.560001373291016,48.11000061035156,48.349998474121094,18525100
2019-05-01,39.66514587402344,48.22999954223633,48.849998474121094,47.9900016784668,48.31999969482422,17542100
2019-05-02,39.72272872924805,48.29999923706055,48.4900016784668,47.849998474121094,48.349998474121094,16883000
2019-05-03,40.010562896728516,48.650001525878906,48.77000045776367,48.349998474121094,48.52000045776367,16571300
2019-05-06,39.82963180541992,48.43000030517578,48.72999954223633,47.880001068115234,47.9900016784668,19279900
2019-05-07,38.79339599609375,47.16999816894531,48.15999984741211,46.90999984741211,48.04999923706055,23919100
2019-05-08,38.653587341308594,47.0,47.310001373291016,46.810001373291016,47.060001373291016,19814400
2019-05-09,38.81135940551758,46.7400016784668,46.83000183105469,45.779998779296875,46.0,23246900
2019-05-10,39.15180587768555,47.150001525878906,47.369998931884766,46.11000061035156,46.40999984741211,19983400
2019-05-13,38.47090530395508,46.33000183105469,46.9900016784668,46.2599983215332,46.279998779296875,23304700
2019-05-14,38.603763580322266,46.4900016784668,46.93000030517578,45.97999954223633,46.380001068115234,21267600
2019-05-15,38.06401062011719,45.84000015258789,46.349998474121094,45.4900016784668,46.02000045776367,20123300
2019-05-16,38.11384582519531,45.900001525878906,46.529998779296875,45.7599983215332,45.9900016784668,20764100
2019-05-17,37.94776916503906,45.70000076293945,46.22999954223633,45.40999984741211,45.439998626708984,22273500
2019-05-20,37.740177154541016,45.45000076293945,45.90999984741211,45.29999923706055,45.619998931884766,18854000
2019-05-21,38.47090530395508,46.33000183105469,46.36000061035156,45.52000045776367,45.619998931884766,18416300
2019-05-22,38.2799072265625,46.099998474121094,46.310001373291016,45.959999084472656,46.06999969482422,13155000
2019-05-23,37.831504821777344,45.560001373291016,45.86000061035156,45.06999969482422,45.83000183105469,17643700
2019-05-24,38.338035583496094,46.16999816894531,46.349998474121094,45.59000015258789,45.7599983215332,13425500
2019-05-28,37.8564338684082,45.59000015258789,46.25,45.58000183105469,46.06999969482422,19984600
2019-05-29,37.765079498291016,45.47999954223633,45.68000030517578,45.130001068115234,45.38999938964844,16058800
2019-05-30,37.40803146362305,45.04999923706055,45.849998474121094,44.880001068115234,45.689998626708984,13775900
2019-05-31,36.84337615966797,44.369998931884766,44.86000061035156,44.220001220703125,44.529998779296875,17540500
2019-06-03,36.967933654785156,44.52000045776367,45.11000061035156,44.20000076293945,44.2400016784668,20172500
2019-06-04,37.9311637878418,45.68000030517578,45.7599983215332,45.0099983215332,45.15999984741211,21082000
2019-06-05,38.080623626708984,45.86000061035156,45.900001525878906,45.29999923706055,45.869998931884766,13705400
2019-06-06,38.13044357299805,45.91999816894531,46.189998626708984,45.45000076293945,45.7400016784668,16020500
2019-06-07,37.8896484375,45.630001068115234,46.15999984741211,45.54999923706055,45.900001525878906,14979900
2019-06-10,38.42106628417969,46.27000045776367,46.810001373291016,46.060001373291016,46.060001373291016,15242700
2019-06-11,38.41277313232422,46.2599983215332,46.459999084472656,45.77000045776367,45.84000015258789,15078300
2019-06-12,37.29178237915039,44.90999984741211,46.27000045776367,44.779998779296875,46.0099983215332,22470400
2019-06-13,37.607322692871094,45.290000915527344,45.630001068115234,44.91999816894531,45.099998474121094,15629400
2019-06-14,37.8564338684082,45.59000015258789,45.790000915527344,44.84000015258789,45.310001373291016,16147500
2019-06-17,37.59071731567383,45.27000045776367,46.02000045776367,45.13999938964844,45.58000183105469,13420400
2019-06-18,38.2799072265625,46.099998474121094,46.38999938964844,45.060001373291016,45.25,18611100
2019-06-19,37.906246185302734,45.650001525878906,46.75,45.630001068115234,46.47999954223633,17787600
2019-06-20,38.080623626708984,45.86000061035156,45.9900016784668,45.2400016784668,45.849998474121094,19205200
2019-06-21,38.9359016418457,46.88999938964844,46.88999938964844,45.790000915527344,45.84000015258789,39186200
2019-06-24,38.42106628417969,46.27000045776367,46.689998626708984,46.22999954223633,46.54999923706055,21854400
2019-06-25,38.31312942504883,46.13999938964844,46.529998779296875,45.43000030517578,46.130001068115234,20814000
2019-06-26,38.03079605102539,45.79999923706055,46.279998779296875,45.779998779296875,46.209999084472656,17106800
2019-06-27,38.437679290771484,46.290000915527344,46.529998779296875,46.11000061035156,46.220001220703125,13391600
2019-06-28,39.292964935302734,47.31999969482422,47.70000076293945,46.79999923706055,46.810001373291016,31030900
2019-07-01,39.60019302368164,47.689998626708984,48.119998931884766,47.400001525878906,47.880001068115234,15089100
2019-07-02,39.218223571777344,47.22999954223633,47.79999923706055,46.91999816894531,47.52000045776367,12107200
2019-07-03,39.575279235839844,47.65999984741211,47.790000915527344,46.97999954223633,47.29999923706055,10438400
2019-07-05,39.666622161865234,47.77000045776367,48.189998626708984,47.66999816894531,48.099998474121094,10801600
2019-07-08,39.46733856201172,47.529998779296875,47.9900016784668,47.310001373291016,47.400001525878906,13189300
2019-07-09,39.71644592285156,47.83000183105469,47.88999938964844,47.209999084472656,47.29999923706055,12595000
2019-07-10,39.15180587768555,47.150001525878906,47.810001373291016,47.040000915527344,47.66999816894531,12784900
2019-07-11,39.14350128173828,47.13999938964844,47.58000183105469,47.060001373291016,47.209999084472656,19751400
2019-07-12,39.3261833190918,47.36000061035156,47.41999816894531,46.91999816894531,47.119998931884766,12792600
2019-07-15,38.78642272949219,46.709999084472656,47.45000076293945,46.439998626708984,47.400001525878906,21338400
2019-07-16,37.6156120300293,45.29999923706055,46.970001220703125,45.220001220703125,46.720001220703125,37548300
2019-07-17,37.54088592529297,45.209999084472656,45.75,45.13999938964844,45.20000076293945,24502100
2019-07-18,38.04740524291992,45.81999969482422,46.02000045776367,45.189998626708984,45.220001220703125,19409100
2019-07-19,38.2217903137207,46.029998779296875,46.40999984741211,45.86000061035156,45.959999084472656,21847900
2019-07-22,38.595455169677734,46.47999954223633,46.54999923706055,45.77000045776367,45.88999938964844,17972100
2019-07-23,39.19332504272461,47.20000076293945,47.59000015258789,46.65999984741211,46.68000030517578,21150200
2019-07-24,40.23127365112305,48.45000076293945,48.470001220703125,47.279998779296875,47.29999923706055,29357200
2019-07-25,39.932334899902344,48.09000015258789,48.7400016784668,48.0099983215332,48.52000045776367,20562000
2019-07-26,40.937095642089844,49.29999923706055,49.310001373291016,48.06999969482422,48.150001525878906,21641500
2019-07-29,40.090118408203125,48.279998779296875,49.56999969482422,48.18000030517578,49.380001068115234,19148600
2019-07-30,40.31431198120117,48.54999923706055,48.59000015258789,47.88999938964844,48.0099983215332,14207000
2019-07-31,40.19805908203125,48.40999984741211,48.97999954223633,48.11000061035156,48.2599983215332,23422800
2019-08-01,39.07707214355469,47.060001373291016,48.63999938964844,46.95000076293945,48.40999984741211,22668600
2019-08-02,39.392601013183594,47.439998626708984,47.61000061035156,46.369998931884766,47.11000061035156,20159000
2019-08-05,38.31312942504883,46.13999938964844,46.79999923706055,45.849998474121094,46.5,27113500
2019-08-06,38.9691276550293,46.93000030517578,47.029998779296875,45.81999969482422,46.61000061035156,19446100
2019-08-07,38.03910827636719,45.810001373291016,46.150001525878906,45.22999954223633,46.06999969482422,27830000
2019-08-08,38.962791442871094,46.400001525878906,46.63999938964844,45.54999923706055,45.689998626708984,20671300
2019-08-09,38.878822326660156,46.29999923706055,46.65999984741211,45.75,46.02000045776367,19786100
2019-08-12,38.148277282714844,45.43000030517578,45.90999984741211,45.33000183105469,45.5099983215332,17364400
2019-08-13,38.59332275390625,45.959999084472656,46.41999816894531,45.2599983215332,45.61000061035156,16649100
2019-08-14,36.92229461669922,43.970001220703125,45.099998474121094,43.939998626708984,45.02000045776367,28786700
2019-08-15,36.42685317993164,43.380001068115234,44.5,43.34000015258789,44.29999923706055,27900000
2019-08-16,37.27497482299805,44.38999938964844,44.540000915527344,43.630001068115234,43.7400016784668,21196600
2019-08-19,37.997127532958984,45.25,45.470001220703125,44.93000030517578,45.130001068115234,15378100
2019-08-20,37.518489837646484,44.68000030517578,45.040000915527344,44.630001068115234,45.040000915527344,13345800
2019-08-21,37.78720474243164,45.0,45.279998779296875,44.810001373291016,44.959999084472656,13513700
2019-08-22,38.30781936645508,45.619998931884766,45.83000183105469,45.060001373291016,45.33000183105469,14703900
2019-08-23,37.300148010253906,44.41999816894531,45.650001525878906,44.09000015258789,45.20000076293945,21152500
2019-08-26,37.77040100097656,44.97999954223633,45.0,44.4900016784668,44.709999084472656,15973100
2019-08-27,37.577274322509766,44.75,45.33000183105469,44.43000030517578,45.22999954223633,15038200
2019-08-28,38.181861877441406,45.470001220703125,45.779998779296875,44.4900016784668,44.63999938964844,14740000
2019-08-29,38.78644561767578,46.189998626708984,46.4900016784668,45.779998779296875,46.0,16196600
2019-08-30,39.10554885864258,46.56999969482422,46.900001525878906,46.40999984741211,46.540000915527344,15250600
2019-09-03,38.70248031616211,46.09000015258789,46.34000015258789,45.47999954223633,46.310001373291016,17224200
2019-09-04,39.04677200317383,46.5,46.70000076293945,46.279998779296875,46.540000915527344,17123100
2019-09-05,39.98725128173828,47.619998931884766,48.16999816894531,47.29999923706055,47.310001373291016,19243400
2019-09-06,39.59259033203125,47.150001525878906,47.77000045776367,47.099998474121094,47.58000183105469,18846100
2019-09-09,40.65061950683594,48.40999984741211,48.63999938964844,46.88999938964844,47.31999969482422,27651400
2019-09-10,40.566654205322266,48.310001373291016,48.93000030517578,48.06999969482422,48.06999969482422,25822400
2019-09-11,41.020103454589844,48.849998474121094,48.97999954223633,47.790000915527344,48.290000915527344,19190000
2019-09-12,40.85215377807617,48.650001525878906,49.08000183105469,48.220001220703125,48.52000045776367,24305900
2019-09-13,41.078880310058594,48.91999816894531,49.36000061035156,48.65999984741211,49.0099983215332,25142400
2019-09-16,41.12926483154297,48.97999954223633,49.0,48.400001525878906,48.459999084472656,17759700
2019-09-17,40.94452667236328,48.7599983215332,48.86000061035156,48.310001373291016,48.70000076293945,18346100
2019-09-18,41.08727264404297,48.93000030517578,49.209999084472656,48.43000030517578,48.630001068115234,20511700
2019-09-19,41.07048416137695,48.90999984741211,49.310001373291016,48.869998931884766,48.9900016784668,16887500
2019-09-20,40.83536148071289,48.630001068115234,49.29999923706055,48.61000061035156,49.06999969482422,30229400
2019-09-23,41.11246109008789,48.959999084472656,49.09000015258789,48.310001373291016,48.31999969482422,20603400
2019-09-24,40.85215377807617,48.650001525878906,49.220001220703125,48.470001220703125,48.97999954223633,21629300
2019-09-25,41.364376068115234,49.2599983215332,49.540000915527344,48.650001525878906,48.72999954223633,21313100
2019-09-26,41.03688049316406,48.869998931884766,49.369998931884766,48.81999969482422,49.25,19984000
2019-09-27,42.581966400146484,50.709999084472656,51.40999984741211,50.25,50.400001525878906,59467400
2019-09-30,42.35524368286133,50.439998626708984,50.849998474121094,50.060001373291016,50.77000045776367,26897100
2019-10-01,41.196441650390625,49.060001373291016,50.779998779296875,49.0,50.650001525878906,27249300
2019-10-02,40.70100784301758,48.470001220703125,49.040000915527344,48.369998931884766,48.720001220703125,23515900
2019-10-03,40.70940017700195,48.47999954223633,48.5099983215332,47.31999969482422,48.29999923706055,20212200
2019-10-04,41.322391510009766,49.209999084472656,49.25,48.529998779296875,48.65999984741211,15779500
2019-10-07,40.986515045166016,48.810001373291016,49.290000915527344,48.75,48.95000076293945,15691900
2019-10-08,40.15519714355469,47.81999969482422,48.349998474121094,47.540000915527344,48.25,19734000
2019-10-09,40.43228530883789,48.150001525878906,48.41999816894531,48.08000183105469,48.16999816894531,13467800
2019-10-10,40.85215377807617,48.650001525878906,49.06999969482422,48.15999984741211,48.33000183105469,18267800
2019-10-11,41.322391510009766,49.209999084472656,49.91999816894531,49.150001525878906,49.459999084472656,23024600
2019-10-14,41.372779846191406,49.27000045776367,49.45000076293945,48.97999954223633,49.09000015258789,16870500
2019-10-15,42.078128814697266,50.11000061035156,51.25,48.779998779296875,49.279998779296875,38478400
2019-10-16,41.641475677490234,49.59000015258789,50.279998779296875,49.45000076293945,50.040000915527344,23728400
2019-10-17,41.65827560424805,49.61000061035156,50.16999816894531,49.47999954223633,49.97999954223633,20560100
2019-10-18,41.96058654785156,49.970001220703125,50.220001220703125,49.31999969482422,49.34000015258789,21199500
2019-10-21,42.372039794921875,50.459999084472656,50.5,50.18000030517578,50.279998779296875,19409100
2019-10-22,42.50638961791992,50.619998931884766,51.02000045776367,50.22999954223633,50.439998626708984,18526900
2019-10-23,42.76670837402344,50.93000030517578,50.970001220703125,50.56999969482422,50.720001220703125,14173700
2019-10-24,42.909461975097656,51.099998474121094,51.20000076293945,50.65999984741211,50.65999984741211,16695400
2019-10-25,43.304134368896484,51.56999969482422,51.72999954223633,51.0,51.08000183105469,17433300
2019-10-28,43.37129592895508,51.650001525878906,52.04999923706055,51.56999969482422,51.939998626708984,23914800
2019-10-29,43.807945251464844,52.16999816894531,52.36000061035156,51.5,51.5,21063000
2019-10-30,43.69038391113281,52.029998779296875,52.279998779296875,51.619998931884766,51.880001068115234,16155900
2019-10-31,43.35451889038086,51.630001068115234,52.029998779296875,51.150001525878906,51.77000045776367,18814700
2019-11-01,43.81634521484375,52.18000030517578,52.290000915527344,51.90999984741211,52.130001068115234,16359300
2019-11-04,44.269798278808594,52.720001220703125,52.79999923706055,52.2400016784668,52.58000183105469,17559900
2019-11-05,44.7568359375,53.29999923706055,53.5,52.7400016784668,52.7400016784668,25965300
2019-11-06,45.176692962646484,53.79999923706055,53.84000015258789,53.16999816894531,53.290000915527344,22051100
2019-11-07,45.77859115600586,54.0,54.400001525878906,53.779998779296875,53.779998779296875,23452500
2019-11-08,45.863365173339844,54.099998474121094,54.22999954223633,53.560001373291016,53.83000183105469,14722100
2019-11-11,45.82098388671875,54.04999923706055,54.13999938964844,53.72999954223633,53.790000915527344,10659400
2019-11-12,45.96509552001953,54.220001220703125,54.2400016784668,53.619998931884766,53.75,15187600
2019-11-13,45.176692962646484,53.290000915527344,53.900001525878906,53.209999084472656,53.810001373291016,16846800
2019-11-14,45.34624099731445,53.4900016784668,53.560001373291016,53.099998474121094,53.220001220703125,16491400
2019-11-15,45.60905456542969,53.79999923706055,53.939998626708984,53.43000030517578,53.779998779296875,15225300
2019-11-18,45.77859115600586,54.0,54.11000061035156,53.650001525878906,53.84000015258789,14374600
2019-11-19,45.80403137207031,54.029998779296875,54.33000183105469,53.869998931884766,54.099998474121094,14434100
2019-11-20,45.38862991333008,53.540000915527344,53.86000061035156,53.25,53.72999954223633,14994700
2019-11-21,45.40559387207031,53.560001373291016,53.93000030517578,53.34000015258789,53.84000015258789,16186100
2019-11-22,46.01596450805664,54.279998779296875,54.349998474121094,53.810001373291016,53.900001525878906,13823400
2019-11-25,45.95662307739258,54.209999084472656,54.529998779296875,54.040000915527344,54.529998779296875,15561000
2019-11-26,45.617530822753906,53.810001373291016,54.119998931884766,53.72999954223633,54.11000061035156,18078900
2019-11-27,46.06683349609375,54.34000015258789,54.400001525878906,54.0099983215332,54.150001525878906,16352900
2019-11-29,46.16856002807617,54.459999084472656,54.75,54.06999969482422,54.06999969482422,10508600
2019-12-02,45.456451416015625,53.619998931884766,54.439998626708984,53.54999923706055,54.310001373291016,20252700
2019-12-03,44.57478713989258,52.58000183105469,53.04999923706055,52.16999816894531,53.0099983215332,25560700
2019-12-04,45.134307861328125,53.2400016784668,53.47999954223633,52.540000915527344,52.599998474121094,18867400
2019-12-05,45.125823974609375,53.22999954223633,53.529998779296875,53.099998474121094,53.40999984741211,13499700
2019-12-06,46.092254638671875,54.369998931884766,54.40999984741211,53.689998626708984,53.86000061035156,18325700
2019-12-09,45.710777282714844,53.91999816894531,54.54999923706055,53.90999984741211,54.16999816894531,15070800
2019-12-10,45.51580047607422,53.689998626708984,53.869998931884766,53.380001068115234,53.4900016784668,15959100
2019-12-11,45.07496643066406,53.16999816894531,53.97999954223633,53.06999969482422,53.7400016784668,16834200
2019-12-12,46.08378982543945,54.36000061035156,54.54999923706055,53.099998474121094,53.369998931884766,19119500
2019-12-13,45.60056686401367,53.790000915527344,54.41999816894531,53.43000030517578,54.04999923706055,19179300
2019-12-16,45.96509552001953,54.220001220703125,54.560001373291016,54.220001220703125,54.2400016784668,19793500
2019-12-17,46.06683349609375,54.34000015258789,54.5099983215332,53.9900016784668,54.11000061035156,16723400
2019-12-18,45.49884033203125,53.66999816894531,54.459999084472656,53.630001068115234,54.459999084472656,18857000
2019-12-19,45.46493148803711,53.630001068115234,53.83000183105469,53.41999816894531,53.7400016784668,18133300
2019-12-20,45.210601806640625,53.33000183105469,54.04999923706055,53.06999969482422,54.04999923706055,66318000
2019-12-23,45.617530822753906,53.810001373291016,54.0,53.25,53.34000015258789,17637700
2019-12-24,45.62599563598633,53.81999969482422,54.040000915527344,53.7400016784668,53.95000076293945,4635500
2019-12-26,45.905757904052734,54.150001525878906,54.38999938964844,53.95000076293945,54.04999923706055,12517100
2019-12-27,45.710777282714844,53.91999816894531,54.31999969482422,53.869998931884766,54.290000915527344,9892000
2019-12-30,45.439491271972656,53.599998474121094,54.2599983215332,53.5,54.16999816894531,10900500
2019-12-31,45.60905456542969,53.79999923706055,53.81999969482422,53.459999084472656,53.529998779296875,12566000
2020-01-02,45.5666618347168,53.75,54.040000915527344,53.5099983215332,53.849998474121094,16803100
2020-01-03,45.28689956665039,53.41999816894531,53.619998931884766,52.900001525878906,53.11000061035156,15608800
2020-01-06,45.015621185302734,53.099998474121094,53.20000076293945,52.720001220703125,52.7400016784668,13200300
2020-01-07,44.64260482788086,52.65999984741211,53.04999923706055,52.470001220703125,53.04999923706055,13278600
2020-01-08,44.77824020385742,52.81999969482422,53.33000183105469,52.79999923706055,52.84000015258789,16585600
2020-01-09,44.70195770263672,52.72999954223633,53.20000076293945,52.47999954223633,53.20000076293945,20817400
2020-01-10,44.5069694519043,52.5,52.900001525878906,52.47999954223633,52.790000915527344,13777600
2020-01-13,44.176353454589844,52.11000061035156,52.5,51.83000183105469,52.5,25197600
2020-01-14,41.794158935546875,49.29999923706055,50.7400016784668,49.25,50.22999954223633,56668300
2020-01-15,40.96336364746094,48.31999969482422,48.84000015258789,47.97999954223633,48.83000183105469,47148000
2020-01-16,41.75178146362305,49.25,49.31999969482422,47.84000015258789,48.459999084472656,37020200
2020-01-17,41.69242858886719,49.18000030517578,49.41999816894531,48.529998779296875,49.369998931884766,29669200
2020-01-21,41.48896789550781,48.939998626708984,49.880001068115234,48.79999923706055,49.09000015258789,30858300
2020-01-22,41.16681671142578,48.560001373291016,49.09000015258789,48.290000915527344,49.029998779296875,20367700
2020-01-23,40.87859344482422,48.220001220703125,48.45000076293945,47.97999954223633,48.38999938964844,17297900
2020-01-24,40.327552795410156,47.56999969482422,48.209999084472656,47.18000030517578,48.189998626708984,21239600
2020-01-27,39.929107666015625,47.099998474121094,47.41999816894531,46.7400016784668,46.88999938964844,18156200
2020-01-28,40.15799331665039,47.369998931884766,47.790000915527344,47.279998779296875,47.5099983215332,16673300
2020-01-29,40.0732307434082,47.27000045776367,47.900001525878906,47.2599983215332,47.41999816894531,16166300
2020-01-30,40.61579513549805,47.90999984741211,47.95000076293945,47.040000915527344,47.16999816894531,14760200
2020-01-31,39.79346466064453,46.939998626708984,47.45000076293945,46.75,47.41999816894531,23080400
2020-02-03,39.946067810058594,47.119998931884766,47.720001220703125,47.029998779296875,47.2400016784668,15471100
2020-02-04,40.06475067138672,47.2599983215332,47.84000015258789,47.25,47.70000076293945,14973300
2020-02-05,40.954891204833984,48.310001373291016,48.400001525878906,47.779998779296875,47.900001525878906,20141800
2020-02-06,41.10911178588867,47.97999954223633,48.5,47.849998474121094,48.439998626708984,18259200
2020-02-07,40.989158630371094,47.84000015258789,48.0,47.47999954223633,47.72999954223633,13174600
2020-02-10,40.92918014526367,47.77000045776367,47.86000061035156,47.41999816894531,47.66999816894531,18124800
2020-02-11,41.1176872253418,47.9900016784668,48.34000015258789,47.939998626708984,48.08000183105469,13686100
2020-02-12,40.946319580078125,47.790000915527344,48.4900016784668,47.7599983215332,48.220001220703125,16668100
2020-02-13,41.22905731201172,48.119998931884766,48.18000030517578,47.54999923706055,47.619998931884766,12530000
2020-02-14,41.31474685668945,48.220001220703125,48.31999969482422,47.75,48.13999938964844,15526400
2020-02-18,40.26087951660156,46.9900016784668,48.119998931884766,46.529998779296875,47.970001220703125,22423800
2020-02-19,40.3465690612793,47.09000015258789,47.349998474121094,46.97999954223633,47.25,15602500
2020-02-20,40.560768127441406,47.34000015258789,47.40999984741211,46.68000030517578,47.0,15965500
2020-02-21,40.869205474853516,47.70000076293945,47.849998474121094,47.099998474121094,47.47999954223633,21729100
2020-02-24,39.74679946899414,46.38999938964844,46.95000076293945,46.2599983215332,46.58000183105469,23075900
2020-02-25,38.65867233276367,45.119998931884766,46.66999816894531,44.959999084472656,46.290000915527344,31110100
2020-02-26,37.81900405883789,44.13999938964844,45.650001525878906,44.130001068115234,45.47999954223633,27372600
2020-02-27,36.38815689086914,42.470001220703125,44.31999969482422,42.43000030517578,43.31999969482422,41180000
2020-02-28,35.00014877319336,40.849998474121094,41.869998931884766,39.75,41.310001373291016,71703000
2020-03-02,36.208221435546875,42.2599983215332,42.279998779296875,39.459999084472656,40.97999954223633,44231200
2020-03-03,34.725982666015625,40.529998779296875,42.900001525878906,40.029998779296875,42.060001373291016,45091000
2020-03-04,35.471397399902344,41.400001525878906,41.43000030517578,39.959999084472656,41.0099983215332,33881500
2020-03-05,33.32938766479492,38.900001525878906,40.0099983215332,38.56999969482422,40.0,45037900
2020-03-06,31.778596878051758,37.09000015258789,37.68000030517578,36.33000183105469,37.0,56766500
2020-03-09,27.828763961791992,32.47999954223633,34.47999954223633,32.220001220703125,33.720001220703125,53277200
2020-03-10,30.056427001953125,35.08000183105469,35.08000183105469,32.279998779296875,34.630001068115234,40078700
2020-03-11,27.700241088867188,32.33000183105469,34.27000045776367,32.0099983215332,34.04999923706055,44769500
2020-03-12,23.304866790771484,27.200000762939453,30.860000610351562,27.1200008392334,29.809999465942383,68447600
2020-03-13,26.466455459594727,30.889999389648438,31.760000228881836,27.770000457763672,30.149999618530273,78365700
2020-03-16,22.70511245727539,26.5,29.229999542236328,26.299999237060547,26.34000015258789,57466700
2020-03-17,25.386884689331055,29.6299991607666,30.6200008392334,25.889999389648438,27.6299991607666,58112800
2020-03-18,24.093122482299805,28.1200008392334,28.889999389648438,26.899999618530273,27.700000762939453,51904100
2020-03-19,24.23878288269043,28.290000915527344,29.110000610351562,26.290000915527344,27.65999984741211,53123500
2020-03-20,22.70511245727539,26.5,28.75,26.18000030517578,28.68000030517578,73915800
2020-03-23,21.634119033813477,25.25,26.8700008392334,25.110000610351562,26.260000228881836,47064100
2020-03-24,24.778560638427734,28.920000076293945,29.170000076293945,26.329999923706055,26.959999084472656,48630300
2020-03-25,24.8214054107666,28.969999313354492,30.299999237060547,27.770000457763672,29.0,53341100
2020-03-26,26.47501564025879,30.899999618530273,31.389999389648438,29.079999923706055,29.329999923706055,45494700
2020-03-27,25.943805694580078,30.280000686645508,31.290000915527344,29.079999923706055,30.020000457763672,38942800
2020-03-30,25.635360717773438,29.920000076293945,30.479999542236328,28.889999389648438,30.360000610351562,41232800
2020-03-31,24.590070724487305,28.700000762939453,29.75,28.15999984741211,29.40999984741211,36920300
2020-04-01,22.765090942382812,26.56999969482422,27.3700008392334,26.200000762939453,27.020000457763672,48497400
2020-04-02,23.322011947631836,27.219999313354492,27.530000686645508,26.3799991607666,26.469999313354492,33113500
2020-04-03,22.473783493041992,26.229999542236328,27.360000610351562,25.90999984741211,27.0,32735800
2020-04-06,24.53009796142578,28.6299991607666,28.829999923706055,27.399999618530273,27.40999984741211,36056100
2020-04-07,24.65004539489746,28.770000457763672,30.780000686645508,28.709999084472656,30.75,39229900
2020-04-08,25.943805694580078,30.280000686645508,30.479999542236328,28.68000030517578,29.34000015258789,42213700
2020-04-09,28.445655822753906,33.20000076293945,33.90999984741211,31.100000381469727,31.1200008392334,62462000
2020-04-13,26.92912483215332,31.43000030517578,33.2400016784668,31.40999984741211,33.220001220703125,36068900
2020-04-14,25.85813331604004,30.18000030517578,32.5,29.559999465942383,32.11000061035156,64267100
2020-04-15,24.36730194091797,28.440000534057617,29.110000610351562,28.219999313354492,28.770000457763672,41883900
2020-04-16,23.039260864257812,26.889999389648438,28.280000686645508,26.65999984741211,28.280000686645508,52962100
2020-04-17,24.315887451171875,28.3799991607666,28.780000686645508,27.799999237060547,28.149999618530273,46985000
2020-04-20,23.71613883972168,27.68000030517578,28.889999389648438,26.920000076293945,27.329999923706055,45441600
2020-04-21,22.996429443359375,26.84000015258789,27.25,26.5,26.899999618530273,41918700
2020-04-22,22.9621524810791,26.799999237060547,27.579999923706055,26.700000762939453,27.5,28043300
2020-04-23,22.730823516845703,26.530000686645508,27.209999084472656,26.420000076293945,26.950000762939453,38331500
2020-04-24,23.064970016479492,26.920000076293945,27.290000915527344,26.3700008392334,26.799999237060547,35135900
2020-04-27,24.341594696044922,28.40999984741211,28.579999923706055,27.15999984741211,27.3700008392334,39606100
2020-04-28,24.735727310180664,28.8700008392334,29.920000076293945,28.59000015258789,29.600000381469727,35188000
2020-04-29,25.703901290893555,30.0,30.459999084472656,29.649999618530273,30.100000381469727,38515200
2020-04-30,24.88994598388672,29.049999237060547,29.610000610351562,28.600000381469727,29.31999969482422,29506100
2020-05-01,23.639022827148438,27.59000015258789,28.530000686645508,27.280000686645508,28.5,35197600
2020-05-04,23.433387756347656,27.350000381469727,27.450000762939453,26.600000381469727,26.959999084472656,34343900
2020-05-05,22.550893783569336,26.31999969482422,27.799999237060547,26.25,27.520000457763672,56753400
2020-05-06,21.94256591796875,25.610000610351562,26.649999618530273,25.399999618530273,26.459999084472656,57732900
2020-05-07,22.056211471557617,25.229999542236328,26.100000381469727,25.139999389648438,25.59000015258789,52387000
2020-05-08,22.23105812072754,25.43000030517578,25.780000686645508,25.229999542236328,25.639999389648438,53725300
2020-05-11,21.662822723388672,24.780000686645508,25.229999542236328,24.600000381469727,25.110000610351562,51444200
2020-05-12,21.015913009643555,24.040000915527344,25.270000457763672,24.0,24.959999084472656,53560500
2020-05-13,19.69585418701172,22.530000686645508,23.950000762939453,22.0,23.950000762939453,90209900
2020-05-14,21.03339385986328,24.059999465942383,24.59000015258789,22.020000457763672,22.1299991607666,87965500
2020-05-15,20.421445846557617,23.360000610351562,23.829999923706055,23.079999923706055,23.690000534057617,51616700
2020-05-18,22.213565826416016,25.40999984741211,25.59000015258789,24.34000015258789,24.549999237060547,55684400
2020-05-19,20.937227249145508,23.950000762939453,25.149999618530273,23.920000076293945,25.0,48234300
2020-05-20,21.435527801513672,24.520000457763672,24.739999771118164,24.360000610351562,24.489999771118164,45297100
2020-05-21,21.383073806762695,24.459999084472656,24.850000381469727,24.31999969482422,24.389999389648438,28376500
2020-05-22,21.12955665588379,24.170000076293945,24.489999771118164,23.920000076293945,24.440000534057617,30415300
2020-05-26,22.95664405822754,26.260000228881836,26.510000228881836,25.040000915527344,25.049999237060547,57720300
2020-05-27,24.43405532836914,27.950000762939453,28.260000228881836,26.84000015258789,27.799999237060547,61963000
2020-05-28,23.795881271362305,27.219999313354492,28.3700008392334,27.1200008392334,28.31999969482422,51490200
2020-05-29,23.140226364135742,26.469999313354492,27.06999969482422,26.09000015258789,26.5,51336900
2020-06-01,23.682235717773438,27.09000015258789,27.59000015258789,26.3700008392334,26.610000610351562,34201700
2020-06-02,23.95323944091797,27.399999618530273,27.989999771118164,27.15999984741211,27.579999923706055,39058000
2020-06-03,25.20335578918457,28.829999923706055,29.190000534057617,28.34000015258789,28.389999389648438,50814000
2020-06-04,26.418495178222656,30.219999313354492,30.25,28.639999389648438,29.479999542236328,61839200
2020-06-05,27.686100006103516,31.670000076293945,33.88999938964844,31.459999084472656,33.88999938964844,107651200
2020-06-08,29.1285400390625,33.31999969482422,33.43000030517578,32.27000045776367,32.900001525878906,69051300
2020-06-09,28.52533721923828,32.630001068115234,33.08000183105469,31.510000228881836,32.439998626708984,51480400
2020-06-10,25.97265625,29.709999084472656,32.33000183105469,29.649999618530273,32.29999923706055,82090000
2020-06-11,23.41997528076172,26.790000915527344,28.43000030517578,26.700000762939453,27.200000762939453,75621300
2020-06-12,24.451536178588867,27.969999313354492,28.229999542236328,27.350000381469727,28.0,51301200
2020-06-15,24.661344528198242,28.209999084472656,28.389999389648438,26.559999465942383,26.860000610351562,48311400
2020-06-16,24.932348251342773,28.520000457763672,29.649999618530273,27.770000457763672,29.43000030517578,52985600
2020-06-17,23.9969482421875,27.450000762939453,28.549999237060547,27.350000381469727,28.5,38660800
2020-06-18,24.084365844726562,27.549999237060547,27.93000030517578,26.93000030517578,27.100000381469727,33670200
2020-06-19,24.128080368041992,27.600000381469727,28.049999237060547,27.010000228881836,28.0,71903000
2020-06-22,23.909528732299805,27.350000381469727,27.6299991607666,26.889999389648438,27.270000457763672,32808300
2020-06-23,23.80462074279785,27.229999542236328,28.290000915527344,27.190000534057617,27.780000686645508,47279100
2020-06-24,22.834257125854492,26.1200008392334,27.030000686645508,25.989999771118164,26.959999084472656,57380900
2020-06-25,23.927013397216797,27.3700008392334,27.40999984741211,25.889999389648438,25.959999084472656,45102200
2020-06-26,22.152372360229492,25.34000015258789,26.399999618530273,25.25,26.100000381469727,81172300
2020-06-29,22.467086791992188,25.700000762939453,25.899999618530273,25.260000228881836,25.59000015258789,43769200
2020-06-30,22.37967300415039,25.600000381469727,25.8700008392334,25.170000076293945,25.209999084472656,46610000
2020-07-01,21.93382453918457,25.09000015258789,25.959999084472656,24.93000030517578,25.729999542236328,37509300
2020-07-02,22.152372360229492,25.34000015258789,26.170000076293945,25.100000381469727,25.75,37013300
2020-07-06,22.283504486083984,25.489999771118164,26.020000457763672,24.979999542236328,25.81999969482422,46983100
2020-07-07,21.383073806762695,24.459999084472656,25.219999313354492,24.34000015258789,25.200000762939453,36920500
2020-07-08,21.461755752563477,24.549999237060547,24.780000686645508,24.06999969482422,24.440000534057617,38413400
2020-07-09,21.015913009643555,24.040000915527344,24.780000686645508,23.709999084472656,24.5,38118900
2020-07-10,22.266021728515625,25.469999313354492,25.530000686645508,24.149999618530273,24.18000030517578,56483300
2020-07-13,22.213565826416016,25.40999984741211,26.040000915527344,24.940000534057617,25.81999969482422,51038800
2020-07-14,21.199491500854492,24.25,24.389999389648438,23.329999923706055,23.920000076293945,118952600
2020-07-15,22.161115646362305,25.350000381469727,25.549999237060547,24.84000015258789,24.979999542236328,61714300
2020-07-16,22.25727653503418,25.459999084472656,26.09000015258789,24.81999969482422,24.90999984741211,48676800
2020-07-17,21.811431884765625,24.950000762939453,25.639999389648438,24.860000610351562,25.489999771118164,39184100
2020-07-20,21.479238510131836,24.56999969482422,24.8799991607666,24.399999618530273,24.719999313354492,38682200
2020-07-21,22.904193878173828,26.200000762939453,26.280000686645508,24.709999084472656,24.75,58395200
2020-07-22,22.95664405822754,26.260000228881836,26.350000381469727,25.81999969482422,26.1299991607666,41030500
2020-07-23,23.035327911376953,26.350000381469727,26.510000228881836,25.700000762939453,26.15999984741211,50791000
2020-07-24,22.95664405822754,26.260000228881836,26.850000381469727,26.200000762939453,26.469999313354492,39357000
2020-07-27,22.283504486083984,25.489999771118164,26.020000457763672,25.25,26.020000457763672,34761000
2020-07-28,22.31847381591797,25.530000686645508,25.700000762939453,25.329999923706055,25.329999923706055,30505200
2020-07-29,22.537025451660156,25.780000686645508,25.81999969482422,25.0,25.450000762939453,31442100
2020-07-30,21.54917335510254,24.649999618530273,25.239999771118164,24.5,25.190000534057617,51019200
2020-07-31,21.20823097229004,24.260000228881836,24.65999984741211,24.079999923706055,24.5,45537900
2020-08-03,21.234460830688477,24.290000915527344,24.5,23.899999618530273,24.25,27863700
2020-08-04,21.17326545715332,24.219999313354492,24.290000915527344,24.030000686645508,24.200000762939453,28106900
2020-08-05,21.33062171936035,24.399999618530273,24.75,24.34000015258789,24.399999618530273,32935400
2020-08-06,21.277952194213867,24.239999771118164,24.5,24.1200008392334,24.200000762939453,44670300
2020-08-07,22.00653076171875,25.06999969482422,25.219999313354492,24.0,24.1299991607666,46272400
2020-08-10,21.681751251220703,24.700000762939453,25.479999542236328,24.219999313354492,25.219999313354492,50602600
2020-08-11,22.225984573364258,25.31999969482422,26.139999389648438,25.200000762939453,25.290000915527344,55000100
2020-08-12,22.11186408996582,25.190000534057617,26.139999389648438,24.719999313354492,25.979999542236328,42868500
2020-08-13,21.962642669677734,25.020000457763672,25.229999542236328,24.68000030517578,24.950000762939453,27387800
2020-08-14,22.208425521850586,25.299999237060547,25.489999771118164,24.639999389648438,24.790000915527344,26743400
2020-08-17,21.479846954345703,24.469999313354492,25.139999389648438,24.440000534057617,25.030000686645508,36661700
2020-08-18,21.102394104003906,24.040000915527344,24.450000762939453,24.010000228881836,24.420000076293945,29680700
2020-08-19,21.128725051879883,24.06999969482422,24.389999389648438,23.84000015258789,24.010000228881836,33667800
2020-08-20,20.84783363342285,23.75,23.940000534057617,23.600000381469727,23.739999771118164,36022100
2020-08-21,20.751270294189453,23.639999389648438,23.90999984741211,23.520000457763672,23.639999389648438,27198000
2020-08-24,21.497404098510742,24.489999771118164,24.510000228881836,23.610000610351562,23.799999237060547,36906700
2020-08-25,21.60274314880371,24.610000610351562,24.889999389648438,24.299999237060547,24.739999771118164,35077300
2020-08-26,21.102394104003906,24.040000915527344,24.579999923706055,24.040000915527344,24.510000228881836,28348200
2020-08-27,21.585182189941406,24.59000015258789,24.780000686645508,23.969999313354492,23.989999771118164,36706600
2020-08-28,21.672964096069336,24.690000534057617,24.770000457763672,24.350000381469727,24.75,25797300
2020-08-31,21.198951721191406,24.149999618530273,24.510000228881836,24.09000015258789,24.489999771118164,27615500
2020-09-01,21.111169815063477,24.049999237060547,24.34000015258789,23.739999771118164,24.020000457763672,30508800
2020-09-02,21.567630767822266,24.56999969482422,24.65999984741211,23.93000030517578,24.010000228881836,40334000
2020-09-03,21.523740768432617,24.520000457763672,25.360000610351562,24.299999237060547,24.799999237060547,42349300
2020-09-04,21.760746002197266,24.790000915527344,25.190000534057617,24.25,25.0,48745000
2020-09-08,21.04094696044922,23.969999313354492,24.549999237060547,23.739999771118164,24.280000686645508,49082900
2020-09-09,20.926834106445312,23.84000015258789,24.06999969482422,23.700000762939453,24.010000228881836,49427900
2020-09-10,21.023393630981445,23.950000762939453,24.670000076293945,23.860000610351562,24.030000686645508,54211700
2020-09-11,21.30428695678711,24.270000457763672,24.31999969482422,23.709999084472656,23.920000076293945,34861100
2020-09-14,21.77829933166504,24.809999465942383,24.969999313354492,24.229999542236328,24.3799991607666,49787100
2020-09-15,21.839750289916992,24.8799991607666,25.040000915527344,24.559999465942383,24.959999084472656,41954800
2020-09-16,22.568323135375977,25.709999084472656,26.0,24.75,24.8700008392334,51768200
2020-09-17,22.041643142700195,25.110000610351562,25.43000030517578,24.899999618530273,25.229999542236328,51531300
2020-09-18,22.0591983795166,25.1299991607666,25.399999618530273,24.899999618530273,24.940000534057617,115153200
2020-09-21,21.102394104003906,24.040000915527344,24.520000457763672,23.719999313354492,24.450000762939453,56188400
2020-09-22,20.760051727294922,23.649999618530273,24.360000610351562,23.530000686645508,23.979999542236328,39839500
2020-09-23,20.040252685546875,22.829999923706055,24.1299991607666,22.829999923706055,23.780000686645508,45697700
2020-09-24,20.47037696838379,23.31999969482422,23.719999313354492,22.559999465942383,22.959999084472656,43329100
2020-09-25,20.751270294189453,23.639999389648438,23.709999084472656,23.010000228881836,23.1200008392334,30229900
2020-09-28,20.909273147583008,23.81999969482422,24.270000457763672,23.760000228881836,23.989999771118164,41103500
2020-09-29,20.417707443237305,23.260000228881836,23.719999313354492,23.06999969482422,23.719999313354492,38416300
2020-09-30,20.63715934753418,23.510000228881836,23.8700008392334,23.25,23.360000610351562,43071500
2020-10-01,20.68105125427246,23.559999465942383,23.809999465942383,23.15999984741211,23.56999969482422,38879800
2020-10-02,21.058502197265625,23.989999771118164,24.09000015258789,23.079999923706055,23.149999618530273,26238600
2020-10-05,21.46229362487793,24.450000762939453,24.600000381469727,24.219999313354492,24.219999313354492,22607500
2020-10-06,21.22528076171875,24.18000030517578,25.0,24.040000915527344,24.68000030517578,30991300
2020-10-07,21.77829933166504,24.809999465942383,24.93000030517578,24.389999389648438,24.420000076293945,34647300
2020-10-08,22.208425521850586,25.299999237060547,25.329999923706055,24.670000076293945,24.8799991607666,26483400
2020-10-09,22.208425521850586,25.299999237060547,25.510000228881836,25.010000228881836,25.389999389648438,28211300
2020-10-12,22.541994094848633,25.68000030517578,25.739999771118164,25.149999618530273,25.200000762939453,25855600
2020-10-13,21.716854095458984,24.739999771118164,25.5,24.700000762939453,25.420000076293945,29939600
2020-10-14,20.40892791748047,23.25,24.43000030517578,23.229999542236328,24.270000457763672,75388100
2020-10-15,20.145586013793945,22.950000762939453,23.09000015258789,22.75,23.059999465942383,60328600
2020-10-16,20.06658172607422,22.860000610351562,23.229999542236328,22.610000610351562,23.010000228881836,43141200
2020-10-19,19.78568458557129,22.540000915527344,22.90999984741211,22.510000228881836,22.889999389648438,37423600
2020-10-20,20.02269172668457,22.809999465942383,23.1299991607666,22.690000534057617,22.729999542236328,34751200
2020-10-21,19.926137924194336,22.700000762939453,22.950000762939453,22.600000381469727,22.81999969482422,29528300
2020-10-22,20.40892791748047,23.25,23.31999969482422,22.610000610351562,22.65999984741211,32238300
2020-10-23,20.435260772705078,23.280000686645508,23.59000015258789,23.1200008392334,23.579999923706055,24558300
2020-10-26,19.926137924194336,22.700000762939453,23.020000457763672,22.600000381469727,22.969999313354492,34034100
2020-10-27,19.153671264648438,21.81999969482422,22.610000610351562,21.81999969482422,22.610000610351562,49636500
2020-10-28,18.59187889099121,21.18000030517578,21.479999542236328,20.799999237060547,21.229999542236328,54835900
2020-10-29,18.5567684173584,21.139999389648438,21.3799991607666,20.760000228881836,21.049999237060547,46184000
2020-10-30,18.828887939453125,21.450000762939453,21.459999084472656,20.84000015258789,21.100000381469727,34592400
2020-11-02,19.223892211914062,21.899999618530273,21.979999542236328,21.190000534057617,21.700000762939453,38401200
2020-11-03,19.390676498413086,22.09000015258789,22.5,21.989999771118164,22.309999465942383,38427000
2020-11-04,19.206336975097656,21.8799991607666,22.559999465942383,21.170000076293945,21.75,47203200
2020-11-05,19.69134521484375,22.329999923706055,22.56999969482422,21.860000610351562,21.889999389648438,38319700
2020-11-06,19.32097625732422,21.90999984741211,22.56999969482422,21.84000015258789,22.5,29502900
2020-11-09,21.35801124572754,24.219999313354492,24.8700008392334,23.299999237060547,24.030000686645508,102118900
2020-11-10,21.331554412841797,24.190000534057617,24.3700008392334,23.860000610351562,24.360000610351562,49029100
2020-11-11,21.331554412841797,24.190000534057617,24.540000915527344,24.010000228881836,24.229999542236328,38309200
2020-11-12,20.9964599609375,23.809999465942383,24.149999618530273,23.559999465942383,23.90999984741211,34505900
2020-11-13,21.225732803344727,24.06999969482422,24.18000030517578,23.729999542236328,23.90999984741211,30056100
2020-11-16,21.957656860351562,24.899999618530273,25.030000686645508,24.389999389648438,24.989999771118164,36954800
2020-11-17,22.081117630004883,25.040000915527344,25.149999618530273,24.520000457763672,24.530000686645508,29490400
2020-11-18,22.098752975463867,25.059999465942383,25.950000762939453,25.059999465942383,25.149999618530273,44318300
2020-11-19,23.068769454956055,26.15999984741211,26.219999313354492,24.969999313354492,25.190000534057617,44560000
2020-11-20,22.46912384033203,25.479999542236328,26.229999542236328,25.459999084472656,26.040000915527344,38469100
2020-11-23,23.192224502563477,26.299999237060547,26.440000534057617,25.8700008392334,25.950000762939453,40691400
2020-11-24,25.229259490966797,28.610000610351562,28.729999542236328,27.34000015258789,27.459999084472656,80523400
2020-11-25,25.211626052856445,28.59000015258789,28.690000534057617,28.0,28.329999923706055,38875500
2020-11-27,25.096988677978516,28.459999084472656,28.6299991607666,28.18000030517578,28.59000015258789,20281400
2020-11-30,24.11815071105957,27.350000381469727,28.559999465942383,27.280000686645508,28.43000030517578,48211000
2020-12-01,24.744251251220703,28.059999465942383,28.68000030517578,28.040000915527344,28.149999618530273,41924200
2020-12-02,25.458534240722656,28.8700008392334,28.989999771118164,27.850000381469727,27.989999771118164,35508000
2020-12-03,25.714271545410156,29.15999984741211,29.489999771118164,28.790000915527344,28.940000534057617,41264600
2020-12-04,26.058181762695312,29.549999237060547,29.969999313354492,29.34000015258789,29.5,47168800
2020-12-07,25.87299919128418,29.34000015258789,29.6299991607666,29.06999969482422,29.420000076293945,31713000
2020-12-08,25.520267486572266,28.940000534057617,29.299999237060547,28.399999618530273,29.030000686645508,32209500
2020-12-09,25.617267608642578,29.049999237060547,29.239999771118164,28.610000610351562,29.239999771118164,35276000
2020-12-10,26.005277633666992,29.489999771118164,29.559999465942383,28.540000915527344,28.719999313354492,31730200
2020-12-11,25.643720626831055,29.079999923706055,29.389999389648438,28.670000076293945,29.020000457763672,29779100
2020-12-14,25.25571060180664,28.639999389648438,29.780000686645508,28.510000228881836,29.540000915527344,28378000
2020-12-15,26.216917037963867,29.729999542236328,29.770000457763672,28.899999618530273,29.1299991607666,38866200
2020-12-16,26.146366119384766,29.649999618530273,29.90999984741211,29.479999542236328,29.639999389648438,35204800
2020-12-17,25.987640380859375,29.469999313354492,29.899999618530273,29.440000534057617,29.799999237060547,42870500
2020-12-18,25.581998825073242,29.010000228881836,29.6200008392334,28.799999237060547,29.469999313354492,53716400
2020-12-21,26.058181762695312,29.549999237060547,29.889999389648438,28.84000015258789,29.56999969482422,52731600
2020-12-22,25.53789710998535,28.959999084472656,29.719999313354492,28.950000762939453,29.649999618530273,25655900
2020-12-23,26.763652801513672,30.350000381469727,30.489999771118164,29.270000457763672,29.280000686645508,38383700
2020-12-24,26.31391716003418,29.84000015258789,30.3799991607666,29.65999984741211,30.290000915527344,14443700
2020-12-28,26.39328384399414,29.93000030517578,30.479999542236328,29.90999984741211,30.079999923706055,21658500
2020-12-29,26.261005401611328,29.780000686645508,30.170000076293945,29.75,30.149999618530273,19584400
2020-12-30,26.23455238342285,29.75,30.040000915527344,29.649999618530273,29.799999237060547,18519300
2020-12-31,26.613737106323242,30.18000030517578,30.239999771118164,29.670000076293945,29.75,21081200
2021-01-04,26.19046401977539,29.700000762939453,30.440000534057617,29.399999618530273,30.31999969482422,31421600
2021-01-05,26.92238426208496,30.530000686645508,30.950000762939453,29.81999969482422,30.09000015258789,37360000
2021-01-06,28.82714080810547,32.689998626708984,33.0,31.790000915527344,31.899999618530273,73507500
2021-01-07,29.479698181152344,33.43000030517578,34.20000076293945,33.31999969482422,33.58000183105469,50634100
2021-01-08,29.26805305480957,33.189998626708984,33.650001525878906,32.66999816894531,33.61000061035156,32324700
2021-01-11,29.31214714050293,33.2400016784668,33.560001373291016,32.31999969482422,32.63999938964844,33739300
2021-01-12,29.929420471191406,33.939998626708984,34.52000045776367,33.65999984741211,34.0,59146400
2021-01-13,29.805978775024414,33.79999923706055,34.2599983215332,33.630001068115234,33.81999969482422,35734800
2021-01-14,30.643720626831055,34.75,35.099998474121094,34.0099983215332,34.06999969482422,55856900
2021-01-15,28.253952026367188,32.040000915527344,33.5,31.81999969482422,33.08000183105469,91993100
2021-01-19,28.774232864379883,32.630001068115234,33.040000915527344,32.279998779296875,32.40999984741211,43806800
2021-01-20,28.62432098388672,32.459999084472656,32.83000183105469,32.29999923706055,32.779998779296875,29949800
2021-01-21,28.218679428100586,32.0,32.43000030517578,31.920000076293945,32.31999969482422,28240600
2021-01-22,28.130495071411133,31.899999618530273,32.060001373291016,31.149999618530273,31.34000015258789,24476100
2021-01-25,28.430316925048828,32.2400016784668,32.349998474121094,31.6200008392334,31.8799991607666,28515500
2021-01-26,27.671932220458984,31.3799991607666,32.529998779296875,31.360000610351562,32.4900016784668,28026500
2021-01-27,26.604923248291016,30.170000076293945,31.030000686645508,29.920000076293945,30.920000076293945,45074900
2021-01-28,27.169296264648438,30.809999465942383,31.049999237060547,30.309999465942383,30.530000686645508,28770200
2021-01-29,26.34918975830078,29.8799991607666,31.190000534057617,29.81999969482422,30.770000457763672,39500800
2021-02-01,26.44619369506836,29.989999771118164,30.219999313354492,29.68000030517578,30.139999389648438,23713400
2021-02-02,27.11638832092285,30.75,31.190000534057617,30.3799991607666,30.459999084472656,25302900
2021-02-03,27.954130172729492,31.700000762939453,31.770000457763672,30.610000610351562,30.719999313354492,28507800
2021-02-04,28.891828536987305,32.65999984741211,32.849998474121094,31.799999237060547,31.8700008392334,30825400
2021-02-05,28.803367614746094,32.560001373291016,33.189998626708984,32.5099983215332,33.0,24908100
2021-02-08,29.546449661254883,33.400001525878906,33.56999969482422,30.770000457763672,32.779998779296875,29223800
2021-02-09,29.4226016998291,33.2599983215332,33.40999984741211,32.90999984741211,33.209999084472656,23539800
2021-02-10,29.369524002075195,33.20000076293945,33.689998626708984,33.09000015258789,33.47999954223633,22687000
2021-02-11,28.944908142089844,32.720001220703125,33.34000015258789,32.369998931884766,33.20000076293945,22393200
2021-02-12,29.66145133972168,33.529998779296875,33.619998931884766,32.650001525878906,32.650001525878906,34473100
2021-02-16,30.776073455810547,34.790000915527344,34.93000030517578,34.0,34.06999969482422,36468200
2021-02-17,32.368404388427734,36.59000015258789,37.45000076293945,34.029998779296875,34.34000015258789,80157700
2021-02-18,32.695716857910156,36.959999084472656,37.36000061035156,36.18000030517578,36.439998626708984,43334700
2021-02-19,33.465335845947266,37.83000183105469,37.849998474121094,37.029998779296875,37.130001068115234,39023000
2021-02-22,32.96109390258789,37.2599983215332,37.91999816894531,37.099998474121094,37.66999816894531,34690000
2021-02-23,32.854949951171875,37.13999938964844,37.77000045776367,36.599998474121094,37.59000015258789,36792500
2021-02-24,33.87226867675781,38.290000915527344,38.34000015258789,37.13999938964844,37.2400016784668,42764300
2021-02-25,33.22649383544922,37.560001373291016,38.68000030517578,37.29999923706055,38.68000030517578,37233100
2021-02-26,31.99686050415039,36.16999816894531,37.40999984741211,35.93000030517578,37.099998474121094,39468000
2021-03-01,32.81071853637695,37.09000015258789,37.41999816894531,36.7400016784668,37.11000061035156,28066100
2021-03-02,32.854949951171875,37.13999938964844,37.45000076293945,36.9900016784668,37.150001525878906,19701200
2021-03-03,33.34149169921875,37.689998626708984,38.65999984741211,37.349998474121094,37.349998474121094,35365100
2021-03-04,32.87264633178711,37.15999984741211,38.0,36.36000061035156,37.619998931884766,42932500
2021-03-05,33.111488342285156,37.43000030517578,38.119998931884766,36.34000015258789,37.869998931884766,34558300
2021-03-08,34.20841979980469,38.66999816894531,38.880001068115234,37.77000045776367,38.130001068115234,38255200
2021-03-09,33.73072814941406,38.130001068115234,38.79999923706055,37.47999954223633,38.16999816894531,35854100
2021-03-10,35.013427734375,39.58000183105469,39.70000076293945,38.279998779296875,38.68000030517578,38437200
2021-03-11,34.394195556640625,38.880001068115234,39.59000015258789,38.61000061035156,39.220001220703125,30598700
2021-03-12,35.358436584472656,39.970001220703125,40.02000045776367,39.41999816894531,39.5,28754000
2021-03-15,35.11958312988281,39.70000076293945,40.22999954223633,39.16999816894531,40.06999969482422,25892200
2021-03-16,34.809967041015625,39.349998474121094,39.4900016784668,38.720001220703125,39.369998931884766,24668300
2021-03-17,35.24342727661133,39.84000015258789,40.439998626708984,39.209999084472656,39.68000030517578,33537000
2021-03-18,36.10150909423828,40.810001373291016,41.540000915527344,40.150001525878906,40.150001525878906,57420600
2021-03-19,35.05767059326172,39.630001068115234,40.06999969482422,39.220001220703125,39.939998626708984,60291800
2021-03-22,34.473812103271484,38.970001220703125,39.310001373291016,38.619998931884766,39.279998779296875,32206000
2021-03-23,33.828025817871094,38.2400016784668,39.04999923706055,38.04999923706055,38.5,32494400
2021-03-24,33.72187805175781,38.119998931884766,39.02000045776367,38.11000061035156,38.36000061035156,24201700
2021-03-25,34.76573944091797,39.29999923706055,39.36000061035156,37.779998779296875,37.970001220703125,28773000
2021-03-26,35.172664642333984,39.7599983215332,40.22999954223633,39.16999816894531,39.900001525878906,29156100
2021-03-29,34.00495147705078,38.439998626708984,39.349998474121094,37.900001525878906,38.58000183105469,38426900
2021-03-30,34.84535217285156,39.38999938964844,40.08000183105469,38.470001220703125,38.540000915527344,36134200
2021-03-31,34.5622673034668,39.06999969482422,39.630001068115234,38.91999816894531,39.27000045776367,25832800
2021-04-01,35.05767059326172,39.630001068115234,39.650001525878906,38.91999816894531,38.959999084472656,22706900
2021-04-05,34.92497253417969,39.47999954223633,40.33000183105469,39.31999969482422,40.029998779296875,21293400
2021-04-06,35.25227355957031,39.849998474121094,39.900001525878906,39.2599983215332,39.41999816894531,20969600
2021-04-07,35.376129150390625,39.9900016784668,40.09000015258789,39.630001068115234,39.84000015258789,19393200
2021-04-08,35.41150665283203,40.029998779296875,40.20000076293945,39.33000183105469,39.869998931884766,20845000
2021-04-09,35.82728958129883,40.5,40.790000915527344,40.25,40.34000015258789,28363600
2021-04-12,36.06612777709961,40.77000045776367,40.88999938964844,40.400001525878906,40.459999084472656,21093000
2021-04-13,35.19920349121094,39.790000915527344,40.5099983215332,39.70000076293945,40.5,29333200
2021-04-14,37.1453742980957,41.9900016784668,42.18000030517578,39.060001373291016,39.70000076293945,64926900
2021-04-15,37.36652755737305,42.2400016784668,42.2599983215332,41.029998779296875,42.099998474121094,44146300
2021-04-16,38.781925201416016,43.84000015258789,44.130001068115234,42.58000183105469,42.66999816894531,57060200
2021-04-19,38.81731033325195,43.880001068115234,44.400001525878906,43.380001068115234,43.61000061035156,39124200
2021-04-20,37.63191604614258,42.540000915527344,43.400001525878906,42.349998474121094,43.400001525878906,29734000
2021-04-21,38.251155853271484,43.2400016784668,43.36000061035156,41.77000045776367,42.2400016784668,27258000
2021-04-22,37.773460388183594,42.70000076293945,43.52000045776367,42.68000030517578,43.2599983215332,24638300
2021-04-23,38.79961013793945,43.86000061035156,44.18000030517578,42.630001068115234,42.709999084472656,28024200
2021-04-26,39.04731750488281,44.13999938964844,44.68000030517578,43.9900016784668,44.130001068115234,24606600
2021-04-27,39.8877067565918,45.09000015258789,45.220001220703125,44.20000076293945,44.38999938964844,29130200
2021-04-28,39.87885665893555,45.08000183105469,45.66999816894531,44.93000030517578,45.150001525878906,20795100
2021-04-29,40.90502166748047,46.2400016784668,46.38999938964844,45.52000045776367,45.619998931884766,26880700
2021-04-30,39.852317810058594,45.04999923706055,46.02000045776367,44.86000061035156,45.79999923706055,34176500
2021-05-03,40.23271179199219,45.47999954223633,45.650001525878906,45.06999969482422,45.45000076293945,16522700
2021-05-04,40.462711334228516,45.7400016784668,45.84000015258789,44.66999816894531,45.2599983215332,26137600
2021-05-05,40.63964080810547,45.939998626708984,46.20000076293945,45.470001220703125,45.93000030517578,19620200
2021-05-06,41.340023040771484,46.630001068115234,46.689998626708984,45.70000076293945,46.11000061035156,34271500
2021-05-07,41.260231018066406,46.540000915527344,46.619998931884766,45.54999923706055,45.93000030517578,25140400
2021-05-10,41.31342315673828,46.599998474121094,47.349998474121094,46.59000015258789,46.84000015258789,28193100
2021-05-11,40.53324890136719,45.720001220703125,46.880001068115234,45.5099983215332,46.02000045776367,31478500
2021-05-12,40.46233367919922,45.63999938964844,47.15999984741211,45.47999954223633,46.83000183105469,33392900
2021-05-13,41.136104583740234,46.400001525878906,46.790000915527344,45.310001373291016,45.4900016784668,23553400
2021-05-14,41.632572174072266,46.959999084472656,47.11000061035156,46.470001220703125,46.599998474121094,17078500
2021-05-17,42.46595001220703,47.900001525878906,47.97999954223633,46.79999923706055,46.91999816894531,25212800
2021-05-18,41.543922424316406,46.86000061035156,48.130001068115234,46.83000183105469,47.900001525878906,24126000
2021-05-19,40.932193756103516,46.16999816894531,46.31999969482422,45.369998931884766,45.939998626708984,28911100
2021-05-20,40.5421142578125,45.72999954223633,46.18000030517578,45.27000045776367,46.06999969482422,26107000
2021-05-21,40.67509841918945,45.880001068115234,46.29999923706055,45.779998779296875,45.970001220703125,27312700
2021-05-24,40.99425506591797,46.2400016784668,46.5099983215332,45.7599983215332,46.0,25707400
2021-05-25,40.861270904541016,46.09000015258789,47.02000045776367,46.040000915527344,46.38999938964844,29415300
2021-05-26,41.136104583740234,46.400001525878906,46.599998474121094,45.599998474121094,46.11000061035156,26170600
2021-05-27,41.45526123046875,46.7599983215332,47.380001068115234,46.310001373291016,46.9900016784668,42572900
2021-05-28,41.41981506347656,46.720001220703125,46.880001068115234,46.279998779296875,46.849998474121094,15760100
2021-06-01,41.89854431152344,47.2599983215332,47.40999984741211,46.790000915527344,47.15999984741211,17878600
2021-06-02,41.499603271484375,46.810001373291016,47.459999084472656,46.58000183105469,47.380001068115234,18492600
2021-06-03,41.18930435180664,46.459999084472656,47.0,46.349998474121094,46.689998626708984,20206400
2021-06-04,41.632572174072266,46.959999084472656,47.099998474121094,46.5099983215332,47.060001373291016,18190300
2021-06-07,41.76556396484375,47.11000061035156,47.18000030517578,46.779998779296875,47.099998474121094,16644300
2021-06-08,41.32229232788086,46.61000061035156,47.0099983215332,46.29999923706055,46.7400016784668,21271700
2021-06-09,40.710567474365234,45.91999816894531,46.34000015258789,45.630001068115234,46.2400016784668,22617500
2021-06-10,39.97472381591797,45.09000015258789,46.650001525878906,45.0099983215332,46.470001220703125,21640000
2021-06-11,40.4977912902832,45.68000030517578,45.689998626708984,45.18000030517578,45.18000030517578,19389300
2021-06-14,40.027923583984375,45.150001525878906,45.880001068115234,44.84000015258789,45.61000061035156,25452300
2021-06-15,40.30274963378906,45.459999084472656,45.720001220703125,45.0,45.20000076293945,23865400
2021-06-16,40.4002685546875,45.56999969482422,45.959999084472656,44.31999969482422,44.95000076293945,38287700
2021-06-17,37.935646057128906,42.790000915527344,45.959999084472656,42.65999984741211,45.790000915527344,48910400
2021-06-18,37.01362228393555,41.75,42.310001373291016,41.470001220703125,41.68000030517578,61292200
2021-06-21,38.370059967041016,43.279998779296875,43.310001373291016,42.22999954223633,42.29999923706055,26444700
2021-06-22,38.60056686401367,43.540000915527344,43.869998931884766,42.86000061035156,43.40999984741211,26455200
2021-06-23,38.972923278808594,43.959999084472656,44.310001373291016,43.5,43.5,18778500
2021-06-24,40.054508209228516,45.18000030517578,45.41999816894531,44.209999084472656,44.2599983215332,27951000
2021-06-25,41.118377685546875,46.380001068115234,46.650001525878906,45.220001220703125,45.56999969482422,49074700
2021-06-28,40.59531784057617,45.790000915527344,46.06999969482422,45.09000015258789,46.0,27127500
2021-06-29,39.70875549316406,44.790000915527344,46.380001068115234,44.599998474121094,46.040000915527344,39534000
2021-06-30,40.152034759521484,45.290000915527344,45.38999938964844,44.45000076293945,44.619998931884766,18168100
2021-07-01,40.25841522216797,45.40999984741211,45.63999938964844,44.970001220703125,45.47999954223633,18658000
2021-07-02,39.95698547363281,45.06999969482422,45.40999984741211,44.84000015258789,45.29999923706055,13218500
2021-07-06,38.55624008178711,43.4900016784668,44.81999969482422,43.29999923706055,44.72999954223633,25486900
2021-07-07,38.4764518737793,43.400001525878906,43.970001220703125,43.119998931884766,43.279998779296875,21884000
2021-07-08,37.51897048950195,42.31999969482422,42.95000076293945,41.970001220703125,42.58000183105469,29148700
2021-07-09,38.928592681884766,43.90999984741211,44.11000061035156,42.849998474121094,43.18000030517578,25055900
2021-07-12,39.15022659301758,44.15999984741211,44.25,42.959999084472656,43.279998779296875,17618900
2021-07-13,38.32573318481445,43.22999954223633,44.130001068115234,43.0099983215332,43.790000915527344,25387800
2021-07-14,39.85060119628906,44.95000076293945,45.130001068115234,42.5099983215332,43.599998474121094,49618000
2021-07-15,39.89493179321289,45.0,45.38999938964844,44.369998931884766,44.59000015258789,33388100
2021-07-16,39.25661849975586,44.279998779296875,45.529998779296875,44.11000061035156,45.40999984741211,27838200
2021-07-19,38.16615676879883,43.04999923706055,43.29999923706055,42.290000915527344,42.709999084472656,43362200
2021-07-20,39.753082275390625,44.84000015258789,45.150001525878906,42.869998931884766,43.0,34556200
2021-07-21,40.604183197021484,45.79999923706055,46.150001525878906,45.209999084472656,45.290000915527344,29654600
2021-07-22,39.921531677246094,45.029998779296875,45.95000076293945,44.79999923706055,45.84000015258789,23309500
2021-07-23,39.53144454956055,44.59000015258789,45.5099983215332,44.41999816894531,45.099998474121094,23946500
2021-07-26,39.9037971496582,45.0099983215332,45.2400016784668,44.470001220703125,44.470001220703125,22976700
2021-07-27,40.01905059814453,45.13999938964844,45.380001068115234,44.27000045776367,44.59000015258789,22124500
2021-07-28,40.34707260131836,45.5099983215332,46.040000915527344,44.97999954223633,45.380001068115234,23252800
2021-07-29,41.224754333496094,46.5,46.709999084472656,45.68000030517578,45.88999938964844,24487400
2021-07-30,40.728294372558594,45.939998626708984,46.849998474121094,45.72999954223633,46.2599983215332,25794000
2021-08-02,40.59531784057617,45.790000915527344,46.810001373291016,45.56999969482422,46.040000915527344,23960700
2021-08-03,41.51732635498047,46.83000183105469,46.939998626708984,45.11000061035156,45.97999954223633,24050300
2021-08-04,40.91447067260742,46.150001525878906,46.970001220703125,46.040000915527344,46.27000045776367,22178000
2021-08-05,41.84050369262695,46.9900016784668,47.0,46.0099983215332,46.04999923706055,28092600
2021-08-06,43.42543029785156,48.77000045776367,48.9900016784668,47.45000076293945,47.5,33583900
2021-08-09,43.318580627441406,48.650001525878906,49.34000015258789,48.290000915527344,48.65999984741211,29795200
2021-08-10,44.191200256347656,49.630001068115234,49.689998626708984,48.689998626708984,48.72999954223633,28708100
2021-08-11,45.10831832885742,50.65999984741211,50.72999954223633,49.16999816894531,49.630001068115234,29203900
2021-08-12,45.54462432861328,51.150001525878906,51.25,50.560001373291016,50.7599983215332,21729900
2021-08-13,44.850101470947266,50.369998931884766,51.40999984741211,50.18000030517578,51.209999084472656,15843300
2021-08-16,43.995304107666016,49.40999984741211,49.97999954223633,48.939998626708984,49.93000030517578,22615500
2021-08-17,43.37201690673828,48.709999084472656,49.369998931884766,48.029998779296875,48.880001068115234,16887000
2021-08-18,42.713104248046875,47.970001220703125,48.97999954223633,47.900001525878906,48.36000061035156,16319300
2021-08-19,42.07200241088867,47.25,47.95000076293945,46.83000183105469,47.349998474121094,20259400
2021-08-20,42.22337341308594,47.41999816894531,47.45000076293945,46.84000015258789,47.130001068115234,15357400
2021-08-23,42.39255142211914,47.61000061035156,47.9900016784668,47.45000076293945,47.75,15551900
2021-08-24,43.060367584228516,48.36000061035156,48.369998931884766,47.709999084472656,47.75,15109100
2021-08-25,43.888450622558594,49.290000915527344,49.619998931884766,48.470001220703125,48.619998931884766,21357400
2021-08-26,43.67475128173828,49.04999923706055,49.869998931884766,48.88999938964844,49.529998779296875,21627600
2021-08-27,44.35146713256836,49.810001373291016,49.849998474121094,49.119998931884766,49.220001220703125,16873300
2021-08-30,43.104881286621094,48.40999984741211,49.810001373291016,48.349998474121094,49.7599983215332,16054100
2021-08-31,40.691864013671875,45.70000076293945,48.9900016784668,45.209999084472656,48.40999984741211,73514300
2021-09-01,38.68843078613281,43.45000076293945,45.970001220703125,43.27000045776367,45.70000076293945,84960500
2021-09-02,39.68570327758789,44.56999969482422,44.880001068115234,43.540000915527344,43.68000030517578,37629000
2021-09-03,39.32952880859375,44.16999816894531,44.5,43.81999969482422,44.4900016784668,21687500
2021-09-07,39.454193115234375,44.310001373291016,44.959999084472656,44.25,44.31999969482422,19733500
2021-09-08,39.01789474487305,43.81999969482422,44.540000915527344,43.630001068115234,44.119998931884766,21252400
2021-09-09,39.49872589111328,44.36000061035156,44.720001220703125,43.7599983215332,43.849998474121094,19776900
2021-09-10,39.47200012207031,44.33000183105469,45.25,44.189998626708984,45.0,23367400
2021-09-13,40.74528503417969,45.7599983215332,45.810001373291016,44.560001373291016,44.560001373291016,28027200
2021-09-14,41.00351333618164,46.04999923706055,46.939998626708984,45.7599983215332,46.02000045776367,36053200
2021-09-15,41.52885437011719,46.63999938964844,46.88999938964844,45.849998474121094,45.869998931884766,31535600
2021-09-16,41.20830535888672,46.279998779296875,47.27000045776367,46.0099983215332,46.900001525878906,24102400
2021-09-17,41.37748336791992,46.470001220703125,46.689998626708984,45.7400016784668,45.7400016784668,34912100
2021-09-20,40.78982162475586,45.810001373291016,45.869998931884766,44.84000015258789,45.029998779296875,30603100
2021-09-21,40.8254280090332,45.849998474121094,46.36000061035156,45.72999954223633,45.97999954223633,23049100
2021-09-22,41.920631408691406,47.08000183105469,47.689998626708984,46.470001220703125,46.4900016784668,29430700
2021-09-23,42.56174087524414,47.79999923706055,48.16999816894531,47.15999984741211,47.459999084472656,21852800
2021-09-24,42.66858673095703,47.91999816894531,48.56999969482422,47.72999954223633,47.779998779296875,20384700
2021-09-27,42.348045349121094,47.560001373291016,48.939998626708984,46.15999984741211,48.380001068115234,48927500
2021-09-28,40.887760162353516,45.91999816894531,47.029998779296875,45.06999969482422,47.0099983215332,49349100
2021-09-29,41.8761100769043,47.029998779296875,47.150001525878906,45.93000030517578,46.45000076293945,21730200
2021-09-30,41.32406234741211,46.40999984741211,47.150001525878906,46.119998931884766,47.13999938964844,22947500
2021-10-01,41.867218017578125,47.02000045776367,47.310001373291016,46.4900016784668,46.54999923706055,18021700
2021-10-04,41.867218017578125,47.02000045776367,47.689998626708984,46.66999816894531,47.02000045776367,22315200
2021-10-05,42.70419692993164,47.959999084472656,48.45000076293945,47.349998474121094,47.5,20250500
2021-10-06,42.624061584472656,47.869998931884766,48.09000015258789,47.060001373291016,47.58000183105469,17425700
2021-10-07,42.526123046875,47.7599983215332,48.59000015258789,47.540000915527344,48.2599983215332,19272300
2021-10-08,42.73981857299805,48.0,48.34000015258789,47.65999984741211,47.869998931884766,14295400
2021-10-11,42.098716735839844,47.279998779296875,48.459999084472656,47.220001220703125,48.20000076293945,15387900
2021-10-12,41.53776168823242,46.650001525878906,47.529998779296875,46.52000045776367,47.290000915527344,18995700
2021-10-13,41.00351333618164,46.04999923706055,46.56999969482422,45.220001220703125,46.56999969482422,24150300
2021-10-14,40.34461212158203,45.310001373291016,46.88999938964844,44.83000183105469,46.68000030517578,53257700
2021-10-15,43.07817840576172,48.380001068115234,48.7400016784668,45.709999084472656,45.720001220703125,60096600
2021-10-18,44.01311111450195,49.43000030517578,49.709999084472656,48.13999938964844,48.189998626708984,33842700
2021-10-19,44.82337951660156,50.34000015258789,50.349998474121094,49.279998779296875,49.63999938964844,26500300
2021-10-20,44.66311264038086,50.15999984741211,50.38999938964844,49.709999084472656,50.189998626708984,24227900
2021-10-21,44.814476013183594,50.33000183105469,50.599998474121094,49.7599983215332,49.95000076293945,20448300
2021-10-22,45.10831832885742,50.65999984741211,51.119998931884766,50.4900016784668,50.540000915527344,21517200
2021-10-25,45.07269287109375,50.619998931884766,51.119998931884766,50.52000045776367,50.88999938964844,19330300
2021-10-26,45.08160400390625,50.630001068115234,51.099998474121094,50.36000061035156,50.72999954223633,18196300
2021-10-27,44.565162658691406,50.04999923706055,50.9900016784668,49.95000076293945,50.2599983215332,21988300
2021-10-28,45.731605529785156,51.36000061035156,51.400001525878906,50.349998474121094,50.380001068115234,26785500
2021-10-29,45.55351638793945,51.15999984741211,51.63999938964844,51.02000045776367,51.25,19788500
2021-11-01,46.04325485229492,51.709999084472656,52.0,51.27000045776367,51.560001373291016,18699000
2021-11-02,45.67817306518555,51.29999923706055,51.720001220703125,51.220001220703125,51.540000915527344,21672500
2021-11-03,46.30147171020508,52.0,52.56999969482422,51.02000045776367,51.040000915527344,24225700
2021-11-04,45.24671936035156,50.619998931884766,51.70000076293945,49.90999984741211,51.54999923706055,32005700
2021-11-05,45.0858268737793,50.439998626708984,51.61000061035156,50.400001525878906,51.0,23443200
2021-11-08,45.47018814086914,50.869998931884766,51.369998931884766,50.54999923706055,50.54999923706055,19509500
2021-11-09,44.59421157836914,49.88999938964844,50.560001373291016,49.209999084472656,50.5,28324800
2021-11-10,45.01432800292969,50.36000061035156,50.77000045776367,49.68000030517578,49.7400016784668,19827800
2021-11-11,45.21990966796875,50.59000015258789,50.90999984741211,50.220001220703125,50.41999816894531,16069700
2021-11-12,45.55063247680664,50.959999084472656,51.0,50.369998931884766,50.68000030517578,17124700
2021-11-15,45.65789794921875,51.08000183105469,51.70000076293945,50.97999954223633,51.189998626708984,20110200
2021-11-16,45.02326965332031,50.369998931884766,51.18000030517578,50.16999816894531,51.11000061035156,19244900
2021-11-17,44.54951858520508,49.84000015258789,50.689998626708984,49.529998779296875,50.41999816894531,17802700
2021-11-18,44.603153228759766,49.900001525878906,50.18000030517578,49.27000045776367,49.630001068115234,19198200
2021-11-19,43.63779830932617,48.81999969482422,49.2400016784668,47.77000045776367,49.0,30548400
2021-11-22,44.99644088745117,50.34000015258789,51.11000061035156,49.72999954223633,50.630001068115234,28549400
2021-11-23,45.94392395019531,51.400001525878906,51.7400016784668,50.70000076293945,50.709999084472656,28024400
2021-11-24,45.86348342895508,51.310001373291016,51.7400016784668,51.18000030517578,51.5099983215332,18901900
2021-11-26,43.28919219970703,48.43000030517578,49.099998474121094,47.689998626708984,49.099998474121094,29919300
2021-11-29,43.94169616699219,49.15999984741211,49.77000045776367,48.310001373291016,49.66999816894531,27677000
2021-11-30,42.70818328857422,47.779998779296875,48.5099983215332,47.31999969482422,48.11000061035156,40671700
2021-12-01,42.198699951171875,47.209999084472656,49.45000076293945,47.18000030517578,48.689998626708984,29365100
2021-12-02,43.71824264526367,48.90999984741211,49.400001525878906,47.5099983215332,47.72999954223633,29184900
2021-12-03,42.681373596191406,47.75,49.2599983215332,47.369998931884766,49.2599983215332,29221900
2021-12-06,43.62886047363281,48.810001373291016,49.900001525878906,48.709999084472656,48.97999954223633,31650100
2021-12-07,44.91599655151367,50.25,50.52000045776367,49.34000015258789,49.459999084472656,28370200
2021-12-08,44.1651725769043,49.40999984741211,50.310001373291016,49.31999969482422,50.18000030517578,19990300
2021-12-09,44.415435791015625,49.689998626708984,50.029998779296875,48.7400016784668,49.02000045776367,16927200
2021-12-10,44.87131881713867,50.20000076293945,50.599998474121094,49.58000183105469,50.290000915527344,20040900
2021-12-13,43.4053955078125,48.560001373291016,49.959999084472656,48.43000030517578,49.900001525878906,19598900
2021-12-14,43.70036697387695,48.88999938964844,49.4900016784668,48.599998474121094,48.61000061035156,17602900
2021-12-15,43.745052337646484,48.939998626708984,49.27000045776367,48.130001068115234,49.02000045776367,20284300
2021-12-16,44.960689544677734,50.29999923706055,50.81999969482422,49.310001373291016,49.720001220703125,32781100
2021-12-17,42.86014175415039,47.95000076293945,49.72999954223633,47.869998931884766,49.70000076293945,74833400
2021-12-20,41.87690353393555,46.849998474121094,47.16999816894531,46.25,47.060001373291016,29134900
2021-12-21,42.73501205444336,47.810001373291016,48.13999938964844,47.34000015258789,47.59000015258789,21249400
2021-12-22,42.9316520690918,48.029998779296875,48.31999969482422,47.619998931884766,47.7400016784668,15688000
2021-12-23,43.226627349853516,48.36000061035156,48.93000030517578,48.220001220703125,48.400001525878906,16025600
2021-12-27,43.59310531616211,48.77000045776367,48.81999969482422,48.08000183105469,48.54999923706055,11900400
2021-12-28,43.28024673461914,48.41999816894531,49.189998626708984,48.36000061035156,48.560001373291016,14320500
2021-12-29,43.307071685791016,48.45000076293945,48.86000061035156,48.369998931884766,48.599998474121094,14390700
2021-12-30,42.99422073364258,48.099998474121094,48.90999984741211,48.040000915527344,48.4900016784668,13701300
2021-12-31,42.886959075927734,47.97999954223633,48.36000061035156,47.84000015258789,48.029998779296875,12649300
2022-01-03,45.34505081176758,50.72999954223633,50.810001373291016,48.91999816894531,48.93000030517578,38978100
2022-01-04,47.150630950927734,52.75,53.150001525878906,51.52000045776367,51.58000183105469,43855100
2022-01-05,46.73945999145508,52.290000915527344,53.13999938964844,52.0,52.91999816894531,35072600
2022-01-06,47.937217712402344,53.630001068115234,53.66999816894531,52.65999984741211,53.150001525878906,29720800
2022-01-07,48.956207275390625,54.77000045776367,55.189998626708984,53.79999923706055,53.86000061035156,35149300
2022-01-10,49.47463607788086,55.349998474121094,56.060001373291016,54.47999954223633,55.5,34733500
2022-01-11,50.109275817871094,56.060001373291016,56.130001068115234,55.22999954223633,55.560001373291016,25073700
2022-01-12,50.41318130493164,56.400001525878906,56.709999084472656,55.7599983215332,56.40999984741211,34159400
2022-01-13,50.05563735961914,56.0,57.18000030517578,55.7599983215332,56.599998474121094,34037300
2022-01-14,51.89698028564453,58.060001373291016,58.869998931884766,56.38999938964844,56.849998474121094,56739600
2022-01-18,50.672393798828125,56.689998626708984,58.11000061035156,56.5099983215332,57.720001220703125,41689600
2022-01-19,49.671287536621094,55.56999969482422,57.68000030517578,55.470001220703125,57.11000061035156,34970200
2022-01-20,49.16178894042969,55.0,56.380001068115234,54.90999984741211,55.720001220703125,26972800
2022-01-21,47.972965240478516,53.66999816894531,55.0,53.130001068115234,54.5,38357600
2022-01-24,47.66012954711914,53.31999969482422,53.4900016784668,51.18000030517578,52.72999954223633,48451400
2022-01-25,47.90147018432617,53.59000015258789,53.72999954223633,51.54999923706055,52.66999816894531,40858700
2022-01-26,48.393062591552734,54.13999938964844,54.91999816894531,53.43000030517578,53.90999984741211,39687100
2022-01-27,48.053409576416016,53.7599983215332,55.5099983215332,53.22999954223633,54.599998474121094,34209200
2022-01-28,48.437774658203125,54.189998626708984,54.220001220703125,52.77000045776367,53.61000061035156,35519700
2022-01-31,48.089176177978516,53.79999923706055,54.04999923706055,53.029998779296875,53.81999969482422,34657500
2022-02-01,49.69810104370117,55.599998474121094,55.810001373291016,53.9900016784668,54.720001220703125,35870200
2022-02-02,49.993080139160156,55.93000030517578,56.04999923706055,54.959999084472656,55.27000045776367,29037100
2022-02-03,49.535160064697266,55.16999816894531,56.290000915527344,54.72999954223633,55.84000015258789,25227400
2022-02-04,50.576683044433594,56.33000183105469,57.040000915527344,55.470001220703125,56.040000915527344,33622100
2022-02-07,51.474544525146484,57.33000183105469,57.88999938964844,55.90999984741211,56.40999984741211,37480100
2022-02-08,52.749515533447266,58.75,58.97999954223633,57.79999923706055,58.0,39099600
2022-02-09,53.02784729003906,59.060001373291016,59.380001068115234,58.34000015258789,58.70000076293945,25883100
2022-02-10,53.01887512207031,59.04999923706055,60.29999923706055,58.79999923706055,59.54999923706055,36092000
2022-02-11,52.35445022583008,58.310001373291016,60.2400016784668,57.90999984741211,58.52000045776367,38650500
2022-02-14,51.94144058227539,57.849998474121094,58.650001525878906,57.18000030517578,58.5099983215332,32680500
2022-02-15,52.417301177978516,58.380001068115234,59.31999969482422,58.09000015258789,59.119998931884766,18224600
2022-02-16,52.20181655883789,58.13999938964844,58.880001068115234,57.54999923706055,57.90999984741211,22057200
2022-02-17,50.41507339477539,56.150001525878906,57.529998779296875,55.7599983215332,57.150001525878906,24946500
2022-02-18,49.948177337646484,55.630001068115234,56.720001220703125,55.369998931884766,56.150001525878906,22137900
2022-02-22,49.63392639160156,55.279998779296875,56.119998931884766,54.70000076293945,55.56999969482422,26887800
2022-02-23,48.43976974487305,53.95000076293945,56.02000045776367,53.7599983215332,55.849998474121094,21860700
2022-02-24,47.326416015625,52.709999084472656,52.83000183105469,50.68000030517578,51.7599983215332,40917600
2022-02-25,48.58342361450195,54.11000061035156,54.439998626708984,53.09000015258789,53.16999816894531,27493500
2022-02-28,47.919002532958984,53.369998931884766,53.400001525878906,52.209999084472656,52.630001068115234,31094800
2022-03-01,45.153587341308594,50.290000915527344,52.720001220703125,50.0099983215332,52.439998626708984,54135500
2022-03-02,46.8864631652832,52.220001220703125,52.81999969482422,51.0,51.31999969482422,34894300
2022-03-03,46.006553649902344,51.2400016784668,52.560001373291016,50.939998626708984,52.349998474121094,24159700
2022-03-04,43.806785583496094,48.790000915527344,50.060001373291016,48.18000030517578,50.040000915527344,35871600
2022-03-07,41.13115692138672,45.810001373291016,48.58000183105469,45.77000045776367,48.58000183105469,56332500
2022-03-08,41.71476364135742,46.459999084472656,48.20000076293945,46.349998474121094,46.68000030517578,60018100
2022-03-09,44.13899612426758,49.15999984741211,49.75,48.349998474121094,48.790000915527344,34560200
2022-03-10,44.00431442260742,49.0099983215332,49.56999969482422,47.849998474121094,48.2599983215332,26178800
2022-03-11,43.519474029541016,48.470001220703125,50.0,48.43000030517578,49.66999816894531,23707100
2022-03-14,44.76750183105469,49.86000061035156,50.380001068115234,49.29999923706055,49.65999984741211,28166600
2022-03-15,44.99197006225586,50.11000061035156,50.630001068115234,49.33000183105469,50.15999984741211,25080600
2022-03-16,46.32978820800781,51.599998474121094,52.220001220703125,50.72999954223633,51.04999923706055,34672800
2022-03-17,46.222049713134766,51.47999954223633,51.4900016784668,50.22999954223633,51.02000045776367,29930300
2022-03-18,46.16816329956055,51.41999816894531,51.540000915527344,50.040000915527344,50.849998474121094,60963400
2022-03-21,45.91677474975586,51.13999938964844,51.79999923706055,50.61000061035156,51.65999984741211,23411500
2022-03-22,47.93695068359375,53.38999938964844,54.20000076293945,52.29999923706055,52.40999984741211,28625600
2022-03-23,45.89881134033203,51.119998931884766,53.04999923706055,51.099998474121094,52.7599983215332,27988700
2022-03-24,46.08735656738281,51.33000183105469,51.81999969482422,50.90999984741211,51.709999084472656,19677800
2022-03-25,47.19173812866211,52.560001373291016,52.59000015258789,51.40999984741211,51.470001220703125,19130900
2022-03-28,46.518341064453125,51.810001373291016,52.11000061035156,50.779998779296875,52.029998779296875,24115400
2022-03-29,46.32978820800781,51.599998474121094,53.29999923706055,51.52000045776367,53.060001373291016,20915000
2022-03-30,44.99197006225586,50.11000061035156,51.68000030517578,49.790000915527344,51.529998779296875,30913800
2022-03-31,43.510494232177734,48.459999084472656,50.43000030517578,48.43000030517578,49.75,31238500
2022-04-01,43.73496627807617,48.709999084472656,49.470001220703125,47.83000183105469,49.25,29989900
2022-04-04,43.510494232177734,48.459999084472656,48.65999984741211,47.61000061035156,48.45000076293945,23778300
2022-04-05,43.20521926879883,48.119998931884766,48.900001525878906,47.77000045776367,47.90999984741211,21757300
2022-04-06,42.99870681762695,47.88999938964844,48.08000183105469,47.400001525878906,47.689998626708984,26001200
2022-04-07,42.864036560058594,47.7400016784668,48.29999923706055,46.58000183105469,48.15999984741211,29486500
2022-04-08,43.75292205810547,48.72999954223633,48.88999938964844,47.93000030517578,48.0,23659800
2022-04-11,44.2916374206543,49.33000183105469,50.189998626708984,48.91999816894531,48.939998626708984,27041000
2022-04-12,43.474571228027344,48.41999816894531,49.900001525878906,48.0,49.68000030517578,25791900
2022-04-13,43.58231735229492,48.540000915527344,48.619998931884766,47.45000076293945,47.540000915527344,20645300
2022-04-14,41.615997314453125,46.349998474121094,47.81999969482422,45.029998779296875,45.88999938964844,65583200
2022-04-18,42.35225296020508,47.16999816894531,47.58000183105469,46.150001525878906,46.220001220703125,26120900
2022-04-19,42.94484329223633,47.83000183105469,48.189998626708984,47.33000183105469,47.38999938964844,19753300
2022-04-20,43.68108367919922,48.650001525878906,49.369998931884766,48.31999969482422,48.47999954223633,25893000
2022-04-21,42.899940490722656,47.779998779296875,49.4900016784668,47.599998474121094,49.150001525878906,19027600
2022-04-22,41.607025146484375,46.34000015258789,47.91999816894531,46.2599983215332,47.689998626708984,21676800
2022-04-25,41.14912033081055,45.83000183105469,45.970001220703125,44.529998779296875,45.7599983215332,30045500
2022-04-26,40.02677917480469,44.58000183105469,46.0,44.560001373291016,45.15999984741211,21527400
2022-04-27,40.02677917480469,44.58000183105469,45.189998626708984,44.13999938964844,44.40999984741211,19520900
2022-04-28,40.5565185546875,45.16999816894531,45.310001373291016,44.310001373291016,45.040000915527344,17431000
2022-04-29,39.17381286621094,43.630001068115234,45.400001525878906,43.5099983215332,45.040000915527344,27149400
2022-05-02,39.2097282409668,43.66999816894531,44.040000915527344,42.61000061035156,43.869998931884766,25009300
2022-05-03,39.64967727661133,44.15999984741211,44.63999938964844,43.65999984741211,43.900001525878906,21545300
2022-05-04,41.28379821777344,45.97999954223633,46.130001068115234,44.18000030517578,44.310001373291016,29468000
2022-05-05,40.40809631347656,44.7599983215332,45.060001373291016,43.45000076293945,45.0,29978600
2022-05-06,40.21852111816406,44.54999923706055,44.880001068115234,43.52000045776367,44.61000061035156,27035300
2022-05-09,39.68588638305664,43.959999084472656,44.540000915527344,43.22999954223633,43.970001220703125,27132700
2022-05-10,38.891441345214844,43.08000183105469,44.709999084472656,42.189998626708984,44.38999938964844,25276100
2022-05-11,38.4310302734375,42.56999969482422,44.5099983215332,42.4900016784668,43.11000061035156,25291600
2022-05-12,37.74492645263672,41.810001373291016,42.40999984741211,40.91999816894531,42.22999954223633,30171700
2022-05-13,38.49421691894531,42.63999938964844,43.189998626708984,42.279998779296875,42.45000076293945,21253200
2022-05-16,38.10603332519531,42.209999084472656,42.66999816894531,41.70000076293945,42.400001525878906,16837400
2022-05-17,39.46017837524414,43.709999084472656,43.81999969482422,42.959999084472656,42.9900016784668,23340500
2022-05-18,38.015750885009766,42.11000061035156,43.310001373291016,41.88999938964844,43.290000915527344,27351300
2022-05-19,37.916446685791016,42.0,42.310001373291016,41.56999969482422,41.70000076293945,25211900
2022-05-20,37.61853790283203,41.66999816894531,42.790000915527344,40.7400016784668,42.5099983215332,35410400
2022-05-23,39.55949020385742,43.81999969482422,44.31999969482422,42.72999954223633,42.72999954223633,27979100
2022-05-24,39.081024169921875,43.290000915527344,43.77000045776367,42.63999938964844,43.689998626708984,23996000
2022-05-25,39.83032989501953,44.119998931884766,44.459999084472656,43.029998779296875,43.09000015258789,22343900
2022-05-26,41.16643142700195,45.599998474121094,45.7599983215332,44.75,44.83000183105469,23502500
2022-05-27,41.42823791503906,45.88999938964844,46.04999923706055,45.45000076293945,45.70000076293945,19482600
2022-05-31,41.31990432739258,45.77000045776367,46.27000045776367,45.0,45.34000015258789,40727400
2022-06-01,40.76920700073242,45.15999984741211,46.06999969482422,44.400001525878906,45.959999084472656,20417900
2022-06-02,40.92267990112305,45.33000183105469,45.43000030517578,44.5099983215332,45.119998931884766,14633300
2022-06-03,40.46226119995117,44.81999969482422,45.33000183105469,44.61000061035156,44.83000183105469,12572400
2022-06-06,40.73309326171875,45.119998931884766,45.88999938964844,44.959999084472656,45.34000015258789,11867200
2022-06-07,41.049068450927734,45.470001220703125,45.540000915527344,44.630001068115234,44.7599983215332,13281600
2022-06-08,40.29073715209961,44.630001068115234,45.06999969482422,44.22999954223633,44.880001068115234,12364400
2022-06-09,38.52130126953125,42.66999816894531,44.630001068115234,42.63999938964844,44.58000183105469,20142400
2022-06-10,36.183128356933594,40.08000183105469,41.439998626708984,40.02000045776367,41.029998779296875,27619300
2022-06-13,35.19911193847656,38.9900016784668,39.68000030517578,38.77000045776367,38.97999954223633,27553800
2022-06-14,33.7907829284668,37.43000030517578,39.29999923706055,37.0099983215332,38.77000045776367,36817600
2022-06-15,34.458824157714844,38.16999816894531,38.65999984741211,37.33000183105469,38.0,31358100
2022-06-16,33.98938751220703,37.650001525878906,37.72999954223633,36.540000915527344,37.36000061035156,37991500
2022-06-17,34.73868179321289,38.47999954223633,38.970001220703125,37.5,37.83000183105469,59114300
2022-06-21,35.19911193847656,38.9900016784668,39.939998626708984,38.869998931884766,39.86000061035156,24884700
2022-06-22,34.847015380859375,38.599998474121094,39.06999969482422,38.310001373291016,38.38999938964844,18631700
2022-06-23,34.215084075927734,37.900001525878906,38.36000061035156,37.150001525878906,38.060001373291016,23143800
2022-06-24,36.79700469970703,40.7599983215332,41.099998474121094,38.5099983215332,38.68000030517578,39407700
2022-06-27,36.327571868896484,40.2400016784668,40.9900016784668,39.900001525878906,40.84000015258789,16996800
2022-06-28,36.27340316772461,40.18000030517578,41.560001373291016,40.08000183105469,40.970001220703125,18136600
2022-06-29,35.84910202026367,39.709999084472656,40.529998779296875,39.54999923706055,40.27000045776367,15778700
2022-06-30,35.361595153808594,39.16999816894531,39.709999084472656,38.279998779296875,39.06999969482422,20425700
2022-07-01,36.03867721557617,39.91999816894531,40.08000183105469,38.459999084472656,38.720001220703125,15333900
2022-07-05,36.20117950439453,40.099998474121094,40.119998931884766,38.5099983215332,39.0,19144500
2022-07-06,35.65951919555664,39.5,40.029998779296875,38.91999816894531,39.61000061035156,17014100
2022-07-07,36.21923065185547,40.119998931884766,40.4900016784668,39.72999954223633,40.209999084472656,21060400
2022-07-08,36.27340316772461,40.18000030517578,40.70000076293945,39.86000061035156,40.29999923706055,14437500
2022-07-11,35.92132568359375,39.790000915527344,40.0099983215332,39.2400016784668,39.66999816894531,13111600
2022-07-12,35.74979019165039,39.599998474121094,40.470001220703125,39.0099983215332,39.08000183105469,15127300
2022-07-13,35.271324157714844,39.06999969482422,39.349998474121094,38.40999984741211,39.08000183105469,14116800
2022-07-14,34.97341537475586,38.7400016784668,38.75,37.43000030517578,38.09000015258789,24355300
2022-07-15,37.13104248046875,41.130001068115234,41.810001373291016,39.22999954223633,39.400001525878906,40328300
2022-07-18,37.18519973754883,41.189998626708984,42.790000915527344,41.02000045776367,41.93000030517578,17991300
2022-07-19,38.728946685791016,42.900001525878906,43.06999969482422,41.75,41.880001068115234,25724200
2022-07-20,38.56644821166992,42.720001220703125,43.029998779296875,42.36000061035156,42.540000915527344,19111200
2022-07-21,39.071998596191406,43.279998779296875,43.369998931884766,42.279998779296875,42.47999954223633,17809000
2022-07-22,38.97269058227539,43.16999816894531,43.529998779296875,42.689998626708984,43.16999816894531,15965400
2022-07-25,39.270606994628906,43.5,43.90999984741211,43.209999084472656,43.529998779296875,20297900
2022-07-26,38.728946685791016,42.900001525878906,43.68000030517578,42.810001373291016,43.11000061035156,15446700
2022-07-27,39.46017837524414,43.709999084472656,43.970001220703125,42.689998626708984,42.97999954223633,19498400
2022-07-28,39.10810852050781,43.31999969482422,43.83000183105469,42.709999084472656,43.54999923706055,14527300
2022-07-29,39.60464096069336,43.869998931884766,44.349998474121094,43.310001373291016,43.310001373291016,17512700
2022-08-01,39.30671691894531,43.540000915527344,44.15999984741211,43.15999984741211,43.439998626708984,13668300
2022-08-02,38.71088409423828,42.880001068115234,43.540000915527344,42.86000061035156,43.4900016784668,17764000
2022-08-03,39.6226921081543,43.88999938964844,44.56999969482422,43.25,43.38999938964844,17359500
2022-08-04,38.87732696533203,42.77000045776367,43.599998474121094,42.63999938964844,43.5,15062800
2022-08-05,39.77721405029297,43.7599983215332,44.29999923706055,42.529998779296875,42.58000183105469,16021000
2022-08-08,39.25909423828125,43.189998626708984,44.189998626708984,43.130001068115234,43.970001220703125,12879700
2022-08-09,39.449974060058594,43.400001525878906,43.790000915527344,42.9900016784668,43.220001220703125,10489500
2022-08-10,40.29533386230469,44.33000183105469,44.70000076293945,44.040000915527344,44.040000915527344,14037600
2022-08-11,41.13161087036133,45.25,45.61000061035156,44.88999938964844,45.0,14038800
2022-08-12,41.7588005065918,45.939998626708984,45.959999084472656,45.189998626708984,45.52000045776367,10706000
2022-08-15,41.586090087890625,45.75,45.81999969482422,44.90999984741211,45.40999984741211,11070300
2022-08-16,41.867889404296875,46.060001373291016,46.31999969482422,45.349998474121094,45.58000183105469,12234100
2022-08-17,41.94060134887695,46.13999938964844,46.310001373291016,45.54999923706055,45.720001220703125,13151700
2022-08-18,41.94060134887695,46.13999938964844,46.20000076293945,45.7599983215332,46.13999938964844,7885900
2022-08-19,41.22249984741211,45.349998474121094,46.02000045776367,45.040000915527344,45.900001525878906,13142900
2022-08-22,40.3680534362793,44.40999984741211,44.7400016784668,44.119998931884766,44.599998474121094,12391400
2022-08-23,40.331703186035156,44.369998931884766,44.959999084472656,44.279998779296875,44.459999084472656,10475100
2022-08-24,40.577125549316406,44.63999938964844,44.70000076293945,44.02000045776367,44.33000183105469,11706700
2022-08-25,41.25886154174805,45.38999938964844,45.52000045776367,44.43000030517578,44.790000915527344,11783200
2022-08-26,39.968101501464844,43.970001220703125,45.720001220703125,43.939998626708984,45.58000183105469,13405200
2022-08-29,39.92265701293945,43.91999816894531,44.31999969482422,43.58000183105469,43.79999923706055,12504900
2022-08-30,40.12263488769531,44.13999938964844,44.439998626708984,43.54999923706055,44.2599983215332,14365000
2022-08-31,39.73176574707031,43.709999084472656,44.59000015258789,43.61000061035156,44.279998779296875,22609100
2022-09-01,39.722679138183594,43.70000076293945,43.7400016784668,42.79999923706055,43.65999984741211,13173000
2022-09-02,39.431800842285156,43.380001068115234,44.79999923706055,43.16999816894531,44.29999923706055,13025900
2022-09-06,38.97730255126953,42.880001068115234,43.880001068115234,42.36000061035156,43.709999084472656,14708700
2022-09-07,39.84993362426758,43.84000015258789,43.90999984741211,42.25,42.540000915527344,19475800
2022-09-08,41.113426208496094,45.22999954223633,45.2599983215332,43.34000015258789,43.619998931884766,18500300
2022-09-09,41.20433044433594,45.33000183105469,45.810001373291016,45.25,45.5099983215332,12875500
2022-09-12,41.38611602783203,45.529998779296875,46.13999938964844,45.2599983215332,45.68000030517578,12127900
2022-09-13,39.2863655090332,43.220001220703125,44.529998779296875,43.040000915527344,44.349998474121094,21124900
2022-09-14,39.340904235839844,43.279998779296875,43.61000061035156,42.25,43.25,15067800
2022-09-15,40.12263488769531,44.13999938964844,44.689998626708984,43.349998474121094,43.400001525878906,13173200
2022-09-16,39.940834045410156,43.939998626708984,44.060001373291016,43.33000183105469,43.70000076293945,21238800
2022-09-19,40.28624725341797,44.31999969482422,44.61000061035156,43.40999984741211,43.43000030517578,11324100
2022-09-20,39.45907974243164,43.40999984741211,44.290000915527344,43.09000015258789,43.88999938964844,19503900
2022-09-21,38.422828674316406,42.27000045776367,43.810001373291016,42.2400016784668,43.65999984741211,19207100
2022-09-22,37.7410888671875,41.52000045776367,42.5099983215332,41.439998626708984,42.4900016784668,15499000
2022-09-23,36.73211669921875,40.40999984741211,40.97999954223633,39.70000076293945,40.81999969482422,23316200
2022-09-26,36.36851119995117,40.0099983215332,40.540000915527344,39.34000015258789,40.13999938964844,21420000
2022-09-27,36.38670349121094,40.029998779296875,40.59000015258789,39.40999984741211,40.209999084472656,17541400
2022-09-28,37.0957145690918,40.810001373291016,41.060001373291016,39.900001525878906,39.900001525878906,16033500
2022-09-29,36.81393051147461,40.5,40.689998626708984,39.77000045776367,40.15999984741211,14811300
2022-09-30,36.559410095214844,40.220001220703125,41.13999938964844,40.18000030517578,40.63999938964844,21182200
2022-10-03,37.79563522338867,41.58000183105469,41.79999923706055,40.63999938964844,41.290000915527344,16827600
2022-10-04,39.57724380493164,43.540000915527344,43.59000015258789,42.15999984741211,42.15999984741211,18601300
2022-10-05,39.36817169189453,43.310001373291016,43.540000915527344,42.560001373291016,42.83000183105469,15873400
2022-10-06,38.39556121826172,42.2400016784668,43.13999938964844,42.209999084472656,42.869998931884766,15634800
2022-10-07,37.986515045166016,41.790000915527344,42.119998931884766,41.38999938964844,42.029998779296875,17186700
2022-10-10,37.67746353149414,41.45000076293945,42.11000061035156,41.150001525878906,41.939998626708984,10973700
2022-10-11,36.56848907470703,40.22999954223633,41.31999969482422,40.060001373291016,41.220001220703125,19135900
2022-10-12,36.82300567626953,40.5099983215332,41.220001220703125,39.959999084472656,40.2400016784668,16469900
2022-10-13,38.522823333740234,42.380001068115234,42.66999816894531,39.75,39.75,23808700
2022-10-14,39.240909576416016,43.16999816894531,44.93000030517578,43.130001068115234,43.79999923706055,33954200
2022-10-17,39.959007263183594,43.959999084472656,45.189998626708984,43.88999938964844,44.65999984741211,24507000
2022-10-18,40.60439682006836,44.66999816894531,45.29999923706055,43.81999969482422,45.11000061035156,24810400
2022-10-19,39.649959564208984,43.619998931884766,44.52000045776367,43.29999923706055,44.18000030517578,17876800
2022-10-20,39.67723083496094,43.650001525878906,44.43000030517578,43.5,43.68000030517578,17572700
2022-10-21,40.74983596801758,44.83000183105469,44.880001068115234,43.56999969482422,43.63999938964844,18632800
2022-10-24,41.086158752441406,45.20000076293945,45.529998779296875,44.83000183105469,44.95000076293945,16154300
2022-10-25,41.24068069458008,45.369998931884766,45.599998474121094,44.369998931884766,44.779998779296875,16362200
2022-10-26,41.540645599365234,45.70000076293945,46.209999084472656,45.470001220703125,45.65999984741211,15010800
2022-10-27,41.49519729614258,45.650001525878906,46.4900016784668,45.54999923706055,46.02000045776367,14655500
2022-10-28,42.13149642944336,46.349998474121094,46.4900016784668,45.470001220703125,45.90999984741211,14990400
2022-10-31,41.80426025390625,45.9900016784668,46.52000045776367,45.97999954223633,46.13999938964844,14000000
2022-11-01,42.676876068115234,46.95000076293945,47.060001373291016,46.2599983215332,46.58000183105469,22409100
2022-11-02,42.61326217651367,46.880001068115234,47.54999923706055,46.4900016784668,46.880001068115234,29246700
2022-11-03,41.66182327270508,45.540000915527344,46.20000076293945,45.40999984741211,46.20000076293945,17140100
2022-11-04,42.7596321105957,46.7400016784668,46.90999984741211,45.900001525878906,46.33000183105469,27082500
2022-11-07,43.0615234375,47.06999969482422,47.81999969482422,46.810001373291016,47.130001068115234,17713300
2022-11-08,43.16215515136719,47.18000030517578,47.470001220703125,46.720001220703125,47.25,14842700
2022-11-09,42.055198669433594,45.970001220703125,47.0,45.95000076293945,46.79999923706055,18318700
2022-11-10,43.86658477783203,47.95000076293945,48.11000061035156,46.93000030517578,47.02000045776367,23091900
2022-11-11,43.500648498535156,47.54999923706055,48.36000061035156,47.33000183105469,48.099998474121094,18076600
2022-11-14,42.87855911254883,46.869998931884766,47.56999969482422,46.869998931884766,47.20000076293945,13929900
2022-11-15,42.73218536376953,46.709999084472656,47.5099983215332,46.2400016784668,47.380001068115234,19076000
2022-11-16,42.27476501464844,46.209999084472656,46.849998474121094,46.029998779296875,46.66999816894531,14713300
2022-11-17,42.0734977722168,45.9900016784668,46.16999816894531,45.470001220703125,45.720001220703125,11350900
2022-11-18,42.540069580078125,46.5,46.77000045776367,45.970001220703125,46.720001220703125,10515300
2022-11-21,42.851104736328125,46.84000015258789,47.09000015258789,46.380001068115234,46.380001068115234,11656800
2022-11-22,43.09811782836914,47.11000061035156,47.400001525878906,46.90999984741211,47.130001068115234,11684900
2022-11-23,43.29938507080078,47.33000183105469,47.5,46.9900016784668,47.119998931884766,10878500
2022-11-25,43.40000915527344,47.439998626708984,47.63999938964844,47.02000045776367,47.36000061035156,4913300
2022-11-28,42.979190826416016,46.97999954223633,47.75,46.91999816894531,47.119998931884766,12492600
2022-11-29,43.518943786621094,47.56999969482422,47.650001525878906,47.040000915527344,47.18000030517578,13344900
2022-11-30,43.86658477783203,47.95000076293945,47.95000076293945,46.13999938964844,47.31999969482422,26417000
2022-12-01,42.87855911254883,46.869998931884766,48.18000030517578,46.459999084472656,47.93000030517578,15980300
2022-12-02,42.027748107910156,45.939998626708984,46.52000045776367,44.880001068115234,46.38999938964844,29820400
2022-12-05,39.941917419433594,43.65999984741211,45.880001068115234,43.619998931884766,45.70000076293945,32574600
2022-12-06,39.704063415527344,43.400001525878906,43.849998474121094,42.65999984741211,43.68000030517578,25961400
2022-12-07,38.834957122802734,42.45000076293945,43.34000015258789,42.439998626708984,43.09000015258789,24114900
2022-12-08,38.953895568847656,42.58000183105469,42.88999938964844,42.11000061035156,42.709999084472656,17161400
2022-12-09,38.880706787109375,42.5,42.91999816894531,42.31999969482422,42.33000183105469,16023700
2022-12-12,39.210044860839844,42.86000061035156,42.93000030517578,42.11000061035156,42.599998474121094,18428900
2022-12-13,38.99048614501953,42.619998931884766,44.08000183105469,42.11000061035156,43.880001068115234,31496000
2022-12-14,38.58795928955078,42.18000030517578,43.22999954223633,41.95000076293945,42.59000015258789,22044400
2022-12-15,37.84693908691406,41.369998931884766,41.709999084472656,41.0099983215332,41.41999816894531,16766600
2022-12-16,37.6822624206543,41.189998626708984,41.45000076293945,40.849998474121094,41.029998779296875,29836200
2022-12-19,38.25861740112305,41.81999969482422,41.90999984741211,41.11000061035156,41.34000015258789,17454200
2022-12-20,37.49013900756836,40.97999954223633,42.560001373291016,40.970001220703125,41.290000915527344,25415400
2022-12-21,37.61822509765625,41.119998931884766,41.63999938964844,40.91999816894531,41.36000061035156,20170800
2022-12-22,37.2156982421875,40.68000030517578,40.7400016784668,40.02000045776367,40.709999084472656,17382700
2022-12-23,37.49013900756836,40.97999954223633,41.0,40.45000076293945,40.689998626708984,10167500
2022-12-27,37.5450325012207,41.040000915527344,41.13999938964844,40.61000061035156,41.0099983215332,10297400
2022-12-28,37.61822509765625,41.119998931884766,41.380001068115234,40.86000061035156,40.939998626708984,11889400
2022-12-29,37.81034851074219,41.33000183105469,41.400001525878906,41.060001373291016,41.150001525878906,11597100
2022-12-30,37.773746490478516,41.290000915527344,41.43000030517578,40.9900016784668,41.11000061035156,10021500
2023-01-03,38.23116683959961,41.790000915527344,42.13999938964844,41.45000076293945,41.61000061035156,15944300
2023-01-04,39.0179328918457,42.650001525878906,43.060001373291016,42.22999954223633,42.2599983215332,18943600
2023-01-05,38.80751037597656,42.41999816894531,42.630001068115234,41.93000030517578,42.58000183105469,12380700
2023-01-06,39.155155181884766,42.79999923706055,43.0,42.099998474121094,42.59000015258789,15247000
2023-01-09,38.78007125854492,42.38999938964844,43.130001068115234,42.15999984741211,43.119998931884766,21225600
2023-01-10,38.75261688232422,42.36000061035156,42.880001068115234,42.02000045776367,42.66999816894531,18348800
2023-01-11,39.10027313232422,42.7400016784668,42.83000183105469,42.02000045776367,42.380001068115234,18272100
2023-01-12,39.18260955810547,42.83000183105469,43.54999923706055,42.79999923706055,43.04999923706055,20940400
2023-01-13,40.4542350769043,44.220001220703125,44.36000061035156,40.459999084472656,41.380001068115234,41649700
2023-01-17,40.36274337768555,44.119998931884766,44.369998931884766,43.18000030517578,43.84000015258789,25473900
2023-01-18,39.685768127441406,43.380001068115234,44.61000061035156,43.29999923706055,43.959999084472656,20278000
2023-01-19,39.292388916015625,42.95000076293945,43.20000076293945,42.52000045776367,42.90999984741211,18565300
2023-01-20,40.179779052734375,43.91999816894531,43.939998626708984,42.7599983215332,43.08000183105469,23237200
2023-01-23,41.19525909423828,45.029998779296875,45.18000030517578,43.869998931884766,43.939998626708984,19692000
2023-01-24,40.664642333984375,44.45000076293945,45.20000076293945,44.369998931884766,44.90999984741211,13697200
2023-01-25,41.478851318359375,45.34000015258789,45.41999816894531,44.029998779296875,44.04999923706055,17285300
2023-01-26,41.90882110595703,45.810001373291016,45.900001525878906,45.15999984741211,45.529998779296875,16724600
2023-01-27,42.192420959472656,46.119998931884766,46.369998931884766,45.810001373291016,45.810001373291016,18161800
2023-01-30,42.34794998168945,46.290000915527344,46.650001525878906,45.810001373291016,45.90999984741211,19427400
2023-01-31,42.87855911254883,46.869998931884766,46.880001068115234,46.060001373291016,46.31999969482422,22840400
2023-02-01,43.29938507080078,47.33000183105469,47.79999923706055,46.470001220703125,46.65999984741211,21874600
2023-02-02,43.4835090637207,47.22999954223633,47.56999969482422,46.43000030517578,47.31999969482422,19058000
2023-02-03,43.80575942993164,47.58000183105469,48.040000915527344,46.95000076293945,47.0,17346900
2023-02-06,43.89781951904297,47.68000030517578,47.7599983215332,47.150001525878906,47.2599983215332,15948900
2023-02-07,44.3121337890625,48.130001068115234,48.40999984741211,47.349998474121094,47.439998626708984,21764800
2023-02-08,44.422611236572266,48.25,48.61000061035156,47.61000061035156,47.70000076293945,18070500
2023-02-09,43.796546936035156,47.56999969482422,48.630001068115234,47.4900016784668,48.470001220703125,17362100
2023-02-10,43.74130630493164,47.5099983215332,47.709999084472656,46.97999954223633,47.40999984741211,18929000
2023-02-13,44.3121337890625,48.130001068115234,48.150001525878906,47.130001068115234,47.34000015258789,16451700
2023-02-14,44.65277099609375,48.5,48.84000015258789,47.75,47.93000030517578,16844400
2023-02-15,44.164817810058594,47.970001220703125,48.2599983215332,47.70000076293945,47.91999816894531,12854000
2023-02-16,43.47431182861328,47.220001220703125,47.810001373291016,47.189998626708984,47.599998474121094,12631700
2023-02-17,43.722900390625,47.4900016784668,47.56999969482422,47.02000045776367,47.09000015258789,13463800
2023-02-21,42.57204818725586,46.2400016784668,47.06999969482422,45.970001220703125,47.06999969482422,13652700
2023-02-22,42.360294342041016,46.0099983215332,46.22999954223633,45.689998626708984,45.95000076293945,13402900
2023-02-23,42.581260681152344,46.25,46.439998626708984,45.790000915527344,46.119998931884766,14783600
2023-02-24,42.92190933227539,46.619998931884766,46.7599983215332,45.70000076293945,45.84000015258789,16040300
2023-02-27,43.069210052490234,46.779998779296875,47.43000030517578,46.720001220703125,46.939998626708984,15468200
2023-02-28,43.06001281738281,46.77000045776367,47.029998779296875,46.540000915527344,46.66999816894531,18627200
2023-03-01,42.97714614868164,46.68000030517578,46.91999816894531,46.25,46.5,13382200
2023-03-02,42.16695785522461,45.79999923706055,46.619998931884766,45.380001068115234,46.459999084472656,19115000
2023-03-03,43.133663177490234,46.849998474121094,46.97999954223633,45.90999984741211,46.02000045776367,14947200
2023-03-06,42.93111801147461,46.630001068115234,47.18000030517578,46.5099983215332,46.880001068115234,14236000
2023-03-07,40.92403793334961,44.45000076293945,46.27000045776367,44.119998931884766,46.189998626708984,24056800
2023-03-08,40.3624267578125,43.84000015258789,44.560001373291016,43.599998474121094,44.2599983215332,14852000
2023-03-09,37.86739730834961,41.130001068115234,43.529998779296875,40.83000183105469,43.439998626708984,33599800
2023-03-10,38.07915496826172,41.36000061035156,42.36000061035156,39.72999954223633,40.58000183105469,55435400
2023-03-13,35.36316680908203,38.40999984741211,40.54999923706055,38.209999084472656,39.79999923706055,78806900
2023-03-14,36.983551025390625,40.16999816894531,41.599998474121094,39.369998931884766,41.5,52855100
2023-03-15,35.76825714111328,38.849998474121094,38.97999954223633,38.08000183105469,38.29999923706055,47324600
2023-03-16,36.182559967041016,39.29999923706055,40.060001373291016,38.150001525878906,38.630001068115234,40388800
2023-03-17,34.764713287353516,37.7599983215332,38.7599983215332,37.529998779296875,38.7599983215332,47403800
2023-03-20,34.506927490234375,37.47999954223633,38.45000076293945,37.45000076293945,38.119998931884766,34283700
2023-03-21,35.427608489990234,38.47999954223633,38.959999084472656,38.36000061035156,38.599998474121094,34664700
2023-03-22,34.249141693115234,37.20000076293945,38.709999084472656,37.189998626708984,38.709999084472656,22994400
2023-03-23,33.705936431884766,36.61000061035156,37.63999938964844,36.5099983215332,37.4900016784668,30239900
2023-03-24,33.35608673095703,36.22999954223633,36.47999954223633,35.25,36.0,35694800
2023-03-27,34.49773025512695,37.470001220703125,37.689998626708984,36.959999084472656,37.02000045776367,27454600
2023-03-28,34.23072814941406,37.18000030517578,37.59000015258789,36.869998931884766,37.36000061035156,15270000
2023-03-29,34.95806121826172,37.970001220703125,38.0099983215332,37.29999923706055,37.599998474121094,20789100
2023-03-30,34.414859771728516,37.380001068115234,38.5,37.16999816894531,38.29999923706055,22340400
2023-03-31,34.414859771728516,37.380001068115234,37.95000076293945,37.310001373291016,37.72999954223633,30287900
2023-04-03,34.72788619995117,37.720001220703125,38.15999984741211,37.400001525878906,37.52000045776367,21541000
2023-04-04,33.89007568359375,36.810001373291016,37.79999923706055,36.38999938964844,37.70000076293945,21942700
2023-04-05,33.96372604370117,36.88999938964844,37.0099983215332,36.27000045776367,36.5,15486900
2023-04-06,34.89361572265625,37.900001525878906,38.099998474121094,37.060001373291016,37.11000061035156,23484900
2023-04-10,35.56570053100586,38.630001068115234,38.709999084472656,37.61000061035156,37.70000076293945,27005800
2023-04-11,36.247005462646484,39.369998931884766,39.540000915527344,38.709999084472656,38.77000045776367,25116100
2023-04-12,36.08127975463867,39.189998626708984,39.849998474121094,38.88999938964844,39.41999816894531,20252900
2023-04-13,36.513999938964844,39.65999984741211,39.68000030517578,39.040000915527344,39.31999969482422,22397800
2023-04-14,36.49559020996094,39.63999938964844,40.5099983215332,39.119998931884766,39.75,40963100
2023-04-17,38.0239143371582,41.29999923706055,41.29999923706055,39.560001373291016,39.83000183105469,31445100
2023-04-18,38.54869079589844,41.869998931884766,42.060001373291016,41.13999938964844,41.209999084472656,27892300
2023-04-19,38.889347076416016,42.2400016784668,42.40999984741211,41.790000915527344,41.970001220703125,23310500
2023-04-20,38.36455535888672,41.66999816894531,42.04999923706055,41.45000076293945,41.869998931884766,19265500
2023-04-21,37.96866989135742,41.2400016784668,41.400001525878906,40.209999084472656,41.209999084472656,23975300
2023-04-24,38.16201400756836,41.45000076293945,41.599998474121094,41.040000915527344,41.130001068115234,17327800
2023-04-25,37.333404541015625,40.54999923706055,41.060001373291016,40.38999938964844,40.70000076293945,20728000
2023-04-26,36.32986068725586,39.459999084472656,40.45000076293945,39.2400016784668,40.2400016784668,26915600
2023-04-27,36.513999938964844,39.65999984741211,39.779998779296875,39.31999969482422,39.529998779296875,21695800
2023-04-28,36.596858978271484,39.75,39.91999816894531,38.959999084472656,39.25,20193000
2023-05-01,37.18609619140625,40.38999938964844,41.18000030517578,40.189998626708984,40.4900016784668,26564300
2023-05-02,35.7590446472168,38.84000015258789,40.0099983215332,38.31999969482422,40.0099983215332,36239500
2023-05-03,35.58412170410156,38.650001525878906,39.66999816894531,38.61000061035156,39.029998779296875,25202700
2023-05-04,34.071678161621094,36.720001220703125,38.08000183105469,36.400001525878906,37.68000030517578,53247000
2023-05-05,35.20368576049805,37.939998626708984,38.279998779296875,37.33000183105469,37.459999084472656,27039700
2023-05-08,35.61195373535156,38.380001068115234,38.779998779296875,38.150001525878906,38.43000030517578,22735400
2023-05-09,35.76041793823242,38.540000915527344,38.66999816894531,37.77000045776367,37.939998626708984,18999100
2023-05-10,35.519161224365234,38.279998779296875,39.22999954223633,37.900001525878906,39.20000076293945,17941600
2023-05-11,35.5655632019043,38.33000183105469,38.47999954223633,37.40999984741211,37.7599983215332,18536200
2023-05-12,34.7861442565918,37.4900016784668,38.529998779296875,37.18000030517578,38.459999084472656,17658600
2023-05-15,35.97382354736328,38.77000045776367,39.099998474121094,37.459999084472656,37.599998474121094,24405800
2023-05-16,35.62124252319336,38.38999938964844,38.77000045776367,38.31999969482422,38.68000030517578,21821200
2023-05-17,37.541934967041016,40.459999084472656,40.61000061035156,38.88999938964844,38.9900016784668,29241600
2023-05-18,37.309967041015625,40.209999084472656,40.31999969482422,39.56999969482422,40.31999969482422,27213900
2023-05-19,37.1429557800293,40.029998779296875,40.459999084472656,39.619998931884766,40.33000183105469,19774900
2023-05-22,38.02443313598633,40.97999954223633,41.22999954223633,40.099998474121094,40.20000076293945,27519400
2023-05-23,38.23784637451172,41.209999084472656,42.119998931884766,40.97999954223633,41.0099983215332,26116600
2023-05-24,37.92237091064453,40.869998931884766,41.290000915527344,40.68000030517578,40.88999938964844,21193700
2023-05-25,37.95021057128906,40.900001525878906,41.290000915527344,40.52000045776367,40.619998931884766,17691800
2023-05-26,38.25640869140625,41.22999954223633,41.52000045776367,40.7599983215332,40.900001525878906,17399400
2023-05-30,38.02443313598633,40.97999954223633,41.41999816894531,40.34000015258789,41.2400016784668,14752600
2023-05-31,36.93882369995117,39.810001373291016,40.470001220703125,39.29999923706055,40.290000915527344,27221100
2023-06-01,37.17079162597656,40.060001373291016,40.529998779296875,39.68000030517578,40.209999084472656,17079400
2023-06-02,38.26569366455078,41.2400016784668,41.54999923706055,40.380001068115234,40.619998931884766,16906100
2023-06-05,37.53266525268555,40.45000076293945,41.15999984741211,40.439998626708984,41.15999984741211,18443900
2023-06-06,38.28424835205078,41.2599983215332,41.619998931884766,40.2599983215332,40.400001525878906,18825100
2023-06-07,39.03582763671875,42.06999969482422,42.13999938964844,40.9900016784668,41.45000076293945,17781800
2023-06-08,39.31418991088867,42.369998931884766,42.400001525878906,41.560001373291016,41.70000076293945,17157300
2023-06-09,39.09150695800781,42.130001068115234,42.470001220703125,42.029998779296875,42.33000183105469,11098900
2023-06-12,38.813140869140625,41.83000183105469,42.7599983215332,41.40999984741211,42.11000061035156,19433400
2023-06-13,39.57400131225586,42.650001525878906,43.34000015258789,41.529998779296875,41.68000030517578,18864000
2023-06-14,39.04510498046875,42.08000183105469,42.9900016784668,41.9900016784668,42.75,14826100
2023-06-15,39.304908752441406,42.36000061035156,42.41999816894531,41.619998931884766,41.81999969482422,14188200
2023-06-16,39.13789749145508,42.18000030517578,42.7400016784668,42.060001373291016,42.58000183105469,36422100
2023-06-20,38.86880874633789,41.88999938964844,42.13999938964844,41.34000015258789,42.119998931884766,16679600
2023-06-21,38.646114349365234,41.650001525878906,41.959999084472656,41.529998779296875,41.849998474121094,11686500
2023-06-22,38.09866714477539,41.060001373291016,41.630001068115234,40.91999816894531,41.54999923706055,11504400
2023-06-23,37.681129455566406,40.61000061035156,40.7400016784668,40.29999923706055,40.529998779296875,18952000
2023-06-26,37.662559509277344,40.59000015258789,41.220001220703125,40.459999084472656,40.779998779296875,13618500
2023-06-27,37.9594841003418,40.90999984741211,41.060001373291016,40.34000015258789,40.619998931884766,11749600
2023-06-28,37.690399169921875,40.619998931884766,40.939998626708984,40.380001068115234,40.91999816894531,13959600
2023-06-29,39.38842010498047,42.45000076293945,42.5099983215332,41.369998931884766,41.47999954223633,23956300
2023-06-30,39.601837158203125,42.68000030517578,43.220001220703125,42.619998931884766,42.95000076293945,20062200
2023-07-03,40.26990509033203,43.400001525878906,43.599998474121094,42.7400016784668,42.880001068115234,9249100
2023-07-05,40.344139099121094,43.47999954223633,43.619998931884766,42.77000045776367,43.22999954223633,15722200
2023-07-06,39.79668426513672,42.88999938964844,43.310001373291016,42.2400016784668,43.220001220703125,14978600
2023-07-07,39.685340881347656,42.77000045776367,43.43000030517578,42.59000015258789,42.59000015258789,13506500
2023-07-10,39.26779556274414,42.31999969482422,42.9900016784668,42.279998779296875,42.709999084472656,16675800
2023-07-11,39.65750503540039,42.7400016784668,42.93000030517578,42.06999969482422,42.349998474121094,15401100
2023-07-12,40.14000701904297,43.2599983215332,43.849998474121094,43.0099983215332,43.310001373291016,13998300
2023-07-13,40.55754470825195,43.709999084472656,43.7599983215332,43.29999923706055,43.470001220703125,18034800
2023-07-14,40.418365478515625,43.560001373291016,45.310001373291016,43.29999923706055,44.75,30897600
2023-07-17,41.51326370239258,44.7400016784668,45.130001068115234,43.54999923706055,43.560001373291016,25173900
2023-07-18,42.31123352050781,45.599998474121094,45.70000076293945,44.599998474121094,44.77000045776367,24183200
2023-07-19,42.92363357543945,46.2599983215332,46.56999969482422,45.540000915527344,45.93000030517578,18932700
2023-07-20,43.730892181396484,47.130001068115234,47.2400016784668,46.209999084472656,46.369998931884766,18927200
2023-07-21,42.6452751159668,45.959999084472656,47.209999084472656,45.95000076293945,47.18000030517578,16215400
2023-07-24,43.07209014892578,46.41999816894531,46.83000183105469,45.959999084472656,45.970001220703125,12053200
2023-07-25,42.199886322021484,45.47999954223633,46.63999938964844,45.43000030517578,46.38999938964844,13537400
2023-07-26,43.09064483642578,46.439998626708984,46.83000183105469,46.11000061035156,46.47999954223633,19520900
2023-07-27,42.468971252441406,45.77000045776367,47.16999816894531,45.58000183105469,46.560001373291016,19509600
2023-07-28,42.81229019165039,46.13999938964844,46.22999954223633,45.56999969482422,46.04999923706055,12616400
2023-07-31,42.830848693847656,46.15999984741211,46.68000030517578,45.86000061035156,46.34000015258789,11696600
2023-08-01,42.41329574584961,45.709999084472656,46.15999984741211,45.34000015258789,46.0099983215332,12699200
2023-08-02,41.847293853759766,45.099998474121094,45.16999816894531,44.560001373291016,45.099998474121094,13911700
2023-08-03,42.221351623535156,45.150001525878906,45.38999938964844,44.5099983215332,44.709999084472656,12145400
2023-08-04,41.94081115722656,44.849998474121094,45.70000076293945,44.709999084472656,45.099998474121094,10840800
2023-08-07,42.13718795776367,45.060001373291016,45.459999084472656,44.91999816894531,45.18000030517578,10860300
2023-08-08,41.594810485839844,44.47999954223633,44.54999923706055,43.380001068115234,43.97999954223633,14520000
2023-08-09,40.88410949707031,43.720001220703125,44.25,43.56999969482422,44.220001220703125,11973800
2023-08-10,40.83734893798828,43.66999816894531,44.38999938964844,43.619998931884766,44.0,11982200
2023-08-11,40.89345169067383,43.72999954223633,43.849998474121094,43.380001068115234,43.5099983215332,7316000
2023-08-14,40.90281295776367,43.7400016784668,43.90999984741211,43.27000045776367,43.529998779296875,10677000
2023-08-15,39.95832061767578,42.72999954223633,43.2599983215332,42.52000045776367,43.130001068115234,13835900
2023-08-16,39.481407165527344,42.220001220703125,42.72999954223633,42.13999938964844,42.65999984741211,10076700
2023-08-17,39.71519088745117,42.470001220703125,42.75,42.2599983215332,42.470001220703125,12686000
2023-08-18,39.74324035644531,42.5,42.790000915527344,42.04999923706055,42.099998474121094,10797300
2023-08-21,39.733890533447266,42.4900016784668,42.869998931884766,42.119998931884766,42.650001525878906,12600400
2023-08-22,38.808101654052734,41.5,42.56999969482422,41.43000030517578,42.459999084472656,13634500
2023-08-23,38.910972595214844,41.61000061035156,41.63999938964844,41.220001220703125,41.560001373291016,11927400
2023-08-24,38.74264907836914,41.43000030517578,42.18000030517578,41.38999938964844,41.45000076293945,10363300
2023-08-25,38.55561828613281,41.22999954223633,41.79999923706055,40.77000045776367,41.63999938964844,12534700
2023-08-28,39.16345977783203,41.880001068115234,42.06999969482422,41.290000915527344,41.40999984741211,10314500
2023-08-29,39.27567672729492,42.0,42.369998931884766,41.650001525878906,41.869998931884766,14404800
2023-08-30,38.84550857543945,41.540000915527344,42.130001068115234,41.470001220703125,42.060001373291016,12536300
2023-08-31,38.61172866821289,41.290000915527344,41.709999084472656,41.11000061035156,41.68000030517578,21534900
2023-09-01,38.948368072509766,41.650001525878906,41.9900016784668,41.5099983215332,41.54999923706055,12890300
2023-09-05,38.84550857543945,41.540000915527344,42.279998779296875,41.310001373291016,41.650001525878906,14337200
2023-09-06,38.3592414855957,41.02000045776367,41.400001525878906,40.599998474121094,41.209999084472656,18775400
2023-09-07,37.80751419067383,40.43000030517578,41.02000045776367,40.29999923706055,40.72999954223633,13801000
2023-09-08,38.34054183959961,41.0,41.119998931884766,40.33000183105469,40.45000076293945,13921200
2023-09-11,38.649139404296875,41.33000183105469,41.720001220703125,41.209999084472656,41.380001068115234,15053800
2023-09-12,39.78064727783203,42.540000915527344,42.970001220703125,41.27000045776367,41.40999984741211,18393900
2023-09-13,39.50944900512695,42.25,42.880001068115234,42.119998931884766,42.709999084472656,15274200
2023-09-14,40.257564544677734,43.04999923706055,43.38999938964844,42.70000076293945,42.810001373291016,20764500
2023-09-15,40.16405487060547,42.95000076293945,43.310001373291016,42.61000061035156,42.66999816894531,47371800
2023-09-18,40.612918853759766,43.43000030517578,43.599998474121094,42.77000045776367,42.9900016784668,15849700
2023-09-19,40.416542053222656,43.220001220703125,43.7400016784668,42.900001525878906,43.54999923706055,15318100
2023-09-20,40.08924865722656,42.869998931884766,43.720001220703125,42.81999969482422,43.400001525878906,16788100
2023-09-21,39.57491683959961,42.31999969482422,43.16999816894531,42.290000915527344,42.75,14990500
2023-09-22,38.55561828613281,41.22999954223633,42.38999938964844,41.150001525878906,42.33000183105469,16780300
2023-09-25,38.86421203613281,41.560001373291016,41.619998931884766,40.77000045776367,40.880001068115234,10624000
2023-09-26,38.013240814208984,40.650001525878906,41.310001373291016,40.36000061035156,41.04999923706055,15219400
2023-09-27,38.20962142944336,40.86000061035156,41.20000076293945,40.459999084472656,40.630001068115234,11815500
2023-09-28,38.256378173828125,40.90999984741211,41.20000076293945,40.720001220703125,40.84000015258789,12454600
2023-09-29,38.20962142944336,40.86000061035156,41.38999938964844,40.58000183105469,41.20000076293945,13124500
2023-10-02,37.04070281982422,39.61000061035156,40.7599983215332,39.439998626708984,40.70000076293945,15102000
2023-10-03,36.16167068481445,38.66999816894531,39.470001220703125,38.470001220703125,39.380001068115234,19252900
2023-10-04,36.44221878051758,38.970001220703125,39.11000061035156,38.38999938964844,38.5099983215332,14343500
2023-10-05,36.75080871582031,39.29999923706055,39.41999816894531,38.599998474121094,38.7599983215332,11820600
2023-10-06,37.11550521850586,39.689998626708984,39.88999938964844,38.7599983215332,38.88999938964844,13976800
2023-10-09,37.12486267089844,39.70000076293945,39.79999923706055,39.099998474121094,39.11000061035156,12096600
2023-10-10,37.23707962036133,39.81999969482422,40.380001068115234,39.720001220703125,39.91999816894531,14429700
2023-10-11,37.11550521850586,39.689998626708984,40.209999084472656,39.25,40.0099983215332,14835900
2023-10-12,37.16227340698242,39.7400016784668,40.0099983215332,39.31999969482422,39.689998626708984,14878100
2023-10-13,38.30312728881836,40.959999084472656,41.63999938964844,40.470001220703125,40.83000183105469,28077900
2023-10-16,38.948368072509766,41.650001525878906,42.16999816894531,41.400001525878906,41.470001220703125,18419000
2023-10-17,39.25696563720703,41.97999954223633,42.369998931884766,41.43000030517578,41.43000030517578,16982300
2023-10-18,38.836158752441406,41.529998779296875,41.939998626708984,41.349998474121094,41.70000076293945,16053200
2023-10-19,38.50886535644531,41.18000030517578,42.220001220703125,41.15999984741211,41.47999954223633,16120300
2023-10-20,37.65788269042969,40.27000045776367,41.09000015258789,39.939998626708984,41.04999923706055,17498900
2023-10-23,36.919132232666016,39.47999954223633,40.380001068115234,39.41999816894531,40.2599983215332,13785800
2023-10-24,36.73210144042969,39.279998779296875,39.83000183105469,39.2400016784668,39.619998931884766,15097800
2023-10-25,36.49831771850586,39.029998779296875,39.209999084472656,38.58000183105469,39.06999969482422,13849000
2023-10-26,37.07810592651367,39.650001525878906,39.97999954223633,38.97999954223633,39.02000045776367,15480300
2023-10-27,36.24583053588867,38.7599983215332,39.40999984741211,38.619998931884766,39.380001068115234,13582800
2023-10-30,36.872379302978516,39.43000030517578,39.59000015258789,38.689998626708984,39.099998474121094,14141900
2023-10-31,37.19032287597656,39.77000045776367,39.810001373291016,39.2400016784668,39.63999938964844,11919200
2023-11-01,37.04070281982422,39.61000061035156,39.97999954223633,39.279998779296875,39.959999084472656,19850300
2023-11-02,38.22004318237305,40.5099983215332,40.540000915527344,39.38999938964844,39.7400016784668,19998500
2023-11-03,39.267295837402344,41.619998931884766,41.86000061035156,41.06999969482422,41.16999816894531,16147500
2023-11-06,39.00312423706055,41.34000015258789,41.790000915527344,41.150001525878906,41.790000915527344,15148600
2023-11-07,38.72007751464844,41.040000915527344,41.20000076293945,40.7400016784668,41.18000030517578,13796900
2023-11-08,38.6634635925293,40.97999954223633,41.189998626708984,40.43000030517578,41.06999969482422,19418700
2023-11-09,38.11626052856445,40.400001525878906,41.380001068115234,40.27000045776367,41.29999923706055,14006500
2023-11-10,38.57855987548828,40.88999938964844,40.95000076293945,40.36000061035156,40.630001068115234,14706600
2023-11-13,38.4653434753418,40.77000045776367,41.060001373291016,40.529998779296875,40.7400016784668,12159700
2023-11-14,39.7012939453125,42.08000183105469,42.380001068115234,41.459999084472656,41.5,20183800
2023-11-15,40.41832733154297,42.84000015258789,43.029998779296875,42.06999969482422,42.06999969482422,17268100
2023-11-16,40.12584686279297,42.529998779296875,42.959999084472656,41.9900016784668,42.81999969482422,16931200
2023-11-17,40.53154373168945,42.959999084472656,42.9900016784668,42.439998626708984,42.83000183105469,13893800
2023-11-20,40.371158599853516,42.790000915527344,42.95000076293945,42.5099983215332,42.86000061035156,10369100
2023-11-21,40.19189453125,42.599998474121094,42.72999954223633,42.150001525878906,42.63999938964844,16078400
2023-11-22,40.361724853515625,42.779998779296875,42.83000183105469,42.400001525878906,42.65999984741211,11862200
2023-11-24,40.493804931640625,42.91999816894531,43.11000061035156,42.72999954223633,42.79999923706055,5287200
2023-11-27,40.58815002441406,43.02000045776367,43.029998779296875,42.52000045776367,42.63999938964844,15715000
2023-11-28,40.91836929321289,43.369998931884766,43.45000076293945,42.790000915527344,42.970001220703125,15332900
2023-11-29,41.30519485473633,43.779998779296875,44.13999938964844,43.630001068115234,43.689998626708984,16746000
2023-11-30,42.06940841674805,44.59000015258789,44.75,43.47999954223633,43.810001373291016,23247500
2023-12-01,42.475093841552734,45.02000045776367,45.2400016784668,44.380001068115234,44.5099983215332,18116100
2023-12-04,42.5694465637207,45.119998931884766,45.33000183105469,44.52000045776367,44.709999084472656,13424000
2023-12-05,41.97506332397461,44.4900016784668,44.970001220703125,44.40999984741211,44.95000076293945,14531700
2023-12-06,41.98448944091797,44.5,45.25,44.43000030517578,44.79999923706055,18923800
2023-12-07,42.833614349365234,45.400001525878906,45.439998626708984,44.650001525878906,44.790000915527344,18787800
2023-12-08,43.49404525756836,46.099998474121094,46.34000015258789,45.119998931884766,45.36000061035156,20238400
2023-12-11,43.39970779418945,46.0,46.220001220703125,45.56999969482422,45.900001525878906,21116900
2023-12-12,43.84313201904297,46.470001220703125,46.7599983215332,45.810001373291016,45.939998626708984,19787100
2023-12-13,45.060211181640625,47.7599983215332,47.779998779296875,46.349998474121094,46.5,26549100
2023-12-14,47.654754638671875,50.5099983215332,50.54999923706055,48.439998626708984,48.439998626708984,41115400
2023-12-15,47.466064453125,50.310001373291016,50.77000045776367,49.91999816894531,50.099998474121094,44099200
2023-12-18,46.85280227661133,49.65999984741211,50.47999954223633,49.529998779296875,50.40999984741211,20531700
2023-12-19,47.25849914550781,50.09000015258789,50.31999969482422,49.310001373291016,49.66999816894531,20556400
2023-12-20,46.5509033203125,49.34000015258789,50.56999969482422,49.290000915527344,49.83000183105469,20481500
2023-12-21,46.65467834472656,49.45000076293945,49.83000183105469,49.130001068115234,49.619998931884766,11127700
2023-12-22,46.399940490722656,49.18000030517578,49.86000061035156,49.09000015258789,49.65999984741211,10450400
2023-12-26,46.83393859863281,49.63999938964844,49.66999816894531,49.029998779296875,49.15999984741211,8856600
2023-12-27,46.54146194458008,49.33000183105469,49.56999969482422,49.150001525878906,49.40999984741211,12536700
2023-12-28,46.6829833984375,49.47999954223633,49.650001525878906,49.09000015258789,49.13999938964844,9872600
2023-12-29,46.437679290771484,49.220001220703125,49.58000183105469,49.209999084472656,49.349998474121094,11733600
2024-01-02,46.54146194458008,49.33000183105469,49.7599983215332,48.81999969482422,49.04999923706055,14916000
2024-01-03,45.92820739746094,48.68000030517578,49.09000015258789,48.31999969482422,49.09000015258789,21653600
2024-01-04,46.49428176879883,49.279998779296875,49.86000061035156,48.77000045776367,48.81999969482422,15917500
2024-01-05,47.09810256958008,49.91999816894531,50.470001220703125,49.290000915527344,49.400001525878906,15074800
2024-01-08,47.09810256958008,49.91999816894531,49.9900016784668,49.150001525878906,49.380001068115234,15119700
2024-01-09,46.503726959228516,49.290000915527344,49.459999084472656,49.04999923706055,49.439998626708984,13625200
2024-01-10,46.30559539794922,49.08000183105469,49.119998931884766,48.61000061035156,49.0,11849800
2024-01-11,46.267860412597656,49.040000915527344,49.08000183105469,48.34000015258789,48.88999938964844,21049200
2024-01-12,44.720558166503906,47.400001525878906,48.779998779296875,47.0,47.95000076293945,30454100
2024-01-16,44.1733512878418,46.81999969482422,47.060001373291016,46.220001220703125,46.77000045776367,25209900
2024-01-17,44.031822204589844,46.66999816894531,47.060001373291016,46.209999084472656,46.2400016784668,17445600
2024-01-18,43.81482696533203,46.439998626708984,46.619998931884766,46.119998931884766,46.54999923706055,17901300
2024-01-19,45.39986038208008,48.119998931884766,48.18000030517578,46.380001068115234,46.630001068115234,25606900
2024-01-22,45.78668212890625,48.529998779296875,48.93000030517578,48.15999984741211,48.22999954223633,19372200
2024-01-23,46.34333419799805,49.119998931884766,49.220001220703125,48.400001525878906,48.650001525878906,16422100
2024-01-24,46.69241714477539,49.4900016784668,50.09000015258789,49.25,49.369998931884766,17776000
2024-01-25,47.060367584228516,49.880001068115234,49.939998626708984,49.5,49.68000030517578,17979600
2024-01-26,47.47549819946289,50.31999969482422,50.5,49.77000045776367,49.84000015258789,19211100
2024-01-29,47.503807067871094,50.349998474121094,50.66999816894531,49.9900016784668,50.15999984741211,16725200
2024-01-30,48.29631423950195,51.189998626708984,51.27000045776367,50.619998931884766,50.630001068115234,14736800
2024-01-31,47.343414306640625,50.18000030517578,51.439998626708984,50.15999984741211,51.0099983215332,20394400
2024-02-01,46.29830551147461,48.72999954223633,49.970001220703125,47.880001068115234,49.81999969482422,27566100
2024-02-02,46.70684051513672,49.15999984741211,49.56999969482422,48.060001373291016,48.5,19329000
2024-02-05,46.26980209350586,48.70000076293945,48.91999816894531,48.2400016784668,48.61000061035156,14202700
2024-02-06,45.8802604675293,48.290000915527344,49.119998931884766,48.0099983215332,48.52000045776367,13926600
2024-02-07,46.0607795715332,48.47999954223633,48.599998474121094,47.45000076293945,48.45000076293945,15839600
2024-02-08,45.9372673034668,48.349998474121094,48.5,48.060001373291016,48.18000030517578,10839200
2024-02-09,45.6617317199707,48.060001373291016,48.27000045776367,47.470001220703125,48.220001220703125,16594000
2024-02-12,46.478816986083984,48.91999816894531,49.290000915527344,47.880001068115234,48.0,14101900
2024-02-13,45.83275604248047,48.2400016784668,48.709999084472656,47.59000015258789,48.400001525878906,13660100
2024-02-14,46.108280181884766,48.529998779296875,48.720001220703125,47.959999084472656,48.599998474121094,12683400
2024-02-15,49.44313049316406,52.040000915527344,52.45000076293945,48.619998931884766,48.72999954223633,46473600
2024-02-16,49.319618225097656,51.90999984741211,52.31999969482422,51.31999969482422,51.939998626708984,24359700
2024-02-20,49.186607360839844,51.77000045776367,52.2400016784668,51.27000045776367,51.5,19839100
2024-02-21,50.03219223022461,52.65999984741211,52.68000030517578,51.130001068115234,51.63999938964844,18562500
2024-02-22,50.706756591796875,53.369998931884766,53.90999984741211,52.75,52.83000183105469,20467900
2024-02-23,51.17230224609375,53.86000061035156,54.02000045776367,53.41999816894531,53.529998779296875,20863500
2024-02-26,51.428836822509766,54.130001068115234,54.560001373291016,53.68000030517578,53.75,18099900
2024-02-27,52.07489776611328,54.810001373291016,54.88999938964844,54.2400016784668,54.279998779296875,19548200
2024-02-28,51.98939514160156,54.720001220703125,55.41999816894531,54.56999969482422,54.7400016784668,20045200
2024-02-29,52.81598663330078,55.59000015258789,55.70000076293945,54.939998626708984,55.040000915527344,28335600
2024-03-01,52.31243133544922,55.060001373291016,55.75,54.900001525878906,55.400001525878906,17761000
2024-03-04,53.02500534057617,55.810001373291016,56.560001373291016,54.72999954223633,54.869998931884766,19483500
2024-03-05,53.775577545166016,56.599998474121094,57.099998474121094,55.43000030517578,55.709999084472656,21786100
2024-03-06,54.260128021240234,57.11000061035156,57.38999938964844,56.27000045776367,56.81999969482422,25418600
2024-03-07,54.15562438964844,57.0,57.68000030517578,56.869998931884766,57.04999923706055,18116300
2024-03-08,54.22212219238281,57.06999969482422,57.540000915527344,56.880001068115234,57.209999084472656,17872500
2024-03-11,54.241127014160156,57.09000015258789,57.349998474121094,56.52000045776367,56.779998779296875,16622000
2024-03-12,54.73517608642578,57.61000061035156,58.11000061035156,57.099998474121094,57.25,23622800
2024-03-13,54.93470001220703,57.81999969482422,58.439998626708984,57.619998931884766,57.619998931884766,17444900
2024-03-14,54.50715255737305,57.369998931884766,58.130001068115234,57.119998931884766,57.869998931884766,24851100
2024-03-15,54.640167236328125,57.5099983215332,58.29999923706055,56.86000061035156,56.86000061035156,40782800
2024-03-18,54.88719940185547,57.77000045776367,57.83000183105469,57.11000061035156,57.599998474121094,16376500
2024-03-19,54.16511535644531,57.0099983215332,57.939998626708984,56.91999816894531,57.650001525878906,14504800
2024-03-20,54.44064712524414,57.29999923706055,57.5099983215332,56.279998779296875,56.619998931884766,22841600
2024-03-21,54.963199615478516,57.849998474121094,58.119998931884766,57.45000076293945,57.59000015258789,18141700
2024-03-22,54.27913284301758,57.130001068115234,58.02000045776367,57.119998931884766,57.810001373291016,13736600
2024-03-25,53.89909744262695,56.72999954223633,57.33000183105469,56.369998931884766,57.08000183105469,15028200
2024-03-26,53.851585388183594,56.68000030517578,57.150001525878906,56.59000015258789,57.13999938964844,11445900
2024-03-27,54.73517608642578,57.61000061035156,57.63999938964844,56.380001068115234,56.380001068115234,13762800
2024-03-28,55.06770706176758,57.959999084472656,58.08000183105469,57.560001373291016,57.65999984741211,14619000
2024-04-01,54.73517608642578,57.61000061035156,57.880001068115234,57.2599983215332,57.880001068115234,11039500
2024-04-02,54.4881477355957,57.349998474121094,58.0,57.189998626708984,57.36000061035156,14632900
2024-04-03,54.27913284301758,57.130001068115234,57.959999084472656,56.849998474121094,57.20000076293945,13226500
2024-04-04,53.851585388183594,56.68000030517578,58.0,56.540000915527344,57.72999954223633,12361900
2024-04-05,54.53565979003906,57.400001525878906,57.619998931884766,56.56999969482422,56.630001068115234,11081000
2024-04-08,54.906192779541016,57.790000915527344,57.97999954223633,57.310001373291016,57.380001068115234,15308800
2024-04-09,54.7066764831543,57.58000183105469,57.9900016784668,56.869998931884766,57.70000076293945,10643800
2024-04-10,54.09861373901367,56.939998626708984,57.29999923706055,56.41999816894531,56.790000915527344,16475200
2024-04-11,53.861083984375,56.689998626708984,57.0,55.630001068115234,56.97999954223633,18995600
2024-04-12,53.65207290649414,56.470001220703125,57.0,55.34000015258789,55.970001220703125,27876700
2024-04-15,54.127113342285156,56.970001220703125,57.97999954223633,56.7400016784668,57.61000061035156,19407500
2024-04-16,53.59505844116211,56.40999984741211,56.959999084472656,55.65999984741211,56.900001525878906,25620000
2024-04-17,54.32663345336914,57.18000030517578,57.630001068115234,56.650001525878906,56.880001068115234,18867700
2024-04-18,55.80879211425781,58.7400016784668,59.130001068115234,57.220001220703125,57.630001068115234,24468500
2024-04-19,57.338443756103516,60.349998474121094,60.849998474121094,58.86000061035156,59.0,34334300
2024-04-22,58.05101776123047,61.099998474121094,61.4900016784668,60.34000015258789,60.400001525878906,21753400
2024-04-23,57.89900207519531,60.939998626708984,61.7599983215332,60.810001373291016,61.16999816894531,21731200
2024-04-24,57.57597351074219,60.599998474121094,60.95000076293945,60.04999923706055,60.599998474121094,19731600
2024-04-25,56.93940353393555,59.93000030517578,60.959999084472656,59.599998474121094,60.61000061035156,24002500
2024-04-26,56.92041015625,59.90999984741211,60.43000030517578,59.380001068115234,59.779998779296875,18785900
2024-04-29,56.815895080566406,59.79999923706055,60.29999923706055,59.36000061035156,59.86000061035156,15338400
2024-04-30,56.35984802246094,59.31999969482422,59.9900016784668,59.29999923706055,59.599998474121094,18007700
2024-05-01,56.549869537353516,59.52000045776367,60.150001525878906,59.33000183105469,59.58000183105469,16365400
2024-05-02,56.844398498535156,59.83000183105469,60.150001525878906,59.31999969482422,60.119998931884766,15329500
2024-05-03,56.94890594482422,59.939998626708984,60.2599983215332,59.119998931884766,60.029998779296875,17298500
2024-05-06,57.186431884765625,60.189998626708984,60.880001068115234,59.84000015258789,60.470001220703125,16240100
2024-05-07,57.2529411315918,60.2599983215332,60.61000061035156,60.060001373291016,60.279998779296875,16268200
2024-05-08,58.174537658691406,61.22999954223633,61.43000030517578,60.099998474121094,60.150001525878906,18718400
2024-05-09,58.55675506591797,61.279998779296875,61.369998931884766,60.47999954223633,60.7400016784668,14224300
2024-05-10,59.13965606689453,61.88999938964844,61.970001220703125,61.459999084472656,61.459999084472656,14428200
2024-05-13,58.537654876708984,61.2599983215332,62.16999816894531,61.209999084472656,61.959999084472656,15203500
2024-05-14,59.13965606689453,61.88999938964844,61.9900016784668,61.02000045776367,61.560001373291016,14499600
2024-05-15,59.56965637207031,62.34000015258789,62.54999923706055,61.869998931884766,62.20000076293945,17489600
2024-05-16,58.34653854370117,61.060001373291016,62.47999954223633,60.970001220703125,62.45000076293945,21104100
2024-05-17,58.36565017700195,61.08000183105469,61.630001068115234,60.88999938964844,61.40999984741211,15795800
2024-05-20,58.002532958984375,60.70000076293945,61.790000915527344,60.59000015258789,60.97999954223633,15029000
2024-05-21,58.728759765625,61.459999084472656,61.70000076293945,60.779998779296875,60.81999969482422,18422100
2024-05-22,58.22231674194336,60.93000030517578,61.45000076293945,60.5099983215332,61.29999923706055,10340500
2024-05-23,57.02786636352539,59.68000030517578,60.779998779296875,59.36000061035156,60.75,13056100
2024-05-24,57.53430938720703,60.209999084472656,60.38999938964844,59.869998931884766,60.040000915527344,9913000
2024-05-28,56.83675003051758,59.47999954223633,60.18000030517578,59.189998626708984,59.970001220703125,11276300
2024-05-29,56.13919448852539,58.75,58.939998626708984,58.41999816894531,58.869998931884766,12835000
2024-05-30,56.5787467956543,59.209999084472656,59.38999938964844,58.599998474121094,58.81999969482422,13580800
2024-05-31,57.25719451904297,59.91999816894531,59.9900016784668,58.970001220703125,59.27000045776367,25386600
2024-06-03,56.70296859741211,59.34000015258789,60.20000076293945,58.599998474121094,60.20000076293945,13206500
2024-06-04,56.09141540527344,58.70000076293945,59.47999954223633,58.34000015258789,58.81999969482422,12520700
2024-06-05,56.07229995727539,58.68000030517578,58.91999816894531,58.130001068115234,58.86000061035156,11199100
2024-06-06,55.16451644897461,57.72999954223633,59.0,57.5,58.779998779296875,18587400
2024-06-07,55.76652526855469,58.36000061035156,58.68000030517578,57.56999969482422,57.56999969482422,14466700
2024-06-10,55.355628967285156,57.93000030517578,58.130001068115234,57.369998931884766,57.900001525878906,12787500
2024-06-11,54.591182708740234,57.130001068115234,57.75,56.5099983215332,57.75,19197800
2024-06-12,54.75362777709961,57.29999923706055,58.45000076293945,57.15999984741211,58.279998779296875,16929800
2024-06-13,54.72495651245117,57.27000045776367,57.619998931884766,56.689998626708984,57.45000076293945,15963700
2024-06-14,54.84918212890625,57.400001525878906,57.61000061035156,56.619998931884766,56.9900016784668,15375400
2024-06-17,55.651859283447266,58.2400016784668,58.25,57.06999969482422,57.209999084472656,18361100
2024-06-18,56.42586135864258,59.04999923706055,59.04999923706055,57.900001525878906,58.209999084472656,15547400
2024-06-20,56.3398551940918,58.959999084472656,59.20000076293945,58.59000015258789,58.7400016784668,11985500
2024-06-21,55.51807403564453,58.099998474121094,58.459999084472656,57.31999969482422,58.29999923706055,62732600
2024-06-24,56.38763427734375,59.0099983215332,59.459999084472656,58.27000045776367,58.4900016784668,16198300
2024-06-25,54.65807342529297,57.20000076293945,59.0,57.18000030517578,58.77000045776367,26726900
2024-06-26,54.47651672363281,57.0099983215332,57.79999923706055,56.83000183105469,57.220001220703125,30425700
2024-06-27,54.86829376220703,57.41999816894531,57.470001220703125,56.33000183105469,56.40999984741211,13832200
2024-06-28,56.75075149536133,59.38999938964844,59.45000076293945,58.09000015258789,58.09000015258789,31074500
2024-07-01,57.897422790527344,60.59000015258789,60.61000061035156,59.56999969482422,59.61000061035156,14470200
2024-07-02,58.260536193847656,60.970001220703125,61.18000030517578,60.13999938964844,60.4900016784668,9543700
2024-07-03,57.96430969238281,60.65999984741211,61.13999938964844,60.15999984741211,61.0,6698800
2024-07-05,56.970523834228516,59.619998931884766,60.65999984741211,59.11000061035156,60.5,11436300
2024-07-08,56.38763427734375,59.0099983215332,60.40999984741211,58.65999984741211,59.970001220703125,12480000
2024-07-09,57.21897888183594,59.880001068115234,60.41999816894531,58.91999816894531,59.08000183105469,12233800
2024-07-10,57.06608581542969,59.720001220703125,59.9900016784668,59.380001068115234,59.540000915527344,12097200
2024-07-11,57.486534118652344,60.15999984741211,60.709999084472656,59.279998779296875,59.400001525878906,16852800
2024-07-12,54.02740478515625,56.540000915527344,56.91999816894531,55.599998474121094,56.20000076293945,53042800
2024-07-15,55.16451644897461,57.72999954223633,58.2400016784668,57.040000915527344,57.04999923706055,27277300
2024-07-16,57.56297302246094,60.2400016784668,60.619998931884766,57.529998779296875,58.040000915527344,25577300
2024-07-17,58.203208923339844,60.90999984741211,61.0,59.88999938964844,60.15999984741211,17371100
2024-07-18,56.60741424560547,59.2400016784668,60.81999969482422,58.9900016784668,60.619998931884766,17739000
2024-07-19,56.59785842895508,59.22999954223633,59.77000045776367,59.11000061035156,59.29999923706055,12362800
2024-07-22,56.51185989379883,59.13999938964844,59.38999938964844,58.540000915527344,59.2599983215332,13638600
2024-07-23,57.01830291748047,59.66999816894531,59.90999984741211,59.040000915527344,59.20000076293945,10927800
2024-07-24,56.798526763916016,59.439998626708984,60.209999084472656,59.369998931884766,59.77000045776367,10777100
2024-07-25,57.046974182128906,59.70000076293945,60.72999954223633,59.45000076293945,59.560001373291016,14119600
2024-07-26,57.70630645751953,60.38999938964844,60.45000076293945,59.56999969482422,59.849998474121094,12538900
2024-07-29,56.94186019897461,59.59000015258789,60.83000183105469,59.349998474121094,60.7400016784668,8986200
2024-07-30,57.34319305419922,60.0099983215332,60.72999954223633,59.88999938964844,60.459999084472656,11503900
2024-07-31,56.70296859741211,59.34000015258789,60.119998931884766,59.20000076293945,59.81999969482422,11535800
2024-08-01,54.352291107177734,56.880001068115234,59.34000015258789,56.52000045776367,59.2599983215332,17752700
2024-08-02,50.893165588378906,53.2599983215332,55.56999969482422,52.79999923706055,55.18000030517578,27642600
2024-08-05,49.80382537841797,52.119998931884766,52.400001525878906,50.150001525878906,51.29999923706055,28594000
2024-08-06,50.03316116333008,52.36000061035156,52.959999084472656,52.04999923706055,52.279998779296875,18723500
2024-08-07,49.966270446777344,52.290000915527344,53.4900016784668,52.150001525878906,53.150001525878906,18407500
2024-08-08,50.415382385253906,52.7599983215332,53.31999969482422,52.650001525878906,52.970001220703125,16176000
2024-08-09,50.8005256652832,52.7599983215332,52.83000183105469,52.06999969482422,52.29999923706055,11669000
2024-08-12,50.126522064208984,52.060001373291016,53.470001220703125,51.68000030517578,52.90999984741211,18090100
2024-08-13,50.90644454956055,52.869998931884766,52.959999084472656,51.810001373291016,52.36000061035156,12268600
2024-08-14,51.66709899902344,53.65999984741211,53.779998779296875,52.720001220703125,53.029998779296875,13217200
2024-08-15,52.543304443359375,54.56999969482422,55.16999816894531,54.43000030517578,54.5,16549400
2024-08-16,53.27507781982422,55.33000183105469,55.43000030517578,54.61000061035156,54.779998779296875,19173900
2024-08-19,54.35348129272461,56.45000076293945,56.459999084472656,55.2599983215332,55.349998474121094,12792900
2024-08-20,54.06462478637695,56.150001525878906,56.720001220703125,55.91999816894531,56.029998779296875,12533500
2024-08-21,53.400245666503906,55.459999084472656,56.45000076293945,55.20000076293945,56.439998626708984,13691700
2024-08-22,53.881675720214844,55.959999084472656,56.369998931884766,55.65999984741211,55.70000076293945,15683000
2024-08-23,54.59419631958008,56.70000076293945,57.400001525878906,56.31999969482422,56.41999816894531,17074400
2024-08-26,54.61345291137695,56.720001220703125,57.150001525878906,56.540000915527344,57.02000045776367,9478800
2024-08-27,54.170536041259766,56.2599983215332,56.91999816894531,56.15999984741211,56.709999084472656,7638500
2024-08-28,54.95045471191406,57.06999969482422,57.36000061035156,56.029998779296875,56.060001373291016,11905200
2024-08-29,55.220054626464844,57.349998474121094,57.77000045776367,56.5099983215332,57.310001373291016,9283300
2024-08-30,56.298465728759766,58.470001220703125,58.58000183105469,57.380001068115234,57.45000076293945,20377300
2024-09-03,56.202171325683594,58.369998931884766,58.95000076293945,57.900001525878906,58.619998931884766,15933600
2024-09-04,55.96146011352539,58.119998931884766,59.0,57.720001220703125,58.4900016784668,10985800
2024-09-05,54.748252868652344,56.86000061035156,58.68000030517578,56.540000915527344,58.619998931884766,18301000
2024-09-06,51.99447250366211,54.0,56.779998779296875,53.689998626708984,56.68000030517578,21853800
2024-09-09,52.56256103515625,54.59000015258789,55.08000183105469,54.43000030517578,54.72999954223633,17134800
2024-09-10,51.94633483886719,53.95000076293945,56.099998474121094,53.380001068115234,56.0,24650000
2024-09-11,51.73450469970703,53.72999954223633,53.86000061035156,52.43000030517578,53.720001220703125,17322000
2024-09-12,49.65471649169922,51.56999969482422,54.34000015258789,50.220001220703125,53.72999954223633,42594200
2024-09-13,50.81978225708008,52.779998779296875,53.040000915527344,51.75,51.86000061035156,24762000
2024-09-16,51.792274475097656,53.790000915527344,53.93000030517578,52.810001373291016,52.810001373291016,18066200
2024-09-17,52.48553466796875,54.5099983215332,55.06999969482422,53.970001220703125,53.970001220703125,15885200
2024-09-18,52.244815826416016,54.2599983215332,55.189998626708984,54.099998474121094,54.459999084472656,20109000
2024-09-19,53.72761917114258,55.79999923706055,56.0099983215332,54.650001525878906,55.0099983215332,21399000
2024-09-20,54.19942855834961,56.290000915527344,56.290000915527344,54.880001068115234,55.349998474121094,45276000
2024-09-23,53.06325149536133,55.11000061035156,56.52000045776367,54.900001525878906,56.2599983215332,14759300
2024-09-24,52.14852523803711,54.15999984741211,55.189998626708984,53.790000915527344,55.119998931884766,16365600
2024-09-25,51.618961334228516,53.61000061035156,54.33000183105469,53.40999984741211,54.279998779296875,10555700
2024-09-26,54.295711517333984,56.38999938964844,57.11000061035156,53.31999969482422,54.040000915527344,34463400
2024-09-27,53.82390594482422,55.900001525878906,56.619998931884766,55.79999923706055,56.619998931884766,13530400
2024-09-30,54.391998291015625,56.4900016784668,56.52000045776367,55.47999954223633,55.65999984741211,16284200
2024-10-01,53.33285140991211,55.38999938964844,56.029998779296875,55.20000076293945,56.0,11069400
2024-10-02,53.246192932128906,55.29999923706055,55.810001373291016,54.91999816894531,55.33000183105469,9007200
2024-10-03,52.93807601928711,54.97999954223633,55.209999084472656,54.40999984741211,55.08000183105469,8135300
2024-10-04,54.844539642333984,56.959999084472656,57.130001068115234,55.97999954223633,55.9900016784668,14582800
2024-10-07,55.037113189697266,57.15999984741211,57.630001068115234,56.79999923706055,57.22999954223633,11177800
2024-10-08,55.171913146972656,57.29999923706055,58.279998779296875,57.27000045776367,58.279998779296875,12073000
2024-10-09,55.40300369262695,57.540000915527344,57.72999954223633,57.06999969482422,57.31999969482422,12415300
2024-10-10,55.60519790649414,57.75,58.38999938964844,57.349998474121094,57.720001220703125,12744000
2024-10-11,58.72487258911133,60.9900016784668,61.720001220703125,59.91999816894531,59.959999084472656,37049200
2024-10-14,59.851417541503906,62.15999984741211,63.349998474121094,60.939998626708984,61.27000045776367,30758800
2024-10-15,60.68910217285156,63.029998779296875,63.81999969482422,62.22999954223633,62.90999984741211,24693400
2024-10-16,61.51716613769531,63.88999938964844,64.08000183105469,63.119998931884766,63.2400016784668,17412600
2024-10-17,61.98896408081055,64.37999725341797,64.72000122070312,63.5,64.48999786376953,15073500
2024-10-18,61.96970748901367,64.36000061035156,64.77999877929688,63.83000183105469,64.41000366210938,19234000
2024-10-21,61.64234161376953,64.0199966430664,64.69000244140625,63.91999816894531,64.4800033569336,15603400
2024-10-22,62.402992248535156,64.80999755859375,65.20999908447266,64.0,64.0199966430664,26164900
2024-10-23,62.16228485107422,64.55999755859375,65.05000305175781,63.86000061035156,64.7699966430664,18380900
2024-10-24,62.999969482421875,65.43000030517578,65.56999969482422,64.33000183105469,64.61000061035156,18393300
2024-10-25,62.133392333984375,64.52999877929688,65.94999694824219,64.25,65.8499984741211,14855500
2024-10-28,63.17328643798828,65.61000061035156,65.75,64.80999755859375,65.0,16158900
2024-10-29,62.87480163574219,65.30000305175781,66.0,65.23999786376953,65.48999786376953,13205500
2024-10-30,62.98072052001953,65.41000366210938,66.4000015258789,65.12999725341797,65.12999725341797,16021700
2024-10-31,62.50890350341797,64.91999816894531,65.75,64.62999725341797,65.0999984741211,12963200
2024-11-01,62.27782440185547,64.68000030517578,65.58000183105469,64.62000274658203,65.22000122070312,13313900
2024-11-04,61.33422088623047,63.70000076293945,64.6500015258789,63.04999923706055,64.55999755859375,12607400
2024-11-05,61.69047927856445,64.06999969482422,64.5,63.619998931884766,64.0,13447200
2024-11-06,69.77850341796875,72.47000122070312,74.2699966430664,69.94999694824219,73.30000305175781,63689100
2024-11-07,67.2269287109375,69.81999969482422,71.66999816894531,69.73999786376953,71.63999938964844,18681200
2024-11-08,67.82734680175781,70.04000091552734,70.12999725341797,69.36000061035156,70.01000213623047,14270900
2024-11-11,70.2677230834961,72.55999755859375,73.25,71.0199966430664,71.0199966430664,17117800
2024-11-12,70.30645751953125,72.5999984741211,73.37000274658203,72.11000061035156,72.77999877929688,17848200
2024-11-13,70.47108459472656,72.7699966430664,73.95999908447266,72.66000366210938,72.75,18823000
2024-11-14,70.5001449584961,72.80000305175781,73.47000122070312,72.51000213623047,72.8499984741211,13654800
2024-11-15,71.99150085449219,74.33999633789062,74.41000366210938,72.88999938964844,73.0,18837000
2024-11-18,71.74939727783203,74.08999633789062,74.69999694824219,73.72000122070312,74.5,18439600
2024-11-19,71.1102523803711,73.43000030517578,74.16000366210938,73.12999725341797,73.62000274658203,15412900
2024-11-20,71.2555160522461,73.58000183105469,73.77999877929688,72.43000030517578,73.66999816894531,14415400
2024-11-21,72.46601867675781,74.83000183105469,76.04000091552734,73.94000244140625,73.94000244140625,20068200
2024-11-22,73.5603256225586,75.95999908447266,76.08000183105469,74.55000305175781,74.56999969482422,14997400
2024-11-25,74.47061920166016,76.9000015258789,77.30999755859375,75.97000122070312,76.19999694824219,28636600
2024-11-26,74.90640258789062,77.3499984741211,78.12999725341797,76.36000061035156,77.5,19139100
2024-11-27,74.77082824707031,77.20999908447266,77.79000091552734,76.43000030517578,77.37000274658203,19793900
2024-11-29,73.76368713378906,76.16999816894531,78.04000091552734,76.13999938964844,77.69000244140625,9785000
2024-12-02,72.90180206298828,75.27999877929688,76.94999694824219,74.80000305175781,76.94999694824219,18274500
2024-12-03,71.79780578613281,74.13999938964844,75.8499984741211,74.0199966430664,75.80999755859375,15047900
2024-12-04,70.75193786621094,73.05999755859375,74.25,72.70999908447266,74.05000305175781,14301100
2024-12-05,71.3329849243164,73.66000366210938,74.61000061035156,73.0999984741211,73.4000015258789,17766700
2024-12-06,71.9818115234375,74.33000183105469,74.72000122070312,73.7300033569336,73.98999786376953,14798100
2024-12-09,70.32584381103516,72.62000274658203,74.55000305175781,72.41999816894531,74.30999755859375,15517500
2024-12-10,69.77384185791016,72.05000305175781,73.5,71.9000015258789,73.5,12277100
2024-12-11,69.33806610107422,71.5999984741211,72.91999816894531,71.44999694824219,72.58999633789062,11867400
2024-12-12,68.56333923339844,70.80000305175781,72.05999755859375,70.79000091552734,71.87999725341797,12446700
2024-12-13,68.21470642089844,70.44000244140625,71.05000305175781,70.0199966430664,70.8499984741211,16794500
2024-12-16,69.7060546875,71.9800033569336,72.29000091552734,69.81999969482422,70.47000122070312,24602500
2024-12-17,68.57301330566406,70.80999755859375,71.54000091552734,70.37999725341797,71.05000305175781,15595900
2024-12-18,66.58777618408203,68.76000213623047,71.5,68.61000061035156,70.61000061035156,21201200
2024-12-19,66.6749267578125,68.8499984741211,70.69000244140625,68.66999816894531,69.4000015258789,16444600
2024-12-20,68.11786651611328,70.33999633789062,71.04000091552734,68.7699966430664,69.16999816894531,50113400
2024-12-23,68.3115463256836,70.54000091552734,70.69000244140625,69.62000274658203,69.72000122070312,11817000
2024-12-24,69.328369140625,71.58999633789062,71.58999633789062,70.54000091552734,70.66999816894531,4442700
2024-12-26,69.49299621582031,71.76000213623047,71.83999633789062,71.11000061035156,71.43000030517578,6964300
2024-12-27,68.863525390625,71.11000061035156,71.73999786376953,70.62999725341797,71.18000030517578,7219500
2024-12-30,68.1856460571289,70.41000366210938,70.80000305175781,69.7699966430664,70.41000366210938,8443800
2024-12-31,68.02102661132812,70.23999786376953,70.91999816894531,70.05999755859375,70.52999877929688,7031500
2025-01-02,67.97261047363281,70.19000244140625,71.20999908447266,69.76000213623047,70.4800033569336,8303300
2025-01-03,69.05721282958984,71.30999755859375,71.41999816894531,69.73999786376953,70.3499984741211,9152800
2025-01-06,69.75447082519531,72.02999877929688,73.25,71.52999877929688,71.93000030517578,15565600
2025-01-07,69.328369140625,71.58999633789062,73.12999725341797,71.51000213623047,72.97000122070312,13522000
2025-01-08,69.30900573730469,71.56999969482422,72.08000183105469,71.05999755859375,71.51000213623047,16544700
2025-01-10,67.74986267089844,69.95999908447266,70.93000030517578,69.33999633789062,70.9000015258789,14466600
2025-01-13,68.3018569946289,70.52999877929688,70.61000061035156,69.55999755859375,69.9000015258789,10439800
2025-01-14,68.9410171508789,71.19000244140625,71.45999908447266,70.29000091552734,71.45999908447266,21909800
2025-01-15,73.5506362915039,75.94999694824219,76.81999969482422,73.6500015258789,75.36000061035156,33482900
2025-01-16,73.5506362915039,75.94999694824219,76.44000244140625,74.69000244140625,75.8499984741211,22897900
2025-01-17,74.64494323730469,77.08000183105469,77.25,75.5,75.9800033569336,20673700
2025-01-21,75.39060974121094,77.8499984741211,78.29000091552734,77.33000183105469,77.69000244140625,21057700
2025-01-22,75.09040832519531,77.54000091552734,77.80999755859375,76.86000061035156,77.56999969482422,11669500
2025-01-23,74.98388671875,77.43000030517578,78.30000305175781,77.02999877929688,77.70999908447266,12981800
2025-01-24,74.87734985351562,77.31999969482422,77.6500015258789,77.0,77.0,10393200
2025-01-27,75.47776794433594,77.94000244140625,78.04000091552734,76.88999938964844,77.4000015258789,10637100
2025-01-28,75.41966247558594,77.87999725341797,78.1500015258789,77.16999816894531,77.87000274658203,11562000
2025-01-29,75.8941879272461,78.37000274658203,78.9800033569336,77.61000061035156,77.75,9175400
2025-01-30,76.32997131347656,78.81999969482422,79.23999786376953,78.08000183105469,79.1500015258789,11276000
2025-01-31,76.31060028076172,78.80000305175781,79.29000091552734,78.30999755859375,78.69000244140625,14980600
2025-02-03,75.67145538330078,78.13999938964844,78.51000213623047,77.0199966430664,77.2300033569336,12395200
2025-02-04,76.95942687988281,79.47000122070312,79.8499984741211,78.44000244140625,79.83999633789062,14665200
2025-02-05,77.52112579345703,80.05000305175781,80.3499984741211,79.18000030517578,79.66000366210938,17931000
2025-02-06,78.84783172607422,81.41999816894531,81.5,79.91000366210938,80.5,16988900
2025-02-07,78.50720977783203,80.66999816894531,81.30000305175781,79.08999633789062,81.2699966430664,17951400
2025-02-10,76.97930145263672,79.0999984741211,80.56999969482422,78.25,80.45999908447266,18357400
2025-02-11,77.50482940673828,79.63999938964844,79.97000122070312,77.80999755859375,78.7699966430664,16682800
2025-02-12,77.12528228759766,79.25,79.72000122070312,78.83000183105469,79.19999694824219,13440500
2025-02-13,76.73600006103516,78.8499984741211,79.66000366210938,78.61000061035156,79.43000030517578,10093400
2025-02-14,77.8357162475586,79.9800033569336,80.33999633789062,78.88999938964844,79.2300033569336,17521300
2025-02-18,78.6142578125,80.77999877929688,80.94999694824219,79.48999786376953,79.98999786376953,15318300
2025-02-19,78.19579315185547,80.3499984741211,80.6500015258789,79.97000122070312,80.31999969482422,13917400
2025-02-20,76.52190399169922,78.62999725341797,80.27999877929688,78.0199966430664,80.11000061035156,14807100
2025-02-21,75.42219543457031,77.5,79.44999694824219,77.33000183105469,78.91000366210938,18205400
2025-02-24,75.14971923828125,77.22000122070312,78.5199966430664,76.41000366210938,77.97000122070312,12989700
2025-02-25,73.96241760253906,76.0,78.04000091552734,74.93000030517578,77.87000274658203,15683000
2025-02-26,74.40035247802734,76.44999694824219,77.7699966430664,76.2699966430664,76.3499984741211,13466800
2025-02-27,74.56580352783203,76.62000274658203,77.91999816894531,76.37999725341797,76.98999786376953,13744400
2025-02-28,76.22021484375,78.31999969482422,78.41999816894531,76.58999633789062,77.04000091552734,24698800
2025-03-03,74.96479797363281,77.02999877929688,78.9800033569336,76.31999969482422,78.86000061035156,18013400
2025-03-04,71.33480834960938,73.30000305175781,75.6500015258789,71.33999633789062,75.47000122070312,28858200
2025-03-05,72.17176055908203,74.16000366210938,74.62999725341797,72.44000244140625,73.20999908447266,20422000
2025-03-06,70.70223999023438,72.6500015258789,73.88999938964844,71.62999725341797,73.79000091552734,19460400
2025-03-07,69.14513397216797,71.05000305175781,72.25,68.0999984741211,72.25,21256900
2025-03-10,64.98960876464844,66.77999877929688,69.55000305175781,65.5199966430664,69.55000305175781,27582900
2025-03-11,65.47620391845703,67.27999877929688,68.01000213623047,65.79000091552734,66.83000183105469,24310700
2025-03-12,67.08197021484375,68.93000030517578,69.48999786376953,67.69999694824219,68.80000305175781,18462300
2025-03-13,66.62455749511719,68.45999908447266,69.72000122070312,68.30999755859375,69.62999725341797,17471500
2025-03-14,68.95049285888672,70.8499984741211,71.06999969482422,69.25,69.45999908447266,15762300
2025-03-17,68.94076538085938,70.83999633789062,71.55999755859375,70.08000183105469,70.47000122070312,11185000
2025-03-18,69.2035140991211,71.11000061035156,71.4800033569336,70.38999938964844,71.01000213623047,11102100
2025-03-19,70.80928039550781,72.76000213623047,73.83000183105469,70.83000183105469,71.13999938964844,14453200
2025-03-20,70.57572174072266,72.5199966430664,73.37000274658203,71.77999877929688,71.83999633789062,12388300
2025-03-21,70.57572174072266,72.5199966430664,72.77999877929688,71.1500015258789,71.95999908447266,32647100
2025-03-24,72.28852844238281,74.27999877929688,74.52999877929688,73.33999633789062,73.63999938964844,10688900
2025-03-25,72.24960327148438,74.23999786376953,74.66000366210938,73.83000183105469,74.47000122070312,9499100
2025-03-26,71.50025177001953,73.47000122070312,75.37999725341797,73.12000274658203,74.38999938964844,10848100
2025-03-27,70.34214782714844,72.27999877929688,73.56999969482422,72.22000122070312,73.56999969482422,10457600
2025-03-28,68.79478454589844,70.69000244140625,72.55000305175781,69.94999694824219,72.2699966430664,13555200
2025-03-31,69.86528778076172,71.79000091552734,72.06999969482422,69.55999755859375,69.9000015258789,14855300
2025-04-01,69.39815521240234,71.30999755859375,71.62999725341797,70.11000061035156,70.83999633789062,10661000
2025-04-02,70.32269287109375,72.26000213623047,72.47000122070312,70.22000122070312,70.55999755859375,8854100
2025-04-03,63.909366607666016,65.66999816894531,68.72000122070312,65.41000366210938,67.77999877929688,25880300
2025-04-04,59.34510803222656,60.97999954223633,63.56999969482422,59.709999084472656,62.75,31050800
2025-04-07,60.503204345703125,62.16999816894531,64.33000183105469,58.41999816894531,60.689998626708984,41305800
2025-04-08,60.415618896484375,62.08000183105469,65.62999725341797,60.880001068115234,64.69000244140625,27374200
2025-04-09,64.55167388916016,66.33000183105469,67.19000244140625,59.43000030517578,60.63999938964844,42744800
2025-04-10,61.417999267578125,63.11000061035156,65.0,61.4900016784668,64.94999694824219,29026000
2025-04-11,60.83408737182617,62.5099983215332,63.619998931884766,59.650001525878906,61.540000915527344,33867000
2025-04-14,61.408267974853516,63.099998474121094,64.01000213623047,62.400001525878906,63.15999984741211,28057800
2025-04-15,62.809661865234375,64.54000091552734,65.41999816894531,63.29999923706055,63.439998626708984,20903300
2025-04-16,62.26467514038086,63.97999954223633,64.9800033569336,63.369998931884766,63.88999938964844,17351000
2025-04-17,62.9751091003418,64.70999908447266,65.70999908447266,64.06999969482422,64.37999725341797,18961800
2025-04-21,62.29387283325195,64.01000213623047,65.16000366210938,63.400001525878906,64.19999694824219,17859100
2025-04-22,64.45436096191406,66.2300033569336,66.41000366210938,64.70999908447266,64.70999908447266,17536600
2025-04-23,66.11851501464844,67.94000244140625,69.5,67.44000244140625,67.44000244140625,20678800
2025-04-24,67.69507598876953,69.55999755859375,69.8499984741211,67.5,67.69999694824219,18420900
2025-04-25,67.86051177978516,69.7300033569336,70.19000244140625,69.0,69.06999969482422,17775900
2025-04-28,67.56855773925781,69.43000030517578,70.55999755859375,68.66999816894531,69.80999755859375,16694100
2025-04-29,69.19378662109375,71.0999984741211,71.33999633789062,68.94999694824219,68.94999694824219,24563600
2025-04-30,69.10620880126953,71.01000213623047,71.41000366210938,69.33000183105469,69.66999816894531,23953000
2025-05-01,69.88475799560547,71.80999755859375,72.47000122070312,70.43000030517578,70.76000213623047,19672500
2025-05-02,71.82140350341797,73.80000305175781,74.16000366210938,72.87000274658203,73.0,18347400
2025-05-05,71.87005615234375,73.8499984741211,74.88999938964844,73.04000091552734,73.3499984741211,16070400
2025-05-06,71.5099868774414,73.4800033569336,74.19000244140625,72.55999755859375,73.13999938964844,18095100
2025-05-07,71.218017578125,73.18000030517578,74.30000305175781,72.9800033569336,73.5999984741211,14310300
2025-05-08,71.34453582763672,73.30999755859375,73.98999786376953,72.62999725341797,73.69000244140625,19957500
2025-05-09,70.8944091796875,72.44999694824219,73.23999786376953,72.02999877929688,73.13999938964844,11136900
2025-05-12,73.2722396850586,74.87999725341797,75.25,74.06999969482422,74.98999786376953,20425500
2025-05-13,74.35840606689453,75.98999786376953,76.58000183105469,74.97000122070312,75.44000244140625,13635100
2025-05-14,74.64217376708984,76.27999877929688,76.48999786376953,75.83000183105469,76.23999786376953,14067100
2025-05-15,73.96698760986328,75.58999633789062,76.5199966430664,75.31999969482422,76.05999755859375,15303900
2025-05-16,74.54432678222656,76.18000030517578,76.3499984741211,75.37000274658203,75.55999755859375,13864600
2025-05-19,74.42689514160156,76.05999755859375,76.41000366210938,75.43000030517578,75.5999984741211,12720500
2025-05-20,73.89849090576172,75.5199966430664,75.87000274658203,75.06999969482422,75.4800033569336,10655600
2025-05-21,71.61853790283203,73.19000244140625,75.12999725341797,73.08999633789062,74.94000244140625,17711300
2025-05-22,71.81422424316406,73.38999938964844,73.88999938964844,72.4800033569336,73.13999938964844,9717000
2025-05-23,71.2662582397461,72.83000183105469,73.19000244140625,71.9000015258789,71.9000015258789,9260900
2025-05-27,72.4013442993164,73.98999786376953,74.08999633789062,73.05000305175781,73.61000061035156,11014100
2025-05-28,72.14692687988281,73.7300033569336,74.36000061035156,73.33000183105469,74.19999694824219,8711100
2025-05-29,72.91018676757812,74.51000213623047,75.08000183105469,73.33000183105469,74.41000366210938,14016600
2025-05-30,73.17439270019531,74.77999877929688,74.80000305175781,73.7300033569336,74.19999694824219,17042000
2025-06-02,73.11567687988281,74.72000122070312,74.75,73.2699966430664,74.26000213623047,11237500
2025-06-03,74.02570343017578,75.6500015258789,75.83000183105469,74.37000274658203,74.72000122070312,13193500
2025-06-04,73.7614974975586,75.37999725341797,78.80000305175781,75.37999725341797,77.69999694824219,29578000
2025-06-05,73.29180908203125,74.9000015258789,75.76000213623047,74.18000030517578,75.61000061035156,20138400
2025-06-06,74.69110107421875,76.33000183105469,76.76000213623047,75.83000183105469,76.1500015258789,10988000
2025-06-09,74.81831359863281,76.45999908447266,76.69999694824219,75.93000030517578,76.55000305175781,13453200
2025-06-10,73.83000183105469,75.44999694824219,76.3499984741211,75.12999725341797,76.16000366210938,14892900
2025-06-11,73.3211669921875,74.93000030517578,75.72000122070312,74.56999969482422,75.54000091552734,16442400
2025-06-12,72.4209213256836,74.01000213623047,74.5199966430664,73.16999816894531,74.33000183105469,14522500
2025-06-13,70.80635070800781,72.36000061035156,73.79000091552734,71.93000030517578,72.91999816894531,21168300
2025-06-16,71.57938385009766,73.1500015258789,73.72000122070312,72.93000030517578,73.4000015258789,16231500
2025-06-17,70.94334411621094,72.5,73.20999908447266,72.30000305175781,72.77999877929688,14156800
2025-06-18,73.13523864746094,74.73999786376953,75.13999938964844,72.56999969482422,72.6500015258789,23498300
2025-06-20,73.78108215332031,75.4000015258789,75.77999877929688,75.06999969482422,75.23999786376953,27677500
2025-06-23,75.35651397705078,77.01000213623047,77.02999877929688,74.81999969482422,75.12999725341797,17375700
2025-06-24,76.43289184570312,78.11000061035156,78.75,77.72000122070312,77.72000122070312,16342300
2025-06-25,77.37227630615234,79.06999969482422,79.30999755859375,77.98999786376953,78.27999877929688,13954500
2025-06-26,78.24317169189453,79.95999908447266,80.0999984741211,79.19000244140625,79.44000244140625,18214800
2025-06-27,77.79303741455078,79.5,80.1500015258789,78.95999908447266,80.0,21324200
2025-06-30,78.39972686767578,80.12000274658203,81.0999984741211,79.91000366210938,80.4800033569336,21685800
2025-07-01,79.74031829833984,81.48999786376953,81.51000213623047,79.91000366210938,80.05000305175781,20967100
2025-07-02,80.59163665771484,82.36000061035156,82.4000015258789,81.25,81.91999816894531,15195100
2025-07-03,81.80500030517578,83.5999984741211,83.94999694824219,82.5,82.63999938964844,11237300
2025-07-07,80.57205963134766,82.33999633789062,83.58999633789062,81.5,82.97000122070312,18156000
2025-07-08,79.8381576538086,81.58999633789062,82.41999816894531,81.02999877929688,82.30000305175781,18303400
2025-07-09,80.03388214111328,81.79000091552734,82.5199966430664,81.45999908447266,82.43000030517578,16135400
2025-07-10,80.59163665771484,82.36000061035156,82.73999786376953,81.61000061035156,81.61000061035156,14348100
2025-07-11,80.77755737304688,82.55000305175781,82.68000030517578,81.43000030517578,81.75,12583100
2025-07-14,81.63866424560547,83.43000030517578,83.5199966430664,82.12000274658203,82.19999694824219,20194200
2025-07-15,77.16678619384766,78.86000061035156,81.08000183105469,77.72000122070312,80.75,53938000
2025-07-16,78.1942367553711,79.91000366210938,80.08000183105469,78.20999908447266,78.88999938964844,30567500
2025-07-17,77.99853515625,79.70999908447266,80.6500015258789,79.0999984741211,79.45999908447266,21837600
2025-07-18,78.90856170654297,80.63999938964844,80.7699966430664,78.87999725341797,79.8499984741211,21236000
2025-07-21,78.55628967285156,80.27999877929688,81.45999908447266,80.16999816894531,80.75,14506600
2025-07-22,80.6112060546875,82.37999725341797,82.58999633789062,80.27999877929688,80.27999877929688,22437000
2025-07-23,81.90286254882812,83.69999694824219,83.93000030517578,82.61000061035156,83.0,19379200
2025-07-24,82.0692138671875,83.87000274658203,84.83000183105469,83.12000274658203,83.83999633789062,19031200
2025-07-25,82.50955963134766,84.31999969482422,84.45999908447266,83.2300033569336,84.12000274658203,14072400
2025-07-28,81.28639221191406,83.06999969482422,84.5,82.70999908447266,84.31999969482422,10627100
2025-07-29,80.87540435791016,82.6500015258789,83.69999694824219,82.19999694824219,83.62999725341797,12478200
2025-07-30,80.02408599853516,81.77999877929688,83.08999633789062,81.30999755859375,82.98999786376953,15579100
2025-07-31,78.89877319335938,80.62999725341797,81.93000030517578,80.33000183105469,81.3499984741211,14813900
2025-08-01,76.10997009277344,77.77999877929688,79.3499984741211,77.4000015258789,79.19000244140625,16071300
2025-08-04,75.91427612304688,77.58000183105469,78.52999877929688,76.91000366210938,78.5199966430664,13892100
2025-08-05,76.2861099243164,77.95999908447266,78.3499984741211,76.16000366210938,78.33999633789062,15765100
2025-08-06,75.94363403320312,77.61000061035156,78.81999969482422,77.55999755859375,77.91000366210938,14157000
2025-08-07,75.39564514160156,77.05000305175781,78.30000305175781,76.77999877929688,78.27999877929688,13105600
2025-08-08,76.62599182128906,77.8499984741211,78.18000030517578,76.3499984741211,77.11000061035156,14123000
2025-08-11,76.37007141113281,77.58999633789062,78.08999633789062,77.2300033569336,78.01000213623047,14408100
2025-08-12,78.2303695678711,79.4800033569336,79.55999755859375,78.1500015258789,78.22000122070312,14365200
2025-08-13,76.66536712646484,77.88999938964844,79.72000122070312,77.0999984741211,79.68000030517578,14415100
2025-08-14,78.1614761352539,79.41000366210938,79.58000183105469,77.70999908447266,78.27999877929688,16051500
2025-08-15,75.88778686523438,77.0999984741211,79.6500015258789,77.01000213623047,79.54000091552734,15380400
2025-08-18,76.22244262695312,77.44000244140625,77.5999984741211,76.91000366210938,76.98999786376953,11660900
2025-08-19,76.31101989746094,77.52999877929688,77.7699966430664,77.02999877929688,77.16000366210938,10118500
2025-08-20,76.93112182617188,78.16000366210938,78.4800033569336,76.58999633789062,77.47000122070312,12101900
2025-08-21,76.60630798339844,77.83000183105469,78.06999969482422,77.08000183105469,77.87999725341797,9102700
2025-08-22,77.85633087158203,79.0999984741211,79.30999755859375,78.12999725341797,78.33999633789062,11282600
2025-08-25,78.92919921875,80.19000244140625,80.5,78.87000274658203,78.87999725341797,12017000
2025-08-26,80.22845458984375,81.51000213623047,81.62999725341797,79.77999877929688,79.81999969482422,14936600
2025-08-27,81.202880859375,82.5,83.20999908447266,81.23999786376953,81.26000213623047,15567700
2025-08-28,80.6910629272461,81.9800033569336,83.12999725341797,81.91999816894531,82.87999725341797,13963200
2025-08-29,80.8879165649414,82.18000030517578,82.80999755859375,81.80000305175781,81.97000122070312,12041200
2025-09-02,80.49420166015625,81.77999877929688,81.81999969482422,80.44000244140625,81.70999908447266,13326000
2025-09-03,79.24417114257812,80.51000213623047,82.01000213623047,80.0199966430664,81.7300033569336,11174000
2025-09-04,80.54341888427734,81.83000183105469,82.12999725341797,80.22000122070312,80.75,10822300
2025-09-05,77.71854400634766,78.95999908447266,82.0199966430664,78.69999694824219,81.63999938964844,20661400
2025-09-08,77.89571380615234,79.13999938964844,79.79000091552734,78.55999755859375,78.98999786376953,17107000
2025-09-09,79.49024200439453,80.76000213623047,81.45999908447266,79.0,79.30999755859375,17157300
2025-09-10,79.03746795654297,80.30000305175781,81.23999786376953,79.91000366210938,80.66000366210938,16460200
2025-09-11,79.9725341796875,81.25,81.38999938964844,79.77999877929688,80.19999694824219,17785800
2025-09-12,80.17922973632812,81.45999908447266,81.63999938964844,80.79000091552734,81.0999984741211,10498300
2025-09-15,80.1300277709961,81.41000366210938,81.81999969482422,81.12999725341797,81.61000061035156,9563200
2025-09-16,80.1103286743164,81.38999938964844,81.61000061035156,80.08000183105469,81.55999755859375,10705900
2025-09-17,81.18319702148438,82.4800033569336,82.72000122070312,80.54000091552734,81.22000122070312,14746100
2025-09-18,82.18716430664062,83.5,83.5199966430664,81.94000244140625,82.56999969482422,13021100
2025-09-19,83.30923461914062,84.63999938964844,84.93000030517578,82.93000030517578,83.83000183105469,36482400
2025-09-22,83.8210678100586,85.16000366210938,85.27999877929688,83.73999786376953,83.87999725341797,14545000
2025-09-23,83.0434799194336,84.37000274658203,86.66000366210938,83.66999816894531,85.1500015258789,14818500
2025-09-24,82.7875747680664,84.11000061035156,85.37000274658203,83.66000366210938,84.6500015258789,9478700
2025-09-25,82.99427032470703,84.31999969482422,84.66000366210938,83.55999755859375,83.69000244140625,8514900
2025-09-26,83.67342376708984,85.01000213623047,85.63999938964844,84.55999755859375,84.69000244140625,8502600
2025-09-29,83.31907653808594,84.6500015258789,85.19000244140625,84.04000091552734,84.69999694824219,9833700
2025-09-30,82.50212097167969,83.81999969482422,85.12000274658203,82.66000366210938,84.66000366210938,11429000
2025-10-01,79.59851837158203,80.87000274658203,83.5999984741211,80.7699966430664,83.0999984741211,16961900
2025-10-02,79.23432922363281,80.5,81.05000305175781,80.04000091552734,80.69999694824219,11420000
2025-10-03,79.40164947509766,80.66999816894531,81.69000244140625,80.44000244140625,81.0199966430664,10124900
2025-10-06,79.42134094238281,80.69000244140625,81.45999908447266,79.56999969482422,80.55999755859375,12837700
2025-10-07,79.86426544189453,81.13999938964844,81.36000061035156,80.54000091552734,80.87000274658203,10371300
2025-10-08,78.4764404296875,79.7300033569336,81.33000183105469,79.54000091552734,81.26000213623047,11277400
2025-10-09,78.63392639160156,79.88999938964844,80.75,79.41999816894531,79.91000366210938,8432200
2025-10-10,76.39961242675781,77.62000274658203,80.44000244140625,77.62000274658203,79.61000061035156,16004300
2025-10-13,77.67916107177734,78.91999816894531,79.2300033569336,78.27999877929688,78.73999786376953,14229300
2025-10-14,83.2304916381836,84.55999755859375,86.05999755859375,80.38999938964844,82.5199966430664,36260600
2025-10-15,85.10062408447266,86.45999908447266,87.47000122070312,85.16000366210938,85.16999816894531,22909400
2025-10-16,82.6792984008789,84.0,87.43000030517578,83.0,86.98999786376953,22715600
2025-10-17,81.97061920166016,83.27999877929688,84.52999877929688,82.30999755859375,84.44999694824219,18799000
2025-10-20,84.66753387451172,86.0199966430664,86.13999938964844,83.08999633789062,83.62000274658203,15777200
2025-10-21,83.42735290527344,84.76000213623047,87.30999755859375,84.66000366210938,86.12000274658203,20101100
2025-10-22,82.5611801147461,83.87999725341797,85.16000366210938,83.13999938964844,85.1500015258789,18955000
2025-10-23,83.13206481933594,84.45999908447266,85.4800033569336,83.75,84.30999755859375,14157800
2025-10-24,85.0514144897461,86.41000366210938,86.87999725341797,84.76000213623047,84.80000305175781,14011400
2025-10-27,85.64197540283203,87.01000213623047,87.33999633789062,86.30999755859375,86.9000015258789,11682000
2025-10-28,85.53369903564453,86.9000015258789,87.30000305175781,85.77999877929688,87.05999755859375,13201000
2025-10-29,84.6478500366211,86.0,87.23999786376953,85.66999816894531,86.81999969482422,16444400
2025-10-30,84.63801574707031,85.98999786376953,87.26000213623047,85.87999725341797,86.08000183105469,14830000
2025-10-31,85.60260772705078,86.97000122070312,87.3499984741211,85.01000213623047,85.4800033569336,14776700
2025-11-03,85.92741394042969,87.30000305175781,87.88999938964844,85.8499984741211,87.13999938964844,12769300
2025-11-04,85.76008605957031,87.12999725341797,88.5,85.87999725341797,87.0,16737700
2025-11-05,85.5829086303711,86.94999694824219,88.30000305175781,85.91000366210938,87.37999725341797,15609400
2025-11-06,84.6872329711914,86.04000091552734,87.33999633789062,85.5199966430664,86.9000015258789,16800200
2025-11-07,85.13247680664062,86.04000091552734,86.08999633789062,84.04000091552734,85.11000061035156,15612100
2025-11-10,85.19184875488281,86.0999984741211,87.0,85.44999694824219,86.29000091552734,13138200
2025-11-11,85.28089904785156,86.19000244140625,87.05999755859375,86.05000305175781,86.11000061035156,13851500
2025-11-12,85.35015869140625,86.26000213623047,88.63999938964844,85.94000244140625,86.30999755859375,16775200
2025-11-13,83.80661010742188,84.69999694824219,86.88999938964844,84.47000122070312,86.16000366210938,15708000
2025-11-14,84.15292358398438,85.05000305175781,85.3499984741211,82.95999908447266,84.44999694824219,15397300
2025-11-17,82.54011535644531,83.41999816894531,85.05000305175781,82.54000091552734,84.69000244140625,14457100
2025-11-18,82.97547149658203,83.86000061035156,84.76000213623047,82.93000030517578,83.41999816894531,14233900
2025-11-19,83.27230834960938,84.16000366210938,84.81999969482422,83.61000061035156,83.9800033569336,10959600
2025-11-20,81.53087615966797,82.4000015258789,86.04000091552734,82.31999969482422,85.05999755859375,12135800
2025-11-21,82.23338317871094,83.11000061035156,83.62999725341797,81.05000305175781,82.7699966430664,16169500
2025-11-24,83.76703643798828,84.66000366210938,85.08999633789062,82.41000366210938,83.08999633789062,27574500
2025-11-25,84.202392578125,85.0999984741211,85.54000091552734,83.61000061035156,84.52999877929688,12966400
2025-11-26,84.65753936767578,85.55999755859375,86.38999938964844,85.12999725341797,85.41999816894531,9304300
2025-11-28,84.9444808959961,85.8499984741211,86.5199966430664,85.30999755859375,85.63999938964844,6545000
2025-12-01,84.49923706054688,85.4000015258789,86.55999755859375,85.16999816894531,85.83000183105469,9794000
2025-12-02,85.4095230102539,86.31999969482422,86.79000091552734,85.27999877929688,85.69000244140625,9484000
2025-12-03,88.40756225585938,89.3499984741211,89.38999938964844,86.26000213623047,86.26000213623047,14439300
2025-12-04,89.25849151611328,90.20999908447266,90.62999725341797,89.31999969482422,89.4000015258789,13433000
2025-12-05,88.88250732421875,89.83000183105469,91.11000061035156,89.55000305175781,89.98999786376953,11210900
2025-12-08,89.11006927490234,90.05999755859375,91.0199966430664,89.1500015258789,89.83000183105469,13267300
2025-12-09,87.9524154663086,88.88999938964844,90.25,88.77999877929688,90.23999786376953,17101700
2025-12-10,89.73342895507812,90.69000244140625,90.87000274658203,88.19000244140625,88.94000244140625,22729100
2025-12-11,91.6133804321289,92.58999633789062,93.41999816894531,90.22000122070312,90.54000091552734,15505100
2025-12-12,91.7815933227539,92.76000213623047,93.41999816894531,92.12000274658203,93.12000274658203,12532800
2025-12-15,91.92012786865234,92.9000015258789,94.26000213623047,92.48999786376953,93.58000183105469,13885200
2025-12-16,91.21761322021484,92.19000244140625,93.16999816894531,91.43000030517578,93.08000183105469,12981100
2025-12-17,91.6133804321289,92.58999633789062,93.33000183105469,92.47000122070312,92.76000213623047,14819000
2025-12-18,90.51509857177734,91.4800033569336,93.88999938964844,91.29000091552734,93.02999877929688,11844100
2025-12-19,92.02896118164062,93.01000213623047,93.12999725341797,91.5999984741211,91.61000061035156,37783900
2025-12-22,93.28556060791016,94.27999877929688,94.38999938964844,93.05000305175781,93.19999694824219,9512300
2025-12-23,93.47356414794922,94.47000122070312,94.68000030517578,94.02999877929688,94.23999786376953,8642100
2025-12-24,94.29480743408203,95.30000305175781,95.8499984741211,94.47000122070312,94.6500015258789,5506800
2025-12-26,94.25523376464844,95.26000213623047,95.47000122070312,94.72000122070312,95.36000061035156,5169400
2025-12-29,93.52302551269531,94.5199966430664,95.61000061035156,94.37000274658203,95.36000061035156,8624200
2025-12-30,93.31524658203125,94.30999755859375,94.87999725341797,93.98999786376953,94.7300033569336,6417800
2025-12-31,92.21694946289062,93.19999694824219,94.68000030517578,93.12000274658203,94.5,7919300
2026-01-02,94.19585418701172,95.19999694824219,95.3499984741211,92.80999755859375,93.30000305175781,9242600
2026-01-05,95.36341094970703,96.37999725341797,97.76000213623047,94.9800033569336,95.08999633789062,14384000
2026-01-06,95.37330627441406,96.38999938964844,96.55000305175781,95.06999969482422,95.4000015258789,12329200
2026-01-07,93.29546356201172,94.29000091552734,95.88999938964844,93.6500015258789,95.70999908447266,14589500
2026-01-08,94.59164428710938,95.5999984741211,96.16000366210938,94.19000244140625,94.26000213623047,12406000
2026-01-09,94.93795013427734,95.94999694824219,96.56999969482422,95.26000213623047,95.80999755859375,10261300
2026-01-12,93.95838928222656,94.95999908447266,95.54000091552734,93.88999938964844,94.83000183105469,15958100
2026-01-13,92.57315826416016,93.55999755859375,95.75,93.05999755859375,95.29000091552734,21998600
2026-01-14,88.30862426757812,89.25,90.80000305175781,88.05999755859375,90.75,33803900
2026-01-15,88.02167510986328,88.95999908447266,89.91000366210938,88.36000061035156,89.33999633789062,21738600
2026-01-16,87.44779205322266,88.37999725341797,89.69000244140625,88.08000183105469,88.95999908447266,26981600
2026-01-20,85.74594116210938,86.66000366210938,88.63999938964844,86.27999877929688,87.26000213623047,19353500
2026-01-21,85.21163940429688,86.12000274658203,87.55999755859375,86.02999877929688,86.5,17606700
2026-01-22,87.11138153076172,88.04000091552734,89.0,86.43000030517578,86.43000030517578,19668900
2026-01-23,86.04277801513672,86.95999908447266,87.70999908447266,86.02999877929688,87.5,15227500
2026-01-26,87.12128448486328,88.05000305175781,88.29000091552734,87.0999984741211,87.0999984741211,13047400
2026-01-27,87.7743148803711,88.70999908447266,89.06999969482422,87.4800033569336,88.1500015258789,15105000
2026-01-28,87.10149383544922,88.02999877929688,89.05999755859375,86.83999633789062,88.62000274658203,16395700
2026-01-29,89.6839599609375,90.63999938964844,90.63999938964844,88.54000091552734,88.69000244140625,21497000
2026-01-30,89.5355453491211,90.48999786376953,91.05000305175781,89.75,90.20999908447266,18306900
2026-02-02,91.29676818847656,92.2699966430664,92.80000305175781,89.9000015258789,90.16000366210938,13835200
2026-02-03,91.33634185791016,92.30999755859375,94.79000091552734,91.9000015258789,92.70999908447266,18099000
2026-02-04,92.1575927734375,93.13999938964844,93.91000366210938,92.52999877929688,92.6500015258789,12382800
2026-02-05,91.03951263427734,92.01000213623047,93.05999755859375,90.91000366210938,92.8499984741211,12641300
2026-02-06,93.4358139038086,93.97000122070312,94.6500015258789,92.55999755859375,92.75,13205700
2026-02-09,94.07217407226562,94.61000061035156,95.08999633789062,89.0,93.75,20544800
2026-02-10,91.38752746582031,91.91000366210938,95.01000213623047,89.75,94.30999755859375,20148400
2026-02-11,88.44434356689453,88.94999694824219,93.08000183105469,88.5,92.6500015258789,15461700
2026-02-12,85.79946899414062,86.29000091552734,89.97000122070312,85.83000183105469,89.30999755859375,16858200
2026-02-13,86.48554992675781,86.9800033569336,87.44999694824219,85.08999633789062,85.68000030517578,12425000
2026-02-17,86.90316009521484,87.4000015258789,88.83999633789062,87.30999755859375,87.83000183105469,12361900
2026-02-18,88.05656433105469,88.55999755859375,89.4000015258789,87.6500015258789,87.81999969482422,8250900
2026-02-19,87.07218933105469,87.56999969482422,88.16000366210938,86.5999984741211,87.83999633789062,10427300
2026-02-20,88.19576263427734,88.69999694824219,88.70999908447266,86.13999938964844,87.36000061035156,14255000
2026-02-23,84.66595458984375,85.1500015258789,88.5999984741211,83.77999877929688,88.16999816894531,20607000
2026-02-24,84.08924865722656,84.56999969482422,85.19000244140625,82.47000122070312,84.4000015258789,18817700
2026-02-25,86.26679992675781,86.76000213623047,86.91999816894531,84.97000122070312,85.19000244140625,16620700
2026-02-26,85.80941772460938,86.30000305175781,88.31999969482422,85.58000183105469,86.88999938964844,18768400
2026-02-27,80.98697662353516,81.44999694824219,84.81999969482422,80.44999694824219,84.66999816894531,29145000
2026-03-02,82.11056518554688,82.58000183105469,83.06999969482422,78.94000244140625,79.1500015258789,21834300
2026-03-03,82.06084442138672,82.52999877929688,83.48999786376953,79.8499984741211,81.0,19018600
2026-03-04,83.45288848876953,83.93000030517578,84.04000091552734,82.02999877929688,82.69000244140625,18061200
2026-03-05,81.64323425292969,82.11000061035156,83.80000305175781,81.19000244140625,83.6500015258789,20939200
2026-03-06,79.96283721923828,80.41999816894531,80.56999969482422,77.94000244140625,80.26000213623047,16798900
2026-03-09,78.38188171386719,78.83000183105469,79.79000091552734,76.86000061035156,79.43000030517578,24959500
2026-03-10,77.85489654541016,78.30000305175781,79.80000305175781,77.44999694824219,78.94999694824219,18481700
2026-03-11,76.44296264648438,76.87999725341797,78.2300033569336,76.5,78.05000305175781,17497300
2026-03-12,74.82222747802734,75.25,75.54000091552734,74.6500015258789,75.4800033569336,24794100
2026-03-13,73.67876434326172,74.0999984741211,76.20999908447266,74.02999877929688,75.6500015258789,15496900
2026-03-16,75.31938934326172,75.75,75.88999938964844,74.37000274658203,74.83000183105469,17836300
2026-03-17,75.79666137695312,76.2300033569336,77.16999816894531,75.81999969482422,76.5,18173400
2026-03-18,75.75688934326172,76.19000244140625,76.88999938964844,75.80999755859375,75.80999755859375,12951200
2026-03-19,75.95574951171875,76.38999938964844,76.80000305175781,74.68000030517578,75.68000030517578,18744400
2026-03-20,77.15886688232422,77.5999984741211,77.91999816894531,76.20999908447266,76.4000015258789,40461100
2026-03-23,77.83499908447266,78.27999877929688,79.80000305175781,78.12000274658203,79.48999786376953,15320800
2026-03-24,79.15744018554688,79.61000061035156,80.47000122070312,77.58000183105469,77.62999725341797,19134300
2026-03-25,79.80374908447266,80.26000213623047,80.79000091552734,79.33000183105469,79.51000213623047,17213400
2026-03-26,78.57079315185547,79.0199966430664,80.30000305175781,78.72000122070312,79.88999938964844,15430500
2026-03-27,76.75120544433594,77.19000244140625,78.62999725341797,76.86000061035156,78.62000274658203,13674900
2026-03-30,76.36341857910156,76.80000305175781,78.22000122070312,76.48999786376953,77.87999725341797,14311500
2026-03-31,79.15744018554688,79.61000061035156,79.73999786376953,77.44999694824219,77.83000183105469,19097600
2026-04-01,80.11198425292969,80.56999969482422,81.69999694824219,80.18000030517578,81.19000244140625,14979400
2026-04-02,80.14181518554688,80.5999984741211,80.83999633789062,78.69000244140625,79.41000366210938,10001800
2026-04-06,81.38470458984375,81.8499984741211,81.87000274658203,80.76000213623047,80.95999908447266,7069200
2026-04-07,81.2852783203125,81.75,82.08999633789062,80.9000015258789,81.41000366210938,8820900
2026-04-08,84.17874145507812,84.66000366210938,85.7300033569336,84.25,84.5,15130300
2026-04-09,85.53099822998047,86.0199966430664,86.1500015258789,84.44000244140625,84.44999694824219,10496100
2026-04-10,84.9145278930664,85.4000015258789,85.9000015258789,84.98999786376953,85.83000183105469,7946200
2026-04-13,86.14747619628906,86.63999938964844,86.69999694824219,84.06999969482422,84.58999633789062,14506600
2026-04-14,81.23555755615234,81.69999694824219,83.16000366210938,80.31999969482422,83.0199966430664,32845600
2026-04-15,79.83358001708984,80.29000091552734,81.69000244140625,80.1500015258789,80.91999816894531,31494000
2026-04-16,80.78811645507812,81.25,81.87000274658203,80.0,80.08999633789062,20713300
2026-04-17,80.94721221923828,81.41000366210938,82.5999984741211,81.02999877929688,82.12999725341797,24033900
2026-04-20,81.5040283203125,81.97000122070312,82.41000366210938,81.23999786376953,81.55000305175781,14240500
2026-04-21,81.08641815185547,81.55000305175781,83.0999984741211,81.19999694824219,82.1500015258789,17387300
2026-04-22,80.12193298339844,80.58000183105469,81.87999725341797,80.16999816894531,81.55000305175781,13724200
2026-04-23,80.05233001708984,80.51000213623047,81.37000274658203,79.73999786376953,80.55999755859375,13906500
2026-04-24,78.96852111816406,79.41999816894531,80.37000274658203,79.25,80.11000061035156,15419600
2026-04-27,80.10204315185547,80.55999755859375,80.88999938964844,79.33999633789062,79.38999938964844,20114400
2026-04-28,81.03669738769531,81.5,81.94999694824219,80.94000244140625,81.31999969482422,14826700
2026-04-29,81.04664611816406,81.51000213623047,82.0,80.69999694824219,81.23999786376953,19930700
2026-04-30,81.7625503540039,82.2300033569336,82.62999725341797,80.01000213623047,80.81999969482422,13535900
2026-05-01,80.35061645507812,80.80999755859375,82.66000366210938,80.80999755859375,82.25,14632700
2026-05-04,78.72988891601562,79.18000030517578,80.87000274658203,79.18000030517578,80.58000183105469,12968800
2026-05-05,79.43585205078125,79.88999938964844,80.11000061035156,79.01000213623047,79.4000015258789,11379900
2026-05-06,79.96283721923828,80.41999816894531,81.4800033569336,80.3499984741211,80.79000091552734,14347500
2026-05-07,78.71000671386719,79.16000366210938,81.01000213623047,78.69000244140625,80.69000244140625,19094800
2026-05-08,75.63999938964844,75.63999938964844,79.02999877929688,75.55000305175781,79.0,31062100
2026-05-11,73.58000183105469,73.58000183105469,75.72000122070312,73.19000244140625,75.66999816894531,25403900
2026-05-12,75.18000030517578,75.18000030517578,75.25,72.87000274658203,73.9000015258789,21003400
2026-05-13,73.52999877929688,73.52999877929688,74.76000213623047,73.27999877929688,74.1500015258789,16343900
2026-05-14,73.79000091552734,73.79000091552734,74.48999786376953,73.22000122070312,73.9800033569336,19388500
2026-05-15,73.41999816894531,73.41999816894531,74.05999755859375,72.77999877929688,73.94000244140625,16479000
2026-05-18,74.37000274658203,74.37000274658203,74.7699966430664,73.33000183105469,73.33000183105469,16934200
2026-05-19,74.55000305175781,74.55000305175781,75.3499984741211,73.8499984741211,74.4800033569336,18649800
2026-05-20,75.80999755859375,75.80999755859375,76.30000305175781,73.9800033569336,74.88999938964844,14695300
2026-05-21,75.91999816894531,75.91999816894531,76.05999755859375,74.91000366210938,75.58999633789062,9433400
2026-05-22,76.4000015258789,76.4000015258789,76.8499984741211,76.12000274658203,76.36000061035156,8728900
2026-05-26,77.5199966430664,77.5199966430664,77.66999816894531,76.7699966430664,76.91000366210938,21956700
2026-05-27,76.11000061035156,76.11000061035156,77.70999908447266,75.18000030517578,77.12999725341797,15575700
2026-05-28,76.6500015258789,76.6500015258789,77.62000274658203,75.3499984741211,75.83999633789062,14146700
2026-05-29,77.54000091552734,77.54000091552734,77.75,76.33999633789062,76.62000274658203,22322900
2026-06-01,77.16999816894531,77.16999816894531,78.0199966430664,76.5,76.75,15566900
2026-06-02,79.44000244140625,79.44000244140625,79.54000091552734,76.72000122070312,76.80999755859375,19447400
2026-06-03,78.68000030517578,78.68000030517578,79.12999725341797,77.4000015258789,78.87999725341797,15236600
2026-06-04,81.62000274658203,81.62000274658203,81.88999938964844,79.72000122070312,79.97000122070312,19452100
2026-06-05,81.94000244140625,81.94000244140625,82.44999694824219,81.44999694824219,82.1500015258789,15110600
2026-06-08,80.95999908447266,80.95999908447266,82.54000091552734,80.83000183105469,81.80999755859375,11481200
2026-06-09,82.0,82.0,82.55999755859375,80.93000030517578,81.25,15565500
2026-06-10,81.97000122070312,81.97000122070312,83.18000030517578,81.44999694824219,81.8499984741211,12580800
2026-06-11,82.4000015258789,82.4000015258789,82.91000366210938,80.83000183105469,82.55000305175781,10929900
2026-06-12,83.7300033569336,83.7300033569336,84.0999984741211,82.62000274658203,82.93000030517578,10526000
2026-06-15,83.13999938964844,83.13999938964844,84.93000030517578,83.02999877929688,84.41999816894531,14526900
2026-06-16,85.05000305175781,85.05000305175781,85.05999755859375,83.94000244140625,84.0,12400500
2026-06-17,83.80999755859375,83.80999755859375,87.08000183105469,83.58999633789062,85.12999725341797,19403500
2026-06-18,82.19999694824219,82.19999694824219,85.56999969482422,81.94999694824219,84.93000030517578,36738600
2026-06-22,83.83999633789062,83.83999633789062,84.12999725341797,82.69000244140625,82.72000122070312,18657600
2026-06-23,84.12999725341797,84.12999725341797,84.33000183105469,83.05000305175781,84.01000213623047,11612300
2026-06-24,84.30000305175781,84.30000305175781,84.48999786376953,83.51000213623047,84.19000244140625,11424900
2026-06-25,84.73999786376953,84.73999786376953,86.30000305175781,84.27999877929688,84.27999877929688,11403800
2026-06-26,83.86000061035156,83.86000061035156,85.16000366210938,83.0999984741211,84.83000183105469,20829300
2026-06-29,83.51000213623047,83.51000213623047,84.58000183105469,83.47000122070312,83.76000213623047,16658300
2026-06-30,82.63999938964844,82.63999938964844,83.80000305175781,82.5199966430664,83.69999694824219,17283400
2026-07-01,85.94000244140625,85.94000244140625,86.05000305175781,82.75,82.83000183105469,14670600
2026-07-02,85.51000213623047,85.51000213623047,86.80000305175781,85.08999633789062,86.61000061035156,10782000
2026-07-06,87.44999694824219,87.44999694824219,87.62999725341797,85.91999816894531,86.0,9914200
2026-07-07,87.18000030517578,87.18000030517578,88.56999969482422,86.88999938964844,88.02999877929688,10029500
2026-07-08,85.55999755859375,85.55999755859375,86.7699966430664,85.0999984741211,86.5199966430664,9978600
2026-07-09,86.91000366210938,86.91000366210938,87.44999694824219,85.6500015258789,85.8499984741211,13324900
2026-07-10,87.16000366210938,87.16000366210938,87.83999633789062,86.6500015258789,87.5,14054800
2026-07-13,87.66999816894531,87.66999816894531,88.01000213623047,86.11000061035156,87.88999938964844,15026800
2026-07-14,85.29000091552734,85.29000091552734,88.68000030517578,83.83000183105469,84.8499984741211,38943000
2026-07-15,87.51000213623047,87.51000213623047,87.62999725341797,85.69999694824219,85.94000244140625,28730300
2026-07-16,88.06999969482422,88.06999969482422,88.9000015258789,87.20999908447266,87.94999694824219,20161000
2026-07-17,87.51000213623047,87.51000213623047,89.79000091552734,86.5,87.73999786376953,22762700
2026-07-20,86.33000183105469,86.33000183105469,88.56999969482422,86.05999755859375,87.87999725341797,17536100
2026-07-21,87.73999786376953,87.73999786376953,88.26000213623047,85.88999938964844,86.68000030517578,17605300
2026-07-22,86.41999816894531,86.41999816894531,88.19000244140625,86.25,88.19000244140625,15478700
2026-07-23,86.19000244140625,86.19000244140625,86.48999786376953,85.0999984741211,85.77999877929688,11220700
2026-07-24,86.30999755859375,86.30999755859375,86.94999694824219,85.69999694824219,85.94999694824219,11870200
