Date,Adj Close,Close,High,Low,Open,Volume
2015-01-02,57.14555740356445,92.83000183105469,93.05000305175781,91.80999755859375,92.25,10220400
2015-01-05,55.581947326660156,90.29000091552734,92.4000015258789,89.5,92.0999984741211,18502400
2015-01-06,55.28645324707031,89.80999755859375,91.41000366210938,89.0199966430664,90.23999786376953,16670700
2015-01-07,55.8466682434082,90.72000122070312,91.4800033569336,90.0,90.6500015258789,13590700
2015-01-08,56.77619934082031,92.2300033569336,92.2699966430664,91.0,91.25,15487500
2015-01-09,56.696163177490234,92.0999984741211,92.77999877929688,91.37000274658203,92.30000305175781,14488400
2015-01-12,55.606563568115234,90.33000183105469,91.33999633789062,89.81999969482422,91.23999786376953,15176300
2015-01-13,55.40340805053711,90.0,91.43000030517578,89.11000061035156,90.87999725341797,17469000
2015-01-14,55.24336624145508,89.73999786376953,89.88999938964844,87.26000213623047,88.94999694824219,23272100
2015-01-15,54.76321029663086,88.95999908447266,90.66000366210938,88.51000213623047,90.43000030517578,18759600
2015-01-16,56.092872619628906,91.12000274658203,91.19000244140625,88.9800033569336,88.9800033569336,17713100
2015-01-20,56.074405670166016,91.08999633789062,91.77999877929688,90.37999725341797,91.13999938964844,16761000
2015-01-21,56.55459976196289,91.87000274658203,91.98999786376953,91.01000213623047,91.73999786376953,14276400
2015-01-22,57.17017364501953,92.87000274658203,92.97000122070312,91.31999969482422,92.30999755859375,13559000
2015-01-23,55.951297760009766,90.88999938964844,92.4800033569336,90.79000091552734,92.27999877929688,14706300
2015-01-26,56.486873626708984,91.76000213623047,91.94000244140625,90.47000122070312,90.61000061035156,10672500
2015-01-27,55.98823165893555,90.94999694824219,91.5999984741211,90.5999984741211,91.23999786376953,12301500
2015-01-28,54.141456604003906,87.94999694824219,90.93000030517578,87.81999969482422,90.87999725341797,17829700
2015-01-29,53.9136848449707,87.58000183105469,88.26000213623047,86.02999877929688,88.22000122070312,22683000
2015-01-30,53.81520462036133,87.41999816894531,88.41999816894531,86.25,87.16000366210938,22679900
2015-02-02,55.144874572753906,89.58000183105469,89.58999633789062,87.5,87.8499984741211,20306300
2015-02-03,56.788490295410156,92.25,92.33000183105469,90.80999755859375,90.9000015258789,21900900
2015-02-04,56.302188873291016,91.45999908447266,92.2699966430664,90.51000213623047,91.63999938964844,19632200
2015-02-05,56.856224060058594,92.36000061035156,92.54000091552734,91.69999694824219,92.38999938964844,12809000
2015-02-06,56.750762939453125,91.5,92.27999877929688,90.95999908447266,92.0999984741211,12331200
2015-02-09,56.787994384765625,91.55999755859375,92.29000091552734,91.23999786376953,91.4000015258789,11360700
2015-02-10,56.44685745239258,91.01000213623047,91.73999786376953,90.30000305175781,91.73999786376953,12952900
2015-02-11,56.19257736206055,90.5999984741211,90.83000183105469,89.79000091552734,90.0199966430664,12240600
2015-02-12,57.290374755859375,92.37000274658203,92.66000366210938,91.0199966430664,91.45999908447266,14843000
2015-02-13,57.91062545776367,93.37000274658203,93.44999694824219,92.27999877929688,92.69999694824219,12061000
2015-02-17,57.71215057373047,93.05000305175781,93.06999969482422,92.29000091552734,92.75,11758700
2015-02-18,56.44685745239258,91.01000213623047,91.98999786376953,90.38999938964844,91.98999786376953,19177900
2015-02-19,55.47310256958008,89.44000244140625,90.41999816894531,88.58000183105469,89.63999938964844,19350600
2015-02-20,55.77082443237305,89.91999816894531,89.94000244140625,88.8499984741211,89.4000015258789,15959900
2015-02-23,55.206417083740234,89.01000213623047,89.55000305175781,88.73999786376953,89.26000213623047,12771800
2015-02-24,55.460723876953125,89.41999816894531,89.77999877929688,89.12999725341797,89.33000183105469,9990700
2015-02-25,55.57234191894531,89.5999984741211,89.69999694824219,89.08000183105469,89.56999969482422,9925700
2015-02-26,54.9831428527832,88.6500015258789,89.18000030517578,88.08000183105469,89.12999725341797,13984000
2015-02-27,54.91490173339844,88.54000091552734,89.27999877929688,88.33999633789062,88.88999938964844,13090600
2015-03-02,54.60480499267578,88.04000091552734,88.5199966430664,87.3499984741211,88.33999633789062,13793700
2015-03-03,54.344322204589844,87.62000274658203,88.0199966430664,87.12999725341797,87.93000030517578,13493800
2015-03-04,54.07140350341797,87.18000030517578,87.95999908447266,86.93000030517578,87.95999908447266,13467600
2015-03-05,53.79850387573242,86.73999786376953,87.19000244140625,86.5199966430664,87.06999969482422,12527600
2015-03-06,53.11006164550781,85.62999725341797,86.5999984741211,85.31999969482422,86.41000366210938,16070500
2015-03-09,52.81856155395508,85.16000366210938,86.37999725341797,85.12000274658203,86.12000274658203,14503800
2015-03-10,52.26036071777344,84.26000213623047,85.52999877929688,84.23999786376953,84.81999969482422,17195500
2015-03-11,52.11148452758789,84.0199966430664,84.93000030517578,84.0,84.93000030517578,13004700
2015-03-12,52.23554229736328,84.22000122070312,84.72000122070312,84.05999755859375,84.43000030517578,10792900
2015-03-13,52.018455505371094,83.87000274658203,84.18000030517578,82.68000030517578,83.9000015258789,16799900
2015-03-16,52.5704345703125,84.76000213623047,84.86000061035156,83.2699966430664,83.70999908447266,13516200
2015-03-17,52.1486930847168,84.08000183105469,84.8499984741211,84.0199966430664,84.54000091552734,12979700
2015-03-18,53.38294219970703,86.06999969482422,86.37000274658203,83.43000030517578,83.54000091552734,18745700
2015-03-19,52.35336685180664,84.41000366210938,85.5,84.33000183105469,85.19000244140625,12738500
2015-03-20,52.43400573730469,84.54000091552734,85.4000015258789,84.38999938964844,84.66999816894531,36083500
2015-03-23,52.98600387573242,85.43000030517578,85.77999877929688,85.01000213623047,85.0199966430664,17450700
2015-03-24,52.421600341796875,84.5199966430664,85.77999877929688,84.5,85.30000305175781,10174300
2015-03-25,52.632484436035156,84.86000061035156,85.56999969482422,84.7699966430664,85.05000305175781,11934700
2015-03-26,52.29755401611328,84.31999969482422,85.56999969482422,84.08999633789062,85.30000305175781,14400700
2015-03-27,51.83859634399414,83.58000183105469,84.05000305175781,83.33000183105469,84.04000091552734,11579300
2015-03-30,53.11006164550781,85.62999725341797,85.81999969482422,84.25,84.2699966430664,15653200
2015-03-31,52.719303131103516,85.0,85.33999633789062,84.45999908447266,84.8499984741211,13354000
2015-04-01,52.38438415527344,84.45999908447266,86.0,84.26000213623047,85.69999694824219,14522300
2015-04-02,52.28515625,84.30000305175781,84.94000244140625,83.8499984741211,84.08999633789062,11297400
2015-04-06,52.799922943115234,85.12999725341797,85.63999938964844,84.19999694824219,85.1500015258789,10916400
2015-04-07,53.18446731567383,85.75,86.16999816894531,84.76000213623047,85.01000213623047,11836100
2015-04-08,52.13629150390625,84.05999755859375,85.9000015258789,84.0199966430664,85.80000305175781,16257100
2015-04-09,52.50221633911133,84.6500015258789,84.7300033569336,83.80999755859375,84.0,13281800
2015-04-10,53.06664276123047,85.55999755859375,86.04000091552734,84.7699966430664,85.37000274658203,13372400
2015-04-13,52.93017578125,85.33999633789062,86.25,85.23999786376953,85.91999816894531,9880500
2015-04-14,53.73027801513672,86.62999725341797,87.4800033569336,85.52999877929688,85.5999984741211,15693800
2015-04-15,54.62961196899414,88.08000183105469,88.52999877929688,87.13999938964844,87.13999938964844,15332800
2015-04-16,54.412532806396484,87.7300033569336,88.16000366210938,87.11000061035156,87.87999725341797,9570800
2015-04-17,53.916343688964844,86.93000030517578,87.36000061035156,86.16000366210938,87.13999938964844,14430100
2015-04-20,54.10862350463867,87.23999786376953,88.0999984741211,87.08000183105469,87.12999725341797,11593600
2015-04-21,53.885345458984375,86.87999725341797,87.62000274658203,86.69000244140625,87.37999725341797,10100500
2015-04-22,54.24508285522461,87.45999908447266,87.80000305175781,86.33999633789062,87.04000091552734,8663600
2015-04-23,54.29469299316406,87.54000091552734,88.37999725341797,87.30999755859375,87.36000061035156,9866100
2015-04-24,53.94114303588867,86.97000122070312,87.36000061035156,86.66000366210938,87.19000244140625,8405700
2015-04-27,53.96595764160156,87.01000213623047,87.5999984741211,86.76000213623047,87.41000366210938,10534600
2015-04-28,54.45594024658203,87.80000305175781,87.86000061035156,87.04000091552734,87.22000122070312,9633800
2015-04-29,54.499366760253906,87.87000274658203,88.06999969482422,86.95999908447266,87.5,12534100
2015-04-30,54.189247131347656,87.37000274658203,88.66999816894531,87.22000122070312,88.66999816894531,13947700
2015-05-01,55.10719680786133,88.8499984741211,88.94999694824219,87.69999694824219,87.8499984741211,12257100
2015-05-04,55.26842498779297,89.11000061035156,89.87999725341797,88.94999694824219,89.41999816894531,10343700
2015-05-05,54.95831298828125,88.61000061035156,90.08999633789062,88.5199966430664,89.97000122070312,11895000
2015-05-06,54.697837829589844,88.19000244140625,89.95999908447266,87.79000091552734,89.6500015258789,11273500
2015-05-07,54.33188247680664,87.5999984741211,88.0999984741211,86.91999816894531,88.0,9992500
2015-05-08,55.19401550292969,88.98999786376953,89.06999969482422,87.81999969482422,88.47000122070312,11390300
2015-05-11,54.26847457885742,86.77999877929688,88.56999969482422,86.6500015258789,88.52999877929688,11997800
2015-05-12,54.41857147216797,87.0199966430664,87.45999908447266,86.41999816894531,86.88999938964844,9788900
2015-05-13,54.130889892578125,86.55999755859375,87.7300033569336,86.4000015258789,87.27999877929688,8629400
2015-05-14,54.38729476928711,86.97000122070312,87.33999633789062,86.75,86.93000030517578,8791300
2015-05-15,54.624935150146484,87.3499984741211,87.62000274658203,86.5999984741211,86.80000305175781,8422200
2015-05-18,54.3122673034668,86.8499984741211,87.45999908447266,86.77999877929688,87.30999755859375,6395400
2015-05-19,54.39978790283203,86.98999786376953,87.20999908447266,86.20999908447266,86.47000122070312,9777100
2015-05-20,54.48735427856445,87.12999725341797,87.4000015258789,86.91000366210938,87.38999938964844,7276600
2015-05-21,54.53739547729492,87.20999908447266,87.44000244140625,86.95999908447266,87.27999877929688,8357400
2015-05-22,54.10590744018555,86.5199966430664,87.0999984741211,86.5,86.98999786376953,7598400
2015-05-26,53.37421798706055,85.3499984741211,86.37000274658203,85.02999877929688,86.04000091552734,11289000
2015-05-27,53.22414779663086,85.11000061035156,85.88999938964844,84.7699966430664,85.30000305175781,10778300
2015-05-28,53.22414779663086,85.11000061035156,85.56999969482422,84.81999969482422,85.11000061035156,8038900
2015-05-29,53.28041458129883,85.19999694824219,85.58000183105469,84.87999725341797,85.0999984741211,14631300
2015-06-01,53.23663330078125,85.12999725341797,85.47000122070312,84.80000305175781,85.25,9077500
2015-06-02,53.242889404296875,85.13999938964844,85.58999633789062,84.91000366210938,85.12000274658203,9328300
2015-06-03,53.12406921386719,84.94999694824219,85.83999633789062,84.86000061035156,85.2300033569336,8179500
2015-06-04,52.66758346557617,84.22000122070312,84.88999938964844,83.77999877929688,84.69999694824219,12607300
2015-06-05,52.70509719848633,84.27999877929688,85.0,83.9800033569336,84.12999725341797,11388500
2015-06-08,53.06154251098633,84.8499984741211,85.20999908447266,83.93000030517578,84.18000030517578,12244700
2015-06-09,52.8927001953125,84.58000183105469,85.43000030517578,84.48999786376953,85.29000091552734,8105500
2015-06-10,53.28667068481445,85.20999908447266,85.97000122070312,85.0,85.83999633789062,10147000
2015-06-11,53.211605072021484,85.08999633789062,85.69999694824219,84.88999938964844,85.30000305175781,7759300
2015-06-12,52.54249954223633,84.0199966430664,84.68000030517578,83.86000061035156,84.58000183105469,8347300
2015-06-15,52.354888916015625,83.72000122070312,83.9800033569336,83.19000244140625,83.52999877929688,9563900
2015-06-16,52.955223083496094,84.68000030517578,84.75,83.4000015258789,83.80999755859375,9100100
2015-06-17,52.98650360107422,84.7300033569336,85.12999725341797,84.41000366210938,85.02999877929688,9090200
2015-06-18,53.45552444458008,85.4800033569336,85.95999908447266,84.72000122070312,84.80000305175781,10247800
2015-06-19,53.28667068481445,85.20999908447266,85.4800033569336,84.91999816894531,84.91999816894531,16129600
2015-06-22,53.261661529541016,85.16999816894531,85.5999984741211,84.97000122070312,85.38999938964844,9465100
2015-06-23,53.19910430908203,85.06999969482422,85.27999877929688,84.58999633789062,85.22000122070312,10223900
2015-06-24,52.955223083496094,84.68000030517578,85.33999633789062,84.66000366210938,84.88999938964844,11800100
2015-06-25,52.4862174987793,83.93000030517578,84.8499984741211,83.93000030517578,84.8499984741211,10259400
2015-06-26,52.442447662353516,83.86000061035156,84.0999984741211,83.48999786376953,83.83000183105469,19023300
2015-06-29,51.79206848144531,82.81999969482422,83.44999694824219,82.80000305175781,83.05000305175781,11739200
2015-06-30,52.02970886230469,83.19999694824219,84.9000015258789,82.80000305175781,83.73999786376953,14981100
2015-07-01,51.51066207885742,82.37000274658203,83.52999877929688,82.11000061035156,83.27999877929688,13529100
2015-07-02,51.992191314697266,83.13999938964844,83.27999877929688,82.55000305175781,82.79000091552734,9188000
2015-07-06,51.61072540283203,82.52999877929688,83.05999755859375,82.12000274658203,82.41999816894531,11694400
2015-07-07,51.8233528137207,82.87000274658203,83.2300033569336,81.48999786376953,82.19000244140625,15641500
2015-07-08,51.2605094909668,81.97000122070312,82.9800033569336,81.91000366210938,82.25,10057000
2015-07-09,51.02912902832031,81.5999984741211,83.1500015258789,81.58000183105469,82.87000274658203,11980500
2015-07-10,51.416847229003906,82.22000122070312,82.48999786376953,81.72000122070312,82.08999633789062,8628700
2015-07-13,51.54192352294922,82.41999816894531,82.61000061035156,82.06999969482422,82.11000061035156,8026700
2015-07-14,51.97343444824219,83.11000061035156,83.31999969482422,82.26000213623047,82.37999725341797,9310200
2015-07-15,51.754547119140625,82.76000213623047,83.41999816894531,82.4000015258789,82.61000061035156,9289200
2015-07-16,51.848350524902344,82.91000366210938,83.4800033569336,82.80000305175781,83.18000030517578,8267600
2015-07-17,51.66075134277344,82.61000061035156,82.83999633789062,81.79000091552734,82.51000213623047,12156000
2015-07-20,51.12919998168945,81.76000213623047,82.41000366210938,81.5999984741211,82.1500015258789,12957100
2015-07-21,51.06666946411133,81.66000366210938,82.43000030517578,81.43000030517578,81.93000030517578,8677100
2015-07-22,51.14796829223633,81.79000091552734,82.47000122070312,81.58000183105469,82.3499984741211,13181500
2015-07-23,50.741458892822266,81.13999938964844,81.97000122070312,80.97000122070312,81.7300033569336,10496100
2015-07-24,49.991031646728516,79.94000244140625,81.16000366210938,79.72000122070312,81.16000366210938,14888500
2015-07-27,49.5657958984375,79.26000213623047,80.12999725341797,78.97000122070312,79.2300033569336,14996100
2015-07-28,51.579463958740234,82.4800033569336,82.66999816894531,79.56999969482422,79.69999694824219,19777300
2015-07-29,51.992191314697266,83.13999938964844,83.19999694824219,81.91000366210938,82.18000030517578,13913800
2015-07-30,51.910884857177734,83.01000213623047,83.31999969482422,82.41999816894531,83.18000030517578,11139900
2015-07-31,49.53453826904297,79.20999908447266,81.66999816894531,78.93000030517578,81.66999816894531,26232700
2015-08-03,48.815372467041016,78.05999755859375,78.93000030517578,77.62999725341797,78.69999694824219,15767700
2015-08-04,48.258811950683594,77.16999816894531,78.61000061035156,76.93000030517578,77.87999725341797,18874400
2015-08-05,48.258811950683594,77.16999816894531,78.2300033569336,76.9000015258789,77.87000274658203,16544400
2015-08-06,48.83412551879883,78.08999633789062,78.26000213623047,76.91000366210938,76.94000244140625,13005200
2015-08-07,48.04618453979492,76.83000183105469,77.97000122070312,76.62000274658203,77.55000305175781,12187600
2015-08-10,49.246864318847656,78.75,78.75,77.08999633789062,77.08999633789062,14876000
2015-08-11,48.912315368652344,77.48999786376953,78.06999969482422,76.33000183105469,77.01000213623047,14486400
2015-08-12,49.7328987121582,78.79000091552734,78.87000274658203,76.95999908447266,77.44000244140625,16492400
2015-08-13,49.64452362060547,78.6500015258789,79.29000091552734,78.2699966430664,78.31999969482422,13154100
2015-08-14,49.46145248413086,78.36000061035156,79.27999877929688,78.25,78.63999938964844,9129300
2015-08-17,49.72028350830078,78.7699966430664,79.18000030517578,77.44999694824219,77.93000030517578,9365400
2015-08-18,49.17112350463867,77.9000015258789,78.66999816894531,77.58000183105469,78.52999877929688,9815300
2015-08-19,48.117000579833984,76.2300033569336,77.58000183105469,75.93000030517578,77.51000213623047,17010100
2015-08-20,47.069183349609375,74.56999969482422,76.18000030517578,74.56999969482422,76.0,17811200
2015-08-21,45.52903747558594,72.12999725341797,74.88999938964844,72.06999969482422,74.0999984741211,25488800
2015-08-24,43.37662887573242,68.72000122070312,71.37999725341797,66.55000305175781,67.98999786376953,35531200
2015-08-25,43.37031555175781,68.70999908447266,71.44000244140625,68.19999694824219,71.30999755859375,30409700
2015-08-26,45.762596130371094,72.5,72.75,69.1500015258789,70.62999725341797,34436000
2015-08-27,47.24593734741211,74.8499984741211,74.88999938964844,73.01000213623047,73.80000305175781,24571000
2015-08-28,47.38480758666992,75.06999969482422,75.9800033569336,74.41000366210938,74.70999908447266,18997300
2015-08-31,47.49211883544922,75.23999786376953,75.55000305175781,73.30000305175781,74.27999877929688,19570100
2015-09-01,45.497493743896484,72.08000183105469,73.3499984741211,71.51000213623047,73.30000305175781,24092900
2015-09-02,46.2234001159668,73.2300033569336,73.23999786376953,72.0,73.05999755859375,16936900
2015-09-03,46.57685470581055,73.79000091552734,74.91000366210938,73.33999633789062,73.63999938964844,13451900
2015-09-04,45.737342834472656,72.45999908447266,73.13999938964844,72.25,72.93000030517578,14902500
2015-09-08,46.393795013427734,73.5,73.72000122070312,72.97000122070312,73.72000122070312,13626900
2015-09-09,45.446998596191406,72.0,74.68000030517578,71.8499984741211,74.37000274658203,17246200
2015-09-10,45.77522277832031,72.5199966430664,72.9800033569336,71.80000305175781,72.80999755859375,12353900
2015-09-11,45.88253402709961,72.69000244140625,72.72000122070312,72.01000213623047,72.4000015258789,12172300
2015-09-14,45.75628662109375,72.48999786376953,72.58000183105469,71.76000213623047,72.30999755859375,10738500
2015-09-15,45.98982620239258,72.86000061035156,73.30999755859375,72.41000366210938,72.44000244140625,11979800
2015-09-16,46.89876174926758,74.30000305175781,74.69999694824219,73.37000274658203,73.51000213623047,15214200
2015-09-17,46.9997673034668,74.45999908447266,75.47000122070312,73.8499984741211,74.41000366210938,15603000
2015-09-18,45.87621307373047,72.68000030517578,73.55999755859375,72.12000274658203,73.26000213623047,23180200
2015-09-21,46.32437515258789,73.38999938964844,73.61000061035156,72.7300033569336,73.0999984741211,10853000
2015-09-22,45.914085388183594,72.73999786376953,73.5199966430664,72.0199966430664,72.3499984741211,14245200
2015-09-23,45.636356353759766,72.30000305175781,73.19999694824219,72.29000091552734,72.87000274658203,13784800
2015-09-24,45.90776062011719,72.7300033569336,73.1500015258789,71.72000122070312,72.0,14584200
2015-09-25,46.2234001159668,73.2300033569336,73.52999877929688,72.76000213623047,73.29000091552734,15175300
2015-09-28,45.825706481933594,72.5999984741211,73.45999908447266,72.4000015258789,72.62000274658203,14571900
2015-09-29,46.059261322021484,72.97000122070312,73.19000244140625,72.13999938964844,72.6500015258789,13754400
2015-09-30,46.93032455444336,74.3499984741211,74.3499984741211,73.33000183105469,73.4000015258789,18176500
2015-10-01,46.74728012084961,74.05999755859375,75.58000183105469,73.30000305175781,75.19999694824219,14397800
2015-10-02,47.89607620239258,75.87999725341797,75.9000015258789,73.02999877929688,73.38999938964844,18811300
2015-10-05,48.48310852050781,76.80999755859375,77.1500015258789,75.79000091552734,76.6500015258789,18486700
2015-10-06,49.1648063659668,77.88999938964844,78.55999755859375,76.26000213623047,76.95999908447266,18757900
2015-10-07,49.99168014526367,79.19999694824219,79.29000091552734,77.52999877929688,78.97000122070312,18666300
2015-10-08,50.51559829711914,80.02999877929688,80.11000061035156,78.54000091552734,79.30999755859375,14344700
2015-10-09,50.02956771850586,79.26000213623047,80.16999816894531,78.62000274658203,80.05000305175781,17384700
2015-10-12,50.054805755615234,79.30000305175781,79.58999633789062,78.72000122070312,79.58999633789062,9931800
2015-10-13,49.96644973754883,79.16000366210938,79.55000305175781,78.48999786376953,78.72000122070312,12326600
2015-10-14,50.59764099121094,80.16000366210938,80.4800033569336,78.77999877929688,78.97000122070312,14486000
2015-10-15,51.43086624145508,81.4800033569336,81.52999877929688,79.9000015258789,80.19000244140625,13640900
2015-10-16,52.062076568603516,82.4800033569336,82.5,81.44999694824219,82.26000213623047,14304400
2015-10-19,51.12156677246094,80.98999786376953,82.16999816894531,80.76000213623047,82.01000213623047,14155800
2015-10-20,51.020565032958984,80.83000183105469,81.05999755859375,80.19999694824219,80.55000305175781,12340100
2015-10-21,50.62922668457031,80.20999908447266,81.1500015258789,80.11000061035156,80.86000061035156,10274900
2015-10-22,52.32085037231445,82.88999938964844,82.95999908447266,80.66000366210938,80.68000030517578,14823500
2015-10-23,52.37767028808594,82.9800033569336,83.0,81.88999938964844,82.41000366210938,13215700
2015-10-26,51.2667350769043,81.22000122070312,82.7300033569336,81.16999816894531,82.5199966430664,12576400
2015-10-27,51.18467330932617,81.08999633789062,81.16000366210938,79.7300033569336,80.56999969482422,13579400
2015-10-28,51.93581771850586,82.27999877929688,82.58000183105469,80.93000030517578,81.30999755859375,12473000
2015-10-29,51.90424728393555,82.2300033569336,83.22000122070312,81.79000091552734,81.79000091552734,10341200
2015-10-30,52.226165771484375,82.73999786376953,83.87999725341797,81.26000213623047,82.47000122070312,18758600
2015-11-02,53.82942199707031,85.27999877929688,85.93000030517578,82.08999633789062,82.30000305175781,21266500
2015-11-03,54.820438385009766,86.8499984741211,87.44000244140625,85.58000183105469,85.66000366210938,20115900
2015-11-04,54.271297454833984,85.9800033569336,87.08000183105469,85.69999694824219,86.7699966430664,14245400
2015-11-05,53.53278350830078,84.80999755859375,86.2300033569336,84.5,85.55000305175781,12291100
2015-11-06,53.318145751953125,84.47000122070312,84.47000122070312,83.22000122070312,83.93000030517578,12491700
2015-11-09,52.178436279296875,81.94999694824219,83.5999984741211,81.80000305175781,83.55999755859375,13551200
2015-11-10,52.43313980102539,82.3499984741211,82.61000061035156,81.86000061035156,81.93000030517578,14238000
2015-11-11,51.96833038330078,81.62000274658203,82.55999755859375,81.4000015258789,82.41999816894531,9598000
2015-11-12,50.56120300292969,79.41000366210938,81.27999877929688,79.31999969482422,80.56999969482422,16050600
2015-11-13,49.727115631103516,78.0999984741211,79.58000183105469,77.94000244140625,79.27999877929688,17527300
2015-11-16,51.509910583496094,80.9000015258789,80.98999786376953,77.91000366210938,77.94000244140625,14548100
2015-11-17,50.91139602661133,79.95999908447266,80.87999725341797,79.62999725341797,80.70999908447266,10011700
2015-11-18,51.408016204833984,80.73999786376953,80.9000015258789,79.58999633789062,79.88999938964844,10884600
2015-11-19,51.12787628173828,80.30000305175781,80.77999877929688,80.04000091552734,80.51000213623047,9453300
2015-11-20,50.803157806396484,79.79000091552734,80.94000244140625,79.6500015258789,80.56999969482422,10144400
2015-11-23,51.11513900756836,80.27999877929688,80.70999908447266,79.05999755859375,79.5999984741211,11868400
2015-11-24,52.13387680053711,81.87999725341797,82.3499984741211,80.19999694824219,80.3499984741211,15055500
2015-11-25,51.73275375366211,81.25,82.16999816894531,81.0999984741211,81.30000305175781,8980400
2015-11-27,51.720027923583984,81.2300033569336,81.26000213623047,80.45999908447266,80.58000183105469,4156600
2015-11-30,51.99380111694336,81.66000366210938,82.6500015258789,81.25,81.41999816894531,17729200
2015-12-01,52.140254974365234,81.88999938964844,82.12999725341797,81.2699966430664,81.76000213623047,13917000
2015-12-02,50.65035629272461,79.55000305175781,81.63999938964844,79.41999816894531,81.30999755859375,16300000
2015-12-03,49.924503326416016,78.41000366210938,79.8499984741211,78.0199966430664,79.72000122070312,14870300
2015-12-04,50.21101379394531,78.86000061035156,78.9800033569336,77.02999877929688,77.3499984741211,20156400
2015-12-07,48.89940643310547,76.80000305175781,77.5,75.75,77.33000183105469,17676100
2015-12-08,47.51772689819336,74.62999725341797,76.3499984741211,73.79000091552734,75.2699966430664,24217600
2015-12-09,48.15443420410156,75.62999725341797,77.19000244140625,74.7300033569336,74.83999633789062,22036300
2015-12-10,48.192649841308594,75.69000244140625,77.5,75.5199966430664,75.80000305175781,20142400
2015-12-11,47.33308029174805,74.33999633789062,75.54000091552734,74.33999633789062,74.81999969482422,20473100
2015-12-14,48.40911865234375,76.02999877929688,76.22000122070312,74.08999633789062,74.30000305175781,21976500
2015-12-15,50.57394027709961,79.43000030517578,79.5999984741211,77.33000183105469,77.43000030517578,24366800
2015-12-16,50.395660400390625,79.1500015258789,79.61000061035156,78.0,79.04000091552734,17233900
2015-12-17,49.63797378540039,77.95999908447266,79.2300033569336,77.94999694824219,79.0199966430664,17362900
2015-12-18,49.205020904541016,77.27999877929688,78.77999877929688,77.05999755859375,77.56999969482422,28836000
2015-12-21,49.19227981567383,77.26000213623047,78.0999984741211,76.6500015258789,77.79000091552734,14460500
2015-12-22,49.440589904785156,77.6500015258789,77.9000015258789,77.20999908447266,77.69999694824219,13855800
2015-12-23,51.05784606933594,80.19000244140625,80.22000122070312,78.31999969482422,78.68000030517578,15184200
2015-12-24,50.510276794433594,79.33000183105469,80.2699966430664,79.12000274658203,80.2699966430664,5848300
2015-12-28,50.13461685180664,78.73999786376953,78.86000061035156,77.91000366210938,78.12000274658203,9715800
2015-12-29,50.40205001831055,79.16000366210938,80.08000183105469,78.83999633789062,79.98999786376953,8839000
2015-12-30,49.733482360839844,78.11000061035156,78.98999786376953,77.97000122070312,78.31999969482422,9314600
2015-12-31,49.631591796875,77.94999694824219,78.44000244140625,77.43000030517578,77.51000213623047,10285500
2016-01-04,49.31962203979492,77.45999908447266,77.94000244140625,76.45999908447266,77.5,20400100
2016-01-05,49.73984909057617,78.12000274658203,78.13999938964844,76.91999816894531,77.19000244140625,11993500
2016-01-06,49.32597351074219,77.47000122070312,77.63999938964844,76.58999633789062,76.63999938964844,18826900
2016-01-07,48.53646469116211,76.2300033569336,77.98999786376953,75.9000015258789,76.05999755859375,21263800
2016-01-08,47.555931091308594,74.69000244140625,76.6500015258789,74.5,76.3499984741211,19033600
2016-01-11,46.91920852661133,73.69000244140625,75.12000274658203,72.55999755859375,75.01000213623047,21353000
2016-01-12,47.880653381347656,75.19999694824219,75.41999816894531,73.1500015258789,74.12000274658203,21864100
2016-01-13,48.16716766357422,75.6500015258789,77.05999755859375,74.94000244140625,75.8499984741211,26052700
2016-01-14,50.37655258178711,79.12000274658203,79.91999816894531,75.80000305175781,76.20999908447266,33806700
2016-01-15,49.3960075378418,77.58000183105469,78.16999816894531,76.30000305175781,76.33000183105469,28342100
2016-01-19,48.64470291137695,76.4000015258789,78.23999786376953,75.19000244140625,77.93000030517578,22684500
2016-01-20,46.59449768066406,73.18000030517578,75.72000122070312,71.55000305175781,75.06999969482422,33300800
2016-01-21,47.180274963378906,74.0999984741211,74.98999786376953,72.61000061035156,73.16000366210938,22265600
2016-01-22,48.75293731689453,76.56999969482422,76.7699966430664,74.72000122070312,76.41999816894531,22530300
2016-01-25,47.103858947753906,73.9800033569336,76.33999633789062,73.9000015258789,75.75,17086600
2016-01-26,48.835716247558594,76.69999694824219,76.7699966430664,74.25,74.7699966430664,18724700
2016-01-27,47.937957763671875,75.29000091552734,77.47000122070312,74.72000122070312,76.0,18106100
2016-01-28,49.020362854003906,76.98999786376953,77.66000366210938,75.62000274658203,77.3499984741211,16157700
2016-01-29,49.56793975830078,77.8499984741211,77.8499984741211,76.25,76.7300033569336,25161900
2016-02-01,48.57466125488281,76.29000091552734,76.79000091552734,75.44000244140625,76.66000366210938,16754200
2016-02-02,47.492252349853516,74.58999633789062,75.62000274658203,73.55000305175781,74.19000244140625,21404200
2016-02-03,49.969058990478516,78.4800033569336,78.52999877929688,74.26000213623047,75.52999877929688,25873700
2016-02-04,50.82862091064453,79.83000183105469,80.0,77.55999755859375,78.58000183105469,23658700
2016-02-05,50.98780059814453,80.08000183105469,80.0999984741211,78.56999969482422,79.4000015258789,26719900
2016-02-08,51.67544174194336,81.16000366210938,81.77999877929688,78.91000366210938,79.30000305175781,26601200
2016-02-09,51.45057678222656,80.08000183105469,80.66999816894531,78.69000244140625,79.9800033569336,18418100
2016-02-10,50.98155975341797,79.3499984741211,81.44999694824219,79.27999877929688,79.7699966430664,16610900
2016-02-11,51.14217758178711,79.5999984741211,80.1500015258789,77.58000183105469,78.33999633789062,19331600
2016-02-12,52.0609245300293,81.02999877929688,81.06999969482422,79.80999755859375,80.08000183105469,16767200
2016-02-16,52.18301773071289,81.22000122070312,81.8499984741211,80.27999877929688,81.69999694824219,15912200
2016-02-17,52.68415451049805,82.0,82.77999877929688,81.16000366210938,81.6500015258789,17006700
2016-02-18,52.9732666015625,82.44999694824219,83.05999755859375,81.86000061035156,82.9000015258789,14873700
2016-02-19,53.00540542602539,82.5,82.55000305175781,80.91000366210938,82.19000244140625,13615900
2016-02-22,52.9347038269043,82.38999938964844,83.44000244140625,82.19999694824219,82.5,14595200
2016-02-23,52.18944549560547,81.2300033569336,82.37000274658203,80.87999725341797,81.98999786376953,11041600
2016-02-24,52.375755310058594,81.5199966430664,81.7699966430664,79.66999816894531,79.91000366210938,13777500
2016-02-25,52.690582275390625,82.01000213623047,82.06999969482422,80.0199966430664,81.55999755859375,13706400
2016-02-26,52.523536682128906,81.75,83.08000183105469,81.69000244140625,82.88999938964844,14343300
2016-02-29,51.49555206298828,80.1500015258789,82.4000015258789,80.05000305175781,81.87999725341797,18903600
2016-03-01,52.2215690612793,81.27999877929688,81.7699966430664,80.31999969482422,80.55999755859375,15730600
2016-03-02,53.133888244628906,82.69999694824219,82.72000122070312,80.30999755859375,80.94999694824219,14094400
2016-03-03,52.9411735534668,82.4000015258789,82.72000122070312,81.54000091552734,82.66000366210938,13216200
2016-03-04,52.8704719543457,82.29000091552734,82.97000122070312,81.76000213623047,82.66000366210938,18402700
2016-03-07,54.26466751098633,84.45999908447266,84.45999908447266,82.20999908447266,82.30999755859375,18945600
2016-03-08,53.08892059326172,82.62999725341797,84.20999908447266,82.4800033569336,84.0,14003900
2016-03-09,52.9411735534668,82.4000015258789,83.8499984741211,82.23999786376953,83.22000122070312,14139300
2016-03-10,52.799800872802734,82.18000030517578,82.66000366210938,80.93000030517578,82.41999816894531,15898300
2016-03-11,52.80622482299805,82.19000244140625,83.52999877929688,82.01000213623047,83.22000122070312,15370200
2016-03-14,52.94758605957031,82.41000366210938,82.63999938964844,81.0199966430664,81.4800033569336,13344600
2016-03-15,53.21099853515625,82.81999969482422,82.8499984741211,81.5199966430664,81.5999984741211,9213000
2016-03-16,53.24311447143555,82.87000274658203,83.16000366210938,81.94000244140625,83.0199966430664,11492100
2016-03-17,54.033382415771484,84.0999984741211,84.68000030517578,82.72000122070312,83.68000030517578,13673900
2016-03-18,54.09764099121094,84.19999694824219,84.5999984741211,83.25,84.58999633789062,19637000
2016-03-21,53.72499084472656,83.62000274658203,84.13999938964844,83.5,83.83999633789062,8385400
2016-03-22,54.04623794555664,84.12000274658203,84.86000061035156,83.01000213623047,83.08000183105469,13005100
2016-03-23,53.80852127075195,83.75,84.30000305175781,83.5199966430664,83.86000061035156,12748900
2016-03-24,53.956295013427734,83.9800033569336,84.02999877929688,82.93000030517578,82.94000244140625,9368300
2016-03-28,54.11049270629883,84.22000122070312,84.36000061035156,83.69999694824219,84.02999877929688,7490400
2016-03-29,54.30965805053711,84.52999877929688,84.61000061035156,83.16000366210938,83.66999816894531,9977900
2016-03-30,54.30323791503906,84.5199966430664,85.05000305175781,84.0,85.02999877929688,10807000
2016-03-31,53.70572280883789,83.58999633789062,85.0999984741211,83.58999633789062,84.06999969482422,13896900
2016-04-01,53.30093765258789,82.95999908447266,83.38999938964844,82.38999938964844,82.4000015258789,12235300
2016-04-04,53.4294319152832,83.16000366210938,83.9000015258789,82.77999877929688,83.05999755859375,8050200
2016-04-05,52.8190803527832,82.20999908447266,83.12999725341797,81.98999786376953,82.61000061035156,10446800
2016-04-06,53.52581787109375,83.30999755859375,83.45999908447266,82.30000305175781,82.69000244140625,9320200
2016-04-07,52.921878814697266,82.37000274658203,83.16999816894531,82.05000305175781,82.76000213623047,8267100
2016-04-08,53.46156311035156,83.20999908447266,83.44999694824219,82.8499984741211,83.30000305175781,9376200
2016-04-11,53.532230377197266,83.31999969482422,84.23999786376953,83.27999877929688,83.33000183105469,9925000
2016-04-12,54.19398880004883,84.3499984741211,84.62999725341797,83.37000274658203,83.69000244140625,9986100
2016-04-13,54.50239944458008,84.83000183105469,84.91000366210938,84.04000091552734,84.5,9235700
2016-04-14,54.887882232666016,85.43000030517578,85.9000015258789,84.76000213623047,85.0,10625800
2016-04-15,54.59235382080078,84.97000122070312,85.66000366210938,84.77999877929688,85.30000305175781,11280200
2016-04-18,55.11276626586914,85.77999877929688,85.86000061035156,83.86000061035156,84.97000122070312,9097000
2016-04-19,55.389034271240234,86.20999908447266,86.30999755859375,85.22000122070312,85.8499984741211,10354500
2016-04-20,55.76811218261719,86.80000305175781,87.44000244140625,85.97000122070312,86.2300033569336,15247100
2016-04-21,55.76167297363281,86.79000091552734,87.83999633789062,86.56999969482422,86.58999633789062,12075300
2016-04-22,56.23711395263672,87.52999877929688,87.63999938964844,86.81999969482422,87.23999786376953,9150800
2016-04-25,56.10862731933594,87.33000183105469,87.4000015258789,86.3499984741211,87.08999633789062,8076400
2016-04-26,56.30138397216797,87.62999725341797,87.94000244140625,87.05999755859375,87.75,9425900
2016-04-27,56.83464050292969,88.45999908447266,88.72000122070312,87.33000183105469,87.94999694824219,10463500
2016-04-28,56.55836868286133,88.02999877929688,88.77999877929688,87.5,87.86000061035156,11276200
2016-04-29,56.79610824584961,88.4000015258789,89.77999877929688,87.73999786376953,88.68000030517578,17885900
2016-05-02,57.26509475708008,89.12999725341797,89.4800033569336,88.08000183105469,88.23999786376953,10273700
2016-05-03,56.609764099121094,88.11000061035156,88.62999725341797,87.36000061035156,88.4000015258789,10137400
2016-05-04,56.50053787231445,87.94000244140625,88.73999786376953,87.5999984741211,88.30000305175781,10601100
2016-05-05,56.56478500366211,88.04000091552734,88.97000122070312,87.62000274658203,88.76000213623047,8721100
2016-05-06,56.86677169799805,88.51000213623047,88.68000030517578,87.45999908447266,87.45999908447266,7968400
2016-05-09,56.905311584472656,88.56999969482422,88.76000213623047,87.2300033569336,88.5999984741211,11159500
2016-05-10,57.8176383972168,89.98999786376953,90.0,88.81999969482422,88.9000015258789,12509100
2016-05-11,57.53904724121094,88.80999755859375,89.68000030517578,88.72000122070312,89.16000366210938,11660200
2016-05-12,58.096248626708984,89.66999816894531,89.93000030517578,89.1500015258789,89.80000305175781,10720500
2016-05-13,57.44187545776367,88.66000366210938,89.66000366210938,88.51000213623047,89.27999877929688,9721100
2016-05-16,58.03144836425781,89.56999969482422,89.66999816894531,89.0,89.19999694824219,8638700
2016-05-17,58.00554275512695,89.52999877929688,89.91000366210938,89.16000366210938,89.2699966430664,9835600
2016-05-18,57.88892364501953,89.3499984741211,90.0,88.6500015258789,89.80000305175781,9680300
2016-05-19,58.38133239746094,90.11000061035156,90.16000366210938,88.44999694824219,88.61000061035156,14397900
2016-05-20,58.14158248901367,89.73999786376953,90.4000015258789,89.37999725341797,90.38999938964844,13191900
2016-05-23,58.050880432128906,89.5999984741211,89.9000015258789,88.81999969482422,89.0,11766100
2016-05-24,58.096248626708984,89.66999816894531,90.4000015258789,89.55000305175781,89.88999938964844,10056600
2016-05-25,58.47849655151367,90.26000213623047,90.37000274658203,89.58999633789062,89.8499984741211,9578400
2016-05-26,58.18047332763672,89.80000305175781,90.45999908447266,89.2699966430664,90.25,7867900
2016-05-27,58.31653594970703,90.01000213623047,90.05000305175781,89.31999969482422,89.4000015258789,7505900
2016-05-31,57.67509841918945,89.0199966430664,90.19999694824219,88.7300033569336,90.0,13178800
2016-06-01,57.8176383972168,89.23999786376953,89.44999694824219,88.12999725341797,88.43000030517578,7994800
2016-06-02,57.3576545715332,88.52999877929688,88.52999877929688,87.61000061035156,88.20999908447266,9837500
2016-06-03,57.25397872924805,88.37000274658203,88.83000183105469,88.02999877929688,88.44000244140625,9367100
2016-06-06,57.8824462890625,89.33999633789062,89.5,88.69000244140625,88.87000274658203,8573000
2016-06-07,58.7700309753418,90.70999908447266,90.91999816894531,89.70999908447266,89.75,12889100
2016-06-08,58.821876525878906,90.79000091552734,91.30000305175781,90.52999877929688,91.02999877929688,9983000
2016-06-09,58.744144439697266,90.66999816894531,91.02999877929688,90.11000061035156,90.18000030517578,8974300
2016-06-10,58.29709243774414,89.9800033569336,90.91999816894531,89.77999877929688,90.4000015258789,10353800
2016-06-13,58.69227981567383,90.58999633789062,91.43000030517578,89.69999694824219,89.91999816894531,11370000
2016-06-14,58.5886344909668,90.43000030517578,90.87000274658203,89.8499984741211,90.44999694824219,10161000
2016-06-15,58.4137077331543,90.16000366210938,90.9000015258789,90.0,90.2300033569336,10655800
2016-06-16,59.10047149658203,91.22000122070312,91.38999938964844,89.11000061035156,89.69999694824219,12824800
2016-06-17,58.77652359008789,90.72000122070312,91.58999633789062,90.19000244140625,91.48999786376953,17483200
2016-06-20,59.035675048828125,91.12000274658203,91.58999633789062,91.06999969482422,91.29000091552734,9388500
2016-06-21,59.301307678222656,91.52999877929688,91.63999938964844,90.25,90.72000122070312,8557500
2016-06-22,59.06808853149414,91.16999816894531,91.93000030517578,91.01000213623047,91.83999633789062,8785400
2016-06-23,59.476253509521484,91.80000305175781,92.06999969482422,91.19000244140625,91.93000030517578,9464500
2016-06-24,57.91482925415039,89.38999938964844,90.80000305175781,89.1500015258789,89.87999725341797,20010500
2016-06-27,57.571449279785156,88.86000061035156,89.0999984741211,88.11000061035156,88.9000015258789,14169400
2016-06-28,58.899635314941406,90.91000366210938,90.93000030517578,89.5199966430664,89.7300033569336,13254300
2016-06-29,59.903839111328125,92.45999908447266,92.69999694824219,91.12000274658203,91.41000366210938,13920600
2016-06-30,60.73313903808594,93.73999786376953,93.83000183105469,92.30000305175781,92.33000183105469,14073700
2016-07-01,60.79793930053711,93.83999633789062,93.9800033569336,93.06999969482422,93.36000061035156,9946300
2016-07-05,60.266658782958984,93.0199966430664,93.5999984741211,92.25,93.12000274658203,10744100
2016-07-06,60.95991134643555,94.08999633789062,94.12000274658203,92.44000244140625,93.3499984741211,13144400
2016-07-07,60.227787017822266,92.95999908447266,94.48999786376953,92.3499984741211,94.33999633789062,12240700
2016-07-08,60.60358810424805,93.54000091552734,93.77999877929688,92.91999816894531,93.38999938964844,9807600
2016-07-11,60.830326080322266,93.88999938964844,94.41000366210938,93.6500015258789,93.75,8335700
2016-07-12,61.517112731933594,94.94999694824219,94.94999694824219,94.08999633789062,94.66999816894531,9870800
2016-07-13,61.471744537353516,94.87999725341797,94.91999816894531,94.11000061035156,94.6500015258789,9458200
2016-07-14,61.517112731933594,94.94999694824219,95.52999877929688,94.62000274658203,95.05000305175781,9293500
2016-07-15,61.62723922729492,95.12000274658203,95.55000305175781,94.63999938964844,95.44000244140625,10334500
2016-07-18,61.432865142822266,94.81999969482422,95.1500015258789,94.4000015258789,94.91999816894531,9865900
2016-07-19,61.20610046386719,94.47000122070312,94.94000244140625,94.19999694824219,94.76000213623047,5901800
2016-07-20,60.85625076293945,93.93000030517578,94.41999816894531,93.80000305175781,94.25,7383800
2016-07-21,60.80442810058594,93.8499984741211,94.26000213623047,93.45999908447266,93.88999938964844,6854600
2016-07-22,60.9080810546875,94.01000213623047,94.29000091552734,93.72000122070312,94.11000061035156,7139700
2016-07-25,59.73539733886719,92.19999694824219,93.62000274658203,91.76000213623047,93.47000122070312,10845900
2016-07-26,59.301307678222656,91.52999877929688,92.02999877929688,91.11000061035156,91.62999725341797,12143500
2016-07-27,58.899635314941406,90.91000366210938,91.80999755859375,90.62999725341797,91.51000213623047,10037900
2016-07-28,58.439605712890625,90.19999694824219,90.7300033569336,89.61000061035156,90.54000091552734,12439200
2016-07-29,57.6297607421875,88.94999694824219,89.01000213623047,86.12000274658203,87.61000061035156,23928100
2016-08-01,55.62776565551758,85.86000061035156,88.1500015258789,85.58999633789062,88.08000183105469,22908400
2016-08-02,56.39228439331055,87.04000091552734,87.31999969482422,85.58000183105469,86.44999694824219,18919200
2016-08-03,56.68382263183594,87.48999786376953,87.48999786376953,86.5999984741211,87.01000213623047,14632900
2016-08-04,56.6773681640625,87.4800033569336,87.6500015258789,87.02999877929688,87.5,13451400
2016-08-05,56.729164123535156,87.55999755859375,87.83000183105469,87.1500015258789,87.7300033569336,9617300
2016-08-08,57.39653015136719,88.58999633789062,88.88999938964844,88.02999877929688,88.05000305175781,10492700
2016-08-09,57.46778106689453,88.69999694824219,88.76000213623047,88.18000030517578,88.62000274658203,9654600
2016-08-10,56.46152877807617,86.41000366210938,87.91999816894531,86.01000213623047,87.77999877929688,12714800
2016-08-11,56.664085388183594,86.72000122070312,87.2699966430664,86.26000213623047,86.69000244140625,11616000
2016-08-12,57.402427673339844,87.8499984741211,87.9800033569336,86.9000015258789,86.95999908447266,9986900
2016-08-15,57.376312255859375,87.80999755859375,88.5,87.63999938964844,88.41999816894531,6432600
2016-08-16,57.44818115234375,87.91999816894531,88.18000030517578,87.37000274658203,87.83000183105469,6817900
2016-08-17,57.57231903076172,88.11000061035156,88.18000030517578,87.66000366210938,87.91999816894531,7104600
2016-08-18,58.09507369995117,88.91000366210938,88.94000244140625,88.12000274658203,88.37999725341797,10342700
2016-08-19,57.36977005004883,87.80000305175781,88.73999786376953,87.79000091552734,88.62999725341797,8615300
2016-08-22,57.49392318725586,87.98999786376953,88.0999984741211,86.8499984741211,87.30999755859375,8235400
2016-08-23,57.3175048828125,87.72000122070312,88.0199966430664,87.55999755859375,87.83999633789062,6514800
2016-08-24,57.51352310180664,88.0199966430664,88.16000366210938,87.3499984741211,87.5,7985400
2016-08-25,57.14761734008789,87.45999908447266,88.02999877929688,87.23999786376953,88.0199966430664,6935300
2016-08-26,57.02345275878906,87.2699966430664,88.11000061035156,87.0,87.62999725341797,6474400
2016-08-29,57.39593505859375,87.83999633789062,87.91999816894531,87.04000091552734,87.04000091552734,7027200
2016-08-30,57.18683624267578,87.5199966430664,88.25,87.37000274658203,87.87000274658203,6441100
2016-08-31,56.93852615356445,87.13999938964844,87.20999908447266,86.22000122070312,87.13999938964844,12491400
2016-09-01,56.74249267578125,86.83999633789062,86.83999633789062,86.08999633789062,86.72000122070312,8434700
2016-09-02,57.12147521972656,87.41999816894531,87.58000183105469,86.93000030517578,87.41999816894531,7099600
2016-09-06,57.87289810180664,88.56999969482422,88.63999938964844,87.66000366210938,87.83999633789062,9851200
2016-09-07,57.65726852416992,88.23999786376953,88.66999816894531,87.97000122070312,88.6500015258789,7470400
2016-09-08,58.18653869628906,89.05000305175781,89.37000274658203,88.04000091552734,88.55000305175781,9579500
2016-09-09,56.74249267578125,86.83999633789062,88.66000366210938,86.80000305175781,88.66000366210938,12820200
2016-09-12,57.036521911621094,87.29000091552734,87.70999908447266,86.62999725341797,86.77999877929688,10889000
2016-09-13,55.677425384521484,85.20999908447266,86.47000122070312,85.08000183105469,86.45999908447266,13214300
2016-09-14,55.27885818481445,84.5999984741211,85.83000183105469,84.2699966430664,85.04000091552734,13957000
2016-09-15,55.592491149902344,85.08000183105469,85.6500015258789,84.5199966430664,84.66999816894531,9062600
2016-09-16,54.90641403198242,84.02999877929688,85.05000305175781,83.55999755859375,84.51000213623047,21538400
2016-09-19,54.77573013305664,83.83000183105469,84.62000274658203,83.80999755859375,84.58000183105469,7929100
2016-09-20,53.93281173706055,82.54000091552734,83.94999694824219,82.54000091552734,83.7300033569336,17522000
2016-09-21,54.42939758300781,83.30000305175781,83.62000274658203,82.30999755859375,82.81999969482422,15055900
2016-09-22,54.58622741699219,83.54000091552734,84.55000305175781,83.37999725341797,84.27999877929688,10738500
2016-09-23,54.52741622924805,83.44999694824219,84.30999755859375,82.58999633789062,82.68000030517578,12667100
2016-09-26,54.272586822509766,83.05999755859375,84.5,82.93000030517578,83.5199966430664,10860300
2016-09-27,54.39020538330078,83.23999786376953,83.33999633789062,82.29000091552734,82.58999633789062,9595000
2016-09-28,56.78169631958008,86.9000015258789,87.2300033569336,83.33999633789062,83.45999908447266,28117900
2016-09-29,56.49420166015625,86.45999908447266,87.19999694824219,85.68000030517578,86.97000122070312,19082900
2016-09-30,57.02997970581055,87.27999877929688,87.80999755859375,86.6500015258789,86.83999633789062,15961500
2016-10-03,56.87970733642578,87.05000305175781,87.19999694824219,86.54000091552734,86.94000244140625,7111200
2016-10-04,56.35698318481445,86.25,87.5,86.06999969482422,87.37999725341797,8222000
2016-10-05,56.847023010253906,87.0,87.16999816894531,86.69999694824219,86.83000183105469,8796200
2016-10-06,56.873172760009766,87.04000091552734,87.47000122070312,86.44000244140625,87.25,7718300
2016-10-07,56.677154541015625,86.73999786376953,87.4000015258789,86.41999816894531,86.94999694824219,6614900
2016-10-10,57.78798294067383,88.44000244140625,88.66999816894531,87.51000213623047,87.54000091552734,10060000
2016-10-11,57.3305778503418,87.73999786376953,88.19000244140625,87.30000305175781,88.08000183105469,9309000
2016-10-12,56.93198776245117,87.12999725341797,87.72000122070312,86.66999816894531,87.22000122070312,8172600
2016-10-13,56.55953598022461,86.55999755859375,86.87000274658203,85.43000030517578,86.3499984741211,9890300
2016-10-14,56.54648208618164,86.54000091552734,87.54000091552734,86.4800033569336,87.19000244140625,7991700
2016-10-17,56.54648208618164,86.54000091552734,86.79000091552734,86.06999969482422,86.4800033569336,7263100
2016-10-18,56.69675064086914,86.7699966430664,87.33000183105469,86.37999725341797,87.16999816894531,5429300
2016-10-19,56.95811080932617,87.16999816894531,87.8499984741211,86.87999725341797,87.19000244140625,9373400
2016-10-20,56.9842643737793,87.20999908447266,87.5,86.5999984741211,86.79000091552734,6866900
2016-10-21,56.598751068115234,86.62000274658203,86.81999969482422,85.69999694824219,86.41999816894531,10736200
2016-10-24,56.78824234008789,86.91000366210938,87.31999969482422,86.06999969482422,86.73999786376953,8354900
2016-10-25,56.664085388183594,86.72000122070312,87.6500015258789,86.5999984741211,86.66999816894531,6835900
2016-10-26,56.905845642089844,87.08999633789062,87.44999694824219,85.94999694824219,86.25,8488100
2016-10-27,56.79478454589844,86.91999816894531,87.66000366210938,86.80000305175781,87.27999877929688,9071100
2016-10-28,55.3964729309082,84.77999877929688,86.36000061035156,84.13999938964844,85.27999877929688,19072200
2016-10-31,54.442474365234375,83.31999969482422,84.4000015258789,82.98999786376953,83.87999725341797,16663800
2016-11-01,54.65810012817383,83.6500015258789,83.91999816894531,83.2699966430664,83.5,13050600
2016-11-02,54.52741622924805,83.44999694824219,83.87999725341797,82.94000244140625,83.30000305175781,11226100
2016-11-03,54.66464614868164,83.66000366210938,83.87999725341797,83.05000305175781,83.68000030517578,8836500
2016-11-04,54.605838775634766,83.56999969482422,84.33000183105469,82.76000213623047,83.62999725341797,13877100
2016-11-07,55.83426284790039,85.44999694824219,85.47000122070312,84.4000015258789,84.48999786376953,13576200
2016-11-08,56.23636245727539,85.30999755859375,85.83000183105469,84.48999786376953,84.7300033569336,9735200
2016-11-09,56.856014251708984,86.25,86.70999908447266,83.66000366210938,84.05000305175781,15901300
2016-11-10,57.383365631103516,87.05000305175781,87.98999786376953,85.66000366210938,85.91000366210938,14106100
2016-11-11,56.47368621826172,85.66999816894531,86.7300033569336,84.88999938964844,86.52999877929688,13812200
2016-11-14,56.21658706665039,85.27999877929688,85.6500015258789,84.33000183105469,85.30000305175781,12607500
2016-11-15,57.231754302978516,86.81999969482422,87.05999755859375,85.7699966430664,85.7699966430664,12883500
2016-11-16,56.52641677856445,85.75,86.77999877929688,85.58000183105469,86.73999786376953,8201200
2016-11-17,56.18362808227539,85.2300033569336,86.87999725341797,85.0199966430664,86.44000244140625,8200500
2016-11-18,56.21658706665039,85.27999877929688,85.6500015258789,84.83000183105469,85.20999908447266,8457800
2016-11-21,57.014225006103516,86.48999786376953,86.69000244140625,86.13999938964844,86.44000244140625,8861500
2016-11-22,57.13947296142578,86.68000030517578,87.23999786376953,85.97000122070312,86.69000244140625,9390200
2016-11-23,57.297691345214844,86.91999816894531,87.08000183105469,86.30999755859375,86.54000091552734,5996300
2016-11-25,57.42951965332031,87.12000274658203,87.13999938964844,86.54000091552734,86.70999908447266,5042300
2016-11-28,57.001033782958984,86.47000122070312,87.12999725341797,86.37000274658203,86.94999694824219,7449600
2016-11-29,56.62529373168945,85.9000015258789,86.08000183105469,85.08000183105469,85.41999816894531,9181100
2016-11-30,57.54816818237305,87.30000305175781,88.19000244140625,87.19999694824219,87.5999984741211,22696200
2016-12-01,57.50862121582031,87.23999786376953,88.5,87.23999786376953,87.9800033569336,13005600
2016-12-02,57.376773834228516,87.04000091552734,87.98999786376953,86.5999984741211,87.19000244140625,9706600
2016-12-05,57.666839599609375,87.4800033569336,87.81999969482422,86.91999816894531,87.38999938964844,11741100
2016-12-06,57.71953582763672,87.55999755859375,87.87000274658203,86.69999694824219,87.2699966430664,11293600
2016-12-07,58.05575180053711,88.06999969482422,88.1500015258789,87.19999694824219,87.62999725341797,11182600
2016-12-08,58.22056579589844,88.31999969482422,88.8499984741211,87.6500015258789,88.05000305175781,9086700
2016-12-09,58.6688117980957,89.0,89.0,88.18000030517578,88.63999938964844,8021700
2016-12-12,59.97403335571289,90.9800033569336,91.5,90.13999938964844,90.13999938964844,15545400
2016-12-13,61.02876663208008,92.58000183105469,93.22000122070312,91.16999816894531,91.88999938964844,18829300
2016-12-14,59.71035385131836,90.58000183105469,92.2699966430664,90.16999816894531,92.26000213623047,16325400
2016-12-15,59.9146842956543,90.88999938964844,90.9800033569336,89.76000213623047,90.0999984741211,11155100
2016-12-16,60.10588073730469,91.18000030517578,91.66999816894531,90.63999938964844,91.5199966430664,20560400
2016-12-19,59.60489273071289,90.41999816894531,91.54000091552734,90.19999694824219,91.37999725341797,9674400
2016-12-20,59.611473083496094,90.43000030517578,90.8499984741211,90.29000091552734,90.51000213623047,7221000
2016-12-21,59.5125846862793,90.27999877929688,90.9000015258789,90.18000030517578,90.68000030517578,7308000
2016-12-22,59.90150833129883,90.87000274658203,90.9000015258789,90.0199966430664,90.0199966430664,8003100
2016-12-23,59.79603576660156,90.70999908447266,90.95999908447266,90.5199966430664,90.88999938964844,4266500
2016-12-27,59.82240676879883,90.75,91.11000061035156,90.58000183105469,90.83000183105469,4960600
2016-12-28,59.52577590942383,90.30000305175781,91.11000061035156,90.26000213623047,90.68000030517578,6745900
2016-12-29,59.558738708496094,90.3499984741211,90.5999984741211,90.02999877929688,90.0999984741211,6684700
2016-12-30,59.49939727783203,90.26000213623047,90.69999694824219,90.01000213623047,90.02999877929688,9117800
2017-01-03,59.9146842956543,90.88999938964844,91.33999633789062,90.1500015258789,90.94000244140625,10360600
2017-01-04,59.255496978759766,89.88999938964844,91.1500015258789,89.75,91.12000274658203,9434200
2017-01-05,58.37218475341797,88.55000305175781,90.30000305175781,88.44000244140625,90.19000244140625,14443200
2017-01-06,58.33921813964844,88.5,88.9800033569336,87.81999969482422,88.79000091552734,16518100
2017-01-09,57.376773834228516,87.04000091552734,88.22000122070312,86.55000305175781,88.22000122070312,13762300
2017-01-10,56.64507293701172,85.93000030517578,87.30999755859375,85.91000366210938,87.16999816894531,13283100
2017-01-11,57.225162506103516,86.80999755859375,86.94999694824219,85.86000061035156,85.9000015258789,11183700
2017-01-12,56.91532516479492,86.33999633789062,87.37999725341797,86.06999969482422,87.2699966430664,10407000
2017-01-13,56.92192840576172,86.3499984741211,86.68000030517578,86.16999816894531,86.2699966430664,8415600
2017-01-17,57.587730407714844,87.36000061035156,87.38999938964844,86.25,86.58000183105469,13237300
2017-01-18,56.87578201293945,86.27999877929688,87.41000366210938,86.05000305175781,87.05999755859375,11831700
2017-01-19,55.85402297973633,84.7300033569336,86.0999984741211,84.58999633789062,85.97000122070312,16382900
2017-01-20,56.61869430541992,85.88999938964844,85.95999908447266,85.05000305175781,85.44000244140625,18739700
2017-01-23,56.012245178222656,84.97000122070312,85.87999725341797,84.75,85.68000030517578,11433900
2017-01-24,56.09132766723633,85.08999633789062,85.47000122070312,84.83000183105469,84.9800033569336,11858100
2017-01-25,56.25615310668945,85.33999633789062,85.87999725341797,85.25,85.33999633789062,9578500
2017-01-26,56.427513122558594,85.5999984741211,85.83000183105469,85.12000274658203,85.69000244140625,8779400
2017-01-27,56.36819839477539,85.51000213623047,85.75,85.04000091552734,85.30000305175781,10947900
2017-01-30,55.93973922729492,84.86000061035156,85.44999694824219,84.18000030517578,85.41999816894531,12789200
2017-01-31,55.3003044128418,83.88999938964844,85.06999969482422,83.12999725341797,85.04000091552734,19128100
2017-02-01,54.67406463623047,82.94000244140625,84.16000366210938,82.54000091552734,84.0,15111800
2017-02-02,55.01024627685547,83.44999694824219,83.52999877929688,82.55000305175781,83.20999908447266,12200100
2017-02-03,55.069576263427734,83.54000091552734,83.72000122070312,82.9000015258789,83.69999694824219,12746300
2017-02-06,54.91795349121094,83.30999755859375,83.6500015258789,82.93000030517578,83.55000305175781,9938200
2017-02-07,54.561981201171875,82.7699966430664,83.62000274658203,82.44999694824219,83.2300033569336,11705200
2017-02-08,54.20277404785156,81.4800033569336,82.12000274658203,81.16999816894531,81.98999786376953,14006300
2017-02-09,54.4422721862793,81.83999633789062,82.05000305175781,81.4800033569336,81.4800033569336,9603000
2017-02-10,54.89460372924805,82.5199966430664,82.7699966430664,82.12999725341797,82.26000213623047,8739800
2017-02-13,55.21393966674805,83.0,83.18000030517578,82.3499984741211,82.7699966430664,9071600
2017-02-14,55.09417724609375,82.81999969482422,83.0999984741211,82.05999755859375,82.91000366210938,11370500
2017-02-15,55.32037353515625,83.16000366210938,83.18000030517578,82.45999908447266,82.63999938964844,11768500
2017-02-16,54.748268127441406,82.30000305175781,83.41999816894531,82.16999816894531,83.12000274658203,10615000
2017-02-17,54.3890380859375,81.76000213623047,82.19000244140625,81.44000244140625,82.08999633789062,15646000
2017-02-21,54.475521087646484,81.88999938964844,82.1500015258789,81.30000305175781,82.12000274658203,16419600
2017-02-22,53.83689498901367,80.93000030517578,81.69999694824219,80.87000274658203,81.6500015258789,12917400
2017-02-23,54.402339935302734,81.77999877929688,82.22000122070312,81.02999877929688,81.41999816894531,13847000
2017-02-24,53.93669891357422,81.08000183105469,81.80000305175781,80.76000213623047,81.5999984741211,11338700
2017-02-27,54.24267578125,81.54000091552734,81.70999908447266,80.80999755859375,81.12999725341797,13465900
2017-02-28,54.09633255004883,81.31999969482422,81.98999786376953,81.05000305175781,81.52999877929688,16834200
2017-03-01,55.22722625732422,83.0199966430664,83.33000183105469,81.69999694824219,81.69999694824219,17482100
2017-03-02,55.413482666015625,83.30000305175781,84.25,82.79000091552734,82.80000305175781,14170300
2017-03-03,54.85468673706055,82.45999908447266,83.5999984741211,82.26000213623047,83.30000305175781,12190400
2017-03-06,55.10082244873047,82.83000183105469,82.9000015258789,82.33000183105469,82.44000244140625,9617200
2017-03-07,54.89460372924805,82.5199966430664,83.29000091552734,82.13999938964844,83.11000061035156,12711500
2017-03-08,53.903411865234375,81.02999877929688,82.37999725341797,81.01000213623047,82.3499984741211,16817700
2017-03-09,54.32916259765625,81.66999816894531,81.72000122070312,80.30999755859375,80.63999938964844,14721800
2017-03-10,54.28924560546875,81.61000061035156,82.47000122070312,81.16000366210938,82.44000244140625,11355200
2017-03-13,54.16286087036133,81.41999816894531,81.94000244140625,81.05000305175781,81.5,9571400
2017-03-14,53.87682342529297,80.98999786376953,81.2300033569336,80.44000244140625,81.0,11335700
2017-03-15,54.54868698120117,82.0,82.05999755859375,81.05000305175781,81.3499984741211,11970300
2017-03-16,54.59524917602539,82.06999969482422,82.19999694824219,81.66999816894531,82.02999877929688,9923800
2017-03-17,54.54868698120117,82.0,82.26000213623047,81.81999969482422,82.02999877929688,18834100
2017-03-20,54.54868698120117,82.0,82.04000091552734,81.44000244140625,81.72000122070312,7700300
2017-03-21,54.435604095458984,81.83000183105469,82.3499984741211,81.5999984741211,82.16000366210938,13387700
2017-03-22,54.3890380859375,81.76000213623047,82.08999633789062,81.43000030517578,81.95999908447266,11168400
2017-03-23,54.45556640625,81.86000061035156,82.22000122070312,81.45999908447266,81.62999725341797,8928000
2017-03-24,54.036468505859375,81.2300033569336,82.02999877929688,81.1500015258789,82.02999877929688,9128500
2017-03-27,54.04977035522461,81.25,81.43000030517578,80.79000091552734,80.81999969482422,8481200
2017-03-28,54.4422721862793,81.83999633789062,82.0199966430664,80.95999908447266,81.31999969482422,11028600
2017-03-29,54.56200408935547,82.0199966430664,82.27999877929688,81.55000305175781,81.69000244140625,8495500
2017-03-30,55.67959213256836,83.69999694824219,83.87000274658203,81.94000244140625,82.02999877929688,44704900
2017-03-31,54.55534744262695,82.01000213623047,83.30999755859375,81.86000061035156,83.26000213623047,21750400
2017-04-03,54.59524917602539,82.06999969482422,82.30999755859375,81.3499984741211,82.0199966430664,11438700
2017-04-04,54.794822692871094,82.37000274658203,82.41999816894531,81.33000183105469,82.0999984741211,9270900
2017-04-05,54.901248931884766,82.52999877929688,83.55000305175781,82.47000122070312,82.8499984741211,13809100
2017-04-06,55.22056198120117,83.01000213623047,83.20999908447266,82.45999908447266,82.75,9554900
2017-04-07,55.05427169799805,82.76000213623047,83.36000061035156,82.68000030517578,83.23999786376953,8909600
2017-04-10,55.3004035949707,83.12999725341797,83.47000122070312,82.91999816894531,83.12000274658203,8885300
2017-04-11,55.10746765136719,82.83999633789062,83.16999816894531,82.41999816894531,83.08000183105469,8576500
2017-04-12,55.193965911865234,82.97000122070312,83.3499984741211,82.69999694824219,82.86000061035156,9516100
2017-04-13,54.342472076416016,81.69000244140625,82.7300033569336,81.56999969482422,82.72000122070312,8667900
2017-04-17,54.26929473876953,81.58000183105469,81.97000122070312,81.44000244140625,81.8499984741211,9577200
2017-04-18,53.91673278808594,81.05000305175781,81.81999969482422,81.02999877929688,81.31999969482422,8821400
2017-04-19,53.54420471191406,80.48999786376953,81.51000213623047,80.30000305175781,81.16999816894531,10764400
2017-04-20,53.89011764526367,81.01000213623047,81.73999786376953,80.69999694824219,80.94999694824219,11649100
2017-04-21,53.677242279052734,80.69000244140625,81.0,80.47000122070312,80.93000030517578,9816700
2017-04-24,53.956634521484375,81.11000061035156,81.4000015258789,80.80999755859375,81.27999877929688,8729700
2017-04-25,54.369083404541016,81.7300033569336,81.93000030517578,81.27999877929688,81.43000030517578,10733800
2017-04-26,54.14956283569336,81.4000015258789,82.33000183105469,81.38999938964844,81.5199966430664,9445900
2017-04-27,54.056434631347656,81.26000213623047,81.30000305175781,80.94000244140625,81.06999969482422,12385300
2017-04-28,54.31587219238281,81.6500015258789,82.48999786376953,81.55999755859375,82.45999908447266,12072200
2017-05-01,54.588600158691406,82.05999755859375,82.20999908447266,81.4800033569336,81.51000213623047,8664100
2017-05-02,54.58197021484375,82.05000305175781,82.58999633789062,81.9000015258789,82.13999938964844,9102900
2017-05-03,55.014347076416016,82.69999694824219,83.06999969482422,81.91000366210938,81.97000122070312,10289000
2017-05-04,54.309207916259766,81.63999938964844,82.36000061035156,81.4000015258789,82.29000091552734,16164500
2017-05-05,54.56200408935547,82.0199966430664,82.23999786376953,81.61000061035156,81.62999725341797,10213000
2017-05-08,55.140750885009766,82.88999938964844,82.94000244140625,82.0,82.0,8097100
2017-05-09,54.754913330078125,82.30999755859375,83.0,82.16000366210938,82.95999908447266,8647100
2017-05-10,55.00337219238281,81.91000366210938,82.37000274658203,81.6500015258789,82.12000274658203,9520300
2017-05-11,55.47344207763672,82.61000061035156,82.70999908447266,82.0999984741211,82.58999633789062,10047300
2017-05-12,55.433135986328125,82.55000305175781,82.70999908447266,82.25,82.38999938964844,7480200
2017-05-15,55.601016998291016,82.80000305175781,83.18000030517578,82.6500015258789,83.0,10881500
2017-05-16,55.433135986328125,82.55000305175781,83.2300033569336,82.44999694824219,82.9000015258789,9574200
2017-05-17,55.057090759277344,81.98999786376953,83.04000091552734,81.95999908447266,82.55000305175781,11151100
2017-05-18,54.89592742919922,81.75,82.1500015258789,81.41999816894531,81.7699966430664,9905800
2017-05-19,55.016788482666016,81.93000030517578,82.08999633789062,81.69000244140625,82.0,13028500
2017-05-22,55.2585563659668,82.29000091552734,82.33000183105469,81.93000030517578,82.11000061035156,9218700
2017-05-23,55.453304290771484,82.58000183105469,82.88999938964844,82.23999786376953,82.31999969482422,6857200
2017-05-24,55.2585563659668,82.29000091552734,82.54000091552734,82.01000213623047,82.41999816894531,8136000
2017-05-25,54.89592742919922,81.75,82.70999908447266,81.5199966430664,82.33000183105469,12370900
2017-05-26,54.761634826660156,81.55000305175781,81.80000305175781,80.83000183105469,81.61000061035156,8227100
2017-05-30,54.45945358276367,81.0999984741211,81.33999633789062,81.04000091552734,81.27999877929688,8973600
2017-05-31,54.056549072265625,80.5,80.94999694824219,80.47000122070312,80.94000244140625,13572300
2017-06-01,54.19084930419922,80.69999694824219,80.9000015258789,80.19000244140625,80.37000274658203,9884100
2017-06-02,53.38503646850586,79.5,80.68000030517578,79.26000213623047,80.58999633789062,21687300
2017-06-05,53.801368713378906,80.12000274658203,80.38999938964844,79.4000015258789,79.44000244140625,11527100
2017-06-06,54.533302307128906,81.20999908447266,81.31999969482422,80.22000122070312,80.30000305175781,12208600
2017-06-07,54.33188247680664,80.91000366210938,81.4000015258789,80.33999633789062,81.05000305175781,13096500
2017-06-08,54.13711929321289,80.62000274658203,81.08000183105469,80.48999786376953,80.91000366210938,11720700
2017-06-09,55.151123046875,82.12999725341797,82.13999938964844,80.69000244140625,81.1500015258789,13553900
2017-06-12,55.688316345214844,82.93000030517578,83.69000244140625,82.12999725341797,82.12999725341797,18172900
2017-06-13,55.70846176147461,82.95999908447266,83.2699966430664,82.56999969482422,82.8499984741211,12175500
2017-06-14,55.11079788208008,82.06999969482422,82.81999969482422,81.55999755859375,82.80999755859375,13714000
2017-06-15,55.238407135009766,82.26000213623047,82.4000015258789,81.58000183105469,81.77999877929688,11862600
2017-06-16,56.064369201660156,83.48999786376953,83.54000091552734,82.19999694824219,82.61000061035156,39726100
2017-06-19,55.57416915893555,82.76000213623047,83.48999786376953,82.55000305175781,83.48999786376953,10445700
2017-06-20,55.27197265625,82.30999755859375,82.47000122070312,81.41000366210938,82.06999969482422,13232600
2017-06-21,54.687774658203125,81.44000244140625,82.62999725341797,81.13999938964844,82.04000091552734,11422300
2017-06-22,54.4460334777832,81.08000183105469,81.58000183105469,80.9000015258789,81.44999694824219,8139900
2017-06-23,54.801910400390625,81.61000061035156,81.69000244140625,80.76000213623047,80.8499984741211,10611200
2017-06-26,54.553462982177734,81.23999786376953,81.75,80.91000366210938,81.56999969482422,7718700
2017-06-27,54.46616744995117,81.11000061035156,81.7300033569336,81.11000061035156,81.44999694824219,9221600
2017-06-28,54.748207092285156,81.52999877929688,81.76000213623047,81.19000244140625,81.41000366210938,9189700
2017-06-29,54.19084930419922,80.69999694824219,81.83999633789062,80.41000366210938,81.37000274658203,20525100
2017-06-30,54.210975646972656,80.7300033569336,81.23999786376953,80.69999694824219,81.08000183105469,14000600
2017-07-03,55.130943298339844,82.0999984741211,82.48999786376953,80.72000122070312,80.79000091552734,8422300
2017-07-05,54.291568756103516,80.8499984741211,81.68000030517578,80.5199966430664,81.68000030517578,9830800
2017-07-06,53.801368713378906,80.12000274658203,81.08000183105469,80.08999633789062,80.86000061035156,9822400
2017-07-07,53.868526458740234,80.22000122070312,80.5999984741211,79.80999755859375,80.19999694824219,10777800
2017-07-10,53.82823944091797,80.16000366210938,80.41000366210938,79.95999908447266,80.0,6338300
2017-07-11,54.12368392944336,80.5999984741211,80.75,80.04000091552734,80.33000183105469,9681100
2017-07-12,54.365440368652344,80.95999908447266,81.5199966430664,80.75,81.19000244140625,7974000
2017-07-13,54.37215042114258,80.97000122070312,81.08999633789062,80.7300033569336,80.97000122070312,5582300
2017-07-14,54.5803337097168,81.27999877929688,81.41000366210938,80.7699966430664,81.0,7497200
2017-07-17,54.298301696777344,80.86000061035156,81.43000030517578,80.83000183105469,81.0,7914700
2017-07-18,54.12368392944336,80.5999984741211,81.08000183105469,80.41000366210938,81.0199966430664,8046100
2017-07-19,54.291568756103516,80.8499984741211,80.87000274658203,80.2699966430664,80.44000244140625,9393200
2017-07-20,54.298301696777344,80.86000061035156,81.48999786376953,80.75,80.97000122070312,9681000
2017-07-21,53.801368713378906,80.12000274658203,80.83999633789062,80.0,80.6500015258789,12268600
2017-07-24,53.63349151611328,79.87000274658203,80.22000122070312,79.76000213623047,80.05999755859375,9403000
2017-07-25,53.9020881652832,80.2699966430664,81.05000305175781,80.2699966430664,80.7699966430664,11465300
2017-07-26,53.96925735473633,80.37000274658203,80.9000015258789,80.19999694824219,80.58000183105469,10465100
2017-07-27,54.27814483642578,80.83000183105469,80.87999725341797,79.9000015258789,80.23999786376953,11149700
2017-07-28,53.452186584472656,79.5999984741211,79.91999816894531,78.2699966430664,79.6500015258789,22800800
2017-07-31,53.74766159057617,80.04000091552734,80.38999938964844,79.5999984741211,79.83000183105469,12820200
2017-08-01,53.83494186401367,80.16999816894531,80.54000091552734,79.97000122070312,80.16000366210938,10421200
2017-08-02,54.12368392944336,80.5999984741211,80.63999938964844,79.80000305175781,79.9000015258789,10410100
2017-08-03,54.049827575683594,80.48999786376953,80.81999969482422,80.30000305175781,80.33999633789062,10136700
2017-08-04,53.86180114746094,80.20999908447266,80.55999755859375,80.05000305175781,80.44000244140625,8292200
2017-08-07,53.82823944091797,80.16000366210938,80.16999816894531,79.86000061035156,80.16999816894531,7893800
2017-08-08,53.693939208984375,79.95999908447266,80.22000122070312,79.83000183105469,80.0199966430664,9028400
2017-08-09,53.86180114746094,80.20999908447266,80.3499984741211,79.77999877929688,80.25,8087100
2017-08-10,53.54314422607422,78.97000122070312,79.77999877929688,78.91000366210938,79.76000213623047,12580300
2017-08-11,53.02783966064453,78.20999908447266,79.25,78.19999694824219,79.20999908447266,10192400
2017-08-14,53.041412353515625,78.2300033569336,78.79000091552734,78.12000274658203,78.62000274658203,8862500
2017-08-15,52.912574768066406,78.04000091552734,78.25,77.68000030517578,78.12000274658203,10350900
2017-08-16,52.5261116027832,77.47000122070312,78.16999816894531,77.30999755859375,78.04000091552734,9117100
2017-08-17,51.70570755004883,76.26000213623047,77.27999877929688,76.20999908447266,77.26000213623047,13400400
2017-08-18,51.96335220336914,76.63999938964844,77.11000061035156,76.05000305175781,76.18000030517578,14324300
2017-08-21,51.78706359863281,76.37999725341797,76.62000274658203,76.08000183105469,76.47000122070312,10084900
2017-08-22,52.03115463256836,76.73999786376953,77.33000183105469,76.52999877929688,76.55000305175781,9503600
2017-08-23,51.94301986694336,76.61000061035156,77.01000213623047,76.47000122070312,76.69999694824219,7054300
2017-08-24,51.75318145751953,76.33000183105469,76.6500015258789,76.19999694824219,76.5,8678300
2017-08-25,52.0175895690918,76.72000122070312,77.12999725341797,76.43000030517578,76.55999755859375,6844900
2017-08-28,51.84809494018555,76.47000122070312,76.94000244140625,76.26000213623047,76.9000015258789,8229700
2017-08-29,51.83454513549805,76.44999694824219,76.48999786376953,76.08000183105469,76.20999908447266,7060400
2017-08-30,51.59722137451172,76.0999984741211,76.44999694824219,76.05999755859375,76.23999786376953,8218000
2017-08-31,51.75318145751953,76.33000183105469,76.48999786376953,76.05000305175781,76.2699966430664,15641700
2017-09-01,51.915897369384766,76.56999969482422,76.8499984741211,76.31999969482422,76.37000274658203,7361100
2017-09-05,52.32948684692383,77.18000030517578,77.36000061035156,76.61000061035156,76.63999938964844,12784800
2017-09-06,53.4142951965332,78.77999877929688,79.22000122070312,77.58000183105469,77.88999938964844,18574400
2017-09-07,53.58381652832031,79.02999877929688,79.33000183105469,78.61000061035156,79.0199966430664,9836400
2017-09-08,53.44144058227539,78.81999969482422,79.04000091552734,78.62999725341797,79.01000213623047,8436000
2017-09-11,53.73298263549805,79.25,79.41999816894531,78.9000015258789,79.41000366210938,12955800
2017-09-12,53.90248107910156,79.5,79.69000244140625,79.23999786376953,79.4000015258789,7644400
2017-09-13,54.08554458618164,79.7699966430664,79.7699966430664,79.37999725341797,79.5,8369700
2017-09-14,54.30251693725586,80.08999633789062,80.2300033569336,79.7699966430664,79.8499984741211,9072600
2017-09-15,54.28894805908203,80.06999969482422,80.20999908447266,79.55000305175781,80.12000274658203,16043700
2017-09-18,54.30251693725586,80.08999633789062,80.13999938964844,79.69999694824219,79.79000091552734,8594400
2017-09-19,54.390655517578125,80.22000122070312,80.38999938964844,79.98999786376953,80.05999755859375,9277100
2017-09-20,54.614410400390625,80.55000305175781,80.66000366210938,80.26000213623047,80.27999877929688,10606900
2017-09-21,54.16691589355469,79.88999938964844,80.52999877929688,79.76000213623047,80.48999786376953,11984200
2017-09-22,54.187259674072266,79.91999816894531,80.30000305175781,79.66999816894531,79.72000122070312,10205800
2017-09-25,54.90596389770508,80.9800033569336,81.0,79.9800033569336,80.02999877929688,10496600
2017-09-26,54.844932556152344,80.88999938964844,81.0,80.55999755859375,80.70999908447266,8755100
2017-09-27,55.211063385009766,81.43000030517578,81.44999694824219,80.79000091552734,80.88999938964844,9724500
2017-09-28,55.72637176513672,82.19000244140625,82.44999694824219,81.55999755859375,81.62999725341797,15581700
2017-09-29,55.58399200439453,81.9800033569336,82.05999755859375,81.58000183105469,81.94000244140625,9944000
2017-10-02,55.346649169921875,81.62999725341797,81.81999969482422,81.25,81.30000305175781,6777900
2017-10-03,55.43482208251953,81.76000213623047,81.97000122070312,81.30000305175781,81.41000366210938,6082000
2017-10-04,55.45512771606445,81.79000091552734,81.87000274658203,81.44999694824219,81.80000305175781,6357100
2017-10-05,55.61109161376953,82.0199966430664,82.23999786376953,81.58999633789062,81.72000122070312,7375900
2017-10-06,55.40090560913086,81.70999908447266,81.88999938964844,81.36000061035156,81.7699966430664,6070600
2017-10-09,55.617862701416016,82.02999877929688,82.18000030517578,81.76000213623047,81.83999633789062,7489900
2017-10-10,55.77382278442383,82.26000213623047,82.73999786376953,82.08999633789062,82.33999633789062,7218500
2017-10-11,56.00434875488281,82.5999984741211,82.73999786376953,82.13999938964844,82.16000366210938,7023700
2017-10-12,55.88908386230469,82.43000030517578,82.5,82.16999816894531,82.30999755859375,6647500
2017-10-13,55.87551498413086,82.41000366210938,83.08000183105469,82.36000061035156,82.7300033569336,7180000
2017-10-16,56.146732330322266,82.80999755859375,82.94999694824219,82.54000091552734,82.69999694824219,5734000
2017-10-17,56.24842834472656,82.95999908447266,82.97000122070312,82.54000091552734,82.62999725341797,6444100
2017-10-18,56.11282730102539,82.76000213623047,83.38999938964844,82.54000091552734,82.95999908447266,6367100
2017-10-19,56.099246978759766,82.73999786376953,83.05000305175781,82.33000183105469,82.3499984741211,7945500
2017-10-20,56.35013961791992,83.11000061035156,83.12999725341797,82.62000274658203,82.8499984741211,9574100
2017-10-23,56.43827819824219,83.23999786376953,83.76000213623047,83.04000091552734,83.1500015258789,9829900
2017-10-24,56.594215393066406,83.47000122070312,83.80999755859375,83.30999755859375,83.55000305175781,7551200
2017-10-25,56.390811920166016,83.16999816894531,83.7300033569336,82.94999694824219,83.44999694824219,9153300
2017-10-26,56.594215393066406,83.47000122070312,83.6500015258789,83.11000061035156,83.37000274658203,9154500
2017-10-27,56.75695037841797,83.70999908447266,84.23999786376953,82.01000213623047,83.0,14866200
2017-10-30,56.64168930053711,83.54000091552734,83.94999694824219,83.41000366210938,83.70999908447266,7811100
2017-10-31,56.512874603271484,83.3499984741211,83.68000030517578,83.16999816894531,83.6500015258789,9754200
2017-11-01,56.86543655395508,83.87000274658203,83.94000244140625,83.26000213623047,83.38999938964844,9430000
2017-11-02,56.634910583496094,83.52999877929688,83.70999908447266,82.91000366210938,83.5999984741211,7775500
2017-11-03,56.39759063720703,83.18000030517578,83.63999938964844,83.16000366210938,83.41999816894531,6903500
2017-11-06,56.78404235839844,83.75,83.87000274658203,83.05999755859375,83.30000305175781,9276700
2017-11-07,56.6688117980957,83.58000183105469,83.81999969482422,83.02999877929688,83.73999786376953,8471800
2017-11-08,56.594215393066406,83.47000122070312,83.5,82.86000061035156,83.36000061035156,8691600
2017-11-09,56.933231353759766,83.97000122070312,84.13999938964844,83.08000183105469,83.30000305175781,10528800
2017-11-10,56.755332946777344,82.94000244140625,83.08000183105469,82.41999816894531,83.01000213623047,8693700
2017-11-13,56.72110366821289,82.88999938964844,83.08999633789062,82.5999984741211,82.6500015258789,6720400
2017-11-14,56.27630615234375,82.23999786376953,82.75,82.08999633789062,82.41999816894531,9251700
2017-11-15,55.57149887084961,81.20999908447266,82.08999633789062,81.1500015258789,81.75,9663600
2017-11-16,55.12670135498047,80.55999755859375,80.8499984741211,80.1500015258789,80.44000244140625,10527200
2017-11-17,54.907711029052734,80.23999786376953,80.66000366210938,80.16000366210938,80.31999969482422,9536400
2017-11-20,55.11985778808594,80.55000305175781,80.63999938964844,80.01000213623047,80.2300033569336,8468600
2017-11-21,55.338836669921875,80.87000274658203,81.25,80.63999938964844,80.69000244140625,8838400
2017-11-22,55.49623489379883,81.0999984741211,81.41000366210938,81.05000305175781,81.16000366210938,7941600
2017-11-24,55.71519088745117,81.41999816894531,81.69999694824219,81.22000122070312,81.44000244140625,3851300
2017-11-27,55.5030632019043,81.11000061035156,81.4000015258789,81.0199966430664,81.31999969482422,9127500
2017-11-28,55.886268615722656,81.66999816894531,82.0,81.30999755859375,81.41000366210938,9794600
2017-11-29,56.29684829711914,82.2699966430664,82.30999755859375,81.4800033569336,81.6500015258789,9725000
2017-11-30,56.99480056762695,83.29000091552734,83.4000015258789,82.41000366210938,82.44999694824219,18592700
2017-12-01,57.11115646362305,83.45999908447266,84.12999725341797,82.41000366210938,83.44000244140625,13779300
2017-12-04,57.18641662597656,83.56999969482422,84.18000030517578,83.0,83.20999908447266,12597700
2017-12-05,56.72110366821289,82.88999938964844,83.7699966430664,82.70999908447266,83.41000366210938,9357200
2017-12-06,56.30367660522461,82.27999877929688,83.19999694824219,82.20999908447266,82.8499984741211,13398900
2017-12-07,56.48844528198242,82.55000305175781,82.62000274658203,82.16999816894531,82.4000015258789,11359600
2017-12-08,56.56370544433594,82.66000366210938,82.9000015258789,82.26000213623047,82.48999786376953,11988600
2017-12-11,56.81690216064453,83.02999877929688,83.25,82.73999786376953,83.04000091552734,8760700
2017-12-12,56.63214111328125,82.76000213623047,83.37999725341797,82.69999694824219,82.88999938964844,11307000
2017-12-13,56.878482818603516,83.12000274658203,83.30000305175781,82.4800033569336,82.61000061035156,10172700
2017-12-14,56.72795104980469,82.9000015258789,83.33000183105469,82.88999938964844,83.02999877929688,9492400
2017-12-15,56.81690216064453,83.02999877929688,83.27999877929688,82.87000274658203,83.16000366210938,26582300
2017-12-18,56.755332946777344,82.94000244140625,83.66999816894531,82.91000366210938,83.18000030517578,9363500
2017-12-19,56.413177490234375,82.44000244140625,83.16999816894531,82.33000183105469,83.02999877929688,10285100
2017-12-20,56.70741653442383,82.87000274658203,83.13999938964844,82.5199966430664,82.5999984741211,10620300
2017-12-21,57.378021240234375,83.8499984741211,84.2699966430664,82.95999908447266,83.3499984741211,13578100
2017-12-22,57.46013641357422,83.97000122070312,84.0199966430664,83.5999984741211,83.87999725341797,10161400
2017-12-26,57.46699523925781,83.9800033569336,84.36000061035156,83.9000015258789,83.95999908447266,4777200
2017-12-27,57.412235260009766,83.9000015258789,84.0999984741211,83.73999786376953,83.98999786376953,7000600
2017-12-28,57.49434280395508,84.0199966430664,84.05000305175781,83.80000305175781,83.9800033569336,7495300
2017-12-29,57.23431396484375,83.63999938964844,84.19999694824219,83.63999938964844,84.0,8523400
2018-01-02,58.18547821044922,85.02999877929688,85.19999694824219,83.66000366210938,83.81999969482422,11469300
2018-01-03,59.3282585144043,86.69999694824219,86.97000122070312,84.81999969482422,85.16000366210938,13957700
2018-01-04,59.4103889465332,86.81999969482422,87.22000122070312,86.43000030517578,86.79000091552734,10863000
2018-01-05,59.362464904785156,86.75,86.87999725341797,85.70999908447266,86.75,11047600
2018-01-08,59.62934875488281,87.13999938964844,87.1500015258789,86.5999984741211,86.69999694824219,10927100
2018-01-09,59.37616729736328,86.7699966430664,87.1500015258789,86.6500015258789,86.94000244140625,8131600
2018-01-10,58.90398406982422,86.08000183105469,87.19000244140625,85.9800033569336,87.0,10822300
2018-01-11,59.48563766479492,86.93000030517578,87.37000274658203,85.93000030517578,86.36000061035156,14366000
2018-01-12,59.889373779296875,87.5199966430664,87.98999786376953,87.18000030517578,87.19999694824219,9834500
2018-01-16,59.513038635253906,86.97000122070312,87.76000213623047,86.5999984741211,87.73999786376953,10882800
2018-01-17,60.21784591674805,88.0,88.20999908447266,86.93000030517578,87.19999694824219,10546000
2018-01-18,59.82780075073242,87.43000030517578,88.19000244140625,87.33999633789062,87.7699966430664,9223700
2018-01-19,59.63620376586914,87.1500015258789,87.76000213623047,86.61000061035156,87.56999969482422,13090000
2018-01-22,60.38889694213867,88.25,88.29000091552734,87.05000305175781,87.16999816894531,10270400
2018-01-23,60.42312240600586,88.30000305175781,88.45999908447266,87.73999786376953,88.25,10281800
2018-01-24,60.58053207397461,88.52999877929688,88.91999816894531,88.01000213623047,88.48999786376953,10316100
2018-01-25,60.47105407714844,88.37000274658203,88.87000274658203,88.19999694824219,88.55000305175781,11271900
2018-01-26,60.90214157104492,89.0,89.0,88.47000122070312,88.63999938964844,10514400
2018-01-29,60.22468948364258,88.01000213623047,89.30000305175781,87.94999694824219,88.58999633789062,9315700
2018-01-30,59.38300704956055,86.77999877929688,88.37999725341797,86.77999877929688,87.54000091552734,12408000
2018-01-31,59.738853454589844,87.30000305175781,87.47000122070312,86.33000183105469,86.55999755859375,14404700
2018-02-01,60.95003128051758,89.06999969482422,89.25,87.3499984741211,87.5,17971000
2018-02-02,57.84334182739258,84.52999877929688,86.01000213623047,83.0,85.12999725341797,29822100
2018-02-05,54.55189514160156,79.72000122070312,83.98999786376953,78.12999725341797,83.27999877929688,30452700
2018-02-06,53.6143913269043,78.3499984741211,80.3499984741211,76.9000015258789,78.51000213623047,36262800
2018-02-07,52.64955520629883,76.94000244140625,79.41000366210938,76.91999816894531,78.44000244140625,21994500
2018-02-08,52.05422592163086,76.06999969482422,77.58000183105469,76.02999877929688,77.44000244140625,25650800
2018-02-09,52.38603973388672,75.77999877929688,76.4800033569336,73.9000015258789,76.25,29491600
2018-02-12,52.82845687866211,76.41999816894531,77.62000274658203,75.83999633789062,77.05000305175781,19340400
2018-02-13,52.74550247192383,76.30000305175781,76.75,75.7300033569336,76.0999984741211,11926600
2018-02-14,52.856117248535156,76.45999908447266,76.66000366210938,75.16999816894531,75.79000091552734,17188400
2018-02-15,52.68330383300781,76.20999908447266,76.69999694824219,75.44999694824219,76.62000274658203,14432400
2018-02-16,52.911407470703125,76.54000091552734,77.12000274658203,75.8499984741211,76.1500015258789,13722400
2018-02-20,52.36528778076172,75.75,77.47000122070312,75.45999908447266,76.47000122070312,13387300
2018-02-21,51.77078628540039,74.88999938964844,76.44000244140625,74.87000274658203,75.81999969482422,11715000
2018-02-22,52.441341400146484,75.86000061035156,76.83999633789062,75.19000244140625,75.30000305175781,14020200
2018-02-23,53.595802307128906,77.52999877929688,77.62000274658203,75.94999694824219,76.08999633789062,13378800
2018-02-26,54.501373291015625,78.83999633789062,78.93000030517578,77.55999755859375,77.73999786376953,16940400
2018-02-27,53.575069427490234,77.5,79.87000274658203,77.5,79.0,14629500
2018-02-28,52.358375549316406,75.73999786376953,78.25,75.69999694824219,78.16000366210938,17087800
2018-03-01,51.985076904296875,75.19999694824219,76.68000030517578,74.86000061035156,75.52999877929688,15696700
2018-03-02,52.22704315185547,75.55000305175781,75.87000274658203,74.4800033569336,74.88999938964844,15630300
2018-03-05,52.724761962890625,76.2699966430664,76.55999755859375,75.12000274658203,75.2300033569336,14891000
2018-03-06,52.66256332397461,76.18000030517578,76.9800033569336,75.86000061035156,76.66999816894531,10754300
2018-03-07,51.33528137207031,74.26000213623047,75.23999786376953,73.55999755859375,75.0,27255500
2018-03-08,51.238487243652344,74.12000274658203,74.7699966430664,73.69000244140625,74.5,19299800
2018-03-09,51.54265594482422,74.55999755859375,75.05999755859375,74.20999908447266,74.81999969482422,19714100
2018-03-12,52.01275634765625,75.23999786376953,75.58000183105469,74.69000244140625,74.87000274658203,14226700
2018-03-13,51.52191162109375,74.52999877929688,75.81999969482422,74.25,75.33000183105469,13739700
2018-03-14,50.8790168762207,73.5999984741211,74.79000091552734,73.52999877929688,74.63999938964844,14820700
2018-03-15,51.44586944580078,74.41999816894531,75.0,74.0999984741211,74.3499984741211,15640600
2018-03-16,51.929771423339844,75.12000274658203,75.12000274658203,74.36000061035156,74.36000061035156,32109700
2018-03-19,51.25922775268555,74.1500015258789,75.01000213623047,73.86000061035156,75.0,12744800
2018-03-20,51.148624420166016,73.98999786376953,74.69999694824219,73.94999694824219,74.22000122070312,13003200
2018-03-21,51.87447738647461,75.04000091552734,75.63999938964844,73.9800033569336,74.2300033569336,15418500
2018-03-22,50.80989456176758,73.5,74.69999694824219,73.38999938964844,74.41999816894531,17737000
2018-03-23,50.388214111328125,72.88999938964844,74.20999908447266,72.66999816894531,73.80999755859375,20157300
2018-03-26,51.155548095703125,74.0,74.1500015258789,72.75,73.6500015258789,15032700
2018-03-27,50.94814682006836,73.69999694824219,74.88999938964844,73.27999877929688,74.0,15821900
2018-03-28,50.33290481567383,72.80999755859375,74.01000213623047,72.77999877929688,73.73999786376953,18163900
2018-03-29,51.57722854614258,74.61000061035156,74.88999938964844,73.26000213623047,73.33000183105469,14882900
2018-04-02,50.616336822509766,73.22000122070312,74.4000015258789,72.16000366210938,74.2699966430664,17891100
2018-04-03,51.86064910888672,75.0199966430664,75.13999938964844,73.0999984741211,73.44999694824219,15999200
2018-04-04,51.75697326660156,74.87000274658203,75.05999755859375,73.44000244140625,74.05000305175781,13122200
2018-04-05,52.55193328857422,76.0199966430664,76.31999969482422,75.0199966430664,75.05999755859375,14200000
2018-04-06,51.75697326660156,74.87000274658203,76.12000274658203,74.22000122070312,75.63999938964844,14299600
2018-04-09,51.75697326660156,74.87000274658203,75.79000091552734,74.80000305175781,75.22000122070312,11103100
2018-04-10,53.27778244018555,77.06999969482422,77.7699966430664,76.05999755859375,76.08000183105469,19006100
2018-04-11,53.52665710449219,77.43000030517578,78.04000091552734,76.75,77.11000061035156,13734000
2018-04-12,53.381507873535156,77.22000122070312,78.13999938964844,77.01000213623047,77.86000061035156,13270400
2018-04-13,53.81010055541992,77.83999633789062,78.19000244140625,77.5999984741211,77.80000305175781,10925000
2018-04-16,54.294002532958984,78.54000091552734,79.08000183105469,77.70999908447266,78.12000274658203,10743600
2018-04-17,54.14883804321289,78.33000183105469,78.76000213623047,78.04000091552734,78.54000091552734,10478100
2018-04-18,54.76405715942383,79.22000122070312,79.76000213623047,78.94000244140625,79.04000091552734,12061400
2018-04-19,54.90235137939453,79.41999816894531,79.81999969482422,78.80999755859375,79.31999969482422,11291500
2018-04-20,54.612003326416016,79.0,79.4000015258789,78.33000183105469,79.31999969482422,12072200
2018-04-23,55.00602722167969,79.56999969482422,79.5999984741211,78.75,78.91999816894531,11729800
2018-04-24,54.16267013549805,78.3499984741211,79.93000030517578,77.97000122070312,79.80000305175781,14102000
2018-04-25,54.957637786865234,79.5,79.62000274658203,77.48999786376953,78.19999694824219,13867500
2018-04-26,55.897804260253906,80.86000061035156,80.9000015258789,79.52999877929688,79.5999984741211,14554400
2018-04-27,53.775535583496094,77.79000091552734,78.6500015258789,76.4800033569336,76.94999694824219,16346800
2018-04-30,53.74789047241211,77.75,78.55999755859375,77.73999786376953,77.91000366210938,15028800
2018-05-01,53.194847106933594,76.94999694824219,77.26000213623047,75.9800033569336,77.26000213623047,16231000
2018-05-02,53.091148376464844,76.80000305175781,77.2300033569336,76.30000305175781,76.44999694824219,13883700
2018-05-03,52.911407470703125,76.54000091552734,76.61000061035156,75.4000015258789,76.38999938964844,12243100
2018-05-04,53.1602783203125,76.9000015258789,77.22000122070312,75.94000244140625,76.12999725341797,9887200
2018-05-07,53.74097442626953,77.73999786376953,79.08000183105469,77.4000015258789,77.73999786376953,15071500
2018-05-08,53.98291015625,78.08999633789062,78.16000366210938,76.37000274658203,77.80000305175781,17430400
2018-05-09,55.25489807128906,79.93000030517578,80.23999786376953,78.94999694824219,78.9800033569336,17142100
2018-05-10,56.492305755615234,81.72000122070312,81.79000091552734,80.5,80.63999938964844,17710300
2018-05-11,56.75766372680664,81.27999877929688,81.97000122070312,80.91000366210938,81.18000030517578,14751000
2018-05-14,57.141727447509766,81.83000183105469,82.31999969482422,81.61000061035156,81.69999694824219,11852100
2018-05-15,57.11378479003906,81.79000091552734,82.02999877929688,81.4000015258789,81.8499984741211,12595700
2018-05-16,57.27440643310547,82.0199966430664,82.05000305175781,81.16999816894531,81.76000213623047,9570000
2018-05-17,57.17662811279297,81.87999725341797,82.27999877929688,81.44000244140625,82.19999694824219,11224100
2018-05-18,56.77164077758789,81.30000305175781,81.80000305175781,81.26000213623047,81.55000305175781,10030900
2018-05-21,57.455936431884766,82.27999877929688,82.3499984741211,81.5199966430664,81.7300033569336,8822400
2018-05-22,57.00904846191406,81.63999938964844,82.6500015258789,81.3499984741211,82.44000244140625,10753400
2018-05-23,57.36518096923828,82.1500015258789,82.2300033569336,80.56999969482422,80.94999694824219,15140900
2018-05-24,56.05237579345703,80.2699966430664,81.36000061035156,79.94999694824219,81.3499984741211,13360500
2018-05-25,54.96303939819336,78.70999908447266,79.33000183105469,78.08999633789062,79.27999877929688,14562000
2018-05-29,54.760520935058594,78.41999816894531,78.7300033569336,77.52999877929688,78.1500015258789,14644800
2018-05-30,56.911285400390625,81.5,81.66000366210938,79.22000122070312,79.25,16627500
2018-05-31,56.729740142822266,81.23999786376953,81.55000305175781,80.69000244140625,80.80999755859375,15803100
2018-06-01,57.141727447509766,81.83000183105469,82.3499984741211,81.55000305175781,81.87000274658203,9906100
2018-06-04,56.54118728637695,80.97000122070312,82.52999877929688,80.80999755859375,82.05000305175781,10954700
2018-06-05,56.33867645263672,80.68000030517578,81.6500015258789,80.41000366210938,80.58999633789062,12059300
2018-06-06,57.30233383178711,82.05999755859375,82.08999633789062,80.87000274658203,81.4800033569336,11603300
2018-06-07,57.87495040893555,82.87999725341797,83.29000091552734,82.55999755859375,82.7300033569336,13502500
2018-06-08,58.37770080566406,83.5999984741211,83.66000366210938,82.5,83.11000061035156,14350400
2018-06-11,58.028564453125,83.0999984741211,83.79000091552734,82.93000030517578,83.72000122070312,10831600
2018-06-12,57.55370330810547,82.41999816894531,83.75,82.31999969482422,83.11000061035156,12351800
2018-06-13,56.91828155517578,81.51000213623047,82.5999984741211,81.47000122070312,82.44000244140625,12049300
2018-06-14,57.183616638183594,81.88999938964844,82.30000305175781,81.5,81.94000244140625,11477300
2018-06-15,56.32472229003906,80.66000366210938,81.81999969482422,80.51000213623047,81.72000122070312,23797500
2018-06-18,56.43644332885742,80.81999969482422,81.37999725341797,80.30000305175781,80.4000015258789,9192600
2018-06-19,56.35262680053711,80.69999694824219,80.95999908447266,79.70999908447266,79.88999938964844,8759700
2018-06-20,56.17807388305664,80.44999694824219,81.12999725341797,80.2699966430664,80.8499984741211,8917700
2018-06-21,55.647377014160156,79.69000244140625,80.37999725341797,79.33000183105469,80.0199966430664,10990700
2018-06-22,56.827484130859375,81.37999725341797,81.94000244140625,80.91999816894531,81.16000366210938,16012200
2018-06-25,55.682273864746094,79.73999786376953,81.23999786376953,79.30000305175781,80.77999877929688,10557200
2018-06-26,56.31074523925781,80.63999938964844,81.01000213623047,79.97000122070312,80.1500015258789,10382800
2018-06-27,57.05793762207031,81.70999908447266,82.4800033569336,81.05999755859375,81.05999755859375,12725900
2018-06-28,57.239471435546875,81.97000122070312,82.06999969482422,81.02999877929688,81.7300033569336,9390700
2018-06-29,57.77018737792969,82.7300033569336,83.54000091552734,82.29000091552734,82.44999694824219,17323200
2018-07-02,57.09284591674805,81.76000213623047,82.12999725341797,81.31999969482422,81.88999938964844,9998300
2018-07-03,57.42802429199219,82.23999786376953,83.44999694824219,82.08000183105469,82.58000183105469,7197300
2018-07-05,57.476890563964844,82.30999755859375,82.7699966430664,82.05000305175781,82.58999633789062,9035700
2018-07-06,57.490901947021484,82.33000183105469,82.69999694824219,81.66000366210938,81.95999908447266,7637100
2018-07-09,57.88890838623047,82.9000015258789,83.12999725341797,82.55999755859375,82.80999755859375,7158600
2018-07-10,58.41959762573242,83.66000366210938,84.12000274658203,83.51000213623047,83.69999694824219,8806200
2018-07-11,57.67244338989258,82.58999633789062,83.52999877929688,82.02999877929688,83.02999877929688,10405300
2018-07-12,57.74226379394531,82.69000244140625,83.23999786376953,82.30999755859375,83.01000213623047,9762200
2018-07-13,58.17521286010742,83.30999755859375,83.75,82.55999755859375,82.68000030517578,8720000
2018-07-16,57.60260009765625,82.48999786376953,82.79000091552734,82.0,82.5199966430664,8306900
2018-07-17,57.476890563964844,82.30999755859375,82.75,82.04000091552734,82.26000213623047,7373300
2018-07-18,57.414039611816406,82.22000122070312,82.31999969482422,81.48999786376953,81.80000305175781,8711900
2018-07-19,57.26742172241211,82.01000213623047,82.62000274658203,81.72000122070312,82.19999694824219,8659100
2018-07-20,56.84144592285156,81.4000015258789,81.93000030517578,81.25,81.72000122070312,9196300
2018-07-23,56.84144592285156,81.4000015258789,82.0,81.18000030517578,81.94999694824219,8425900
2018-07-24,57.96571350097656,83.01000213623047,83.0199966430664,81.4800033569336,81.5199966430664,11121000
2018-07-25,58.3707389831543,83.58999633789062,83.73999786376953,82.51000213623047,83.01000213623047,9523600
2018-07-26,58.824607849121094,84.23999786376953,84.4000015258789,83.37000274658203,83.83000183105469,13210100
2018-07-27,57.20458984375,81.91999816894531,82.37999725341797,80.80999755859375,80.97000122070312,18220800
2018-07-30,57.07887649536133,81.73999786376953,82.12999725341797,80.70999908447266,82.12999725341797,11282800
2018-07-31,56.91828155517578,81.51000213623047,82.1500015258789,81.44000244140625,81.63999938964844,11716800
2018-08-01,56.13618087768555,80.38999938964844,80.93000030517578,80.22000122070312,80.88999938964844,8936300
2018-08-02,55.80099868774414,79.91000366210938,80.26000213623047,79.44999694824219,79.88999938964844,8364300
2018-08-03,56.00347900390625,80.19999694824219,80.30000305175781,79.62999725341797,79.97000122070312,7811100
2018-08-06,55.989540100097656,80.18000030517578,80.43000030517578,79.73999786376953,80.25,10041800
2018-08-07,56.750667572021484,81.2699966430664,81.58999633789062,80.30999755859375,80.91000366210938,10698100
2018-08-08,56.37359619140625,80.7300033569336,81.2300033569336,80.3499984741211,81.0199966430664,7275000
2018-08-09,56.0872802734375,80.31999969482422,80.91000366210938,80.11000061035156,80.7300033569336,9828500
2018-08-10,56.03086471557617,79.41999816894531,79.5199966430664,78.86000061035156,79.51000213623047,12954300
2018-08-13,55.42411422729492,78.55999755859375,79.75,78.43000030517578,79.44999694824219,10308500
2018-08-14,55.24776077270508,78.30999755859375,79.06999969482422,78.08000183105469,78.98999786376953,8005900
2018-08-15,54.28121566772461,76.94000244140625,77.9000015258789,76.51000213623047,77.77999877929688,16307800
2018-08-16,55.029029846191406,78.0,78.0999984741211,77.19999694824219,77.27999877929688,11519900
2018-08-17,55.21247482299805,78.26000213623047,78.48999786376953,77.80000305175781,78.33999633789062,10178400
2018-08-20,55.60049819946289,78.80999755859375,79.0,78.16999816894531,78.26000213623047,8152100
2018-08-21,55.61461639404297,78.83000183105469,79.58000183105469,78.66999816894531,79.05000305175781,9192200
2018-08-22,56.41181945800781,79.95999908447266,80.05000305175781,79.0199966430664,79.11000061035156,10098200
2018-08-23,55.79096984863281,79.08000183105469,79.62999725341797,78.9000015258789,79.55999755859375,7203900
2018-08-24,56.17196273803711,79.62000274658203,80.05000305175781,79.41999816894531,79.5199966430664,6545200
2018-08-27,56.72224807739258,80.4000015258789,80.47000122070312,79.86000061035156,79.91000366210938,6671900
2018-08-28,56.637569427490234,80.27999877929688,80.81999969482422,80.19999694824219,80.58000183105469,8823400
2018-08-29,57.046783447265625,80.86000061035156,81.04000091552734,80.0999984741211,80.44000244140625,8004800
2018-08-30,56.799835205078125,80.51000213623047,80.77999877929688,80.12000274658203,80.44999694824219,7450900
2018-08-31,56.559967041015625,80.16999816894531,80.45999908447266,79.7699966430664,80.23999786376953,10700000
2018-09-04,56.644630432128906,80.29000091552734,80.69000244140625,79.80999755859375,80.41000366210938,8855000
2018-09-05,57.39951705932617,81.36000061035156,81.43000030517578,79.5999984741211,79.9000015258789,13878400
2018-09-06,56.76458740234375,80.45999908447266,81.63999938964844,80.33999633789062,81.11000061035156,13320600
2018-09-07,57.73111343383789,81.83000183105469,81.93000030517578,79.81999969482422,80.1500015258789,16417800
2018-09-10,57.64645767211914,81.70999908447266,82.73999786376953,81.66000366210938,82.23999786376953,10817900
2018-09-11,58.45778274536133,82.86000061035156,83.19000244140625,81.62999725341797,81.95999908447266,11891900
2018-09-12,58.64825439453125,83.12999725341797,83.77999877929688,82.87000274658203,83.25,11556300
2018-09-13,58.07679748535156,82.31999969482422,83.25,82.01000213623047,83.1500015258789,11162700
2018-09-14,58.50010299682617,82.91999816894531,83.1500015258789,82.2699966430664,82.41999816894531,9442600
2018-09-17,58.8458137512207,83.41000366210938,83.61000061035156,82.98999786376953,83.0,8403300
2018-09-18,59.00100326538086,83.62999725341797,84.12999725341797,83.44999694824219,83.9000015258789,9219900
2018-09-19,59.70650863647461,84.62999725341797,84.7699966430664,83.63999938964844,83.63999938964844,10413600
2018-09-20,59.840553283691406,84.81999969482422,85.33999633789062,84.54000091552734,84.86000061035156,11198200
2018-09-21,60.087467193603516,85.16999816894531,85.43000030517578,84.5199966430664,85.01000213623047,26639400
2018-09-24,61.09633255004883,86.5999984741211,87.08999633789062,85.72000122070312,85.79000091552734,13549500
2018-09-25,61.025794982910156,86.5,87.36000061035156,86.37000274658203,87.02999877929688,12200700
2018-09-26,60.51782989501953,85.77999877929688,86.5,85.69000244140625,86.0199966430664,10275500
2018-09-27,60.510799407958984,85.7699966430664,86.37999725341797,85.58999633789062,86.08999633789062,7895400
2018-09-28,59.98165512084961,85.0199966430664,85.93000030517578,84.98999786376953,85.25,9884900
2018-10-01,60.539005279541016,85.80999755859375,86.02999877929688,85.26000213623047,85.3499984741211,8566900
2018-10-02,60.99758529663086,86.45999908447266,86.66999816894531,85.62000274658203,85.80000305175781,8453100
2018-10-03,60.77886199951172,86.1500015258789,86.88999938964844,85.9800033569336,86.51000213623047,10206700
2018-10-04,60.37673568725586,85.58000183105469,86.08000183105469,85.25,85.5,10204600
2018-10-05,60.207401275634766,85.33999633789062,85.69999694824219,84.93000030517578,85.30999755859375,9217400
2018-10-08,60.7647590637207,86.12999725341797,86.30999755859375,84.6500015258789,84.79000091552734,13242400
2018-10-09,61.0328483581543,86.51000213623047,86.87999725341797,85.73999786376953,86.37999725341797,10177900
2018-10-10,59.62889862060547,84.5199966430664,86.81999969482422,84.5,86.7300033569336,16573400
2018-10-11,57.568851470947266,81.5999984741211,84.16999816894531,81.16999816894531,83.94000244140625,20320100
2018-10-12,57.41361999511719,81.37999725341797,82.23999786376953,80.2699966430664,82.12999725341797,15216300
2018-10-15,57.0185546875,80.81999969482422,81.73999786376953,80.81999969482422,81.37999725341797,10558800
2018-10-16,57.286643981933594,81.19999694824219,81.2699966430664,80.01000213623047,80.51000213623047,9781800
2018-10-17,57.49829864501953,81.5,81.5199966430664,80.33999633789062,80.94000244140625,12247700
2018-10-18,57.74522018432617,81.8499984741211,82.47000122070312,81.19999694824219,81.19999694824219,17448600
2018-10-19,57.82986831665039,81.97000122070312,82.45999908447266,81.51000213623047,81.66000366210938,12098700
2018-10-22,57.251373291015625,81.1500015258789,82.18000030517578,80.63999938964844,82.0,9474100
2018-10-23,56.32715606689453,79.83999633789062,80.45999908447266,78.72000122070312,80.05999755859375,15465100
2018-10-24,54.760955810546875,77.62000274658203,80.26000213623047,77.55000305175781,80.12999725341797,16085700
2018-10-25,55.24776077270508,78.30999755859375,79.05000305175781,77.73999786376953,78.48999786376953,12315500
2018-10-26,54.69746017456055,77.52999877929688,78.41000366210938,76.95999908447266,77.87000274658203,18160100
2018-10-29,54.35883712768555,77.05000305175781,78.43000030517578,76.22000122070312,78.06999969482422,15707000
2018-10-30,55.57933807373047,78.77999877929688,79.02999877929688,77.41999816894531,77.62000274658203,17758200
2018-10-31,56.214290618896484,79.68000030517578,80.3499984741211,78.9000015258789,79.33999633789062,16629100
2018-11-01,56.91272735595703,80.66999816894531,80.75,79.30000305175781,79.83000183105469,14159300
2018-11-02,57.815757751464844,81.94999694824219,82.44999694824219,80.2300033569336,81.76000213623047,19350400
2018-11-05,57.597068786621094,81.63999938964844,82.87000274658203,81.44000244140625,82.5,15815000
2018-11-06,57.843971252441406,81.98999786376953,82.0999984741211,81.3499984741211,81.73999786376953,9063200
2018-11-07,58.57770919799805,83.02999877929688,83.13999938964844,81.66000366210938,82.20999908447266,12699800
2018-11-08,57.64645767211914,81.70999908447266,83.75,81.54000091552734,83.12999725341797,16865500
2018-11-09,57.632205963134766,80.87000274658203,81.4000015258789,79.69000244140625,80.26000213623047,15070100
2018-11-12,56.89104080200195,79.83000183105469,81.7300033569336,79.7300033569336,81.66000366210938,11906600
2018-11-13,55.58687973022461,78.0,79.8499984741211,77.63999938964844,79.80000305175781,15530200
2018-11-14,55.15216064453125,77.38999938964844,79.08999633789062,76.75,78.86000061035156,18552100
2018-11-15,55.722286224365234,78.19000244140625,78.19000244140625,75.91000366210938,76.66999816894531,18976000
2018-11-16,56.27102279663086,78.95999908447266,79.19000244140625,78.0999984741211,78.37000274658203,13704900
2018-11-19,56.45631408691406,79.22000122070312,79.36000061035156,78.43000030517578,78.45999908447266,9430800
2018-11-20,54.85285186767578,76.97000122070312,78.9000015258789,76.37000274658203,78.41999816894531,15533700
2018-11-21,55.273311614990234,77.55999755859375,78.37999725341797,77.26000213623047,77.43000030517578,9685300
2018-11-23,53.798126220703125,75.48999786376953,76.19999694824219,74.69999694824219,76.05000305175781,10875400
2018-11-26,54.859989166259766,76.9800033569336,77.31999969482422,76.12000274658203,76.23999786376953,13741100
2018-11-27,54.90987777709961,77.05000305175781,77.44999694824219,76.4000015258789,76.56999969482422,10344500
2018-11-28,55.90757751464844,78.44999694824219,78.44999694824219,76.83999633789062,77.04000091552734,11482100
2018-11-29,56.3422966003418,79.05999755859375,79.52999877929688,78.19000244140625,78.22000122070312,10255200
2018-11-30,56.65587615966797,79.5,79.5999984741211,78.31999969482422,78.44999694824219,14040100
2018-12-03,57.881622314453125,81.22000122070312,81.45999908447266,80.13999938964844,80.23999786376953,19415100
2018-12-04,56.6059684753418,79.43000030517578,81.94999694824219,79.3499984741211,81.37999725341797,18540700
2018-12-06,55.86481857299805,78.38999938964844,78.44000244140625,76.91999816894531,78.0,23218100
2018-12-07,55.3303337097168,77.63999938964844,80.36000061035156,77.33000183105469,79.38999938964844,16224700
2018-12-10,54.5463981628418,76.54000091552734,77.86000061035156,74.80000305175781,77.86000061035156,17946200
2018-12-11,54.64618682861328,76.68000030517578,77.80000305175781,75.68000030517578,77.69999694824219,15742400
2018-12-12,54.17582321166992,76.0199966430664,78.19999694824219,76.0199966430664,78.04000091552734,14559800
2018-12-13,54.859989166259766,76.9800033569336,77.22000122070312,75.94999694824219,76.02999877929688,13749700
2018-12-14,53.86227035522461,75.58000183105469,76.87000274658203,75.08999633789062,76.72000122070312,12669300
2018-12-17,52.76478576660156,74.04000091552734,75.5999984741211,73.4800033569336,75.26000213623047,15464100
2018-12-18,51.31096649169922,72.0,73.86000061035156,71.62000274658203,73.62999725341797,18681200
2018-12-19,50.441532135009766,70.77999877929688,73.2699966430664,70.30000305175781,72.44999694824219,21679600
2018-12-20,48.909332275390625,68.62999725341797,70.66000366210938,68.05000305175781,70.08999633789062,28723700
2018-12-21,48.5458869934082,68.12000274658203,70.37000274658203,67.66999816894531,68.13999938964844,47287300
2018-12-24,46.68585968017578,65.51000213623047,67.52999877929688,65.44000244140625,66.87000274658203,14262800
2018-12-26,48.91645812988281,68.63999938964844,68.66000366210938,64.6500015258789,66.18000030517578,24887700
2018-12-27,49.1302375793457,68.94000244140625,68.94000244140625,66.08000183105469,67.73999786376953,22077000
2018-12-28,48.581504821777344,68.16999816894531,69.58000183105469,67.81999969482422,69.18000030517578,19710600
2018-12-31,48.595760345458984,68.19000244140625,69.1500015258789,67.66000366210938,68.31999969482422,15807000
2019-01-02,49.66476058959961,69.69000244140625,69.87000274658203,67.26000213623047,67.3499984741211,16727200
2019-01-03,48.90220260620117,68.62000274658203,70.25,68.36000061035156,70.0,13866100
2019-01-04,50.70522689819336,71.1500015258789,71.2699966430664,69.36000061035156,69.63999938964844,16043600
2019-01-07,50.96889877319336,71.5199966430664,72.0999984741211,70.73999786376953,71.25,10844200
2019-01-08,51.339473724365234,72.04000091552734,72.58999633789062,71.94000244140625,72.54000091552734,11439000
2019-01-09,51.61028289794922,72.41999816894531,72.5999984741211,71.6500015258789,72.5999984741211,13473500
2019-01-10,51.34660339355469,72.05000305175781,72.08000183105469,71.12000274658203,72.06999969482422,13151100
2019-01-11,51.11142349243164,71.72000122070312,71.88999938964844,71.06999969482422,71.8499984741211,9790100
2019-01-14,51.04729080200195,71.62999725341797,71.77999877929688,71.12000274658203,71.20999908447266,11012400
2019-01-15,51.0757942199707,71.66999816894531,72.36000061035156,71.31999969482422,71.94999694824219,10298300
2019-01-16,51.054420471191406,71.63999938964844,72.37999725341797,71.30999755859375,71.41999816894531,12595600
2019-01-17,51.40361404418945,72.12999725341797,72.33999633789062,70.9000015258789,71.19000244140625,10141700
2019-01-18,52.01649856567383,72.98999786376953,73.29000091552734,72.12999725341797,73.2699966430664,15759200
2019-01-22,51.23257064819336,71.88999938964844,72.70999908447266,71.68000030517578,72.38999938964844,15035600
2019-01-23,50.81210708618164,71.30000305175781,72.30000305175781,70.93000030517578,72.01000213623047,13187200
2019-01-24,50.883384704589844,71.4000015258789,71.97000122070312,70.63999938964844,71.0999984741211,11272500
2019-01-25,51.11142349243164,71.72000122070312,72.2699966430664,71.54000091552734,72.06999969482422,8996200
2019-01-28,50.76935577392578,71.23999786376953,71.27999877929688,70.37000274658203,71.0199966430664,13678400
2019-01-29,50.961761474609375,71.51000213623047,72.19000244140625,71.4800033569336,71.69999694824219,10513200
2019-01-30,51.517642974853516,72.29000091552734,72.56999969482422,71.51000213623047,71.7699966430664,11524700
2019-01-31,52.22315979003906,73.27999877929688,73.48999786376953,72.0199966430664,72.29000091552734,19876700
2019-02-01,54.10456848144531,75.91999816894531,76.48999786376953,74.31999969482422,74.91999816894531,22968700
2019-02-04,53.320655822753906,74.81999969482422,75.76000213623047,74.4000015258789,75.76000213623047,15483800
2019-02-05,53.8693962097168,75.58999633789062,75.63999938964844,75.01000213623047,75.18000030517578,12786700
2019-02-06,53.634220123291016,75.26000213623047,75.7699966430664,75.12999725341797,75.58000183105469,10866900
2019-02-07,53.220882415771484,74.68000030517578,75.19000244140625,73.9000015258789,74.94999694824219,14418900
2019-02-08,53.307350158691406,73.9800033569336,74.06999969482422,72.7300033569336,73.76000213623047,11959500
2019-02-11,53.39381408691406,74.0999984741211,74.22000122070312,73.4000015258789,73.87999725341797,10434800
2019-02-12,54.33053207397461,75.4000015258789,75.44999694824219,74.81999969482422,75.08000183105469,12599200
2019-02-13,54.943023681640625,76.25,76.54000091552734,75.51000213623047,75.58000183105469,13214600
2019-02-14,54.95743942260742,76.2699966430664,76.6500015258789,75.70999908447266,76.26000213623047,12772900
2019-02-15,55.99504470825195,77.70999908447266,77.76000213623047,76.75,76.94000244140625,14330300
2019-02-19,56.36974334716797,78.2300033569336,78.4800033569336,77.44999694824219,77.55999755859375,13551500
2019-02-20,56.58590316772461,78.52999877929688,78.80999755859375,78.0,78.30000305175781,12633100
2019-02-21,56.07431411743164,77.81999969482422,78.66000366210938,77.61000061035156,78.20999908447266,10266000
2019-02-22,56.50665283203125,78.41999816894531,78.94999694824219,77.62000274658203,78.70999908447266,9519300
2019-02-25,56.564308166503906,78.5,78.8499984741211,78.19999694824219,78.43000030517578,9274400
2019-02-26,56.67958068847656,78.66000366210938,79.12999725341797,78.38999938964844,78.68000030517578,10990600
2019-02-27,57.263248443603516,79.47000122070312,79.75,78.66000366210938,78.87999725341797,12398200
2019-02-28,56.94618225097656,79.02999877929688,79.75,78.70999908447266,79.44999694824219,14597900
2019-03-01,57.64514923095703,80.0,80.0,79.02999877929688,79.37999725341797,15419400
2019-03-04,57.86851501464844,80.30999755859375,80.55000305175781,79.01000213623047,80.23999786376953,18089900
2019-03-05,57.78206253051758,80.19000244140625,80.4000015258789,79.75,80.12000274658203,13745500
2019-03-06,57.126346588134766,79.27999877929688,79.37999725341797,77.86000061035156,78.8499984741211,18633600
2019-03-07,57.76042938232422,80.16000366210938,80.26000213623047,79.31999969482422,79.55000305175781,16541700
2019-03-08,56.931793212890625,79.01000213623047,79.31999969482422,78.25,78.88999938964844,16211300
2019-03-11,57.48662185668945,79.77999877929688,80.29000091552734,79.6500015258789,79.9800033569336,11060900
2019-03-12,57.64514923095703,80.0,80.58000183105469,79.88999938964844,80.11000061035156,11320000
2019-03-13,58.15675735473633,80.70999908447266,80.76000213623047,80.19999694824219,80.58999633789062,10260200
2019-03-14,57.96220779418945,80.44000244140625,80.91000366210938,80.3499984741211,80.80000305175781,9976700
2019-03-15,57.75321960449219,80.1500015258789,80.55000305175781,80.0999984741211,80.18000030517578,25316400
2019-03-18,58.423362731933594,81.08000183105469,81.25,80.44000244140625,80.44000244140625,9840600
2019-03-19,58.27204513549805,80.87000274658203,82.0,80.63999938964844,81.58000183105469,13936500
2019-03-20,58.59628677368164,81.31999969482422,81.91999816894531,80.55999755859375,80.75,13133600
2019-03-21,58.93494415283203,81.79000091552734,81.88999938964844,80.80000305175781,80.80999755859375,10117000
2019-03-22,57.991024017333984,80.4800033569336,81.44000244140625,80.30000305175781,81.2300033569336,12497700
2019-03-25,57.58749771118164,79.91999816894531,80.44000244140625,79.58999633789062,80.0,11320400
2019-03-26,58.33687973022461,80.95999908447266,81.2699966430664,80.18000030517578,80.33000183105469,9472800
2019-03-27,57.89013671875,80.33999633789062,81.30999755859375,79.81999969482422,80.97000122070312,7258700
2019-03-28,58.17836380004883,80.73999786376953,80.79000091552734,80.0199966430664,80.02999877929688,7412300
2019-03-29,58.22159957885742,80.80000305175781,81.4800033569336,80.4800033569336,81.33000183105469,10889200
2019-04-01,58.891727447509766,81.7300033569336,81.77999877929688,81.08000183105469,81.2300033569336,10816400
2019-04-02,58.63950729370117,81.37999725341797,81.94999694824219,81.11000061035156,81.75,7646000
2019-04-03,58.29365921020508,80.9000015258789,81.7699966430664,80.61000061035156,81.7699966430664,8562900
2019-04-04,59.12229919433594,82.05000305175781,82.08000183105469,80.7699966430664,81.12000274658203,9360600
2019-04-05,59.4393424987793,82.48999786376953,82.52999877929688,81.94999694824219,82.1500015258789,10059100
2019-04-08,59.80683135986328,83.0,83.19999694824219,82.58999633789062,82.66999816894531,9108200
2019-04-09,59.03583908081055,81.93000030517578,82.58000183105469,81.73999786376953,82.5199966430664,8561600
2019-04-10,58.769222259521484,81.55999755859375,82.08000183105469,81.41000366210938,81.91999816894531,10324300
2019-04-11,59.050235748291016,81.94999694824219,82.06999969482422,81.0199966430664,81.54000091552734,9115100
2019-04-12,58.30805587768555,80.91999816894531,82.80999755859375,80.58000183105469,82.80999755859375,16638700
2019-04-15,58.113494873046875,80.6500015258789,81.05999755859375,80.5199966430664,80.88999938964844,8536100
2019-04-16,58.50981521606445,81.19999694824219,81.3499984741211,80.69000244140625,80.80999755859375,7005700
2019-04-17,58.675559997558594,81.43000030517578,81.69999694824219,81.08000183105469,81.55000305175781,8311400
2019-04-18,58.45936584472656,81.12999725341797,81.83000183105469,81.06999969482422,81.55999755859375,9493900
2019-04-22,59.73479080200195,82.9000015258789,83.22000122070312,81.63999938964844,81.87000274658203,10770600
2019-04-23,60.08065414428711,83.37999725341797,83.48999786376953,82.68000030517578,83.19000244140625,10595100
2019-04-24,58.913333892822266,81.76000213623047,83.08000183105469,81.7300033569336,83.01000213623047,11684000
2019-04-25,59.24478530883789,82.22000122070312,82.83999633789062,81.4000015258789,81.6500015258789,11135000
2019-04-26,57.99821472167969,80.48999786376953,80.62999725341797,79.55999755859375,80.2699966430664,18053500
2019-04-29,57.623531341552734,79.97000122070312,80.37999725341797,79.66000366210938,80.12000274658203,10023700
2019-04-30,57.846885681152344,80.27999877929688,80.52999877929688,79.93000030517578,80.37000274658203,13721500
2019-05-01,56.68678665161133,78.66999816894531,80.26000213623047,78.62000274658203,79.94000244140625,13909800
2019-05-02,55.692420959472656,77.29000091552734,78.5,77.23999786376953,78.27999877929688,15360400
2019-05-03,55.822113037109375,77.47000122070312,78.20999908447266,77.44000244140625,77.79000091552734,12180700
2019-05-06,55.5771369934082,77.12999725341797,77.66000366210938,76.70999908447266,76.91999816894531,13367100
2019-05-07,55.28169631958008,76.72000122070312,76.79000091552734,75.7699966430664,76.5,13498800
2019-05-08,55.3681640625,76.83999633789062,77.29000091552734,76.41999816894531,76.54000091552734,11352900
2019-05-09,55.31772232055664,76.7699966430664,76.87999725341797,75.95999908447266,76.3499984741211,13221600
2019-05-10,55.79874038696289,76.55999755859375,76.79000091552734,75.16999816894531,76.18000030517578,11056000
2019-05-13,55.179256439208984,75.70999908447266,76.2300033569336,75.36000061035156,75.6500015258789,12176100
2019-05-14,55.25212478637695,75.80999755859375,76.80000305175781,75.76000213623047,76.12999725341797,10548400
2019-05-15,55.6602783203125,76.37000274658203,76.55000305175781,75.20999908447266,75.56999969482422,8918000
2019-05-16,55.652976989746094,76.36000061035156,76.94999694824219,76.22000122070312,76.4000015258789,8105200
2019-05-17,55.325008392333984,75.91000366210938,76.30000305175781,75.58999633789062,75.6500015258789,9279400
2019-05-20,55.317718505859375,75.9000015258789,76.36000061035156,75.66999816894531,76.05000305175781,7154300
2019-05-21,55.57280731201172,76.25,76.45999908447266,75.93000030517578,76.2699966430664,8489900
2019-05-22,55.06991195678711,75.55999755859375,76.22000122070312,75.38999938964844,76.0199966430664,7858300
2019-05-23,53.779911041259766,73.79000091552734,74.80000305175781,73.04000091552734,74.7699966430664,14657200
2019-05-24,54.005836486816406,74.0999984741211,74.25,73.44000244140625,74.13999938964844,7056400
2019-05-28,52.91989517211914,72.61000061035156,74.25,72.48999786376953,74.23999786376953,14912900
2019-05-29,52.591922760009766,72.16000366210938,72.43000030517578,71.62000274658203,71.88999938964844,13645200
2019-05-30,52.45345687866211,71.97000122070312,72.12999725341797,71.52999877929688,72.0199966430664,9362100
2019-05-31,51.578853607177734,70.7699966430664,71.55000305175781,70.62999725341797,71.19000244140625,13983300
2019-06-03,52.387847900390625,71.87999725341797,72.01000213623047,70.97000122070312,71.08999633789062,11831000
2019-06-04,53.634132385253906,73.58999633789062,73.66000366210938,72.16999816894531,72.44999694824219,10423000
2019-06-05,53.18954849243164,72.9800033569336,73.63999938964844,72.58000183105469,73.63999938964844,10617800
2019-06-06,54.15888214111328,74.30999755859375,74.62000274658203,73.58999633789062,73.70999908447266,11738900
2019-06-07,54.35566711425781,74.58000183105469,74.95999908447266,74.43000030517578,74.51000213623047,9095500
2019-06-10,54.59619140625,74.91000366210938,75.33000183105469,74.44999694824219,75.19000244140625,7760400
2019-06-11,54.545166015625,74.83999633789062,75.80999755859375,74.81999969482422,75.51000213623047,9415100
2019-06-12,53.95482635498047,74.02999877929688,74.61000061035156,73.80999755859375,74.4800033569336,7920800
2019-06-13,54.42856216430664,74.68000030517578,75.16999816894531,74.37999725341797,74.69999694824219,8986400
2019-06-14,54.18804168701172,74.3499984741211,74.80999755859375,74.2300033569336,74.68000030517578,8575900
2019-06-17,54.72736358642578,75.08999633789062,75.19000244140625,74.04000091552734,74.16000366210938,9355700
2019-06-18,55.201107025146484,75.73999786376953,76.22000122070312,75.3499984741211,75.41999816894531,10091500
2019-06-19,54.89501190185547,75.31999969482422,75.8499984741211,75.16999816894531,75.4000015258789,9757400
2019-06-20,55.83518981933594,76.61000061035156,76.97000122070312,76.08000183105469,76.23999786376953,16229700
2019-06-21,56.622318267822266,77.69000244140625,77.76000213623047,76.87000274658203,77.13999938964844,23108100
2019-06-24,56.082984924316406,76.94999694824219,77.76000213623047,76.80999755859375,77.52999877929688,10011800
2019-06-25,55.58738708496094,76.2699966430664,77.22000122070312,76.19000244140625,77.08000183105469,9740000
2019-06-26,55.82789993286133,76.5999984741211,77.12999725341797,76.47000122070312,76.68000030517578,11365500
2019-06-27,55.259429931640625,75.81999969482422,76.75,75.76000213623047,76.58999633789062,8147800
2019-06-28,55.849769592285156,76.62999725341797,76.7300033569336,75.94000244140625,76.19000244140625,14781300
2019-07-01,55.79874038696289,76.55999755859375,77.93000030517578,76.29000091552734,77.12999725341797,11437900
2019-07-02,55.1865348815918,75.72000122070312,76.2699966430664,75.41000366210938,76.13999938964844,10475400
2019-07-03,55.711280822753906,76.44000244140625,76.5,75.62999725341797,75.81999969482422,5246100
2019-07-05,55.4853515625,76.12999725341797,76.3499984741211,75.58999633789062,76.19000244140625,6880800
2019-07-08,55.74043273925781,76.4800033569336,76.69999694824219,75.91999816894531,76.13999938964844,7876100
2019-07-09,55.704017639160156,76.43000030517578,76.7699966430664,75.7300033569336,76.44999694824219,7863000
2019-07-10,56.491119384765625,77.51000213623047,77.62999725341797,76.73999786376953,76.80000305175781,8077400
2019-07-11,56.53486251831055,77.56999969482422,77.61000061035156,77.05000305175781,77.41000366210938,6404000
2019-07-12,56.578590393066406,77.62999725341797,77.87999725341797,77.5,77.75,6139000
2019-07-15,56.177738189697266,77.08000183105469,77.73999786376953,76.88999938964844,77.62999725341797,7116400
2019-07-16,55.3395881652832,75.93000030517578,77.06999969482422,75.79000091552734,76.91999816894531,10197400
2019-07-17,55.011619567871094,75.4800033569336,75.95999908447266,75.3499984741211,75.73999786376953,7419300
2019-07-18,54.545166015625,74.83999633789062,75.2699966430664,74.18000030517578,75.02999877929688,11424500
2019-07-19,54.654483795166016,74.98999786376953,75.25,74.54000091552734,74.9000015258789,11243100
2019-07-22,54.71278762817383,75.06999969482422,75.30000305175781,74.5,75.23999786376953,8368800
2019-07-23,54.93144989013672,75.37000274658203,75.7699966430664,74.75,75.1500015258789,8551200
2019-07-24,54.92415237426758,75.36000061035156,76.05000305175781,74.8499984741211,75.38999938964844,8260200
2019-07-25,54.61077117919922,74.93000030517578,75.77999877929688,74.80000305175781,75.77999877929688,9083900
2019-07-26,54.5233039855957,74.80999755859375,75.08000183105469,74.5999984741211,74.87000274658203,7677300
2019-07-29,54.90958023071289,75.33999633789062,75.37999725341797,74.69999694824219,74.87999725341797,7091900
2019-07-30,54.916873931884766,75.3499984741211,75.55999755859375,74.88999938964844,75.05999755859375,6961200
2019-07-31,54.19533920288086,74.36000061035156,75.66000366210938,74.26000213623047,75.04000091552734,13104600
2019-08-01,52.810577392578125,72.45999908447266,74.2699966430664,72.2699966430664,73.73999786376953,17132800
2019-08-02,52.29310989379883,71.75,73.26000213623047,71.18000030517578,72.61000061035156,21376700
2019-08-05,51.22172164916992,70.27999877929688,70.91999816894531,69.61000061035156,70.77999877929688,19080900
2019-08-06,51.71733856201172,70.95999908447266,71.01000213623047,70.27999877929688,70.29000091552734,12282400
2019-08-07,51.382080078125,70.5,70.87999725341797,69.4000015258789,69.86000061035156,15231100
2019-08-08,52.75227355957031,72.37999725341797,72.41000366210938,70.62000274658203,70.8499984741211,14304100
2019-08-09,51.62987518310547,70.83999633789062,72.25,70.47000122070312,72.12999725341797,13686600
2019-08-12,51.378990173339844,69.62999725341797,70.16000366210938,69.33000183105469,70.05999755859375,9542600
2019-08-13,52.01356887817383,70.48999786376953,70.62000274658203,68.91999816894531,69.2699966430664,12403300
2019-08-14,49.91797637939453,67.6500015258789,69.08999633789062,67.6500015258789,69.06999969482422,18114400
2019-08-15,49.622833251953125,67.25,67.55999755859375,66.52999877929688,67.45999908447266,12874400
2019-08-16,50.39760971069336,68.30000305175781,68.45999908447266,67.2699966430664,67.77999877929688,12649000
2019-08-19,51.24617385864258,69.44999694824219,69.6500015258789,68.86000061035156,68.97000122070312,10032800
2019-08-20,50.93625259399414,69.02999877929688,69.30000305175781,68.70999908447266,69.30000305175781,9743500
2019-08-21,51.445396423339844,69.72000122070312,69.9800033569336,69.37000274658203,69.95999908447266,10134200
2019-08-22,51.334712982177734,69.56999969482422,69.95999908447266,69.25,69.91000366210938,8972000
2019-08-23,49.79991149902344,67.48999786376953,69.52999877929688,67.02999877929688,68.81999969482422,15371900
2019-08-26,50.06555938720703,67.8499984741211,68.26000213623047,67.52999877929688,68.12000274658203,7343900
2019-08-27,49.578556060791016,67.19000244140625,68.44000244140625,66.97000122070312,68.12999725341797,9490900
2019-08-28,49.94011306762695,67.68000030517578,67.9800033569336,67.16000366210938,67.52999877929688,9647400
2019-08-29,50.49352264404297,68.43000030517578,68.66999816894531,68.08999633789062,68.30000305175781,9004100
2019-08-30,50.530426025390625,68.4800033569336,69.08000183105469,68.05999755859375,68.61000061035156,9180800
2019-09-03,50.58945083618164,68.55999755859375,68.68000030517578,67.62999725341797,67.88999938964844,9849700
2019-09-04,51.12811279296875,69.29000091552734,69.61000061035156,69.08999633789062,69.5,6959200
2019-09-05,51.85123825073242,70.2699966430664,70.55000305175781,69.69999694824219,69.83999633789062,9901500
2019-09-06,52.33824157714844,70.93000030517578,70.94999694824219,70.12000274658203,70.3499984741211,10418500
2019-09-09,52.751468658447266,71.48999786376953,72.06999969482422,70.9800033569336,71.16000366210938,12840200
2019-09-10,53.1794319152832,72.06999969482422,72.8499984741211,71.62000274658203,72.13999938964844,13810800
2019-09-11,53.076133728027344,71.93000030517578,72.83999633789062,71.55000305175781,72.77999877929688,10525700
2019-09-12,53.11302185058594,71.9800033569336,72.16000366210938,70.69999694824219,70.9800033569336,9100700
2019-09-13,53.60002136230469,72.63999938964844,72.72000122070312,72.05999755859375,72.26000213623047,7337200
2019-09-16,54.40432357788086,73.7300033569336,75.18000030517578,73.5999984741211,75.04000091552734,19830200
2019-09-17,53.9911003112793,73.16999816894531,74.08000183105469,72.62999725341797,73.81999969482422,14452200
2019-09-18,53.732845306396484,72.81999969482422,72.97000122070312,72.33000183105469,72.6500015258789,7292200
2019-09-19,53.37129592895508,72.33000183105469,73.19000244140625,72.19000244140625,72.97000122070312,8050200
2019-09-20,53.186798095703125,72.08000183105469,72.5,71.86000061035156,72.48999786376953,19736600
2019-09-23,53.223697662353516,72.12999725341797,72.36000061035156,71.45999908447266,71.5199966430664,7495200
2019-09-24,52.493194580078125,71.13999938964844,71.87000274658203,70.81999969482422,71.80999755859375,13307100
2019-09-25,52.648155212402344,71.3499984741211,71.47000122070312,70.81999969482422,70.9800033569336,8035200
2019-09-26,52.36775207519531,70.97000122070312,71.3499984741211,70.68000030517578,71.22000122070312,8420200
2019-09-27,52.74409103393555,71.4800033569336,71.66999816894531,70.62999725341797,70.69999694824219,8224000
2019-09-30,52.102134704589844,70.61000061035156,71.44999694824219,70.58000183105469,71.23999786376953,9768900
2019-10-01,50.87723159790039,68.94999694824219,70.91000366210938,68.91000366210938,70.83000183105469,10279100
2019-10-02,49.549034118652344,67.1500015258789,68.58999633789062,67.01000213623047,68.2699966430664,14503700
2019-10-03,50.161495208740234,67.9800033569336,68.0,66.30999755859375,67.0,10788400
2019-10-04,50.89198303222656,68.97000122070312,69.06999969482422,67.81999969482422,68.11000061035156,10534800
2019-10-07,50.19099426269531,68.0199966430664,69.02999877929688,68.0199966430664,68.69999694824219,10993000
2019-10-08,49.21697998046875,66.69999694824219,67.91999816894531,66.63999938964844,67.54000091552734,9748700
2019-10-09,49.76302719116211,67.44000244140625,67.69999694824219,67.19999694824219,67.30000305175781,8580900
2019-10-10,50.36069869995117,68.25,68.36000061035156,67.37999725341797,67.43000030517578,7100100
2019-10-11,50.89936828613281,68.9800033569336,69.48999786376953,68.88999938964844,68.9800033569336,10101900
2019-10-14,51.04694366455078,69.18000030517578,69.37000274658203,68.58999633789062,68.5999984741211,6234600
2019-10-15,51.224037170410156,69.41999816894531,70.0,69.01000213623047,69.05999755859375,6645700
2019-10-16,50.345951080322266,68.2300033569336,69.52999877929688,68.20999908447266,69.20999908447266,9765800
2019-10-17,50.279537200927734,68.13999938964844,68.87999725341797,68.08000183105469,68.4800033569336,9757200
2019-10-18,49.888458251953125,67.61000061035156,68.1500015258789,67.61000061035156,67.87000274658203,13472700
2019-10-21,50.722267150878906,68.73999786376953,68.7699966430664,67.81999969482422,67.81999969482422,10199300
2019-10-22,50.98051071166992,69.08999633789062,69.76000213623047,68.6500015258789,68.77999877929688,9536000
2019-10-23,51.46754455566406,69.75,69.76000213623047,68.77999877929688,68.95999908447266,8641800
2019-10-24,50.98051071166992,69.08999633789062,70.05000305175781,69.0199966430664,69.95999908447266,9003600
2019-10-25,51.098602294921875,69.25,69.4800033569336,68.9000015258789,68.9000015258789,7607200
2019-10-28,50.64849090576172,68.63999938964844,69.66999816894531,68.58000183105469,69.45999908447266,11209600
2019-10-29,50.50090789794922,68.44000244140625,69.02999877929688,68.23999786376953,68.4800033569336,13894400
2019-10-30,49.96963882446289,67.72000122070312,68.37000274658203,67.2699966430664,68.37000274658203,12840600
2019-10-31,49.85894012451172,67.56999969482422,67.72000122070312,67.13999938964844,67.45999908447266,16169100
2019-11-01,51.35686492919922,69.5999984741211,69.61000061035156,68.30999755859375,68.38999938964844,14108700
2019-11-04,52.884273529052734,71.66999816894531,71.87000274658203,69.94000244140625,70.06999969482422,15858200
2019-11-05,53.93207550048828,73.08999633789062,73.12000274658203,71.8499984741211,72.04000091552734,14930400
2019-11-06,52.751468658447266,71.48999786376953,72.87000274658203,71.19999694824219,72.7300033569336,13996500
2019-11-07,53.87306594848633,73.01000213623047,73.02999877929688,72.0,72.02999877929688,13073800
2019-11-08,52.849952697753906,70.7699966430664,71.80000305175781,70.66000366210938,71.61000061035156,12106000
2019-11-11,52.52883529663086,70.33999633789062,70.61000061035156,69.97000122070312,70.20999908447266,8674000
2019-11-12,51.804447174072266,69.37000274658203,70.41000366210938,68.9800033569336,70.2699966430664,13918600
2019-11-13,51.3787841796875,68.80000305175781,69.1500015258789,68.5999984741211,69.0199966430664,11773700
2019-11-14,51.15474319458008,68.5,68.97000122070312,68.18000030517578,68.86000061035156,11279800
2019-11-15,51.6700325012207,69.19000244140625,69.30000305175781,68.66999816894531,68.70999908447266,11252800
2019-11-18,51.169681549072266,68.5199966430664,68.81999969482422,68.30000305175781,68.69999694824219,10095600
2019-11-19,50.64693832397461,67.81999969482422,68.55999755859375,67.77999877929688,68.4000015258789,12605500
2019-11-20,50.80377197265625,68.02999877929688,68.54000091552734,67.31999969482422,67.66999816894531,16930700
2019-11-21,52.02848434448242,69.66999816894531,69.75,67.91999816894531,68.0199966430664,14080900
2019-11-22,51.804447174072266,69.37000274658203,70.18000030517578,69.33000183105469,69.70999908447266,12143600
2019-11-25,51.4609260559082,68.91000366210938,69.44000244140625,68.70999908447266,69.37000274658203,10670000
2019-11-26,51.333980560302734,68.73999786376953,69.04000091552734,68.44000244140625,68.91999816894531,15457000
2019-11-27,51.30411148071289,68.69999694824219,69.08999633789062,68.41000366210938,68.76000213623047,8393900
2019-11-29,50.878440856933594,68.12999725341797,68.52999877929688,68.0,68.33000183105469,7980800
2019-12-02,51.094993591308594,68.41999816894531,68.87999725341797,68.37000274658203,68.5,11116900
2019-12-03,50.691741943359375,67.87999725341797,68.25,67.5199966430664,68.0,12245800
2019-12-04,51.26676559448242,68.6500015258789,68.76000213623047,68.13999938964844,68.25,11049700
2019-12-05,51.0875358581543,68.41000366210938,68.97000122070312,68.20999908447266,68.88999938964844,13109000
2019-12-06,51.909000396728516,69.51000213623047,69.87000274658203,68.76000213623047,68.76000213623047,13710800
2019-12-09,52.021034240722656,69.66000366210938,69.97000122070312,69.0199966430664,69.08000183105469,12397700
2019-12-10,51.572940826416016,69.05999755859375,70.1500015258789,68.69999694824219,69.66000366210938,14281800
2019-12-11,51.49827194213867,68.95999908447266,69.76000213623047,68.66999816894531,68.73999786376953,13748400
2019-12-12,52.52883529663086,70.33999633789062,70.37999725341797,68.9000015258789,68.95999908447266,17068500
2019-12-13,51.69990921020508,69.2300033569336,70.54000091552734,69.12000274658203,70.4800033569336,12274500
2019-12-16,52.274925231933594,70.0,70.25,69.69999694824219,69.69999694824219,15208700
2019-12-17,52.035945892333984,69.68000030517578,70.37999725341797,69.30999755859375,69.9800033569336,14450700
2019-12-18,52.177833557128906,69.87000274658203,70.29000091552734,69.27999877929688,69.62999725341797,13652300
2019-12-19,51.81938934326172,69.38999938964844,70.05000305175781,69.23999786376953,69.98999786376953,13273200
2019-12-20,52.23011779785156,69.94000244140625,70.2300033569336,69.38999938964844,69.86000061035156,35092000
2019-12-23,52.49148178100586,70.29000091552734,70.30000305175781,69.52999877929688,69.86000061035156,14172500
2019-12-24,52.28985595703125,70.0199966430664,70.5,69.91000366210938,70.3499984741211,3979400
2019-12-26,52.37200164794922,70.12999725341797,70.5,70.01000213623047,70.19000244140625,8840200
2019-12-27,52.19277572631836,69.88999938964844,70.30999755859375,69.87999725341797,70.19999694824219,10516100
2019-12-30,51.88660430908203,69.4800033569336,70.44000244140625,69.4000015258789,70.08999633789062,12689400
2019-12-31,52.11063003540039,69.77999877929688,69.80000305175781,69.01000213623047,69.0199966430664,13151800
2020-01-02,52.947025299072266,70.9000015258789,71.0199966430664,70.23999786376953,70.23999786376953,12456400
2020-01-03,52.52135467529297,70.33000183105469,71.37000274658203,70.16000366210938,71.33999633789062,17386900
2020-01-06,52.92462921142578,70.87000274658203,71.36000061035156,70.2300033569336,70.31999969482422,20081900
2020-01-07,52.49148178100586,70.29000091552734,70.5199966430664,69.51000213623047,70.5,17387700
2020-01-08,51.69990921020508,69.2300033569336,70.29000091552734,69.16999816894531,70.11000061035156,15137700
2020-01-09,52.0957145690918,69.76000213623047,69.9000015258789,68.62999725341797,69.13999938964844,14811800
2020-01-10,51.63269805908203,69.13999938964844,69.95999908447266,69.12000274658203,69.93000030517578,11995600
2020-01-13,52.125572204589844,69.80000305175781,69.87000274658203,69.11000061035156,69.19999694824219,9953900
2020-01-14,51.677494049072266,69.19999694824219,69.58000183105469,68.88999938964844,69.37999725341797,16261000
2020-01-15,51.59536361694336,69.08999633789062,69.58999633789062,68.88999938964844,69.19999694824219,11390300
2020-01-16,51.393714904785156,68.81999969482422,69.58000183105469,68.80000305175781,69.30000305175781,13340300
2020-01-17,51.199562072753906,68.55999755859375,69.08000183105469,68.29000091552734,68.75,18144100
2020-01-21,50.46770095825195,67.58000183105469,68.41999816894531,67.51000213623047,68.37999725341797,17982600
2020-01-22,50.17646408081055,67.19000244140625,67.69999694824219,67.0,67.55999755859375,17033100
2020-01-23,49.8628044128418,66.7699966430664,66.93000030517578,66.05000305175781,66.70999908447266,19605900
2020-01-24,49.52676010131836,66.31999969482422,66.68000030517578,66.04000091552734,66.54000091552734,18238600
2020-01-27,48.346832275390625,64.73999786376953,65.7300033569336,64.69999694824219,65.41999816894531,21231000
2020-01-28,48.279632568359375,64.6500015258789,65.19999694824219,64.62999725341797,65.11000061035156,19664700
2020-01-29,47.876373291015625,64.11000061035156,65.12999725341797,63.900001525878906,65.02999877929688,14202800
2020-01-30,48.384185791015625,64.79000091552734,64.87999725341797,63.43000030517578,63.779998779296875,18544700
2020-01-31,46.3902587890625,62.119998931884766,63.20000076293945,61.86000061035156,63.20000076293945,34282900
2020-02-03,45.35224151611328,60.72999954223633,61.41999816894531,60.369998931884766,61.380001068115234,27389300
2020-02-04,44.784671783447266,59.970001220703125,61.90999984741211,59.88999938964844,61.45000076293945,31922100
2020-02-05,46.845802307128906,62.72999954223633,62.93000030517578,60.599998474121094,60.75,32099200
2020-02-06,46.21103286743164,61.880001068115234,63.0099983215332,61.779998779296875,62.93000030517578,16055400
2020-02-07,45.90485382080078,61.470001220703125,61.65999984741211,61.060001373291016,61.40999984741211,15112500
2020-02-10,45.4200439453125,59.959999084472656,60.52000045776367,59.619998931884766,60.47999954223633,20934500
2020-02-11,45.851829528808594,60.529998779296875,60.88999938964844,60.16999816894531,60.58000183105469,14908700
2020-02-12,46.41238021850586,61.27000045776367,61.529998779296875,60.560001373291016,61.34000015258789,17862100
2020-02-13,46.15482711791992,60.93000030517578,61.41999816894531,60.560001373291016,61.060001373291016,16949400
2020-02-14,45.94273376464844,60.650001525878906,61.15999984741211,60.279998779296875,61.150001525878906,10855300
2020-02-18,45.35944747924805,59.880001068115234,60.38999938964844,59.45000076293945,60.150001525878906,18948500
2020-02-19,45.70790100097656,60.34000015258789,60.619998931884766,59.83000183105469,60.11000061035156,12804900
2020-02-20,45.34428787231445,59.86000061035156,60.540000915527344,59.720001220703125,60.22999954223633,14817200
2020-02-21,44.791316986083984,59.130001068115234,59.5099983215332,58.790000915527344,59.5099983215332,20315700
2020-02-24,42.69302749633789,56.36000061035156,57.79999923706055,56.36000061035156,57.619998931884766,32096600
2020-02-25,41.05681228637695,54.20000076293945,56.75,53.970001220703125,56.75,36414500
2020-02-26,40.15538787841797,53.0099983215332,54.81999969482422,52.93000030517578,54.54999923706055,29801000
2020-02-27,37.73893737792969,49.81999969482422,52.439998626708984,49.79999923706055,51.709999084472656,48141300
2020-02-28,38.96609878540039,51.439998626708984,51.439998626708984,48.0099983215332,48.77000045776367,62446700
2020-03-02,40.81441879272461,53.880001068115234,53.88999938964844,51.130001068115234,52.59000015258789,38127600
2020-03-03,38.86004638671875,51.29999923706055,54.150001525878906,50.97999954223633,53.95000076293945,50580700
2020-03-04,39.70845413208008,52.41999816894531,52.47999954223633,51.119998931884766,52.22999954223633,24079600
2020-03-05,37.958614349365234,50.11000061035156,50.70000076293945,49.040000915527344,50.41999816894531,40788200
2020-03-06,36.125450134277344,47.689998626708984,49.0099983215332,47.20000076293945,48.84000015258789,55640500
2020-03-09,31.709186553955078,41.86000061035156,44.56999969482422,40.79999923706055,41.709999084472656,72896300
2020-03-10,32.883331298828125,43.40999984741211,46.2599983215332,41.45000076293945,46.16999816894531,60445900
2020-03-11,31.800094604492188,41.97999954223633,43.47999954223633,41.75,42.38999938964844,51986100
2020-03-12,28.1640625,37.18000030517578,40.650001525878906,37.0,39.900001525878906,65725300
2020-03-13,28.876131057739258,38.119998931884766,40.13999938964844,35.0,40.0099983215332,79891500
2020-03-16,26.126371383666992,34.4900016784668,37.880001068115234,33.25,34.400001525878906,48924700
2020-03-17,27.883785247802734,36.810001373291016,37.380001068115234,34.20000076293945,35.209999084472656,41204400
2020-03-18,25.088594436645508,33.119998931884766,36.709999084472656,31.229999542236328,34.54999923706055,54036400
2020-03-19,26.080921173095703,34.43000030517578,34.900001525878906,32.349998474121094,33.72999954223633,49412400
2020-03-20,24.800737380981445,32.7400016784668,35.18000030517578,31.559999465942383,34.84000015258789,76534600
2020-03-23,23.823556900024414,31.450000762939453,32.70000076293945,30.110000610351562,32.529998779296875,56952500
2020-03-24,26.846004486083984,35.439998626708984,36.16999816894531,33.33000183105469,34.41999816894531,61835600
2020-03-25,28.247390747070312,37.290000915527344,38.59000015258789,35.18000030517578,36.5099983215332,56607700
2020-03-26,29.4063720703125,38.81999969482422,39.560001373291016,36.720001220703125,37.5,46722000
2020-03-27,27.989843368530273,36.95000076293945,37.68000030517578,36.20000076293945,37.130001068115234,51558600
2020-03-30,28.40646743774414,37.5,38.150001525878906,35.86000061035156,36.22999954223633,45835000
2020-03-31,28.762500762939453,37.970001220703125,39.45000076293945,37.369998931884766,38.34000015258789,41491600
2020-04-01,28.42919158935547,37.529998779296875,38.70000076293945,36.34000015258789,36.86000061035156,36045900
2020-04-02,30.60323143005371,40.400001525878906,41.959999084472656,37.900001525878906,38.7400016784668,62000200
2020-04-03,29.701801300048828,39.209999084472656,42.18000030517578,38.52000045776367,41.45000076293945,48425700
2020-04-06,30.656253814697266,40.470001220703125,40.83000183105469,39.22999954223633,39.880001068115234,41301900
2020-04-07,31.239538192749023,41.2400016784668,43.31999969482422,41.15999984741211,42.900001525878906,48921800
2020-04-08,33.21662139892578,43.849998474121094,44.040000915527344,41.470001220703125,41.95000076293945,33355600
2020-04-09,32.67123794555664,43.130001068115234,46.709999084472656,41.7400016784668,45.459999084472656,60107300
2020-04-13,32.39094543457031,42.7599983215332,44.689998626708984,41.970001220703125,44.45000076293945,29651900
2020-04-14,32.14097213745117,42.43000030517578,43.75,41.90999984741211,43.0,30769000
2020-04-15,30.663833618164062,40.47999954223633,41.060001373291016,39.380001068115234,41.0,33125000
2020-04-16,29.656352996826172,39.150001525878906,40.47999954223633,38.93000030517578,40.47999954223633,30934000
2020-04-17,32.73940658569336,43.220001220703125,43.31999969482422,39.869998931884766,39.880001068115234,40829100
2020-04-20,31.194093704223633,41.18000030517578,42.7400016784668,40.540000915527344,40.75,39260800
2020-04-21,31.027433395385742,40.959999084472656,42.130001068115234,39.630001068115234,40.400001525878906,44381600
2020-04-22,31.913721084594727,42.130001068115234,42.93000030517578,41.86000061035156,42.599998474121094,27074200
2020-04-23,32.91362762451172,43.45000076293945,44.65999984741211,42.810001373291016,43.130001068115234,35271000
2020-04-24,33.12572479248047,43.72999954223633,44.88999938964844,43.130001068115234,44.400001525878906,28653800
2020-04-27,33.28480529785156,43.939998626708984,44.31999969482422,42.22999954223633,43.59000015258789,28274400
2020-04-28,34.06504440307617,44.970001220703125,45.38999938964844,44.11000061035156,44.369998931884766,26545100
2020-04-29,35.95122528076172,47.459999084472656,47.599998474121094,46.15999984741211,46.2599983215332,29502500
2020-04-30,35.2012939453125,46.470001220703125,47.68000030517578,45.77000045776367,47.68000030517578,37076300
2020-05-01,32.67879867553711,43.13999938964844,46.38999938964844,43.0,45.630001068115234,35399300
2020-05-04,33.99685287475586,44.880001068115234,44.939998626708984,42.220001220703125,42.5099983215332,27465600
2020-05-05,33.9589958190918,44.83000183105469,47.150001525878906,44.65999984741211,46.2599983215332,29276200
2020-05-06,33.32268142700195,43.9900016784668,45.27000045776367,43.900001525878906,44.93000030517578,22659000
2020-05-07,33.51206588745117,44.2400016784668,45.27000045776367,43.970001220703125,44.959999084472656,22160300
2020-05-08,34.98162078857422,46.18000030517578,46.220001220703125,44.97999954223633,45.310001373291016,19977400
2020-05-11,34.648319244384766,45.7400016784668,46.20000076293945,45.5099983215332,46.11000061035156,22258000
2020-05-12,34.06916809082031,44.119998931884766,45.66999816894531,44.119998931884766,45.41999816894531,25439100
2020-05-13,32.3780632019043,41.93000030517578,43.869998931884766,41.599998474121094,43.7400016784668,30827900
2020-05-14,32.66377639770508,42.29999923706055,42.54999923706055,40.20000076293945,41.06999969482422,24856500
2020-05-15,32.4321174621582,42.0,43.0099983215332,41.849998474121094,42.380001068115234,22445600
2020-05-18,35.0112419128418,45.34000015258789,45.58000183105469,44.060001373291016,44.400001525878906,32026100
2020-05-19,33.930179595947266,43.939998626708984,46.630001068115234,43.93000030517578,45.54999923706055,21771600
2020-05-20,35.0344123840332,45.369998931884766,45.58000183105469,44.56999969482422,44.619998931884766,19352400
2020-05-21,34.408939361572266,44.560001373291016,45.790000915527344,44.38999938964844,45.439998626708984,19130700
2020-05-22,34.43982696533203,44.599998474121094,44.66999816894531,43.45000076293945,44.04999923706055,15406400
2020-05-26,35.45139694213867,45.90999984741211,46.29999923706055,45.470001220703125,45.7400016784668,20356500
2020-05-27,35.70622253417969,46.2400016784668,47.13999938964844,45.40999984741211,46.65999984741211,20788300
2020-05-28,34.77958297729492,45.040000915527344,46.459999084472656,44.93000030517578,46.43000030517578,19698000
2020-05-29,35.111637115478516,45.470001220703125,45.689998626708984,44.369998931884766,44.81999969482422,25874700
2020-06-01,35.73710632324219,46.279998779296875,46.45000076293945,44.79999923706055,45.31999969482422,19031000
2020-06-02,36.53246307373047,47.310001373291016,47.45000076293945,46.75,46.86000061035156,22319000
2020-06-03,38.02280044555664,49.2400016784668,49.400001525878906,47.95000076293945,48.0,23418000
2020-06-04,37.914695739746094,49.099998474121094,49.150001525878906,48.15999984741211,48.880001068115234,18731400
2020-06-05,40.98802947998047,53.08000183105469,53.45000076293945,51.599998474121094,51.650001525878906,41328900
2020-06-08,42.26986312866211,54.7400016784668,55.36000061035156,53.459999084472656,54.720001220703125,33579400
2020-06-09,41.32778549194336,53.52000045776367,53.970001220703125,52.45000076293945,52.880001068115234,27276900
2020-06-10,39.11159133911133,50.650001525878906,53.5,50.599998474121094,53.5,31156800
2020-06-11,35.659889221191406,46.18000030517578,48.84000015258789,46.099998474121094,47.529998779296875,39183000
2020-06-12,36.424354553222656,47.16999816894531,48.619998931884766,45.90999984741211,48.040000915527344,30978100
2020-06-15,36.40119934082031,47.13999938964844,47.7599983215332,44.75,45.349998474121094,27929300
2020-06-16,37.21971893310547,48.20000076293945,49.75,47.2400016784668,49.56999969482422,26203400
2020-06-17,36.00736999511719,46.630001068115234,48.130001068115234,46.599998474121094,48.0,19279400
2020-06-18,36.23130798339844,46.91999816894531,47.33000183105469,45.77000045776367,46.11000061035156,21478700
2020-06-19,35.50545120239258,45.97999954223633,48.2599983215332,45.97999954223633,48.220001220703125,48899900
2020-06-22,35.845218658447266,46.41999816894531,46.439998626708984,45.400001525878906,45.689998626708984,17565400
2020-06-23,36.06143569946289,46.70000076293945,47.220001220703125,46.5,46.900001525878906,18916600
2020-06-24,34.36260223388672,44.5,45.959999084472656,44.25,45.90999984741211,27626900
2020-06-25,34.879974365234375,45.16999816894531,45.2400016784668,43.689998626708984,44.04999923706055,19353600
2020-06-26,33.68307113647461,43.619998931884766,44.939998626708984,43.5,44.880001068115234,31518600
2020-06-29,34.223609924316406,44.31999969482422,44.58000183105469,43.540000915527344,43.810001373291016,17052100
2020-06-30,34.53248596191406,44.720001220703125,44.970001220703125,43.15999984741211,43.43000030517578,22153600
2020-07-01,33.75258255004883,43.709999084472656,45.380001068115234,43.66999816894531,44.4900016784668,17290100
2020-07-02,34.03828811645508,44.08000183105469,45.189998626708984,43.93000030517578,44.619998931884766,18216600
2020-07-06,34.27766799926758,44.38999938964844,45.08000183105469,43.84000015258789,44.66999816894531,22692000
2020-07-07,33.3896484375,43.2400016784668,44.0,43.11000061035156,43.900001525878906,17407600
2020-07-08,33.31242370605469,43.13999938964844,43.93000030517578,42.84000015258789,43.150001525878906,18291400
2020-07-09,31.93792152404785,41.36000061035156,43.099998474121094,41.290000915527344,42.900001525878906,25882000
2020-07-10,32.934051513671875,42.650001525878906,42.709999084472656,41.099998474121094,41.119998931884766,18951000
2020-07-13,32.94176483154297,42.65999984741211,43.290000915527344,42.22999954223633,42.97999954223633,20028300
2020-07-14,34.030555725097656,44.06999969482422,44.189998626708984,42.2599983215332,42.529998779296875,21444100
2020-07-15,34.462989807128906,44.630001068115234,45.09000015258789,44.209999084472656,45.029998779296875,17332400
2020-07-16,34.192726135253906,44.279998779296875,44.810001373291016,43.790000915527344,44.310001373291016,14673700
2020-07-17,33.60585403442383,43.52000045776367,44.689998626708984,43.38999938964844,44.33000183105469,17958900
2020-07-20,32.81821823120117,42.5,43.5099983215332,42.47999954223633,43.209999084472656,18553900
2020-07-21,34.478431701660156,44.650001525878906,45.189998626708984,43.11000061035156,43.150001525878906,28821800
2020-07-22,33.675357818603516,43.61000061035156,44.150001525878906,43.369998931884766,44.150001525878906,21345400
2020-07-23,33.74484634399414,43.70000076293945,43.81999969482422,43.02000045776367,43.400001525878906,17934400
2020-07-24,33.53635787963867,43.43000030517578,44.41999816894531,43.189998626708984,43.880001068115234,16415300
2020-07-27,34.030555725097656,44.06999969482422,44.09000015258789,42.970001220703125,43.22999954223633,18547900
2020-07-28,33.629024505615234,43.54999923706055,44.25,43.459999084472656,43.90999984741211,19190500
2020-07-29,33.999671936035156,44.029998779296875,44.09000015258789,43.34000015258789,43.709999084472656,14143200
2020-07-30,32.33174133300781,41.869998931884766,43.18000030517578,41.83000183105469,43.130001068115234,29901100
2020-07-31,32.493896484375,42.08000183105469,42.16999816894531,40.90999984741211,41.15999984741211,32116200
2020-08-03,32.62517547607422,42.25,42.5,41.470001220703125,42.04999923706055,23033600
2020-08-04,33.56724548339844,43.470001220703125,43.599998474121094,42.2400016784668,42.34000015258789,17724000
2020-08-05,33.86068344116211,43.849998474121094,44.310001373291016,43.529998779296875,44.150001525878906,17175100
2020-08-06,33.69851303100586,43.63999938964844,43.900001525878906,43.25,43.400001525878906,14434900
2020-08-07,33.54408264160156,43.439998626708984,43.52000045776367,42.810001373291016,43.22999954223633,18757900
2020-08-10,34.37033462524414,44.5099983215332,44.599998474121094,43.599998474121094,43.9900016784668,24367800
2020-08-11,34.725528717041016,44.970001220703125,46.41999816894531,44.72999954223633,45.5,28987500
2020-08-12,34.7176628112793,44.09000015258789,44.939998626708984,43.630001068115234,44.459999084472656,22503200
2020-08-13,33.867244720458984,43.0099983215332,43.869998931884766,42.91999816894531,43.5,17338700
2020-08-14,34.016849517822266,43.20000076293945,43.279998779296875,42.40999984741211,42.599998474121094,13595700
2020-08-17,33.575889587402344,42.63999938964844,43.16999816894531,42.470001220703125,43.16999816894531,15554600
2020-08-18,33.41053009033203,42.43000030517578,43.189998626708984,42.290000915527344,42.59000015258789,13014000
2020-08-19,33.04044723510742,41.959999084472656,42.65999984741211,41.869998931884766,42.349998474121094,14473100
2020-08-20,32.53649139404297,41.31999969482422,41.88999938964844,41.29999923706055,41.689998626708984,15678500
2020-08-21,32.29238510131836,41.0099983215332,41.34000015258789,40.709999084472656,41.29999923706055,25517700
2020-08-24,33.24517059326172,42.220001220703125,42.5099983215332,41.09000015258789,41.279998779296875,18208900
2020-08-25,32.19002151489258,40.880001068115234,42.06999969482422,40.70000076293945,41.65999984741211,31285600
2020-08-26,31.504962921142578,40.0099983215332,40.84000015258789,40.0,40.63999938964844,26795000
2020-08-27,31.292346954345703,39.7400016784668,40.29999923706055,39.310001373291016,40.0,32034300
2020-08-28,32.04041290283203,40.689998626708984,40.91999816894531,39.7599983215332,39.84000015258789,33477100
2020-08-31,31.4498348236084,39.939998626708984,40.720001220703125,39.900001525878906,40.63999938964844,25259600
2020-09-01,31.048254013061523,39.43000030517578,39.75,39.04999923706055,39.75,22464100
2020-09-02,30.859272003173828,39.189998626708984,39.720001220703125,38.95000076293945,39.22999954223633,26413400
2020-09-03,30.796283721923828,39.11000061035156,40.029998779296875,38.880001068115234,39.20000076293945,28817200
2020-09-04,30.77264976501465,39.08000183105469,39.790000915527344,38.650001525878906,39.459999084472656,24632500
2020-09-08,30.063962936401367,38.18000030517578,38.68000030517578,37.349998474121094,38.25,38496400
2020-09-09,29.882856369018555,37.95000076293945,38.84000015258789,37.91999816894531,38.349998474121094,25886100
2020-09-10,29.13479995727539,37.0,38.369998931884766,36.900001525878906,38.27000045776367,34381200
2020-09-11,29.05606460571289,36.900001525878906,37.310001373291016,36.4900016784668,37.130001068115234,26838600
2020-09-14,28.867076873779297,36.65999984741211,37.0099983215332,36.4900016784668,36.90999984741211,26129900
2020-09-15,28.559978485107422,36.27000045776367,37.380001068115234,36.209999084472656,36.79999923706055,23724200
2020-09-16,29.772621154785156,37.810001373291016,38.150001525878906,36.27000045776367,36.459999084472656,30890900
2020-09-17,29.76474952697754,37.79999923706055,37.97999954223633,36.970001220703125,37.349998474121094,24696200
2020-09-18,29.284408569335938,37.189998626708984,37.81999969482422,36.70000076293945,37.529998779296875,46853800
2020-09-21,28.685970306396484,36.43000030517578,36.709999084472656,35.68000030517578,36.43000030517578,35351800
2020-09-22,27.977285385131836,35.529998779296875,36.84000015258789,35.470001220703125,36.459999084472656,27303200
2020-09-23,27.079618453979492,34.38999938964844,35.790000915527344,34.349998474121094,35.650001525878906,31251400
2020-09-24,27.024494171142578,34.31999969482422,34.81999969482422,33.7599983215332,34.400001525878906,26796000
2020-09-25,27.276473999023438,34.63999938964844,34.939998626708984,33.880001068115234,34.0,23486000
2020-09-28,27.804046630859375,35.310001373291016,35.900001525878906,35.099998474121094,35.13999938964844,23396500
2020-09-29,26.993000030517578,34.279998779296875,35.11000061035156,33.9900016784668,35.0,20770500
2020-09-30,27.032373428344727,34.33000183105469,34.91999816894531,34.130001068115234,34.63999938964844,22223700
2020-10-01,26.08746337890625,33.130001068115234,34.099998474121094,32.939998626708984,33.790000915527344,36890200
2020-10-02,25.96934700012207,32.97999954223633,33.349998474121094,32.209999084472656,32.25,32694300
2020-10-05,26.567794799804688,33.7400016784668,33.75,33.16999816894531,33.31999969482422,22965200
2020-10-06,26.292192459106445,33.38999938964844,34.41999816894531,33.310001373291016,34.119998931884766,26731800
2020-10-07,26.37881088256836,33.5,33.7400016784668,33.209999084472656,33.63999938964844,23779300
2020-10-08,27.764680862426758,35.2599983215332,35.34000015258789,33.7599983215332,33.880001068115234,34413700
2020-10-09,27.355220794677734,34.7400016784668,35.95000076293945,34.650001525878906,35.68000030517578,29228600
2020-10-12,27.268604278564453,34.630001068115234,34.72999954223633,34.22999954223633,34.540000915527344,17912800
2020-10-13,26.945755004882812,34.220001220703125,34.869998931884766,34.099998474121094,34.72999954223633,20995100
2020-10-14,26.890640258789062,34.150001525878906,34.83000183105469,34.029998779296875,34.060001373291016,17743000
2020-10-15,27.126867294311523,34.45000076293945,34.459999084472656,33.27000045776367,33.70000076293945,23251600
2020-10-16,26.851266860961914,34.099998474121094,34.63999938964844,33.880001068115234,34.369998931884766,22627200
2020-10-19,26.315814971923828,33.41999816894531,34.369998931884766,33.38999938964844,34.099998474121094,23645800
2020-10-20,26.53628921508789,33.70000076293945,33.93000030517578,33.33000183105469,33.65999984741211,23040600
2020-10-21,26.111085891723633,33.15999984741211,33.619998931884766,33.13999938964844,33.5099983215332,28619300
2020-10-22,27.449703216552734,34.86000061035156,34.959999084472656,33.02000045776367,33.18000030517578,31831500
2020-10-23,26.898508071899414,34.15999984741211,35.08000183105469,33.86000061035156,34.970001220703125,27429100
2020-10-26,26.260684967041016,33.349998474121094,33.77000045776367,32.95000076293945,33.61000061035156,30888700
2020-10-27,25.843355178833008,32.81999969482422,33.20000076293945,32.70000076293945,33.150001525878906,27100700
2020-10-28,24.859073638916016,31.56999969482422,32.380001068115234,31.520000457763672,32.099998474121094,42136400
2020-10-29,25.96147346496582,32.970001220703125,33.130001068115234,31.110000610351562,31.40999984741211,38622800
2020-10-30,25.685871124267578,32.619998931884766,33.13999938964844,32.0099983215332,32.40999984741211,47885700
2020-11-02,26.764650344848633,33.9900016784668,34.459999084472656,32.56999969482422,33.13999938964844,40130300
2020-11-03,26.307947158813477,33.40999984741211,34.4900016784668,33.130001068115234,34.4900016784668,36773000
2020-11-04,26.166200637817383,33.22999954223633,34.13999938964844,32.529998779296875,33.27000045776367,35410100
2020-11-05,26.11895751953125,33.16999816894531,33.91999816894531,33.13999938964844,33.369998931884766,30824100
2020-11-06,25.811859130859375,32.779998779296875,33.65999984741211,32.619998931884766,33.099998474121094,33985600
2020-11-09,29.079687118530273,36.93000030517578,38.0099983215332,36.060001373291016,36.41999816894531,76879400
2020-11-10,29.724830627441406,36.86000061035156,37.43000030517578,35.97999954223633,37.04999923706055,49055400
2020-11-11,29.418378829956055,36.47999954223633,37.119998931884766,36.189998626708984,37.09000015258789,34124500
2020-11-12,28.41034698486328,35.22999954223633,36.290000915527344,34.869998931884766,35.86000061035156,30933700
2020-11-13,29.095806121826172,36.08000183105469,36.25,35.380001068115234,35.400001525878906,29241500
2020-11-16,30.773174285888672,38.15999984741211,38.16999816894531,37.099998474121094,37.59000015258789,38596800
2020-11-17,31.1844539642334,38.66999816894531,38.709999084472656,37.380001068115234,37.810001373291016,26521100
2020-11-18,30.007068634033203,37.209999084472656,39.130001068115234,37.20000076293945,39.02000045776367,31068000
2020-11-19,30.160295486450195,37.400001525878906,37.5,36.560001373291016,36.86000061035156,26954400
2020-11-20,29.789339065551758,36.939998626708984,37.40999984741211,36.779998779296875,37.349998474121094,18351000
2020-11-23,31.740888595581055,39.36000061035156,39.43000030517578,37.279998779296875,37.5,29367600
2020-11-24,33.85372543334961,41.97999954223633,42.08000183105469,40.220001220703125,40.5099983215332,46979300
2020-11-25,32.91020202636719,40.810001373291016,41.709999084472656,40.650001525878906,41.66999816894531,28178200
2020-11-27,32.41021728515625,40.189998626708984,40.939998626708984,39.869998931884766,40.70000076293945,14971900
2020-11-30,30.74898910522461,38.130001068115234,39.880001068115234,37.970001220703125,39.79999923706055,45614300
2020-12-01,31.047367095947266,38.5,39.650001525878906,38.470001220703125,38.959999084472656,32472900
2020-12-02,32.20860290527344,39.939998626708984,40.41999816894531,38.34000015258789,38.38999938964844,29369500
2020-12-03,32.42634201049805,40.209999084472656,40.63999938964844,39.72999954223633,40.06999969482422,27038900
2020-12-04,33.61178970336914,41.68000030517578,41.7599983215332,40.650001525878906,40.77000045776367,28723600
2020-12-07,32.982784271240234,40.900001525878906,41.540000915527344,40.66999816894531,41.41999816894531,24899400
2020-12-08,34.06339645385742,42.2400016784668,42.59000015258789,40.439998626708984,40.529998779296875,32573800
2020-12-09,34.514991760253906,42.79999923706055,43.72999954223633,42.380001068115234,42.709999084472656,37824800
2020-12-10,35.49076461791992,44.0099983215332,44.470001220703125,42.7599983215332,43.20000076293945,38058700
2020-12-11,35.321407318115234,43.79999923706055,43.93000030517578,43.209999084472656,43.70000076293945,25478800
2020-12-14,34.04726791381836,42.220001220703125,44.459999084472656,42.18000030517578,44.34000015258789,30595000
2020-12-15,34.70853042602539,43.040000915527344,43.220001220703125,42.060001373291016,42.439998626708984,27138400
2020-12-16,35.24077224731445,43.70000076293945,44.11000061035156,42.959999084472656,43.75,34273000
2020-12-17,35.063350677490234,43.47999954223633,44.040000915527344,43.400001525878906,44.0,21204600
2020-12-18,34.45854187011719,42.72999954223633,43.779998779296875,42.41999816894531,43.27000045776367,46596800
2020-12-21,33.82952880859375,41.95000076293945,42.08000183105469,40.529998779296875,41.11000061035156,27869500
2020-12-22,33.25696563720703,41.2400016784668,41.900001525878906,41.22999954223633,41.58000183105469,21792900
2020-12-23,33.68437194824219,41.77000045776367,42.38999938964844,41.459999084472656,41.5099983215332,19085900
2020-12-24,33.547271728515625,41.599998474121094,41.849998474121094,41.380001068115234,41.650001525878906,8039000
2020-12-28,33.660179138183594,41.7400016784668,42.54999923706055,41.52000045776367,41.689998626708984,23877500
2020-12-29,33.281150817871094,41.27000045776367,42.119998931884766,41.20000076293945,42.040000915527344,20287700
2020-12-30,33.547271728515625,41.599998474121094,42.41999816894531,41.27000045776367,41.33000183105469,23807300
2020-12-31,33.2408447265625,41.220001220703125,41.68000030517578,40.970001220703125,41.470001220703125,22786500
2021-01-04,33.46663284301758,41.5,42.25,41.0,41.45000076293945,27764700
2021-01-05,35.0794792175293,43.5,44.79999923706055,41.83000183105469,41.84000015258789,44035100
2021-01-06,35.97461700439453,44.61000061035156,45.099998474121094,43.70000076293945,44.40999984741211,36484800
2021-01-07,36.25686264038086,44.959999084472656,45.56999969482422,44.529998779296875,45.0,29528100
2021-01-08,36.66007995605469,45.459999084472656,45.81999969482422,44.95000076293945,45.20000076293945,28628200
2021-01-11,37.7729377746582,46.84000015258789,47.13999938964844,44.75,45.040000915527344,38246200
2021-01-12,38.611629486083984,47.880001068115234,48.16999816894531,46.90999984741211,47.459999084472656,36915100
2021-01-13,39.047096252441406,48.41999816894531,48.709999084472656,47.689998626708984,48.529998779296875,29000300
2021-01-14,40.57123565673828,50.310001373291016,51.08000183105469,48.5,48.5,35474800
2021-01-15,38.619686126708984,47.88999938964844,49.08000183105469,47.290000915527344,48.90999984741211,42411300
2021-01-19,39.38579559326172,48.84000015258789,49.439998626708984,48.349998474121094,48.45000076293945,24932600
2021-01-20,39.942222595214844,49.529998779296875,49.7400016784668,48.9900016784668,49.11000061035156,22342400
2021-01-21,38.79710006713867,48.11000061035156,49.38999938964844,47.68000030517578,49.33000183105469,29044500
2021-01-22,38.248741149902344,47.43000030517578,47.63999938964844,46.63999938964844,47.0099983215332,23264800
2021-01-25,37.82133102416992,46.900001525878906,47.04999923706055,46.15999984741211,46.900001525878906,26395800
2021-01-26,36.9907112121582,45.869998931884766,47.86000061035156,45.849998474121094,47.2599983215332,23976800
2021-01-27,36.57136535644531,45.349998474121094,46.65999984741211,44.529998779296875,45.0,32410300
2021-01-28,37.14393615722656,46.060001373291016,46.59000015258789,45.689998626708984,45.939998626708984,24967200
2021-01-29,36.16009521484375,44.84000015258789,46.040000915527344,44.5099983215332,45.54999923706055,38961100
2021-02-01,36.224605560302734,44.91999816894531,45.58000183105469,44.290000915527344,45.58000183105469,24412400
2021-02-02,36.79716491699219,45.630001068115234,46.9900016784668,45.279998779296875,45.810001373291016,31940400
2021-02-03,38.24066162109375,47.41999816894531,47.66999816894531,45.41999816894531,45.630001068115234,28459300
2021-02-04,38.974525451660156,48.33000183105469,48.380001068115234,47.25,47.880001068115234,25280300
2021-02-05,40.28092956542969,49.95000076293945,50.119998931884766,49.040000915527344,49.18000030517578,34980100
2021-02-08,42.01473617553711,52.099998474121094,52.36000061035156,50.709999084472656,50.91999816894531,36998700
2021-02-09,41.52266311645508,50.630001068115234,50.959999084472656,49.77000045776367,50.66999816894531,28977000
2021-02-10,41.924530029296875,51.119998931884766,51.41999816894531,50.38999938964844,50.630001068115234,25723800
2021-02-11,40.87477493286133,49.84000015258789,50.93000030517578,48.779998779296875,50.88999938964844,26972200
2021-02-12,41.43246078491211,50.52000045776367,50.709999084472656,49.40999984741211,49.43000030517578,19756700
2021-02-16,42.679039001464844,52.040000915527344,52.529998779296875,51.619998931884766,51.959999084472656,28060100
2021-02-17,43.34333419799805,52.849998474121094,53.27000045776367,51.79999923706055,52.349998474121094,25509700
2021-02-18,42.662628173828125,52.02000045776367,52.939998626708984,51.86000061035156,52.810001373291016,20627600
2021-02-19,42.94968032836914,52.369998931884766,52.560001373291016,51.91999816894531,52.11000061035156,22607200
2021-02-22,44.53251266479492,54.29999923706055,54.810001373291016,52.59000015258789,52.59000015258789,36435100
2021-02-23,45.14760208129883,55.04999923706055,55.2599983215332,53.7400016784668,54.97999954223633,33527900
2021-02-24,46.500797271728516,56.70000076293945,57.0,54.869998931884766,55.189998626708984,28728600
2021-02-25,45.729888916015625,55.7599983215332,57.25,55.349998474121094,56.97999954223633,29670900
2021-02-26,44.58992004394531,54.369998931884766,55.060001373291016,53.119998931884766,54.40999984741211,35291000
2021-03-01,46.2547721862793,56.400001525878906,57.61000061035156,56.130001068115234,56.470001220703125,36998300
2021-03-02,45.9841194152832,56.06999969482422,56.959999084472656,56.02000045776367,56.650001525878906,30302600
2021-03-03,46.35316848754883,56.52000045776367,57.959999084472656,55.880001068115234,56.41999816894531,35358900
2021-03-04,48.14923858642578,58.709999084472656,59.470001220703125,57.099998474121094,57.119998931884766,52137500
2021-03-05,49.96989822387695,60.93000030517578,61.04999923706055,59.11000061035156,59.83000183105469,51429800
2021-03-08,49.92068862915039,60.869998931884766,61.61000061035156,59.81999969482422,61.58000183105469,38154600
2021-03-09,49.1497802734375,59.93000030517578,61.38999938964844,59.470001220703125,60.61000061035156,35645900
2021-03-10,50.65879440307617,61.77000045776367,61.91999816894531,60.029998779296875,60.52000045776367,31579100
2021-03-11,50.28155517578125,61.310001373291016,62.54999923706055,61.2599983215332,61.779998779296875,24802600
2021-03-12,50.82283401489258,61.970001220703125,62.369998931884766,61.5,61.54999923706055,20422700
2021-03-15,49.52702713012695,60.38999938964844,61.86000061035156,59.869998931884766,61.4900016784668,31243600
2021-03-16,48.4772834777832,59.11000061035156,59.65999984741211,58.439998626708984,59.540000915527344,30624800
2021-03-17,48.690513610839844,59.369998931884766,59.72999954223633,58.619998931884766,58.689998626708984,25575500
2021-03-18,46.591007232666016,56.810001373291016,58.970001220703125,56.52000045776367,58.810001373291016,38622800
2021-03-19,46.328575134277344,56.4900016784668,57.470001220703125,55.810001373291016,56.709999084472656,84439400
2021-03-22,45.85289764404297,55.90999984741211,56.86000061035156,55.900001525878906,56.5,29315100
2021-03-23,45.28702163696289,55.220001220703125,56.290000915527344,54.45000076293945,54.939998626708984,33493300
2021-03-24,46.20555114746094,56.34000015258789,57.279998779296875,56.08000183105469,56.08000183105469,29781800
2021-03-25,46.07433319091797,56.18000030517578,56.5,54.5,55.209999084472656,31495900
2021-03-26,47.329105377197266,57.709999084472656,57.779998779296875,56.52000045776367,57.29999923706055,34226500
2021-03-29,47.074886322021484,57.400001525878906,57.81999969482422,56.7400016784668,57.34000015258789,21144400
2021-03-30,46.492591857910156,56.689998626708984,57.36000061035156,56.4900016784668,56.86000061035156,20303400
2021-03-31,45.787288665771484,55.83000183105469,56.630001068115234,55.79999923706055,56.349998474121094,23686500
2021-04-01,47.06667709350586,57.38999938964844,57.45000076293945,56.13999938964844,56.31999969482422,23194500
2021-04-05,46.33677291870117,56.5,57.31999969482422,56.13999938964844,57.29999923706055,23264800
2021-04-06,46.20555114746094,56.34000015258789,57.540000915527344,56.2599983215332,56.84000015258789,18926300
2021-04-07,46.41059112548828,56.59000015258789,56.77000045776367,56.2400016784668,56.38999938964844,22385000
2021-04-08,45.92670440673828,56.0,56.08000183105469,55.31999969482422,55.93000030517578,21999300
2021-04-09,45.82009506225586,55.869998931884766,56.439998626708984,55.529998779296875,56.0,20020700
2021-04-12,45.51665496826172,55.5,56.790000915527344,55.310001373291016,56.7599983215332,20238800
2021-04-13,45.688873291015625,55.709999084472656,55.97999954223633,55.09000015258789,55.29999923706055,19370600
2021-04-14,47.009273529052734,57.31999969482422,58.0099983215332,56.25,56.40999984741211,28051100
2021-04-15,46.73042678833008,56.97999954223633,57.41999816894531,56.779998779296875,57.41999816894531,23250300
2021-04-16,46.46799850463867,56.65999984741211,57.68000030517578,56.439998626708984,57.36000061035156,22752000
2021-04-19,46.32037353515625,56.47999954223633,57.13999938964844,55.959999084472656,56.75,21123300
2021-04-20,45.344425201416016,55.290000915527344,56.470001220703125,54.779998779296875,56.470001220703125,21782100
2021-04-21,45.92670440673828,56.0,56.130001068115234,54.29999923706055,54.5,16625600
2021-04-22,45.32802200317383,55.27000045776367,55.9900016784668,55.02000045776367,55.9900016784668,21600100
2021-04-23,45.57406234741211,55.56999969482422,55.939998626708984,55.18000030517578,55.27000045776367,15337900
2021-04-26,45.66427230834961,55.68000030517578,56.290000915527344,55.439998626708984,55.470001220703125,16083800
2021-04-27,46.26295471191406,56.40999984741211,56.630001068115234,55.810001373291016,56.0099983215332,19278600
2021-04-28,47.657169342041016,58.11000061035156,58.459999084472656,56.790000915527344,56.90999984741211,24729800
2021-04-29,48.337867736816406,58.939998626708984,59.47999954223633,58.150001525878906,58.91999816894531,27318400
2021-04-30,46.943668365478516,57.2400016784668,58.88999938964844,57.15999984741211,58.33000183105469,30518400
2021-05-03,48.23945617675781,58.81999969482422,58.9900016784668,57.7400016784668,57.97999954223633,20509600
2021-05-04,48.54290008544922,59.189998626708984,59.5,58.5099983215332,59.0,23522200
2021-05-05,50.002716064453125,60.970001220703125,61.04999923706055,59.400001525878906,59.77000045776367,31526200
2021-05-06,50.47837829589844,61.54999923706055,61.63999938964844,60.029998779296875,60.86000061035156,26836800
2021-05-07,51.2000846862793,62.43000030517578,62.470001220703125,60.849998474121094,61.06999969482422,33610600
2021-05-10,51.32310104370117,62.58000183105469,64.0199966430664,62.529998779296875,63.2400016784668,31956600
2021-05-11,49.69105911254883,60.59000015258789,62.38999938964844,60.38999938964844,61.630001068115234,34563800
2021-05-12,49.95732498168945,60.040000915527344,61.68000030517578,59.75,60.0099983215332,34426500
2021-05-13,49.34159469604492,59.29999923706055,60.45000076293945,58.75,59.0,24268200
2021-05-14,50.56474304199219,60.77000045776367,60.880001068115234,59.93000030517578,59.93000030517578,20735400
2021-05-17,51.74626159667969,62.189998626708984,62.25,60.43000030517578,60.540000915527344,25282500
2021-05-18,50.28183364868164,60.43000030517578,62.29999923706055,60.400001525878906,62.0,25170800
2021-05-19,49.075340270996094,58.97999954223633,59.86000061035156,58.41999816894531,59.099998474121094,28889800
2021-05-20,48.95884704589844,58.84000015258789,59.150001525878906,58.2400016784668,58.95000076293945,20692500
2021-05-21,49.02540588378906,58.91999816894531,59.83000183105469,58.849998474121094,59.41999816894531,20792700
2021-05-24,49.59953689575195,59.61000061035156,59.79999923706055,58.689998626708984,59.08000183105469,18400300
2021-05-25,48.47624969482422,58.2599983215332,59.540000915527344,58.119998931884766,59.5,25616100
2021-05-26,49.04205322265625,58.939998626708984,59.119998931884766,57.900001525878906,58.25,21698700
2021-05-27,48.72586441040039,58.560001373291016,59.70000076293945,58.02000045776367,59.22999954223633,33556000
2021-05-28,48.56777572631836,58.369998931884766,58.79999923706055,58.11000061035156,58.72999954223633,19246800
2021-06-01,50.30678939819336,60.459999084472656,60.70000076293945,59.45000076293945,59.45000076293945,28474200
2021-06-02,50.7061882019043,60.939998626708984,61.310001373291016,60.16999816894531,60.75,22978300
2021-06-03,50.90589141845703,61.18000030517578,61.40999984741211,60.349998474121094,60.54999923706055,20272800
2021-06-04,51.13053512573242,61.45000076293945,61.70000076293945,60.779998779296875,61.459999084472656,20427800
2021-06-07,50.79771423339844,61.04999923706055,61.72999954223633,61.02000045776367,61.33000183105469,15477900
2021-06-08,51.69635009765625,62.130001068115234,62.47999954223633,60.66999816894531,61.5,28953400
2021-06-09,52.1290283203125,62.650001525878906,63.41999816894531,62.189998626708984,62.66999816894531,29133000
2021-06-10,52.21221923828125,62.75,63.97999954223633,62.25,63.61000061035156,27488700
2021-06-11,51.72962188720703,62.16999816894531,63.189998626708984,62.13999938964844,63.0099983215332,17631700
2021-06-14,51.646427154541016,62.06999969482422,62.779998779296875,61.56999969482422,62.29999923706055,16997200
2021-06-15,53.52689743041992,64.33000183105469,64.4000015258789,62.349998474121094,62.47999954223633,30717100
2021-06-16,53.335514068603516,64.0999984741211,64.80000305175781,63.560001373291016,64.31999969482422,24803200
2021-06-17,51.57986068725586,61.9900016784668,64.45999908447266,61.27000045776367,63.86000061035156,28491800
2021-06-18,50.256866455078125,60.400001525878906,61.54999923706055,60.2400016784668,61.0,39590700
2021-06-21,52.07909393310547,62.59000015258789,62.70000076293945,60.900001525878906,60.93000030517578,33145400
2021-06-22,53.07756805419922,63.790000915527344,64.01000213623047,62.22999954223633,62.849998474121094,25140400
2021-06-23,53.468658447265625,64.26000213623047,64.69999694824219,63.58000183105469,64.05000305175781,20701600
2021-06-24,53.68498229980469,64.5199966430664,64.55999755859375,63.810001373291016,64.1500015258789,19568400
2021-06-25,53.80147933959961,64.66000366210938,64.93000030517578,64.36000061035156,64.61000061035156,18438300
2021-06-28,52.428565979003906,63.0099983215332,64.55999755859375,62.75,64.55999755859375,20570000
2021-06-29,52.10405731201172,62.619998931884766,63.77000045776367,62.59000015258789,63.209999084472656,19579300
2021-06-30,52.4868049621582,63.08000183105469,63.22999954223633,62.45000076293945,62.70000076293945,17875500
2021-07-01,52.6365852355957,63.2599983215332,64.41999816894531,62.77000045776367,64.33000183105469,22530300
2021-07-02,52.56169128417969,63.16999816894531,63.31999969482422,62.41999816894531,63.0099983215332,14555300
2021-07-06,51.0639762878418,61.369998931884766,62.7599983215332,60.900001525878906,62.75,22110800
2021-07-07,50.26519012451172,60.40999984741211,61.810001373291016,59.619998931884766,61.18000030517578,21671400
2021-07-08,50.04052734375,60.13999938964844,60.709999084472656,59.310001373291016,59.45000076293945,18935900
2021-07-09,50.94749069213867,61.22999954223633,61.45000076293945,60.2400016784668,60.70000076293945,20086000
2021-07-12,50.89755630493164,61.16999816894531,61.5,60.15999984741211,60.41999816894531,21809400
2021-07-13,50.65626525878906,60.880001068115234,61.5099983215332,60.5099983215332,61.0,17147300
2021-07-14,49.5329704284668,59.529998779296875,61.72999954223633,59.36000061035156,61.16999816894531,21573600
2021-07-15,49.05036926269531,58.95000076293945,59.70000076293945,58.77000045776367,59.16999816894531,15851100
2021-07-16,47.69410705566406,57.31999969482422,59.2599983215332,57.150001525878906,59.18000030517578,27049500
2021-07-19,46.054927825927734,55.349998474121094,56.20000076293945,54.599998474121094,55.63999938964844,37969100
2021-07-20,46.5624885559082,55.959999084472656,56.599998474121094,55.029998779296875,55.5,26756100
2021-07-21,48.060211181640625,57.7599983215332,58.29999923706055,56.83000183105469,56.86000061035156,20908700
2021-07-22,47.51936721801758,57.11000061035156,57.7400016784668,56.65999984741211,57.72999954223633,13493800
2021-07-23,47.46112060546875,57.040000915527344,57.290000915527344,56.470001220703125,57.290000915527344,14088200
2021-07-26,48.659297943115234,58.47999954223633,58.650001525878906,57.0,57.15999984741211,18387600
2021-07-27,48.11846160888672,57.83000183105469,58.0099983215332,57.209999084472656,58.0099983215332,16861400
2021-07-28,48.442962646484375,58.220001220703125,58.630001068115234,57.619998931884766,58.0,16855300
2021-07-29,49.033729553222656,58.93000030517578,59.33000183105469,58.560001373291016,59.0,18607800
2021-07-30,47.90211868286133,57.56999969482422,58.880001068115234,57.31999969482422,58.880001068115234,28652800
2021-08-02,47.91043472290039,57.58000183105469,59.060001373291016,57.400001525878906,57.54999923706055,20873800
2021-08-03,48.42631912231445,58.20000076293945,58.40999984741211,56.93000030517578,57.56999969482422,18208200
2021-08-04,47.294708251953125,56.84000015258789,57.880001068115234,56.810001373291016,57.189998626708984,20868300
2021-08-05,47.5942497253418,57.20000076293945,57.70000076293945,56.83000183105469,57.130001068115234,15180200
2021-08-06,48.1434211730957,57.86000061035156,58.06999969482422,57.529998779296875,57.65999984741211,14888500
2021-08-09,47.5942497253418,57.20000076293945,57.52000045776367,56.83000183105469,57.130001068115234,17828200
2021-08-10,48.40968704223633,58.18000030517578,58.36000061035156,57.29999923706055,57.41999816894531,16340200
2021-08-11,48.55112838745117,58.349998474121094,58.5,57.720001220703125,58.189998626708984,18278600
2021-08-12,48.441322326660156,57.349998474121094,57.790000915527344,56.869998931884766,57.400001525878906,19225500
2021-08-13,47.951419830322266,56.77000045776367,57.06999969482422,56.29999923706055,57.029998779296875,20063000
2021-08-16,47.2503547668457,55.939998626708984,56.09000015258789,55.27000045776367,56.02000045776367,16959500
2021-08-17,46.92938232421875,55.560001373291016,56.29999923706055,55.0,55.5,16243700
2021-08-18,45.94111633300781,54.38999938964844,55.810001373291016,54.310001373291016,55.41999816894531,21890500
2021-08-19,44.538997650146484,52.72999954223633,53.709999084472656,52.099998474121094,53.470001220703125,30923500
2021-08-20,44.54743957519531,52.7400016784668,53.13999938964844,52.11000061035156,52.27000045776367,16918300
2021-08-23,46.38035202026367,54.90999984741211,55.060001373291016,53.95000076293945,53.95000076293945,21632600
2021-08-24,46.76044464111328,55.36000061035156,55.849998474121094,55.0099983215332,55.290000915527344,17915600
2021-08-25,46.84491729736328,55.459999084472656,55.77000045776367,54.869998931884766,55.2400016784668,13270300
2021-08-26,46.21141052246094,54.709999084472656,55.540000915527344,54.630001068115234,55.20000076293945,11842600
2021-08-27,47.10676193237305,55.77000045776367,56.209999084472656,55.400001525878906,55.400001525878906,15822500
2021-08-30,46.59151840209961,55.15999984741211,56.34000015258789,55.119998931884766,56.2400016784668,14086100
2021-08-31,46.05093002319336,54.52000045776367,55.310001373291016,54.459999084472656,54.93000030517578,27104100
2021-09-01,45.41743469238281,53.77000045776367,54.7599983215332,53.599998474121094,54.4900016784668,21644100
2021-09-02,46.52394104003906,55.08000183105469,55.63999938964844,54.27000045776367,54.290000915527344,23293300
2021-09-03,46.346561431884766,54.869998931884766,55.31999969482422,54.599998474121094,55.119998931884766,13840000
2021-09-07,46.076271057128906,54.54999923706055,55.27000045776367,54.470001220703125,54.66999816894531,14354400
2021-09-08,45.65394973754883,54.04999923706055,55.18000030517578,54.0099983215332,54.790000915527344,18756700
2021-09-09,45.68772888183594,54.09000015258789,55.0,53.29999923706055,53.619998931884766,19110800
2021-09-10,45.59482192993164,53.97999954223633,55.22999954223633,53.95000076293945,55.189998626708984,15123700
2021-09-13,46.768890380859375,55.369998931884766,55.93000030517578,54.619998931884766,54.650001525878906,22052300
2021-09-14,46.10161209106445,54.58000183105469,55.77000045776367,54.40999984741211,55.689998626708984,19940300
2021-09-15,47.655784606933594,56.41999816894531,56.529998779296875,55.310001373291016,55.369998931884766,23240900
2021-09-16,47.14899826049805,55.81999969482422,56.459999084472656,55.5,56.459999084472656,17907200
2021-09-17,46.59151840209961,55.15999984741211,56.75,55.099998474121094,55.34000015258789,30000400
2021-09-20,45.349857330322266,53.689998626708984,54.16999816894531,52.959999084472656,53.779998779296875,27555100
2021-09-21,45.30763626098633,53.63999938964844,54.5099983215332,53.25,54.369998931884766,19696800
2021-09-22,46.63374328613281,55.209999084472656,55.90999984741211,54.369998931884766,54.43000030517578,25690600
2021-09-23,48.2132682800293,57.08000183105469,57.2400016784668,55.279998779296875,55.41999816894531,23069400
2021-09-24,48.644039154052734,57.59000015258789,57.81999969482422,56.68000030517578,56.70000076293945,22328600
2021-09-27,50.088409423828125,59.29999923706055,59.79999923706055,58.81999969482422,58.849998474121094,32972200
2021-09-28,50.61211013793945,59.91999816894531,60.47999954223633,59.5099983215332,59.900001525878906,37619300
2021-09-29,50.57832717895508,59.880001068115234,60.189998626708984,59.04999923706055,59.84000015258789,23422800
2021-09-30,49.682987213134766,58.81999969482422,60.16999816894531,58.810001373291016,60.119998931884766,31289600
2021-10-01,51.46520233154297,60.93000030517578,60.9900016784668,59.40999984741211,59.40999984741211,24407300
2021-10-04,52.132503509521484,61.720001220703125,62.06999969482422,60.95000076293945,61.31999969482422,33946700
2021-10-05,52.04801940917969,61.619998931884766,62.70000076293945,61.02000045776367,62.52000045776367,29641600
2021-10-06,51.09356689453125,60.4900016784668,61.119998931884766,59.75,60.470001220703125,25284900
2021-10-07,51.237152099609375,60.65999984741211,61.08000183105469,60.13999938964844,60.61000061035156,19513600
2021-10-08,52.52104187011719,62.18000030517578,62.41999816894531,61.25,61.25,22186900
2021-10-11,51.997352600097656,61.560001373291016,63.060001373291016,61.5,63.029998779296875,22121500
2021-10-12,51.72705841064453,61.2400016784668,61.97999954223633,60.849998474121094,61.56999969482422,20198600
2021-10-13,51.583465576171875,61.06999969482422,61.38999938964844,60.209999084472656,60.779998779296875,14991700
2021-10-14,52.36899948120117,62.0,62.220001220703125,61.16999816894531,61.709999084472656,18594500
2021-10-15,52.86735153198242,62.59000015258789,63.06999969482422,62.439998626708984,62.72999954223633,16092600
2021-10-18,52.84201431274414,62.560001373291016,63.13999938964844,62.27000045776367,63.09000015258789,18282800
2021-10-19,53.63599395751953,63.5,63.61000061035156,62.66999816894531,62.869998931884766,18933200
2021-10-20,53.931617736816406,63.849998474121094,63.869998931884766,62.720001220703125,62.88999938964844,14305200
2021-10-21,52.951812744140625,62.689998626708984,63.63999938964844,62.349998474121094,63.470001220703125,16564600
2021-10-22,53.31501388549805,63.119998931884766,63.220001220703125,62.349998474121094,62.77000045776367,14266800
2021-10-25,54.35395431518555,64.3499984741211,64.41999816894531,63.58000183105469,63.720001220703125,17939800
2021-10-26,55.61249542236328,65.83999633789062,65.94000244140625,64.36000061035156,64.48999786376953,25585100
2021-10-27,54.16812515258789,64.12999725341797,65.25,63.97999954223633,65.16000366210938,21764500
2021-10-28,54.32015609741211,64.30999755859375,64.47000122070312,63.630001068115234,63.81999969482422,16626400
2021-10-29,54.455318450927734,64.47000122070312,65.36000061035156,64.33000183105469,65.05000305175781,23966300
2021-11-01,55.43511199951172,65.62999725341797,66.08000183105469,65.0199966430664,65.06999969482422,19656400
2021-11-02,54.75093460083008,64.81999969482422,65.44999694824219,64.66000366210938,65.02999877929688,16300000
2021-11-03,53.99919509887695,63.93000030517578,64.44999694824219,63.65999984741211,64.04000091552734,17372800
2021-11-04,54.404632568359375,64.41000366210938,64.88999938964844,63.83000183105469,64.68000030517578,17720100
2021-11-05,54.91987228393555,65.0199966430664,65.33000183105469,64.55999755859375,65.05000305175781,18565100
2021-11-08,55.51113510131836,65.72000122070312,66.37999725341797,65.37999725341797,65.55000305175781,17696000
2021-11-09,56.051727294921875,66.36000061035156,66.37000274658203,65.30999755859375,65.7699966430664,18781300
2021-11-10,54.94747543334961,64.19000244140625,65.6500015258789,63.77000045776367,65.31999969482422,20177200
2021-11-11,55.050174713134766,64.30999755859375,64.83000183105469,64.0199966430664,64.19000244140625,13319300
2021-11-12,54.63074493408203,63.81999969482422,64.37000274658203,63.58000183105469,63.959999084472656,18158900
2021-11-15,55.1015510559082,64.37000274658203,64.7699966430664,63.220001220703125,63.7599983215332,18849200
2021-11-16,55.657962799072266,65.0199966430664,65.37000274658203,64.33999633789062,64.33999633789062,17028700
2021-11-17,55.050174713134766,64.30999755859375,65.23999786376953,64.18000030517578,64.37999725341797,15497000
2021-11-18,54.45097351074219,63.61000061035156,64.52999877929688,63.11000061035156,64.16000366210938,16948200
2021-11-19,51.934303283691406,60.66999816894531,62.029998779296875,60.40999984741211,61.88999938964844,32035500
2021-11-22,52.653350830078125,61.5099983215332,62.540000915527344,60.31999969482422,60.31999969482422,21994400
2021-11-23,54.040096282958984,63.130001068115234,63.380001068115234,61.91999816894531,62.189998626708984,21185900
2021-11-24,54.339691162109375,63.47999954223633,63.849998474121094,62.58000183105469,62.58000183105469,15869700
2021-11-26,52.430789947509766,61.25,61.41999816894531,59.540000915527344,60.52000045776367,24979600
2021-11-29,52.721839904785156,61.59000015258789,63.13999938964844,61.290000915527344,62.56999969482422,18946400
2021-11-30,51.223812103271484,59.84000015258789,61.189998626708984,59.65999984741211,60.459999084472656,34979800
2021-12-01,51.181007385253906,59.790000915527344,62.029998779296875,59.75,60.900001525878906,30630600
2021-12-02,52.45646667480469,61.279998779296875,61.58000183105469,59.13999938964844,59.7400016784668,29216000
2021-12-03,52.12261962890625,60.88999938964844,62.22999954223633,60.349998474121094,61.91999816894531,22014700
2021-12-06,52.713279724121094,61.58000183105469,62.15999984741211,61.41999816894531,61.720001220703125,19210500
2021-12-07,53.303924560546875,62.27000045776367,63.029998779296875,62.099998474121094,62.34000015258789,19800400
2021-12-08,53.4580078125,62.45000076293945,63.189998626708984,62.34000015258789,62.61000061035156,18214400
2021-12-09,53.594974517822266,62.61000061035156,62.77000045776367,61.810001373291016,62.04999923706055,16910300
2021-12-10,53.93737030029297,63.0099983215332,63.349998474121094,62.22999954223633,63.27000045776367,17942400
2021-12-13,52.756080627441406,61.630001068115234,62.720001220703125,61.349998474121094,62.470001220703125,17793700
2021-12-14,52.67902755737305,61.540000915527344,62.470001220703125,61.220001220703125,61.2599983215332,22551100
2021-12-15,52.44791030883789,61.27000045776367,61.5,60.0099983215332,61.189998626708984,19961900
2021-12-16,52.533512115478516,61.369998931884766,62.45000076293945,61.29999923706055,61.439998626708984,21187800
2021-12-17,51.38644790649414,60.029998779296875,61.279998779296875,59.689998626708984,60.95000076293945,44338100
2021-12-20,50.641719818115234,59.15999984741211,59.25,57.959999084472656,58.790000915527344,21819300
2021-12-21,51.788780212402344,60.5,60.68000030517578,59.720001220703125,59.75,19798900
2021-12-22,52.208229064941406,60.9900016784668,61.369998931884766,59.970001220703125,60.34000015258789,14058300
2021-12-23,52.23390579223633,61.02000045776367,61.84000015258789,61.0,61.16999816894531,13543300
2021-12-27,52.978633880615234,61.88999938964844,61.95000076293945,60.41999816894531,60.93000030517578,12593700
2021-12-28,52.807437896728516,61.689998626708984,62.310001373291016,61.400001525878906,61.90999984741211,12781000
2021-12-29,52.345191955566406,61.150001525878906,61.599998474121094,60.91999816894531,61.47999954223633,12733600
2021-12-30,52.037017822265625,60.790000915527344,61.599998474121094,60.77000045776367,61.220001220703125,11940300
2021-12-31,52.379425048828125,61.189998626708984,61.470001220703125,60.70000076293945,60.7400016784668,14072000
2022-01-03,54.39105987548828,63.540000915527344,63.599998474121094,61.209999084472656,61.2400016784668,24282400
2022-01-04,56.43693161010742,65.93000030517578,66.19000244140625,64.0999984741211,64.12999725341797,38584000
2022-01-05,57.13886260986328,66.75,67.61000061035156,66.4800033569336,66.5,34033300
2022-01-06,58.48279571533203,68.31999969482422,68.4800033569336,67.06999969482422,68.0,30668500
2022-01-07,58.9621696472168,68.87999725341797,69.18000030517578,67.9800033569336,68.5199966430664,23985400
2022-01-10,58.611209869384766,68.47000122070312,69.16999816894531,67.94999694824219,68.97000122070312,22760300
2022-01-11,61.07651138305664,71.3499984741211,71.4000015258789,68.58000183105469,68.88999938964844,32936100
2022-01-12,60.89675521850586,71.13999938964844,71.80999755859375,70.63999938964844,71.13999938964844,23045100
2022-01-13,60.46018600463867,70.62999725341797,71.58000183105469,70.30999755859375,71.12000274658203,21043200
2022-01-14,61.52165603637695,71.87000274658203,72.1500015258789,70.5999984741211,70.6500015258789,23012900
2022-01-18,62.55740737915039,73.08000183105469,73.87999725341797,72.01000213623047,72.81999969482422,32841200
2022-01-19,62.5831184387207,73.11000061035156,73.86000061035156,72.55000305175781,73.75,26431600
2022-01-20,62.720062255859375,73.2699966430664,74.37000274658203,72.26000213623047,72.5,26774600
2022-01-21,61.7784423828125,72.16999816894531,73.18000030517578,71.04000091552734,73.18000030517578,35995200
2022-01-24,62.30916976928711,72.79000091552734,73.08000183105469,69.80999755859375,70.87999725341797,41507000
2022-01-25,64.14104461669922,74.93000030517578,75.23999786376953,71.38999938964844,72.58999633789062,39278400
2022-01-26,63.490482330322266,74.16999816894531,76.0,73.48999786376953,75.43000030517578,35252400
2022-01-27,64.3036880493164,75.12000274658203,76.01000213623047,73.98999786376953,75.45999908447266,29174700
2022-01-28,64.4406509399414,75.27999877929688,75.62000274658203,73.94999694824219,74.97000122070312,30595700
2022-01-31,65.02272033691406,75.95999908447266,76.41999816894531,74.2699966430664,74.97000122070312,36085500
2022-02-01,69.1915283203125,80.83000183105469,81.51000213623047,76.2699966430664,76.44999694824219,61033100
2022-02-02,69.01175689697266,80.62000274658203,80.80999755859375,79.1500015258789,80.05999755859375,30299300
2022-02-03,68.20709991455078,79.68000030517578,80.30999755859375,79.0199966430664,80.08999633789062,28529400
2022-02-04,69.68800354003906,81.41000366210938,82.52999877929688,80.87000274658203,80.87000274658203,32197500
2022-02-07,70.52690887451172,82.38999938964844,83.08000183105469,80.63999938964844,81.13999938964844,34949200
2022-02-08,68.70361328125,80.26000213623047,82.5,79.91999816894531,82.2699966430664,34356300
2022-02-09,68.37470245361328,79.0,80.02999877929688,78.70999908447266,79.58000183105469,40106100
2022-02-10,67.71692657470703,78.23999786376953,79.68000030517578,77.79000091552734,78.72000122070312,28527700
2022-02-11,69.42196655273438,80.20999908447266,80.31999969482422,78.2300033569336,78.62000274658203,42002100
2022-02-14,68.3573989868164,78.9800033569336,79.83999633789062,77.05000305175781,79.58000183105469,34652800
2022-02-15,67.50054168701172,77.98999786376953,78.19000244140625,76.41999816894531,76.9000015258789,25075100
2022-02-16,67.81212615966797,78.3499984741211,79.7300033569336,78.04000091552734,78.79000091552734,21733800
2022-02-17,67.7082748413086,78.2300033569336,79.12000274658203,77.94999694824219,78.4800033569336,23738800
2022-02-18,66.95527648925781,77.36000061035156,78.16999816894531,76.88999938964844,77.16000366210938,23394800
2022-02-22,66.17633819580078,76.45999908447266,79.79000091552734,75.30999755859375,79.66999816894531,35947800
2022-02-23,66.44464874267578,76.7699966430664,77.47000122070312,76.12999725341797,76.45999908447266,25385000
2022-02-24,65.6051025390625,75.80000305175781,79.02999877929688,74.02999877929688,79.0,46199900
2022-02-25,67.37071228027344,77.83999633789062,77.98999786376953,76.26000213623047,76.69000244140625,28310300
2022-02-28,67.87271118164062,78.41999816894531,78.93000030517578,76.19999694824219,76.51000213623047,32204600
2022-03-01,68.5218276977539,79.16999816894531,80.6500015258789,78.33000183105469,78.7699966430664,40002300
2022-03-02,69.69892120361328,80.52999877929688,82.1500015258789,79.81999969482422,80.5999984741211,44321400
2022-03-03,70.14032745361328,81.04000091552734,81.7699966430664,79.62999725341797,79.86000061035156,30196600
2022-03-04,72.78010559082031,84.08999633789062,84.27999877929688,80.66000366210938,81.05000305175781,42802200
2022-03-07,75.402587890625,87.12000274658203,87.2300033569336,83.9000015258789,84.91999816894531,55207900
2022-03-08,75.97381591796875,87.77999877929688,91.51000213623047,85.43000030517578,89.05000305175781,72082300
2022-03-09,71.65496826171875,82.79000091552734,86.56999969482422,81.5999984741211,84.02999877929688,65466700
2022-03-10,73.87931060791016,85.36000061035156,85.68000030517578,82.9000015258789,84.01000213623047,44644200
2022-03-11,73.49847412109375,84.91999816894531,86.2300033569336,83.97000122070312,84.06999969482422,35303400
2022-03-14,70.86734008789062,81.87999725341797,83.44999694824219,80.5,83.05999755859375,37462600
2022-03-15,66.83409881591797,77.22000122070312,79.16999816894531,76.37000274658203,78.81999969482422,47957900
2022-03-16,66.58312225341797,76.93000030517578,78.62000274658203,76.25,77.80999755859375,37812300
2022-03-17,68.3573989868164,78.9800033569336,79.1500015258789,77.06999969482422,78.18000030517578,34041900
2022-03-18,68.0890884399414,78.66999816894531,79.38999938964844,78.0999984741211,79.05999755859375,41461500
2022-03-21,71.1443099975586,82.19999694824219,82.5199966430664,79.73999786376953,80.12000274658203,33089300
2022-03-22,70.8327407836914,81.83999633789062,82.19999694824219,80.79000091552734,81.62999725341797,23132200
2022-03-23,71.94922637939453,83.12999725341797,84.2699966430664,83.05000305175781,83.33999633789062,27716300
2022-03-24,72.16559600830078,83.37999725341797,84.6500015258789,82.75,83.45999908447266,19871600
2022-03-25,73.74081420898438,85.19999694824219,85.48999786376953,82.79000091552734,82.91999816894531,22398300
2022-03-28,71.6722640991211,82.80999755859375,83.30999755859375,82.0199966430664,83.16999816894531,21552400
2022-03-29,71.29144287109375,82.37000274658203,82.48999786376953,79.76000213623047,80.80999755859375,27036300
2022-03-30,72.51181030273438,83.77999877929688,84.01000213623047,82.70999908447266,83.05999755859375,22079000
2022-03-31,71.48184967041016,82.58999633789062,84.4000015258789,82.55000305175781,82.87000274658203,27861500
2022-04-01,71.9405746459961,83.12000274658203,84.13999938964844,81.98999786376953,81.98999786376953,18671100
2022-04-04,71.9751968383789,83.16000366210938,83.66000366210938,82.05000305175781,83.55999755859375,20869400
2022-04-05,71.60303497314453,82.7300033569336,85.06999969482422,82.55999755859375,83.5,21753100
2022-04-06,72.39929962158203,83.6500015258789,84.69999694824219,82.94000244140625,83.41999816894531,24768200
2022-04-07,73.61100006103516,85.05000305175781,85.44000244140625,82.70999908447266,83.83000183105469,26122000
2022-04-08,75.16024780273438,86.83999633789062,87.20999908447266,85.16999816894531,85.16999816894531,24866500
2022-04-11,72.57239532470703,83.8499984741211,85.93000030517578,83.5,85.77999877929688,21800100
2022-04-12,74.08702850341797,85.5999984741211,86.81999969482422,85.37999725341797,85.70999908447266,22444200
2022-04-13,75.13426971435547,86.80999755859375,87.11000061035156,85.19000244140625,86.61000061035156,19306800
2022-04-14,76.01709747314453,87.83000183105469,88.45999908447266,86.2300033569336,86.66999816894531,24566400
2022-04-18,76.64025115966797,88.55000305175781,88.88999938964844,87.75,88.5,19032300
2022-04-19,75.95651245117188,87.76000213623047,88.66000366210938,87.2699966430664,88.01000213623047,20382600
2022-04-20,76.12960815429688,87.95999908447266,88.5,87.30000305175781,87.97000122070312,20689400
2022-04-21,75.3246841430664,87.02999877929688,89.80000305175781,86.79000091552734,88.94999694824219,29010900
2022-04-22,73.68023681640625,85.12999725341797,88.12000274658203,85.0,86.66000366210938,23591600
2022-04-25,71.19624328613281,82.26000213623047,82.66000366210938,79.29000091552734,82.37000274658203,37698300
2022-04-26,71.22219848632812,82.29000091552734,84.72000122070312,82.18000030517578,82.7300033569336,28941500
2022-04-27,73.25614929199219,84.63999938964844,85.4800033569336,82.27999877929688,83.38999938964844,32773000
2022-04-28,75.47181701660156,87.19999694824219,88.13999938964844,84.06999969482422,84.87999725341797,33683800
2022-04-29,73.78410339355469,85.25,88.13999938964844,84.69999694824219,88.13999938964844,34656500
2022-05-02,74.7880859375,86.41000366210938,87.04000091552734,84.62999725341797,85.01000213623047,36335200
2022-05-03,76.32867431640625,88.19000244140625,88.77999877929688,86.12000274658203,86.26000213623047,33908100
2022-05-04,79.36659240722656,91.69999694824219,91.87999725341797,88.91000366210938,89.5,46188400
2022-05-05,78.16354370117188,90.30999755859375,92.05000305175781,88.38999938964844,92.04000091552734,41013400
2022-05-06,79.35792541503906,91.69000244140625,91.81999969482422,89.3499984741211,90.9800033569336,29619300
2022-05-09,73.100341796875,84.45999908447266,89.55999755859375,84.0199966430664,89.44000244140625,45851600
2022-05-10,73.58502197265625,85.0199966430664,86.88999938964844,83.5199966430664,85.63999938964844,34483200
2022-05-11,75.11697387695312,86.79000091552734,88.94000244140625,86.27999877929688,86.43000030517578,33020600
2022-05-12,75.45796966552734,86.30000305175781,86.37999725341797,83.4000015258789,85.94999694824219,29491500
2022-05-13,77.69635772705078,88.86000061035156,88.94999694824219,86.3499984741211,87.36000061035156,25798400
2022-05-16,79.52377319335938,90.94999694824219,91.9800033569336,88.97000122070312,88.9800033569336,26101200
2022-05-17,80.53804016113281,92.11000061035156,92.44999694824219,91.12000274658203,91.7300033569336,23120700
2022-05-18,79.261474609375,90.6500015258789,92.91999816894531,89.83000183105469,92.51000213623047,25451200
2022-05-19,79.68991088867188,91.13999938964844,92.30000305175781,89.0,89.0,24387400
2022-05-20,80.31946563720703,91.86000061035156,93.58999633789062,90.4000015258789,91.93000030517578,28795000
2022-05-23,82.09442901611328,93.88999938964844,94.7699966430664,92.55000305175781,92.66000366210938,27239300
2022-05-24,82.54035949707031,94.4000015258789,94.79000091552734,92.31999969482422,92.81999969482422,24293300
2022-05-25,84.20166015625,96.30000305175781,96.52999877929688,94.47000122070312,94.58000183105469,29947800
2022-05-26,84.49893951416016,96.63999938964844,97.43000030517578,96.19999694824219,96.5999984741211,24314800
2022-05-27,85.3295669555664,97.58999633789062,97.93000030517578,95.30000305175781,95.94999694824219,25588800
2022-05-31,83.93933868408203,96.0,99.77999877929688,95.70999908447266,98.55999755859375,44888100
2022-06-01,85.54817962646484,97.83999633789062,98.70999908447266,96.62000274658203,97.0199966430664,25815400
2022-06-02,85.39952087402344,97.66999816894531,98.0999984741211,96.79000091552734,97.29000091552734,19089100
2022-06-03,86.64114379882812,99.08999633789062,99.66000366210938,97.9000015258789,97.9000015258789,21038200
2022-06-06,86.42253875732422,98.83999633789062,99.77999877929688,98.66999816894531,99.18000030517578,20682100
2022-06-07,90.38343048095703,103.37000274658203,103.43000030517578,99.48999786376953,99.69999694824219,37810200
2022-06-08,91.45015716552734,104.58999633789062,105.56999969482422,102.9800033569336,103.48999786376953,31613200
2022-06-09,89.47409057617188,102.33000183105469,104.56999969482422,102.16000366210938,103.41999816894531,26607000
2022-06-10,87.83902740478516,100.45999908447266,103.3499984741211,99.79000091552734,101.94000244140625,30950500
2022-06-13,83.80818176269531,95.8499984741211,97.7699966430664,93.91999816894531,97.5199966430664,33421000
2022-06-14,84.02677917480469,96.0999984741211,98.66999816894531,95.2699966430664,97.41000366210938,31264000
2022-06-15,82.96878814697266,94.88999938964844,96.56999969482422,93.2699966430664,95.98999786376953,29620800
2022-06-16,79.90851593017578,91.38999938964844,93.12999725341797,90.27999877929688,92.41000366210938,35696700
2022-06-17,75.30059814453125,86.12000274658203,91.3499984741211,85.66000366210938,90.95999908447266,64610200
2022-06-21,79.98719787597656,91.4800033569336,92.52999877929688,88.5199966430664,88.58000183105469,35951500
2022-06-22,76.82198333740234,87.86000061035156,89.76000213623047,87.52999877929688,87.54000091552734,29727200
2022-06-23,74.50492095947266,85.20999908447266,89.05000305175781,83.5199966430664,88.66000366210938,35757200
2022-06-24,75.98259735107422,86.9000015258789,88.4000015258789,85.80999755859375,86.94999694824219,26639000
2022-06-27,77.84498596191406,89.02999877929688,90.04000091552734,87.66999816894531,87.80999755859375,25478700
2022-06-28,80.00468444824219,91.5,93.23999786376953,90.3499984741211,91.12000274658203,33096900
2022-06-29,77.0493392944336,88.12000274658203,93.19999694824219,87.76000213623047,92.9800033569336,25400900
2022-06-30,74.8808822631836,85.63999938964844,87.5999984741211,84.66999816894531,86.13999938964844,39948100
2022-07-01,76.55094909667969,87.55000305175781,87.87999725341797,84.70999908447266,86.73999786376953,26327900
2022-07-05,74.1551513671875,84.80999755859375,86.69999694824219,83.01000213623047,86.33999633789062,34591100
2022-07-06,72.8173828125,83.27999877929688,85.2300033569336,81.01000213623047,83.76000213623047,33375700
2022-07-07,75.14320373535156,85.94000244140625,86.76000213623047,85.30000305175781,85.37999725341797,23817400
2022-07-08,75.265625,86.08000183105469,87.30000305175781,84.93000030517578,86.94999694824219,17673800
2022-07-11,74.8808822631836,85.63999938964844,86.12000274658203,84.36000061035156,85.16999816894531,15603800
2022-07-12,73.88411712646484,84.5,85.05000305175781,82.86000061035156,83.77999877929688,21013000
2022-07-13,74.18138885498047,84.83999633789062,86.30999755859375,83.30000305175781,83.37999725341797,19928600
2022-07-14,72.69497680664062,83.13999938964844,83.30999755859375,80.69000244140625,81.8499984741211,26343000
2022-07-15,73.91908264160156,84.54000091552734,84.87999725341797,82.9000015258789,84.80000305175781,17243700
2022-07-18,75.28308868408203,86.0999984741211,87.94000244140625,85.75,86.58000183105469,19395800
2022-07-19,77.18046569824219,88.2699966430664,88.5199966430664,86.25,86.41999816894531,18248900
2022-07-20,78.02861022949219,89.23999786376953,89.6500015258789,87.25,87.58000183105469,16584400
2022-07-21,76.7258071899414,87.75,87.80000305175781,85.20999908447266,86.93000030517578,21375700
2022-07-22,76.13998413085938,87.08000183105469,88.47000122070312,86.62999725341797,87.55000305175781,15479500
2022-07-25,78.67564392089844,89.9800033569336,90.12999725341797,87.41999816894531,88.16000366210938,17536400
2022-07-26,78.36962127685547,89.62999725341797,91.27999877929688,89.0,91.12999725341797,15141200
2022-07-27,80.06588745117188,91.56999969482422,92.0,89.4000015258789,90.27999877929688,18047000
2022-07-28,81.00146484375,92.63999938964844,93.25,91.01000213623047,92.18000030517578,20353100
2022-07-29,84.75250244140625,96.93000030517578,97.5199966430664,94.0999984741211,94.44999694824219,29825800
2022-08-01,82.61030578613281,94.4800033569336,95.3499984741211,93.2300033569336,94.79000091552734,20793200
2022-08-02,82.25180053710938,94.06999969482422,95.19999694824219,93.81999969482422,94.69000244140625,16722500
2022-08-03,79.5849838256836,91.0199966430664,94.41999816894531,90.79000091552734,94.41999816894531,23580800
2022-08-04,76.23615264892578,87.19000244140625,90.33999633789062,86.43000030517578,90.30999755859375,31821500
2022-08-05,77.3378677368164,88.44999694824219,89.69000244140625,86.27999877929688,86.36000061035156,17408000
2022-08-08,77.77505493164062,88.94999694824219,89.5999984741211,88.22000122070312,88.61000061035156,14458500
2022-08-09,79.2090072631836,90.58999633789062,91.61000061035156,89.94999694824219,90.05000305175781,19083400
2022-08-10,79.96096801757812,91.44999694824219,91.79000091552734,89.19000244140625,90.68000030517578,18302000
2022-08-11,82.27407836914062,93.19000244140625,94.30000305175781,91.44000244140625,91.83999633789062,18797900
2022-08-12,82.98919677734375,94.0,94.0199966430664,92.11000061035156,92.4800033569336,15058200
2022-08-15,81.50597381591797,92.31999969482422,92.7300033569336,89.66000366210938,90.52999877929688,20755200
2022-08-16,80.74671936035156,91.45999908447266,92.88999938964844,91.29000091552734,92.02999877929688,14038200
2022-08-17,81.4000244140625,92.19999694824219,93.20999908447266,90.91999816894531,91.2699966430664,13678000
2022-08-18,83.3246841430664,94.37999725341797,95.30999755859375,93.08999633789062,93.1500015258789,17770400
2022-08-19,83.05982208251953,94.08000183105469,95.19999694824219,93.80000305175781,94.16000366210938,16128600
2022-08-22,82.99801635742188,94.01000213623047,94.48999786376953,91.86000061035156,93.41999816894531,16019900
2022-08-23,86.52064514160156,98.0,98.41000366210938,95.44999694824219,95.55000305175781,23764700
2022-08-24,87.03270721435547,98.58000183105469,98.97000122070312,97.36000061035156,98.01000213623047,17050300
2022-08-25,87.48297119140625,99.08999633789062,99.86000061035156,98.0999984741211,98.91999816894531,15305700
2022-08-26,86.40586853027344,97.87000274658203,99.91000366210938,97.41999816894531,98.7699966430664,15531400
2022-08-29,88.392333984375,100.12000274658203,101.55999755859375,98.13999938964844,98.18000030517578,23059200
2022-08-30,85.02861022949219,96.30999755859375,98.62000274658203,95.81999969482422,98.36000061035156,17086800
2022-08-31,84.39293670654297,95.58999633789062,96.83999633789062,93.58999633789062,94.02999877929688,18340900
2022-09-01,82.87442779541016,93.87000274658203,95.06999969482422,92.29000091552734,94.41999816894531,16423000
2022-09-02,84.39293670654297,95.58999633789062,96.79000091552734,95.11000061035156,96.3499984741211,18206800
2022-09-06,83.8279037475586,94.94999694824219,96.58999633789062,94.51000213623047,96.16000366210938,19201500
2022-09-07,83.11279296875,94.13999938964844,94.58999633789062,92.30000305175781,93.19000244140625,16274700
2022-09-08,83.79258728027344,94.91000366210938,95.41999816894531,93.72000122070312,94.66000366210938,18759200
2022-09-09,85.19635772705078,96.5,97.0,95.31999969482422,96.5199966430664,17158000
2022-09-12,86.17634582519531,97.61000061035156,99.19000244140625,96.87999725341797,97.6500015258789,16118900
2022-09-13,84.16340637207031,95.33000183105469,97.77999877929688,94.91000366210938,96.61000061035156,18229100
2022-09-14,86.22928619384766,97.66999816894531,98.55999755859375,96.1500015258789,96.19000244140625,22655700
2022-09-15,83.72196197509766,94.83000183105469,96.54000091552734,94.05000305175781,96.22000122070312,21092300
2022-09-16,82.29173278808594,93.20999908447266,95.33999633789062,92.0,95.06999969482422,37874700
2022-09-19,82.28289794921875,93.19999694824219,93.48999786376953,91.0,91.01000213623047,15342100
2022-09-20,81.61193084716797,92.44000244140625,92.93000030517578,91.63999938964844,92.7300033569336,14712500
2022-09-21,80.29644012451172,90.94999694824219,93.87999725341797,90.87000274658203,93.56999969482422,17332400
2022-09-22,79.96097564697266,90.56999969482422,92.66000366210938,90.5199966430664,92.19999694824219,16139400
2022-09-23,75.70556640625,85.75,87.5,84.8499984741211,87.5,27738800
2022-09-26,74.14289855957031,83.9800033569336,86.22000122070312,83.88999938964844,84.9000015258789,22043400
2022-09-27,75.69672393798828,85.73999786376953,86.95999908447266,84.80999755859375,85.61000061035156,17307300
2022-09-28,78.45128631591797,88.86000061035156,89.30000305175781,85.91999816894531,86.12000274658203,19543300
2022-09-29,78.29234313964844,88.68000030517578,89.36000061035156,87.12999725341797,88.18000030517578,17896000
2022-09-30,77.08282470703125,87.30999755859375,89.04000091552734,87.30999755859375,88.16999816894531,21357600
2022-10-03,81.15283966064453,91.91999816894531,92.36000061035156,89.72000122070312,90.04000091552734,23881300
2022-10-04,84.1104507446289,95.2699966430664,95.36000061035156,92.70999908447266,93.23999786376953,22133700
2022-10-05,87.50946807861328,99.12000274658203,99.98999786376953,95.66000366210938,95.75,34857700
2022-10-06,90.10507202148438,102.05999755859375,102.18000030517578,98.33000183105469,98.47000122070312,29124700
2022-10-07,89.19571685791016,101.02999877929688,103.31999969482422,100.18000030517578,102.19000244140625,24507600
2022-10-10,87.26223754882812,98.83999633789062,102.02999877929688,98.72000122070312,101.48999786376953,16786100
2022-10-11,86.52064514160156,98.0,99.76000213623047,96.75,97.22000122070312,17804100
2022-10-12,86.90028381347656,98.43000030517578,98.91000366210938,97.2300033569336,97.5,12635800
2022-10-13,89.93732452392578,101.87000274658203,102.44999694824219,97.4000015258789,97.55000305175781,22019100
2022-10-14,87.57125091552734,99.19000244140625,102.23999786376953,99.04000091552734,101.12000274658203,15222000
2022-10-17,88.83374786376953,100.62000274658203,101.97000122070312,100.5,101.06999969482422,14283200
2022-10-18,88.99267578125,100.80000305175781,102.3499984741211,99.2300033569336,101.54000091552734,14065400
2022-10-19,91.63243103027344,103.79000091552734,103.98999786376953,101.2300033569336,101.25,20921700
2022-10-20,91.75603485107422,103.93000030517578,105.0,103.41000366210938,104.31999969482422,17649000
2022-10-21,93.4599609375,105.86000061035156,106.4000015258789,103.91000366210938,104.44999694824219,22814100
2022-10-24,94.11328125,106.5999984741211,107.68000030517578,105.12000274658203,105.66000366210938,17024200
2022-10-25,93.47760772705078,105.87999725341797,107.33000183105469,105.06999969482422,106.41000366210938,15719800
2022-10-26,94.59001922607422,107.13999938964844,107.83000183105469,106.0,106.26000213623047,17383800
2022-10-27,94.9520034790039,107.55000305175781,109.58000183105469,107.41999816894531,108.41000366210938,18214000
2022-10-28,97.7330093383789,110.69999694824219,111.20999908447266,108.12000274658203,109.45999908447266,28169400
2022-10-31,97.83013916015625,110.80999755859375,112.91000366210938,109.44000244140625,109.5,26401800
2022-11-01,98.8012924194336,111.91000366210938,112.56999969482422,110.6500015258789,112.37000274658203,22213100
2022-11-02,96.77069854736328,109.61000061035156,112.0999984741211,109.30999755859375,111.58000183105469,20654200
2022-11-03,98.08614349365234,111.0999984741211,111.81999969482422,108.30999755859375,108.58000183105469,17103700
2022-11-04,99.15443420410156,112.30999755859375,113.5,110.80000305175781,113.0,17541500
2022-11-07,100.3286361694336,113.63999938964844,113.98999786376953,112.12999725341797,112.41000366210938,16008000
2022-11-08,100.64645385742188,114.0,114.66000366210938,112.5999984741211,113.4800033569336,14661000
2022-11-09,96.14385986328125,108.9000015258789,113.27999877929688,108.56999969482422,113.0999984741211,19522800
2022-11-10,97.55643463134766,110.5,110.69999694824219,107.56999969482422,110.19000244140625,20146700
2022-11-11,100.6023178100586,113.94999694824219,114.5,112.48999786376953,112.58000183105469,20518900
2022-11-14,100.89602661132812,113.37000274658203,114.63999938964844,112.48999786376953,112.62999725341797,20858300
2022-11-15,101.57238006591797,114.12999725341797,114.52999877929688,112.87000274658203,113.80000305175781,19373800
2022-11-16,100.48662567138672,112.91000366210938,114.26000213623047,111.86000061035156,113.44000244140625,13591000
2022-11-17,100.6201171875,113.05999755859375,113.19999694824219,110.75,111.29000091552734,12425900
2022-11-18,99.74795532226562,112.08000183105469,112.4800033569336,109.61000061035156,110.9000015258789,15415000
2022-11-21,98.76009368896484,110.97000122070312,111.19999694824219,107.4800033569336,109.98999786376953,20973000
2022-11-22,101.61688995361328,114.18000030517578,114.47000122070312,111.43000030517578,112.20999908447266,17719100
2022-11-23,101.109619140625,113.61000061035156,113.94999694824219,112.0999984741211,112.31999969482422,11546700
2022-11-25,100.75361633300781,113.20999908447266,114.61000061035156,113.05999755859375,113.87999725341797,7136000
2022-11-28,97.72770690917969,109.80999755859375,111.45999908447266,109.62000274658203,110.66000366210938,23015500
2022-11-29,98.37739562988281,110.54000091552734,111.80000305175781,109.79000091552734,110.61000061035156,14453200
2022-11-30,99.08936309814453,111.33999633789062,111.9000015258789,109.77999877929688,111.54000091552734,23158100
2022-12-01,98.6087646484375,110.80000305175781,112.06999969482422,110.18000030517578,111.63999938964844,14398300
2022-12-02,97.772216796875,109.86000061035156,111.70999908447266,109.19999694824219,109.51000213623047,15248400
2022-12-05,95.09339141845703,106.8499984741211,111.36000061035156,105.94000244140625,110.69999694824219,19287700
2022-12-06,92.45018005371094,103.87999725341797,107.04000091552734,103.1500015258789,105.9000015258789,21197000
2022-12-07,92.24549102783203,103.6500015258789,104.8499984741211,102.37000274658203,103.77999877929688,20061700
2022-12-08,92.93077850341797,104.41999816894531,106.80000305175781,103.70999908447266,106.27999877929688,21128800
2022-12-09,92.14759826660156,103.54000091552734,105.94999694824219,103.30000305175781,104.58999633789062,21298200
2022-12-12,94.41702270507812,106.08999633789062,106.23999786376953,103.58999633789062,103.83000183105469,20413200
2022-12-13,95.44939422607422,107.25,108.54000091552734,107.0199966430664,107.80000305175781,24305300
2022-12-14,94.74630737304688,106.45999908447266,108.30000305175781,105.75,107.98999786376953,17597300
2022-12-15,93.83855438232422,105.44000244140625,106.16999816894531,103.69999694824219,105.33000183105469,15365100
2022-12-16,93.1799545288086,104.69999694824219,105.58000183105469,103.12999725341797,103.69000244140625,54596600
2022-12-19,93.59825134277344,105.16999816894531,106.19999694824219,104.37999725341797,105.26000213623047,13611100
2022-12-20,94.95101165771484,106.69000244140625,107.51000213623047,105.06999969482422,105.16999816894531,14680000
2022-12-21,96.1702651977539,108.05999755859375,108.58999633789062,107.16000366210938,108.29000091552734,13565400
2022-12-22,94.2301254272461,105.87999725341797,108.19000244140625,104.0999984741211,107.88999938964844,13213000
2022-12-23,96.7220458984375,108.68000030517578,108.73999786376953,106.9000015258789,106.94999694824219,11539400
2022-12-27,98.0658950805664,110.19000244140625,110.47000122070312,108.83000183105469,109.2699966430664,11962100
2022-12-28,96.45506286621094,108.37999725341797,110.0,107.9000015258789,109.91000366210938,10702100
2022-12-29,97.18484497070312,109.19999694824219,109.72000122070312,107.98999786376953,107.98999786376953,10534000
2022-12-30,98.163818359375,110.30000305175781,110.5,108.61000061035156,108.61000061035156,11799600
2023-01-03,94.79082489013672,106.51000213623047,110.0199966430664,105.48999786376953,109.77999877929688,15146200
2023-01-04,95.06670379638672,106.81999969482422,107.16000366210938,104.76000213623047,104.80000305175781,18058400
2023-01-05,97.19373321533203,109.20999908447266,109.94999694824219,106.30999755859375,106.33999633789062,15946600
2023-01-06,98.36849212646484,110.52999877929688,111.98999786376953,109.66999816894531,110.08000183105469,16348100
2023-01-09,96.53515625,108.47000122070312,111.63999938964844,107.80999755859375,111.63999938964844,17964600
2023-01-10,97.9769058227539,110.08999633789062,110.33000183105469,108.01000213623047,109.79000091552734,15104600
2023-01-11,99.11607360839844,111.37000274658203,111.44999694824219,109.08999633789062,110.98999786376953,16710400
2023-01-12,100.76250457763672,113.22000122070312,113.73999786376953,111.73999786376953,111.81999969482422,15357300
2023-01-13,100.70021057128906,113.1500015258789,113.48999786376953,112.16000366210938,113.11000061035156,12011400
2023-01-17,100.50443267822266,112.93000030517578,114.08000183105469,112.66999816894531,113.41000366210938,16542200
2023-01-18,98.439697265625,110.61000061035156,114.12000274658203,110.4000015258789,113.26000213623047,16399700
2023-01-19,99.07157897949219,111.31999969482422,112.12999725341797,109.58000183105469,110.06999969482422,12928000
2023-01-20,100.87821960449219,113.3499984741211,113.44000244140625,110.61000061035156,111.36000061035156,16515600
2023-01-23,100.35313415527344,112.76000213623047,114.58999633789062,112.63999938964844,113.63999938964844,16584400
2023-01-24,101.28759002685547,113.80999755859375,114.0199966430664,104.87000274658203,109.16000366210938,13583000
2023-01-25,100.75361633300781,113.20999908447266,113.6500015258789,111.38999938964844,113.2300033569336,11914700
2023-01-26,104.80298614501953,117.76000213623047,117.77999877929688,114.33999633789062,114.72000122070312,21019700
2023-01-27,102.88955688476562,115.61000061035156,117.66999816894531,115.38999938964844,116.94999694824219,15179200
2023-01-30,101.06510925292969,113.55999755859375,115.48999786376953,113.1500015258789,115.08999633789062,18672100
2023-01-31,103.24554443359375,116.01000213623047,116.4000015258789,110.43000030517578,112.0999984741211,27861800
2023-02-01,102.11527252197266,114.73999786376953,117.37999725341797,113.33999633789062,115.83000183105469,19464900
2023-02-02,98.92027282714844,111.1500015258789,115.06999969482422,109.83000183105469,114.8499984741211,24562100
2023-02-03,99.60556030273438,111.91999816894531,114.11000061035156,111.55999755859375,111.9000015258789,20226600
2023-02-06,99.43645477294922,111.7300033569336,113.08999633789062,110.31999969482422,112.36000061035156,13855200
2023-02-07,102.27547454833984,114.91999816894531,115.30999755859375,112.0199966430664,112.38999938964844,16013300
2023-02-08,101.385498046875,113.91999816894531,115.83000183105469,113.8499984741211,115.05000305175781,18459700
2023-02-09,101.76818084716797,114.3499984741211,116.23999786376953,114.18000030517578,114.62000274658203,17439300
2023-02-10,106.0578384399414,119.16999816894531,119.62999725341797,116.16000366210938,116.51000213623047,24918600
2023-02-13,105.64531707763672,117.80000305175781,118.18000030517578,115.9000015258789,117.72000122070312,14536200
2023-02-14,104.40771484375,116.41999816894531,117.80999755859375,116.0199966430664,117.01000213623047,12079000
2023-02-15,104.09381866455078,116.06999969482422,116.08999633789062,114.13999938964844,115.72000122070312,13663400
2023-02-16,103.78888702392578,115.7300033569336,116.77999877929688,114.80000305175781,115.30999755859375,11360600
2023-02-17,99.79803466796875,111.27999877929688,114.19000244140625,110.9800033569336,114.19000244140625,20758300
2023-02-21,99.69940185546875,111.16999816894531,112.37999725341797,110.80999755859375,110.80999755859375,14469400
2023-02-22,98.40797424316406,109.7300033569336,110.97000122070312,108.63999938964844,110.4800033569336,13973800
2023-02-23,99.31376647949219,110.73999786376953,111.83000183105469,109.9000015258789,110.7300033569336,11289400
2023-02-24,99.3227310180664,110.75,110.95999908447266,109.0199966430664,109.33000183105469,14351000
2023-02-27,99.14337921142578,110.55000305175781,111.26000213623047,109.95999908447266,110.80000305175781,11710500
2023-02-28,98.56941223144531,109.91000366210938,111.36000061035156,109.22000122070312,111.23999786376953,18107000
2023-03-01,99.44829559326172,110.88999938964844,111.86000061035156,109.23999786376953,109.30999755859375,13200000
2023-03-02,99.90565490722656,111.4000015258789,111.69999694824219,110.16999816894531,110.62000274658203,10339900
2023-03-03,101.17017364501953,112.80999755859375,113.37000274658203,109.94999694824219,110.05000305175781,13006700
2023-03-06,102.0669937133789,113.80999755859375,113.83999633789062,111.87000274658203,111.98999786376953,14347400
2023-03-07,100.09400177001953,111.61000061035156,113.16999816894531,111.16999816894531,112.80999755859375,11525300
2023-03-08,98.63219451904297,109.9800033569336,112.41999816894531,109.06999969482422,111.2300033569336,13509800
2023-03-09,97.86988067626953,109.12999725341797,112.2300033569336,109.02999877929688,110.87000274658203,12961200
2023-03-10,96.6591796875,107.77999877929688,111.04000091552734,107.1500015258789,109.55999755859375,15795700
2023-03-13,95.547119140625,106.54000091552734,107.86000061035156,103.72000122070312,105.33999633789062,20745600
2023-03-14,95.90585327148438,106.94000244140625,109.01000213623047,104.95999908447266,106.3499984741211,18263500
2023-03-15,91.13478088378906,101.62000274658203,104.19999694824219,100.22000122070312,102.81999969482422,25733800
2023-03-16,90.60565185546875,101.02999877929688,101.68000030517578,98.0199966430664,99.11000061035156,27465200
2023-03-17,89.5384292602539,99.83999633789062,101.61000061035156,99.13999938964844,100.5999984741211,43199500
2023-03-20,91.87913513183594,102.44999694824219,102.4800033569336,99.5,99.62999725341797,32042100
2023-03-21,95.99553680419922,107.04000091552734,107.27999877929688,104.12999725341797,104.16999816894531,31592300
2023-03-22,93.7983169555664,104.58999633789062,107.18000030517578,104.55999755859375,106.80000305175781,14952700
2023-03-23,92.74007415771484,103.41000366210938,106.33999633789062,102.44000244140625,105.36000061035156,14385900
2023-03-24,92.84769439697266,103.52999877929688,103.8499984741211,100.91000366210938,101.47000122070312,13401600
2023-03-27,94.88348388671875,105.80000305175781,106.4800033569336,103.91000366210938,104.73999786376953,14805900
2023-03-28,96.06726837158203,107.12000274658203,107.6500015258789,105.19000244140625,105.44000244140625,11047600
2023-03-29,97.71742248535156,108.95999908447266,109.16000366210938,107.48999786376953,108.05999755859375,14219100
2023-03-30,98.19274139404297,109.48999786376953,109.56999969482422,108.5199966430664,109.55000305175781,11578200
2023-03-31,98.34519958496094,109.66000366210938,110.16999816894531,109.05000305175781,109.68000030517578,14418000
2023-04-03,104.14761352539062,116.12999725341797,116.8499984741211,113.12000274658203,113.38999938964844,28087700
2023-04-04,103.15214538574219,115.0199966430664,116.69999694824219,114.16999816894531,116.26000213623047,16365500
2023-04-05,104.91889190673828,116.98999786376953,117.0,114.30999755859375,115.3499984741211,16479500
2023-04-06,103.17906188964844,115.05000305175781,117.18000030517578,114.7699966430664,116.86000061035156,15778000
2023-04-10,102.72166442871094,114.54000091552734,116.18000030517578,114.16999816894531,114.77999877929688,13006600
2023-04-11,103.44808959960938,115.3499984741211,116.19999694824219,114.37999725341797,114.95999908447266,11758500
2023-04-12,103.3404769897461,115.2300033569336,116.58999633789062,114.93000030517578,116.16000366210938,10919000
2023-04-13,103.82477569580078,115.7699966430664,115.88999938964844,114.12999725341797,114.5999984741211,12399700
2023-04-14,104.07587432861328,116.05000305175781,116.66000366210938,115.12000274658203,115.9000015258789,11530800
2023-04-17,102.86515045166016,114.69999694824219,116.51000213623047,114.41999816894531,115.48999786376953,13260400
2023-04-18,104.87403869628906,116.94000244140625,117.20999908447266,114.30000305175781,114.38999938964844,17436100
2023-04-19,104.5422134399414,116.56999969482422,116.9000015258789,115.7699966430664,116.08000183105469,10682600
2023-04-20,103.70816802978516,115.63999938964844,115.68000030517578,113.2300033569336,115.12999725341797,17038700
2023-04-21,104.04000091552734,116.01000213623047,116.87999725341797,115.26000213623047,116.48999786376953,14315300
2023-04-24,106.00403594970703,118.19999694824219,118.88999938964844,115.87999725341797,115.91999816894531,15831300
2023-04-25,104.49737548828125,116.5199966430664,117.73999786376953,115.62999725341797,117.55000305175781,12179800
2023-04-26,103.53778076171875,115.44999694824219,117.08999633789062,114.68000030517578,116.02999877929688,15566100
2023-04-27,104.77540588378906,116.83000183105469,117.01000213623047,114.87999725341797,115.62000274658203,16279200
2023-04-28,106.12959289550781,118.33999633789062,119.91999816894531,116.83000183105469,117.25,24381900
2023-05-01,102.8382568359375,114.66999816894531,117.30000305175781,114.44999694824219,115.98999786376953,17355000
2023-05-02,98.73979949951172,110.0999984741211,113.94000244140625,109.29000091552734,113.94000244140625,24324100
2023-05-03,96.79369354248047,107.93000030517578,109.80999755859375,107.76000213623047,109.08000183105469,16212300
2023-05-04,95.09870910644531,106.04000091552734,108.75,105.91000366210938,107.9000015258789,17177200
2023-05-05,97.46632385253906,108.68000030517578,109.43000030517578,107.52999877929688,108.55000305175781,14968200
2023-05-08,97.85194396972656,109.11000061035156,110.97000122070312,109.04000091552734,110.5,11187800
2023-05-09,97.87885284423828,109.13999938964844,110.2300033569336,108.20999908447266,108.33999633789062,11370800
2023-05-10,96.62329864501953,107.73999786376953,110.01000213623047,106.70999908447266,109.73999786376953,14884800
2023-05-11,94.87451171875,105.79000091552734,106.81999969482422,104.93000030517578,106.48999786376953,17165900
2023-05-12,94.86554718017578,105.77999877929688,107.01000213623047,104.77999877929688,106.30999755859375,12613300
2023-05-15,95.04647064208984,105.06999969482422,105.93000030517578,104.58000183105469,105.51000213623047,13715600
2023-05-16,92.7397232055664,102.5199966430664,104.80999755859375,102.0199966430664,104.62999725341797,14795200
2023-05-17,94.8203125,104.81999969482422,105.2300033569336,102.8499984741211,103.38999938964844,14064700
2023-05-18,95.6796875,105.7699966430664,105.91000366210938,104.12999725341797,104.55000305175781,12005600
2023-05-19,96.1229476928711,106.26000213623047,107.05000305175781,105.81999969482422,106.56999969482422,13359600
2023-05-22,94.95600128173828,104.97000122070312,107.04000091552734,104.87999725341797,105.83999633789062,12882000
2023-05-23,96.24958038330078,106.4000015258789,108.22000122070312,105.75,105.98999786376953,14394400
2023-05-24,97.3260498046875,107.58999633789062,108.51000213623047,106.7300033569336,107.37999725341797,16340300
2023-05-25,95.5801773071289,105.66000366210938,106.43000030517578,104.70999908447266,105.94000244140625,14316500
2023-05-26,94.95600128173828,104.97000122070312,106.94999694824219,104.83000183105469,106.47000122070312,12370300
2023-05-30,94.11470794677734,104.04000091552734,104.12000274658203,102.61000061035156,103.29000091552734,11938000
2023-05-31,92.43215942382812,102.18000030517578,103.04000091552734,101.73999786376953,102.29000091552734,24926100
2023-06-01,93.49958038330078,103.36000061035156,105.58000183105469,101.26000213623047,101.75,13551900
2023-06-02,95.67063903808594,105.76000213623047,106.12999725341797,104.52999877929688,105.16000366210938,14112000
2023-06-05,95.24547576904297,105.29000091552734,107.19000244140625,105.08999633789062,107.19000244140625,10628000
2023-06-06,96.02342224121094,106.1500015258789,106.2699966430664,103.9800033569336,104.1500015258789,12209800
2023-06-07,98.17638397216797,108.52999877929688,108.88999938964844,106.7300033569336,106.79000091552734,16027100
2023-06-08,97.86881256103516,108.19000244140625,109.13999938964844,105.9000015258789,108.7699966430664,13517100
2023-06-09,97.14513397216797,107.38999938964844,108.61000061035156,107.16000366210938,108.45999908447266,12251600
2023-06-12,96.26766967773438,106.41999816894531,107.05999755859375,105.55999755859375,105.80999755859375,14112000
2023-06-13,96.2857666015625,106.44000244140625,108.33999633789062,106.27999877929688,107.37999725341797,13533800
2023-06-14,95.12788391113281,105.16000366210938,108.11000061035156,104.38999938964844,107.44999694824219,16627700
2023-06-15,95.78822326660156,105.88999938964844,107.02999877929688,105.44000244140625,105.5,16224100
2023-06-16,95.10073852539062,105.12999725341797,106.7699966430664,104.95999908447266,106.36000061035156,43128900
2023-06-20,92.92063903808594,102.72000122070312,104.7699966430664,102.12000274658203,104.68000030517578,17514100
2023-06-21,93.96094512939453,103.87000274658203,104.62999725341797,102.33000183105469,102.5,13285700
2023-06-22,93.4453125,103.30000305175781,103.88999938964844,102.6500015258789,102.83999633789062,12455300
2023-06-23,92.63117980957031,102.4000015258789,102.81999969482422,101.62000274658203,102.58999633789062,17933600
2023-06-26,94.34088134765625,104.29000091552734,104.91000366210938,102.19999694824219,102.19999694824219,14283400
2023-06-27,94.57608032226562,104.55000305175781,104.61000061035156,103.2699966430664,104.05000305175781,13227500
2023-06-28,95.34497833251953,105.4000015258789,105.81999969482422,103.19999694824219,104.30999755859375,13084100
2023-06-29,96.52095794677734,106.69999694824219,106.7300033569336,105.12999725341797,105.66000366210938,11364400
2023-06-30,97.01850128173828,107.25,107.87999725341797,106.80999755859375,107.31999969482422,13544700
2023-07-03,97.20844268798828,107.45999908447266,108.45999908447266,107.06999969482422,107.48999786376953,7397000
2023-07-05,96.71092987060547,106.91000366210938,107.91999816894531,106.0999984741211,107.62999725341797,12491200
2023-07-06,93.1015625,102.91999816894531,105.72000122070312,102.43000030517578,105.08999633789062,17961400
2023-07-07,93.31867980957031,103.16000366210938,104.0,101.55999755859375,101.91999816894531,21929200
2023-07-10,94.70271301269531,104.69000244140625,104.75,102.75,102.97000122070312,14877600
2023-07-11,95.86061096191406,105.97000122070312,106.16000366210938,104.80999755859375,105.26000213623047,12576500
2023-07-12,96.33098602294922,106.48999786376953,107.6500015258789,106.12999725341797,107.0,13238200
2023-07-13,94.56703186035156,104.54000091552734,106.2300033569336,103.31999969482422,105.97000122070312,26826800
2023-07-14,91.31046295166016,100.94000244140625,104.05000305175781,100.52999877929688,104.05000305175781,28181900
2023-07-17,91.70848083496094,101.37999725341797,101.66999816894531,100.22000122070312,100.72000122070312,18051300
2023-07-18,91.2923583984375,100.91999816894531,102.19999694824219,100.33999633789062,100.91999816894531,24617800
2023-07-19,91.92559814453125,101.62000274658203,102.4000015258789,100.80000305175781,101.05000305175781,15556500
2023-07-20,93.5448226928711,103.41000366210938,103.66000366210938,102.36000061035156,102.54000091552734,15740200
2023-07-21,93.97904205322266,103.88999938964844,104.37999725341797,103.26000213623047,104.16000366210938,17121500
2023-07-24,95.45352935791016,105.5199966430664,106.16000366210938,103.95999908447266,104.36000061035156,15090900
2023-07-25,95.59827423095703,105.68000030517578,106.08999633789062,104.54000091552734,105.05999755859375,14116100
2023-07-26,95.06454467773438,105.08999633789062,105.72000122070312,104.63999938964844,105.11000061035156,15159600
2023-07-27,95.36306762695312,105.41999816894531,106.98999786376953,104.73999786376953,106.0,17677900
2023-07-28,94.22327423095703,104.16000366210938,105.16000366210938,102.31999969482422,105.11000061035156,17566400
2023-07-31,97.00944519042969,107.23999786376953,107.86000061035156,105.19000244140625,105.19000244140625,24197000
2023-08-01,96.44859313964844,106.62000274658203,107.31999969482422,105.52999877929688,106.94999694824219,14177400
2023-08-02,95.24547576904297,105.29000091552734,106.37999725341797,104.56999969482422,106.26000213623047,13484100
2023-08-03,96.90088653564453,107.12000274658203,107.87999725341797,105.30000305175781,105.88999938964844,16280400
2023-08-04,97.17227935791016,107.41999816894531,109.23999786376953,107.33000183105469,107.95999908447266,14279600
2023-08-07,96.97325897216797,107.19999694824219,108.41999816894531,106.51000213623047,107.9000015258789,12410800
2023-08-08,97.45270538330078,107.7300033569336,107.75,104.83999633789062,106.04000091552734,14065600
2023-08-09,99.10810852050781,109.55999755859375,110.41999816894531,108.30999755859375,108.70999908447266,19919600
2023-08-10,99.61469268798828,110.12000274658203,111.62999725341797,109.44000244140625,110.19000244140625,15837200
2023-08-11,101.16156005859375,111.83000183105469,112.06999969482422,110.05000305175781,110.37000274658203,14047000
2023-08-14,101.24296569824219,111.91999816894531,111.9800033569336,110.77999877929688,111.68000030517578,12973400
2023-08-15,98.64373016357422,108.16000366210938,110.86000061035156,107.97000122070312,110.75,14909600
2023-08-16,96.9838638305664,106.33999633789062,109.33000183105469,106.27999877929688,108.27999877929688,13695100
2023-08-17,98.86260986328125,108.4000015258789,110.1500015258789,107.41999816894531,107.41999816894531,16709500
2023-08-18,100.35832977294922,110.04000091552734,110.19999694824219,107.62000274658203,107.63999938964844,16224000
2023-08-21,99.14534759521484,108.70999908447266,110.9800033569336,108.13999938964844,110.36000061035156,11092400
2023-08-22,98.58900451660156,108.0999984741211,109.72000122070312,107.94999694824219,109.16999816894531,10518800
2023-08-23,97.72257995605469,107.1500015258789,107.30000305175781,105.72000122070312,107.04000091552734,11435600
2023-08-24,96.99297332763672,106.3499984741211,107.7699966430664,106.06999969482422,106.41999816894531,10818500
2023-08-25,98.72581481933594,108.25,108.93000030517578,106.62000274658203,107.43000030517578,13579300
2023-08-28,99.55574798583984,109.16000366210938,110.04000091552734,108.44000244140625,108.44999694824219,10382100
2023-08-29,100.14855194091797,109.80999755859375,110.0199966430664,108.41999816894531,109.66000366210938,9665000
2023-08-30,101.12440490722656,110.87999725341797,111.13999938964844,109.9800033569336,110.44000244140625,11922100
2023-08-31,101.40713500976562,111.19000244140625,111.41999816894531,110.62000274658203,111.12000274658203,17479800
2023-09-01,103.5321273803711,113.5199966430664,113.81999969482422,112.19999694824219,112.19999694824219,14843500
2023-09-05,103.541259765625,113.52999877929688,115.83000183105469,113.5,114.0999984741211,18304000
2023-09-06,104.43502807617188,114.51000213623047,114.58999633789062,113.2300033569336,113.4800033569336,13325500
2023-09-07,103.9242935180664,113.94999694824219,115.8499984741211,113.69999694824219,114.6500015258789,13248500
2023-09-08,105.4382553100586,115.61000061035156,116.05000305175781,114.31999969482422,114.52999877929688,14283200
2023-09-11,104.11582946777344,114.16000366210938,116.68000030517578,113.56999969482422,116.18000030517578,14383600
2023-09-12,107.15283203125,117.48999786376953,117.66999816894531,115.2699966430664,115.33999633789062,20145800
2023-09-13,106.19522857666016,116.44000244140625,117.95999908447266,115.9000015258789,117.41000366210938,13472800
2023-09-14,108.09220886230469,118.5199966430664,118.66000366210938,117.33000183105469,117.55000305175781,15210700
2023-09-15,106.4323501586914,116.69999694824219,118.51000213623047,116.5,117.9000015258789,34568400
2023-09-18,107.28965759277344,117.63999938964844,118.23999786376953,116.69999694824219,117.52999877929688,14045300
2023-09-19,107.00691986083984,117.33000183105469,118.83999633789062,116.61000061035156,118.62000274658203,12562900
2023-09-20,106.15874481201172,116.4000015258789,118.0199966430664,116.31999969482422,116.54000091552734,11879900
2023-09-21,104.66303253173828,114.76000213623047,117.37000274658203,114.5999984741211,116.9800033569336,14400600
2023-09-22,104.82720184326172,114.94000244140625,116.68000030517578,114.80999755859375,115.70999908447266,13197300
2023-09-25,106.00370788574219,116.2300033569336,116.6500015258789,114.83000183105469,115.08999633789062,11316000
2023-09-26,106.16786193847656,116.41000366210938,116.7300033569336,115.37000274658203,115.5,11805400
2023-09-27,109.62439727783203,120.19999694824219,120.5,117.4000015258789,117.88999938964844,23976200
2023-09-28,108.95862579345703,119.47000122070312,120.69999694824219,118.19000244140625,119.9800033569336,16808100
2023-09-29,107.23493194580078,117.58000183105469,119.18000030517578,116.7300033569336,119.0999984741211,18813600
2023-10-02,105.45649719238281,115.62999725341797,117.79000091552734,114.55000305175781,117.52999877929688,14395000
2023-10-03,105.6388931274414,115.83000183105469,116.44000244140625,115.02999877929688,115.44000244140625,13297100
2023-10-04,101.68986511230469,111.5,114.08999633789062,110.5,114.05000305175781,19622200
2023-10-05,99.40069580078125,108.98999786376953,110.9000015258789,108.69999694824219,109.80000305175781,20128800
2023-10-06,97.74083709716797,107.16999816894531,108.2699966430664,105.11000061035156,105.7300033569336,25367500
2023-10-09,101.16089630126953,110.91999816894531,112.06999969482422,109.5199966430664,110.44000244140625,22369900
2023-10-10,100.73223114013672,110.44999694824219,111.44999694824219,110.12000274658203,111.0199966430664,13892000
2023-10-11,97.12065124511719,106.48999786376953,107.16999816894531,104.83000183105469,106.95999908447266,57939000
2023-10-12,97.10240936279297,106.47000122070312,107.83999633789062,106.08999633789062,107.58999633789062,31183000
2023-10-13,100.20327758789062,109.87000274658203,110.19999694824219,107.83999633789062,108.02999877929688,30276500
2023-10-16,100.27623748779297,109.94999694824219,110.68000030517578,109.12999725341797,110.5,18452000
2023-10-17,101.58955383300781,111.38999938964844,111.80000305175781,109.68000030517578,109.7300033569336,19775400
2023-10-18,103.01229095458984,112.94999694824219,113.38999938964844,111.69999694824219,111.81999969482422,23380300
2023-10-19,103.07611846923828,113.0199966430664,113.97000122070312,111.33000183105469,112.72000122070312,20972500
2023-10-20,101.30681610107422,111.08000183105469,113.31999969482422,110.79000091552734,112.91999816894531,22445300
2023-10-23,99.82022094726562,109.44999694824219,110.95999908447266,108.68000030517578,110.62999725341797,18185000
2023-10-24,98.8534927368164,108.38999938964844,109.81999969482422,108.12000274658203,109.69999694824219,16786100
2023-10-25,99.03589630126953,108.58999633789062,109.5,108.12999725341797,108.5199966430664,22047300
2023-10-26,98.13299560546875,107.5999984741211,108.33999633789062,106.5,107.44999694824219,18768300
2023-10-27,96.26336669921875,105.55000305175781,109.86000061035156,104.95999908447266,108.88999938964844,23092000
2023-10-30,96.56432342529297,105.87999725341797,106.41999816894531,105.20999908447266,105.73999786376953,19379900
2023-10-31,96.5369644165039,105.8499984741211,106.16000366210938,104.54000091552734,105.58000183105469,22185200
2023-11-01,96.34545135498047,105.63999938964844,107.16999816894531,105.45999908447266,106.52999877929688,28984900
2023-11-02,99.51013946533203,109.11000061035156,109.19000244140625,105.5,105.87999725341797,25212700
2023-11-03,98.29716491699219,107.77999877929688,108.77999877929688,106.54000091552734,108.4000015258789,30555600
2023-11-06,96.55521392822266,105.87000274658203,108.2699966430664,105.7699966430664,108.16999816894531,19097300
2023-11-07,95.041259765625,104.20999908447266,104.86000061035156,103.29000091552734,104.47000122070312,20272500
2023-11-08,93.87389373779297,102.93000030517578,104.9000015258789,102.88999938964844,103.7300033569336,19184100
2023-11-09,93.90123748779297,102.95999908447266,103.97000122070312,102.86000061035156,103.66999816894531,18380500
2023-11-10,94.62173461914062,103.75,104.41000366210938,102.91000366210938,103.93000030517578,17825500
2023-11-13,95.61583709716797,104.83999633789062,105.13999938964844,103.80999755859375,104.05000305175781,15308400
2023-11-14,95.98397064208984,104.29000091552734,104.81999969482422,103.87000274658203,104.30000305175781,18260500
2023-11-15,95.4041519165039,103.66000366210938,105.1500015258789,103.5,103.95999908447266,20137600
2023-11-16,94.29972839355469,102.45999908447266,103.2699966430664,101.1500015258789,102.9000015258789,22469100
2023-11-17,96.60061645507812,104.95999908447266,105.43000030517578,102.75,103.05999755859375,22984900
2023-11-20,96.17725372314453,104.5,105.87999725341797,104.43000030517578,105.37999725341797,17458800
2023-11-21,96.14042663574219,104.45999908447266,104.69999694824219,103.22000122070312,104.20999908447266,14989000
2023-11-22,95.72627258300781,104.01000213623047,104.12000274658203,101.94000244140625,102.58000183105469,18072000
2023-11-24,96.24166870117188,104.56999969482422,105.47000122070312,103.91000366210938,104.0199966430664,9480800
2023-11-27,95.68025207519531,103.95999908447266,104.4000015258789,103.18000030517578,104.0999984741211,18013500
2023-11-28,95.62504577636719,103.9000015258789,104.91000366210938,103.87999725341797,104.23999786376953,20629500
2023-11-29,94.18927001953125,102.33999633789062,104.58000183105469,101.63999938964844,104.2699966430664,26802100
2023-11-30,94.55741882324219,102.73999786376953,104.4800033569336,101.80999755859375,103.11000061035156,29254700
2023-12-01,94.78750610351562,102.98999786376953,104.22000122070312,102.22000122070312,102.5,17845300
2023-12-04,94.27210998535156,102.43000030517578,103.36000061035156,101.58999633789062,102.12999725341797,21523900
2023-12-05,92.44062042236328,100.44000244140625,102.33999633789062,100.29000091552734,102.2699966430664,22250300
2023-12-06,91.21653747558594,99.11000061035156,100.72000122070312,98.33999633789062,100.0,31154800
2023-12-07,90.58147430419922,98.41999816894531,100.83999633789062,98.08999633789062,99.86000061035156,29990700
2023-12-08,91.6214828491211,99.55000305175781,99.79000091552734,98.75,99.0199966430664,22074900
2023-12-11,91.6859130859375,99.62000274658203,99.86000061035156,98.58000183105469,99.80000305175781,22252300
2023-12-12,90.24095916748047,98.05000305175781,98.68000030517578,97.4800033569336,98.68000030517578,26084000
2023-12-13,91.0416488647461,98.91999816894531,99.02999877929688,97.66000366210938,98.04000091552734,19915400
2023-12-14,93.48981475830078,101.58000183105469,102.13999938964844,99.72000122070312,99.8499984741211,26165700
2023-12-15,92.86396789550781,100.9000015258789,101.0,100.30999755859375,100.58999633789062,55527000
2023-12-18,93.55423736572266,101.6500015258789,103.11000061035156,101.5199966430664,102.12999725341797,21610400
2023-12-19,94.78750610351562,102.98999786376953,103.19000244140625,101.79000091552734,102.0,18904700
2023-12-20,93.2044906616211,101.2699966430664,103.94000244140625,101.12999725341797,103.5,20988900
2023-12-21,93.62787628173828,101.7300033569336,102.01000213623047,100.80999755859375,101.47000122070312,19250900
2023-12-22,93.79353332519531,101.91000366210938,102.94000244140625,101.81999969482422,102.30999755859375,12927800
2023-12-26,94.00521850585938,102.13999938964844,103.02999877929688,102.12000274658203,102.73999786376953,16835100
2023-12-27,93.56343841552734,101.66000366210938,102.55000305175781,101.33999633789062,102.04000091552734,14558800
2023-12-28,92.21051788330078,100.19000244140625,101.61000061035156,100.12999725341797,101.38999938964844,16329300
2023-12-29,92.01725006103516,99.9800033569336,100.58999633789062,99.62000274658203,100.37000274658203,17746400
2024-01-02,94.20769500732422,102.36000061035156,103.0999984741211,100.8499984741211,100.91999816894531,23483000
2024-01-03,94.99919128417969,103.22000122070312,103.62000274658203,101.66000366210938,102.2699966430664,23490800
2024-01-04,94.1708755493164,102.31999969482422,104.56999969482422,102.05000305175781,104.08000183105469,19395200
2024-01-05,94.45618438720703,102.62999725341797,103.4000015258789,102.12999725341797,103.16999816894531,15827400
2024-01-08,92.88238525390625,100.91999816894531,101.04000091552734,98.9000015258789,100.7300033569336,23370100
2024-01-09,91.73193359375,99.66999816894531,101.29000091552734,99.19000244140625,101.29000091552734,19496600
2024-01-10,90.82998657226562,98.69000244140625,99.80000305175781,98.16000366210938,99.80000305175781,18206100
2024-01-11,90.81156158447266,98.66999816894531,99.5,98.55999755859375,99.04000091552734,15833400
2024-01-12,91.98961639404297,99.94999694824219,100.6500015258789,99.16999816894531,100.13999938964844,18041700
2024-01-16,89.90962219238281,97.69000244140625,100.01000213623047,97.52999877929688,99.81999969482422,20235700
2024-01-17,89.25617218017578,96.9800033569336,97.95999908447266,96.58000183105469,96.5999984741211,18384000
2024-01-18,89.09051513671875,96.80000305175781,97.08999633789062,95.81999969482422,97.0,20940300
2024-01-19,89.22855377197266,96.94999694824219,97.0199966430664,96.41000366210938,96.72000122070312,20088400
2024-01-22,89.10892486572266,96.81999969482422,97.0999984741211,95.7699966430664,96.69999694824219,19955900
2024-01-23,90.11209869384766,97.91000366210938,98.5,96.7300033569336,96.80999755859375,15863400
2024-01-24,91.66751098632812,99.5999984741211,99.6500015258789,97.73999786376953,98.31999969482422,17330600
2024-01-25,93.99600219726562,102.12999725341797,102.18000030517578,99.62000274658203,100.30999755859375,22089500
2024-01-26,94.79671478271484,103.0,103.08000183105469,101.19000244140625,101.97000122070312,20817200
2024-01-29,94.9163589477539,103.12999725341797,103.19999694824219,101.86000061035156,102.9800033569336,18317500
2024-01-30,96.49937438964844,104.8499984741211,104.87999725341797,102.0999984741211,102.41000366210938,19610900
2024-01-31,94.6218490600586,102.80999755859375,104.87999725341797,102.7699966430664,104.73999786376953,22415300
2024-02-01,94.23529815673828,102.38999938964844,104.01000213623047,101.62000274658203,103.56999969482422,19240700
2024-02-02,93.8487548828125,101.97000122070312,104.0,101.61000061035156,103.75,21973400
2024-02-05,93.46221160888672,101.55000305175781,102.37999725341797,100.5,101.44999694824219,17190900
2024-02-06,94.10646057128906,102.25,103.04000091552734,101.56999969482422,102.06999969482422,13347900
2024-02-07,94.07884216308594,102.22000122070312,102.7300033569336,101.18000030517578,102.25,13826800
2024-02-08,95.689453125,103.97000122070312,104.41999816894531,102.11000061035156,102.33999633789062,19636900
2024-02-09,93.6646728515625,101.7699966430664,104.83999633789062,101.69999694824219,104.0999984741211,20410500
2024-02-12,94.95317840576172,103.16999816894531,103.4000015258789,102.0,102.16000366210938,18173100
2024-02-13,94.13572692871094,101.33999633789062,103.08999633789062,100.5999984741211,102.76000213623047,18917400
2024-02-14,93.6712646484375,100.83999633789062,102.62000274658203,100.41999816894531,101.87000274658203,17651300
2024-02-15,96.35582733154297,103.7300033569336,103.94000244140625,100.5999984741211,100.5999984741211,23196300
2024-02-16,96.35582733154297,103.7300033569336,104.62999725341797,103.5199966430664,104.01000213623047,20151400
2024-02-20,95.44549560546875,102.75,104.12000274658203,102.6500015258789,103.83999633789062,17650000
2024-02-21,97.39620208740234,104.8499984741211,104.9800033569336,102.98999786376953,103.0199966430664,20991300
2024-02-22,97.31260681152344,104.76000213623047,105.41000366210938,103.44999694824219,104.16000366210938,20470700
2024-02-23,96.45801544189453,103.83999633789062,104.08999633789062,102.87999725341797,103.87999725341797,15975900
2024-02-26,96.83885192871094,104.25,104.94000244140625,103.05000305175781,103.72000122070312,13360800
2024-02-27,96.6344985961914,104.02999877929688,105.1500015258789,103.8499984741211,104.68000030517578,16360000
2024-02-28,96.90389251708984,104.31999969482422,105.43000030517578,104.0,104.47000122070312,14810500
2024-02-29,97.08966827392578,104.5199966430664,105.06999969482422,104.22000122070312,104.68000030517578,17566100
2024-03-01,98.31582641601562,105.83999633789062,106.38999938964844,105.37999725341797,105.72000122070312,18460100
2024-03-04,96.94104766845703,104.36000061035156,105.8499984741211,104.02999877929688,105.66000366210938,18138000
2024-03-05,98.13005065917969,105.63999938964844,106.2699966430664,104.31999969482422,104.52999877929688,19952700
2024-03-06,99.17971801757812,106.7699966430664,107.56999969482422,106.1500015258789,106.62000274658203,20472800
2024-03-07,99.737060546875,107.37000274658203,107.9800033569336,106.5999984741211,106.5999984741211,15195400
2024-03-08,100.6752700805664,108.37999725341797,108.4000015258789,106.7699966430664,107.2300033569336,16281500
2024-03-11,101.2697525024414,109.0199966430664,109.12000274658203,107.33999633789062,108.25,17577300
2024-03-12,100.61952209472656,108.31999969482422,109.27999877929688,108.02999877929688,109.05999755859375,14957200
2024-03-13,101.7435073852539,109.52999877929688,110.3499984741211,109.11000061035156,109.13999938964844,17122200
2024-03-14,103.54559326171875,111.47000122070312,111.55000305175781,109.69000244140625,109.83000183105469,22121000
2024-03-15,103.35980224609375,111.2699966430664,112.30000305175781,110.8499984741211,110.8499984741211,38264400
2024-03-18,104.31658172607422,112.30000305175781,112.86000061035156,111.0999984741211,111.79000091552734,16770500
2024-03-19,105.05042266845703,113.08999633789062,113.48999786376953,112.05999755859375,112.22000122070312,14878800
2024-03-20,104.95753479003906,112.98999786376953,113.4000015258789,112.12999725341797,112.72000122070312,16119700
2024-03-21,105.42200469970703,113.48999786376953,113.91000366210938,112.56999969482422,112.91999816894531,14878000
2024-03-22,105.42200469970703,113.48999786376953,113.69000244140625,112.81999969482422,113.4800033569336,14701900
2024-03-25,106.49951934814453,114.6500015258789,115.77999877929688,113.83000183105469,113.83000183105469,14011700
2024-03-26,105.7006607055664,113.79000091552734,114.9800033569336,113.41000366210938,114.66000366210938,13152300
2024-03-27,106.7967758178711,114.97000122070312,115.05999755859375,113.41000366210938,113.4800033569336,12415700
2024-03-28,107.97648620605469,116.23999786376953,116.44999694824219,115.05999755859375,115.52999877929688,18482100
2024-04-01,108.67317962646484,116.98999786376953,117.23999786376953,115.37999725341797,116.41000366210938,13817000
2024-04-02,110.80037689208984,119.27999877929688,119.5999984741211,117.33000183105469,117.91999816894531,19919600
2024-04-03,110.81896209716797,119.30000305175781,119.75,118.7300033569336,119.4800033569336,16504300
2024-04-04,111.20909881591797,119.72000122070312,119.87999725341797,118.63999938964844,119.05000305175781,18467400
2024-04-05,112.7417984008789,121.37000274658203,122.1500015258789,119.63999938964844,119.9800033569336,21720600
2024-04-08,111.98008728027344,120.55000305175781,121.73999786376953,120.20999908447266,121.08000183105469,17513900
2024-04-09,112.5653076171875,121.18000030517578,121.6500015258789,120.33999633789062,121.0,14132300
2024-04-10,113.5127944946289,122.19999694824219,122.47000122070312,120.7300033569336,121.22000122070312,17409200
2024-04-11,113.13195037841797,121.79000091552734,122.69000244140625,120.33999633789062,122.69000244140625,17555900
2024-04-12,111.81289672851562,120.37000274658203,123.75,119.66999816894531,122.94999694824219,21556200
2024-04-15,111.17194366455078,119.68000030517578,121.69000244140625,119.44999694824219,121.08999633789062,15029500
2024-04-16,110.25232696533203,118.69000244140625,120.22000122070312,117.91999816894531,119.55999755859375,18082200
2024-04-17,110.19657135009766,118.62999725341797,119.3499984741211,117.12000274658203,118.55000305175781,14538600
2024-04-18,110.09440612792969,118.5199966430664,119.72000122070312,117.97000122070312,119.0,13821400
2024-04-19,111.35772705078125,119.87999725341797,120.93000030517578,118.94999694824219,119.16000366210938,21572400
2024-04-22,111.9893798828125,120.55999755859375,121.56999969482422,118.43000030517578,119.26000213623047,16340700
2024-04-23,112.42596435546875,121.02999877929688,121.05999755859375,119.44999694824219,120.0,13929800
2024-04-24,112.44454193115234,121.05000305175781,121.26000213623047,119.38999938964844,120.30000305175781,12101200
2024-04-25,112.70464324951172,121.33000183105469,121.76000213623047,119.4000015258789,121.02999877929688,16041000
2024-04-26,109.57422637939453,117.95999908447266,119.0999984741211,116.22000122070312,119.0,27289500
2024-04-29,111.13479614257812,119.63999938964844,120.05000305175781,117.76000213623047,117.76000213623047,17309900
2024-04-30,109.8621826171875,118.2699966430664,120.19999694824219,117.9800033569336,119.11000061035156,21083300
2024-05-01,107.78141784667969,116.02999877929688,118.47000122070312,115.66000366210938,118.27999877929688,27777700
2024-05-02,107.97648620605469,116.23999786376953,117.26000213623047,115.9000015258789,116.26000213623047,25513600
2024-05-03,107.7535629272461,116.0,116.06999969482422,114.12999725341797,116.0,28023300
2024-05-06,108.45024871826172,116.75,118.33999633789062,116.4000015258789,116.66999816894531,31401300
2024-05-07,107.9114761352539,116.16999816894531,117.58000183105469,115.93000030517578,117.27999877929688,30122000
2024-05-08,107.89289855957031,116.1500015258789,116.94999694824219,115.41000366210938,115.70999908447266,18957200
2024-05-09,110.02009582519531,118.44000244140625,118.52999877929688,116.19000244140625,116.19999694824219,17564000
2024-05-10,109.57422637939453,117.95999908447266,118.66000366210938,117.58000183105469,118.54000091552734,13648100
2024-05-13,109.52777862548828,117.91000366210938,119.04000091552734,117.12000274658203,118.41999816894531,15060600
2024-05-14,110.19266510009766,117.66999816894531,117.73999786376953,116.4800033569336,116.79000091552734,15079100
2024-05-15,111.04483032226562,118.58000183105469,118.83999633789062,116.08000183105469,117.61000061035156,18244300
2024-05-16,110.37994384765625,117.87000274658203,119.30000305175781,117.54000091552734,118.54000091552734,15745200
2024-05-17,112.0374755859375,119.63999938964844,119.83000183105469,117.95999908447266,118.30000305175781,15104500
2024-05-20,111.12909698486328,118.66999816894531,119.88999938964844,118.55000305175781,119.7300033569336,11551300
2024-05-21,110.36121368408203,117.8499984741211,119.44999694824219,117.77999877929688,118.4000015258789,14495000
2024-05-22,108.14183044433594,115.4800033569336,117.45999908447266,114.95999908447266,117.45999908447266,17879300
2024-05-23,106.29701232910156,113.51000213623047,117.51000213623047,113.36000061035156,115.5999984741211,15979800
2024-05-24,106.21271514892578,113.41999816894531,115.08000183105469,113.04000091552734,114.83999633789062,12212900
2024-05-28,107.56121826171875,114.86000061035156,115.11000061035156,113.06999969482422,113.5199966430664,13978300
2024-05-29,106.40937042236328,113.62999725341797,114.55000305175781,112.80999755859375,114.52999877929688,13902000
2024-05-30,106.74649810791016,113.98999786376953,114.12999725341797,112.95999908447266,113.2699966430664,14683700
2024-05-31,109.8087158203125,117.26000213623047,117.48999786376953,113.98999786376953,114.12000274658203,29037400
2024-06-03,107.1772689819336,114.44999694824219,116.36000061035156,113.76000213623047,116.30000305175781,19589300
2024-06-04,105.51036834716797,112.66999816894531,113.08999633789062,110.91999816894531,113.0,19412200
2024-06-05,105.9317855834961,113.12000274658203,113.19000244140625,111.4800033569336,112.88999938964844,14863500
2024-06-06,106.72776794433594,113.97000122070312,114.04000091552734,112.11000061035156,112.75,13154100
2024-06-07,105.5853042602539,112.75,114.9000015258789,112.66999816894531,113.79000091552734,13289200
2024-06-10,105.89434051513672,113.08000183105469,114.22000122070312,112.69999694824219,113.05999755859375,15239700
2024-06-11,105.04216003417969,112.16999816894531,112.66999816894531,111.30999755859375,112.48999786376953,12462400
2024-06-12,103.88095092773438,110.93000030517578,113.30000305175781,110.54000091552734,113.30000305175781,13606800
2024-06-13,103.04750061035156,110.04000091552734,110.86000061035156,109.72000122070312,110.83999633789062,14466900
2024-06-14,102.17660522460938,109.11000061035156,110.20999908447266,108.58999633789062,110.0199966430664,13313400
2024-06-17,101.47427368164062,108.36000061035156,109.45999908447266,108.18000030517578,109.16999816894531,21147900
2024-06-18,102.42945098876953,109.37999725341797,110.72000122070312,108.80000305175781,109.02999877929688,17762900
2024-06-20,104.63947296142578,111.73999786376953,112.62000274658203,109.58999633789062,109.91000366210938,17433200
2024-06-21,103.72174835205078,110.76000213623047,112.69999694824219,110.76000213623047,111.9000015258789,52212500
2024-06-24,106.80268859863281,114.05000305175781,114.52999877929688,111.63999938964844,111.63999938964844,16266700
2024-06-25,107.10236358642578,114.37000274658203,114.55000305175781,113.45999908447266,114.11000061035156,14188900
2024-06-26,107.13981628417969,114.41000366210938,114.81999969482422,113.13999938964844,114.38999938964844,15771800
2024-06-27,107.59868621826172,114.9000015258789,114.98999786376953,114.11000061035156,114.98999786376953,16812700
2024-06-28,107.80470275878906,115.12000274658203,116.54000091552734,114.68000030517578,115.86000061035156,24565900
2024-07-01,107.65486907958984,114.95999908447266,116.73999786376953,114.52999877929688,115.70999908447266,11972900
2024-07-02,106.92443084716797,114.18000030517578,115.94000244140625,113.48999786376953,115.9000015258789,13326700
2024-07-03,107.46757507324219,114.76000213623047,115.66000366210938,114.2699966430664,114.2699966430664,7732900
2024-07-05,106.16590881347656,113.37000274658203,114.62999725341797,112.69000244140625,114.61000061035156,12631000
2024-07-08,105.05152130126953,112.18000030517578,113.55000305175781,111.41999816894531,112.38999938964844,13350500
2024-07-09,103.89031982421875,110.94000244140625,112.54000091552734,110.62000274658203,111.11000061035156,11727000
2024-07-10,104.80804443359375,111.91999816894531,111.95999908447266,110.41999816894531,110.91999816894531,10004100
2024-07-11,106.05352783203125,113.25,113.31999969482422,110.93000030517578,111.43000030517578,13082700
2024-07-12,106.07225036621094,113.2699966430664,114.1500015258789,112.62999725341797,113.98999786376953,11684900
2024-07-15,107.88896942138672,115.20999908447266,116.16000366210938,113.58000183105469,114.2699966430664,13032500
2024-07-16,108.6662368774414,116.04000091552734,116.3499984741211,113.70999908447266,114.3499984741211,13614100
2024-07-17,110.16456604003906,117.63999938964844,118.18000030517578,116.55000305175781,116.73999786376953,13602800
2024-07-18,111.25084686279297,118.80000305175781,119.91999816894531,117.44000244140625,117.94999694824219,13033600
2024-07-19,108.69432830810547,116.06999969482422,118.87999725341797,115.87000274658203,118.58999633789062,16157700
2024-07-22,107.9451675415039,115.2699966430664,115.94000244140625,114.58000183105469,115.18000030517578,12065900
2024-07-23,106.20336151123047,113.41000366210938,115.16999816894531,113.16999816894531,114.80999755859375,11251700
2024-07-24,107.70169067382812,115.01000213623047,115.19999694824219,113.06999969482422,113.7699966430664,14925200
2024-07-25,109.96790313720703,117.43000030517578,118.02999877929688,114.55999755859375,115.16999816894531,17021700
2024-07-26,109.87425231933594,117.33000183105469,118.02999877929688,116.47000122070312,116.7699966430664,11252500
2024-07-29,108.72242736816406,116.0999984741211,117.38999938964844,115.37999725341797,117.31999969482422,8861800
2024-07-30,110.66088104248047,118.16999816894531,118.5999984741211,116.2300033569336,116.36000061035156,12483900
2024-07-31,111.05419158935547,118.58999633789062,119.76000213623047,118.55999755859375,119.63999938964844,15137700
2024-08-01,109.51840209960938,116.94999694824219,119.48999786376953,116.36000061035156,118.3499984741211,15051500
2024-08-02,109.4528579711914,116.87999725341797,118.87000274658203,115.41999816894531,115.97000122070312,20403800
2024-08-05,107.4769287109375,114.7699966430664,116.02999877929688,113.25,115.54000091552734,18025900
2024-08-06,106.90570068359375,114.16000366210938,115.62999725341797,113.62999725341797,114.44999694824219,13647800
2024-08-07,108.32910919189453,115.68000030517578,117.12000274658203,115.26000213623047,115.44999694824219,13660700
2024-08-08,110.39867401123047,117.88999938964844,118.11000061035156,115.7300033569336,116.08000183105469,13851000
2024-08-09,111.29766845703125,118.8499984741211,119.30999755859375,117.36000061035156,117.88999938964844,12151900
2024-08-12,111.43814849853516,119.0,120.16999816894531,118.0199966430664,119.55000305175781,13228900
2024-08-13,110.3705825805664,117.86000061035156,118.51000213623047,117.5,118.27999877929688,11585100
2024-08-14,111.39132690429688,118.94999694824219,119.9000015258789,117.62999725341797,118.0999984741211,12194500
2024-08-15,112.0804443359375,118.7300033569336,119.62999725341797,118.12000274658203,118.25,11579400
2024-08-16,111.55178833007812,118.16999816894531,118.4800033569336,117.66000366210938,117.98999786376953,10056000
2024-08-19,111.89164733886719,118.52999877929688,120.5,118.16999816894531,118.4000015258789,12417500
2024-08-20,108.1628646850586,114.58000183105469,118.6500015258789,114.51000213623047,118.6500015258789,15632000
2024-08-21,107.47373962402344,113.8499984741211,115.56999969482422,113.76000213623047,115.01000213623047,11752400
2024-08-22,108.30445098876953,114.7300033569336,115.01000213623047,113.63999938964844,113.77999877929688,10609500
2024-08-23,109.8053970336914,116.31999969482422,116.72000122070312,115.02999877929688,115.02999877929688,10381400
2024-08-26,112.15595245361328,118.80999755859375,118.94000244140625,116.91999816894531,117.76000213623047,13671000
2024-08-27,111.08924865722656,117.68000030517578,119.41000366210938,117.4000015258789,118.95999908447266,9991600
2024-08-28,109.99420166015625,116.5199966430664,117.58000183105469,116.26000213623047,117.0,10742900
2024-08-29,111.51403045654297,118.12999725341797,118.79000091552734,116.3499984741211,117.19999694824219,10753900
2024-08-30,111.33467864990234,117.94000244140625,118.0199966430664,116.29000091552734,116.79000091552734,13284700
2024-09-03,109.00302124023438,115.47000122070312,116.08999633789062,114.04000091552734,115.83999633789062,15725100
2024-09-04,107.67198181152344,114.05999755859375,116.1500015258789,113.9800033569336,115.29000091552734,12620600
2024-09-05,106.83182525634766,113.16999816894531,115.27999877929688,113.06999969482422,115.06999969482422,17200800
2024-09-06,106.33150482177734,112.63999938964844,114.18000030517578,111.7300033569336,113.58999633789062,13467700
2024-09-09,108.56877899169922,115.01000213623047,116.1500015258789,112.66000366210938,112.87000274658203,21645300
2024-09-10,104.61344146728516,110.81999969482422,115.4000015258789,110.16999816894531,115.0999984741211,20913400
2024-09-11,103.57504272460938,109.72000122070312,110.94999694824219,107.7699966430664,110.77999877929688,19571900
2024-09-12,105.00048065185547,111.2300033569336,111.33000183105469,109.76000213623047,109.9000015258789,15919500
2024-09-13,104.92496490478516,111.1500015258789,112.47000122070312,110.93000030517578,111.47000122070312,10035400
2024-09-16,106.39759063720703,112.70999908447266,113.08999633789062,111.69000244140625,112.05000305175781,11729000
2024-09-17,107.78526306152344,114.18000030517578,114.37000274658203,112.12000274658203,112.31999969482422,12202600
2024-09-18,108.1628646850586,114.58000183105469,115.62999725341797,113.80999755859375,114.11000061035156,12569900
2024-09-19,109.5033187866211,116.0,117.58000183105469,115.19000244140625,116.16000366210938,12660600
2024-09-20,108.81421661376953,115.2699966430664,115.51000213623047,114.25,115.45999908447266,36206200
2024-09-23,110.78716278076172,117.36000061035156,117.79000091552734,115.12000274658203,115.33000183105469,16066300
2024-09-24,110.49452209472656,117.05000305175781,118.16000366210938,116.83000183105469,117.83999633789062,11984900
2024-09-25,108.34220886230469,114.7699966430664,117.05000305175781,114.04000091552734,116.48999786376953,13816000
2024-09-26,106.48255920410156,112.80000305175781,113.4800033569336,111.13999938964844,111.13999938964844,16887900
2024-09-27,109.33341217041016,115.81999969482422,116.08999633789062,113.25,113.76000213623047,15964000
2024-09-30,110.6550064086914,117.22000122070312,117.38999938964844,114.95999908447266,115.45999908447266,13247600
2024-10-01,113.2132339477539,119.93000030517578,120.5999984741211,115.93000030517578,116.04000091552734,23235900
2024-10-02,114.71418762207031,121.5199966430664,122.81999969482422,120.19999694824219,121.93000030517578,17129700
2024-10-03,115.7148208618164,122.58000183105469,123.16999816894531,120.93000030517578,121.9000015258789,16524300
2024-10-04,117.83879852294922,124.83000183105469,125.19000244140625,122.43000030517578,123.19999694824219,19752300
2024-10-07,118.34855651855469,125.37000274658203,126.33999633789062,124.86000061035156,125.25,15714400
2024-10-08,115.20504760742188,122.04000091552734,124.0199966430664,121.26000213623047,123.87999725341797,14818500
2024-10-09,115.25225067138672,122.08999633789062,122.58000183105469,120.80000305175781,120.9000015258789,11144900
2024-10-10,116.24344635009766,123.13999938964844,123.69999694824219,122.29000091552734,123.16000366210938,10243300
2024-10-11,116.68712615966797,123.61000061035156,124.02999877929688,122.94000244140625,123.0999984741211,8294800
2024-10-14,117.13079071044922,124.08000183105469,124.26000213623047,122.62000274658203,123.23999786376953,9808100
2024-10-15,113.60971069335938,120.3499984741211,121.94999694824219,119.77999877929688,120.81999969482422,15771300
2024-10-16,113.90235137939453,120.66000366210938,121.44000244140625,120.5999984741211,120.88999938964844,8426800
2024-10-17,113.60971069335938,120.3499984741211,121.58000183105469,119.70999908447266,120.76000213623047,11204900
2024-10-18,113.28874206542969,120.01000213623047,120.63999938964844,119.1500015258789,120.44000244140625,12898600
2024-10-21,113.35482788085938,120.08000183105469,121.4800033569336,119.72000122070312,120.9800033569336,10177800
2024-10-22,113.94009399414062,120.69999694824219,121.19000244140625,119.94000244140625,120.26000213623047,9201400
2024-10-23,113.53419494628906,120.2699966430664,120.75,119.4000015258789,119.97000122070312,8320300
2024-10-24,112.89226531982422,119.58999633789062,120.44000244140625,119.12999725341797,120.0,9905600
2024-10-25,112.79786682128906,119.48999786376953,120.43000030517578,119.31999969482422,120.19999694824219,10714600
2024-10-28,112.24091339111328,118.9000015258789,119.01000213623047,116.7699966430664,116.79000091552734,11844500
2024-10-29,110.71163177490234,117.27999877929688,119.16999816894531,117.06999969482422,118.58000183105469,14731000
2024-10-30,110.15469360351562,116.69000244140625,118.2699966430664,116.4800033569336,117.66000366210938,12303700
2024-10-31,110.23963928222656,116.77999877929688,118.66999816894531,116.68000030517578,117.1500015258789,20512000
2024-11-01,108.51213836669922,114.94999694824219,119.94999694824219,114.83999633789062,119.93000030517578,20939300
2024-11-04,111.96715545654297,118.61000061035156,118.69999694824219,115.93000030517578,116.06999969482422,14965400
2024-11-05,112.29754638671875,118.95999908447266,119.20999908447266,118.01000213623047,119.08000183105469,10436700
2024-11-06,114.22330474853516,121.0,121.91000366210938,119.30000305175781,121.1500015258789,20807700
2024-11-07,114.36491394042969,121.1500015258789,121.5,119.61000061035156,121.30000305175781,12184400
2024-11-08,114.32714080810547,121.11000061035156,121.41999816894531,119.66000366210938,120.9800033569336,12836000
2024-11-11,113.72298431396484,120.47000122070312,121.62000274658203,120.06999969482422,121.0,11969700
2024-11-12,113.60971069335938,120.3499984741211,121.30999755859375,119.83999633789062,121.12999725341797,11972800
2024-11-13,114.66698455810547,121.47000122070312,122.05000305175781,118.80000305175781,120.56999969482422,15127900
2024-11-14,114.74311828613281,120.55999755859375,121.87999725341797,120.33000183105469,121.66000366210938,13041800
2024-11-15,113.55342864990234,119.30999755859375,121.23999786376953,119.12999725341797,120.4000015258789,19051700
2024-11-18,114.50518798828125,120.30999755859375,120.62000274658203,119.2699966430664,119.79000091552734,14239700
2024-11-19,112.90623474121094,118.62999725341797,119.75,118.19999694824219,119.75,11584400
2024-11-20,114.51470184326172,120.31999969482422,120.47000122070312,118.63999938964844,119.16999816894531,11360900
2024-11-21,116.0470199584961,121.93000030517578,122.55000305175781,120.2699966430664,121.08000183105469,14675400
2024-11-22,115.91376495361328,121.79000091552734,123.20999908447266,121.63999938964844,121.81999969482422,13323400
2024-11-25,114.18158721923828,119.97000122070312,121.87999725341797,119.61000061035156,121.43000030517578,26580300
2024-11-26,112.27808380126953,117.97000122070312,119.68000030517578,117.8499984741211,119.52999877929688,14827300
2024-11-27,111.98304748535156,117.66000366210938,118.7300033569336,117.43000030517578,118.08999633789062,11079100
2024-11-29,112.26856994628906,117.95999908447266,118.5,116.94999694824219,117.44000244140625,9426500
2024-12-02,112.16387176513672,117.8499984741211,118.19999694824219,116.81999969482422,118.05000305175781,12687300
2024-12-03,111.9925537109375,117.66999816894531,118.72000122070312,117.26000213623047,118.72000122070312,11756600
2024-12-04,108.76612091064453,114.27999877929688,117.55000305175781,113.86000061035156,117.5,19520600
2024-12-05,109.24198913574219,114.77999877929688,115.62000274658203,114.05999755859375,114.70999908447266,15751200
2024-12-06,108.09037780761719,113.56999969482422,114.7699966430664,113.5,114.54000091552734,16171100
2024-12-09,107.45270538330078,112.9000015258789,114.94000244140625,112.75,114.63999938964844,17412600
2024-12-10,107.23380279541016,112.66999816894531,113.87999725341797,111.75,113.58999633789062,20990900
2024-12-11,106.51998901367188,111.91999816894531,112.38999938964844,111.11000061035156,112.0,32392200
2024-12-12,106.42481231689453,111.81999969482422,112.37999725341797,110.77999877929688,111.58999633789062,14543300
2024-12-13,105.4920883178711,110.83999633789062,111.9000015258789,110.25,111.9000015258789,13106100
2024-12-16,103.2364501953125,108.47000122070312,110.4000015258789,108.16000366210938,110.19999694824219,20256100
2024-12-17,102.79865264892578,108.01000213623047,108.16999816894531,106.79000091552734,107.23999786376953,17554000
2024-12-18,101.28536224365234,106.41999816894531,108.83000183105469,106.30999755859375,107.56999969482422,17114500
2024-12-19,100.41925811767578,105.51000213623047,107.66999816894531,105.20999908447266,107.38999938964844,20565600
2024-12-20,100.76189422607422,105.87000274658203,106.13999938964844,104.83999633789062,105.44999694824219,40141200
2024-12-23,101.17115020751953,106.30000305175781,106.5999984741211,104.91999816894531,105.30999755859375,12285100
2024-12-24,101.26631164550781,106.4000015258789,107.19000244140625,105.69999694824219,106.5199966430664,7807000
2024-12-26,101.35198211669922,106.48999786376953,107.02999877929688,105.94000244140625,106.5199966430664,9652400
2024-12-27,101.34246826171875,106.4800033569336,107.98999786376953,105.7699966430664,106.30000305175781,11943900
2024-12-30,100.6572036743164,105.76000213623047,106.55999755859375,105.51000213623047,106.30000305175781,11080800
2024-12-31,102.37986755371094,107.56999969482422,107.9000015258789,105.77999877929688,106.16999816894531,12387800
2025-01-02,102.1324234008789,107.30999755859375,109.0,106.87999725341797,108.27999877929688,12685400
2025-01-03,102.65587615966797,107.86000061035156,108.48999786376953,107.45999908447266,108.0,14237900
2025-01-06,102.54166412353516,107.73999786376953,109.77999877929688,107.5199966430664,108.23999786376953,15623700
2025-01-07,103.5029296875,108.75,110.05999755859375,108.27999877929688,108.94000244140625,12625900
2025-01-08,101.77075958251953,106.93000030517578,107.70999908447266,106.01000213623047,107.30999755859375,17858100
2025-01-10,101.39956665039062,106.54000091552734,110.0999984741211,105.77999877929688,108.69999694824219,19304500
2025-01-13,104.01688385009766,109.29000091552734,109.62999725341797,107.12999725341797,107.12999725341797,17073400
2025-01-14,104.42613220214844,109.72000122070312,109.76000213623047,107.83000183105469,108.79000091552734,11191200
2025-01-15,106.12977600097656,111.51000213623047,111.7300033569336,109.47000122070312,110.05000305175781,14521100
2025-01-16,105.94893646240234,111.31999969482422,111.69000244140625,110.55000305175781,111.19000244140625,10366600
2025-01-17,106.90068817138672,112.31999969482422,112.87000274658203,110.81999969482422,111.02999877929688,19298500
2025-01-21,106.09171295166016,111.47000122070312,112.18000030517578,111.12999725341797,112.05000305175781,20416300
2025-01-22,104.24530029296875,109.52999877929688,111.56999969482422,109.4000015258789,111.19999694824219,15718000
2025-01-23,104.83538818359375,110.1500015258789,111.13999938964844,109.61000061035156,110.30999755859375,13726800
2025-01-24,103.41728210449219,108.66000366210938,110.70999908447266,108.41000366210938,110.23999786376953,14235900
2025-01-27,104.85442352294922,110.16999816894531,110.44999694824219,108.38999938964844,109.01000213623047,15926700
2025-01-28,102.82720184326172,108.04000091552734,110.87000274658203,107.79000091552734,110.41000366210938,15862000
2025-01-29,103.42679595947266,108.66999816894531,108.77999877929688,107.47000122070312,107.70999908447266,12345500
2025-01-30,104.28337860107422,109.56999969482422,109.8499984741211,108.69999694824219,109.23999786376953,14346300
2025-01-31,101.67558288574219,106.83000183105469,110.55000305175781,106.0999984741211,110.55000305175781,20376500
2025-02-03,101.92302703857422,107.08999633789062,107.30000305175781,105.31999969482422,106.63999938964844,14623200
2025-02-04,104.65455627441406,109.95999908447266,110.27999877929688,106.52999877929688,106.70999908447266,14835700
2025-02-05,104.57842254638672,109.87999725341797,110.01000213623047,109.0999984741211,109.73999786376953,13364400
2025-02-06,103.19837951660156,108.43000030517578,111.05000305175781,107.98999786376953,110.7699966430664,13411400
2025-02-07,103.63618469238281,108.88999938964844,109.7300033569336,108.31999969482422,108.77999877929688,10051600
2025-02-10,105.6158218383789,110.97000122070312,111.02999877929688,109.87999725341797,110.01000213623047,12142200
2025-02-11,106.28205108642578,111.66999816894531,112.51000213623047,110.81999969482422,111.5999984741211,12713100
2025-02-12,103.0843734741211,107.3499984741211,110.2300033569336,107.18000030517578,110.05000305175781,18244100
2025-02-13,103.8333740234375,108.12999725341797,108.41000366210938,106.5199966430664,107.1500015258789,15460000
2025-02-14,103.93901062011719,108.23999786376953,110.2300033569336,108.0999984741211,108.5199966430664,15733500
2025-02-18,105.76351165771484,110.13999938964844,110.98999786376953,108.31999969482422,108.62999725341797,20060300
2025-02-19,105.91715240478516,110.30000305175781,112.12999725341797,110.05999755859375,110.76000213623047,10964700
2025-02-20,107.54959869384766,112.0,112.41999816894531,109.94999694824219,110.56999969482422,16325800
2025-02-21,106.29166412353516,110.69000244140625,111.8499984741211,110.55999755859375,111.31999969482422,14710000
2025-02-24,106.84860229492188,111.2699966430664,111.86000061035156,110.31999969482422,110.93000030517578,13153500
2025-02-25,105.36979675292969,109.7300033569336,112.12999725341797,108.88999938964844,111.30000305175781,14497000
2025-02-26,105.11052703857422,109.45999908447266,109.87000274658203,108.5199966430664,109.73999786376953,10446400
2025-02-27,105.77310943603516,110.1500015258789,111.29000091552734,109.27999877929688,110.01000213623047,15293200
2025-02-28,106.90621948242188,111.33000183105469,111.58000183105469,109.33999633789062,110.11000061035156,18821700
2025-03-03,103.47808837890625,107.76000213623047,112.16000366210938,106.51000213623047,111.69999694824219,18706900
2025-03-04,103.26683044433594,107.54000091552734,108.95999908447266,105.94000244140625,106.36000061035156,19394900
2025-03-05,101.25027465820312,105.44000244140625,106.33000183105469,103.66999816894531,105.83999633789062,24822200
2025-03-06,103.34364318847656,107.62000274658203,108.11000061035156,104.36000061035156,105.43000030517578,17150200
2025-03-07,104.68800354003906,109.0199966430664,110.4000015258789,108.30000305175781,108.41000366210938,19625000
2025-03-10,107.35755157470703,111.80000305175781,112.56999969482422,109.08000183105469,109.27999877929688,22749100
2025-03-11,104.82245635986328,109.16000366210938,112.0999984741211,108.79000091552734,111.91999816894531,19904700
2025-03-12,104.79364776611328,109.12999725341797,110.12999725341797,108.41999816894531,109.05000305175781,14051500
2025-03-13,104.35192108154297,108.66999816894531,110.81999969482422,107.62999725341797,108.33000183105469,17767800
2025-03-14,107.45357513427734,111.9000015258789,112.18000030517578,108.30999755859375,108.94000244140625,15890100
2025-03-17,109.23967742919922,113.76000213623047,114.5,111.7300033569336,111.80000305175781,19908800
2025-03-18,109.12443542480469,113.63999938964844,114.54000091552734,112.56999969482422,114.08999633789062,15998700
2025-03-19,110.82411193847656,115.41000366210938,115.81999969482422,113.83000183105469,114.19999694824219,17315000
2025-03-20,111.29463195800781,115.9000015258789,116.47000122070312,114.20999908447266,114.72000122070312,16230800
2025-03-21,110.9105224609375,115.5,115.98999786376953,114.3499984741211,115.5,41102800
2025-03-24,111.1986083984375,115.80000305175781,116.91000366210938,115.58000183105469,115.68000030517578,14207500
2025-03-25,111.95720672607422,116.58999633789062,117.63999938964844,115.95999908447266,116.43000030517578,12081800
2025-03-26,113.5704574584961,118.2699966430664,119.18000030517578,117.68000030517578,117.68000030517578,14110800
2025-03-27,113.20555877685547,117.88999938964844,119.06999969482422,117.26000213623047,118.0999984741211,12740800
2025-03-28,113.05191802978516,117.7300033569336,118.45999908447266,117.23999786376953,118.0999984741211,10233400
2025-03-31,114.2042236328125,118.93000030517578,119.91000366210938,117.79000091552734,117.79000091552734,21652300
2025-04-01,114.30986785888672,119.04000091552734,119.27999877929688,117.93000030517578,119.22000122070312,12425400
2025-04-02,113.95455169677734,118.66999816894531,118.83999633789062,117.66000366210938,118.38999938964844,12614600
2025-04-03,107.96251678466797,112.43000030517578,115.44999694824219,112.2300033569336,114.37000274658203,21204600
2025-04-04,100.19397735595703,104.33999633789062,110.83000183105469,103.83000183105469,109.87000274658203,30841300
2025-04-07,98.849609375,102.94000244140625,105.80000305175781,98.45999908447266,100.38999938964844,35068500
2025-04-08,96.76583099365234,100.7699966430664,105.5999984741211,99.01000213623047,105.45999908447266,27147800
2025-04-09,101.59596252441406,105.80000305175781,106.58000183105469,98.12999725341797,99.37000274658203,30063300
2025-04-10,95.95921325683594,99.93000030517578,103.77999877929688,97.80000305175781,103.70999908447266,33999300
2025-04-11,99.04166412353516,103.13999938964844,103.93000030517578,98.79000091552734,100.30000305175781,22884600
2025-04-14,99.28173065185547,103.38999938964844,105.08999633789062,102.72000122070312,105.02999877929688,18020000
2025-04-15,99.00324249267578,103.0999984741211,105.41000366210938,103.0,103.63999938964844,13164900
2025-04-16,100.04994201660156,104.19000244140625,105.58999633789062,103.69999694824219,103.94999694824219,13607000
2025-04-17,102.67145538330078,106.91999816894531,108.55000305175781,104.45999908447266,104.69000244140625,17916500
2025-04-21,101.1638412475586,105.3499984741211,105.62999725341797,104.12000274658203,105.61000061035156,16926500
2025-04-22,103.99662780761719,108.30000305175781,108.94000244140625,106.13999938964844,106.13999938964844,13147000
2025-04-23,103.10357666015625,107.37000274658203,109.30000305175781,106.47000122070312,108.80999755859375,14235700
2025-04-24,104.3134994506836,108.62999725341797,108.87999725341797,106.95999908447266,107.97000122070312,9849600
2025-04-25,104.25588989257812,108.56999969482422,108.76000213623047,107.41999816894531,108.13999938964844,11245800
2025-04-28,104.3134994506836,108.62999725341797,109.25,107.68000030517578,108.75,13890900
2025-04-29,104.05425262451172,108.36000061035156,108.83000183105469,107.5199966430664,107.73999786376953,9483100
2025-04-30,101.4327163696289,105.62999725341797,107.41999816894531,104.1500015258789,107.41999816894531,20379300
2025-05-01,101.57675170898438,105.77999877929688,106.91999816894531,104.9800033569336,105.0999984741211,18610300
2025-05-02,101.98966979980469,106.20999908447266,109.0,104.55000305175781,107.72000122070312,16581900
2025-05-05,99.16649627685547,103.2699966430664,104.66000366210938,103.06999969482422,104.6500015258789,19624000
2025-05-06,100.54927062988281,104.70999908447266,105.9800033569336,103.4800033569336,103.88999938964844,16303400
2025-05-07,100.45325469970703,104.61000061035156,105.29000091552734,104.06999969482422,104.98999786376953,12332200
2025-05-08,101.85523986816406,106.06999969482422,107.38999938964844,105.33999633789062,105.33999633789062,19196500
2025-05-09,103.04596710205078,107.30999755859375,107.75,106.37999725341797,107.13999938964844,10992100
2025-05-12,104.82245635986328,109.16000366210938,110.44000244140625,108.31999969482422,110.2699966430664,14244600
2025-05-13,105.11052703857422,109.45999908447266,110.51000213623047,109.0199966430664,109.31999969482422,13350800
2025-05-14,104.16947174072266,108.4800033569336,108.86000061035156,107.93000030517578,108.86000061035156,15494900
2025-05-15,105.22579956054688,108.58000183105469,108.6500015258789,105.97000122070312,106.48999786376953,15004300
2025-05-16,104.84785461425781,108.19000244140625,108.88999938964844,107.44999694824219,108.6500015258789,14042500
2025-05-19,103.18098449707031,106.47000122070312,107.56999969482422,105.72000122070312,107.56999969482422,16802700
2025-05-20,101.70793151855469,104.94999694824219,106.72000122070312,104.77999877929688,106.38999938964844,12429300
2025-05-21,100.4577865600586,103.66000366210938,104.97000122070312,103.63999938964844,104.52999877929688,16716100
2025-05-22,99.78910064697266,102.97000122070312,103.47000122070312,101.88999938964844,103.05999755859375,13417400
2025-05-23,99.84724426269531,103.02999877929688,103.47000122070312,102.06999969482422,102.5999984741211,12061600
2025-05-27,100.32210540771484,103.5199966430664,103.86000061035156,102.9000015258789,103.48999786376953,13043600
2025-05-28,98.95567321777344,102.11000061035156,104.43000030517578,101.79000091552734,104.29000091552734,14292400
2025-05-29,99.51775360107422,102.69000244140625,102.8499984741211,101.75,102.27999877929688,13825300
2025-05-30,99.13980865478516,102.30000305175781,102.38999938964844,101.19000244140625,102.16000366210938,28645800
2025-06-02,99.86663055419922,103.05000305175781,103.8499984741211,102.22000122070312,103.75,17290500
2025-06-03,100.59346771240234,103.80000305175781,104.66000366210938,102.20999908447266,102.9000015258789,19194300
2025-06-04,99.13980865478516,102.30000305175781,104.91999816894531,102.30000305175781,103.91999816894531,15648500
2025-06-05,98.684326171875,101.83000183105469,103.05000305175781,101.7300033569336,102.9800033569336,13924800
2025-06-06,101.04894256591797,104.2699966430664,104.5,102.68000030517578,102.76000213623047,15487800
2025-06-09,101.7273178100586,104.97000122070312,105.8499984741211,103.83000183105469,104.33000183105469,17087300
2025-06-10,103.90782165527344,107.22000122070312,107.6500015258789,105.93000030517578,106.08000183105469,17634800
2025-06-11,105.9332504272461,109.30999755859375,109.38999938964844,106.45999908447266,107.76000213623047,22648200
2025-06-12,106.34027099609375,109.7300033569336,110.19000244140625,108.22000122070312,108.91999816894531,17469400
2025-06-13,108.65644836425781,112.12000274658203,112.52999877929688,110.68000030517578,112.3499984741211,28540200
2025-06-16,109.00532531738281,112.4800033569336,113.16000366210938,111.12999725341797,111.81999969482422,22986100
2025-06-17,110.47836303710938,114.0,114.93000030517578,113.11000061035156,113.94999694824219,19451700
2025-06-18,109.69338989257812,113.19000244140625,115.23999786376953,112.94000244140625,114.61000061035156,17968900
2025-06-20,111.15674591064453,114.69999694824219,115.04000091552734,113.18000030517578,113.44999694824219,36273300
2025-06-23,108.2881851196289,111.73999786376953,116.94999694824219,111.16000366210938,116.69999694824219,26631100
2025-06-24,104.99321746826172,108.33999633789062,110.94000244140625,107.91000366210938,109.25,24828300
2025-06-25,105.02229309082031,108.37000274658203,109.23999786376953,107.69999694824219,108.11000061035156,17483200
2025-06-26,106.59224700927734,109.98999786376953,110.44000244140625,108.55000305175781,108.94000244140625,18304800
2025-06-27,106.00109100341797,109.37999725341797,110.0999984741211,108.37000274658203,109.94000244140625,22002100
2025-06-30,104.46990203857422,107.80000305175781,108.83999633789062,107.72000122070312,108.63999938964844,19199000
2025-07-01,105.86540222167969,109.23999786376953,109.63999938964844,107.1500015258789,108.12999725341797,15536900
2025-07-02,107.6195068359375,111.05000305175781,111.36000061035156,108.83000183105469,110.0,11892200
2025-07-03,108.73396301269531,112.19999694824219,112.47000122070312,110.62000274658203,110.86000061035156,11223600
2025-07-07,107.67764282226562,111.11000061035156,112.05000305175781,110.22000122070312,111.54000091552734,15415900
2025-07-08,110.66249084472656,114.19000244140625,114.45999908447266,110.8499984741211,110.88999938964844,17913400
2025-07-09,110.28456115722656,113.80000305175781,114.2699966430664,113.2699966430664,113.91999816894531,10652100
2025-07-10,111.379638671875,114.93000030517578,115.2699966430664,113.06999969482422,113.70999908447266,14901700
2025-07-11,111.86419677734375,115.43000030517578,115.76000213623047,114.51000213623047,114.8499984741211,11683900
2025-07-14,110.40084075927734,113.91999816894531,115.2300033569336,113.22000122070312,115.2300033569336,13220300
2025-07-15,109.42204284667969,112.91000366210938,114.05999755859375,112.5999984741211,113.66000366210938,10959300
2025-07-16,108.76304626464844,112.2300033569336,113.5,112.0999984741211,112.87999725341797,11158900
2025-07-17,108.21065521240234,111.66000366210938,112.2300033569336,111.08999633789062,111.48999786376953,13151400
2025-07-18,104.4408187866211,107.7699966430664,111.7300033569336,107.33999633789062,111.11000061035156,32366600
2025-07-21,104.71217346191406,108.05000305175781,108.7699966430664,107.44000244140625,107.5999984741211,17010400
2025-07-22,105.1870346069336,108.54000091552734,109.44000244140625,107.61000061035156,107.9800033569336,13970900
2025-07-23,106.53409576416016,109.93000030517578,110.0,108.8499984741211,108.93000030517578,12002700
2025-07-24,107.3675308227539,110.79000091552734,110.94999694824219,109.12999725341797,109.66000366210938,15647200
2025-07-25,106.98957824707031,110.4000015258789,110.9800033569336,109.69999694824219,110.7300033569336,10548900
2025-07-28,107.9974594116211,111.44000244140625,112.11000061035156,110.83999633789062,111.0,12353000
2025-07-29,109.39295959472656,112.87999725341797,113.0,111.41000366210938,111.9000015258789,15928000
2025-07-30,108.44324493408203,111.9000015258789,112.61000061035156,111.26000213623047,112.41000366210938,12996900
2025-07-31,108.19126892089844,111.63999938964844,112.5,110.36000061035156,110.36000061035156,17233700
2025-08-01,106.25305938720703,109.63999938964844,112.54000091552734,108.86000061035156,112.0,19652000
2025-08-04,104.05318450927734,107.37000274658203,109.91999816894531,107.08999633789062,109.22000122070312,19129500
2025-08-05,103.92719268798828,107.23999786376953,107.81999969482422,106.06999969482422,107.22000122070312,21314300
2025-08-06,103.2197494506836,106.51000213623047,109.05000305175781,106.37000274658203,108.30999755859375,15321800
2025-08-07,102.67704772949219,105.94999694824219,108.05999755859375,105.88999938964844,107.13999938964844,13468300
2025-08-08,103.50079345703125,106.80000305175781,107.51000213623047,105.94999694824219,106.5,14417700
2025-08-11,102.56075286865234,105.83000183105469,107.52999877929688,105.52999877929688,107.11000061035156,13570700
2025-08-12,102.85147857666016,106.12999725341797,107.27999877929688,105.77999877929688,106.33999633789062,14109400
2025-08-13,104.27607727050781,107.5999984741211,107.5999984741211,105.73999786376953,106.0,17958700
2025-08-14,104.06287384033203,107.37999725341797,107.58999633789062,106.44000244140625,107.55000305175781,13683500
2025-08-15,104.16068267822266,106.48999786376953,107.55999755859375,105.94999694824219,106.19000244140625,19271900
2025-08-18,104.38565826416016,106.72000122070312,107.2300033569336,105.66999816894531,106.0999984741211,13040000
2025-08-19,105.07034301757812,107.41999816894531,107.45999908447266,106.1500015258789,106.19999694824219,16113600
2025-08-20,106.15605926513672,108.52999877929688,109.33000183105469,107.68000030517578,107.87999725341797,18959700
2025-08-21,106.84075164794922,109.2300033569336,109.56999969482422,107.95999908447266,108.41999816894531,12194900
2025-08-22,108.84590148925781,111.27999877929688,111.41000366210938,109.5999984741211,109.5999984741211,13586700
2025-08-25,109.29583740234375,111.73999786376953,111.91999816894531,110.54000091552734,110.9000015258789,9744900
2025-08-26,109.05130767822266,111.48999786376953,111.80999755859375,110.36000061035156,111.37000274658203,18143900
2025-08-27,110.28376007080078,112.75,112.9800033569336,111.41999816894531,111.41999816894531,15262600
2025-08-28,110.87063598632812,113.3499984741211,113.6500015258789,112.06999969482422,112.87000274658203,14189800
2025-08-29,111.7900619506836,114.29000091552734,114.79000091552734,113.58000183105469,113.72000122070312,14597900
2025-09-02,112.18132019042969,114.69000244140625,115.23999786376953,113.33000183105469,114.18000030517578,15206700
2025-09-03,109.46212768554688,111.91000366210938,114.43000030517578,111.45999908447266,113.97000122070312,14920100
2025-09-04,109.94140625,112.4000015258789,113.12999725341797,111.37999725341797,112.11000061035156,12864400
2025-09-05,106.84075164794922,109.2300033569336,111.77999877929688,109.0199966430664,111.5999984741211,16826700
2025-09-08,107.44718170166016,109.8499984741211,110.05000305175781,108.3499984741211,109.7300033569336,15440500
2025-09-09,108.22969055175781,110.6500015258789,112.51000213623047,110.52999877929688,110.52999877929688,14899500
2025-09-10,110.03923034667969,112.5,112.55999755859375,110.83999633789062,111.16000366210938,15837600
2025-09-11,109.68710327148438,112.13999938964844,112.7699966430664,110.87000274658203,111.4000015258789,11534500
2025-09-12,109.70665740966797,112.16000366210938,113.22000122070312,111.87999725341797,112.86000061035156,11105700
2025-09-15,109.89250183105469,112.3499984741211,112.45999908447266,111.31999969482422,112.18000030517578,12880500
2025-09-16,112.17153930664062,114.68000030517578,115.31999969482422,112.77999877929688,112.95999908447266,17208000
2025-09-17,112.76820373535156,115.29000091552734,115.48999786376953,114.05000305175781,114.52999877929688,13302000
2025-09-18,111.43794250488281,113.93000030517578,115.3499984741211,113.4000015258789,115.16999816894531,14628700
2025-09-19,110.35221862792969,112.81999969482422,113.9800033569336,112.63999938964844,113.9000015258789,38746500
2025-09-22,109.56971740722656,112.0199966430664,112.80000305175781,111.55999755859375,112.44999694824219,15611500
2025-09-23,111.45750427246094,113.94999694824219,114.75,112.4800033569336,112.72000122070312,25369100
2025-09-24,112.05416107177734,114.55999755859375,115.76000213623047,114.47000122070312,114.56999969482422,14756100
2025-09-25,113.06163024902344,115.58999633789062,115.9000015258789,114.41000366210938,114.63999938964844,15012600
2025-09-26,114.65597534179688,117.22000122070312,118.36000061035156,115.91999816894531,115.95999908447266,18568900
2025-09-29,111.72160339355469,114.22000122070312,116.5,113.66999816894531,116.05999755859375,19189300
2025-09-30,110.28376007080078,112.75,113.48999786376953,111.94000244140625,113.3499984741211,18076200
2025-10-01,109.54037475585938,111.98999786376953,113.0199966430664,111.29000091552734,112.55999755859375,16614000
2025-10-02,108.8556900024414,111.29000091552734,113.08999633789062,111.02999877929688,111.97000122070312,13062600
2025-10-03,110.78260040283203,113.26000213623047,113.75,111.9000015258789,111.9000015258789,12950100
2025-10-06,111.70203399658203,114.19999694824219,114.7699966430664,113.18000030517578,113.29000091552734,12036800
2025-10-07,111.76072692871094,114.26000213623047,114.51000213623047,111.73999786376953,114.06999969482422,11945000
2025-10-08,111.52597045898438,114.0199966430664,115.01000213623047,113.41000366210938,114.37999725341797,12301000
2025-10-09,110.44026184082031,112.91000366210938,115.51000213623047,112.73999786376953,114.43000030517578,10976200
2025-10-10,108.30793762207031,110.7300033569336,112.62000274658203,110.70999908447266,112.26000213623047,13811600
2025-10-13,109.78490447998047,112.23999786376953,112.30000305175781,111.31999969482422,111.54000091552734,10296500
2025-10-14,109.83380889892578,112.29000091552734,112.95999908447266,110.70999908447266,110.76000213623047,11167200
2025-10-15,109.16868591308594,111.61000061035156,113.56999969482422,110.97000122070312,112.80000305175781,12182900
2025-10-16,108.21990966796875,110.63999938964844,112.19000244140625,110.38999938964844,111.87999725341797,11782200
2025-10-17,109.78490447998047,112.23999786376953,112.91000366210938,111.18000030517578,111.62999725341797,13460100
2025-10-20,110.2348403930664,112.69999694824219,113.1500015258789,111.9800033569336,112.0,9523600
2025-10-21,110.24462890625,112.70999908447266,113.36000061035156,111.98999786376953,112.88999938964844,9202300
2025-10-22,112.20088195800781,114.70999908447266,115.18000030517578,113.08000183105469,113.44999694824219,12938800
2025-10-23,113.44310760498047,115.9800033569336,116.8499984741211,115.36000061035156,116.62999725341797,15001100
2025-10-24,112.86600494384766,115.38999938964844,116.47000122070312,115.18000030517578,116.3499984741211,9919400
2025-10-27,113.40397644042969,115.94000244140625,115.98999786376953,115.0999984741211,115.69999694824219,10975400
2025-10-28,112.51387786865234,115.02999877929688,116.18000030517578,114.98999786376953,115.48999786376953,9535200
2025-10-29,113.9028091430664,116.44999694824219,117.05000305175781,114.80999755859375,114.91999816894531,12570600
2025-10-30,112.18132019042969,114.69000244140625,116.5199966430664,114.52999877929688,116.43000030517578,16172900
2025-10-31,111.85853576660156,114.36000061035156,115.2300033569336,112.62000274658203,113.9800033569336,20213400
2025-11-03,111.27166748046875,113.76000213623047,114.98999786376953,113.63999938964844,114.5,12290300
2025-11-04,111.64334869384766,114.13999938964844,114.3499984741211,112.51000213623047,113.37999725341797,16860700
2025-11-05,111.19342041015625,113.68000030517578,115.18000030517578,113.66999816894531,114.08999633789062,12400900
2025-11-06,111.9954833984375,114.5,114.94000244140625,113.63999938964844,113.63999938964844,14219700
2025-11-07,114.65597534179688,117.22000122070312,117.51000213623047,114.9000015258789,115.20999908447266,17181100
2025-11-10,115.63410949707031,118.22000122070312,118.44999694824219,115.45999908447266,117.44000244140625,13048000
2025-11-11,117.15998077392578,119.77999877929688,120.80999755859375,118.83000183105469,118.83000183105469,16077100
2025-11-12,115.53629302978516,118.12000274658203,119.27999877929688,117.79000091552734,119.0999984741211,13790900
2025-11-13,116.19164276123047,118.79000091552734,119.76000213623047,118.27999877929688,118.62999725341797,17291900
2025-11-14,117.70126342773438,119.29000091552734,119.4800033569336,116.66000366210938,118.44999694824219,17064300
2025-11-17,116.11270141601562,117.68000030517578,119.5,117.11000061035156,118.97000122070312,16034900
2025-11-18,117.44471740722656,119.02999877929688,119.4800033569336,116.4800033569336,117.26000213623047,15808500
2025-11-19,115.78709411621094,117.3499984741211,118.18000030517578,115.93000030517578,116.8499984741211,15919200
2025-11-20,115.46148681640625,117.0199966430664,119.01000213623047,116.73999786376953,117.9800033569336,14401000
2025-11-21,115.52069091796875,117.08000183105469,117.37999725341797,115.6500015258789,116.98999786376953,15667600
2025-11-24,114.42547607421875,115.97000122070312,117.19999694824219,114.73999786376953,117.19999694824219,18034900
2025-11-25,112.98491668701172,114.51000213623047,115.9000015258789,114.19000244140625,115.18000030517578,14434600
2025-11-26,113.241455078125,114.7699966430664,115.73999786376953,114.30999755859375,114.41000366210938,11650600
2025-11-28,114.37613677978516,115.91999816894531,118.73999786376953,114.81999969482422,114.94999694824219,7240800
2025-12-01,115.0766830444336,116.62999725341797,117.41000366210938,116.0999984741211,116.0999984741211,12658100
2025-12-02,113.84333038330078,115.37999725341797,116.5999984741211,114.69000244140625,116.44000244140625,14607700
2025-12-03,116.2311019897461,117.80000305175781,117.9800033569336,115.87999725341797,115.94999694824219,16819100
2025-12-04,115.57988739013672,117.13999938964844,118.33999633789062,116.66000366210938,117.5,13686900
2025-12-05,114.9878921508789,116.54000091552734,118.77999877929688,116.41000366210938,116.75,12516900
2025-12-08,114.43534088134766,115.9800033569336,117.0,115.04000091552734,115.83000183105469,14904200
2025-12-09,116.67510986328125,118.25,120.47000122070312,116.88999938964844,116.9000015258789,23790800
2025-12-10,117.94792938232422,119.54000091552734,119.87000274658203,118.37000274658203,118.7300033569336,19845200
2025-12-11,117.94792938232422,119.54000091552734,120.36000061035156,119.06999969482422,119.11000061035156,14781800
2025-12-12,117.23751831054688,118.81999969482422,119.91999816894531,118.30999755859375,119.44000244140625,14459500
2025-12-15,116.19164276123047,117.76000213623047,119.02999877929688,116.8499984741211,119.01000213623047,16358700
2025-12-16,113.15265655517578,114.68000030517578,116.83999633789062,114.61000061035156,116.7699966430664,17638700
2025-12-17,115.84630584716797,117.41000366210938,117.62000274658203,115.16999816894531,115.20999908447266,18502200
2025-12-18,114.9878921508789,116.54000091552734,116.98999786376953,115.62999725341797,116.98999786376953,13705600
2025-12-19,115.1358871459961,116.69000244140625,117.56999969482422,115.95999908447266,116.75,45412800
2025-12-22,116.57644653320312,118.1500015258789,118.45999908447266,117.33999633789062,117.33999633789062,11768600
2025-12-23,117.82952880859375,119.41999816894531,120.02999877929688,118.31999969482422,118.47000122070312,12567600
2025-12-24,117.63218688964844,119.22000122070312,120.05000305175781,119.12000274658203,119.33000183105469,6137400
2025-12-26,117.5236587524414,119.11000061035156,119.55000305175781,118.52999877929688,118.88999938964844,8066100
2025-12-29,118.92474365234375,120.52999877929688,121.30000305175781,119.4000015258789,120.1500015258789,14782500
2025-12-30,119.37861633300781,120.98999786376953,121.80000305175781,120.62999725341797,121.0999984741211,11150500
2025-12-31,118.73727416992188,120.33999633789062,121.26000213623047,119.87000274658203,121.18000030517578,10559900
2026-01-02,121.01651763916016,122.6500015258789,122.68000030517578,119.61000061035156,120.08999633789062,14175100
2026-01-05,123.69042205810547,125.36000061035156,125.93000030517578,122.38999938964844,125.20999908447266,30112200
2026-01-06,119.43782043457031,121.05000305175781,125.80000305175781,121.0,125.3499984741211,23328600
2026-01-07,116.91191101074219,118.48999786376953,120.12000274658203,118.2699966430664,119.80000305175781,20353000
2026-01-08,121.27305603027344,122.91000366210938,123.62999725341797,118.66000366210938,118.9800033569336,20232700
2026-01-09,122.95040893554688,124.61000061035156,124.86000061035156,123.0999984741211,123.2300033569336,16137700
2026-01-12,122.37812805175781,124.02999877929688,124.5,122.55999755859375,124.45999908447266,15314900
2026-01-13,124.85469818115234,126.54000091552734,127.13999938964844,124.80999755859375,125.0,21619700
2026-01-14,128.4659423828125,130.1999969482422,131.72000122070312,127.12999725341797,127.3499984741211,27593900
2026-01-15,127.41020965576172,129.1300048828125,130.1999969482422,128.3000030517578,129.1300048828125,17400000
2026-01-16,128.1600799560547,129.88999938964844,130.16000366210938,128.8699951171875,128.91000366210938,16592400
2026-01-20,128.72250366210938,130.4600067138672,131.94000244140625,130.07000732421875,131.50999450683594,16477300
2026-01-21,131.83055114746094,133.61000061035156,133.72999572753906,131.91000366210938,131.91000366210938,18879900
2026-01-22,131.8601531982422,133.63999938964844,134.17999267578125,131.85000610351562,133.0500030517578,16600100
2026-01-23,133.17242431640625,134.97000122070312,135.97999572753906,134.47999572753906,135.08999633789062,17758200
2026-01-26,133.0441436767578,134.83999633789062,136.94000244140625,134.1699981689453,136.92999267578125,16056100
2026-01-27,135.00765991210938,136.8300018310547,136.92999267578125,134.7100067138672,135.25,14517000
2026-01-28,135.74766540527344,137.5800018310547,138.00999450683594,136.6699981689453,137.69000244140625,15637300
2026-01-29,138.63864135742188,140.50999450683594,142.33999633789062,139.11000061035156,140.32000732421875,35760600
2026-01-30,139.51678466796875,141.39999389648438,142.2100067138672,137.8300018310547,138.74000549316406,29657700
2026-02-02,136.55674743652344,138.39999389648438,140.32000732421875,138.05999755859375,139.8300018310547,27735600
2026-02-03,141.81576538085938,143.72999572753906,145.00999450683594,138.30999755859375,138.63999938964844,37577800
2026-02-04,145.6243438720703,147.58999633789062,147.83999633789062,144.1199951171875,144.1199951171875,29426200
2026-02-05,144.13446044921875,146.0800018310547,146.72999572753906,143.8000030517578,146.5800018310547,18431700
2026-02-06,147.06491088867188,149.0500030517578,149.57000732421875,146.08999633789062,146.6199951171875,17216000
2026-02-09,149.19615173339844,151.2100067138672,151.5500030517578,148.6300048828125,149.25999450683594,21297300
2026-02-10,149.57107543945312,151.58999633789062,151.77999877929688,149.82000732421875,151.35000610351562,15800300
2026-02-11,153.4882049560547,155.55999755859375,156.92999267578125,153.57000732421875,153.97000122070312,23091500
2026-02-12,148.91920471191406,149.92999267578125,155.25,149.8800048828125,153.88999938964844,30652500
2026-02-13,147.44918823242188,148.4499969482422,151.66000366210938,147.97999572753906,150.5500030517578,20166000
2026-02-17,145.20443725585938,146.19000244140625,149.1300048828125,145.14999389648438,148.1999969482422,19766600
2026-02-18,149.66415405273438,150.67999267578125,150.97999572753906,147.61000061035156,148.14999389648438,19849700
2026-02-19,149.95220947265625,150.97000122070312,153.3800048828125,150.83999633789062,152.1999969482422,20305000
2026-02-20,146.28707885742188,147.27999877929688,150.80999755859375,146.4600067138672,150.49000549316406,25908600
2026-02-23,149.74362182617188,150.75999450683594,151.27000427246094,148.1300048828125,148.14999389648438,16073100
2026-02-24,148.25372314453125,149.25999450683594,150.72000122070312,148.02999877929688,150.4199981689453,14185500
2026-02-25,148.05508422851562,149.05999755859375,150.17999267578125,147.3300018310547,149.91000366210938,15225700
2026-02-26,147.53857421875,148.5399932861328,150.9600067138672,146.77000427246094,147.80999755859375,15632100
2026-02-27,151.47189331054688,152.5,153.64999389648438,149.25,151.0,30275100
2026-03-02,153.1802978515625,154.22000122070312,159.61000061035156,153.02999877929688,159.35000610351562,31493100
2026-03-03,150.80641174316406,151.8300018310547,156.0500030517578,150.3000030517578,155.42999267578125,25198900
2026-03-04,148.80996704101562,149.82000732421875,151.16000366210938,147.86000061035156,150.72000122070312,16764800
2026-03-05,149.74362182617188,150.75999450683594,152.3300018310547,149.47000122070312,151.0,22969300
2026-03-06,150.1905975341797,151.2100067138672,153.8000030517578,149.9600067138672,153.14999389648438,21136400
2026-03-09,149.42578125,150.44000244140625,153.88999938964844,149.47000122070312,152.02000427246094,25532700
2026-03-10,147.13136291503906,148.1300048828125,150.39999389648438,147.6999969482422,149.25,19617600
2026-03-11,150.55809020996094,151.5800018310547,151.80999755859375,147.66000366210938,147.99000549316406,15297400
2026-03-12,152.4949493408203,153.52999877929688,155.0,151.6300048828125,152.27000427246094,26054000
2026-03-13,155.06747436523438,156.1199951171875,156.88999938964844,152.97999572753906,154.3000030517578,22414100
2026-03-16,156.1699981689453,157.22999572753906,157.77999877929688,154.75999450683594,156.0,22835600
2026-03-17,157.73934936523438,158.80999755859375,160.4499969482422,156.8000030517578,158.25,21592200
2026-03-18,156.52757263183594,157.58999633789062,160.17999267578125,157.52999877929688,159.66000366210938,18947100
2026-03-19,157.09373474121094,158.16000366210938,159.55999755859375,154.83999633789062,158.25999450683594,27082700
2026-03-20,158.5935516357422,159.6699981689453,162.44000244140625,159.10000610351562,159.35000610351562,53942100
2026-03-23,160.04371643066406,161.1300048828125,161.4199981689453,155.02000427246094,156.1199951171875,25021300
2026-03-24,164.2650604248047,165.3800048828125,167.47999572753906,161.25,161.7100067138672,26131800
2026-03-25,162.1593475341797,163.25999450683594,165.0,162.92999267578125,163.8699951171875,17192300
2026-03-26,164.31471252441406,165.42999267578125,165.67999267578125,162.05999755859375,164.08999633789062,18625200
2026-03-27,169.8372344970703,170.99000549316406,171.22999572753906,164.8000030517578,165.5800018310547,30338300
2026-03-30,170.31399536132812,171.47000122070312,176.41000366210938,171.0500030517578,172.50999450683594,29813500
2026-03-31,168.51620483398438,169.66000366210938,174.3800048828125,165.97000122070312,172.6699981689453,32006700
2026-04-01,159.69607543945312,160.77999877929688,168.0,159.52999877929688,165.77000427246094,37927600
2026-04-02,159.60667419433594,160.69000244140625,166.89999389648438,159.58999633789062,164.49000549316406,25377700
2026-04-06,162.2686004638672,163.3699951171875,163.75,159.52999877929688,160.57000732421875,16344300
2026-04-07,162.8049774169922,163.91000366210938,166.24000549316406,161.77000427246094,164.22000122070312,25227500
2026-04-08,155.16680908203125,156.22000122070312,156.35000610351562,150.97999572753906,153.52000427246094,31311200
2026-04-09,153.99476623535156,155.0399932861328,159.22999572753906,154.30999755859375,156.86000061035156,25868400
2026-04-10,151.4818115234375,152.50999450683594,155.1199951171875,151.9199981689453,154.0399932861328,21065000
2026-04-13,151.61094665527344,152.63999938964844,154.6199951171875,151.27999877929688,154.27000427246094,18685600
2026-04-14,148.23387145996094,149.24000549316406,150.11000061035156,146.72000122070312,150.07000732421875,18528200
2026-04-15,148.0054168701172,149.00999450683594,150.22999572753906,146.89999389648438,148.60000610351562,15626500
2026-04-16,150.9553985595703,151.97999572753906,152.77999877929688,149.35000610351562,149.52999877929688,15191000
2026-04-17,145.45274353027344,146.44000244140625,146.8000030517578,141.97000122070312,144.86000061035156,28947400
2026-04-20,146.6843719482422,147.67999267578125,149.3699951171875,146.35000610351562,147.3800048828125,16354400
2026-04-21,147.35980224609375,148.36000061035156,148.80999755859375,146.24000549316406,147.3699951171875,17515900
2026-04-22,148.4921112060547,149.5,150.67999267578125,148.17999267578125,149.3699951171875,13738700
2026-04-23,149.51516723632812,150.52999877929688,151.22999572753906,148.5,149.85000610351562,12970400
2026-04-24,147.90609741210938,148.91000366210938,150.3000030517578,146.9499969482422,149.63999938964844,13735900
2026-04-27,147.19094848632812,148.19000244140625,151.17999267578125,147.97000122070312,149.16000366210938,13940800
2026-04-28,149.5449676513672,150.55999755859375,152.30999755859375,149.8300018310547,151.52999877929688,15173600
2026-04-29,153.62725830078125,154.6699981689453,154.9499969482422,151.00999450683594,152.02000427246094,14669100
2026-04-30,153.28955078125,154.3300018310547,155.69000244140625,151.33999633789062,152.42999267578125,22885900
2026-05-01,151.72019958496094,152.75,155.00999450683594,151.1300048828125,152.61000061035156,15458200
2026-05-04,152.65386962890625,153.69000244140625,154.47000122070312,149.52000427246094,152.6699981689453,14238500
2026-05-05,153.83584594726562,154.8800048828125,155.2899932861328,152.41000366210938,153.10000610351562,12494600
2026-05-06,147.6875762939453,148.69000244140625,150.3300018310547,147.08999633789062,149.07000732421875,20527000
2026-05-07,145.591796875,146.5800018310547,147.0800018310547,144.19000244140625,146.8000030517578,22509400
2026-05-08,143.59535217285156,144.57000732421875,146.5,143.9199981689453,145.85000610351562,19550100
2026-05-11,148.6708984375,149.67999267578125,149.72000122070312,146.0,146.02000427246094,14849500
2026-05-12,149.614501953125,150.6300048828125,151.80999755859375,149.77000427246094,151.25,16443100
2026-05-13,150.5481719970703,151.57000732421875,151.7899932861328,149.67999267578125,150.05999755859375,15772800
2026-05-14,151.75,152.77999877929688,153.1199951171875,151.25999450683594,151.89999389648438,11331500
2026-05-15,157.9199981689453,157.9199981689453,158.0,153.0,153.75,27882400
2026-05-18,160.49000549316406,160.49000549316406,161.72999572753906,155.22999572753906,157.32000732421875,20065200
2026-05-19,162.5500030517578,162.5500030517578,163.32000732421875,159.63999938964844,161.5,20715600
2026-05-20,156.27999877929688,156.27999877929688,163.67999267578125,156.27000427246094,161.61000061035156,18509700
2026-05-21,155.2899932861328,155.2899932861328,159.38999938964844,153.4600067138672,158.4199981689453,17061700
2026-05-22,154.9199981689453,154.9199981689453,155.5500030517578,153.1699981689453,154.02999877929688,12948500
2026-05-26,149.80999755859375,149.80999755859375,154.5500030517578,149.47000122070312,153.5,13057800
2026-05-27,147.89999389648438,147.89999389648438,148.69000244140625,145.75,147.22999572753906,16241100
2026-05-28,146.9600067138672,146.9600067138672,150.2100067138672,146.8699951171875,149.33999633789062,14012500
2026-05-29,145.25999450683594,145.25999450683594,146.92999267578125,144.7100067138672,146.19000244140625,27959900
2026-06-01,149.3800048828125,149.3800048828125,149.64999389648438,147.0,147.02000427246094,16732100
2026-06-02,149.55999755859375,149.55999755859375,150.8300018310547,148.5,149.02999877929688,10462400
2026-06-03,152.52999877929688,152.52999877929688,154.91000366210938,150.02000427246094,150.61000061035156,14373000
2026-06-04,152.0399932861328,152.0399932861328,153.42999267578125,150.94000244140625,152.0500030517578,11799400
2026-06-05,149.9199981689453,149.9199981689453,152.1300048828125,149.3000030517578,152.00999450683594,16584000
2026-06-08,151.75,151.75,153.80999755859375,150.89999389648438,151.16000366210938,13870900
2026-06-09,148.91000366210938,148.91000366210938,151.1300048828125,147.77999877929688,150.91000366210938,18163500
2026-06-10,150.6199951171875,150.6199951171875,152.49000549316406,149.55999755859375,151.22999572753906,14596500
2026-06-11,146.60000610351562,146.60000610351562,152.49000549316406,146.4199981689453,152.3000030517578,17285800
2026-06-12,147.00999450683594,147.00999450683594,148.91000366210938,145.14999389648438,145.6300048828125,17713100
2026-06-15,140.9199981689453,140.9199981689453,141.97999572753906,137.72000122070312,139.74000549316406,23631400
2026-06-16,141.86000061035156,141.86000061035156,142.14999389648438,139.97999572753906,140.19000244140625,18925400
2026-06-17,140.74000549316406,140.74000549316406,142.33999633789062,140.32000732421875,141.22000122070312,16663200
2026-06-18,137.80999755859375,137.80999755859375,138.4600067138672,135.85000610351562,138.32000732421875,48063400
2026-06-22,138.47000122070312,138.47000122070312,139.0,137.02000427246094,138.5399932861328,15783300
2026-06-23,139.72999572753906,139.72999572753906,140.38999938964844,138.5,139.4600067138672,13699400
2026-06-24,136.89999389648438,136.89999389648438,137.63999938964844,135.58999633789062,137.1199951171875,16212900
2026-06-25,137.5500030517578,137.5500030517578,138.07000732421875,134.9499969482422,135.63999938964844,13288800
2026-06-26,136.5399932861328,136.5399932861328,137.5800018310547,135.9199981689453,136.97000122070312,22684200
2026-06-29,136.05999755859375,136.05999755859375,137.38999938964844,135.38999938964844,136.5800018310547,11972700
2026-06-30,136.72000122070312,136.72000122070312,137.3000030517578,135.3300018310547,136.47999572753906,28784000
2026-07-01,136.27999877929688,136.27999877929688,137.49000549316406,135.6300048828125,136.52999877929688,12433400
2026-07-02,137.08999633789062,137.08999633789062,139.13999938964844,136.3300018310547,137.14999389648438,13703300
2026-07-06,136.44000244140625,136.44000244140625,137.3699951171875,136.00999450683594,136.5500030517578,13915100
2026-07-07,141.69000244140625,141.69000244140625,141.74000549316406,138.1300048828125,138.55999755859375,14667800
2026-07-08,141.1300048828125,141.1300048828125,143.99000549316406,139.80999755859375,143.44000244140625,18291400
2026-07-09,137.4600067138672,137.4600067138672,140.0500030517578,137.1199951171875,139.66000366210938,14110200
2026-07-10,138.8800048828125,138.8800048828125,138.97000122070312,137.13999938964844,137.89999389648438,9753500
2026-07-13,144.50999450683594,144.50999450683594,145.22999572753906,140.49000549316406,140.9199981689453,18724300
2026-07-14,145.08999633789062,145.08999633789062,146.0,143.88999938964844,145.50999450683594,16096400
2026-07-15,144.50999450683594,144.50999450683594,145.08999633789062,142.02999877929688,145.08999633789062,13444500
2026-07-16,145.9499969482422,145.9499969482422,146.8699951171875,144.5500030517578,145.27999877929688,13518000
2026-07-17,147.36000061035156,147.36000061035156,150.0,147.1699981689453,149.02999877929688,19031400
2026-07-20,148.36000061035156,148.36000061035156,149.08999633789062,146.22999572753906,146.5,12149200
2026-07-21,151.7100067138672,151.7100067138672,151.75999450683594,148.47999572753906,149.00999450683594,13145300
2026-07-22,154.4499969482422,154.4499969482422,154.8000030517578,152.9499969482422,153.86000061035156,13788700
2026-07-23,156.88999938964844,156.88999938964844,158.57000732421875,156.05999755859375,156.60000610351562,15822800
2026-07-24,156.94000244140625,156.94000244140625,158.7100067138672,155.67999267578125,156.99000549316406,12080500
